review_id,transaction_id,customer_id,product_id,product_name,rating,review_text,review_date
R000001,T002453,C00481,P014,Active Mat 14,1,It broke immediately customer service was useless too packaging was a bit much,2025-09-04
R000002,T006151,C00083,P020,Essential Bag 20,4,HAPPY WITH IT. DELIVERY WAS QUICK TOO,2025-12-12
R000003,T000737,C00263,P004,Essential Bag 04,2,Arrived late and the packaging was a mess,2025-06-10
R000004,T001160,C00491,P021,Bright Organizer 21,4,"good product, instructions could be clearer delivery took forever",2025-07-15
R000005,T005141,C00742,P012,Essential Bag 12,1,looks cheap feels cheap and it doesnt even work looked different in the photos,2025-11-15
R000006,T000167,C00631,P002,Pure Band 02,4,"love the design, one small issue with the packaging",2025-07-06
R000007,T005030,C00973,P027,Urban Bottle 27,4,Love the design one small issue with the packaging,2025-10-09
R000008,T001430,C00127,P026,Pure Band 26,2,Had to return it. Shame becuase the idea was good,2025-03-29
R000009,T006385,C00442,P003,Urban Bottle 03,4,"Good product, instructions could be clearer looked different in the photos",2025-12-22
R000010,T001266,C00028,P019,Urban Bottle 19,5,Genuinely life changing for my morning routine,2025-03-22
R000011,T002201,C00979,P023,Calm Cream 23,5,My new favorite thing in the house packaging was a bit much,2025-10-04
R000012,T000258,C00547,P006,Active Mat 06,3,"average product, average price, average experience saw it on instagram first",2025-07-11
R000013,T005308,C00781,P011,Urban Bottle 11,4,"Good value, gets used every day...",2025-11-18
R000014,T002754,C00068,P009,Daily Lamp 09,2,Not great. I expected more for the price.,2025-09-19
R000015,T005886,C00011,P026,Pure Band 26,5,My new favorite thing in the house,2025-11-25
R000016,T004467,C00572,P030,Active Mat 30,4,Solid little product would recommend looked different in the photos,2025-12-21
R000017,T000412,C00611,P017,Daily Lamp 17,5,My new favorite thing in the house,2025-06-15
R000018,T004015,C00691,P021,Bright Organizer 21,4,Bought one for my sister too,2025-11-29
R000019,T002878,C00443,P026,Pure Band 26,4,Better than the one I replaced,2025-06-17
R000020,T002467,C00399,P025,Daily Lamp 25,3,I have mixed feelings about this one,2025-07-11
R000021,T000799,C00291,P024,Modern Serum 24,4,nice quality. took a star off for the price,2025-06-30
R000022,T005158,C00446,P024,Modern Serum 24,2,was expecting better. sadly no bought it during the sale,2025-10-17
R000023,T003652,C00616,P008,Modern Serum 08,1,I regret buying this every single day,2025-07-24
R000024,T000967,C00649,P028,Essential Bag 28,3,Works like it should but doesnt wow me,2025-03-04
R000025,T001263,C00776,P002,Pure Band 02,5,My new favorite thing in the house,2025-08-16
R000026,T002437,C00118,P002,Pure Band 02,4,"good product, instructions could be clearer customer support got back to me fast",2025-10-05
R000027,T004430,C00850,P007,Calm Cream 07,3,Some things are good and some are just odd looked different in the photos,2025-09-30
R000028,T005373,C00634,P003,Urban Bottle 03,4,Looks great and works well so far,2025-10-31
R000029,T002740,C00051,P026,Pure Band 26,3,It does the job. Nothing special.,2025-10-18
R000030,T001721,C00701,P001,Daily Lamp 01,4,Pretty impressed tbh,2025-06-20
R000031,T001057,C00190,P027,Urban Bottle 27,3,LOOKS NICE BUT THE QUALITY FEELS PRETTY BASIC,2025-04-10
R000032,T004696,C00929,P013,Bright Organizer 13,3,COULD BE BETTER BUT COULD BE WORSE,2025-11-08
R000033,T005912,C00362,P013,Bright Organizer 13,4,"Good value, gets used every day",2025-12-02
R000034,T005983,C00759,P017,Daily Lamp 17,4,Better than the one I replaced delivery took forever,2025-12-19
R000035,T002236,C00392,P010,Pure Band 10,1,The smell is HORRIBLE and it did nothing,2025-05-21
R000036,T001814,C00841,P002,Pure Band 02,5,"Best purchase ive made in months, hands down",2025-04-12
R000037,T003781,C00785,P015,Calm Cream 15,3,"Fine i guess, a few annoying bits packaging was a bit much",2025-08-02
R000038,T002601,C00779,P030,Active Mat 30,4,Pretty impressed tbh...,2025-05-20
R000039,T000621,C00627,P010,Pure Band 10,3,"i use it, just dont love it saw it on instagram first",2025-04-15
R000040,T002817,C00113,P024,Modern Serum 24,4,Better than the one I replaced,2025-09-30
R000041,T003899,C00365,P020,Essential Bag 20,1,Not as described at all. seriously disappointing,2025-07-31
R000042,T002461,C00223,P027,Urban Bottle 27,5,Absolutely obsessed with this. Best purchase this year!!! bought it during the sale,2025-09-03
R000043,T000240,C00209,P002,Pure Band 02,4,Nice quality. took a star off for the price,2025-01-14
R000044,T002757,C00270,P022,Active Mat 22,2,not worth the hassle,2025-08-21
R000045,T002489,C00948,P012,Essential Bag 12,3,Looks nice but the quality feels pretty basic,2025-10-28
R000046,T006286,C00058,P005,Bright Organizer 05,5,"Best purchase ive made in months, hands down",2025-12-16
R000047,T000966,C00289,P009,Daily Lamp 09,4,Looks great and works well so far looked different in the photos,2025-07-05
R000048,T004397,C00541,P018,Pure Band 18,3,Decent once you figure out how it works,2025-12-21
R000049,T001192,C00313,P026,Pure Band 26,5,My new favorite thing in the house,2025-03-07
R000050,T004820,C00033,P026,Pure Band 26,4,Happy with it. delivery was quick too,2025-10-06
R000051,T005875,C00770,P016,Modern Serum 16,3,"I use it, just dont love it",2025-11-14
R000052,T000882,C00466,P024,Modern Serum 24,3,Not bad! Not great either bought it during the sale??,2025-06-04
R000053,T004332,C00020,P008,Modern Serum 08,4,Solid little product would recommend,2025-09-21
R000054,T002577,C00739,P027,Urban Bottle 27,5,Obsessed. obsessed. obsessed. delivery took forever,2025-09-20
R000055,T005422,C00179,P001,Daily Lamp 01,3,I have mixed feelings about this one,2025-12-19
R000056,T004668,C00897,P013,Bright Organizer 13,5,Obsessed. obsessed. obsessed.,2025-11-13
R000057,T002561,C00530,P001,Daily Lamp 01,4,Looks great and works well so far bought it during the sale!!,2025-07-10
R000058,T006219,C00428,P011,Urban Bottle 11,3,Okay for now. Lets see how long it lasts saw it on instagram first,2025-12-30
R000059,T005419,C00747,P019,Urban Bottle 19,2,meh feels flimsy,2025-12-06
R000060,T003622,C00520,P001,Daily Lamp 01,4,Easy to use and feels pretty sturdy,2025-07-18
R000061,T004641,C00143,P025,Daily Lamp 25,1,Worst thing ive bought in ages honestly furious,2025-12-22
R000062,T002377,C00988,P001,Daily Lamp 01,5,Perfect in every way. no notes customer support got back to me fast,2025-09-30
R000063,T004171,C00146,P022,Active Mat 22,5,Love love love it. works like a dream,2025-10-23
R000064,T005452,C00995,P024,Modern Serum 24,5,Obsessed obsessed obsessed,2025-12-21
R000065,T001225,C00908,P028,Essential Bag 28,3,"i use it, just dont love it",2025-05-28
R000066,T005389,C00549,P015,Calm Cream 15,1,"Worst thing ive bought in ages, honestly furious my friend has one too",2025-11-26
R000067,T005549,C00507,P015,Calm Cream 15,5,Love love love it works like a dream shipping was quick,2025-12-17
R000068,T000596,C00475,P011,Urban Bottle 11,5,10/10 would buy again and again,2025-03-07
R000069,T002380,C00401,P025,Daily Lamp 25,2,"it works sometimes, which is not really good enough",2025-10-26
R000070,T001591,C00232,P024,Modern Serum 24,5,This deserves more than five stars saw it on instagram first,2025-06-28
R000071,T004404,C00182,P007,Calm Cream 07,3,It does the job. Nothing special.,2025-11-12
R000072,T005460,C00377,P029,Bright Organizer 29,4,Pretty impressed tbh,2025-11-19
R000073,T003418,C00996,P017,Daily Lamp 17,5,Obsessed obsessed obsessed,2025-11-15
R000074,T002921,C00714,P002,Pure Band 02,5,I LOVE IT. already ordered another one,2025-07-10
R000075,T006125,C00243,P024,Modern Serum 24,3,Works like it should but doesnt wow me,2025-12-25
R000076,T004167,C00093,P026,Pure Band 26,3,I have mixed feelings about this one,2025-11-14
R000077,T005794,C00056,P017,Daily Lamp 17,5,I use it constantly and it still looks brand new,2025-11-19
R000078,T000411,C00416,P002,Pure Band 02,2,was expecting better. sadly no bought it during the sale,2025-02-04
R000079,T005473,C00686,P007,Calm Cream 07,1,broke the first time i used it lol,2025-11-12
R000080,T004748,C00536,P010,Pure Band 10,5,"Best purchase ive made in months, hands down saw it on instagram first",2025-12-10
R000081,T006158,C00152,P014,Active Mat 14,3,Some things are good and some are just odd,2025-12-16
R000082,T000087,C00213,P029,Bright Organizer 29,2,Was expecting better. sadly no packaging was a bit much!!,2025-03-14
R000083,T005277,C00662,P020,Essential Bag 20,3,Looks nice but the quality feels pretty basic,2025-12-03
R000084,T005659,C00803,P024,Modern Serum 24,5,I use it constantly and it still looks brand new,2025-11-08
R000085,T001881,C00837,P009,Daily Lamp 09,4,works perfectly for what i needed,2025-07-29
R000086,T003193,C00866,P017,Daily Lamp 17,5,Absolutely obsessed with this. Best purchase this year!!!,2025-08-01
R000087,T006390,C00771,P001,Daily Lamp 01,1,I regret buying this every single day,2025-12-18
R000088,T002349,C00367,P029,Bright Organizer 29,1,Not as described at all. seriously disappointing,2025-10-05
R000089,T001318,C00306,P025,Daily Lamp 25,3,it does the job. nothing special.,2025-08-20
R000090,T001854,C00206,P025,Daily Lamp 25,5,Finally something that actually works bought it during the sale,2025-06-21
R000091,T000688,C00470,P027,Urban Bottle 27,3,Looks nice but the quality feels pretty basic customer support got back to me fast,2025-04-23
R000092,T004671,C00420,P020,Essential Bag 20,2,Arrived late and the packaging was a mess,2025-09-26
R000093,T005094,C00788,P010,Pure Band 10,4,Bought one for my sister too,2025-11-13
R000094,T001216,C00094,P028,Essential Bag 28,5,EXCEEDED EVERY EXPECTATION BY A MILE MY FRIEND HAS ONE TOO,2025-07-08
R000095,T001668,C00776,P019,Urban Bottle 19,5,My new favorite thing in the house,2025-05-13
R000096,T000023,C00386,P001,Daily Lamp 01,1,Do NOT waste your money on this!!!,2025-02-08
R000097,T002128,C00776,P023,Calm Cream 23,3,I have mixed feelings about this one,2025-10-12
R000098,T003537,C00327,P015,Calm Cream 15,1,Would give negative stars if i could!!!,2025-09-27
R000099,T000871,C00966,P026,Pure Band 26,2,Not worth the hassle packaging was a bit much,2025-04-04
R000100,T003844,C00552,P022,Active Mat 22,4,Does exactly what it says on the tin,2025-08-26
R000101,T000509,C00358,P027,Urban Bottle 27,3,Looks nice but the quality feels pretty basic,2025-02-20
R000102,T004440,C00776,P021,Bright Organizer 21,4,Really useful and nicer than I expected. looked different in the photos,2025-10-26
R000103,T002068,C00224,P027,Urban Bottle 27,3,Not bad! Not great either,2025-07-12
R000104,T000556,C00493,P022,Active Mat 22,2,Not worth the hassle,2025-04-17
R000105,T004589,C00252,P028,Essential Bag 28,4,Bought one for my sister too,2025-11-16
R000106,T002819,C00555,P018,Pure Band 18,3,Some things are good and some are just odd my friend has one too,2025-09-02
R000107,T005392,C00580,P014,Active Mat 14,3,"Useful enough, though the instructions were confusing",2025-12-25
R000108,T004567,C00139,P022,Active Mat 22,3,Decent once you figure out how it works packaging was a bit much,2025-09-21
R000109,T005398,C00252,P019,Urban Bottle 19,3,"Useful enough, though the instructions were confusing",2025-10-27
R000110,T003853,C00452,P003,Urban Bottle 03,1,Three weeks and already in the bin??,2025-07-28
R000111,T005301,C00628,P025,Daily Lamp 25,5,Perfect in every way. no notes,2025-10-27
R000112,T001991,C00005,P016,Modern Serum 16,4,Really useful and nicer than I expected.,2025-06-10
R000113,T005468,C00131,P011,Urban Bottle 11,1,one star because zero isnt an option,2025-12-10
R000114,T003396,C00318,P028,Essential Bag 28,1,Arrived damaged and the replacement was also damaged. wow.,2025-08-29
R000115,T001328,C00896,P014,Active Mat 14,4,Happy with it. delivery was quick too,2025-07-30
R000116,T004244,C00391,P003,Urban Bottle 03,4,I reach for this all the time now,2025-09-05
R000117,T001702,C00753,P003,Urban Bottle 03,4,Easy to use and feels pretty sturdy bought it during the sale,2025-09-11
R000118,T001114,C00819,P025,Daily Lamp 25,1,Worst thing ive bought in ages honestly furious saw it on instagram first,2025-05-28
R000119,T002298,C00269,P023,Calm Cream 23,4,DOES EXACTLY WHAT IT SAYS ON THE TIN,2025-08-31
R000120,T004185,C00089,P013,Bright Organizer 13,1,Not as described at all. seriously disappointing,2025-09-16
R000121,T000196,C00676,P021,Bright Organizer 21,4,works perfectly for what i needed,2025-05-13
R000122,T005204,C00185,P014,Active Mat 14,2,fine for a week then started acting weird,2025-12-29
R000123,T006506,C00547,P015,Calm Cream 15,1,Awful Just awful Save yourself the headache,2025-12-27
R000124,T003061,C00599,P002,Pure Band 02,3,works like it should but doesnt wow me,2025-07-07
R000125,T004275,C00152,P013,Bright Organizer 13,3,Not bad! Not great either,2025-09-02
R000126,T004184,C00432,P025,Daily Lamp 25,3,"Fine i guess, a few annoying bits",2025-11-14
R000127,T003138,C00298,P005,Bright Organizer 05,3,"Useful enough, though the instructions were confusing",2025-10-06
R000128,T001803,C00272,P014,Active Mat 14,5,A+++ no complaints at all saw it on instagram first,2025-04-09
R000129,T001204,C00081,P028,Essential Bag 28,3,not bad not great either,2025-03-08
R000130,T000200,C00601,P015,Calm Cream 15,1,i regret buying this every single day,2025-04-26
R000131,T003158,C00822,P028,Essential Bag 28,2,The photos made it look much better than it is,2025-09-13
R000132,T000263,C00763,P022,Active Mat 22,4,Better than the one I replaced,2025-05-15
R000133,T000093,C00081,P017,Daily Lamp 17,4,Looks great and works well so far packaging was a bit much,2025-04-24
R000134,T001016,C00248,P002,Pure Band 02,3,"Works as expected, which is fine",2025-04-08
R000135,T005654,C00328,P022,Active Mat 22,3,Looks nice but the quality feels pretty basic my friend has one too...,2025-12-13
R000136,T004747,C00486,P022,Active Mat 22,5,A+++ no complaints at all,2025-11-10
R000137,T005014,C00701,P020,Essential Bag 20,4,Looks great and works well so far,2025-12-16
R000138,T002847,C00289,P014,Active Mat 14,5,Best thing ever. I tell everyone about it,2025-06-08
R000139,T002042,C00252,P009,Daily Lamp 09,5,Absolutely obsessed with this. Best purchase this year!!! bought it during the sale,2025-07-03
R000140,T005397,C00033,P007,Calm Cream 07,2,Arrived late and the packaging was a mess,2025-12-20
R000141,T006120,C00747,P017,Daily Lamp 17,1,THREE WEEKS AND ALREADY IN THE BIN,2025-12-30
R000142,T004853,C00446,P023,Calm Cream 23,2,The photos made it look much better than it is,2025-11-20
R000143,T001460,C00887,P023,Calm Cream 23,4,Bought one for my sister too,2025-06-17
R000144,T004186,C00572,P007,Calm Cream 07,3,"Nothing to complain about, nothing to rave about",2025-11-01
R000145,T001867,C00431,P023,Calm Cream 23,3,"I use it, just dont love it bought it during the sale",2025-07-07
R000146,T003415,C00522,P028,Essential Bag 28,3,Works as expected which is fine looked different in the photos,2025-08-30
R000147,T002338,C00257,P007,Calm Cream 07,3,"Average product, average price, average experience",2025-05-21
R000148,T005044,C00696,P002,Pure Band 02,5,Perfect in every way. no notes,2025-11-23
R000149,T004622,C00153,P020,Essential Bag 20,2,Had to return it. Shame because the idea was good,2025-10-14
R000150,T005649,C00433,P020,Essential Bag 20,3,I have mixed feelings about this one,2025-11-07
R000151,T006170,C00250,P026,Pure Band 26,3,It does the job. Nothing special.,2025-12-17
R000152,T006043,C00059,P002,Pure Band 02,2,Not great. I expected more for the price.,2025-12-28
R000153,T000886,C00930,P019,Urban Bottle 19,3,Not bad! Not great either,2025-04-07
R000154,T004612,C00381,P002,Pure Band 02,3,"nothing to complain about, nothing to rave about",2025-12-27
R000155,T001548,C00153,P012,Essential Bag 12,3,"I use it, just dont love it my friend has one too",2025-08-03
R000156,T000521,C00089,P004,Essential Bag 04,4,Good product instructions could be clearer,2025-04-27
R000157,T003452,C00861,P028,Essential Bag 28,3,"Average product, average price, average experience!!",2025-08-21
R000158,T000205,C00333,P023,Calm Cream 23,1,Absolute rubbish. Fell apart after two days.,2025-05-06
R000159,T001288,C00360,P023,Calm Cream 23,2,Not great. I expected more for the price??,2025-09-06
R000160,T005916,C00772,P005,Bright Organizer 05,4,Easy to use and feels pretty sturdy,2025-12-10
R000161,T002438,C00492,P029,Bright Organizer 29,3,"Fine i guess, a few annoying bits",2025-08-09
R000162,T005034,C00822,P027,Urban Bottle 27,3,"Useful enough, though the instructions were confusing",2025-10-02
R000163,T006035,C00185,P017,Daily Lamp 17,4,Looks great and works well so far,2025-12-02
R000164,T004369,C00312,P025,Daily Lamp 25,3,Looks nice but the quality feels pretty basic my friend has one too,2025-10-10
R000165,T005703,C00814,P010,Pure Band 10,5,Perfect in every way. no notes,2025-11-20
R000166,T004034,C00922,P005,Bright Organizer 05,3,"Useful enough, though the instructions were confusing",2025-11-07
R000167,T003745,C00872,P023,Calm Cream 23,2,Would be ok at half the price...,2025-12-24
R000168,T006510,C00178,P009,Daily Lamp 09,4,Better than the one I replaced delivery took forever,2025-12-31
R000169,T002676,C00379,P002,Pure Band 02,4,Better than the one I replaced,2025-07-17
R000170,T004712,C00128,P004,Essential Bag 04,5,Genuinely life changing for my morning routine,2025-10-11
R000171,T001330,C00075,P026,Pure Band 26,4,Pretty impressed tbh looked different in the photos,2025-05-21
R000172,T000901,C00585,P025,Daily Lamp 25,3,Some things are good and some are just odd,2025-04-26
R000173,T001441,C00864,P017,Daily Lamp 17,4,"solid little product, would recommend",2025-05-02
R000174,T004811,C00625,P006,Active Mat 06,3,Nothing to complain about nothing to rave about,2025-10-03
R000175,T001835,C00793,P021,Bright Organizer 21,1,It broke immediately. customer service was useless too,2025-09-21
R000176,T005918,C00471,P021,Bright Organizer 21,1,returned it complete scam at this price,2025-12-12
R000177,T005700,C00953,P024,Modern Serum 24,5,Perfect in every way no notes,2025-12-06
R000178,T005356,C00774,P008,Modern Serum 08,5,My new favorite thing in the house,2025-12-08
R000179,T004341,C00013,P023,Calm Cream 23,2,It technically works but i dont like using it,2025-12-18
R000180,T000305,C00596,P001,Daily Lamp 01,2,Fine for a week then started acting weird,2025-03-26
R000181,T000514,C00618,P012,Essential Bag 12,3,Nothing to complain about nothing to rave about,2025-04-30
R000182,T001581,C00306,P006,Active Mat 06,5,Finally something that actually works!!!,2025-07-01
R000183,T003494,C00535,P027,Urban Bottle 27,3,"I use it, just dont love it",2025-10-02
R000184,T003992,C00673,P006,Active Mat 06,5,INCREDIBLE QUALITY FOR THE PRICE WOW,2025-12-26
R000185,T002541,C00672,P026,Pure Band 26,3,"Works as expected, which is fine shipping was quick",2025-11-06
R000186,T005052,C00384,P002,Pure Band 02,5,A no complaints at all,2025-11-04
R000187,T000482,C00002,P001,Daily Lamp 01,4,Works perfectly for what I needed,2025-03-22
R000188,T003990,C00887,P029,Bright Organizer 29,5,My new favorite thing in the house,2025-12-07
R000189,T005529,C00580,P025,Daily Lamp 25,5,1010 would buy again and again my friend has one too,2025-12-12
R000190,T005220,C00949,P012,Essential Bag 12,4,Pretty impressed tbh bought it during the sale,2025-12-23
R000191,T000757,C00505,P001,Daily Lamp 01,3,"Fine i guess, a few annoying bits",2025-05-11
R000192,T003509,C00734,P005,Bright Organizer 05,5,10/10 would buy again and again,2025-08-13
R000193,T003285,C00427,P020,Essential Bag 20,1,Arrived damaged and the replacement was also damaged. wow.,2025-10-04
R000194,T005465,C00890,P030,Active Mat 30,4,Looks great and works well so far,2025-11-25
R000195,T005986,C00864,P010,Pure Band 10,4,"Love the design, one small issue with the packaging",2025-11-25
R000196,T006276,C00923,P021,Bright Organizer 21,4,Nice quality took a star off for the price??,2025-12-17
R000197,T002574,C00595,P014,Active Mat 14,4,Works perfectly for what I needed,2025-05-21
R000198,T000254,C00295,P009,Daily Lamp 09,1,paid for quality got dollar store junk,2025-01-16
R000199,T002992,C00801,P014,Active Mat 14,4,"love the design, one small issue with the packaging",2025-08-10
R000200,T002191,C00049,P002,Pure Band 02,4,"Love the design, one small issue with the packaging delivery took forever",2025-07-19
R000201,T001777,C00564,P004,Essential Bag 04,5,Obsessed. obsessed. obsessed. bought it during the sale,2025-06-12
R000202,T002362,C00816,P019,Urban Bottle 19,5,this is so good why did i wait so long,2025-08-21
R000203,T004198,C00794,P001,Daily Lamp 01,1,broke the first time i used it lol,2025-10-27
R000204,T004679,C00791,P011,Urban Bottle 11,3,I have mixed feelings about this one,2025-11-14
R000205,T002674,C00908,P028,Essential Bag 28,4,"Love the design, one small issue with the packaging",2025-08-27
R000206,T003885,C00724,P028,Essential Bag 28,3,"AVERAGE PRODUCT, AVERAGE PRICE, AVERAGE EXPERIENCE DELIVERY TOOK FOREVER",2025-12-06
R000207,T006221,C00273,P015,Calm Cream 15,4,Good value gets used every day shipping was quick,2025-12-12
R000208,T002358,C00054,P029,Bright Organizer 29,5,Finally something that actually works!!! saw it on instagram first,2025-05-14
R000209,T005963,C00661,P010,Pure Band 10,3,"Useful enough, though the instructions were confusing packaging was a bit much",2025-12-21
R000210,T000502,C00113,P012,Essential Bag 12,3,Nothing to complain about nothing to rave about,2025-06-18
R000211,T004832,C00138,P020,Essential Bag 20,5,Finally something that actually works,2025-11-08
R000212,T006209,C00985,P012,Essential Bag 12,1,Do NOT waste your money on this!!!,2025-12-18
R000213,T001343,C00977,P020,Essential Bag 20,4,Happy with it. delivery was quick too,2025-06-06
R000214,T002595,C00294,P009,Daily Lamp 09,4,"Good product, instructions could be clearer",2025-10-17
R000215,T003221,C00349,P026,Pure Band 26,4,I reach for this all the time now customer support got back to me fast,2025-12-03
R000216,T003420,C00329,P030,Active Mat 30,1,It broke immediately. customer service was useless too,2025-07-08
R000217,T002543,C00583,P027,Urban Bottle 27,3,Not bad! Not great either,2025-08-16
R000218,T004592,C00831,P028,Essential Bag 28,3,"Nothing to complain about, nothing to rave about",2025-11-17
R000219,T005232,C00999,P020,Essential Bag 20,5,Genuinely life changing for my morning routine,2025-10-17
R000220,T001363,C00022,P004,Essential Bag 04,5,Genuinely life changing for my morning routine,2025-08-23
R000221,T003031,C00282,P026,Pure Band 26,4,Looks great and works well so far,2025-08-09
R000222,T004203,C00089,P002,Pure Band 02,5,finally something that actually works!!! delivery took forever,2025-10-16
R000223,T003492,C00994,P003,Urban Bottle 03,5,A+++ no complaints at all,2025-11-30
R000224,T001186,C00558,P014,Active Mat 14,4,looks great and works well so far saw it on instagram first,2025-09-01
R000225,T002988,C00339,P021,Bright Organizer 21,2,Was expecting better. sadly no,2025-09-06
R000226,T006373,C00817,P013,Bright Organizer 13,4,I reach for this all the time now,2025-12-23
R000227,T002177,C00392,P029,Bright Organizer 29,3,Not bad Not great either,2025-08-31
R000228,T005830,C00941,P027,Urban Bottle 27,4,Looks great and works well so far,2025-11-28
R000229,T005041,C00991,P010,Pure Band 10,2,kinda disappointing tbh customer support got back to me fast,2025-10-03
R000230,T003195,C00585,P007,Calm Cream 07,3,"average product, average price, average experience",2025-09-26
R000231,T001640,C00584,P006,Active Mat 06,4,better than the one i replaced,2025-07-19
R000232,T000348,C00452,P010,Pure Band 10,3,It does the job. Nothing special.,2025-04-19
R000233,T006184,C00928,P001,Daily Lamp 01,5,bought as a gift and now keeping it for myself lol,2025-12-26
R000234,T002758,C00311,P025,Daily Lamp 25,2,Had to return it Shame becuase the idea was good looked different in the photos,2025-08-28
R000235,T000050,C00008,P014,Active Mat 14,5,"Incredible quality for the price, wow",2025-03-25
R000236,T005098,C00991,P027,Urban Bottle 27,3,Nothing to complain about nothing to rave about,2025-12-26
R000237,T000106,C00309,P007,Calm Cream 07,4,Easy to use and feels pretty sturdy,2025-02-12
R000238,T001021,C00906,P007,Calm Cream 07,5,I LOVE IT. already ordered another one shipping was quick,2025-06-19
R000239,T004270,C00984,P007,Calm Cream 07,5,"Incredible quality for the price, wow",2025-08-17
R000240,T005469,C00320,P027,Urban Bottle 27,3,Useful enough though the instructions were confusing,2025-11-16
R000241,T004035,C00505,P004,Essential Bag 04,5,I LOVE IT. ALREADY ORDERED ANOTHER ONE,2025-12-28
R000242,T005990,C00722,P030,Active Mat 30,1,broke the first time i used it lol,2025-12-03
R000243,T006095,C00830,P020,Essential Bag 20,3,"Works as expected, which is fine",2025-12-02
R000244,T002873,C00463,P016,Modern Serum 16,4,Happy with it. delivery was quick too,2025-06-21
R000245,T001922,C00255,P012,Essential Bag 12,4,Good value gets used every day my friend has one too,2025-05-29
R000246,T004812,C00207,P024,Modern Serum 24,3,"Useful enough, though the instructions were confusing",2025-11-17
R000247,T000436,C00749,P008,Modern Serum 08,3,"Nothing to complain about, nothing to rave about",2025-07-02
R000248,T004638,C00653,P013,Bright Organizer 13,4,Works perfectly for what I needed looked different in the photos,2025-11-09
R000249,T004461,C00078,P018,Pure Band 18,1,broke the first time i used it lol,2025-10-20
R000250,T002304,C00664,P008,Modern Serum 08,3,Looks nice but the quality feels pretty basic packaging was a bit much,2025-07-23
R000251,T001890,C00871,P008,Modern Serum 08,4,Nice quality. took a star off for the price,2025-06-02
R000252,T005192,C00103,P017,Daily Lamp 17,5,Absolutely obsessed with this. Best purchase this year!!!,2025-12-15
R000253,T001533,C00711,P023,Calm Cream 23,3,"I use it, just dont love it",2025-08-06
R000254,T000615,C00410,P016,Modern Serum 16,3,Some things are good and some are just odd packaging was a bit much,2025-03-10
R000255,T001971,C00985,P025,Daily Lamp 25,3,"Nothing to complain about, nothing to rave about",2025-08-28
R000256,T002999,C00420,P028,Essential Bag 28,2,Not worth the hassle packaging was a bit much,2025-08-24
R000257,T005961,C00988,P017,Daily Lamp 17,3,"AVERAGE PRODUCT, AVERAGE PRICE, AVERAGE EXPERIENCE BOUGHT IT DURING THE SALE",2025-12-08
R000258,T006280,C00953,P018,Pure Band 18,2,The photos made it look much better than it is,2025-12-18
R000259,T002487,C00858,P015,Calm Cream 15,3,It does the job. Nothing special.,2025-07-31
R000260,T001493,C01000,P024,Modern Serum 24,4,Solid little product would recommend,2025-08-02
R000261,T000260,C00983,P022,Active Mat 22,4,I reach for this all the time now,2025-05-31
R000262,T001327,C00598,P006,Active Mat 06,2,The photos made it look much better than it is,2025-08-10
R000263,T005893,C00808,P027,Urban Bottle 27,5,Genuinely life changing for my morning routine,2025-11-23
R000264,T000647,C00952,P028,Essential Bag 28,1,I regret buying this every single day looked different in the photos,2025-05-10
R000265,T004405,C00424,P020,Essential Bag 20,4,Nice quality. took a star off for the price,2025-09-17
R000266,T003523,C00739,P024,Modern Serum 24,4,Bought one for my sister too,2025-08-13
R000267,T004139,C00427,P025,Daily Lamp 25,3,"Useful enough, though the instructions were confusing bought it during the sale",2025-12-12
R000268,T003456,C00011,P022,Active Mat 22,4,Easy to use and feels pretty sturdy customer support got back to me fast,2025-09-14
R000269,T005552,C00435,P017,Daily Lamp 17,4,Really useful and nicer than I expected.,2025-10-28
R000270,T003798,C00674,P004,Essential Bag 04,5,i love it. already ordered another one customer support got back to me fast,2025-09-21
R000271,T000948,C00756,P004,Essential Bag 04,1,I regret buying this every single day shipping was quick,2025-08-08
R000272,T004480,C00902,P010,Pure Band 10,5,My new favorite thing in the house,2025-08-29
R000273,T000850,C00112,P023,Calm Cream 23,4,"good value, gets used every day",2025-04-19
R000274,T005369,C00309,P029,Bright Organizer 29,2,Had to return it Shame because the idea was good,2025-11-11
R000275,T002994,C00769,P012,Essential Bag 12,5,"Incredible quality for the price, wow",2025-07-25
R000276,T001305,C00696,P025,Daily Lamp 25,3,Could be better but could be worse,2025-05-23
R000277,T003502,C00868,P001,Daily Lamp 01,3,Decent once you figure out how it works,2025-09-12
R000278,T004402,C00045,P024,Modern Serum 24,5,Finally something that actually works,2025-12-04
R000279,T004568,C00867,P013,Bright Organizer 13,5,"Best purchase ive made in months, hands down",2025-09-06
R000280,T002711,C00868,P005,Bright Organizer 05,3,Nothing to complain about nothing to rave about,2025-07-03
R000281,T001164,C00811,P021,Bright Organizer 21,1,looks cheap feels cheap and it doesnt even work bought it during the sale,2025-08-08
R000282,T001297,C00018,P007,Calm Cream 07,3,Could be better but could be worse??,2025-07-20
R000283,T002586,C00260,P012,Essential Bag 12,3,nothing to complain about nothing to rave about,2025-06-16
R000284,T004391,C00349,P021,Bright Organizer 21,3,i have mixed feelings about this one looked different in the photos,2025-09-15
R000285,T006235,C00398,P007,Calm Cream 07,3,Could be better but could be worse saw it on instagram first,2025-12-30
R000286,T005585,C00886,P024,Modern Serum 24,4,"Love the design, one small issue with the packaging packaging was a bit much",2025-12-03
R000287,T003943,C00179,P015,Calm Cream 15,2,meh. feels flimsy,2025-12-05
R000288,T005973,C00639,P003,Urban Bottle 03,3,Decent once you figure out how it works,2025-12-04
R000289,T005112,C00910,P002,Pure Band 02,5,I use it constantly and it still looks brand new my friend has one too,2025-10-25
R000290,T003657,C00180,P007,Calm Cream 07,1,broke the first time i used it lol bought it during the sale,2025-12-26
R000291,T001684,C00150,P022,Active Mat 22,1,paid for quality got dollar store junk!!,2025-08-10
R000292,T005902,C00812,P006,Active Mat 06,4,"Solid little product, would recommend saw it on instagram first",2025-11-30
R000293,T004437,C00127,P012,Essential Bag 12,3,"Works as expected, which is fine",2025-10-14
R000294,T005062,C00825,P018,Pure Band 18,3,Okay for now. Lets see how long it lasts,2025-10-28
R000295,T004986,C00583,P008,Modern Serum 08,4,happy with it. delivery was quick too bought it during the sale,2025-10-28
R000296,T000529,C00396,P002,Pure Band 02,3,"Fine i guess, a few annoying bits",2025-05-14
R000297,T000049,C00709,P002,Pure Band 02,4,Better than the one I replaced,2025-03-21
R000298,T002188,C00690,P011,Urban Bottle 11,4,Nice quality. took a star off for the price,2025-05-11
R000299,T005629,C00272,P028,Essential Bag 28,3,"Nothing to complain about, nothing to rave about",2025-12-15
R000300,T003746,C00508,P026,Pure Band 26,3,Not bad! Not great either,2025-07-27
R000301,T000895,C00271,P015,Calm Cream 15,4,Pretty impressed tbh,2025-02-19
R000302,T001136,C00091,P014,Active Mat 14,5,finally something that actually works,2025-04-29
R000303,T003328,C00518,P015,Calm Cream 15,4,Bought one for my sister too,2025-08-21
R000304,T000766,C00223,P028,Essential Bag 28,3,"Works as expected, which is fine",2025-06-03
R000305,T006405,C00984,P004,Essential Bag 04,4,Pretty impressed tbh,2025-12-24
R000306,T003303,C00973,P019,Urban Bottle 19,1,I hate this so much. unusable,2025-08-25
R000307,T002705,C00451,P006,Active Mat 06,4,"Solid little product, would recommend",2025-07-04
R000308,T002299,C00709,P005,Bright Organizer 05,5,Best thing ever. I tell everyone about it,2025-05-11
R000309,T001586,C00938,P009,Daily Lamp 09,3,Not bad! Not great either,2025-08-12
R000310,T000352,C00330,P025,Daily Lamp 25,3,"I use it, just dont love it",2025-06-02
R000311,T000685,C00802,P026,Pure Band 26,4,I reach for this all the time now,2025-07-04
R000312,T000409,C00100,P021,Bright Organizer 21,3,Decent once you figure out how it works shipping was quick,2025-05-07
R000313,T001933,C00155,P002,Pure Band 02,4,"Love the design, one small issue with the packaging",2025-05-14
R000314,T004529,C00002,P022,Active Mat 22,3,Not bad! Not great either,2025-11-27
R000315,T002657,C00824,P025,Daily Lamp 25,3,Works like it should but doesnt wow me customer support got back to me fast,2025-05-25
R000316,T001058,C00225,P020,Essential Bag 20,1,Arrived damaged and the replacement was also damaged. wow.,2025-05-01
R000317,T002081,C00541,P020,Essential Bag 20,4,Looks great and works well so far,2025-07-24
R000318,T000744,C00250,P009,Daily Lamp 09,4,Works perfectly for what I needed packaging was a bit much,2025-03-14
R000319,T003173,C00779,P021,Bright Organizer 21,1,"Worst thing ive bought in ages, honestly furious delivery took forever",2025-11-18
R000320,T005895,C00910,P012,Essential Bag 12,4,Looks great and works well so far,2025-12-16
R000321,T002889,C00054,P029,Bright Organizer 29,3,okay for now. lets see how long it lasts,2025-06-30
R000322,T004288,C00612,P018,Pure Band 18,3,Could be better but could be worse looked different in the photos,2025-09-18
R000323,T002057,C00659,P002,Pure Band 02,5,exceeded every expectation by a mile shipping was quick,2025-05-15
R000324,T005332,C00880,P010,Pure Band 10,3,"fine i guess, a few annoying bits",2025-10-26
R000325,T005323,C00447,P014,Active Mat 14,4,I reach for this all the time now bought it during the sale,2025-10-19
R000326,T000599,C00222,P015,Calm Cream 15,5,exceeded every expectation by a mile,2025-05-29
R000327,T004315,C00025,P010,Pure Band 10,3,It does the job Nothing special,2025-09-17
R000328,T003752,C00649,P006,Active Mat 06,5,10/10 would buy again and again,2025-11-27
R000329,T000277,C00747,P013,Bright Organizer 13,5,my new favorite thing in the house,2025-03-20
R000330,T006111,C00471,P011,Urban Bottle 11,4,Easy to use and feels pretty sturdy,2025-12-03
R000331,T004802,C00374,P021,Bright Organizer 21,1,Returned it. Complete scam at this price. saw it on instagram first,2025-10-22
R000332,T004464,C00286,P015,Calm Cream 15,5,best thing ever. i tell everyone about it,2025-11-22
R000333,T000918,C00667,P015,Calm Cream 15,3,works like it should but doesnt wow me,2025-03-10
R000334,T001839,C00120,P022,Active Mat 22,5,Perfect in every way no notes,2025-08-26
R000335,T005908,C00835,P013,Bright Organizer 13,1,It broke immediately. customer service was useless too,2025-11-18
R000336,T004741,C00922,P013,Bright Organizer 13,5,I LOVE IT already ordered another one,2025-12-26
R000337,T004818,C00470,P009,Daily Lamp 09,1,one star because zero isnt an option,2025-10-22
R000338,T001770,C00936,P011,Urban Bottle 11,5,10/10 would buy again and again,2025-06-17
R000339,T004295,C00418,P002,Pure Band 02,3,Not bad! Not great either shipping was quick,2025-12-02
R000340,T003674,C00344,P009,Daily Lamp 09,5,I use it constantly and it still looks brand new,2025-09-13
R000341,T003991,C00741,P014,Active Mat 14,1,"Worst thing ive bought in ages, honestly furious customer support got back to me fast",2025-12-23
R000342,T000880,C00805,P008,Modern Serum 08,5,I LOVE IT. already ordered another one packaging was a bit much,2025-04-03
R000343,T000307,C00619,P027,Urban Bottle 27,5,My new favorite thing in the house,2025-05-07
R000344,T005364,C00281,P024,Modern Serum 24,5,Genuinely life changing for my morning routine packaging was a bit much,2025-12-31
R000345,T002326,C00285,P029,Bright Organizer 29,1,Not as described at all. seriously disappointing,2025-05-22
R000346,T003642,C00260,P014,Active Mat 14,1,broke the first time i used it lol packaging was a bit much,2025-12-29
R000347,T001244,C00383,P010,Pure Band 10,5,Love love love it works like a dream bought it during the sale,2025-08-22
R000348,T003458,C00788,P030,Active Mat 30,3,NOT BAD NOT GREAT EITHER BOUGHT IT DURING THE SALE,2025-07-14
R000349,T005997,C00630,P028,Essential Bag 28,2,Would be ok at half the price,2025-12-16
R000350,T005900,C00928,P013,Bright Organizer 13,3,Works like it should but doesnt wow me,2025-12-23
R000351,T005693,C00182,P028,Essential Bag 28,2,It technically works but i dont like using it,2025-11-17
R000352,T003962,C00419,P011,Urban Bottle 11,4,Bought one for my sister too,2025-09-04
R000353,T004087,C00958,P009,Daily Lamp 09,1,one star becuase zero isnt an option,2025-10-10
R000354,T002215,C00998,P023,Calm Cream 23,3,Decent once you figure out how it works,2025-07-08
R000355,T004395,C00741,P025,Daily Lamp 25,2,The photos made it look much better than it is,2025-09-08
R000356,T004781,C00626,P025,Daily Lamp 25,3,It does the job. Nothing special. looked different in the photos!!,2025-09-28
R000357,T002234,C00138,P021,Bright Organizer 21,4,I reach for this all the time now shipping was quick,2025-07-29
R000358,T001156,C00159,P019,Urban Bottle 19,5,"Best purchase ive made in months, hands down",2025-04-09
R000359,T004384,C00121,P003,Urban Bottle 03,1,it broke immediately. customer service was useless too,2025-11-05
R000360,T004558,C00618,P021,Bright Organizer 21,2,Not worth the hassle!!,2025-10-25
R000361,T002886,C00523,P026,Pure Band 26,4,works perfectly for what i needed,2025-10-31
R000362,T004657,C00420,P027,Urban Bottle 27,5,10/10 would buy again and again,2025-10-11
R000363,T004107,C00079,P009,Daily Lamp 09,4,Bought one for my sister too,2025-12-13
R000364,T005428,C00159,P017,Daily Lamp 17,5,"Incredible quality for the price, wow",2025-11-15
R000365,T004694,C00310,P008,Modern Serum 08,1,three weeks and already in the bin,2025-10-17
R000366,T004081,C00165,P028,Essential Bag 28,3,It does the job. Nothing special.,2025-08-29
R000367,T002723,C00056,P021,Bright Organizer 21,4,"Good product, instructions could be clearer packaging was a bit much",2025-09-25
R000368,T005968,C00854,P005,Bright Organizer 05,3,I have mixed feelings about this one shipping was quick,2025-12-06
R000369,T004743,C00891,P014,Active Mat 14,3,Not bad! Not great either bought it during the sale,2025-09-22
R000370,T003383,C00591,P026,Pure Band 26,3,"Nothing to complain about, nothing to rave about",2025-07-31
R000371,T000325,C00665,P028,Essential Bag 28,1,"Doesnt fit, doesnt work, waste of time",2025-07-17
R000372,T003406,C00662,P022,Active Mat 22,4,Bought one for my sister too,2025-09-24
R000373,T005559,C00118,P024,Modern Serum 24,4,BOUGHT ONE FOR MY SISTER TOO SAW IT ON INSTAGRAM FIRST,2025-10-30
R000374,T000725,C00511,P016,Modern Serum 16,5,"Best purchase ive made in months, hands down",2025-08-04
R000375,T000698,C00486,P011,Urban Bottle 11,4,Nice quality. took a star off for the price,2025-06-06
R000376,T001902,C00514,P013,Bright Organizer 13,3,Decent once you figure out how it works looked different in the photos,2025-06-02
R000377,T004182,C00626,P029,Bright Organizer 29,4,Pretty impressed tbh looked different in the photos,2025-12-22
R000378,T001580,C00204,P023,Calm Cream 23,4,Really useful and nicer than I expected looked different in the photos,2025-05-26
R000379,T002867,C00581,P028,Essential Bag 28,1,"Worst thing ive bought in ages, honestly furious",2025-09-08
R000380,T004152,C00980,P007,Calm Cream 07,3,Okay for now. Lets see how long it lasts,2025-08-19
R000381,T004623,C00270,P008,Modern Serum 08,5,Love love love it. works like a dream,2025-11-10
R000382,T003932,C00185,P009,Daily Lamp 09,5,This is SO good why did i wait so long,2025-10-24
R000383,T005221,C00864,P018,Pure Band 18,2,Too expensive for something this average looked different in the photos,2025-11-29
R000384,T003329,C00638,P004,Essential Bag 04,1,Do NOT waste your money on this!!!,2025-09-24
R000385,T003972,C00401,P026,Pure Band 26,1,Would give negative stars if i could!!!,2025-09-13
R000386,T005380,C00180,P021,Bright Organizer 21,3,Some things are good and some are just odd,2025-12-20
R000387,T006411,C00904,P021,Bright Organizer 21,5,1010 would buy again and again delivery took forever??,2025-12-22
R000388,T004836,C00096,P021,Bright Organizer 21,3,"Fine i guess, a few annoying bits",2025-11-28
R000389,T004927,C00819,P026,Pure Band 26,5,Exceeded every expectation by a mile,2025-10-05
R000390,T003823,C00589,P011,Urban Bottle 11,5,Exceeded every expectation by a mile,2025-12-16
R000391,T001647,C00803,P026,Pure Band 26,5,Exceeded every expectation by a mile,2025-06-07
R000392,T001653,C00273,P007,Calm Cream 07,5,Love love love it. works like a dream shipping was quick,2025-08-26
R000393,T005711,C00949,P020,Essential Bag 20,5,Bought as a gift and now keeping it for myself lol shipping was quick,2025-11-10
R000394,T001752,C00817,P013,Bright Organizer 13,3,It does the job. Nothing special. customer support got back to me fast,2025-04-18
R000395,T000464,C00982,P001,Daily Lamp 01,4,"Good value, gets used every day",2025-05-29
R000396,T002511,C00911,P002,Pure Band 02,4,Happy with it. delivery was quick too,2025-09-04
R000397,T006022,C00416,P022,Active Mat 22,5,My new favorite thing in the house,2025-12-02
R000398,T002435,C00816,P012,Essential Bag 12,1,Not as described at all. seriously disappointing my friend has one too,2025-08-29
R000399,T002347,C00964,P010,Pure Band 10,4,Happy with it delivery was quick too my friend has one too,2025-07-19
R000400,T002439,C00537,P023,Calm Cream 23,5,LOVE LOVE LOVE IT. WORKS LIKE A DREAM,2025-07-22
R000401,T000229,C00674,P011,Urban Bottle 11,5,This deserves more than five stars,2025-01-22
R000402,T006297,C00815,P012,Essential Bag 12,3,"Fine i guess, a few annoying bits",2025-12-13
R000403,T003039,C00627,P006,Active Mat 06,2,Kinda disappointing tbh,2025-06-10
R000404,T002959,C00513,P008,Modern Serum 08,3,I HAVE MIXED FEELINGS ABOUT THIS ONE,2025-06-06
R000405,T006010,C00856,P022,Active Mat 22,4,Looks great and works well so far,2025-11-26
R000406,T001528,C00674,P021,Bright Organizer 21,4,happy with it. delivery was quick too,2025-04-15
R000407,T000158,C00432,P006,Active Mat 06,5,My new favorite thing in the house,2025-03-23
R000408,T003238,C00502,P023,Calm Cream 23,5,love love love it. works like a dream,2025-09-15
R000409,T005556,C00586,P028,Essential Bag 28,4,Happy with it. delivery was quick too,2025-11-05
R000410,T000492,C00707,P017,Daily Lamp 17,4,pretty impressed tbh,2025-06-18
R000411,T002032,C00592,P027,Urban Bottle 27,5,Absolutely obsessed with this. Best purchase this year!!! looked different in the photos,2025-06-14
R000412,T004906,C00691,P028,Essential Bag 28,3,Works like it should but doesnt wow me,2025-12-18
R000413,T005412,C00535,P002,Pure Band 02,4,Happy with it. delivery was quick too shipping was quick,2025-10-26
R000414,T004502,C00173,P029,Bright Organizer 29,5,Genuinely life changing for my morning routine delivery took forever,2025-09-18
R000415,T004364,C00700,P029,Bright Organizer 29,4,"GOOD PRODUCT, INSTRUCTIONS COULD BE CLEARER",2025-11-15
R000416,T003681,C00789,P025,Daily Lamp 25,1,I hate this so much. unusable looked different in the photos,2025-12-23
R000417,T000987,C00289,P001,Daily Lamp 01,5,Best thing ever. I tell everyone about it,2025-04-13
R000418,T003318,C00828,P028,Essential Bag 28,3,I have mixed feelings about this one my friend has one too,2025-07-12
R000419,T002021,C00972,P030,Active Mat 30,5,Exceeded every expectation by a mile,2025-07-16
R000420,T003944,C00415,P017,Daily Lamp 17,3,Decent once you figure out how it works,2025-11-27
R000421,T003430,C00821,P026,Pure Band 26,2,Too expensive for something this average looked different in the photos,2025-09-29
R000422,T001125,C00604,P002,Pure Band 02,4,Easy to use and feels pretty sturdy,2025-03-08
R000423,T002602,C00295,P029,Bright Organizer 29,2,Not terrible but definitely not buying again,2025-06-23
R000424,T005664,C00446,P015,Calm Cream 15,2,meh. feels flimsy,2025-11-08
R000425,T005437,C00735,P011,Urban Bottle 11,5,Bought as a gift and now keeping it for myself lol,2025-11-07
R000426,T006447,C00157,P015,Calm Cream 15,2,Arrived late and the packaging was a mess,2025-12-28
R000427,T002708,C00408,P023,Calm Cream 23,3,Okay for now. Lets see how long it lasts,2025-10-03
R000428,T002416,C00212,P010,Pure Band 10,2,It technically works but i dont like using it,2025-07-04
R000429,T000184,C00976,P017,Daily Lamp 17,4,Better than the one I replaced,2025-03-09
R000430,T003098,C00773,P003,Urban Bottle 03,3,Okay for now. Lets see how long it lasts shipping was quick??,2025-08-04
R000431,T002853,C00297,P015,Calm Cream 15,3,Decent once you figure out how it works shipping was quick,2025-08-20
R000432,T001519,C00735,P023,Calm Cream 23,5,Genuinely life changing for my morning routine!!,2025-07-13
R000433,T006245,C00114,P004,Essential Bag 04,5,This deserves more than five stars,2025-12-21
R000434,T006483,C00715,P015,Calm Cream 15,4,"solid little product, would recommend",2025-12-31
R000435,T006450,C00670,P014,Active Mat 14,3,Not bad! Not great either,2025-12-27
R000436,T005757,C00594,P018,Pure Band 18,1,Three weeks and already in the bin shipping was quick,2025-11-23
R000437,T005636,C00440,P012,Essential Bag 12,3,not bad! not great either,2025-11-18
R000438,T006285,C00099,P015,Calm Cream 15,5,this is so good why did i wait so long,2025-12-12
R000439,T001927,C00782,P017,Daily Lamp 17,4,pretty impressed tbh,2025-06-01
R000440,T005371,C00983,P028,Essential Bag 28,5,This is SO good why did i wait so long,2025-11-09
R000441,T002794,C00066,P014,Active Mat 14,5,10/10 WOULD BUY AGAIN AND AGAIN,2025-08-03
R000442,T004839,C00044,P013,Bright Organizer 13,5,Exceeded every expectation by a mile,2025-11-26
R000443,T004663,C00422,P012,Essential Bag 12,4,easy to use and feels pretty sturdy saw it on instagram first,2025-12-13
R000444,T000328,C00061,P012,Essential Bag 12,2,Was expecting better. sadly no,2025-07-06
R000445,T001013,C00772,P011,Urban Bottle 11,3,"nothing to complain about, nothing to rave about",2025-08-14
R000446,T000607,C00901,P009,Daily Lamp 09,3,Works like it should but doesnt wow me my friend has one too,2025-05-19
R000447,T004720,C00225,P023,Calm Cream 23,3,not bad not great either,2025-09-17
R000448,T004942,C00100,P007,Calm Cream 07,1,It broke immediately. customer service was useless too,2025-10-05
R000449,T000679,C00399,P013,Bright Organizer 13,4,does exactly what it says on the tin,2025-02-18
R000450,T005999,C00956,P010,Pure Band 10,1,LOOKS CHEAP FEELS CHEAP AND IT DOESNT EVEN WORK,2025-12-15
R000451,T003071,C00377,P022,Active Mat 22,1,Three weeks and already in the bin,2025-08-14
R000452,T001310,C00398,P021,Bright Organizer 21,4,Pretty impressed tbh,2025-04-03
R000453,T004234,C00536,P004,Essential Bag 04,3,works as expected which is fine,2025-09-12
R000454,T003479,C00749,P006,Active Mat 06,5,Obsessed. obsessed. obsessed.,2025-12-12
R000455,T003828,C00620,P011,Urban Bottle 11,5,Genuinely life changing for my morning routine,2025-10-10
R000456,T006007,C00808,P013,Bright Organizer 13,3,"Nothing to complain about, nothing to rave about",2025-12-02
R000457,T003859,C00026,P023,Calm Cream 23,3,"works as expected, which is fine",2025-08-18
R000458,T001029,C00567,P026,Pure Band 26,1,absolute rubbish. fell apart after two days.,2025-06-21
R000459,T004976,C00311,P027,Urban Bottle 27,4,"Good value, gets used every day",2025-12-13
R000460,T006264,C00065,P006,Active Mat 06,5,genuinely life changing for my morning routine looked different in the photos,2025-12-11
R000461,T000379,C00864,P019,Urban Bottle 19,5,I USE IT CONSTANTLY AND IT STILL LOOKS BRAND NEW,2025-05-07
R000462,T003199,C00147,P010,Pure Band 10,2,Not terrible but definitely not buying again,2025-09-01
R000463,T001773,C00899,P020,Essential Bag 20,2,"IT WORKS SOMETIMES, WHICH IS NOT REALY GOOD ENOUGH",2025-05-22
R000464,T004587,C00745,P005,Bright Organizer 05,5,genuinely life changing for my morning routine,2025-11-25
R000465,T003030,C00403,P016,Modern Serum 16,5,Exceeded every expectation by a mile saw it on instagram first,2025-09-20
R000466,T001630,C00703,P009,Daily Lamp 09,5,Perfect in every way. no notes shipping was quick,2025-08-23
R000467,T002118,C00724,P003,Urban Bottle 03,1,paid for quality got dollar store junk,2025-07-21
R000468,T005512,C00679,P010,Pure Band 10,4,"Solid little product, would recommend",2025-12-04
R000469,T000997,C00804,P024,Modern Serum 24,1,would give negative stars if i could,2025-06-03
R000470,T004351,C00138,P013,Bright Organizer 13,5,Obsessed. obsessed. obsessed.,2025-11-08
R000471,T005385,C00112,P011,Urban Bottle 11,3,Not bad! Not great either,2025-11-18
R000472,T000522,C00912,P018,Pure Band 18,4,I reach for this all the time now customer support got back to me fast,2025-05-24
R000473,T004449,C00069,P010,Pure Band 10,3,NOT BAD! NOT GREAT EITHER,2025-12-19
R000474,T002518,C00392,P012,Essential Bag 12,3,"I use it, just dont love it delivery took forever",2025-06-09
R000475,T004050,C00471,P012,Essential Bag 12,4,Looks great and works well so far looked different in the photos,2025-10-04
R000476,T006141,C00304,P012,Essential Bag 12,5,A+++ no complaints at all,2025-12-13
R000477,T000595,C00153,P001,Daily Lamp 01,3,IT DOES THE JOB. NOTHING SPECIAL.,2025-05-28
R000478,T002344,C00568,P019,Urban Bottle 19,1,I hate this so much. unusable,2025-08-11
R000479,T000191,C00511,P029,Bright Organizer 29,5,Genuinely life changing for my morning routine,2025-03-26
R000480,T000425,C00210,P013,Bright Organizer 13,5,Incredible quality for the price wow,2025-05-18
R000481,T002938,C00334,P021,Bright Organizer 21,5,I use it constantly and it still looks brand new,2025-06-20
R000482,T005500,C00919,P030,Active Mat 30,4,"Good product, instructions could be clearer",2025-12-23
R000483,T001518,C00776,P026,Pure Band 26,3,Decent once you figure out how it works,2025-07-04
R000484,T003331,C00091,P011,Urban Bottle 11,5,My new favorite thing in the house,2025-09-03
R000485,T002671,C00549,P005,Bright Organizer 05,5,This deserves more than five stars,2025-07-23
R000486,T002772,C00840,P011,Urban Bottle 11,4,Does exactly what it says on the tin,2025-11-06
R000487,T005217,C00015,P018,Pure Band 18,5,this is so good why did i wait so long,2025-10-28
R000488,T001656,C00780,P026,Pure Band 26,3,"Works as expected, which is fine",2025-05-03
R000489,T005347,C00657,P011,Urban Bottle 11,5,I use it constantly and it still looks brand new delivery took forever,2025-11-24
R000490,T004733,C00117,P028,Essential Bag 28,2,Quality control seems all over the place,2025-09-28
R000491,T005734,C00226,P007,Calm Cream 07,3,Not bad! Not great either,2025-12-05
R000492,T006323,C00177,P003,Urban Bottle 03,3,not bad! not great either,2025-12-29
R000493,T003653,C00284,P022,Active Mat 22,5,My new favorite thing in the house shipping was quick,2025-10-12
R000494,T005463,C00487,P010,Pure Band 10,3,Works like it should but doesnt wow me,2025-10-27
R000495,T002534,C00167,P024,Modern Serum 24,5,INCREDIBLE QUALITY FOR THE PRICE WOW,2025-07-08
R000496,T005775,C00602,P011,Urban Bottle 11,4,"Solid little product, would recommend looked different in the photos",2025-11-28
R000497,T002219,C00182,P002,Pure Band 02,5,Best thing ever. I tell everyone about it,2025-07-08
R000498,T005828,C00283,P018,Pure Band 18,5,Love love love it. works like a dream,2025-12-18
R000499,T003131,C00554,P028,Essential Bag 28,4,Easy to use and feels pretty sturdy,2025-08-07
R000500,T001913,C00029,P004,Essential Bag 04,4,Nice quality took a star off for the price!!,2025-06-17
R000501,T002679,C00152,P028,Essential Bag 28,4,Good product instructions could be clearer,2025-05-31
R000502,T001592,C00013,P029,Bright Organizer 29,5,"INCREDIBLE QUALITY FOR THE PRICE, WOW",2025-07-04
R000503,T002428,C00158,P011,Urban Bottle 11,1,The smell is HORRIBLE and it did nothing,2025-06-22
R000504,T004183,C00506,P004,Essential Bag 04,2,Too expensive for something this average,2025-08-20
R000505,T002100,C00100,P023,Calm Cream 23,3,It does the job. Nothing special.,2025-05-30
R000506,T004695,C00428,P004,Essential Bag 04,5,A+++ no complaints at all,2025-12-16
R000507,T006072,C00045,P026,Pure Band 26,5,Perfect in every way. no notes packaging was a bit much,2025-12-09
R000508,T001636,C00794,P015,Calm Cream 15,1,Three weeks and already in the bin,2025-04-07
R000509,T006123,C00598,P009,Daily Lamp 09,2,Not great. I expected more for the price.,2025-12-24
R000510,T001005,C00906,P024,Modern Serum 24,3,I have mixed feelings about this one,2025-07-05
R000511,T004509,C00085,P018,Pure Band 18,3,"Nothing to complain about, nothing to rave about",2025-10-05
R000512,T001605,C00687,P002,Pure Band 02,5,Best thing ever I tell everyone about it,2025-03-30
R000513,T002717,C00266,P006,Active Mat 06,4,Nice quality took a star off for the price,2025-08-25
R000514,T001410,C00372,P024,Modern Serum 24,4,better than the one i replaced,2025-08-23
R000515,T005183,C00537,P002,Pure Band 02,4,I reach for this all the time now,2025-11-09
R000516,T006307,C00799,P029,Bright Organizer 29,4,Looks great and works well so far??,2025-12-26
R000517,T003951,C00519,P008,Modern Serum 08,4,Works perfectly for what I needed,2025-08-07
R000518,T002073,C00471,P010,Pure Band 10,4,Bought one for my sister too,2025-07-13
R000519,T001411,C00058,P011,Urban Bottle 11,5,this deserves more than five stars,2025-03-18
R000520,T002505,C00171,P024,Modern Serum 24,3,"I use it, just dont love it??",2025-10-24
R000521,T004740,C00648,P005,Bright Organizer 05,5,Love love love it. works like a dream,2025-11-10
R000522,T004680,C00674,P022,Active Mat 22,2,fine for a week then started acting weird customer support got back to me fast,2025-12-28
R000523,T004861,C00221,P009,Daily Lamp 09,5,Best thing ever. I tell everyone about it bought it during the sale,2025-11-13
R000524,T000255,C00368,P015,Calm Cream 15,2,Fine for a week then started acting weird,2025-06-15
R000525,T004793,C00105,P024,Modern Serum 24,5,This deserves more than five stars,2025-11-08
R000526,T002664,C00703,P015,Calm Cream 15,4,Nice quality took a star off for the price,2025-08-12
R000527,T000722,C00996,P021,Bright Organizer 21,4,Bought one for my sister too,2025-04-10
R000528,T000804,C00093,P020,Essential Bag 20,3,Some things are good and some are just odd,2025-03-05
R000529,T000812,C00534,P006,Active Mat 06,5,Obsessed. obsessed. obsessed. saw it on instagram first,2025-05-15
R000530,T003691,C00765,P014,Active Mat 14,2,"It works sometimes, which is not really good enough packaging was a bit much",2025-08-15
R000531,T003910,C00306,P017,Daily Lamp 17,5,Best thing ever I tell everyone about it,2025-10-09
R000532,T005411,C00009,P028,Essential Bag 28,3,Some things are good and some are just odd,2025-12-16
R000533,T001039,C00567,P002,Pure Band 02,4,Nice quality. took a star off for the price customer support got back to me fast,2025-03-27
R000534,T002722,C00069,P017,Daily Lamp 17,3,"Average product, average price, average experience",2025-10-02
R000535,T004156,C00337,P020,Essential Bag 20,4,"Love the design, one small issue with the packaging",2025-12-15
R000536,T003863,C00760,P013,Bright Organizer 13,3,Could be better but could be worse,2025-07-29
R000537,T004134,C00027,P028,Essential Bag 28,3,Not bad! Not great either looked different in the photos!!,2025-11-16
R000538,T002710,C00558,P005,Bright Organizer 05,1,Worst thing ive bought in ages honestly furious,2025-08-30
R000539,T005466,C00842,P017,Daily Lamp 17,5,Exceeded every expectation by a mile delivery took forever,2025-12-14
R000540,T001278,C00507,P029,Bright Organizer 29,5,A no complaints at all,2025-04-18
R000541,T002139,C00603,P015,Calm Cream 15,3,Nothing to complain about nothing to rave about,2025-07-20
R000542,T005627,C00009,P005,Bright Organizer 05,3,I use it just dont love it,2025-12-19
R000543,T002361,C00046,P028,Essential Bag 28,2,Too expensive for something this average,2025-08-02
R000544,T002387,C00600,P001,Daily Lamp 01,5,Genuinely life changing for my morning routine,2025-10-18
R000545,T000462,C00949,P021,Bright Organizer 21,4,Bought one for my sister too packaging was a bit much,2025-03-19
R000546,T002741,C00676,P029,Bright Organizer 29,4,Looks great and works well so far packaging was a bit much,2025-11-01
R000547,T006233,C00059,P027,Urban Bottle 27,4,Really useful and nicer than I expected.,2025-12-10
R000548,T001669,C00484,P024,Modern Serum 24,3,"Average product, average price, average experience!!",2025-09-01
R000549,T004895,C00686,P013,Bright Organizer 13,5,Perfect in every way. no notes,2025-12-25
R000550,T006346,C00377,P024,Modern Serum 24,5,This is SO good why did i wait so long,2025-12-30
R000551,T001366,C00605,P018,Pure Band 18,4,Really useful and nicer than I expected,2025-05-16
R000552,T001106,C00024,P026,Pure Band 26,4,"Solid little product, would recommend bought it during the sale",2025-08-07
R000553,T001279,C00331,P009,Daily Lamp 09,2,meh. feels flimsy,2025-06-08
R000554,T003594,C00066,P007,Calm Cream 07,3,Not bad! Not great either,2025-11-10
R000555,T004958,C00747,P017,Daily Lamp 17,5,Exceeded every expectation by a mile,2025-10-15
R000556,T003353,C00494,P020,Essential Bag 20,3,Not bad! Not great either,2025-11-14
R000557,T006229,C00849,P004,Essential Bag 04,5,My new favorite thing in the house,2025-12-23
R000558,T000932,C00261,P014,Active Mat 14,3,Some things are good and some are just odd,2025-05-08
R000559,T002277,C00114,P021,Bright Organizer 21,3,Useful enough though the instructions were confusing bought it during the sale,2025-08-29
R000560,T005211,C00620,P026,Pure Band 26,5,obsessed. obsessed. obsessed.,2025-12-09
R000561,T001315,C00229,P029,Bright Organizer 29,2,had to return it. shame because the idea was good,2025-08-02
R000562,T005823,C00095,P019,Urban Bottle 19,4,"good value, gets used every day packaging was a bit much",2025-12-18
R000563,T000157,C00795,P007,Calm Cream 07,4,Nice quality. took a star off for the price delivery took forever,2025-02-05
R000564,T000639,C00385,P002,Pure Band 02,4,Good value gets used every day,2025-07-16
R000565,T002495,C00353,P017,Daily Lamp 17,3,i have mixed feelings about this one shipping was quick,2025-09-24
R000566,T004149,C00410,P004,Essential Bag 04,5,This deserves more than five stars,2025-12-01
R000567,T006479,C00400,P023,Calm Cream 23,5,I use it constantly and it still looks brand new,2025-12-25
R000568,T000162,C00210,P010,Pure Band 10,3,I have mixed feelings about this one,2025-02-01
R000569,T005110,C00202,P005,Bright Organizer 05,5,Bought as a gift and now keeping it for myself lol,2025-11-18
R000570,T003589,C00758,P027,Urban Bottle 27,3,Works like it should but doesnt wow me,2025-12-13
R000571,T006551,C00741,P003,Urban Bottle 03,5,LOVE LOVE LOVE IT. WORKS LIKE A DREAM MY FRIEND HAS ONE TOO,2025-12-31
R000572,T004131,C00373,P018,Pure Band 18,5,A no complaints at all,2025-09-22
R000573,T005927,C00647,P027,Urban Bottle 27,3,Average product average price average experience packaging was a bit much,2025-12-28
R000574,T000985,C00852,P017,Daily Lamp 17,4,Easy to use and feels pretty sturdy bought it during the sale,2025-03-23
R000575,T004719,C00361,P023,Calm Cream 23,1,broke the first time i used it lol saw it on instagram first,2025-10-25
R000576,T006089,C00198,P002,Pure Band 02,4,"Love the design, one small issue with the packaging shipping was quick",2025-12-14
R000577,T003432,C00780,P022,Active Mat 22,3,DECENT ONCE YOU FIGURE OUT HOW IT WORKS,2025-12-15
R000578,T001959,C00607,P012,Essential Bag 12,4,Looks great and works well so far,2025-06-22
R000579,T005539,C00109,P030,Active Mat 30,4,Does exactly what it says on the tin??,2025-10-29
R000580,T000359,C00559,P009,Daily Lamp 09,4,Bought one for my sister too delivery took forever,2025-03-29
R000581,T001966,C00164,P006,Active Mat 06,2,Too expensive for something this average,2025-09-16
R000582,T000862,C00674,P011,Urban Bottle 11,3,"Nothing to complain about, nothing to rave about",2025-08-12
R000583,T005885,C00705,P025,Daily Lamp 25,4,Looks great and works well so far my friend has one too,2025-12-29
R000584,T004516,C00761,P017,Daily Lamp 17,5,Best thing ever. I tell everyone about it,2025-10-19
R000585,T003739,C00375,P002,Pure Band 02,1,Three weeks and already in the bin,2025-07-27
R000586,T002823,C00015,P026,Pure Band 26,4,Looks great and works well so far!!,2025-08-02
R000587,T001705,C00796,P028,Essential Bag 28,5,This is SO good why did i wait so long delivery took forever,2025-04-17
R000588,T000659,C00423,P001,Daily Lamp 01,4,I reach for this all the time now,2025-04-06
R000589,T001520,C00858,P018,Pure Band 18,1,THREE WEEKS AND ALREADY IN THE BIN,2025-05-20
R000590,T001459,C00092,P019,Urban Bottle 19,5,"Incredible quality for the price, wow",2025-09-11
R000591,T002396,C00261,P010,Pure Band 10,3,Not bad! Not great either,2025-06-09
R000592,T001385,C00305,P007,Calm Cream 07,1,Three weeks and already in the bin saw it on instagram first,2025-08-31
R000593,T006189,C00342,P005,Bright Organizer 05,4,Does exactly what it says on the tin,2025-12-26
R000594,T006359,C00125,P021,Bright Organizer 21,5,Love love love it. works like a dream bought it during the sale,2025-12-30
R000595,T001813,C00958,P009,Daily Lamp 09,4,Happy with it. delivery was quick too??,2025-05-06
R000596,T003869,C00118,P026,Pure Band 26,4,looks great and works well so far,2025-07-28
R000597,T005142,C00209,P024,Modern Serum 24,5,I use it constantly and it still looks brand new,2025-12-02
R000598,T001741,C00914,P014,Active Mat 14,3,Nothing to complain about nothing to rave about,2025-04-10
R000599,T005615,C00294,P004,Essential Bag 04,5,Bought as a gift and now keeping it for myself lol,2025-11-20
R000600,T004701,C00883,P018,Pure Band 18,4,Bought one for my sister too shipping was quick,2025-10-24
R000601,T001855,C00230,P024,Modern Serum 24,5,My new favorite thing in the house,2025-06-23
R000602,T003190,C00695,P030,Active Mat 30,4,"Good product, instructions could be clearer delivery took forever",2025-06-19
R000603,T002093,C00156,P005,Bright Organizer 05,3,it does the job. nothing special. looked different in the photos,2025-08-29
R000604,T004547,C00034,P007,Calm Cream 07,1,one star because zero isnt an option,2025-09-27
R000605,T004031,C00461,P019,Urban Bottle 19,3,Okay for now. Lets see how long it lasts packaging was a bit much,2025-11-04
R000606,T003562,C00139,P001,Daily Lamp 01,5,I use it constantly and it still looks brand new,2025-12-05
R000607,T003814,C00197,P011,Urban Bottle 11,3,Could be better but could be worse shipping was quick,2025-08-25
R000608,T002297,C00315,P021,Bright Organizer 21,1,Awful Just awful Save yourself the headache??,2025-05-01
R000609,T003262,C00854,P005,Bright Organizer 05,5,This is SO good why did i wait so long...,2025-06-30
R000610,T000911,C00301,P019,Urban Bottle 19,5,genuinely life changing for my morning routine,2025-02-26
R000611,T003546,C00904,P020,Essential Bag 20,1,THE SMELL IS HORRIBLE AND IT DID NOTHING,2025-07-29
R000612,T001699,C00550,P025,Daily Lamp 25,4,better than the one i replaced customer support got back to me fast,2025-05-22
R000613,T003645,C00628,P015,Calm Cream 15,5,Exceeded every expectation by a mile!!,2025-11-08
R000614,T000750,C00839,P018,Pure Band 18,3,I HAVE MIXED FEELINGS ABOUT THIS ONE SAW IT ON INSTAGRAM FIRST,2025-07-05
R000615,T001150,C00783,P016,Modern Serum 16,4,"Good product, instructions could be clearer saw it on instagram first",2025-06-20
R000616,T004224,C00742,P001,Daily Lamp 01,5,I LOVE IT. already ordered another one,2025-12-14
R000617,T001014,C00755,P025,Daily Lamp 25,3,Not bad! Not great either,2025-07-15
R000618,T002526,C00241,P026,Pure Band 26,4,"Love the design, one small issue with the packaging bought it during the sale",2025-08-01
R000619,T005568,C00052,P027,Urban Bottle 27,4,Pretty impressed tbh,2025-12-20
R000620,T003572,C00227,P008,Modern Serum 08,3,Looks nice but the quality feels pretty basic,2025-08-25
R000621,T003865,C00084,P025,Daily Lamp 25,5,This is SO good why did i wait so long,2025-11-21
R000622,T000649,C00792,P022,Active Mat 22,4,Solid little product would recommend,2025-02-17
R000623,T001439,C00615,P003,Urban Bottle 03,2,the photos made it look much better than it is,2025-05-09
R000624,T004496,C00839,P021,Bright Organizer 21,4,Better than the one I replaced,2025-11-12
R000625,T001558,C00972,P025,Daily Lamp 25,4,Does exactly what it says on the tin my friend has one too,2025-08-20
R000626,T005266,C00648,P022,Active Mat 22,2,Was expecting better sadly no,2025-12-20
R000627,T001654,C00331,P019,Urban Bottle 19,3,Some things are good and some are just odd,2025-07-21
R000628,T000246,C00396,P026,Pure Band 26,5,Love love love it. works like a dream,2025-02-05
R000629,T004197,C00900,P019,Urban Bottle 19,4,Love the design one small issue with the packaging delivery took forever,2025-10-30
R000630,T000718,C00671,P016,Modern Serum 16,5,I use it constantly and it still looks brand new,2025-08-05
R000631,T000063,C00375,P001,Daily Lamp 01,4,"Good value, gets used every day",2025-05-18
R000632,T005906,C00836,P030,Active Mat 30,4,looks great and works well so far,2025-12-15
R000633,T000403,C00588,P022,Active Mat 22,4,Love the design one small issue with the packaging,2025-05-20
R000634,T003529,C00449,P027,Urban Bottle 27,1,Would give negative stars if i could,2025-11-20
R000635,T003802,C00065,P012,Essential Bag 12,5,I LOVE IT. already ordered another one my friend has one too,2025-09-16
R000636,T002476,C00135,P010,Pure Band 10,2,Quality control seems all over the place,2025-05-31
R000637,T000714,C00453,P004,Essential Bag 04,3,It does the job. Nothing special. saw it on instagram first,2025-07-19
R000638,T000172,C00622,P005,Bright Organizer 05,4,Better than the one I replaced,2025-06-12
R000639,T002432,C00404,P001,Daily Lamp 01,4,Does exactly what it says on the tin,2025-06-24
R000640,T005396,C00759,P022,Active Mat 22,2,The photos made it look much better than it is,2025-10-26
R000641,T005058,C00257,P015,Calm Cream 15,5,Exceeded every expectation by a mile,2025-11-15
R000642,T005903,C00069,P029,Bright Organizer 29,5,MY NEW FAVORITE THING IN THE HOUSE DELIVERY TOOK FOREVER,2025-11-29
R000643,T005957,C00862,P007,Calm Cream 07,4,Pretty impressed tbh,2025-12-14
R000644,T002034,C00977,P010,Pure Band 10,3,works like it should but doesnt wow me,2025-06-24
R000645,T006515,C00450,P010,Pure Band 10,3,I have mixed feelings about this one looked different in the photos,2025-12-29
R000646,T001639,C00295,P020,Essential Bag 20,1,It broke immediately. customer service was useless too,2025-07-07
R000647,T000878,C00442,P016,Modern Serum 16,3,Could be better but could be worse,2025-04-14
R000648,T000267,C00798,P004,Essential Bag 04,3,Useful enough though the instructions were confusing my friend has one too??,2025-01-18
R000649,T004844,C00281,P026,Pure Band 26,5,10/10 WOULD BUY AGAIN AND AGAIN SHIPPING WAS QUICK,2025-12-15
R000650,T002888,C00790,P016,Modern Serum 16,3,Decent once you figure out how it works,2025-09-13
R000651,T001893,C00216,P010,Pure Band 10,3,"Nothing to complain about, nothing to rave about looked different in the photos!!",2025-08-21
R000652,T005533,C00034,P007,Calm Cream 07,4,Better than the one I replaced,2025-11-21
R000653,T006364,C00074,P025,Daily Lamp 25,2,Had to return it Shame because the idea was good customer support got back to me fast,2025-12-22
R000654,T004080,C00301,P010,Pure Band 10,3,Decent once you figure out how it works,2025-08-23
R000655,T001955,C00256,P012,Essential Bag 12,4,Works perfectly for what I needed my friend has one too,2025-05-27
R000656,T005816,C00746,P006,Active Mat 06,4,good product instructions could be clearer,2025-12-12
R000657,T006135,C00099,P026,Pure Band 26,3,"Useful enough, though the instructions were confusing bought it during the sale",2025-12-16
R000658,T004475,C00358,P002,Pure Band 02,5,This is SO good why did i wait so long bought it during the sale,2025-12-06
R000659,T000114,C00465,P028,Essential Bag 28,3,"I use it, just dont love it my friend has one too",2025-06-25
R000660,T006008,C00728,P002,Pure Band 02,1,I regret buying this every single day shipping was quick,2025-11-23
R000661,T005544,C00047,P023,Calm Cream 23,5,a+++ no complaints at all,2025-11-06
R000662,T005624,C00590,P022,Active Mat 22,3,Decent once you figure out how it works,2025-11-21
R000663,T000286,C00819,P007,Calm Cream 07,4,Works perfectly for what I needed,2025-04-07
R000664,T002036,C00689,P005,Bright Organizer 05,3,AVERAGE PRODUCT AVERAGE PRICE AVERAGE EXPERIENCE,2025-08-07
R000665,T003933,C00962,P014,Active Mat 14,3,DECENT ONCE YOU FIGURE OUT HOW IT WORKS,2025-09-18
R000666,T002126,C00767,P010,Pure Band 10,3,Works like it should but doesnt wow me,2025-07-05
R000667,T002606,C00021,P027,Urban Bottle 27,1,Not as described at all. seriously disappointing,2025-06-09
R000668,T000844,C00615,P011,Urban Bottle 11,2,Too expensive for something this average my friend has one too,2025-06-14
R000669,T003693,C00585,P030,Active Mat 30,3,Works as expected which is fine,2025-08-11
R000670,T000203,C00791,P016,Modern Serum 16,3,"Fine i guess, a few annoying bits customer support got back to me fast",2025-04-26
R000671,T004366,C00040,P010,Pure Band 10,5,This is SO good why did i wait so long,2025-10-12
R000672,T004359,C00392,P028,Essential Bag 28,1,"Worst thing ive bought in ages, honestly furious bought it during the sale",2025-10-02
R000673,T003188,C00292,P007,Calm Cream 07,1,looks cheap feels cheap and it doesnt even work saw it on instagram first,2025-06-28
R000674,T006309,C00216,P001,Daily Lamp 01,5,A+++ no complaints at all looked different in the photos,2025-12-28
R000675,T000638,C00957,P022,Active Mat 22,2,Too expensive for something this average,2025-05-11
R000676,T000797,C00289,P010,Pure Band 10,2,Arrived late and the packaging was a mess shipping was quick,2025-07-16
R000677,T001205,C00073,P029,Bright Organizer 29,4,Happy with it. delivery was quick too delivery took forever,2025-04-03
R000678,T000333,C00604,P016,Modern Serum 16,3,Decent once you figure out how it works...,2025-01-28
R000679,T002604,C00327,P008,Modern Serum 08,3,Some things are good and some are just odd looked different in the photos,2025-06-20
R000680,T002654,C00401,P030,Active Mat 30,4,Bought one for my sister too,2025-06-10
R000681,T002245,C00575,P010,Pure Band 10,3,Some things are good and some are just odd,2025-08-08
R000682,T000583,C00930,P012,Essential Bag 12,3,Useful enough though the instructions were confusing,2025-04-08
R000683,T002788,C00337,P030,Active Mat 30,4,Better than the one I replaced,2025-09-10
R000684,T003715,C00297,P006,Active Mat 06,2,Not worth the hassle,2025-12-17
R000685,T001296,C00662,P028,Essential Bag 28,1,Do NOT waste your money on this!!!,2025-09-04
R000686,T004178,C00324,P006,Active Mat 06,2,Too expensive for something this average,2025-08-27
R000687,T004550,C00219,P017,Daily Lamp 17,1,broke the first time i used it lol,2025-10-20
R000688,T001183,C00288,P023,Calm Cream 23,4,Works perfectly for what I needed bought it during the sale,2025-08-05
R000689,T003453,C00407,P011,Urban Bottle 11,3,Decent once you figure out how it works bought it during the sale,2025-08-03
R000690,T006387,C00760,P021,Bright Organizer 21,4,"Solid little product, would recommend!!",2025-12-17
R000691,T000562,C00378,P003,Urban Bottle 03,2,Fine for a week then started acting weird,2025-07-21
R000692,T004937,C00955,P008,Modern Serum 08,3,Fine i guess a few annoying bits,2025-11-24
R000693,T004512,C00717,P017,Daily Lamp 17,4,"Love the design, one small issue with the packaging my friend has one too",2025-11-14
R000694,T002296,C00284,P028,Essential Bag 28,1,Do NOT waste your money on this!!!,2025-06-19
R000695,T001500,C00235,P030,Active Mat 30,5,Best thing ever. I tell everyone about it,2025-08-20
R000696,T002622,C00228,P001,Daily Lamp 01,5,Incredible quality for the price wow,2025-07-03
R000697,T001067,C00157,P019,Urban Bottle 19,3,"Nothing to complain about, nothing to rave about",2025-03-12
R000698,T001511,C00830,P002,Pure Band 02,5,This deserves more than five stars,2025-03-24
R000699,T006223,C00742,P003,Urban Bottle 03,4,Easy to use and feels pretty sturdy,2025-12-24
R000700,T003081,C00950,P016,Modern Serum 16,3,Some things are good and some are just odd,2025-11-23
R000701,T004800,C00582,P024,Modern Serum 24,4,Does exactly what it says on the tin,2025-11-13
R000702,T001938,C00190,P011,Urban Bottle 11,3,"Fine i guess, a few annoying bits",2025-04-28
R000703,T003035,C00582,P024,Modern Serum 24,5,My new favorite thing in the house,2025-10-12
R000704,T000769,C00476,P014,Active Mat 14,1,Absolute rubbish. Fell apart after two days. looked different in the photos,2025-02-16
R000705,T003598,C00414,P022,Active Mat 22,5,Obsessed obsessed obsessed delivery took forever,2025-11-26
R000706,T001284,C00033,P007,Calm Cream 07,5,Perfect in every way. no notes,2025-07-22
R000707,T004838,C00312,P004,Essential Bag 04,4,Really useful and nicer than I expected??,2025-10-19
R000708,T001255,C00285,P019,Urban Bottle 19,5,Finally something that actually works!!!,2025-07-26
R000709,T005199,C00312,P015,Calm Cream 15,5,Love love love it. works like a dream,2025-10-27
R000710,T001169,C00614,P013,Bright Organizer 13,4,Pretty impressed tbh,2025-08-19
R000711,T005215,C00129,P021,Bright Organizer 21,3,Looks nice but the quality feels pretty basic,2025-10-20
R000712,T002399,C00056,P014,Active Mat 14,3,Decent once you figure out how it works,2025-07-04
R000713,T001218,C00846,P023,Calm Cream 23,4,"love the design, one small issue with the packaging my friend has one too",2025-05-24
R000714,T005002,C00577,P020,Essential Bag 20,2,not worth the hassle,2025-11-20
R000715,T003393,C00081,P017,Daily Lamp 17,5,Finally something that actually works,2025-08-24
R000716,T004966,C00517,P027,Urban Bottle 27,4,NICE QUALITY. TOOK A STAR OFF FOR THE PRICE,2025-11-24
R000717,T004788,C00830,P023,Calm Cream 23,3,"Average product, average price, average experience...",2025-12-13
R000718,T006068,C00808,P002,Pure Band 02,3,Some things are good and some are just odd,2025-12-05
R000719,T000832,C00095,P030,Active Mat 30,5,i love it. already ordered another one,2025-05-31
R000720,T001979,C00924,P011,Urban Bottle 11,2,The photos made it look much better than it is,2025-07-02
R000721,T006281,C00776,P030,Active Mat 30,3,"Nothing to complain about, nothing to rave about??",2025-12-30
R000722,T006056,C00297,P028,Essential Bag 28,1,Three weeks and already in the bin,2025-12-16
R000723,T000020,C00855,P027,Urban Bottle 27,4,HAPPY WITH IT. DELIVERY WAS QUICK TOO,2025-02-24
R000724,T000550,C00309,P024,Modern Serum 24,4,"Solid little product, would recommend",2025-05-01
R000725,T003834,C00808,P022,Active Mat 22,3,"Fine i guess, a few annoying bits",2025-08-31
R000726,T003074,C00135,P005,Bright Organizer 05,3,Some things are good and some are just odd shipping was quick,2025-08-19
R000727,T000330,C00331,P020,Essential Bag 20,5,Finally something that actually works,2025-04-04
R000728,T004290,C00174,P007,Calm Cream 07,4,Easy to use and feels pretty sturdy my friend has one too,2025-12-01
R000729,T004541,C00197,P027,Urban Bottle 27,3,Not bad! Not great either,2025-09-08
R000730,T005501,C00038,P011,Urban Bottle 11,3,"Fine i guess, a few annoying bits",2025-12-11
R000731,T003696,C00980,P010,Pure Band 10,4,Pretty impressed tbh,2025-10-24
R000732,T006090,C00166,P021,Bright Organizer 21,4,Really useful and nicer than I expected.,2025-12-17
R000733,T006292,C00507,P028,Essential Bag 28,3,It does the job. Nothing special.,2025-12-12
R000734,T004166,C00107,P020,Essential Bag 20,5,My new favorite thing in the house,2025-08-31
R000735,T004543,C00799,P024,Modern Serum 24,2,Would be ok at half the price,2025-11-06
R000736,T001170,C00398,P004,Essential Bag 04,2,Kinda disappointing tbh bought it during the sale,2025-04-25
R000737,T001246,C00106,P011,Urban Bottle 11,1,i hate this so much. unusable,2025-05-05
R000738,T002336,C00774,P006,Active Mat 06,5,Genuinely life changing for my morning routine,2025-05-05
R000739,T006157,C00560,P006,Active Mat 06,4,BOUGHT ONE FOR MY SISTER TOO CUSTOMER SUPPORT GOT BACK TO ME FAST,2025-12-26
R000740,T001372,C00158,P001,Daily Lamp 01,3,Some things are good and some are just odd,2025-06-21
R000741,T004072,C00497,P009,Daily Lamp 09,3,It does the job. Nothing special.,2025-11-03
R000742,T004296,C00639,P030,Active Mat 30,3,Decent once you figure out how it works,2025-09-11
R000743,T003017,C00219,P012,Essential Bag 12,1,Doesnt fit doesnt work waste of time,2025-07-11
R000744,T001982,C00858,P026,Pure Band 26,2,It technically works but i dont like using it,2025-06-19
R000745,T006050,C00958,P025,Daily Lamp 25,3,Works like it should but doesnt wow me,2025-11-30
R000746,T000957,C00652,P005,Bright Organizer 05,1,"Doesnt fit, doesnt work, waste of time",2025-04-04
R000747,T000829,C00051,P011,Urban Bottle 11,5,Exceeded every expectation by a mile,2025-05-21
R000748,T003010,C00627,P024,Modern Serum 24,1,broke the first time i used it lol,2025-09-18
R000749,T003917,C00731,P017,Daily Lamp 17,5,love love love it. works like a dream looked different in the photos,2025-10-06
R000750,T001143,C00084,P011,Urban Bottle 11,1,one star because zero isnt an option,2025-03-06
R000751,T002217,C00491,P026,Pure Band 26,3,Some things are good and some are just odd,2025-05-02
R000752,T000302,C00946,P014,Active Mat 14,4,"Solid little product, would recommend",2025-07-10
R000753,T005451,C00323,P024,Modern Serum 24,3,Could be better but could be worse,2025-11-11
R000754,T000074,C00159,P025,Daily Lamp 25,5,Love love love it works like a dream,2025-02-25
R000755,T004159,C00788,P005,Bright Organizer 05,3,i have mixed feelings about this one,2025-11-01
R000756,T001413,C00890,P019,Urban Bottle 19,5,Perfect in every way. no notes,2025-03-17
R000757,T003245,C00299,P004,Essential Bag 04,1,Arrived damaged and the replacement was also damaged. wow.,2025-08-17
R000758,T005329,C00091,P018,Pure Band 18,5,Best purchase ive made in months hands down,2025-11-02
R000759,T004125,C00962,P016,Modern Serum 16,3,I have mixed feelings about this one,2025-10-18
R000760,T002696,C00812,P018,Pure Band 18,4,"love the design, one small issue with the packaging",2025-08-18
R000761,T004432,C00975,P013,Bright Organizer 13,5,best thing ever i tell everyone about it shipping was quick,2025-10-26
R000762,T000367,C00125,P006,Active Mat 06,3,"Average product, average price, average experience",2025-03-26
R000763,T003023,C00752,P012,Essential Bag 12,4,I reach for this all the time now,2025-10-30
R000764,T001334,C00200,P017,Daily Lamp 17,3,okay for now. lets see how long it lasts,2025-07-21
R000765,T003267,C00716,P029,Bright Organizer 29,1,Returned it. Complete scam at this price. customer support got back to me fast,2025-07-08
R000766,T002969,C00648,P020,Essential Bag 20,3,Looks nice but the quality feels pretty basic,2025-06-15
R000767,T002700,C00354,P014,Active Mat 14,4,"Solid little product, would recommend",2025-10-22
R000768,T001596,C00103,P022,Active Mat 22,2,"It works sometimes, which is not really good enough",2025-07-04
R000769,T002402,C00973,P004,Essential Bag 04,5,Absolutely obsessed with this. Best purchase this year!!! saw it on instagram first,2025-05-31
R000770,T000201,C00182,P013,Bright Organizer 13,3,Could be better but could be worse,2025-05-24
R000771,T003882,C00556,P023,Calm Cream 23,3,Okay for now. Lets see how long it lasts,2025-12-20
R000772,T006195,C00487,P007,Calm Cream 07,3,I use it just dont love it,2025-12-29
R000773,T000741,C00814,P024,Modern Serum 24,4,"good value, gets used every day",2025-04-26
R000774,T003660,C00131,P018,Pure Band 18,4,Bought one for my sister too,2025-07-11
R000775,T004318,C00687,P012,Essential Bag 12,2,"It works sometimes, which is not realy good enough!!",2025-11-21
R000776,T001579,C00761,P012,Essential Bag 12,3,I HAVE MIXED FEELINGS ABOUT THIS ONE,2025-04-09
R000777,T005133,C00375,P010,Pure Band 10,3,"Nothing to complain about, nothing to rave about my friend has one too",2025-12-30
R000778,T004407,C00279,P012,Essential Bag 12,4,Nice quality. took a star off for the price,2025-10-17
R000779,T003698,C00219,P023,Calm Cream 23,1,Arrived damaged and the replacement was also damaged. wow.,2025-08-15
R000780,T002249,C00721,P028,Essential Bag 28,4,Really useful and nicer than I expected,2025-07-15
R000781,T005295,C00550,P030,Active Mat 30,1,"Doesnt fit, doesnt work, waste of time",2025-11-15
R000782,T003029,C00135,P020,Essential Bag 20,4,Happy with it delivery was quick too,2025-06-16
R000783,T000803,C00941,P022,Active Mat 22,5,Finally something that actually works!!!,2025-02-23
R000784,T004136,C00863,P004,Essential Bag 04,3,Average product average price average experience!!,2025-11-21
R000785,T000386,C00125,P014,Active Mat 14,4,"Solid little product, would recommend",2025-06-17
R000786,T003487,C00332,P007,Calm Cream 07,3,DECENT ONCE YOU FIGURE OUT HOW IT WORKS,2025-11-03
R000787,T004763,C00994,P005,Bright Organizer 05,5,Love love love it. works like a dream,2025-10-26
R000788,T000393,C00223,P001,Daily Lamp 01,5,Bought as a gift and now keeping it for myself lol shipping was quick,2025-05-15
R000789,T002008,C00437,P002,Pure Band 02,5,This deserves more than five stars delivery took forever,2025-06-14
R000790,T002760,C00887,P021,Bright Organizer 21,5,Absolutely obsessed with this Best purchase this year,2025-08-26
R000791,T004010,C00490,P026,Pure Band 26,3,Some things are good and some are just odd,2025-10-07
R000792,T000130,C00131,P023,Calm Cream 23,5,Best thing ever. I tell everyone about it,2025-03-17
R000793,T004037,C00998,P003,Urban Bottle 03,3,Not bad! Not great either,2025-08-21
R000794,T001508,C00028,P009,Daily Lamp 09,3,Useful enough though the instructions were confusing,2025-05-01
R000795,T000516,C00705,P024,Modern Serum 24,5,Obsessed. obsessed. obsessed.,2025-02-13
R000796,T003819,C00673,P009,Daily Lamp 09,4,Good product instructions could be clearer,2025-08-01
R000797,T005584,C00102,P023,Calm Cream 23,5,Absolutely obsessed with this Best purchase this year...,2025-12-11
R000798,T005519,C00412,P020,Essential Bag 20,5,Genuinely life changing for my morning routine,2025-12-09
R000799,T004028,C00851,P021,Bright Organizer 21,1,broke the first time i used it lol??,2025-08-17
R000800,T000699,C00973,P011,Urban Bottle 11,4,works perfectly for what i needed my friend has one too,2025-04-15
R000801,T002143,C00063,P018,Pure Band 18,1,paid for quality got dollar store junk,2025-04-22
R000802,T005991,C00946,P004,Essential Bag 04,3,Decent once you figure out how it works!!,2025-12-14
R000803,T005976,C00313,P005,Bright Organizer 05,5,PERFECT IN EVERY WAY. NO NOTES DELIVERY TOOK FOREVER,2025-12-18
R000804,T000039,C00158,P007,Calm Cream 07,3,I have mixed feelings about this one,2025-04-01
R000805,T003774,C00568,P011,Urban Bottle 11,1,"DOESNT FIT, DOESNT WORK, WASTE OF TIME",2025-11-16
R000806,T000154,C00005,P007,Calm Cream 07,4,Really useful and nicer than I expected. looked different in the photos,2025-05-29
R000807,T004339,C00330,P013,Bright Organizer 13,3,"Fine i guess, a few annoying bits delivery took forever",2025-10-20
R000808,T001698,C00455,P009,Daily Lamp 09,3,could be better but could be worse bought it during the sale,2025-05-03
R000809,T006378,C00947,P013,Bright Organizer 13,4,"Good product, instructions could be clearer packaging was a bit much",2025-12-17
R000810,T003270,C00681,P008,Modern Serum 08,1,I hate this so much. unusable bought it during the sale,2025-11-20
R000811,T002125,C00978,P012,Essential Bag 12,2,Had to return it. Shame because the idea was good looked different in the photos,2025-07-10
R000812,T003419,C00381,P024,Modern Serum 24,5,Love love love it works like a dream,2025-08-23
R000813,T003207,C00611,P023,Calm Cream 23,3,"Fine i guess, a few annoying bits",2025-11-26
R000814,T004878,C00380,P003,Urban Bottle 03,2,Quality control seems all over the place,2025-12-29
R000815,T000946,C00742,P025,Daily Lamp 25,4,"Good value, gets used every day looked different in the photos",2025-05-30
R000816,T005799,C00698,P017,Daily Lamp 17,5,My new favorite thing in the house,2025-12-21
R000817,T001622,C00931,P015,Calm Cream 15,5,Absolutely obsessed with this Best purchase this year,2025-06-03
R000818,T005066,C00081,P021,Bright Organizer 21,4,"Good value, gets used every day",2025-11-22
R000819,T003137,C00611,P017,Daily Lamp 17,5,This is SO good why did i wait so long!!,2025-08-16
R000820,T003888,C00747,P020,Essential Bag 20,4,i reach for this all the time now,2025-11-18
R000821,T002748,C00433,P012,Essential Bag 12,3,could be better but could be worse,2025-11-17
R000822,T001816,C00866,P005,Bright Organizer 05,3,"I use it, just dont love it delivery took forever",2025-04-14
R000823,T000537,C00001,P017,Daily Lamp 17,5,a+++ no complaints at all customer support got back to me fast,2025-06-27
R000824,T000798,C00824,P002,Pure Band 02,3,Works like it should but doesnt wow me,2025-05-27
R000825,T004481,C00698,P021,Bright Organizer 21,4,Nice quality. took a star off for the price,2025-12-05
R000826,T003162,C00989,P013,Bright Organizer 13,4,"Good product, instructions could be clearer",2025-07-12
R000827,T003151,C00402,P007,Calm Cream 07,3,"Works as expected, which is fine",2025-07-18
R000828,T003086,C00628,P004,Essential Bag 04,3,"Works as expected, which is fine packaging was a bit much",2025-07-10
R000829,T002535,C00557,P001,Daily Lamp 01,1,Absolute rubbish. Fell apart after two days.,2025-10-10
R000830,T005302,C00426,P006,Active Mat 06,2,Not terrible but definitely not buying again,2025-11-15
R000831,T000160,C00097,P019,Urban Bottle 19,5,Absolutely obsessed with this. Best purchase this year!!!,2025-04-19
R000832,T001099,C00445,P006,Active Mat 06,4,Pretty impressed tbh,2025-07-22
R000833,T004801,C00154,P014,Active Mat 14,5,"Best purchase ive made in months, hands down",2025-09-16
R000834,T001352,C00592,P001,Daily Lamp 01,5,This deserves more than five stars,2025-09-09
R000835,T000372,C00189,P004,Essential Bag 04,4,better than the one i replaced,2025-03-29
R000836,T002558,C00128,P015,Calm Cream 15,5,"Incredible quality for the price, wow customer support got back to me fast",2025-06-04
R000837,T002218,C00322,P026,Pure Band 26,3,"i use it, just dont love it",2025-10-05
R000838,T001574,C00296,P021,Bright Organizer 21,3,"Fine i guess, a few annoying bits",2025-04-19
R000839,T003012,C00539,P020,Essential Bag 20,5,love love love it. works like a dream,2025-11-18
R000840,T002393,C00465,P002,Pure Band 02,4,"Solid little product, would recommend",2025-08-10
R000841,T005076,C00779,P023,Calm Cream 23,3,Works like it should but doesnt wow me bought it during the sale,2025-11-21
R000842,T001153,C00900,P023,Calm Cream 23,4,Good product instructions could be clearer,2025-05-14
R000843,T001307,C00832,P001,Daily Lamp 01,5,love love love it. works like a dream,2025-06-18
R000844,T006315,C00953,P029,Bright Organizer 29,5,10/10 would buy again and again,2025-12-28
R000845,T003952,C00538,P002,Pure Band 02,1,I hate this so much. unusable looked different in the photos,2025-09-05
R000846,T006311,C00663,P025,Daily Lamp 25,3,Looks nice but the quality feels pretty basic,2025-12-25
R000847,T002560,C00745,P002,Pure Band 02,4,Better than the one I replaced,2025-10-03
R000848,T002198,C00569,P020,Essential Bag 20,4,Nice quality took a star off for the price delivery took forever,2025-09-03
R000849,T006416,C00245,P023,Calm Cream 23,4,"Good product, instructions could be clearer",2025-12-22
R000850,T003721,C00803,P024,Modern Serum 24,5,Obsessed obsessed obsessed,2025-09-15
R000851,T003845,C00445,P029,Bright Organizer 29,3,"Works as expected, which is fine",2025-11-19
R000852,T004487,C00902,P011,Urban Bottle 11,4,I reach for this all the time now,2025-12-22
R000853,T001188,C00650,P007,Calm Cream 07,3,Some things are good and some are just odd,2025-03-05
R000854,T004438,C00047,P017,Daily Lamp 17,5,This deserves more than five stars,2025-09-20
R000855,T006136,C00418,P005,Bright Organizer 05,3,Looks nice but the quality feels pretty basic,2025-12-28
R000856,T001177,C00619,P008,Modern Serum 08,2,meh. feels flimsy my friend has one too,2025-03-19
R000857,T003121,C00132,P001,Daily Lamp 01,1,The smell is HORRIBLE and it did nothing...,2025-11-14
R000858,T002056,C00052,P025,Daily Lamp 25,4,"solid little product, would recommend",2025-07-01
R000859,T000224,C00724,P024,Modern Serum 24,4,"Good product, instructions could be clearer",2025-07-08
R000860,T002759,C00070,P019,Urban Bottle 19,5,Perfect in every way no notes,2025-11-14
R000861,T002725,C00927,P009,Daily Lamp 09,2,Quality control seems all over the place,2025-05-30
R000862,T003254,C00892,P003,Urban Bottle 03,5,Obsessed. obsessed. obsessed.,2025-10-31
R000863,T001641,C00793,P007,Calm Cream 07,4,I REACH FOR THIS ALL THE TIME NOW,2025-07-12
R000864,T004798,C00375,P011,Urban Bottle 11,4,Better than the one I replaced,2025-12-04
R000865,T003996,C00069,P018,Pure Band 18,4,Better than the one I replaced,2025-09-30
R000866,T001359,C00451,P001,Daily Lamp 01,5,Absolutely obsessed with this. Best purchase this year!!!,2025-08-25
R000867,T002789,C00427,P018,Pure Band 18,3,"Works as expected, which is fine",2025-07-11
R000868,T000544,C00727,P017,Daily Lamp 17,3,"Works as expected, which is fine",2025-04-11
R000869,T002368,C00456,P004,Essential Bag 04,2,Kinda disappointing tbh,2025-09-14
R000870,T002276,C00684,P024,Modern Serum 24,5,"Best purchase ive made in months, hands down",2025-05-14
R000871,T000036,C00863,P012,Essential Bag 12,4,Looks great and works well so far,2025-04-17
R000872,T005987,C00686,P007,Calm Cream 07,2,Quality control seems all over the place,2025-12-05
R000873,T003690,C00529,P012,Essential Bag 12,3,It does the job. Nothing special.,2025-08-08
R000874,T002843,C00607,P002,Pure Band 02,3,Some things are good and some are just odd,2025-10-11
R000875,T003871,C00775,P001,Daily Lamp 01,5,"Incredible quality for the price, wow",2025-12-16
R000876,T003357,C00945,P022,Active Mat 22,4,Really useful and nicer than I expected.,2025-12-17
R000877,T003929,C00475,P026,Pure Band 26,4,Better than the one I replaced,2025-11-30
R000878,T001388,C00127,P026,Pure Band 26,3,SOME THINGS ARE GOOD AND SOME ARE JUST ODD SAW IT ON INSTAGRAM FIRST,2025-05-04
R000879,T003378,C00009,P017,Daily Lamp 17,5,THIS DESERVES MORE THAN FIVE STARS,2025-10-02
R000880,T006361,C00577,P009,Daily Lamp 09,4,Really useful and nicer than I expected.,2025-12-26
R000881,T002131,C00039,P015,Calm Cream 15,4,"Good product, instructions could be clearer",2025-10-11
R000882,T000353,C00509,P002,Pure Band 02,4,"Good value, gets used every day looked different in the photos",2025-06-28
R000883,T000572,C00755,P013,Bright Organizer 13,2,Not terrible but definately not buying again bought it during the sale,2025-07-28
R000884,T006532,C00433,P010,Pure Band 10,5,"Best purchase ive made in months, hands down",2025-12-29
R000885,T002084,C00555,P013,Bright Organizer 13,4,Really useful and nicer than I expected.,2025-08-22
R000886,T005904,C00037,P016,Modern Serum 16,5,Love love love it. works like a dream,2025-11-21
R000887,T004536,C00923,P003,Urban Bottle 03,5,Obsessed obsessed obsessed shipping was quick,2025-09-27
R000888,T000899,C00976,P027,Urban Bottle 27,5,Absolutely obsessed with this. Best purchase this year!!!,2025-08-02
R000889,T002328,C00564,P027,Urban Bottle 27,3,"i use it, just dont love it",2025-05-16
R000890,T001635,C00724,P011,Urban Bottle 11,3,some things are good and some are just odd,2025-04-08
R000891,T001374,C00712,P019,Urban Bottle 19,3,Useful enough though the instructions were confusing bought it during the sale,2025-07-03
R000892,T001755,C00117,P029,Bright Organizer 29,4,Bought one for my sister too,2025-09-24
R000893,T000788,C00746,P005,Bright Organizer 05,4,Better than the one I replaced,2025-03-06
R000894,T003501,C00499,P019,Urban Bottle 19,4,Really useful and nicer than I expected,2025-11-03
R000895,T005416,C00133,P029,Bright Organizer 29,2,Not great. I expected more for the price. my friend has one too,2025-11-28
R000896,T000789,C00146,P011,Urban Bottle 11,5,Best thing ever I tell everyone about it,2025-02-27
R000897,T004905,C00948,P019,Urban Bottle 19,2,The photos made it look much better than it is,2025-10-24
R000898,T004825,C00501,P002,Pure Band 02,5,A+++ no complaints at all,2025-10-28
R000899,T004227,C00099,P006,Active Mat 06,4,Bought one for my sister too,2025-10-01
R000900,T003815,C00602,P014,Active Mat 14,5,"Best purchase ive made in months, hands down",2025-12-25
R000901,T005538,C00267,P008,Modern Serum 08,4,Works perfectly for what I needed,2025-12-01
R000902,T006352,C00326,P015,Calm Cream 15,5,Genuinely life changing for my morning routine,2025-12-28
R000903,T001821,C00752,P028,Essential Bag 28,3,Could be better but could be worse,2025-07-09
R000904,T001108,C00917,P014,Active Mat 14,5,Finally something that actually works!!!,2025-07-20
R000905,T004322,C00191,P022,Active Mat 22,5,I use it constantly and it still looks brand new shipping was quick,2025-11-10
R000906,T003140,C00886,P002,Pure Band 02,3,I have mixed feelings about this one,2025-07-13
R000907,T003612,C00844,P028,Essential Bag 28,1,Absolute rubbish. Fell apart after two days. delivery took forever,2025-11-11
R000908,T004754,C00742,P028,Essential Bag 28,3,"I use it, just dont love it",2025-10-14
R000909,T002314,C00948,P024,Modern Serum 24,4,Easy to use and feels pretty sturdy,2025-05-09
R000910,T002818,C00923,P010,Pure Band 10,3,Decent once you figure out how it works,2025-06-11
R000911,T005299,C00633,P028,Essential Bag 28,1,I regret buying this every single day,2025-10-21
R000912,T001092,C00100,P022,Active Mat 22,4,Nice quality. took a star off for the price,2025-06-17
R000913,T005785,C00237,P019,Urban Bottle 19,3,OKAY FOR NOW LETS SEE HOW LONG IT LASTS MY FRIEND HAS ONE TOO,2025-11-25
R000914,T004271,C00021,P016,Modern Serum 16,5,THIS DESERVES MORE THAN FIVE STARS,2025-10-06
R000915,T000920,C00881,P005,Bright Organizer 05,1,"Doesnt fit, doesnt work, waste of time",2025-03-20
R000916,T002738,C00675,P028,Essential Bag 28,5,EXCEEDED EVERY EXPECTATION BY A MILE MY FRIEND HAS ONE TOO,2025-09-29
R000917,T005240,C00522,P012,Essential Bag 12,2,Kinda disappointing tbh,2025-10-16
R000918,T003308,C00599,P001,Daily Lamp 01,3,Fine i guess a few annoying bits,2025-07-07
R000919,T005553,C00312,P025,Daily Lamp 25,3,Could be better but could be worse,2025-12-27
R000920,T000900,C00637,P015,Calm Cream 15,5,Love love love it. works like a dream...,2025-06-18
R000921,T001704,C00960,P005,Bright Organizer 05,5,this deserves more than five stars,2025-08-17
R000922,T003034,C00618,P005,Bright Organizer 05,3,"I use it, just dont love it",2025-11-19
R000923,T000096,C00644,P001,Daily Lamp 01,5,this deserves more than five stars,2025-03-10
R000924,T002454,C00332,P014,Active Mat 14,2,It technically works but i dont like using it...,2025-09-26
R000925,T001750,C00670,P027,Urban Bottle 27,4,Nice quality. took a star off for the price,2025-09-25
R000926,T005883,C00345,P014,Active Mat 14,3,"Nothing to complain about, nothing to rave about delivery took forever",2025-11-28
R000927,T005653,C00140,P002,Pure Band 02,5,Finally something that actually works!!!,2025-11-11
R000928,T001717,C00348,P008,Modern Serum 08,4,Really useful and nicer than I expected.,2025-08-04
R000929,T005330,C00621,P009,Daily Lamp 09,1,paid for quality got dollar store junk,2025-10-19
R000930,T004604,C00679,P029,Bright Organizer 29,3,FINE I GUESS A FEW ANNOYING BITS,2025-09-04
R000931,T001553,C00630,P007,Calm Cream 07,1,The smell is HORRIBLE and it did nothing,2025-08-11
R000932,T001435,C00604,P015,Calm Cream 15,3,"Fine i guess, a few annoying bits",2025-05-13
R000933,T005634,C00632,P002,Pure Band 02,4,Looks great and works well so far!!,2025-11-04
R000934,T006003,C00393,P025,Daily Lamp 25,3,Some things are good and some are just odd,2025-12-17
R000935,T000107,C00586,P012,Essential Bag 12,3,"Useful enough, though the instructions were confusing",2025-04-15
R000936,T000617,C00152,P012,Essential Bag 12,2,It technically works but i dont like using it shipping was quick,2025-02-26
R000937,T000472,C00333,P009,Daily Lamp 09,5,exceeded every expectation by a mile,2025-04-14
R000938,T002804,C00913,P019,Urban Bottle 19,5,Absolutely obsessed with this. Best purchase this year!!!!!,2025-06-28
R000939,T001615,C00592,P013,Bright Organizer 13,2,Arrived late and the packaging was a mess,2025-07-13
R000940,T000528,C00837,P011,Urban Bottle 11,3,Not bad! Not great either delivery took forever,2025-04-23
R000941,T002378,C00151,P001,Daily Lamp 01,5,Best thing ever. I tell everyone about it shipping was quick,2025-06-09
R000942,T005839,C00321,P014,Active Mat 14,5,Love love love it. works like a dream,2025-11-20
R000943,T005798,C00302,P011,Urban Bottle 11,3,Looks nice but the quality feels pretty basic,2025-12-14
R000944,T001234,C00467,P026,Pure Band 26,4,"Good product, instructions could be clearer",2025-03-25
R000945,T003617,C00225,P009,Daily Lamp 09,5,Bought as a gift and now keeping it for myself lol,2025-09-11
R000946,T002765,C00459,P010,Pure Band 10,1,Arrived damaged and the replacement was also damaged. wow.,2025-08-24
R000947,T000682,C00382,P028,Essential Bag 28,3,Not bad Not great either saw it on instagram first,2025-04-29
R000948,T005118,C00788,P015,Calm Cream 15,3,Okay for now. Lets see how long it lasts,2025-11-01
R000949,T005269,C00006,P008,Modern Serum 08,2,The photos made it look much better than it is,2025-12-25
R000950,T002363,C00828,P018,Pure Band 18,1,Do NOT waste your money on this!!!!!,2025-08-26
R000951,T002244,C00313,P016,Modern Serum 16,4,"Solid little product, would recommend",2025-05-24
R000952,T005870,C00516,P005,Bright Organizer 05,3,"nothing to complain about, nothing to rave about",2025-12-17
R000953,T006425,C00683,P020,Essential Bag 20,2,Fine for a week then started acting weird,2025-12-26
R000954,T006153,C00383,P012,Essential Bag 12,4,Works perfectly for what I needed,2025-12-13
R000955,T004019,C00253,P011,Urban Bottle 11,5,Incredible quality for the price wow customer support got back to me fast,2025-11-28
R000956,T004305,C00847,P012,Essential Bag 12,2,Not great. I expected more for the price. packaging was a bit much,2025-11-17
R000957,T006418,C00983,P020,Essential Bag 20,4,Does exactly what it says on the tin,2025-12-28
R000958,T003426,C00727,P019,Urban Bottle 19,1,looks cheap feels cheap and it doesnt even work...,2025-08-17
R000959,T000152,C00580,P016,Modern Serum 16,3,works as expected which is fine,2025-05-23
R000960,T002833,C00740,P008,Modern Serum 08,4,I reach for this all the time now,2025-09-22
R000961,T003172,C00447,P028,Essential Bag 28,4,Happy with it. delivery was quick too,2025-08-31
R000962,T003040,C00193,P023,Calm Cream 23,5,Obsessed obsessed obsessed!!,2025-11-08
R000963,T001479,C00667,P027,Urban Bottle 27,1,paid for quality got dollar store junk,2025-08-01
R000964,T006283,C00360,P006,Active Mat 06,3,decent once you figure out how it works saw it on instagram first,2025-12-24
R000965,T000518,C00976,P006,Active Mat 06,5,Best thing ever. I tell everyone about it,2025-04-09
R000966,T004544,C00401,P010,Pure Band 10,5,I use it constantly and it still looks brand new,2025-11-30
R000967,T004367,C00889,P015,Calm Cream 15,3,i have mixed feelings about this one,2025-09-23
R000968,T000707,C00102,P001,Daily Lamp 01,5,I use it constantly and it still looks brand new,2025-08-03
R000969,T004519,C00830,P007,Calm Cream 07,5,Absolutely obsessed with this Best purchase this year looked different in the photos,2025-12-06
R000970,T004115,C00875,P023,Calm Cream 23,4,Good product instructions could be clearer...,2025-11-21
R000971,T002146,C00401,P012,Essential Bag 12,3,Could be better but could be worse,2025-06-16
R000972,T006318,C00916,P004,Essential Bag 04,4,Bought one for my sister too,2025-12-12
R000973,T002257,C00188,P014,Active Mat 14,4,"good value, gets used every day",2025-08-28
R000974,T002116,C00287,P005,Bright Organizer 05,5,bought as a gift and now keeping it for myself lol,2025-10-13
R000975,T003298,C00881,P016,Modern Serum 16,4,"Love the design, one small issue with the packaging??",2025-10-01
R000976,T005488,C00246,P002,Pure Band 02,4,bought one for my sister too,2025-12-31
R000977,T001983,C00246,P003,Urban Bottle 03,1,I hate this so much. unusable customer support got back to me fast,2025-08-30
R000978,T000056,C00488,P015,Calm Cream 15,2,Not terrible but definately not buying again,2025-06-24
R000979,T004562,C00675,P029,Bright Organizer 29,4,"Good product, instructions could be clearer looked different in the photos",2025-10-20
R000980,T000133,C00863,P023,Calm Cream 23,5,This is SO good why did i wait so long,2025-05-29
R000981,T003489,C00650,P016,Modern Serum 16,5,Exceeded every expectation by a mile,2025-08-09
R000982,T000773,C00724,P008,Modern Serum 08,3,"FINE I GUESS, A FEW ANNOYING BITS",2025-03-20
R000983,T001674,C00378,P025,Daily Lamp 25,5,a+++ no complaints at all delivery took forever,2025-05-10
R000984,T000824,C00057,P025,Daily Lamp 25,4,Better than the one I replaced,2025-06-24
R000985,T006024,C00998,P009,Daily Lamp 09,1,Would give negative stars if i could!!!,2025-12-10
R000986,T002117,C00606,P019,Urban Bottle 19,4,happy with it. delivery was quick too,2025-06-26
R000987,T002037,C00763,P014,Active Mat 14,4,"Good product, instructions could be clearer customer support got back to me fast",2025-08-14
R000988,T005996,C00863,P011,Urban Bottle 11,5,i love it. already ordered another one delivery took forever,2025-12-05
R000989,T004528,C00024,P010,Pure Band 10,5,Absolutely obsessed with this. Best purchase this year!!! shipping was quick,2025-10-31
R000990,T002829,C00616,P005,Bright Organizer 05,5,I LOVE IT already ordered another one,2025-07-06
R000991,T002016,C00037,P021,Bright Organizer 21,4,Better than the one I replaced,2025-08-19
R000992,T003369,C00173,P004,Essential Bag 04,4,"Love the design, one small issue with the packaging",2025-07-31
R000993,T004882,C00629,P011,Urban Bottle 11,2,Had to return it. Shame because the idea was good,2025-11-21
R000994,T006096,C00465,P021,Bright Organizer 21,2,Had to return it Shame because the idea was good,2025-12-06
R000995,T002444,C00345,P006,Active Mat 06,1,PAID FOR QUALITY GOT DOLLAR STORE JUNK,2025-09-05
R000996,T005609,C00892,P003,Urban Bottle 03,5,Perfect in every way. no notes,2025-12-08
R000997,T005298,C00155,P008,Modern Serum 08,4,"love the design, one small issue with the packaging",2025-12-25
R000998,T000494,C00003,P020,Essential Bag 20,3,"Nothing to complain about, nothing to rave about...",2025-03-03
R000999,T005727,C00874,P015,Calm Cream 15,5,"Incredible quality for the price, wow",2025-12-29
R001000,T005053,C00662,P001,Daily Lamp 01,3,Works as expected which is fine customer support got back to me fast,2025-10-15
R001001,T000801,C00302,P020,Essential Bag 20,5,a+++ no complaints at all,2025-02-18
R001002,T003980,C00928,P011,Urban Bottle 11,4,I reach for this all the time now??,2025-10-31
R001003,T004920,C00889,P015,Calm Cream 15,5,I use it constantly and it still looks brand new,2025-11-20
R001004,T004912,C00716,P020,Essential Bag 20,3,"Average product, average price, average experience customer support got back to me fast",2025-10-29
R001005,T002031,C00144,P015,Calm Cream 15,5,Perfect in every way. no notes,2025-09-01
R001006,T005848,C00317,P019,Urban Bottle 19,1,It broke immediately. customer service was useless too,2025-11-22
R001007,T004491,C00625,P003,Urban Bottle 03,2,Too expensive for something this average,2025-09-23
R001008,T001470,C00192,P009,Daily Lamp 09,3,"AVERAGE PRODUCT, AVERAGE PRICE, AVERAGE EXPERIENCE",2025-06-20
R001009,T001896,C00307,P012,Essential Bag 12,4,I reach for this all the time now,2025-09-15
R001010,T001799,C00970,P017,Daily Lamp 17,5,LOVE LOVE LOVE IT. WORKS LIKE A DREAM SHIPPING WAS QUICK,2025-07-11
R001011,T006101,C00145,P025,Daily Lamp 25,4,Happy with it. delivery was quick too,2025-12-24
R001012,T005303,C00695,P017,Daily Lamp 17,4,Does exactly what it says on the tin,2025-12-16
R001013,T000716,C00040,P024,Modern Serum 24,3,okay for now. lets see how long it lasts,2025-08-02
R001014,T003404,C00282,P003,Urban Bottle 03,1,"Worst thing ive bought in ages, honestly furious",2025-11-03
R001015,T003629,C00837,P003,Urban Bottle 03,2,It technically works but i dont like using it,2025-11-05
R001016,T000327,C00032,P027,Urban Bottle 27,4,Bought one for my sister too,2025-03-09
R001017,T005038,C00491,P011,Urban Bottle 11,3,"Works as expected, which is fine",2025-10-17
R001018,T005682,C00724,P019,Urban Bottle 19,5,This deserves more than five stars,2025-11-11
R001019,T005497,C00745,P029,Bright Organizer 29,4,Works perfectly for what I needed,2025-12-04
R001020,T000778,C00899,P012,Essential Bag 12,5,my new favorite thing in the house,2025-08-09
R001021,T000856,C00741,P003,Urban Bottle 03,5,Genuinely life changing for my morning routine,2025-03-18
R001022,T000369,C00371,P017,Daily Lamp 17,4,"Solid little product, would recommend",2025-06-19
R001023,T006085,C00595,P015,Calm Cream 15,1,one star because zero isnt an option,2025-12-13
R001024,T002957,C00503,P026,Pure Band 26,5,I use it constantly and it still looks brand new,2025-06-21
R001025,T005477,C00899,P015,Calm Cream 15,3,I use it just dont love it packaging was a bit much,2025-11-14
R001026,T005431,C00289,P030,Active Mat 30,5,This deserves more than five stars,2025-10-31
R001027,T001331,C00295,P025,Daily Lamp 25,4,Nice quality. took a star off for the price,2025-03-30
R001028,T002246,C00028,P014,Active Mat 14,1,Returned it. Complete scam at this price.,2025-05-22
R001029,T001796,C00037,P002,Pure Band 02,1,would give negative stars if i could,2025-05-06
R001030,T001601,C00015,P014,Active Mat 14,2,Not terrible but definitely not buying again bought it during the sale,2025-07-29
R001031,T004627,C00349,P015,Calm Cream 15,5,This is SO good why did i wait so long,2025-11-11
R001032,T006260,C00329,P028,Essential Bag 28,5,Obsessed. obsessed. obsessed. looked different in the photos,2025-12-28
R001033,T003314,C00696,P018,Pure Band 18,4,"Good product, instructions could be clearer",2025-10-15
R001034,T003599,C00897,P022,Active Mat 22,5,this is so good why did i wait so long,2025-08-03
R001035,T003212,C00362,P019,Urban Bottle 19,3,"Average product, average price, average experience packaging was a bit much",2025-10-23
R001036,T003849,C00819,P023,Calm Cream 23,4,"GOOD PRODUCT, INSTRUCTIONS COULD BE CLEARER",2025-12-20
R001037,T004117,C00415,P027,Urban Bottle 27,5,This deserves more than five stars,2025-08-10
R001038,T001187,C00407,P009,Daily Lamp 09,4,"Love the design, one small issue with the packaging",2025-05-11
R001039,T003936,C00211,P011,Urban Bottle 11,5,I use it constantly and it still looks brand new??,2025-12-02
R001040,T004714,C00483,P003,Urban Bottle 03,3,"fine i guess, a few annoying bits",2025-10-07
R001041,T004434,C00868,P030,Active Mat 30,3,Works as expected which is fine,2025-09-14
R001042,T003810,C00299,P026,Pure Band 26,1,"Doesnt fit, doesnt work, waste of time",2025-11-11
R001043,T001362,C00043,P028,Essential Bag 28,4,Happy with it. delivery was quick too,2025-08-31
R001044,T001826,C00516,P001,Daily Lamp 01,4,looks great and works well so far,2025-04-11
R001045,T002113,C00487,P004,Essential Bag 04,3,LOOKS NICE BUT THE QUALITY FEELS PRETTY BASIC,2025-05-17
R001046,T000283,C00204,P011,Urban Bottle 11,1,Three weeks and already in the bin,2025-05-29
R001047,T001482,C00692,P001,Daily Lamp 01,5,Perfect in every way. no notes,2025-05-04
R001048,T000693,C00994,P025,Daily Lamp 25,3,Okay for now. Lets see how long it lasts bought it during the sale,2025-03-26
R001049,T005807,C00639,P013,Bright Organizer 13,4,Really useful and nicer than I expected,2025-12-29
R001050,T004760,C00100,P017,Daily Lamp 17,3,It does the job. Nothing special. looked different in the photos,2025-12-31
R001051,T002085,C00525,P009,Daily Lamp 09,3,Not bad! Not great either shipping was quick,2025-05-13
R001052,T002332,C00672,P017,Daily Lamp 17,3,"nothing to complain about, nothing to rave about",2025-06-21
R001053,T002082,C00869,P011,Urban Bottle 11,4,Happy with it. delivery was quick too!!,2025-06-29
R001054,T001915,C00417,P006,Active Mat 06,3,Works like it should but doesnt wow me,2025-07-17
R001055,T004056,C00138,P022,Active Mat 22,5,This is SO good why did i wait so long,2025-12-03
R001056,T003211,C00771,P025,Daily Lamp 25,2,Not terrible but definitely not buying again??,2025-09-17
R001057,T003981,C00851,P018,Pure Band 18,5,This deserves more than five stars,2025-12-15
R001058,T004553,C00352,P004,Essential Bag 04,4,happy with it. delivery was quick too,2025-09-08
R001059,T003866,C00771,P023,Calm Cream 23,3,I have mixed feelings about this one packaging was a bit much,2025-10-12
R001060,T001707,C00033,P024,Modern Serum 24,5,exceeded every expectation by a mile,2025-08-31
R001061,T005078,C00065,P014,Active Mat 14,4,Really useful and nicer than I expected. saw it on instagram first,2025-12-06
R001062,T000437,C00140,P020,Essential Bag 20,5,obsessed. obsessed. obsessed.,2025-07-13
R001063,T006065,C00769,P015,Calm Cream 15,5,"Incredible quality for the price, wow customer support got back to me fast",2025-12-31
R001064,T005395,C00535,P020,Essential Bag 20,1,i regret buying this every single day,2025-11-24
R001065,T005178,C00401,P005,Bright Organizer 05,3,Decent once you figure out how it works,2025-11-27
R001066,T005456,C00143,P023,Calm Cream 23,4,Does exactly what it says on the tin,2025-12-20
R001067,T002167,C00130,P011,Urban Bottle 11,3,I USE IT JUST DONT LOVE IT,2025-05-23
R001068,T005148,C00955,P009,Daily Lamp 09,4,I reach for this all the time now,2025-10-19
R001069,T001308,C00035,P021,Bright Organizer 21,1,do not waste your money on this!!! customer support got back to me fast,2025-04-22
R001070,T005810,C00043,P016,Modern Serum 16,5,This deserves more than five stars,2025-11-16
R001071,T004255,C00723,P013,Bright Organizer 13,5,Perfect in every way no notes,2025-11-10
R001072,T000945,C00234,P027,Urban Bottle 27,1,Awful. Just awful. Save yourself the headache,2025-07-26
R001073,T000982,C00429,P023,Calm Cream 23,3,"Fine i guess, a few annoying bits my friend has one too",2025-04-28
R001074,T006337,C00452,P020,Essential Bag 20,3,"Nothing to complain about, nothing to rave about",2025-12-28
R001075,T003558,C00907,P001,Daily Lamp 01,1,Doesnt fit doesnt work waste of time delivery took forever,2025-12-30
R001076,T005829,C00280,P028,Essential Bag 28,4,Really useful and nicer than I expected. packaging was a bit much,2025-11-11
R001077,T002061,C00121,P023,Calm Cream 23,3,Some things are good and some are just odd,2025-06-23
R001078,T001387,C00867,P013,Bright Organizer 13,4,Easy to use and feels pretty sturdy...,2025-09-06
R001079,T004450,C00121,P027,Urban Bottle 27,4,Solid little product would recommend??,2025-12-11
R001080,T000320,C00671,P023,Calm Cream 23,4,Really useful and nicer than I expected.,2025-07-16
R001081,T005762,C00755,P029,Bright Organizer 29,3,Could be better but could be worse,2025-11-28
R001082,T005725,C00408,P009,Daily Lamp 09,1,I regret buying this every single day looked different in the photos,2025-12-29
R001083,T001381,C00821,P003,Urban Bottle 03,4,Pretty impressed tbh packaging was a bit much,2025-06-30
R001084,T004169,C00205,P028,Essential Bag 28,2,Was expecting better. sadly no packaging was a bit much,2025-11-25
R001085,T003170,C00624,P013,Bright Organizer 13,3,I have mixed feelings about this one packaging was a bit much,2025-07-27
R001086,T004334,C00379,P002,Pure Band 02,5,Bought as a gift and now keeping it for myself lol,2025-10-16
R001087,T005959,C00967,P024,Modern Serum 24,1,Do NOT waste your money on this!!!...,2025-12-08
R001088,T002463,C00620,P019,Urban Bottle 19,3,"Nothing to complain about, nothing to rave about",2025-08-12
R001089,T002693,C00748,P015,Calm Cream 15,4,Easy to use and feels pretty sturdy,2025-06-09
R001090,T001766,C00419,P006,Active Mat 06,1,I regret buying this every single day,2025-04-10
R001091,T004283,C00952,P009,Daily Lamp 09,3,Fine i guess a few annoying bits,2025-12-17
R001092,T001655,C00679,P024,Modern Serum 24,1,I regret buying this every single day,2025-08-21
R001093,T002550,C00593,P009,Daily Lamp 09,2,Quality control seems all over the place,2025-05-17
R001094,T000358,C00426,P025,Daily Lamp 25,3,Okay for now Lets see how long it lasts,2025-05-01
R001095,T003988,C00828,P016,Modern Serum 16,4,Bought one for my sister too,2025-12-31
R001096,T002709,C00107,P016,Modern Serum 16,3,Not bad! Not great either,2025-10-12
R001097,T000890,C00980,P020,Essential Bag 20,4,really useful and nicer than i expected.,2025-07-21
R001098,T005741,C00504,P006,Active Mat 06,4,Nice quality. took a star off for the price shipping was quick,2025-12-06
R001099,T004109,C00209,P013,Bright Organizer 13,4,Nice quality took a star off for the price,2025-11-01
R001100,T001128,C00309,P028,Essential Bag 28,1,I hate this so much. unusable,2025-04-15
R001101,T000947,C00601,P030,Active Mat 30,5,I LOVE IT already ordered another one,2025-07-04
R001102,T004070,C00252,P012,Essential Bag 12,1,It broke immediately customer service was useless too,2025-10-19
R001103,T004613,C00434,P029,Bright Organizer 29,2,Quality control seems all over the place delivery took forever,2025-11-19
R001104,T003385,C00397,P017,Daily Lamp 17,5,Exceeded every expectation by a mile,2025-11-09
R001105,T003279,C00034,P002,Pure Band 02,3,I have mixed feelings about this one my friend has one too,2025-07-23
R001106,T001745,C00584,P024,Modern Serum 24,5,"Incredible quality for the price, wow",2025-04-29
R001107,T004808,C00909,P001,Daily Lamp 01,1,I hate this so much. unusable saw it on instagram first,2025-09-20
R001108,T004036,C00507,P027,Urban Bottle 27,5,I LOVE IT. already ordered another one,2025-08-30
R001109,T001433,C00307,P008,Modern Serum 08,4,I reach for this all the time now,2025-07-29
R001110,T004482,C00458,P017,Daily Lamp 17,4,"Love the design, one small issue with the packaging",2025-11-18
R001111,T003255,C00222,P007,Calm Cream 07,2,"It works sometimes, which is not really good enough",2025-07-04
R001112,T000222,C00174,P013,Bright Organizer 13,5,Perfect in every way. no notes,2025-03-22
R001113,T002119,C00929,P014,Active Mat 14,4,Nice quality took a star off for the price,2025-05-19
R001114,T006536,C00204,P027,Urban Bottle 27,4,"Love the design, one small issue with the packaging my friend has one too",2025-12-30
R001115,T001412,C00939,P022,Active Mat 22,3,"WORKS AS EXPECTED, WHICH IS FINE",2025-06-12
R001116,T003011,C00455,P012,Essential Bag 12,3,I have mixed feelings about this one,2025-07-01
R001117,T002092,C00103,P028,Essential Bag 28,5,Exceeded every expectation by a mile,2025-08-13
R001118,T003204,C00925,P001,Daily Lamp 01,5,Exceeded every expectation by a mile,2025-10-03
R001119,T004052,C00163,P004,Essential Bag 04,4,Really useful and nicer than I expected.,2025-11-21
R001120,T000413,C00610,P026,Pure Band 26,5,This deserves more than five stars saw it on instagram first,2025-04-13
R001121,T004624,C00673,P021,Bright Organizer 21,2,FINE FOR A WEEK THEN STARTED ACTING WEIRD,2025-12-17
R001122,T004776,C00442,P013,Bright Organizer 13,5,Love love love it. works like a dream my friend has one too,2025-12-14
R001123,T005726,C00773,P005,Bright Organizer 05,3,"i use it, just dont love it",2025-12-10
R001124,T000084,C00873,P006,Active Mat 06,2,It technically works but i dont like using it,2025-03-06
R001125,T006282,C00092,P001,Daily Lamp 01,5,"Best purchase ive made in months, hands down shipping was quick",2025-12-22
R001126,T004963,C00685,P007,Calm Cream 07,5,ABSOLUTELY OBSESSED WITH THIS BEST PURCHASE THIS YEAR,2025-10-22
R001127,T004931,C00416,P026,Pure Band 26,4,"Love the design, one small issue with the packaging",2025-10-10
R001128,T006238,C00353,P028,Essential Bag 28,5,absolutely obsessed with this. best purchase this year!!!,2025-12-10
R001129,T000939,C00104,P011,Urban Bottle 11,1,Three weeks and already in the bin,2025-08-04
R001130,T003754,C00704,P027,Urban Bottle 27,3,it does the job. nothing special.,2025-11-15
R001131,T003366,C00396,P014,Active Mat 14,3,could be better but could be worse,2025-08-04
R001132,T006272,C00979,P008,Modern Serum 08,5,A+++ no complaints at all,2025-12-17
R001133,T004157,C00175,P020,Essential Bag 20,5,Perfect in every way. no notes,2025-11-18
R001134,T002952,C00921,P015,Calm Cream 15,5,A+++ no complaints at all delivery took forever,2025-08-07
R001135,T000843,C00342,P026,Pure Band 26,1,Would give negative stars if i could!!! saw it on instagram first,2025-06-05
R001136,T004632,C00822,P028,Essential Bag 28,5,Love love love it works like a dream,2025-10-26
R001137,T004918,C00569,P022,Active Mat 22,1,Do NOT waste your money on this!!!,2025-11-15
R001138,T003695,C00809,P021,Bright Organizer 21,3,"Average product, average price, average experience",2025-12-09
R001139,T003111,C00015,P030,Active Mat 30,4,"Love the design, one small issue with the packaging",2025-06-16
R001140,T005153,C00135,P011,Urban Bottle 11,3,"Useful enough, though the instructions were confusing bought it during the sale",2025-11-05
R001141,T006522,C00295,P021,Bright Organizer 21,4,Bought one for my sister too,2025-12-30
R001142,T002980,C00851,P019,Urban Bottle 19,4,Looks great and works well so far,2025-10-28
R001143,T002145,C00212,P004,Essential Bag 04,5,This deserves more than five stars,2025-08-29
R001144,T004574,C00167,P022,Active Mat 22,3,"I use it, just dont love it",2025-09-16
R001145,T002386,C00244,P027,Urban Bottle 27,3,Not bad! Not great either,2025-07-18
R001146,T003639,C00289,P016,Modern Serum 16,5,Bought as a gift and now keeping it for myself lol,2025-12-20
R001147,T001406,C00860,P021,Bright Organizer 21,4,Really useful and nicer than I expected.,2025-05-30
R001148,T006023,C00063,P003,Urban Bottle 03,4,Happy with it. delivery was quick too,2025-12-19
R001149,T002508,C00398,P013,Bright Organizer 13,3,I HAVE MIXED FEELINGS ABOUT THIS ONE,2025-10-08
R001150,T005832,C00018,P006,Active Mat 06,4,"Good value, gets used every day",2025-11-18
R001151,T000404,C00594,P010,Pure Band 10,3,Works like it should but doesnt wow me,2025-03-26
R001152,T000487,C00114,P024,Modern Serum 24,3,"Fine i guess, a few annoying bits",2025-03-20
R001153,T004372,C00270,P013,Bright Organizer 13,4,Happy with it. delivery was quick too,2025-12-06
R001154,T002555,C00283,P028,Essential Bag 28,2,Had to return it Shame because the idea was good,2025-10-16
R001155,T003563,C00502,P010,Pure Band 10,3,Looks nice but the quality feels pretty basic looked different in the photos,2025-08-22
R001156,T003026,C00603,P015,Calm Cream 15,5,A no complaints at all bought it during the sale,2025-11-16
R001157,T002382,C00275,P013,Bright Organizer 13,1,Awful. Just awful. Save yourself the headache,2025-08-23
R001158,T000288,C00902,P021,Bright Organizer 21,3,"Works as expected, which is fine",2025-01-27
R001159,T003969,C00473,P014,Active Mat 14,4,easy to use and feels pretty sturdy saw it on instagram first,2025-09-25
R001160,T000253,C00984,P021,Bright Organizer 21,2,It technically works but i dont like using it,2025-03-14
R001161,T004376,C00282,P028,Essential Bag 28,5,"Incredible quality for the price, wow",2025-10-16
R001162,T002798,C00860,P008,Modern Serum 08,3,Works as expected which is fine,2025-08-29
R001163,T000118,C00621,P018,Pure Band 18,1,Awful. Just awful. Save yourself the headache saw it on instagram first,2025-05-17
R001164,T003931,C00827,P002,Pure Band 02,3,it does the job. nothing special.,2025-09-21
R001165,T001233,C00495,P023,Calm Cream 23,3,"Nothing to complain about, nothing to rave about",2025-08-21
R001166,T000122,C00266,P005,Bright Organizer 05,5,This is SO good why did i wait so long,2025-06-24
R001167,T004901,C00603,P008,Modern Serum 08,1,Absolute rubbish Fell apart after two days,2025-10-16
R001168,T005032,C00614,P013,Bright Organizer 13,3,"Useful enough, though the instructions were confusing",2025-11-26
R001169,T005763,C00575,P020,Essential Bag 20,3,Fine i guess a few annoying bits looked different in the photos,2025-12-11
R001170,T005446,C00957,P027,Urban Bottle 27,4,really useful and nicer than i expected. customer support got back to me fast,2025-12-30
R001171,T004892,C00793,P015,Calm Cream 15,3,Decent once you figure out how it works,2025-12-25
R001172,T005982,C00914,P029,Bright Organizer 29,5,My new favorite thing in the house,2025-12-28
R001173,T000272,C00472,P021,Bright Organizer 21,2,"It works sometimes, which is not really good enough",2025-02-14
R001174,T003794,C00716,P020,Essential Bag 20,1,"Worst thing ive bought in ages, honestly furious",2025-08-03
R001175,T006523,C00233,P030,Active Mat 30,4,HAPPY WITH IT. DELIVERY WAS QUICK TOO,2025-12-29
R001176,T000101,C00735,P010,Pure Band 10,5,Finally something that actually works!!!,2025-01-10
R001177,T001637,C00738,P027,Urban Bottle 27,5,I use it constantly and it still looks brand new!!,2025-09-17
R001178,T004243,C00803,P025,Daily Lamp 25,1,looks cheap feels cheap and it doesnt even work,2025-11-19
R001179,T001907,C00846,P024,Modern Serum 24,5,Obsessed. obsessed. obsessed.,2025-04-20
R001180,T006344,C00653,P008,Modern Serum 08,4,Bought one for my sister too shipping was quick,2025-12-28
R001181,T000519,C00526,P009,Daily Lamp 09,4,Happy with it. delivery was quick too??,2025-05-21
R001182,T005905,C00414,P006,Active Mat 06,3,Could be better but could be worse delivery took forever,2025-12-14
R001183,T000884,C00176,P027,Urban Bottle 27,5,My new favorite thing in the house,2025-06-05
R001184,T001348,C00103,P022,Active Mat 22,5,"Incredible quality for the price, wow looked different in the photos",2025-06-30
R001185,T004631,C00183,P011,Urban Bottle 11,1,The smell is HORRIBLE and it did nothing,2025-12-07
R001186,T006054,C00887,P010,Pure Band 10,2,Would be ok at half the price saw it on instagram first,2025-12-18
R001187,T005571,C00389,P029,Bright Organizer 29,2,WOULD BE OK AT HALF THE PRICE,2025-12-21
R001188,T001377,C00510,P019,Urban Bottle 19,3,looks nice but the quality feels pretty basic,2025-07-06
R001189,T000860,C00181,P018,Pure Band 18,2,Arrived late and the packaging was a mess,2025-07-04
R001190,T004661,C00877,P027,Urban Bottle 27,3,Fine i guess a few annoying bits shipping was quick,2025-11-10
R001191,T004358,C00904,P027,Urban Bottle 27,3,"I use it, just dont love it",2025-09-05
R001192,T005196,C00368,P006,Active Mat 06,4,Better than the one I replaced,2025-10-15
R001193,T002224,C00325,P024,Modern Serum 24,5,"Incredible quality for the price, wow",2025-08-31
R001194,T006407,C00804,P002,Pure Band 02,4,Bought one for my sister too,2025-12-26
R001195,T001139,C00990,P018,Pure Band 18,3,Average product average price average experience,2025-05-13
R001196,T000933,C00602,P006,Active Mat 06,4,Happy with it. delivery was quick too,2025-06-25
R001197,T001976,C00182,P009,Daily Lamp 09,5,"Incredible quality for the price, wow",2025-09-29
R001198,T002150,C00948,P019,Urban Bottle 19,5,This is SO good why did i wait so long,2025-06-01
R001199,T005593,C00024,P005,Bright Organizer 05,4,"Love the design, one small issue with the packaging saw it on instagram first",2025-11-22
R001200,T001126,C00816,P016,Modern Serum 16,5,best thing ever. i tell everyone about it saw it on instagram first,2025-03-28
R001201,T006278,C00107,P023,Calm Cream 23,5,A no complaints at all,2025-12-11
R001202,T001111,C00104,P011,Urban Bottle 11,4,Happy with it delivery was quick too,2025-04-09
R001203,T000652,C00526,P020,Essential Bag 20,4,Works perfectly for what I needed,2025-06-21
R001204,T004735,C00828,P009,Daily Lamp 09,1,the smell is horrible and it did nothing,2025-09-29
R001205,T002398,C00084,P017,Daily Lamp 17,1,arrived damaged and the replacement was also damaged. wow.,2025-07-15
R001206,T000993,C00524,P025,Daily Lamp 25,3,"I use it, just dont love it",2025-05-15
R001207,T004673,C00175,P024,Modern Serum 24,1,three weeks and already in the bin,2025-11-11
R001208,T004148,C00928,P018,Pure Band 18,5,Love love love it. works like a dream,2025-09-04
R001209,T006466,C00493,P013,Bright Organizer 13,1,Awful. Just awful. Save yourself the headache,2025-12-26
R001210,T001488,C00474,P025,Daily Lamp 25,1,"Worst thing ive bought in ages, honestly furious",2025-07-01
R001211,T005233,C00773,P009,Daily Lamp 09,4,"Good value, gets used every day",2025-12-12
R001212,T000720,C00910,P001,Daily Lamp 01,3,okay for now. lets see how long it lasts,2025-04-06
R001213,T004787,C00491,P010,Pure Band 10,3,Looks nice but the quality feels pretty basic,2025-09-30
R001214,T000728,C00856,P004,Essential Bag 04,4,Good value gets used every day,2025-04-21
R001215,T003618,C00837,P006,Active Mat 06,5,Genuinely life changing for my morning routine,2025-12-15
R001216,T001657,C00411,P009,Daily Lamp 09,4,REALLY USEFUL AND NICER THAN I EXPECTED.,2025-06-04
R001217,T002953,C00640,P021,Bright Organizer 21,2,Not worth the hassle,2025-07-05
R001218,T001242,C00257,P004,Essential Bag 04,3,"Average product, average price, average experience bought it during the sale",2025-06-29
R001219,T002656,C00685,P014,Active Mat 14,3,I have mixed feelings about this one,2025-05-31
R001220,T001253,C00916,P025,Daily Lamp 25,2,Would be ok at half the price,2025-05-31
R001221,T003726,C00659,P014,Active Mat 14,5,Perfect in every way. no notes looked different in the photos,2025-08-25
R001222,T002259,C00253,P001,Daily Lamp 01,1,Not as described at all. seriously disappointing,2025-05-22
R001223,T004201,C00248,P014,Active Mat 14,5,PERFECT IN EVERY WAY. NO NOTES,2025-09-06
R001224,T000287,C00680,P009,Daily Lamp 09,1,It broke immediately. customer service was useless too saw it on instagram first,2025-05-20
R001225,T004085,C00258,P023,Calm Cream 23,5,I use it constantly and it still looks brand new,2025-11-22
R001226,T004062,C00032,P010,Pure Band 10,5,Best thing ever. I tell everyone about it,2025-11-06
R001227,T001908,C00979,P017,Daily Lamp 17,5,This deserves more than five stars,2025-09-22
R001228,T005234,C00729,P006,Active Mat 06,1,"Worst thing ive bought in ages, honestly furious saw it on instagram first",2025-11-30
R001229,T001758,C00516,P020,Essential Bag 20,5,Bought as a gift and now keeping it for myself lol,2025-08-30
R001230,T004971,C00998,P017,Daily Lamp 17,2,it technically works but i dont like using it saw it on instagram first,2025-10-12
R001231,T003084,C00463,P009,Daily Lamp 09,5,Genuinely life changing for my morning routine...,2025-08-24
R001232,T002127,C00288,P029,Bright Organizer 29,1,Not as described at all. seriously disappointing,2025-08-27
R001233,T004042,C00203,P002,Pure Band 02,1,Do NOT waste your money on this!!!,2025-08-11
R001234,T003210,C00469,P022,Active Mat 22,5,Exceeded every expectation by a mile...,2025-09-29
R001235,T001529,C00539,P015,Calm Cream 15,1,NOT AS DESCRIBED AT ALL SERIOUSLY DISAPPOINTING SHIPPING WAS QUICK,2025-08-08
R001236,T002939,C00076,P002,Pure Band 02,4,Really useful and nicer than I expected.,2025-10-16
R001237,T001534,C00562,P012,Essential Bag 12,4,Bought one for my sister too,2025-03-23
R001238,T005099,C00566,P003,Urban Bottle 03,3,"Fine i guess, a few annoying bits",2025-12-03
R001239,T004390,C00870,P030,Active Mat 30,3,Works like it should but doesnt wow me,2025-10-09
R001240,T001909,C00093,P022,Active Mat 22,3,Okay for now. Lets see how long it lasts,2025-09-30
R001241,T002927,C00420,P019,Urban Bottle 19,5,Perfect in every way. no notes,2025-09-16
R001242,T004603,C00710,P009,Daily Lamp 09,4,Happy with it. delivery was quick too,2025-11-05
R001243,T006040,C00412,P003,Urban Bottle 03,1,I regret buying this every single day my friend has one too,2025-12-24
R001244,T003551,C00840,P003,Urban Bottle 03,1,I hate this so much. unusable,2025-09-08
R001245,T005125,C00834,P021,Bright Organizer 21,4,Works perfectly for what I needed,2025-10-20
R001246,T004896,C00404,P029,Bright Organizer 29,4,"Love the design, one small issue with the packaging saw it on instagram first",2025-11-08
R001247,T001988,C00762,P030,Active Mat 30,4,Really useful and nicer than I expected.,2025-05-06
R001248,T005252,C00674,P009,Daily Lamp 09,4,works perfectly for what i needed,2025-12-07
R001249,T003334,C00311,P030,Active Mat 30,5,absolutely obsessed with this best purchase this year,2025-09-10
R001250,T000488,C00603,P014,Active Mat 14,1,Returned it. Complete scam at this price??,2025-02-04
R001251,T003048,C00347,P003,Urban Bottle 03,5,Genuinely life changing for my morning routine,2025-10-28
R001252,T001093,C00703,P024,Modern Serum 24,5,Obsessed. obsessed. obsessed.,2025-03-01
R001253,T002928,C00848,P018,Pure Band 18,5,Obsessed. obsessed. obsessed.,2025-06-26
R001254,T002281,C00630,P001,Daily Lamp 01,5,Best purchase ive made in months hands down customer support got back to me fast,2025-10-20
R001255,T003302,C00644,P011,Urban Bottle 11,4,Works perfectly for what I needed,2025-09-28
R001256,T004442,C00743,P007,Calm Cream 07,3,Could be better but could be worse,2025-10-26
R001257,T005931,C00124,P028,Essential Bag 28,5,Bought as a gift and now keeping it for myself lol delivery took forever,2025-12-23
R001258,T001946,C00368,P015,Calm Cream 15,4,Easy to use and feels pretty sturdy packaging was a bit much,2025-09-24
R001259,T002241,C00182,P028,Essential Bag 28,4,Does exactly what it says on the tin,2025-06-21
R001260,T004778,C00624,P017,Daily Lamp 17,5,Obsessed. obsessed. obsessed.,2025-12-12
R001261,T004439,C00733,P008,Modern Serum 08,3,It does the job. Nothing special.,2025-09-13
R001262,T002897,C00073,P008,Modern Serum 08,4,Nice quality took a star off for the price,2025-11-02
R001263,T006143,C00990,P018,Pure Band 18,4,PRETTY IMPRESSED TBH,2025-12-13
R001264,T003879,C00412,P029,Bright Organizer 29,4,Really useful and nicer than I expected. looked different in the photos,2025-12-07
R001265,T002022,C00462,P029,Bright Organizer 29,3,"useful enough, though the instructions were confusing",2025-10-10
R001266,T000262,C00715,P022,Active Mat 22,4,Good product instructions could be clearer,2025-02-28
R001267,T000949,C00728,P014,Active Mat 14,1,looks cheap feels cheap and it doesnt even work,2025-04-24
R001268,T002147,C00348,P015,Calm Cream 15,5,Bought as a gift and now keeping it for myself lol packaging was a bit much,2025-07-02
R001269,T004246,C00365,P025,Daily Lamp 25,4,Happy with it. delivery was quick too,2025-10-12
R001270,T005536,C00474,P003,Urban Bottle 03,1,The smell is HORRIBLE and it did nothing,2025-12-31
R001271,T000289,C00853,P002,Pure Band 02,4,Better than the one I replaced,2025-02-01
R001272,T001400,C00276,P011,Urban Bottle 11,2,Was expecting better sadly no packaging was a bit much,2025-06-14
R001273,T001231,C00135,P009,Daily Lamp 09,5,Love love love it works like a dream,2025-06-03
R001274,T003626,C00745,P005,Bright Organizer 05,2,Quality control seems all over the place,2025-11-27
R001275,T006499,C00701,P023,Calm Cream 23,2,Too expensive for something this average,2025-12-29
R001276,T002415,C00224,P015,Calm Cream 15,2,Not worth the hassle,2025-09-29
R001277,T002995,C00118,P021,Bright Organizer 21,4,"Solid little product, would recommend",2025-09-22
R001278,T001478,C00908,P008,Modern Serum 08,4,Does exactly what it says on the tin,2025-05-16
R001279,T002371,C00991,P004,Essential Bag 04,4,Easy to use and feels pretty sturdy packaging was a bit much,2025-05-21
R001280,T001053,C00540,P027,Urban Bottle 27,3,Okay for now. Lets see how long it lasts,2025-05-25
R001281,T001628,C00145,P017,Daily Lamp 17,5,This deserves more than five stars,2025-08-01
R001282,T003565,C00407,P004,Essential Bag 04,3,Decent once you figure out how it works shipping was quick,2025-10-26
R001283,T000559,C00965,P012,Essential Bag 12,4,Nice quality took a star off for the price,2025-02-20
R001284,T001059,C00971,P024,Modern Serum 24,3,"i use it, just dont love it",2025-05-20
R001285,T006478,C00410,P002,Pure Band 02,3,"I use it, just dont love it",2025-12-29
R001286,T005193,C01000,P001,Daily Lamp 01,3,"Average product, average price, average experience",2025-11-14
R001287,T005374,C00506,P007,Calm Cream 07,4,Bought one for my sister too customer support got back to me fast,2025-11-05
R001288,T006190,C00540,P018,Pure Band 18,3,It does the job. Nothing special. looked different in the photos,2025-12-19
R001289,T003552,C00489,P012,Essential Bag 12,3,"fine i guess, a few annoying bits",2025-08-26
R001290,T003835,C00535,P022,Active Mat 22,4,Good product instructions could be clearer,2025-12-11
R001291,T003496,C00920,P007,Calm Cream 07,3,"Fine i guess, a few annoying bits",2025-09-21
R001292,T005119,C00345,P023,Calm Cream 23,5,Exceeded every expectation by a mile,2025-11-29
R001293,T002844,C00005,P021,Bright Organizer 21,3,It does the job Nothing special,2025-07-25
R001294,T004008,C00862,P012,Essential Bag 12,2,Too expensive for something this average,2025-12-05
R001295,T004046,C00052,P021,Bright Organizer 21,5,Perfect in every way no notes,2025-09-28
R001296,T005958,C00887,P015,Calm Cream 15,5,A+++ no complaints at all,2025-12-06
R001297,T004556,C00960,P025,Daily Lamp 25,1,arrived damaged and the replacement was also damaged. wow.,2025-11-16
R001298,T005510,C00817,P015,Calm Cream 15,4,Nice quality. took a star off for the price customer support got back to me fast,2025-12-30
R001299,T004779,C00742,P019,Urban Bottle 19,1,Returned it. Complete scam at this price.,2025-12-27
R001300,T005247,C00070,P017,Daily Lamp 17,5,Exceeded every expectation by a mile,2025-11-18
R001301,T003067,C00728,P029,Bright Organizer 29,1,"Worst thing ive bought in ages, honestly furious delivery took forever",2025-08-16
R001302,T002762,C00019,P011,Urban Bottle 11,5,This is SO good why did i wait so long,2025-09-12
R001303,T002001,C00130,P012,Essential Bag 12,3,Could be better but could be worse,2025-08-23
R001304,T003666,C00642,P001,Daily Lamp 01,4,Easy to use and feels pretty sturdy,2025-12-05
R001305,T004067,C00116,P016,Modern Serum 16,1,Would give negative stars if i could!!! my friend has one too,2025-09-12
R001306,T002728,C00432,P024,Modern Serum 24,4,"Good product, instructions could be clearer",2025-09-22
R001307,T001952,C00082,P028,Essential Bag 28,3,It does the job. Nothing special.,2025-06-16
R001308,T006410,C00751,P003,Urban Bottle 03,3,"I use it, just dont love it bought it during the sale",2025-12-25
R001309,T004285,C00351,P028,Essential Bag 28,2,Arrived late and the packaging was a mess,2025-12-18
R001310,T001446,C00861,P028,Essential Bag 28,4,happy with it delivery was quick too,2025-04-29
R001311,T006496,C00547,P002,Pure Band 02,1,Awful. Just awful. Save yourself the headache,2025-12-30
R001312,T002643,C00740,P018,Pure Band 18,1,broke the first time i used it lol,2025-06-25
R001313,T005698,C00844,P030,Active Mat 30,5,1010 would buy again and again,2025-12-20
R001314,T004899,C00265,P009,Daily Lamp 09,3,"Fine i guess, a few annoying bits saw it on instagram first",2025-10-19
R001315,T002624,C00771,P029,Bright Organizer 29,5,Best purchase ive made in months hands down,2025-08-08
R001316,T004118,C00657,P014,Active Mat 14,4,Works perfectly for what I needed,2025-11-25
R001317,T000686,C00839,P008,Modern Serum 08,2,Fine for a week then started acting weird,2025-02-27
R001318,T000662,C00485,P027,Urban Bottle 27,4,better than the one i replaced,2025-03-09
R001319,T003967,C00301,P008,Modern Serum 08,3,nothing to complain about nothing to rave about shipping was quick,2025-10-03
R001320,T004792,C00962,P022,Active Mat 22,2,kinda disappointing tbh,2025-12-21
R001321,T005223,C00940,P017,Daily Lamp 17,5,10/10 would buy again and again,2025-12-28
R001322,T000444,C00055,P029,Bright Organizer 29,4,Really useful and nicer than I expected.,2025-03-11
R001323,T006423,C00571,P030,Active Mat 30,1,Three weeks and already in the bin,2025-12-30
R001324,T005724,C00601,P009,Daily Lamp 09,4,Really useful and nicer than I expected. delivery took forever,2025-12-31
R001325,T002684,C00603,P003,Urban Bottle 03,3,Could be better but could be worse,2025-10-02
R001326,T000006,C00153,P009,Daily Lamp 09,1,"Worst thing ive bought in ages, honestly furious",2025-06-08
R001327,T001860,C00814,P025,Daily Lamp 25,4,Does exactly what it says on the tin...,2025-09-28
R001328,T002000,C00354,P028,Essential Bag 28,3,Looks nice but the quality feels pretty basic delivery took forever,2025-06-04
R001329,T003804,C00411,P012,Essential Bag 12,2,The photos made it look much better than it is shipping was quick,2025-12-03
R001330,T003414,C00419,P016,Modern Serum 16,3,"useful enough, though the instructions were confusing customer support got back to me fast",2025-07-01
R001331,T006397,C00623,P025,Daily Lamp 25,2,not worth the hassle bought it during the sale,2025-12-31
R001332,T003604,C00361,P030,Active Mat 30,4,I reach for this all the time now shipping was quick,2025-12-22
R001333,T001948,C00302,P022,Active Mat 22,1,Would give negative stars if i could!!!,2025-08-31
R001334,T005714,C00234,P025,Daily Lamp 25,2,Was expecting better. sadly no,2025-12-23
R001335,T006463,C00775,P013,Bright Organizer 13,4,Bought one for my sister too looked different in the photos,2025-12-31
R001336,T005136,C00387,P013,Bright Organizer 13,2,Was expecting better. sadly no,2025-11-04
R001337,T002269,C00105,P010,Pure Band 10,1,I regret buying this every single day delivery took forever,2025-10-09
R001338,T001351,C00684,P023,Calm Cream 23,5,Genuinely life changing for my morning routine saw it on instagram first,2025-03-27
R001339,T005774,C00329,P010,Pure Band 10,3,It does the job. Nothing special.,2025-12-12
R001340,T001346,C00363,P014,Active Mat 14,5,I LOVE IT. already ordered another one packaging was a bit much,2025-08-24
R001341,T002247,C00674,P010,Pure Band 10,4,Works perfectly for what I needed,2025-08-18
R001342,T000382,C00747,P011,Urban Bottle 11,1,I REGRET BUYING THIS EVERY SINGLE DAY,2025-03-26
R001343,T000299,C00886,P029,Bright Organizer 29,3,Works like it should but doesnt wow me,2025-03-31
R001344,T003545,C00576,P008,Modern Serum 08,3,"Works as expected, which is fine",2025-09-13
R001345,T001019,C00222,P011,Urban Bottle 11,1,Doesnt fit doesnt work waste of time,2025-06-24
R001346,T001531,C00954,P021,Bright Organizer 21,4,Pretty impressed tbh bought it during the sale,2025-07-30
R001347,T004039,C00249,P017,Daily Lamp 17,4,I reach for this all the time now,2025-12-20
R001348,T001212,C00825,P026,Pure Band 26,3,"Fine i guess, a few annoying bits",2025-07-10
R001349,T006108,C00345,P029,Bright Organizer 29,2,It technically works but i dont like using it customer support got back to me fast,2025-12-03
R001350,T006263,C00120,P030,Active Mat 30,3,I have mixed feelings about this one,2025-12-24
R001351,T000566,C00178,P027,Urban Bottle 27,4,Works perfectly for what I needed,2025-07-02
R001352,T005674,C00384,P028,Essential Bag 28,3,Looks nice but the quality feels pretty basic bought it during the sale,2025-11-06
R001353,T006093,C00938,P023,Calm Cream 23,4,Pretty impressed tbh,2025-12-23
R001354,T002384,C00082,P005,Bright Organizer 05,4,Better than the one I replaced,2025-09-15
R001355,T005348,C00265,P014,Active Mat 14,3,I have mixed feelings about this one,2025-11-25
R001356,T002114,C00497,P004,Essential Bag 04,5,Love love love it. works like a dream,2025-06-08
R001357,T006144,C00502,P025,Daily Lamp 25,3,"Average product, average price, average experience??",2025-12-23
R001358,T004842,C00155,P013,Bright Organizer 13,5,Exceeded every expectation by a mile,2025-09-25
R001359,T005429,C00405,P009,Daily Lamp 09,3,not bad! not great either,2025-11-07
R001360,T006368,C00196,P014,Active Mat 14,2,Too expensive for something this average delivery took forever,2025-12-26
R001361,T004002,C00690,P027,Urban Bottle 27,3,Looks nice but the quality feels pretty basic my friend has one too,2025-09-08
R001362,T006243,C00133,P018,Pure Band 18,4,NICE QUALITY. TOOK A STAR OFF FOR THE PRICE,2025-12-11
R001363,T000534,C00708,P023,Calm Cream 23,5,A+++ no complaints at all customer support got back to me fast,2025-02-24
R001364,T005595,C00884,P021,Bright Organizer 21,4,Really useful and nicer than I expected. looked different in the photos,2025-12-22
R001365,T002212,C00277,P018,Pure Band 18,3,"I use it, just dont love it",2025-05-14
R001366,T002570,C00963,P021,Bright Organizer 21,1,Absolute rubbish. Fell apart after two days.,2025-10-21
R001367,T004027,C00724,P021,Bright Organizer 21,3,Could be better but could be worse,2025-12-04
R001368,T004890,C00786,P015,Calm Cream 15,4,Pretty impressed tbh,2025-11-20
R001369,T001921,C00130,P021,Bright Organizer 21,3,"Works as expected, which is fine",2025-06-06
R001370,T004460,C00445,P025,Daily Lamp 25,5,Absolutely obsessed with this. Best purchase this year!!! looked different in the photos,2025-11-04
R001371,T000879,C00561,P029,Bright Organizer 29,5,This deserves more than five stars,2025-03-05
R001372,T004717,C00338,P014,Active Mat 14,5,This is SO good why did i wait so long,2025-10-15
R001373,T000276,C00145,P002,Pure Band 02,1,THREE WEEKS AND ALREADY IN THE BIN,2025-01-21
R001374,T003397,C00642,P003,Urban Bottle 03,4,I reach for this all the time now,2025-08-30
R001375,T001751,C00296,P003,Urban Bottle 03,2,Kinda disappointing tbh,2025-05-20
R001376,T001899,C00714,P020,Essential Bag 20,2,Fine for a week then started acting weird??,2025-06-09
R001377,T000852,C00774,P024,Modern Serum 24,3,Looks nice but the quality feels pretty basic packaging was a bit much,2025-04-14
R001378,T001865,C00559,P012,Essential Bag 12,3,Works like it should but doesnt wow me,2025-04-07
R001379,T002706,C00292,P028,Essential Bag 28,5,Perfect in every way. no notes,2025-08-06
R001380,T003205,C00810,P016,Modern Serum 16,5,10/10 would buy again and again,2025-10-11
R001381,T004289,C00622,P019,Urban Bottle 19,3,Some things are good and some are just odd,2025-10-03
R001382,T003321,C00150,P014,Active Mat 14,3,It does the job. Nothing special. shipping was quick,2025-07-01
R001383,T002230,C00029,P008,Modern Serum 08,5,Love love love it. works like a dream,2025-05-11
R001384,T000317,C00961,P025,Daily Lamp 25,1,Do NOT waste your money on this!!!,2025-07-05
R001385,T004173,C00080,P027,Urban Bottle 27,3,Works like it should but doesnt wow me,2025-10-13
R001386,T003672,C00150,P013,Bright Organizer 13,5,"Best purchase ive made in months, hands down",2025-09-07
R001387,T002213,C00107,P024,Modern Serum 24,4,Bought one for my sister too,2025-08-22
R001388,T003678,C00393,P025,Daily Lamp 25,2,Kinda disappointing tbh shipping was quick,2025-09-24
R001389,T004873,C00283,P006,Active Mat 06,4,Happy with it. delivery was quick too,2025-11-17
R001390,T005645,C00410,P024,Modern Serum 24,3,I have mixed feelings about this one,2025-11-04
R001391,T004400,C00934,P013,Bright Organizer 13,5,10/10 would buy again and again,2025-11-29
R001392,T003132,C00902,P023,Calm Cream 23,5,Obsessed. obsessed. obsessed.,2025-06-25
R001393,T002613,C00955,P016,Modern Serum 16,5,Best purchase ive made in months hands down,2025-06-04
R001394,T000249,C00228,P022,Active Mat 22,3,I use it just dont love it,2025-06-15
R001395,T003633,C00665,P030,Active Mat 30,1,three weeks and already in the bin,2025-10-03
R001396,T003288,C00834,P009,Daily Lamp 09,4,Good value gets used every day,2025-08-20
R001397,T006091,C00823,P015,Calm Cream 15,3,Useful enough though the instructions were confusing,2025-12-05
R001398,T004065,C00985,P017,Daily Lamp 17,4,Better than the one I replaced,2025-10-30
R001399,T003345,C00558,P017,Daily Lamp 17,5,This is SO good why did i wait so long,2025-07-28
R001400,T006261,C00954,P008,Modern Serum 08,5,A no complaints at all,2025-12-28
R001401,T004354,C00106,P016,Modern Serum 16,4,Bought one for my sister too,2025-10-07
R001402,T004666,C00468,P004,Essential Bag 04,4,"Love the design, one small issue with the packaging",2025-09-11
R001403,T001312,C00899,P003,Urban Bottle 03,5,A+++ no complaints at all,2025-04-15
R001404,T003150,C00730,P014,Active Mat 14,3,I have mixed feelings about this one,2025-08-30
R001405,T000854,C00746,P021,Bright Organizer 21,2,Fine for a week then started acting weird,2025-03-26
R001406,T005491,C00385,P010,Pure Band 10,4,I reach for this all the time now bought it during the sale,2025-12-16
R001407,T005383,C00972,P005,Bright Organizer 05,3,It does the job. Nothing special. packaging was a bit much,2025-11-13
R001408,T002183,C00526,P005,Bright Organizer 05,3,"Useful enough, though the instructions were confusing",2025-09-16
R001409,T001094,C00916,P007,Calm Cream 07,3,"Useful enough, though the instructions were confusing saw it on instagram first",2025-08-04
R001410,T005601,C00604,P020,Essential Bag 20,4,good product instructions could be clearer,2025-12-13
R001411,T002089,C00470,P001,Daily Lamp 01,5,My new favorite thing in the house,2025-08-08
R001412,T003799,C00654,P016,Modern Serum 16,3,"Works as expected, which is fine",2025-09-06
R001413,T004291,C00276,P008,Modern Serum 08,4,Easy to use and feels pretty sturdy,2025-12-21
R001414,T005287,C00922,P001,Daily Lamp 01,4,"Good value, gets used every day saw it on instagram first",2025-12-19
R001415,T003793,C00824,P001,Daily Lamp 01,4,Nice quality. took a star off for the price,2025-12-14
R001416,T005361,C00179,P013,Bright Organizer 13,3,Not bad! Not great either,2025-11-04
R001417,T003749,C00297,P009,Daily Lamp 09,3,Not bad Not great either delivery took forever,2025-08-27
R001418,T004817,C00930,P026,Pure Band 26,2,Would be ok at half the price,2025-09-19
R001419,T005998,C00342,P013,Bright Organizer 13,4,Really useful and nicer than I expected.,2025-12-05
R001420,T006491,C00741,P023,Calm Cream 23,5,Genuinely life changing for my morning routine,2025-12-31
R001421,T003683,C00146,P028,Essential Bag 28,3,works like it should but doesnt wow me,2025-09-05
R001422,T004356,C00293,P022,Active Mat 22,1,broke the first time i used it lol,2025-09-03
R001423,T003686,C00766,P024,Modern Serum 24,4,"SOLID LITTLE PRODUCT, WOULD RECOMMEND BOUGHT IT DURING THE SALE",2025-09-20
R001424,T006290,C00395,P030,Active Mat 30,4,"Solid little product, would recommend",2025-12-20
R001425,T005113,C00021,P004,Essential Bag 04,5,Finally something that actually works!!!,2025-10-25
R001426,T004876,C00096,P026,Pure Band 26,1,paid for quality got dollar store junk,2025-09-25
R001427,T002752,C00861,P018,Pure Band 18,3,"Nothing to complain about, nothing to rave about",2025-09-06
R001428,T004675,C00041,P030,Active Mat 30,4,Works perfectly for what I needed...,2025-10-26
R001429,T005833,C00308,P023,Calm Cream 23,4,Works perfectly for what I needed,2025-11-20
R001430,T002011,C00207,P001,Daily Lamp 01,5,My new favorite thing in the house delivery took forever,2025-09-12
R001431,T006552,C00521,P017,Daily Lamp 17,3,Average product average price average experience,2025-12-31
R001432,T003146,C00336,P010,Pure Band 10,3,I have mixed feelings about this one delivery took forever,2025-07-25
R001433,T004132,C00032,P005,Bright Organizer 05,2,Arrived late and the packaging was a mess,2025-09-19
R001434,T005824,C00044,P029,Bright Organizer 29,5,Finally something that actually works!!!,2025-11-22
R001435,T004424,C00397,P015,Calm Cream 15,5,"BEST PURCHASE IVE MADE IN MONTHS, HANDS DOWN",2025-08-31
R001436,T002720,C00934,P025,Daily Lamp 25,3,Looks nice but the quality feels pretty basic,2025-06-27
R001437,T001497,C00122,P008,Modern Serum 08,5,A+++ no complaints at all,2025-05-03
R001438,T005300,C00280,P018,Pure Band 18,5,Bought as a gift and now keeping it for myself lol,2025-10-15
R001439,T000306,C00279,P010,Pure Band 10,4,NICE QUALITY. TOOK A STAR OFF FOR THE PRICE,2025-03-15
R001440,T003354,C00548,P019,Urban Bottle 19,2,Arrived late and the packaging was a mess shipping was quick,2025-08-08
R001441,T005662,C00186,P016,Modern Serum 16,3,works like it should but doesnt wow me shipping was quick,2025-11-17
R001442,T001323,C00441,P016,Modern Serum 16,5,I LOVE IT. already ordered another one my friend has one too...,2025-08-19
R001443,T001984,C00977,P009,Daily Lamp 09,3,I use it just dont love it,2025-09-11
R001444,T003215,C00529,P008,Modern Serum 08,5,This is SO good why did i wait so long,2025-07-29
R001445,T004943,C00917,P030,Active Mat 30,4,"Good value, gets used every day",2025-10-28
R001446,T005967,C00718,P030,Active Mat 30,4,"love the design, one small issue with the packaging",2025-12-20
R001447,T006446,C00145,P017,Daily Lamp 17,3,Decent once you figure out how it works,2025-12-31
R001448,T003284,C00627,P025,Daily Lamp 25,2,Not great I expected more for the price,2025-09-03
R001449,T005050,C00649,P020,Essential Bag 20,3,"I use it, just dont love it",2025-11-07
R001450,T000075,C00552,P004,Essential Bag 04,5,Finally something that actually works!!!,2025-05-02
R001451,T002573,C00372,P009,Daily Lamp 09,3,"I use it, just dont love it",2025-06-24
R001452,T004978,C00996,P009,Daily Lamp 09,3,Decent once you figure out how it works delivery took forever,2025-11-24
R001453,T005859,C00569,P013,Bright Organizer 13,4,Really useful and nicer than I expected.,2025-12-02
R001454,T003669,C00148,P016,Modern Serum 16,4,Easy to use and feels pretty sturdy??,2025-10-16
R001455,T003610,C00319,P005,Bright Organizer 05,5,A no complaints at all saw it on instagram first,2025-09-13
R001456,T006011,C00306,P029,Bright Organizer 29,2,Too expensive for something this average customer support got back to me fast,2025-11-29
R001457,T004713,C00474,P003,Urban Bottle 03,5,Exceeded every expectation by a mile packaging was a bit much,2025-10-15
R001458,T006454,C00247,P015,Calm Cream 15,4,Bought one for my sister too,2025-12-30
R001459,T002562,C00024,P002,Pure Band 02,5,my new favorite thing in the house,2025-06-06
R001460,T003439,C00672,P020,Essential Bag 20,5,This deserves more than five stars,2025-08-14
R001461,T004061,C00898,P011,Urban Bottle 11,5,Love love love it works like a dream??,2025-12-01
R001462,T002513,C00711,P005,Bright Organizer 05,2,Had to return it. Shame because the idea was good my friend has one too,2025-08-08
R001463,T001492,C00027,P024,Modern Serum 24,4,Better than the one I replaced bought it during the sale,2025-08-03
R001464,T005227,C00027,P022,Active Mat 22,5,"Best purchase ive made in months, hands down",2025-10-30
R001465,T006196,C00905,P024,Modern Serum 24,3,"Works as expected, which is fine",2025-12-15
R001466,T006149,C00635,P020,Essential Bag 20,4,happy with it delivery was quick too,2025-12-23
R001467,T000504,C00717,P004,Essential Bag 04,4,Works perfectly for what I needed packaging was a bit much,2025-03-17
R001468,T002687,C00559,P002,Pure Band 02,4,Bought one for my sister too,2025-10-11
R001469,T005787,C00417,P007,Calm Cream 07,5,Perfect in every way. no notes,2025-12-15
R001470,T004871,C00860,P006,Active Mat 06,3,Could be better but could be worse,2025-10-31
R001471,T004340,C00366,P025,Daily Lamp 25,1,Not as described at all. seriously disappointing,2025-10-17
R001472,T005834,C00731,P030,Active Mat 30,5,A no complaints at all,2025-11-29
R001473,T002392,C00484,P019,Urban Bottle 19,5,Obsessed obsessed obsessed,2025-10-06
R001474,T005171,C00440,P016,Modern Serum 16,5,Perfect in every way no notes,2025-12-24
R001475,T001425,C00195,P029,Bright Organizer 29,3,Could be better but could be worse,2025-08-30
R001476,T000268,C00500,P010,Pure Band 10,5,Bought as a gift and now keeping it for myself lol,2025-02-18
R001477,T003735,C00359,P015,Calm Cream 15,1,Absolute rubbish. Fell apart after two days.,2025-09-16
R001478,T004972,C00613,P021,Bright Organizer 21,4,easy to use and feels pretty sturdy,2025-11-21
R001479,T003624,C00663,P005,Bright Organizer 05,4,Bought one for my sister too,2025-07-20
R001480,T005375,C00209,P020,Essential Bag 20,4,"Good value, gets used every day shipping was quick",2025-12-19
R001481,T002006,C00151,P002,Pure Band 02,5,"Best purchase ive made in months, hands down",2025-06-11
R001482,T002763,C00711,P029,Bright Organizer 29,1,Three weeks and already in the bin,2025-06-23
R001483,T006033,C00826,P003,Urban Bottle 03,2,Would be ok at half the price,2025-12-19
R001484,T002617,C00865,P014,Active Mat 14,5,Finally something that actually works!!! delivery took forever,2025-05-22
R001485,T000730,C00186,P010,Pure Band 10,3,i have mixed feelings about this one,2025-02-12
R001486,T002805,C00054,P028,Essential Bag 28,3,Not bad! Not great either shipping was quick,2025-10-31
R001487,T004494,C00598,P028,Essential Bag 28,3,It does the job. Nothing special. delivery took forever,2025-09-02
R001488,T003133,C00337,P010,Pure Band 10,5,Best thing ever. I tell everyone about it,2025-08-10
R001489,T000922,C00466,P003,Urban Bottle 03,3,Works like it should but doesnt wow me,2025-05-07
R001490,T000281,C00601,P001,Daily Lamp 01,4,I reach for this all the time now,2025-03-21
R001491,T001939,C00913,P005,Bright Organizer 05,3,SOME THINGS ARE GOOD AND SOME ARE JUST ODD PACKAGING WAS A BIT MUCH,2025-04-24
R001492,T003730,C00746,P030,Active Mat 30,1,I hate this so much. unusable,2025-07-20
R001493,T001044,C00088,P025,Daily Lamp 25,4,Works perfectly for what I needed customer support got back to me fast,2025-03-30
R001494,T003513,C00661,P011,Urban Bottle 11,1,Do NOT waste your money on this,2025-08-20
R001495,T004681,C00003,P007,Calm Cream 07,2,Arrived late and the packaging was a mess,2025-09-22
R001496,T002569,C00718,P024,Modern Serum 24,2,Not great. I expected more for the price. bought it during the sale??,2025-07-31
R001497,T002991,C00782,P017,Daily Lamp 17,1,Absolute rubbish. Fell apart after two days.,2025-06-22
R001498,T003887,C00446,P018,Pure Band 18,2,Had to return it Shame because the idea was good,2025-07-28
R001499,T004261,C00454,P027,Urban Bottle 27,3,Could be better but could be worse packaging was a bit much,2025-10-14
R001500,T002324,C00373,P001,Daily Lamp 01,4,i reach for this all the time now,2025-06-03
R001501,T002875,C00446,P005,Bright Organizer 05,1,awful. just awful. save yourself the headache,2025-08-11
R001502,T003922,C00772,P020,Essential Bag 20,4,Pretty impressed tbh shipping was quick,2025-09-22
R001503,T003223,C00226,P007,Calm Cream 07,2,meh. feels flimsy,2025-12-06
R001504,T001783,C00475,P014,Active Mat 14,5,Obsessed. obsessed. obsessed.,2025-05-16
R001505,T003320,C00732,P011,Urban Bottle 11,5,Genuinely life changing for my morning routine customer support got back to me fast,2025-12-19
R001506,T004141,C00194,P013,Bright Organizer 13,4,Happy with it delivery was quick too,2025-09-24
R001507,T000706,C00549,P016,Modern Serum 16,4,"Good value, gets used every day",2025-05-31
R001508,T000406,C00967,P026,Pure Band 26,5,absolutely obsessed with this. best purchase this year!!!,2025-02-20
R001509,T000719,C00182,P004,Essential Bag 04,5,Obsessed. obsessed. obsessed.,2025-06-01
R001510,T003603,C00525,P020,Essential Bag 20,3,"Average product, average price, average experience",2025-10-11
R001511,T006018,C00456,P017,Daily Lamp 17,4,pretty impressed tbh packaging was a bit much,2025-12-05
R001512,T004375,C00468,P016,Modern Serum 16,5,Best thing ever. I tell everyone about it,2025-10-07
R001513,T002612,C00712,P015,Calm Cream 15,5,Love love love it. works like a dream packaging was a bit much,2025-08-08
R001514,T005162,C00560,P013,Bright Organizer 13,5,Bought as a gift and now keeping it for myself lol??,2025-11-04
R001515,T000004,C00222,P013,Bright Organizer 13,5,A+++ no complaints at all??,2025-03-16
R001516,T003360,C00546,P015,Calm Cream 15,4,"Love the design, one small issue with the packaging",2025-10-19
R001517,T006071,C00566,P022,Active Mat 22,3,It does the job Nothing special,2025-12-06
R001518,T004939,C00172,P006,Active Mat 06,5,Exceeded every expectation by a mile,2025-11-30
R001519,T003186,C00301,P010,Pure Band 10,1,Would give negative stars if i could delivery took forever,2025-11-04
R001520,T000293,C00521,P004,Essential Bag 04,3,It does the job Nothing special,2025-03-21
R001521,T003135,C00845,P021,Bright Organizer 21,1,one star because zero isnt an option,2025-06-14
R001522,T004665,C00553,P017,Daily Lamp 17,3,Not bad! Not great either saw it on instagram first,2025-09-24
R001523,T005946,C00010,P021,Bright Organizer 21,3,"Fine i guess, a few annoying bits",2025-12-09
R001524,T004064,C00508,P029,Bright Organizer 29,3,It does the job. Nothing special.,2025-10-27
R001525,T001137,C00312,P004,Essential Bag 04,3,could be better but could be worse packaging was a bit much,2025-04-05
R001526,T001447,C00400,P005,Bright Organizer 05,5,"Incredible quality for the price, wow delivery took forever",2025-05-26
R001527,T002481,C00853,P019,Urban Bottle 19,1,Absolute rubbish. Fell apart after two days.,2025-10-03
R001528,T003038,C00932,P017,Daily Lamp 17,4,Pretty impressed tbh packaging was a bit much,2025-09-13
R001529,T000630,C00372,P010,Pure Band 10,5,A+++ no complaints at all,2025-05-12
R001530,T006064,C00918,P020,Essential Bag 20,3,Works as expected which is fine,2025-11-30
R001531,T005351,C00250,P001,Daily Lamp 01,5,"Best purchase ive made in months, hands down customer support got back to me fast",2025-12-08
R001532,T005344,C00520,P007,Calm Cream 07,4,WORKS PERFECTLY FOR WHAT I NEEDED BOUGHT IT DURING THE SALE,2025-12-01
R001533,T005890,C00368,P011,Urban Bottle 11,3,Decent once you figure out how it works...,2025-12-13
R001534,T001727,C00760,P028,Essential Bag 28,2,It works sometimes which is not really good enough,2025-05-18
R001535,T001779,C00922,P014,Active Mat 14,1,Worst thing ive bought in ages honestly furious,2025-08-07
R001536,T001015,C00839,P006,Active Mat 06,4,WORKS PERFECTLY FOR WHAT I NEEDED SAW IT ON INSTAGRAM FIRST,2025-03-06
R001537,T005334,C00321,P006,Active Mat 06,2,Would be ok at half the price delivery took forever,2025-10-31
R001538,T000992,C00269,P030,Active Mat 30,3,"useful enough, though the instructions were confusing",2025-06-07
R001539,T002104,C00009,P004,Essential Bag 04,3,Not bad! Not great either,2025-10-04
R001540,T004620,C00677,P020,Essential Bag 20,1,"Worst thing ive bought in ages, honestly furious delivery took forever",2025-09-20
R001541,T003018,C00304,P002,Pure Band 02,1,RETURNED IT. COMPLETE SCAM AT THIS PRICE.,2025-06-14
R001542,T000753,C00808,P028,Essential Bag 28,5,This is SO good why did i wait so long delivery took forever,2025-03-17
R001543,T001842,C00252,P016,Modern Serum 16,3,"Fine i guess, a few annoying bits",2025-08-08
R001544,T000865,C00331,P009,Daily Lamp 09,5,10/10 would buy again and again,2025-08-09
R001545,T000199,C00336,P001,Daily Lamp 01,5,Best thing ever I tell everyone about it,2025-01-16
R001546,T002866,C00440,P015,Calm Cream 15,3,"fine i guess, a few annoying bits",2025-09-22
R001547,T003118,C00434,P019,Urban Bottle 19,5,I use it constantly and it still looks brand new,2025-08-12
R001548,T006349,C00149,P002,Pure Band 02,5,"Best purchase ive made in months, hands down looked different in the photos",2025-12-29
R001549,T003785,C00287,P002,Pure Band 02,4,Works perfectly for what I needed...,2025-10-05
R001550,T004343,C00720,P018,Pure Band 18,5,Obsessed. obsessed. obsessed. bought it during the sale,2025-12-15
R001551,T000055,C00372,P006,Active Mat 06,2,Not terrible but definitely not buying again,2025-05-10
R001552,T000653,C00314,P017,Daily Lamp 17,1,broke the first time i used it lol,2025-07-28
R001553,T003037,C00999,P015,Calm Cream 15,3,Some things are good and some are just odd shipping was quick,2025-10-21
R001554,T003985,C00939,P025,Daily Lamp 25,5,My new favorite thing in the house??,2025-12-10
R001555,T000611,C00185,P011,Urban Bottle 11,3,Not bad Not great either,2025-04-18
R001556,T000384,C00534,P010,Pure Band 10,1,absolute rubbish. fell apart after two days. shipping was quick,2025-05-08
R001557,T005096,C00547,P004,Essential Bag 04,5,Love love love it works like a dream,2025-12-10
R001558,T001007,C00848,P015,Calm Cream 15,1,Awful. Just awful. Save yourself the headache,2025-05-15
R001559,T001476,C00375,P020,Essential Bag 20,5,best thing ever i tell everyone about it,2025-06-16
R001560,T006355,C00733,P008,Modern Serum 08,2,It technically works but i dont like using it,2025-12-29
R001561,T002334,C00108,P028,Essential Bag 28,5,obsessed. obsessed. obsessed.,2025-05-23
R001562,T005630,C00305,P026,Pure Band 26,3,Decent once you figure out how it works,2025-12-02
R001563,T004160,C00041,P026,Pure Band 26,2,quality control seems all over the place,2025-09-30
R001564,T005191,C00064,P015,Calm Cream 15,5,10/10 would buy again and again my friend has one too,2025-10-11
R001565,T005127,C00570,P001,Daily Lamp 01,2,meh. feels flimsy,2025-10-27
R001566,T005271,C00163,P012,Essential Bag 12,5,Best thing ever. I tell everyone about it customer support got back to me fast??,2025-11-09
R001567,T005843,C00579,P015,Calm Cream 15,4,Looks great and works well so far...,2025-11-19
R001568,T005748,C00747,P021,Bright Organizer 21,5,10/10 would buy again and again,2025-11-13
R001569,T002504,C00639,P013,Bright Organizer 13,2,Had to return it. Shame because the idea was good,2025-08-23
R001570,T004658,C00908,P029,Bright Organizer 29,5,Genuinely life changing for my morning routine,2025-11-04
R001571,T004950,C00807,P028,Essential Bag 28,3,I have mixed feelings about this one,2025-11-11
R001572,T004018,C00571,P012,Essential Bag 12,5,Finally something that actually works!!!,2025-09-13
R001573,T004419,C00665,P014,Active Mat 14,4,nice quality. took a star off for the price,2025-11-25
R001574,T004417,C00950,P003,Urban Bottle 03,5,My new favorite thing in the house,2025-11-18
R001575,T003926,C00042,P017,Daily Lamp 17,4,Looks great and works well so far,2025-10-28
R001576,T006555,C00072,P020,Essential Bag 20,4,"solid little product, would recommend",2025-12-31
R001577,T002427,C00529,P004,Essential Bag 04,5,"Best purchase ive made in months, hands down",2025-07-02
R001578,T005160,C00308,P002,Pure Band 02,2,It technically works but i dont like using it,2025-10-05
R001579,T002523,C00256,P024,Modern Serum 24,4,Pretty impressed tbh,2025-07-08
R001580,T004726,C00804,P029,Bright Organizer 29,4,Pretty impressed tbh,2025-12-03
R001581,T002286,C00512,P026,Pure Band 26,4,"Good product, instructions could be clearer looked different in the photos??",2025-04-30
R001582,T001771,C00599,P010,Pure Band 10,1,Not as described at all. seriously disappointing,2025-08-04
R001583,T001769,C00083,P015,Calm Cream 15,4,Love the design one small issue with the packaging,2025-04-14
R001584,T003123,C00597,P011,Urban Bottle 11,3,Okay for now. Lets see how long it lasts,2025-11-10
R001585,T005648,C00335,P011,Urban Bottle 11,5,My new favorite thing in the house,2025-12-23
R001586,T005474,C00805,P011,Urban Bottle 11,3,"Nothing to complain about, nothing to rave about",2025-12-19
R001587,T001679,C00690,P016,Modern Serum 16,3,I have mixed feelings about this one saw it on instagram first,2025-03-30
R001588,T002216,C00934,P014,Active Mat 14,1,broke the first time i used it lol,2025-07-16
R001589,T003916,C00866,P017,Daily Lamp 17,5,Absolutely obsessed with this. Best purchase this year!!! packaging was a bit much,2025-08-16
R001590,T005055,C00477,P016,Modern Serum 16,1,"Worst thing ive bought in ages, honestly furious",2025-10-15
R001591,T002935,C00331,P003,Urban Bottle 03,2,THE PHOTOS MADE IT LOOK MUCH BETTER THAN IT IS,2025-07-18
R001592,T004848,C00967,P026,Pure Band 26,4,really useful and nicer than i expected,2025-10-03
R001593,T003868,C00714,P016,Modern Serum 16,4,Pretty impressed tbh,2025-10-17
R001594,T002484,C00444,P007,Calm Cream 07,4,Pretty impressed tbh,2025-06-24
R001595,T004293,C00906,P019,Urban Bottle 19,4,Happy with it. delivery was quick too??,2025-11-10
R001596,T001870,C00329,P019,Urban Bottle 19,5,I LOVE IT. already ordered another one,2025-04-26
R001597,T002295,C00576,P024,Modern Serum 24,3,Works like it should but doesnt wow me,2025-09-29
R001598,T005764,C00857,P013,Bright Organizer 13,2,WOULD BE OK AT HALF THE PRICE,2025-12-05
R001599,T000059,C00642,P002,Pure Band 02,5,Bought as a gift and now keeping it for myself lol,2025-03-21
R001600,T004380,C00368,P021,Bright Organizer 21,2,meh. feels flimsy,2025-11-25
R001601,T001776,C00642,P017,Daily Lamp 17,5,"Incredible quality for the price, wow customer support got back to me fast",2025-06-10
R001602,T001962,C00694,P011,Urban Bottle 11,4,Happy with it. delivery was quick too,2025-06-26
R001603,T003934,C00911,P017,Daily Lamp 17,4,"Solid little product, would recommend",2025-07-30
R001604,T001738,C00624,P026,Pure Band 26,4,Easy to use and feels pretty sturdy,2025-06-28
R001605,T004925,C00965,P003,Urban Bottle 03,4,nice quality. took a star off for the price my friend has one too,2025-10-29
R001606,T006513,C00789,P003,Urban Bottle 03,4,love the design one small issue with the packaging,2025-12-28
R001607,T006241,C00534,P009,Daily Lamp 09,1,"Worst thing ive bought in ages, honestly furious",2025-12-18
R001608,T001382,C00719,P004,Essential Bag 04,4,Looks great and works well so far,2025-05-27
R001609,T000676,C00942,P023,Calm Cream 23,5,"Best purchase ive made in months, hands down my friend has one too",2025-03-04
R001610,T001846,C00771,P014,Active Mat 14,1,Arrived damaged and the replacement was also damaged. wow!!,2025-09-21
R001611,T005537,C00085,P002,Pure Band 02,5,FINALLY SOMETHING THAT ACTUALLY WORKS,2025-12-05
R001612,T004321,C00639,P013,Bright Organizer 13,1,Arrived damaged and the replacement was also damaged. wow??,2025-11-09
R001613,T001945,C00557,P016,Modern Serum 16,1,looks cheap feels cheap and it doesnt even work,2025-09-26
R001614,T002120,C00419,P017,Daily Lamp 17,3,works like it should but doesnt wow me,2025-07-18
R001615,T005637,C00286,P013,Bright Organizer 13,4,Better than the one I replaced,2025-11-14
R001616,T002442,C00142,P001,Daily Lamp 01,1,Returned it. Complete scam at this price.,2025-08-11
R001617,T000817,C00482,P001,Daily Lamp 01,4,"Good product, instructions could be clearer!!",2025-05-09
R001618,T004408,C00358,P022,Active Mat 22,1,paid for quality got dollar store junk,2025-09-25
R001619,T005926,C00156,P017,Daily Lamp 17,3,Looks nice but the quality feels pretty basic saw it on instagram first,2025-12-15
R001620,T000761,C00705,P001,Daily Lamp 01,3,Some things are good and some are just odd,2025-07-19
R001621,T006343,C00635,P017,Daily Lamp 17,5,Perfect in every way. no notes delivery took forever,2025-12-26
R001622,T002937,C00001,P010,Pure Band 10,5,Best thing ever. I tell everyone about it,2025-08-01
R001623,T006557,C00872,P013,Bright Organizer 13,3,Some things are good and some are just odd delivery took forever,2025-12-31
R001624,T000808,C00966,P017,Daily Lamp 17,3,I have mixed feelings about this one,2025-05-08
R001625,T001701,C00064,P001,Daily Lamp 01,5,Absolutely obsessed with this Best purchase this year,2025-09-07
R001626,T005789,C00974,P022,Active Mat 22,3,"I use it, just dont love it",2025-11-24
R001627,T003621,C00149,P020,Essential Bag 20,4,Easy to use and feels pretty sturdy,2025-12-17
R001628,T002003,C00220,P015,Calm Cream 15,5,Finally something that actually works!!!,2025-05-19
R001629,T000177,C00313,P026,Pure Band 26,5,Obsessed. obsessed. obsessed!!,2025-02-06
R001630,T006517,C00990,P015,Calm Cream 15,1,Do NOT waste your money on this!!!,2025-12-27
R001631,T002776,C00181,P002,Pure Band 02,1,Do NOT waste your money on this!!! my friend has one too,2025-10-12
R001632,T000905,C00453,P021,Bright Organizer 21,5,finally something that actually works!!!,2025-03-04
R001633,T003975,C00194,P030,Active Mat 30,4,Works perfectly for what I needed shipping was quick,2025-09-17
R001634,T004847,C00965,P007,Calm Cream 07,1,I regret buying this every single day,2025-12-01
R001635,T001418,C00603,P005,Bright Organizer 05,3,"Nothing to complain about, nothing to rave about",2025-08-03
R001636,T000316,C00647,P013,Bright Organizer 13,2,quality control seems all over the place,2025-04-02
R001637,T004967,C00428,P001,Daily Lamp 01,4,Easy to use and feels pretty sturdy my friend has one too,2025-12-20
R001638,T000210,C00809,P003,Urban Bottle 03,5,Finally something that actually works!!!,2025-05-14
R001639,T001210,C00678,P011,Urban Bottle 11,3,"average product, average price, average experience",2025-06-25
R001640,T005628,C00680,P002,Pure Band 02,3,"Fine i guess, a few annoying bits looked different in the photos",2025-12-04
R001641,T006177,C00926,P009,Daily Lamp 09,3,"Average product, average price, average experience??",2025-12-12
R001642,T000610,C00454,P019,Urban Bottle 19,5,"Best purchase ive made in months, hands down",2025-06-21
R001643,T000780,C00410,P028,Essential Bag 28,3,Not bad! Not great either saw it on instagram first,2025-06-14
R001644,T005346,C00177,P026,Pure Band 26,1,It broke immediately. customer service was useless too,2025-11-12
R001645,T003257,C00620,P016,Modern Serum 16,4,Really useful and nicer than I expected.,2025-10-08
R001646,T000764,C00684,P026,Pure Band 26,4,I reach for this all the time now,2025-04-09
R001647,T001309,C00967,P013,Bright Organizer 13,1,broke the first time i used it lol,2025-07-01
R001648,T000377,C00752,P008,Modern Serum 08,5,10/10 would buy again and again packaging was a bit much,2025-05-05
R001649,T004248,C00743,P010,Pure Band 10,2,It technically works but i dont like using it,2025-08-23
R001650,T003380,C00683,P019,Urban Bottle 19,5,My new favorite thing in the house,2025-12-10
R001651,T006204,C00695,P005,Bright Organizer 05,5,10/10 would buy again and again,2025-12-21
R001652,T006324,C00718,P028,Essential Bag 28,5,this is so good why did i wait so long,2025-12-25
R001653,T006142,C00147,P025,Daily Lamp 25,3,some things are good and some are just odd bought it during the sale,2025-12-22
R001654,T002840,C00974,P009,Daily Lamp 09,3,"fine i guess, a few annoying bits",2025-07-07
R001655,T002047,C00989,P004,Essential Bag 04,5,10/10 would buy again and again,2025-07-24
R001656,T000150,C00260,P001,Daily Lamp 01,4,"good product, instructions could be clearer delivery took forever",2025-01-28
R001657,T001421,C00868,P004,Essential Bag 04,3,"Works as expected, which is fine",2025-07-16
R001658,T004392,C00666,P002,Pure Band 02,5,bought as a gift and now keeping it for myself lol,2025-10-31
R001659,T002192,C00617,P011,Urban Bottle 11,3,Some things are good and some are just odd,2025-08-16
R001660,T005243,C00489,P026,Pure Band 26,5,Obsessed. obsessed. obsessed.,2025-12-01
R001661,T005310,C00885,P027,Urban Bottle 27,3,Some things are good and some are just odd,2025-12-18
R001662,T004399,C00418,P010,Pure Band 10,5,Best purchase ive made in months hands down looked different in the photos,2025-10-29
R001663,T005326,C00164,P010,Pure Band 10,1,the smell is horrible and it did nothing,2025-11-23
R001664,T005321,C00905,P011,Urban Bottle 11,3,Useful enough though the instructions were confusing customer support got back to me fast,2025-12-07
R001665,T006027,C00027,P011,Urban Bottle 11,4,Really useful and nicer than I expected.,2025-12-07
R001666,T004762,C00491,P010,Pure Band 10,3,"Fine i guess, a few annoying bits",2025-12-17
R001667,T006134,C00190,P002,Pure Band 02,4,"Solid little product, would recommend",2025-12-30
R001668,T000614,C00819,P006,Active Mat 06,1,three weeks and already in the bin,2025-05-08
R001669,T000108,C00201,P028,Essential Bag 28,1,I hate this so much. unusable looked different in the photos,2025-04-11
R001670,T003470,C00661,P012,Essential Bag 12,2,meh. feels flimsy,2025-12-16
R001671,T002274,C00155,P030,Active Mat 30,4,EASY TO USE AND FEELS PRETTY STURDY SHIPPING WAS QUICK,2025-08-11
R001672,T003155,C00432,P027,Urban Bottle 27,3,Okay for now. Lets see how long it lasts,2025-08-16
R001673,T003955,C00909,P027,Urban Bottle 27,3,"Average product, average price, average experience",2025-08-02
R001674,T006316,C00330,P019,Urban Bottle 19,1,Would give negative stars if i could!!!,2025-12-15
R001675,T002436,C00706,P018,Pure Band 18,5,This deserves more than five stars,2025-08-05
R001676,T001754,C00392,P001,Daily Lamp 01,5,Bought as a gift and now keeping it for myself lol,2025-09-17
R001677,T005878,C00902,P021,Bright Organizer 21,1,Returned it. Complete scam at this price.,2025-12-12
R001678,T003374,C00498,P024,Modern Serum 24,4,Happy with it. delivery was quick too delivery took forever,2025-12-13
R001679,T001672,C00306,P001,Daily Lamp 01,2,Was expecting better. sadly no,2025-05-27
R001680,T003219,C00445,P008,Modern Serum 08,3,i have mixed feelings about this one bought it during the sale,2025-07-11
R001681,T002715,C00922,P012,Essential Bag 12,2,Arrived late and the packaging was a mess packaging was a bit much,2025-09-02
R001682,T001567,C00597,P019,Urban Bottle 19,5,"Best purchase ive made in months, hands down",2025-04-09
R001683,T001866,C00337,P019,Urban Bottle 19,5,Finally something that actually works!!!,2025-06-25
R001684,T003480,C00455,P002,Pure Band 02,1,The smell is HORRIBLE and it did nothing,2025-08-29
R001685,T002942,C00177,P028,Essential Bag 28,5,Best thing ever. I tell everyone about it,2025-09-11
R001686,T003945,C00582,P011,Urban Bottle 11,4,Pretty impressed tbh,2025-11-26
R001687,T005780,C00560,P029,Bright Organizer 29,4,Looks great and works well so far delivery took forever,2025-12-06
R001688,T004446,C00183,P023,Calm Cream 23,4,Really useful and nicer than I expected,2025-11-17
R001689,T002223,C00200,P021,Bright Organizer 21,3,Some things are good and some are just odd,2025-06-06
R001690,T000927,C00238,P029,Bright Organizer 29,4,I reach for this all the time now,2025-08-06
R001691,T002641,C00707,P026,Pure Band 26,1,one star becuase zero isnt an option,2025-07-24
R001692,T003116,C00361,P010,Pure Band 10,3,"Average product, average price, average experience",2025-11-24
R001693,T000520,C00774,P027,Urban Bottle 27,4,Happy with it. delivery was quick too,2025-04-09
R001694,T004532,C00128,P025,Daily Lamp 25,5,"Incredible quality for the price, wow",2025-10-22
R001695,T000134,C00979,P001,Daily Lamp 01,4,Works perfectly for what I needed my friend has one too,2025-03-13
R001696,T000248,C00073,P016,Modern Serum 16,1,Arrived damaged and the replacement was also damaged wow,2025-04-12
R001697,T004130,C00842,P001,Daily Lamp 01,4,i reach for this all the time now,2025-08-22
R001698,T002689,C00194,P008,Modern Serum 08,2,NOT WORTH THE HASSLE SAW IT ON INSTAGRAM FIRST,2025-07-23
R001699,T002685,C00069,P009,Daily Lamp 09,3,It does the job. Nothing special.,2025-05-25
R001700,T000530,C00472,P018,Pure Band 18,2,Quality control seems all over the place??,2025-06-22
R001701,T000936,C00135,P017,Daily Lamp 17,5,I USE IT CONSTANTLY AND IT STILL LOOKS BRAND NEW,2025-03-17
R001702,T006226,C00301,P006,Active Mat 06,2,Too expensive for something this average,2025-12-24
R001703,T002418,C00303,P011,Urban Bottle 11,3,Average product average price average experience delivery took forever,2025-05-17
R001704,T004852,C00265,P030,Active Mat 30,4,Does exactly what it says on the tin,2025-12-17
R001705,T001724,C00626,P013,Bright Organizer 13,5,obsessed obsessed obsessed,2025-09-27
R001706,T004145,C00224,P017,Daily Lamp 17,1,Arrived damaged and the replacement was also damaged wow??,2025-11-08
R001707,T001392,C00331,P012,Essential Bag 12,4,Happy with it. delivery was quick too,2025-07-30
R001708,T006192,C00458,P025,Daily Lamp 25,1,one star becuase zero isnt an option,2025-12-17
R001709,T001243,C00611,P013,Bright Organizer 13,5,I use it constantly and it still looks brand new packaging was a bit much,2025-03-18
R001710,T000088,C00587,P017,Daily Lamp 17,4,Nice quality. took a star off for the price,2025-02-05
R001711,T006428,C00283,P007,Calm Cream 07,5,INCREDIBLE QUALITY FOR THE PRICE WOW,2025-12-26
R001712,T002486,C00514,P023,Calm Cream 23,5,A+++ no complaints at all,2025-07-04
R001713,T004722,C00511,P002,Pure Band 02,4,Good product instructions could be clearer,2025-10-29
R001714,T000113,C00877,P006,Active Mat 06,3,"Nothing to complain about, nothing to rave about",2025-07-01
R001715,T004150,C00586,P028,Essential Bag 28,5,i love it. already ordered another one,2025-09-21
R001716,T001525,C00983,P001,Daily Lamp 01,4,easy to use and feels pretty sturdy saw it on instagram first,2025-07-23
R001717,T006113,C00399,P019,Urban Bottle 19,5,Exceeded every expectation by a mile,2025-12-02
R001718,T000231,C00235,P025,Daily Lamp 25,5,A+++ no complaints at all,2025-05-16
R001719,T000746,C00327,P012,Essential Bag 12,4,Bought one for my sister too saw it on instagram first,2025-03-05
R001720,T001127,C00209,P024,Modern Serum 24,4,Pretty impressed tbh,2025-05-18
R001721,T001181,C00049,P027,Urban Bottle 27,5,A no complaints at all,2025-03-30
R001722,T002312,C00520,P028,Essential Bag 28,5,10/10 would buy again and again,2025-05-06
R001723,T005296,C00391,P001,Daily Lamp 01,5,Perfect in every way. no notes,2025-11-08
R001724,T003256,C00671,P030,Active Mat 30,5,Bought as a gift and now keeping it for myself lol,2025-10-25
R001725,T005716,C00130,P028,Essential Bag 28,3,works like it should but doesnt wow me customer support got back to me fast,2025-12-21
R001726,T006498,C00244,P030,Active Mat 30,4,really useful and nicer than i expected.,2025-12-30
R001727,T001763,C00154,P010,Pure Band 10,5,This deserves more than five stars,2025-07-18
R001728,T004527,C00148,P011,Urban Bottle 11,3,It does the job. Nothing special.,2025-09-09
R001729,T006471,C00116,P007,Calm Cream 07,5,I LOVE IT already ordered another one,2025-12-26
R001730,T004007,C00107,P030,Active Mat 30,5,This is SO good why did i wait so long packaging was a bit much,2025-10-13
R001731,T005279,C00544,P016,Modern Serum 16,3,Decent once you figure out how it works,2025-11-26
R001732,T000708,C00843,P012,Essential Bag 12,3,Some things are good and some are just odd saw it on instagram first,2025-04-06
R001733,T004867,C00645,P005,Bright Organizer 05,1,Absolute rubbish. Fell apart after two days. customer support got back to me fast,2025-09-24
R001734,T006075,C00795,P026,Pure Band 26,3,Looks nice but the quality feels pretty basic,2025-12-11
R001735,T004784,C00328,P030,Active Mat 30,3,Looks nice but the quality feels pretty basic bought it during the sale,2025-12-02
R001736,T001226,C00127,P006,Active Mat 06,5,My new favorite thing in the house,2025-05-21
R001737,T003047,C00958,P025,Daily Lamp 25,2,meh feels flimsy,2025-07-12
R001738,T000995,C00078,P004,Essential Bag 04,3,I have mixed feelings about this one,2025-06-13
R001739,T005555,C00910,P026,Pure Band 26,5,"Best purchase ive made in months, hands down",2025-12-04
R001740,T001970,C00298,P025,Daily Lamp 25,4,Nice quality. took a star off for the price,2025-07-23
R001741,T000032,C00708,P027,Urban Bottle 27,3,"I use it, just dont love it",2025-06-05
R001742,T000298,C00801,P023,Calm Cream 23,5,This is SO good why did i wait so long,2025-03-06
R001743,T001714,C00656,P029,Bright Organizer 29,4,"Good product, instructions could be clearer",2025-06-19
R001744,T000747,C00631,P009,Daily Lamp 09,2,Fine for a week then started acting weird,2025-07-06
R001745,T001142,C00933,P019,Urban Bottle 19,5,this is so good why did i wait so long,2025-04-04
R001746,T001924,C00441,P024,Modern Serum 24,3,Works like it should but doesnt wow me,2025-05-30
R001747,T002095,C00898,P024,Modern Serum 24,5,Absolutely obsessed with this. Best purchase this year!!! shipping was quick,2025-07-12
R001748,T001906,C00135,P008,Modern Serum 08,5,I use it constantly and it still looks brand new,2025-06-22
R001749,T004276,C00493,P005,Bright Organizer 05,1,Not as described at all. seriously disappointing,2025-10-20
R001750,T002531,C00573,P004,Essential Bag 04,3,"works as expected, which is fine",2025-06-29
R001751,T006215,C00683,P016,Modern Serum 16,4,I reach for this all the time now,2025-12-19
R001752,T001568,C00151,P021,Bright Organizer 21,5,best purchase ive made in months hands down,2025-03-23
R001753,T003022,C00007,P012,Essential Bag 12,2,Too expensive for something this average my friend has one too,2025-07-14
R001754,T004923,C00693,P030,Active Mat 30,1,Worst thing ive bought in ages honestly furious my friend has one too,2025-12-05
R001755,T003203,C00331,P016,Modern Serum 16,5,perfect in every way. no notes,2025-08-26
R001756,T002283,C00655,P027,Urban Bottle 27,1,It broke immediately. customer service was useless too,2025-07-09
R001757,T005560,C00590,P009,Daily Lamp 09,4,Does exactly what it says on the tin,2025-12-03
R001758,T004644,C00888,P027,Urban Bottle 27,1,Returned it. Complete scam at this price??,2025-12-13
R001759,T006386,C00831,P014,Active Mat 14,4,"Good product, instructions could be clearer",2025-12-26
R001760,T006145,C00480,P019,Urban Bottle 19,1,"Doesnt fit, doesnt work, waste of time",2025-12-04
R001761,T003316,C00287,P017,Daily Lamp 17,5,A no complaints at all,2025-08-17
R001762,T002426,C00529,P027,Urban Bottle 27,4,"good value, gets used every day",2025-05-21
R001763,T003241,C00869,P027,Urban Bottle 27,4,LOOKS GREAT AND WORKS WELL SO FAR,2025-07-02
R001764,T003446,C00548,P019,Urban Bottle 19,5,Obsessed obsessed obsessed,2025-08-15
R001765,T005499,C00777,P010,Pure Band 10,3,Could be better but could be worse my friend has one too,2025-10-26
R001766,T002808,C00684,P020,Essential Bag 20,3,"Useful enough, though the instructions were confusing",2025-11-01
R001767,T005434,C00991,P020,Essential Bag 20,5,Genuinely life changing for my morning routine...,2025-12-15
R001768,T004753,C00277,P002,Pure Band 02,5,absolutely obsessed with this. best purchase this year!!! packaging was a bit much,2025-09-25
R001769,T005314,C00527,P029,Bright Organizer 29,5,I LOVE IT. already ordered another one packaging was a bit much,2025-12-28
R001770,T001780,C00031,P030,Active Mat 30,3,some things are good and some are just odd,2025-05-20
R001771,T003651,C00394,P012,Essential Bag 12,2,Had to return it. Shame because the idea was good,2025-07-13
R001772,T003064,C00866,P010,Pure Band 10,1,one star because zero isnt an option,2025-11-19
R001773,T004521,C00812,P018,Pure Band 18,5,Obsessed. obsessed. obsessed. packaging was a bit much,2025-12-13
R001774,T004572,C00036,P008,Modern Serum 08,4,Better than the one I replaced looked different in the photos,2025-09-13
R001775,T003924,C00520,P011,Urban Bottle 11,4,"Good value, gets used every day",2025-09-23
R001776,T001213,C00806,P019,Urban Bottle 19,4,Bought one for my sister too,2025-05-24
R001777,T004060,C00600,P026,Pure Band 26,5,Bought as a gift and now keeping it for myself lol,2025-09-05
R001778,T003907,C00847,P030,Active Mat 30,3,"fine i guess, a few annoying bits",2025-11-28
R001779,T001050,C00506,P018,Pure Band 18,4,BETTER THAN THE ONE I REPLACED LOOKED DIFFERENT IN THE PHOTOS,2025-06-26
R001780,T001692,C00995,P030,Active Mat 30,3,Not bad! Not great either,2025-08-14
R001781,T000681,C00765,P020,Essential Bag 20,4,Does exactly what it says on the tin,2025-03-11
R001782,T004688,C00195,P017,Daily Lamp 17,5,Perfect in every way no notes packaging was a bit much,2025-11-29
R001783,T005278,C00668,P004,Essential Bag 04,4,Really useful and nicer than I expected.,2025-12-04
R001784,T004758,C00829,P003,Urban Bottle 03,2,Had to return it. Shame because the idea was good delivery took forever,2025-11-19
R001785,T000582,C00062,P023,Calm Cream 23,4,Really useful and nicer than I expected.,2025-02-03
R001786,T004998,C00657,P018,Pure Band 18,4,nice quality. took a star off for the price,2025-12-07
R001787,T001069,C00761,P024,Modern Serum 24,4,Good value gets used every day,2025-04-26
R001788,T002779,C00106,P024,Modern Serum 24,5,"Best purchase ive made in months, hands down",2025-08-17
R001789,T000609,C00556,P013,Bright Organizer 13,5,A no complaints at all,2025-05-08
R001790,T003769,C00136,P007,Calm Cream 07,3,Decent once you figure out how it works,2025-08-17
R001791,T002005,C00887,P022,Active Mat 22,5,Exceeded every expectation by a mile,2025-08-21
R001792,T002452,C00310,P021,Bright Organizer 21,2,Not worth the hassle,2025-06-01
R001793,T002556,C00218,P026,Pure Band 26,5,Obsessed. obsessed. obsessed.,2025-07-15
R001794,T001722,C00967,P022,Active Mat 22,4,"Good value, gets used every day",2025-08-02
R001795,T003982,C00053,P026,Pure Band 26,3,"Nothing to complain about, nothing to rave about",2025-11-27
R001796,T005337,C00388,P010,Pure Band 10,3,it does the job. nothing special.,2025-12-15
R001797,T004200,C00254,P013,Bright Organizer 13,5,"Incredible quality for the price, wow",2025-10-14
R001798,T000396,C00687,P022,Active Mat 22,3,"Average product, average price, average experience",2025-05-23
R001799,T003894,C00547,P029,Bright Organizer 29,3,Looks nice but the quality feels pretty basic,2025-10-08
R001800,T000870,C00171,P001,Daily Lamp 01,5,Exceeded every expectation by a mile,2025-02-23
R001801,T003803,C00056,P014,Active Mat 14,3,"I use it, just dont love it",2025-10-21
R001802,T005919,C00604,P029,Bright Organizer 29,1,Would give negative stars if i could!!! bought it during the sale,2025-11-26
R001803,T002852,C00299,P011,Urban Bottle 11,5,Absolutely obsessed with this. Best purchase this year!!!!!,2025-06-25
R001804,T002670,C00403,P017,Daily Lamp 17,3,"Works as expected, which is fine",2025-10-28
R001805,T003485,C00254,P018,Pure Band 18,3,Works like it should but doesnt wow me??,2025-07-31
R001806,T006396,C00581,P028,Essential Bag 28,3,Not bad Not great either??,2025-12-30
R001807,T006306,C00027,P014,Active Mat 14,4,"Love the design, one small issue with the packaging saw it on instagram first",2025-12-16
R001808,T006218,C00748,P005,Bright Organizer 05,4,I reach for this all the time now shipping was quick,2025-12-19
R001809,T002675,C00605,P028,Essential Bag 28,5,This deserves more than five stars looked different in the photos,2025-10-06
R001810,T000710,C00759,P023,Calm Cream 23,3,Decent once you figure out how it works,2025-05-06
R001811,T003201,C00891,P007,Calm Cream 07,4,Bought one for my sister too,2025-09-21
R001812,T005933,C00654,P022,Active Mat 22,3,Decent once you figure out how it works,2025-11-23
R001813,T004308,C00709,P006,Active Mat 06,2,Not great. I expected more for the price.,2025-08-31
R001814,T005865,C00939,P016,Modern Serum 16,2,Quality control seems all over the place,2025-11-30
R001815,T001794,C00735,P024,Modern Serum 24,2,Was expecting better sadly no,2025-09-30
R001816,T004539,C00191,P024,Modern Serum 24,5,This deserves more than five stars,2025-12-31
R001817,T002785,C00872,P009,Daily Lamp 09,2,not terrible but definitely not buying again looked different in the photos,2025-07-21
R001818,T004608,C00953,P005,Bright Organizer 05,5,Exceeded every expectation by a mile bought it during the sale,2025-10-27
R001819,T005025,C00502,P011,Urban Bottle 11,4,I REACH FOR THIS ALL THE TIME NOW,2025-12-18
R001820,T000593,C00117,P011,Urban Bottle 11,5,Bought as a gift and now keeping it for myself lol,2025-03-29
R001821,T000445,C00879,P008,Modern Serum 08,3,"Works as expected, which is fine??",2025-04-23
R001822,T000648,C00939,P028,Essential Bag 28,4,Pretty impressed tbh,2025-08-01
R001823,T000836,C00136,P001,Daily Lamp 01,3,I use it just dont love it,2025-02-23
R001824,T004172,C00282,P020,Essential Bag 20,3,Okay for now. Lets see how long it lasts delivery took forever,2025-10-14
R001825,T001791,C00639,P019,Urban Bottle 19,5,i use it constantly and it still looks brand new,2025-09-26
R001826,T000969,C00348,P019,Urban Bottle 19,5,THIS IS SO GOOD WHY DID I WAIT SO LONG,2025-07-10
R001827,T001562,C00124,P005,Bright Organizer 05,4,"solid little product, would recommend",2025-07-14
R001828,T000754,C00013,P003,Urban Bottle 03,3,Decent once you figure out how it works shipping was quick,2025-06-15
R001829,T005433,C00437,P009,Daily Lamp 09,2,Was expecting better. sadly no,2025-11-27
R001830,T006254,C00287,P011,Urban Bottle 11,3,Decent once you figure out how it works,2025-12-25
R001831,T005181,C00516,P010,Pure Band 10,5,I LOVE IT. already ordered another one,2025-12-23
R001832,T004268,C00501,P021,Bright Organizer 21,3,"Works as expected, which is fine",2025-09-13
R001833,T000497,C00113,P014,Active Mat 14,4,Looks great and works well so far,2025-04-27
R001834,T001618,C00518,P027,Urban Bottle 27,5,Bought as a gift and now keeping it for myself lol,2025-06-18
R001835,T005222,C00398,P025,Daily Lamp 25,2,Too expensive for something this average packaging was a bit much,2025-10-15
R001836,T000964,C00916,P021,Bright Organizer 21,4,Bought one for my sister too,2025-03-09
R001837,T002742,C00492,P016,Modern Serum 16,5,Obsessed. obsessed. obsessed.,2025-10-27
R001838,T003655,C00704,P029,Bright Organizer 29,5,My new favorite thing in the house,2025-11-28
R001839,T001229,C00606,P009,Daily Lamp 09,1,THE SMELL IS HORRIBLE AND IT DID NOTHING,2025-08-17
R001840,T005861,C00073,P025,Daily Lamp 25,2,Was expecting better sadly no saw it on instagram first,2025-12-18
R001841,T001293,C00178,P017,Daily Lamp 17,5,I use it constantly and it still looks brand new,2025-04-17
R001842,T000974,C00024,P028,Essential Bag 28,2,Not worth the hassle my friend has one too,2025-05-08
R001843,T000064,C00608,P005,Bright Organizer 05,4,I reach for this all the time now,2025-04-24
R001844,T002239,C00855,P002,Pure Band 02,5,This is SO good why did i wait so long,2025-10-23
R001845,T001850,C00564,P010,Pure Band 10,4,Does exactly what it says on the tin,2025-08-06
R001846,T002070,C00705,P017,Daily Lamp 17,4,happy with it. delivery was quick too,2025-08-03
R001847,T003488,C00347,P011,Urban Bottle 11,4,Better than the one I replaced,2025-12-01
R001848,T002632,C00919,P023,Calm Cream 23,5,I LOVE IT. already ordered another one,2025-09-17
R001849,T006086,C00415,P011,Urban Bottle 11,3,Could be better but could be worse,2025-12-06
R001850,T004316,C00532,P003,Urban Bottle 03,5,"best purchase ive made in months, hands down packaging was a bit much",2025-09-25
R001851,T001090,C00871,P017,Daily Lamp 17,5,PERFECT IN EVERY WAY. NO NOTES,2025-05-28
R001852,T001616,C00841,P020,Essential Bag 20,5,Love love love it works like a dream delivery took forever,2025-07-04
R001853,T006159,C00538,P019,Urban Bottle 19,4,Happy with it delivery was quick too,2025-12-25
R001854,T000934,C00756,P012,Essential Bag 12,3,I have mixed feelings about this one,2025-03-05
R001855,T002749,C00717,P022,Active Mat 22,1,Absolute rubbish. Fell apart after two days.,2025-08-26
R001856,T003620,C00820,P022,Active Mat 22,5,10/10 would buy again and again saw it on instagram first,2025-12-02
R001857,T003339,C00444,P019,Urban Bottle 19,5,Love love love it. works like a dream??,2025-12-11
R001858,T002538,C00230,P009,Daily Lamp 09,3,Average product average price average experience packaging was a bit much,2025-08-29
R001859,T004331,C00387,P015,Calm Cream 15,2,Fine for a week then started acting weird delivery took forever,2025-12-07
R001860,T001806,C00482,P005,Bright Organizer 05,2,Quality control seems all over the place,2025-08-01
R001861,T001010,C00637,P029,Bright Organizer 29,3,okay for now. lets see how long it lasts,2025-08-09
R001862,T002401,C00055,P005,Bright Organizer 05,5,This is SO good why did i wait so long,2025-08-16
R001863,T006462,C00571,P014,Active Mat 14,4,Nice quality took a star off for the price customer support got back to me fast,2025-12-23
R001864,T006505,C00137,P015,Calm Cream 15,4,Bought one for my sister too,2025-12-28
R001865,T006206,C00811,P011,Urban Bottle 11,5,Incredible quality for the price wow,2025-12-20
R001866,T002519,C00151,P024,Modern Serum 24,4,Pretty impressed tbh,2025-10-08
R001867,T006531,C00326,P003,Urban Bottle 03,2,Was expecting better. sadly no,2025-12-30
R001868,T002983,C00436,P024,Modern Serum 24,2,"It works sometimes, which is not really good enough",2025-08-27
R001869,T004444,C00409,P011,Urban Bottle 11,4,Happy with it. delivery was quick too,2025-12-08
R001870,T002915,C00813,P030,Active Mat 30,4,DOES EXACTLY WHAT IT SAYS ON THE TIN,2025-08-14
R001871,T005569,C00419,P008,Modern Serum 08,3,I have mixed feelings about this one,2025-12-01
R001872,T004860,C00627,P013,Bright Organizer 13,3,Not bad! Not great either,2025-12-24
R001873,T001744,C00871,P020,Essential Bag 20,4,Does exactly what it says on the tin,2025-09-27
R001874,T004697,C00709,P030,Active Mat 30,4,Looks great and works well so far customer support got back to me fast,2025-09-09
R001875,T004083,C00417,P030,Active Mat 30,5,Best thing ever. I tell everyone about it,2025-10-11
R001876,T000225,C00633,P013,Bright Organizer 13,3,Fine i guess a few annoying bits,2025-01-19
R001877,T005868,C00940,P013,Bright Organizer 13,5,obsessed. obsessed. obsessed.,2025-12-13
R001878,T002039,C00615,P014,Active Mat 14,5,Exceeded every expectation by a mile saw it on instagram first,2025-07-29
R001879,T004944,C00595,P006,Active Mat 06,2,Not great. I expected more for the price.,2025-10-03
R001880,T003142,C00647,P004,Essential Bag 04,4,Easy to use and feels pretty sturdy my friend has one too,2025-06-29
R001881,T002391,C00380,P018,Pure Band 18,5,1010 would buy again and again,2025-10-05
R001882,T006429,C00011,P009,Daily Lamp 09,5,Genuinely life changing for my morning routine bought it during the sale,2025-12-24
R001883,T001079,C00589,P007,Calm Cream 07,3,Nothing to complain about nothing to rave about,2025-07-29
R001884,T003102,C00698,P020,Essential Bag 20,3,I have mixed feelings about this one,2025-08-08
R001885,T000873,C00175,P018,Pure Band 18,2,Quality control seems all over the place,2025-04-15
R001886,T003852,C00594,P029,Bright Organizer 29,4,Happy with it. delivery was quick too,2025-07-22
R001887,T005613,C00610,P030,Active Mat 30,4,Easy to use and feels pretty sturdy??,2025-12-29
R001888,T005541,C00357,P017,Daily Lamp 17,4,Does exactly what it says on the tin,2025-12-08
R001889,T001735,C00086,P008,Modern Serum 08,5,Perfect in every way. no notes delivery took forever,2025-09-01
R001890,T000040,C00727,P008,Modern Serum 08,3,I have mixed feelings about this one delivery took forever,2025-06-27
R001891,T000767,C00777,P018,Pure Band 18,3,Some things are good and some are just odd,2025-07-05
R001892,T000121,C00176,P012,Essential Bag 12,5,Genuinely life changing for my morning routine,2025-01-21
R001893,T002075,C00313,P011,Urban Bottle 11,4,Better than the one I replaced,2025-08-17
R001894,T003790,C00384,P010,Pure Band 10,3,It does the job. Nothing special.,2025-08-19
R001895,T003390,C00235,P019,Urban Bottle 19,5,Obsessed obsessed obsessed delivery took forever??,2025-12-23
R001896,T000907,C00466,P022,Active Mat 22,4,Works perfectly for what I needed,2025-07-05
R001897,T004208,C00307,P022,Active Mat 22,5,"Best purchase ive made in months, hands down",2025-09-08
R001898,T004051,C00704,P027,Urban Bottle 27,4,works perfectly for what i needed,2025-11-15
R001899,T004020,C00221,P019,Urban Bottle 19,3,decent once you figure out how it works,2025-09-29
R001900,T000585,C00223,P030,Active Mat 30,1,looks cheap feels cheap and it doesnt even work looked different in the photos,2025-07-29
R001901,T000591,C00160,P022,Active Mat 22,5,Love love love it works like a dream delivery took forever,2025-03-30
R001902,T000839,C00148,P018,Pure Band 18,2,"it works sometimes, which is not realy good enough",2025-07-18
R001903,T004259,C00557,P028,Essential Bag 28,3,I have mixed feelings about this one bought it during the sale,2025-11-27
R001904,T003515,C00822,P028,Essential Bag 28,3,"nothing to complain about, nothing to rave about",2025-12-17
R001905,T005962,C00044,P011,Urban Bottle 11,2,Was expecting better. sadly no,2025-11-21
R001906,T001180,C00473,P013,Bright Organizer 13,5,"incredible quality for the price, wow",2025-05-21
R001907,T004909,C00688,P029,Bright Organizer 29,3,it does the job. nothing special.,2025-10-12
R001908,T002536,C00519,P005,Bright Organizer 05,4,Happy with it. delivery was quick too,2025-08-30
R001909,T000151,C00793,P007,Calm Cream 07,5,A+++ no complaints at all...,2025-06-02
R001910,T002828,C00128,P029,Bright Organizer 29,4,Does exactly what it says on the tin,2025-11-22
R001911,T000465,C00351,P021,Bright Organizer 21,3,I have mixed feelings about this one looked different in the photos??,2025-05-19
R001912,T002064,C00626,P012,Essential Bag 12,3,Works as expected which is fine,2025-08-18
R001913,T002155,C00634,P008,Modern Serum 08,3,"Average product, average price, average experience looked different in the photos",2025-09-11
R001914,T000694,C00038,P018,Pure Band 18,2,Too expensive for something this average,2025-04-27
R001915,T006133,C00921,P006,Active Mat 06,2,Not terrible but definitely not buying again,2025-12-27
R001916,T005853,C00527,P026,Pure Band 26,5,"Best purchase ive made in months, hands down",2025-12-03
R001917,T005562,C00722,P026,Pure Band 26,3,"Works as expected, which is fine",2025-10-28
R001918,T001461,C00801,P005,Bright Organizer 05,4,NICE QUALITY TOOK A STAR OFF FOR THE PRICE,2025-04-10
R001919,T002786,C00211,P029,Bright Organizer 29,3,Works as expected which is fine,2025-06-08
R001920,T001155,C00544,P030,Active Mat 30,3,WORKS LIKE IT SHOULD BUT DOESNT WOW ME SAW IT ON INSTAGRAM FIRST,2025-07-11
R001921,T000491,C00106,P019,Urban Bottle 19,4,Bought one for my sister too,2025-07-16
R001922,T005621,C00766,P014,Active Mat 14,2,"IT WORKS SOMETIMES, WHICH IS NOT REALLY GOOD ENOUGH",2025-12-13
R001923,T000439,C00170,P009,Daily Lamp 09,4,Happy with it. delivery was quick too,2025-04-18
R001924,T006252,C00138,P011,Urban Bottle 11,3,It does the job. Nothing special. shipping was quick,2025-12-14
R001925,T002138,C00044,P024,Modern Serum 24,5,Love love love it. works like a dream,2025-05-13
R001926,T004196,C00276,P016,Modern Serum 16,3,i have mixed feelings about this one,2025-08-22
R001927,T001888,C00865,P014,Active Mat 14,1,"Doesnt fit, doesnt work, waste of time",2025-07-24
R001928,T006110,C00158,P020,Essential Bag 20,3,"fine i guess, a few annoying bits",2025-12-22
R001929,T003909,C00710,P014,Active Mat 14,4,better than the one i replaced,2025-12-17
R001930,T003741,C00960,P005,Bright Organizer 05,5,10/10 would buy again and again my friend has one too,2025-07-31
R001931,T003100,C00906,P029,Bright Organizer 29,4,does exactly what it says on the tin,2025-11-30
R001932,T004769,C00658,P017,Daily Lamp 17,4,Nice quality. took a star off for the price customer support got back to me fast,2025-09-26
R001933,T005989,C00569,P013,Bright Organizer 13,2,The photos made it look much better than it is shipping was quick,2025-12-14
R001934,T001384,C00992,P022,Active Mat 22,4,Better than the one I replaced,2025-04-24
R001935,T000220,C00756,P018,Pure Band 18,1,broke the first time i used it lol,2025-06-02
R001936,T004578,C00939,P028,Essential Bag 28,3,IT DOES THE JOB. NOTHING SPECIAL.,2025-09-19
R001937,T005239,C00720,P016,Modern Serum 16,3,I have mixed feelings about this one,2025-12-11
R001938,T003174,C00158,P029,Bright Organizer 29,4,Works perfectly for what I needed,2025-11-26
R001939,T002985,C00697,P013,Bright Organizer 13,3,i use it just dont love it,2025-11-26
R001940,T003968,C00807,P011,Urban Bottle 11,1,The smell is HORRIBLE and it did nothing,2025-11-16
R001941,T001038,C00600,P003,Urban Bottle 03,3,"I use it, just dont love it customer support got back to me fast",2025-07-11
R001942,T001523,C00516,P004,Essential Bag 04,1,It broke immediately. customer service was useless too,2025-05-17
R001943,T003027,C00261,P030,Active Mat 30,3,Nothing to complain about nothing to rave about,2025-09-08
R001944,T002051,C00258,P021,Bright Organizer 21,3,i have mixed feelings about this one,2025-05-09
R001945,T002832,C00688,P017,Daily Lamp 17,4,"Solid little product, would recommend shipping was quick",2025-06-23
R001946,T003225,C00541,P021,Bright Organizer 21,1,It broke immediately. customer service was useless too,2025-10-02
R001947,T003713,C00547,P019,Urban Bottle 19,4,Love the design one small issue with the packaging,2025-10-24
R001948,T005920,C00246,P003,Urban Bottle 03,5,10/10 would buy again and again delivery took forever,2025-12-10
R001949,T003964,C00548,P003,Urban Bottle 03,1,broke the first time i used it lol,2025-10-20
R001950,T001163,C00043,P023,Calm Cream 23,5,Love love love it. works like a dream,2025-04-28
R001951,T004492,C00042,P018,Pure Band 18,5,I LOVE IT already ordered another one,2025-09-10
R001952,T003180,C00569,P018,Pure Band 18,3,"I use it, just dont love it",2025-12-01
R001953,T005453,C00130,P014,Active Mat 14,5,Best thing ever I tell everyone about it delivery took forever,2025-10-31
R001954,T004786,C00893,P030,Active Mat 30,5,this is so good why did i wait so long shipping was quick,2025-10-06
R001955,T005461,C00213,P023,Calm Cream 23,1,three weeks and already in the bin,2025-12-16
R001956,T006508,C00551,P022,Active Mat 22,3,Fine i guess a few annoying bits!!,2025-12-29
R001957,T003557,C00611,P020,Essential Bag 20,1,broke the first time i used it lol,2025-12-20
R001958,T005864,C00402,P009,Daily Lamp 09,3,It does the job Nothing special,2025-12-27
R001959,T006448,C00408,P010,Pure Band 10,4,Happy with it. delivery was quick too...,2025-12-26
R001960,T001424,C00930,P009,Daily Lamp 09,4,Does exactly what it says on the tin,2025-06-13
R001961,T005115,C00391,P016,Modern Serum 16,3,"nothing to complain about, nothing to rave about",2025-12-05
R001962,T000363,C00385,P022,Active Mat 22,3,"Fine i guess, a few annoying bits",2025-02-23
R001963,T002609,C00408,P023,Calm Cream 23,5,Best thing ever. I tell everyone about it customer support got back to me fast,2025-09-09
R001964,T000816,C00667,P030,Active Mat 30,4,"Love the design, one small issue with the packaging",2025-04-04
R001965,T003638,C00311,P010,Pure Band 10,2,Quality control seems all over the place,2025-12-13
R001966,T002413,C00182,P005,Bright Organizer 05,5,Absolutely obsessed with this. Best purchase this year!!!,2025-05-11
R001967,T005285,C00161,P019,Urban Bottle 19,1,the smell is horrible and it did nothing,2025-10-17
R001968,T004785,C00678,P004,Essential Bag 04,2,"It works sometimes, which is not really good enough",2025-10-11
R001969,T001449,C00700,P001,Daily Lamp 01,4,I reach for this all the time now,2025-06-01
R001970,T001294,C00565,P011,Urban Bottle 11,4,Bought one for my sister too,2025-06-22
R001971,T000972,C00474,P003,Urban Bottle 03,5,10/10 would buy again and again,2025-04-08
R001972,T006374,C00286,P018,Pure Band 18,4,Looks great and works well so far,2025-12-25
R001973,T004026,C00836,P028,Essential Bag 28,5,THIS IS SO GOOD WHY DID I WAIT SO LONG,2025-08-26
R001974,T001004,C00701,P005,Bright Organizer 05,5,Finally something that actually works!!!,2025-07-12
R001975,T004441,C00485,P026,Pure Band 26,4,Easy to use and feels pretty sturdy customer support got back to me fast,2025-09-21
R001976,T004744,C00638,P015,Calm Cream 15,4,"Good value, gets used every day looked different in the photos",2025-09-14
R001977,T004147,C00510,P019,Urban Bottle 19,5,My new favorite thing in the house,2025-12-18
R001978,T004076,C00697,P021,Bright Organizer 21,1,one star because zero isnt an option,2025-09-30
R001979,T005319,C00843,P006,Active Mat 06,1,The smell is HORRIBLE and it did nothing,2025-12-13
R001980,T000605,C00966,P012,Essential Bag 12,5,10/10 would buy again and again,2025-02-27
R001981,T004093,C00183,P017,Daily Lamp 17,3,decent once you figure out how it works,2025-11-04
R001982,T003362,C00744,P025,Daily Lamp 25,4,I reach for this all the time now,2025-11-20
R001983,T003583,C00318,P020,Essential Bag 20,4,Pretty impressed tbh,2025-10-26
R001984,T004548,C00998,P019,Urban Bottle 19,3,Okay for now Lets see how long it lasts,2025-10-01
R001985,T004900,C00377,P009,Daily Lamp 09,4,Easy to use and feels pretty sturdy,2025-11-24
R001986,T006415,C00977,P018,Pure Band 18,3,Looks nice but the quality feels pretty basic,2025-12-18
R001987,T000285,C00208,P024,Modern Serum 24,3,"i use it, just dont love it",2025-05-24
R001988,T006544,C00588,P021,Bright Organizer 21,1,paid for quality got dollar store junk packaging was a bit much,2025-12-31
R001989,T005771,C00988,P001,Daily Lamp 01,5,bought as a gift and now keeping it for myself lol,2025-12-25
R001990,T001072,C00965,P001,Daily Lamp 01,5,Exceeded every expectation by a mile,2025-05-22
R001991,T004659,C00061,P014,Active Mat 14,5,This is SO good why did i wait so long saw it on instagram first,2025-10-16
R001992,T000925,C00390,P017,Daily Lamp 17,5,"Incredible quality for the price, wow",2025-07-01
R001993,T002406,C00847,P012,Essential Bag 12,4,"Love the design, one small issue with the packaging",2025-07-02
R001994,T005407,C00598,P029,Bright Organizer 29,4,"Good product, instructions could be clearer",2025-11-01
R001995,T000448,C00106,P011,Urban Bottle 11,4,Better than the one I replaced,2025-03-04
R001996,T000022,C00115,P006,Active Mat 06,4,Nice quality. took a star off for the price bought it during the sale,2025-04-23
R001997,T005951,C00288,P015,Calm Cream 15,4,Really useful and nicer than I expected.,2025-12-14
R001998,T006000,C00467,P009,Daily Lamp 09,5,FINALLY SOMETHING THAT ACTUALLY WORKS!!!,2025-12-13
R001999,T001554,C00102,P003,Urban Bottle 03,5,Exceeded every expectation by a mile,2025-07-04
R002000,T001949,C00718,P025,Daily Lamp 25,4,"Love the design, one small issue with the packaging shipping was quick",2025-07-31
R002001,T002273,C00389,P009,Daily Lamp 09,4,"Good product, instructions could be clearer packaging was a bit much",2025-05-01
R002002,T005826,C00220,P017,Daily Lamp 17,5,Best thing ever. I tell everyone about it,2025-11-22
R002003,T000397,C00224,P011,Urban Bottle 11,1,Arrived damaged and the replacement was also damaged. wow. shipping was quick...,2025-05-26
R002004,T001256,C00880,P024,Modern Serum 24,4,Works perfectly for what I needed,2025-07-12
R002005,T000756,C00160,P020,Essential Bag 20,3,It does the job Nothing special,2025-06-19
R002006,T006172,C00153,P023,Calm Cream 23,5,"Best purchase ive made in months, hands down...",2025-12-21
R002007,T000381,C00393,P029,Bright Organizer 29,5,Bought as a gift and now keeping it for myself lol looked different in the photos,2025-06-03
R002008,T006493,C00905,P007,Calm Cream 07,3,Looks nice but the quality feels pretty basic,2025-12-24
R002009,T006381,C00125,P027,Urban Bottle 27,5,"incredible quality for the price, wow",2025-12-18
R002010,T001930,C00033,P021,Bright Organizer 21,2,Kinda disappointing tbh,2025-04-10
R002011,T003005,C00174,P001,Daily Lamp 01,3,"I use it, just dont love it",2025-09-25
R002012,T005819,C00007,P020,Essential Bag 20,4,Does exactly what it says on the tin,2025-11-26
R002013,T000082,C00380,P007,Calm Cream 07,3,"WORKS AS EXPECTED, WHICH IS FINE",2025-05-03
R002014,T005476,C00164,P001,Daily Lamp 01,4,Really useful and nicer than I expected.,2025-11-27
R002015,T002782,C00890,P023,Calm Cream 23,5,This is SO good why did i wait so long,2025-07-26
R002016,T004113,C00793,P004,Essential Bag 04,3,fine i guess a few annoying bits,2025-11-24
R002017,T004329,C00333,P013,Bright Organizer 13,4,Does exactly what it says on the tin,2025-11-23
R002018,T005486,C00157,P011,Urban Bottle 11,5,I use it constantly and it still looks brand new,2025-12-18
R002019,T002924,C00641,P016,Modern Serum 16,4,Works perfectly for what I needed,2025-10-27
R002020,T004711,C00432,P020,Essential Bag 20,3,Some things are good and some are just odd,2025-10-03
R002021,T004204,C00333,P007,Calm Cream 07,3,Works like it should but doesnt wow me bought it during the sale,2025-11-17
R002022,T001241,C00779,P011,Urban Bottle 11,5,This is SO good why did i wait so long,2025-09-02
R002023,T001883,C00089,P024,Modern Serum 24,1,not as described at all. seriously disappointing,2025-10-04
R002024,T000763,C00220,P004,Essential Bag 04,1,arrived damaged and the replacement was also damaged. wow. delivery took forever,2025-05-08
R002025,T003716,C00772,P026,Pure Band 26,4,Works perfectly for what I needed,2025-08-09
R002026,T003292,C00774,P002,Pure Band 02,5,Perfect in every way. no notes shipping was quick,2025-10-25
R002027,T005755,C00157,P027,Urban Bottle 27,3,It does the job. Nothing special.,2025-12-18
R002028,T004401,C00160,P020,Essential Bag 20,2,Not terrible but definitely not buying again,2025-09-08
R002029,T002548,C00948,P010,Pure Band 10,4,Does exactly what it says on the tin,2025-08-26
R002030,T000499,C00946,P022,Active Mat 22,4,Really useful and nicer than I expected. looked different in the photos,2025-06-14
R002031,T005057,C00637,P029,Bright Organizer 29,5,I LOVE IT. already ordered another one bought it during the sale,2025-12-20
R002032,T005270,C00866,P005,Bright Organizer 05,3,"works as expected, which is fine",2025-12-22
R002033,T001456,C00973,P021,Bright Organizer 21,2,It technically works but i dont like using it,2025-06-14
R002034,T005743,C00721,P024,Modern Serum 24,4,Easy to use and feels pretty sturdy,2025-12-27
R002035,T003540,C00842,P012,Essential Bag 12,1,one star because zero isnt an option customer support got back to me fast,2025-12-03
R002036,T000215,C00144,P019,Urban Bottle 19,1,i hate this so much. unusable,2025-04-06
R002037,T005072,C00891,P028,Essential Bag 28,3,Not bad! Not great either,2025-10-05
R002038,T006485,C00729,P023,Calm Cream 23,4,"Love the design, one small issue with the packaging",2025-12-27
R002039,T000354,C00716,P001,Daily Lamp 01,4,"Good value, gets used every day",2025-02-23
R002040,T000343,C00481,P016,Modern Serum 16,2,Not terrible but definitely not buying again,2025-01-20
R002041,T002445,C00235,P028,Essential Bag 28,4,"Good value, gets used every day...",2025-06-22
R002042,T003356,C00678,P004,Essential Bag 04,4,Looks great and works well so far,2025-06-30
R002043,T001564,C00577,P025,Daily Lamp 25,4,"Solid little product, would recommend customer support got back to me fast",2025-08-01
R002044,T001651,C00534,P013,Bright Organizer 13,2,Not great. I expected more for the price.,2025-05-28
R002045,T006511,C00279,P021,Bright Organizer 21,3,Some things are good and some are just odd saw it on instagram first,2025-12-28
R002046,T004783,C00755,P028,Essential Bag 28,4,Bought one for my sister too,2025-10-20
R002047,T002468,C00465,P025,Daily Lamp 25,3,Not bad! Not great either my friend has one too,2025-08-03
R002048,T004677,C00783,P022,Active Mat 22,5,perfect in every way. no notes,2025-10-31
R002049,T002825,C00951,P018,Pure Band 18,4,Looks great and works well so far packaging was a bit much,2025-10-07
R002050,T002509,C00189,P021,Bright Organizer 21,4,Looks great and works well so far,2025-05-20
R002051,T002250,C00976,P017,Daily Lamp 17,4,Works perfectly for what I needed,2025-09-07
R002052,T000214,C00976,P002,Pure Band 02,3,I use it just dont love it,2025-06-19
R002053,T004602,C00760,P027,Urban Bottle 27,2,Arrived late and the packaging was a mess,2025-10-14
R002054,T003625,C00532,P024,Modern Serum 24,5,Obsessed. obsessed. obsessed.,2025-12-16
R002055,T004857,C00763,P030,Active Mat 30,4,good product instructions could be clearer,2025-12-24
R002056,T003628,C00408,P024,Modern Serum 24,5,Genuinely life changing for my morning routine looked different in the photos,2025-07-18
R002057,T004649,C00502,P009,Daily Lamp 09,5,Genuinely life changing for my morning routine,2025-12-04
R002058,T003119,C00492,P018,Pure Band 18,3,"Average product, average price, average experience",2025-11-13
R002059,T003220,C00921,P005,Bright Organizer 05,5,Perfect in every way. no notes,2025-07-30
R002060,T002655,C00702,P024,Modern Serum 24,3,"Fine i guess, a few annoying bits",2025-09-25
R002061,T002503,C00380,P021,Bright Organizer 21,2,Not great. I expected more for the price.,2025-10-31
R002062,T006277,C00951,P004,Essential Bag 04,4,pretty impressed tbh,2025-12-12
R002063,T001440,C00529,P001,Daily Lamp 01,4,"Love the design, one small issue with the packaging",2025-06-08
R002064,T001599,C00469,P026,Pure Band 26,3,Useful enough though the instructions were confusing shipping was quick,2025-05-11
R002065,T005545,C00035,P009,Daily Lamp 09,4,"Good product, instructions could be clearer",2025-11-22
R002066,T004068,C00876,P004,Essential Bag 04,2,Was expecting better. sadly no my friend has one too,2025-08-13
R002067,T006474,C00153,P009,Daily Lamp 09,2,too expensive for something this average,2025-12-24
R002068,T004992,C00778,P005,Bright Organizer 05,3,looks nice but the quality feels pretty basic bought it during the sale,2025-10-04
R002069,T003895,C00430,P013,Bright Organizer 13,3,Not bad Not great either saw it on instagram first,2025-10-07
R002070,T005813,C00075,P015,Calm Cream 15,3,"Nothing to complain about, nothing to rave about",2025-11-26
R002071,T002642,C00136,P008,Modern Serum 08,3,Not bad! Not great either customer support got back to me fast,2025-07-07
R002072,T004135,C00813,P019,Urban Bottle 19,5,Obsessed. obsessed. obsessed.,2025-10-31
R002073,T003349,C00332,P012,Essential Bag 12,5,Perfect in every way. no notes,2025-11-13
R002074,T001848,C00770,P017,Daily Lamp 17,5,I use it constantly and it still looks brand new,2025-07-14
R002075,T004935,C00145,P006,Active Mat 06,1,"Worst thing ive bought in ages, honestly furious!!",2025-12-07
R002076,T004946,C00693,P017,Daily Lamp 17,4,I reach for this all the time now,2025-11-01
R002077,T002893,C00297,P029,Bright Organizer 29,3,"Works as expected, which is fine",2025-11-05
R002078,T003209,C00936,P006,Active Mat 06,1,The smell is HORRIBLE and it did nothing,2025-08-09
R002079,T001239,C00225,P016,Modern Serum 16,1,one star because zero isnt an option,2025-08-08
R002080,T002394,C00321,P026,Pure Band 26,3,"Works as expected, which is fine bought it during the sale",2025-10-03
R002081,T005669,C00661,P022,Active Mat 22,3,"i use it, just dont love it",2025-12-12
R002082,T006473,C00812,P003,Urban Bottle 03,3,Some things are good and some are just odd saw it on instagram first,2025-12-29
R002083,T004140,C00324,P001,Daily Lamp 01,4,"Solid little product, would recommend",2025-10-14
R002084,T005566,C00534,P028,Essential Bag 28,1,Would give negative stars if i could!!!,2025-10-31
R002085,T001871,C00266,P026,Pure Band 26,1,broke the first time i used it lol my friend has one too,2025-06-29
R002086,T001800,C00515,P006,Active Mat 06,2,Too expensive for something this average packaging was a bit much,2025-05-02
R002087,T001419,C00765,P019,Urban Bottle 19,5,Exceeded every expectation by a mile my friend has one too,2025-03-30
R002088,T002551,C00609,P014,Active Mat 14,5,This deserves more than five stars,2025-10-14
R002089,T001336,C00821,P017,Daily Lamp 17,4,Happy with it. delivery was quick too,2025-05-10
R002090,T002946,C00527,P026,Pure Band 26,3,It does the job. Nothing special.,2025-06-25
R002091,T006519,C00169,P010,Pure Band 10,5,Absolutely obsessed with this Best purchase this year my friend has one too,2025-12-31
R002092,T004001,C00263,P026,Pure Band 26,4,Pretty impressed tbh,2025-10-17
R002093,T000102,C00653,P023,Calm Cream 23,3,works as expected which is fine bought it during the sale,2025-04-08
R002094,T005156,C00590,P008,Modern Serum 08,5,THIS IS SO GOOD WHY DID I WAIT SO LONG,2025-10-28
R002095,T005546,C00394,P009,Daily Lamp 09,4,Looks great and works well so far,2025-11-26
R002096,T006150,C00635,P010,Pure Band 10,3,Looks nice but the quality feels pretty basic packaging was a bit much,2025-12-15
R002097,T001828,C00260,P004,Essential Bag 04,4,Nice quality. took a star off for the price,2025-05-16
R002098,T002514,C00915,P020,Essential Bag 20,5,Bought as a gift and now keeping it for myself lol,2025-10-02
R002099,T004420,C00617,P028,Essential Bag 28,4,easy to use and feels pretty sturdy,2025-11-27
R002100,T001115,C00181,P020,Essential Bag 20,5,Exceeded every expectation by a mile,2025-04-21
R002101,T001347,C00730,P025,Daily Lamp 25,2,Kinda disappointing tbh customer support got back to me fast??,2025-07-21
R002102,T002275,C00680,P001,Daily Lamp 01,1,"Doesnt fit, doesnt work, waste of time",2025-08-30
R002103,T001958,C00876,P025,Daily Lamp 25,5,I use it constantly and it still looks brand new,2025-08-18
R002104,T000702,C00080,P022,Active Mat 22,1,returned it. complete scam at this price. looked different in the photos,2025-02-14
R002105,T004297,C00666,P023,Calm Cream 23,5,I use it constantly and it still looks brand new,2025-09-12
R002106,T004999,C00594,P017,Daily Lamp 17,4,Better than the one I replaced saw it on instagram first,2025-09-29
R002107,T006299,C00763,P014,Active Mat 14,3,looks nice but the quality feels pretty basic,2025-12-21
R002108,T002826,C00664,P014,Active Mat 14,5,Exceeded every expectation by a mile,2025-09-27
R002109,T002851,C00480,P016,Modern Serum 16,2,Not worth the hassle,2025-09-20
R002110,T003361,C00186,P030,Active Mat 30,5,obsessed. obsessed. obsessed.,2025-09-04
R002111,T001585,C00343,P030,Active Mat 30,5,Best thing ever. I tell everyone about it bought it during the sale,2025-07-29
R002112,T004849,C00007,P017,Daily Lamp 17,4,Nice quality. took a star off for the price,2025-10-30
R002113,T000408,C00566,P012,Essential Bag 12,3,Works like it should but doesnt wow me,2025-02-02
R002114,T003573,C00074,P028,Essential Bag 28,5,Absolutely obsessed with this. Best purchase this year!!!,2025-08-26
R002115,T001569,C00654,P011,Urban Bottle 11,3,it does the job. nothing special.,2025-08-24
R002116,T002537,C00297,P014,Active Mat 14,2,Not terrible but definitely not buying again,2025-10-04
R002117,T005663,C00870,P014,Active Mat 14,4,Really useful and nicer than I expected??,2025-11-28
R002118,T003851,C00214,P001,Daily Lamp 01,3,"i use it, just dont love it",2025-11-26
R002119,T005796,C00338,P013,Bright Organizer 13,5,10/10 would buy again and again,2025-11-18
R002120,T005506,C00415,P025,Daily Lamp 25,4,i reach for this all the time now saw it on instagram first,2025-12-16
R002121,T004180,C00746,P011,Urban Bottle 11,4,Nice quality took a star off for the price!!,2025-12-17
R002122,T002447,C00354,P015,Calm Cream 15,5,I LOVE IT. already ordered another one,2025-07-17
R002123,T005589,C00655,P017,Daily Lamp 17,5,Love love love it. works like a dream,2025-12-06
R002124,T006438,C00405,P001,Daily Lamp 01,3,"Useful enough, though the instructions were confusing my friend has one too",2025-12-31
R002125,T000584,C00767,P024,Modern Serum 24,5,Best thing ever. I tell everyone about it customer support got back to me fast,2025-06-21
R002126,T006356,C00789,P015,Calm Cream 15,4,Solid little product would recommend,2025-12-21
R002127,T002345,C00599,P025,Daily Lamp 25,4,Better than the one I replaced my friend has one too,2025-10-09
R002128,T000651,C00398,P029,Bright Organizer 29,5,Incredible quality for the price wow,2025-08-01
R002129,T005405,C00255,P019,Urban Bottle 19,4,"Good value, gets used every day",2025-12-01
R002130,T004917,C00204,P011,Urban Bottle 11,3,Could be better but could be worse,2025-10-05
R002131,T000218,C00770,P030,Active Mat 30,5,GENUINELY LIFE CHANGING FOR MY MORNING ROUTINE,2025-04-10
R002132,T001393,C00793,P029,Bright Organizer 29,1,I hate this so much. unusable shipping was quick,2025-07-17
R002133,T003750,C00842,P020,Essential Bag 20,5,Obsessed. obsessed. obsessed. saw it on instagram first,2025-07-29
R002134,T000760,C00120,P014,Active Mat 14,2,meh feels flimsy,2025-02-24
R002135,T001547,C00150,P022,Active Mat 22,5,Best thing ever. I tell everyone about it packaging was a bit much,2025-06-21
R002136,T004016,C00778,P005,Bright Organizer 05,4,Bought one for my sister too...,2025-09-06
R002137,T001521,C00130,P019,Urban Bottle 19,5,Perfect in every way no notes,2025-06-09
R002138,T000207,C00395,P019,Urban Bottle 19,5,Absolutely obsessed with this. Best purchase this year!!!,2025-04-24
R002139,T004165,C00995,P001,Daily Lamp 01,3,Useful enough though the instructions were confusing,2025-08-13
R002140,T005928,C00694,P022,Active Mat 22,4,Works perfectly for what I needed customer support got back to me fast,2025-12-28
R002141,T001468,C00560,P015,Calm Cream 15,4,Pretty impressed tbh,2025-06-13
R002142,T004263,C00945,P013,Bright Organizer 13,2,The photos made it look much better than it is,2025-08-21
R002143,T002947,C00005,P011,Urban Bottle 11,3,"USEFUL ENOUGH, THOUGH THE INSTRUCTIONS WERE CONFUSING BOUGHT IT DURING THE SALE",2025-09-14
R002144,T004116,C00644,P002,Pure Band 02,2,Fine for a week then started acting weird my friend has one too,2025-10-22
R002145,T000089,C00689,P001,Daily Lamp 01,5,Exceeded every expectation by a mile,2025-06-15
R002146,T000917,C00864,P008,Modern Serum 08,3,"I use it, just dont love it",2025-04-17
R002147,T003670,C00181,P005,Bright Organizer 05,4,Happy with it. delivery was quick too,2025-08-18
R002148,T001434,C00416,P024,Modern Serum 24,3,Okay for now. Lets see how long it lasts my friend has one too,2025-04-16
R002149,T002421,C00821,P023,Calm Cream 23,5,Genuinely life changing for my morning routine,2025-06-20
R002150,T002449,C00366,P013,Bright Organizer 13,4,Works perfectly for what I needed,2025-05-27
R002151,T000696,C00890,P018,Pure Band 18,1,awful. just awful. save yourself the headache,2025-03-08
R002152,T000072,C00318,P009,Daily Lamp 09,3,Not bad! Not great either,2025-02-09
R002153,T002703,C00131,P005,Bright Organizer 05,2,Fine for a week then started acting weird,2025-06-05
R002154,T001353,C00506,P024,Modern Serum 24,1,do not waste your money on this!!!,2025-06-05
R002155,T006118,C00373,P017,Daily Lamp 17,1,Worst thing ive bought in ages honestly furious shipping was quick...,2025-12-04
R002156,T001960,C00984,P023,Calm Cream 23,3,I have mixed feelings about this one,2025-05-15
R002157,T001696,C00251,P015,Calm Cream 15,2,Would be ok at half the price,2025-08-24
R002158,T004049,C00678,P018,Pure Band 18,1,Three weeks and already in the bin??,2025-09-07
R002159,T001453,C00349,P004,Essential Bag 04,3,I have mixed feelings about this one,2025-05-17
R002160,T000264,C00986,P027,Urban Bottle 27,3,I have mixed feelings about this one,2025-06-23
R002161,T002898,C00576,P016,Modern Serum 16,4,"Love the design, one small issue with the packaging",2025-08-18
R002162,T000715,C00410,P010,Pure Band 10,5,bought as a gift and now keeping it for myself lol saw it on instagram first,2025-03-12
R002163,T003421,C00235,P014,Active Mat 14,4,happy with it. delivery was quick too my friend has one too,2025-12-12
R002164,T001326,C00343,P024,Modern Serum 24,5,I use it constantly and it still looks brand new bought it during the sale,2025-04-26
R002165,T006079,C00085,P017,Daily Lamp 17,4,Easy to use and feels pretty sturdy,2025-12-07
R002166,T002094,C00452,P004,Essential Bag 04,2,it technically works but i dont like using it looked different in the photos,2025-10-04
R002167,T000692,C00387,P004,Essential Bag 04,3,Not bad! Not great either,2025-02-14
R002168,T000738,C00914,P003,Urban Bottle 03,5,Genuinely life changing for my morning routine,2025-04-26
R002169,T004344,C00593,P003,Urban Bottle 03,2,Arrived late and the packaging was a mess,2025-08-28
R002170,T001159,C00733,P022,Active Mat 22,5,Finally something that actually works!!! delivery took forever,2025-03-09
R002171,T001027,C00992,P010,Pure Band 10,1,Three weeks and already in the bin,2025-04-30
R002172,T004443,C00192,P008,Modern Serum 08,4,pretty impressed tbh packaging was a bit much,2025-11-15
R002173,T001487,C00936,P022,Active Mat 22,5,Incredible quality for the price wow,2025-07-06
R002174,T001646,C00082,P026,Pure Band 26,3,Decent once you figure out how it works,2025-09-10
R002175,T004102,C00307,P021,Bright Organizer 21,2,It technically works but i dont like using it,2025-12-17
R002176,T001610,C00601,P005,Bright Organizer 05,3,It does the job Nothing special,2025-05-21
R002177,T005101,C00884,P010,Pure Band 10,4,Really useful and nicer than I expected bought it during the sale,2025-11-30
R002178,T005945,C00594,P028,Essential Bag 28,5,Finally something that actually works,2025-12-20
R002179,T000355,C00713,P003,Urban Bottle 03,1,The smell is HORRIBLE and it did nothing,2025-06-27
R002180,T003840,C00483,P014,Active Mat 14,3,Looks nice but the quality feels pretty basic looked different in the photos,2025-09-22
R002181,T002174,C00060,P029,Bright Organizer 29,5,1010 would buy again and again,2025-06-25
R002182,T005248,C00199,P015,Calm Cream 15,3,Not bad! Not great either,2025-12-02
R002183,T003336,C00157,P018,Pure Band 18,1,It broke immediately. customer service was useless too,2025-08-05
R002184,T003463,C00231,P025,Daily Lamp 25,2,Arrived late and the packaging was a mess,2025-10-19
R002185,T004908,C00198,P012,Essential Bag 12,5,exceeded every expectation by a mile shipping was quick,2025-09-30
R002186,T005015,C00198,P015,Calm Cream 15,3,"Nothing to complain about, nothing to rave about customer support got back to me fast",2025-10-22
R002187,T005925,C00740,P030,Active Mat 30,1,looks cheap feels cheap and it doesnt even work shipping was quick,2025-12-21
R002188,T003702,C00605,P006,Active Mat 06,3,It does the job. Nothing special.,2025-08-02
R002189,T004121,C00139,P006,Active Mat 06,3,Decent once you figure out how it works,2025-11-26
R002190,T005733,C00204,P021,Bright Organizer 21,2,Would be ok at half the price,2025-11-29
R002191,T001024,C00123,P011,Urban Bottle 11,3,Not bad! Not great either,2025-05-23
R002192,T000875,C00811,P017,Daily Lamp 17,4,"Good product, instructions could be clearer",2025-07-02
R002193,T005165,C00112,P012,Essential Bag 12,1,paid for quality got dollar store junk shipping was quick??,2025-11-10
R002194,T003024,C00984,P007,Calm Cream 07,3,Useful enough though the instructions were confusing,2025-07-11
R002195,T003912,C00839,P027,Urban Bottle 27,5,Perfect in every way no notes my friend has one too,2025-08-06
R002196,T004231,C00678,P020,Essential Bag 20,4,pretty impressed tbh,2025-11-04
R002197,T005514,C00975,P010,Pure Band 10,5,I LOVE IT already ordered another one,2025-12-18
R002198,T002350,C00509,P001,Daily Lamp 01,5,This deserves more than five stars,2025-10-22
R002199,T004510,C00055,P026,Pure Band 26,4,Better than the one I replaced delivery took forever,2025-11-26
R002200,T003902,C00570,P026,Pure Band 26,4,Pretty impressed tbh,2025-09-11
R002201,T005350,C00574,P013,Bright Organizer 13,3,"Works as expected, which is fine delivery took forever",2025-12-25
R002202,T005379,C00366,P020,Essential Bag 20,5,Love love love it works like a dream,2025-12-21
R002203,T001643,C00100,P006,Active Mat 06,2,Was expecting better sadly no looked different in the photos,2025-04-01
R002204,T003475,C00664,P030,Active Mat 30,2,Arrived late and the packaging was a mess,2025-08-07
R002205,T003905,C00688,P018,Pure Band 18,3,Could be better but could be worse,2025-11-29
R002206,T005439,C00311,P011,Urban Bottle 11,5,Genuinely life changing for my morning routine,2025-11-10
R002207,T005409,C00081,P026,Pure Band 26,3,i have mixed feelings about this one,2025-11-02
R002208,T000777,C00027,P028,Essential Bag 28,4,Works perfectly for what I needed,2025-03-15
R002209,T001085,C00714,P005,Bright Organizer 05,3,Not bad Not great either packaging was a bit much,2025-04-26
R002210,T003464,C00140,P012,Essential Bag 12,1,one star becuase zero isnt an option!!,2025-12-07
R002211,T001158,C00794,P011,Urban Bottle 11,1,"Doesnt fit, doesnt work, waste of time",2025-05-22
R002212,T001541,C00057,P025,Daily Lamp 25,3,It does the job Nothing special!!,2025-06-06
R002213,T004193,C00668,P004,Essential Bag 04,4,Really useful and nicer than I expected. bought it during the sale,2025-09-16
R002214,T002677,C00248,P009,Daily Lamp 09,4,Bought one for my sister too,2025-06-12
R002215,T003843,C00623,P030,Active Mat 30,5,i love it. already ordered another one,2025-07-23
R002216,T006162,C00526,P001,Daily Lamp 01,3,"Nothing to complain about, nothing to rave about",2025-12-19
R002217,T005769,C00741,P002,Pure Band 02,4,Pretty impressed tbh??,2025-12-01
R002218,T002540,C00402,P019,Urban Bottle 19,4,Better than the one I replaced...,2025-09-19
R002219,T005388,C00158,P027,Urban Bottle 27,3,Looks nice but the quality feels pretty basic,2025-11-25
R002220,T000736,C00910,P004,Essential Bag 04,4,Happy with it. delivery was quick too packaging was a bit much,2025-06-23
R002221,T002015,C00332,P003,Urban Bottle 03,5,Best thing ever. I tell everyone about it looked different in the photos...,2025-06-05
R002222,T005950,C00868,P001,Daily Lamp 01,3,I have mixed feelings about this one,2025-12-19
R002223,T006409,C00622,P025,Daily Lamp 25,3,works like it should but doesnt wow me,2025-12-25
R002224,T001892,C00457,P018,Pure Band 18,1,broke the first time i used it lol,2025-06-08
R002225,T005625,C00551,P007,Calm Cream 07,2,Too expensive for something this average,2025-12-18
R002226,T000587,C00578,P002,Pure Band 02,4,I reach for this all the time now,2025-02-14
R002227,T005712,C00709,P024,Modern Serum 24,1,paid for quality got dollar store junk,2025-12-22
R002228,T002822,C00096,P008,Modern Serum 08,3,"Nothing to complain about, nothing to rave about",2025-08-13
R002229,T005472,C00381,P003,Urban Bottle 03,4,Does exactly what it says on the tin packaging was a bit much,2025-11-10
R002230,T003530,C00981,P015,Calm Cream 15,3,Not bad! Not great either bought it during the sale,2025-11-08
R002231,T004205,C00402,P005,Bright Organizer 05,5,This is SO good why did i wait so long packaging was a bit much,2025-10-29
R002232,T005966,C00714,P010,Pure Band 10,3,Looks nice but the quality feels pretty basic,2025-12-14
R002233,T005530,C00829,P029,Bright Organizer 29,5,I use it constantly and it still looks brand new,2025-10-26
R002234,T001710,C00530,P017,Daily Lamp 17,3,It does the job. Nothing special. looked different in the photos,2025-07-19
R002235,T002848,C00660,P014,Active Mat 14,4,works perfectly for what i needed,2025-06-09
R002236,T000241,C00899,P028,Essential Bag 28,4,Easy to use and feels pretty sturdy,2025-04-08
R002237,T005688,C00851,P018,Pure Band 18,1,Absolute rubbish. Fell apart after two days.,2025-12-10
R002238,T005163,C00516,P027,Urban Bottle 27,5,Best thing ever. I tell everyone about it,2025-11-26
R002239,T002079,C00059,P029,Bright Organizer 29,3,It does the job. Nothing special.,2025-08-16
R002240,T003411,C00776,P015,Calm Cream 15,5,1010 would buy again and again customer support got back to me fast,2025-10-14
R002241,T000236,C00524,P014,Active Mat 14,5,Genuinely life changing for my morning routine,2025-05-24
R002242,T003900,C00701,P017,Daily Lamp 17,5,THIS IS SO GOOD WHY DID I WAIT SO LONG,2025-10-25
R002243,T006488,C00075,P008,Modern Serum 08,5,Obsessed. obsessed. obsessed.,2025-12-27
R002244,T005631,C00123,P009,Daily Lamp 09,4,Easy to use and feels pretty sturdy packaging was a bit much,2025-11-30
R002245,T001831,C00332,P014,Active Mat 14,5,Obsessed. obsessed. obsessed.,2025-04-26
R002246,T001550,C00859,P006,Active Mat 06,5,perfect in every way. no notes,2025-09-07
R002247,T004497,C00275,P025,Daily Lamp 25,5,Perfect in every way. no notes,2025-09-02
R002248,T002333,C00795,P030,Active Mat 30,1,I hate this so much. unusable,2025-10-20
R002249,T003013,C00457,P011,Urban Bottle 11,4,Looks great and works well so far,2025-08-13
R002250,T005650,C00809,P009,Daily Lamp 09,5,Perfect in every way no notes,2025-12-27
R002251,T005175,C00736,P009,Daily Lamp 09,5,Love love love it. works like a dream,2025-11-04
R002252,T002208,C00207,P021,Bright Organizer 21,3,"Average product, average price, average experience",2025-08-26
R002253,T004463,C00028,P016,Modern Serum 16,5,Bought as a gift and now keeping it for myself lol shipping was quick,2025-11-18
R002254,T005103,C00190,P026,Pure Band 26,5,Genuinely life changing for my morning routine bought it during the sale,2025-10-22
R002255,T003577,C00423,P014,Active Mat 14,5,I LOVE IT. already ordered another one!!,2025-08-04
R002256,T006326,C00941,P007,Calm Cream 07,4,"Good product, instructions could be clearer",2025-12-20
R002257,T004484,C00790,P011,Urban Bottle 11,2,Quality control seems all over the place,2025-09-02
R002258,T000701,C00653,P021,Bright Organizer 21,5,"Incredible quality for the price, wow??",2025-04-16
R002259,T003242,C00219,P002,Pure Band 02,5,Best thing ever. I tell everyone about it,2025-12-13
R002260,T001109,C00093,P004,Essential Bag 04,5,Absolutely obsessed with this. Best purchase this year!!! delivery took forever,2025-07-10
R002261,T001191,C00943,P004,Essential Bag 04,4,Love the design one small issue with the packaging,2025-08-12
R002262,T005943,C00643,P002,Pure Band 02,3,could be better but could be worse,2025-12-27
R002263,T003346,C00764,P014,Active Mat 14,4,Looks great and works well so far,2025-12-10
R002264,T004894,C00111,P028,Essential Bag 28,3,Works as expected which is fine shipping was quick,2025-11-15
R002265,T003370,C00366,P004,Essential Bag 04,5,genuinely life changing for my morning routine,2025-08-03
R002266,T004347,C00130,P005,Bright Organizer 05,1,Awful. Just awful. Save yourself the headache,2025-11-29
R002267,T003684,C00777,P015,Calm Cream 15,4,nice quality. took a star off for the price,2025-10-20
R002268,T006059,C00994,P008,Modern Serum 08,3,Okay for now. Lets see how long it lasts,2025-12-16
R002269,T004997,C00204,P029,Bright Organizer 29,1,do not waste your money on this!!!,2025-12-21
R002270,T002154,C00304,P008,Modern Serum 08,3,I have mixed feelings about this one,2025-05-28
R002271,T002098,C00189,P014,Active Mat 14,4,Works perfectly for what I needed,2025-09-10
R002272,T000238,C00715,P009,Daily Lamp 09,1,Returned it. Complete scam at this price.,2025-03-05
R002273,T003229,C00495,P024,Modern Serum 24,2,Fine for a week then started acting weird customer support got back to me fast,2025-11-27
R002274,T002881,C00117,P026,Pure Band 26,3,Looks nice but the quality feels pretty basic,2025-07-03
R002275,T004378,C00490,P028,Essential Bag 28,3,"Fine i guess, a few annoying bits bought it during the sale",2025-09-25
R002276,T003484,C00473,P010,Pure Band 10,3,Some things are good and some are just odd,2025-11-03
R002277,T001742,C00516,P026,Pure Band 26,1,broke the first time i used it lol,2025-06-18
R002278,T002639,C00716,P010,Pure Band 10,3,Some things are good and some are just odd,2025-07-16
R002279,T003348,C00944,P010,Pure Band 10,2,Too expensive for something this average,2025-10-07
R002280,T004615,C00070,P026,Pure Band 26,4,Looks great and works well so far,2025-11-19
R002281,T005019,C00527,P030,Active Mat 30,5,Exceeded every expectation by a mile delivery took forever,2025-10-30
R002282,T004682,C00320,P009,Daily Lamp 09,2,meh. feels flimsy,2025-12-17
R002283,T003499,C00321,P010,Pure Band 10,2,Too expensive for something this average packaging was a bit much,2025-09-18
R002284,T005736,C00054,P025,Daily Lamp 25,1,"Doesnt fit, doesnt work, waste of time",2025-11-17
R002285,T005504,C00241,P021,Bright Organizer 21,4,"solid little product, would recommend",2025-11-12
R002286,T003187,C00812,P023,Calm Cream 23,3,"Fine i guess, a few annoying bits",2025-08-20
R002287,T000951,C00403,P022,Active Mat 22,3,Some things are good and some are just odd shipping was quick,2025-04-03
R002288,T000094,C00689,P010,Pure Band 10,3,Looks nice but the quality feels pretty basic,2025-06-18
R002289,T002918,C00468,P005,Bright Organizer 05,3,"Average product, average price, average experience",2025-10-05
R002290,T004250,C00229,P004,Essential Bag 04,4,I reach for this all the time now,2025-12-16
R002291,T004003,C00439,P002,Pure Band 02,4,Better than the one I replaced,2025-11-25
R002292,T003954,C00401,P014,Active Mat 14,4,Easy to use and feels pretty sturdy,2025-08-06
R002293,T002471,C00515,P028,Essential Bag 28,5,This is SO good why did i wait so long bought it during the sale,2025-09-17
R002294,T004845,C00455,P001,Daily Lamp 01,4,"Good value, gets used every day bought it during the sale",2025-11-21
R002295,T003153,C00057,P005,Bright Organizer 05,5,Best purchase ive made in months hands down packaging was a bit much,2025-08-12
R002296,T006073,C00649,P007,Calm Cream 07,4,Better than the one I replaced customer support got back to me fast,2025-12-08
R002297,T003919,C00140,P013,Bright Organizer 13,5,Absolutely obsessed with this. Best purchase this year!!!,2025-11-13
R002298,T003213,C00465,P025,Daily Lamp 25,3,Could be better but could be worse,2025-11-21
R002299,T002956,C00471,P009,Daily Lamp 09,4,Love the design one small issue with the packaging,2025-07-29
R002300,T000144,C00024,P009,Daily Lamp 09,5,my new favorite thing in the house,2025-03-28
R002301,T003729,C00627,P025,Daily Lamp 25,5,Love love love it. works like a dream,2025-12-08
R002302,T006350,C00432,P012,Essential Bag 12,3,Decent once you figure out how it works,2025-12-19
R002303,T002220,C00041,P020,Essential Bag 20,3,nothing to complain about nothing to rave about,2025-09-17
R002304,T001451,C00183,P022,Active Mat 22,5,This is SO good why did i wait so long,2025-05-04
R002305,T003770,C00915,P019,Urban Bottle 19,3,"Average product, average price, average experience",2025-09-23
R002306,T001332,C00713,P010,Pure Band 10,2,Quality control seems all over the place,2025-04-16
R002307,T001516,C00180,P010,Pure Band 10,3,Nothing to complain about nothing to rave about shipping was quick,2025-05-12
R002308,T003977,C00353,P018,Pure Band 18,4,Works perfectly for what I needed,2025-09-02
R002309,T003906,C00026,P013,Bright Organizer 13,4,Pretty impressed tbh,2025-08-15
R002310,T005760,C00088,P001,Daily Lamp 01,4,"Good value, gets used every day shipping was quick",2025-12-26
R002311,T004962,C00307,P002,Pure Band 02,4,Better than the one I replaced,2025-10-11
R002312,T000661,C00868,P006,Active Mat 06,4,Pretty impressed tbh,2025-02-23
R002313,T000460,C00792,P007,Calm Cream 07,2,Not great I expected more for the price,2025-04-21
R002314,T005770,C00054,P016,Modern Serum 16,3,DECENT ONCE YOU FIGURE OUT HOW IT WORKS,2025-12-18
R002315,T000042,C00781,P023,Calm Cream 23,1,Would give negative stars if i could!!!,2025-03-07
R002316,T002292,C00010,P019,Urban Bottle 19,5,Bought as a gift and now keeping it for myself lol,2025-05-21
R002317,T000851,C00372,P011,Urban Bottle 11,4,"Solid little product, would recommend",2025-04-28
R002318,T002600,C00600,P016,Modern Serum 16,5,Obsessed. obsessed. obsessed.,2025-08-10
R002319,T001443,C00718,P019,Urban Bottle 19,5,Perfect in every way. no notes,2025-07-14
R002320,T004913,C00012,P025,Daily Lamp 25,3,Works as expected which is fine looked different in the photos,2025-12-28
R002321,T000138,C00690,P009,Daily Lamp 09,3,"Nothing to complain about, nothing to rave about!!",2025-03-13
R002322,T002566,C00671,P013,Bright Organizer 13,4,Easy to use and feels pretty sturdy,2025-10-08
R002323,T001995,C00086,P016,Modern Serum 16,5,This is SO good why did i wait so long looked different in the photos,2025-09-26
R002324,T000046,C00854,P010,Pure Band 10,1,broke the first time i used it lol,2025-06-03
R002325,T000616,C00747,P011,Urban Bottle 11,1,I hate this so much. unusable packaging was a bit much,2025-03-07
R002326,T005887,C00975,P016,Modern Serum 16,4,"Solid little product, would recommend delivery took forever",2025-12-31
R002327,T004897,C00264,P026,Pure Band 26,5,10/10 would buy again and again shipping was quick,2025-12-23
R002328,T004218,C00286,P009,Daily Lamp 09,5,My new favorite thing in the house,2025-09-17
R002329,T001405,C00820,P012,Essential Bag 12,4,I reach for this all the time now delivery took forever...,2025-06-27
R002330,T001394,C00233,P019,Urban Bottle 19,5,i love it. already ordered another one,2025-05-28
R002331,T003584,C00970,P017,Daily Lamp 17,4,Looks great and works well so far,2025-11-12
R002332,T006225,C00488,P022,Active Mat 22,5,Incredible quality for the price wow,2025-12-22
R002333,T001764,C00695,P012,Essential Bag 12,3,I have mixed feelings about this one,2025-09-07
R002334,T002340,C00677,P024,Modern Serum 24,5,I use it constantly and it still looks brand new,2025-09-05
R002335,T006453,C00695,P021,Bright Organizer 21,1,Returned it Complete scam at this price,2025-12-24
R002336,T003567,C00816,P018,Pure Band 18,3,Could be better but could be worse,2025-11-18
R002337,T001397,C00493,P013,Bright Organizer 13,1,Absolute rubbish. Fell apart after two days.,2025-04-30
R002338,T001837,C00412,P027,Urban Bottle 27,5,genuinely life changing for my morning routine customer support got back to me fast,2025-08-22
R002339,T002862,C00967,P023,Calm Cream 23,4,bought one for my sister too delivery took forever,2025-10-10
R002340,T006305,C00438,P003,Urban Bottle 03,5,"Incredible quality for the price, wow",2025-12-17
R002341,T005981,C00880,P005,Bright Organizer 05,4,Bought one for my sister too,2025-12-10
R002342,T000430,C00300,P027,Urban Bottle 27,3,Nothing to complain about nothing to rave about,2025-03-12
R002343,T005573,C00528,P028,Essential Bag 28,5,Exceeded every expectation by a mile shipping was quick,2025-12-04
R002344,T004868,C00576,P010,Pure Band 10,3,"WORKS AS EXPECTED, WHICH IS FINE",2025-11-16
R002345,T001474,C00948,P007,Calm Cream 07,5,Absolutely obsessed with this. Best purchase this year!!!,2025-04-15
R002346,T004470,C00886,P020,Essential Bag 20,3,"Fine i guess, a few annoying bits",2025-11-08
R002347,T000457,C00001,P028,Essential Bag 28,4,Better than the one I replaced,2025-02-12
R002348,T006034,C00967,P020,Essential Bag 20,4,Happy with it. delivery was quick too,2025-12-01
R002349,T003054,C00341,P019,Urban Bottle 19,5,Finally something that actually works!!!,2025-07-23
R002350,T003519,C00861,P012,Essential Bag 12,3,I have mixed feelings about this one,2025-11-05
R002351,T003063,C00896,P016,Modern Serum 16,3,it does the job. nothing special.,2025-09-05
R002352,T005440,C00230,P025,Daily Lamp 25,3,could be better but could be worse,2025-11-24
R002353,T004828,C00594,P013,Bright Organizer 13,2,Fine for a week then started acting weird,2025-10-19
R002354,T003410,C00655,P027,Urban Bottle 27,4,PRETTY IMPRESSED TBH,2025-12-07
R002355,T003535,C00344,P024,Modern Serum 24,1,It broke immediately. customer service was useless too bought it during the sale,2025-10-10
R002356,T005979,C00169,P023,Calm Cream 23,3,"Fine i guess, a few annoying bits looked different in the photos",2025-12-04
R002357,T000450,C00585,P020,Essential Bag 20,1,paid for quality got dollar store junk,2025-05-09
R002358,T001559,C00486,P002,Pure Band 02,5,Obsessed. obsessed. obsessed.,2025-07-31
R002359,T003080,C00981,P022,Active Mat 22,3,Some things are good and some are just odd,2025-11-09
R002360,T003438,C00340,P015,Calm Cream 15,2,"It works sometimes, which is not realy good enough",2025-08-05
R002361,T003706,C00814,P002,Pure Band 02,4,nice quality. took a star off for the price,2025-10-14
R002362,T003184,C00186,P002,Pure Band 02,2,Too expensive for something this average bought it during the sale,2025-08-24
R002363,T001603,C00963,P004,Essential Bag 04,4,Nice quality. took a star off for the price customer support got back to me fast,2025-06-06
R002364,T003586,C00602,P020,Essential Bag 20,4,Easy to use and feels pretty sturdy,2025-08-15
R002365,T001876,C00751,P009,Daily Lamp 09,2,Had to return it. Shame because the idea was good!!,2025-07-22
R002366,T003398,C00315,P004,Essential Bag 04,1,Do NOT waste your money on this!!! packaging was a bit much,2025-10-01
R002367,T002065,C00327,P030,Active Mat 30,3,"Fine i guess, a few annoying bits",2025-09-05
R002368,T005448,C00902,P017,Daily Lamp 17,5,Genuinely life changing for my morning routine!!,2025-11-12
R002369,T005564,C00661,P024,Modern Serum 24,3,"Useful enough, though the instructions were confusing",2025-10-31
R002370,T001817,C00460,P027,Urban Bottle 27,4,Happy with it. delivery was quick too bought it during the sale,2025-07-10
R002371,T001022,C00498,P001,Daily Lamp 01,4,Easy to use and feels pretty sturdy,2025-05-18
R002372,T004983,C00461,P024,Modern Serum 24,3,It does the job. Nothing special.,2025-11-16
R002373,T002870,C00264,P022,Active Mat 22,5,I LOVE IT. already ordered another one,2025-10-07
R002374,T003889,C00001,P014,Active Mat 14,2,was expecting better. sadly no looked different in the photos,2025-12-02
R002375,T003228,C00626,P007,Calm Cream 07,3,Useful enough though the instructions were confusing,2025-09-17
R002376,T002403,C00607,P012,Essential Bag 12,5,A+++ no complaints at all,2025-10-29
R002377,T005723,C00879,P025,Daily Lamp 25,3,Looks nice but the quality feels pretty basic packaging was a bit much,2025-11-11
R002378,T002390,C00970,P011,Urban Bottle 11,4,"Good value, gets used every day packaging was a bit much",2025-05-21
R002379,T002256,C00862,P028,Essential Bag 28,2,Quality control seems all over the place,2025-06-10
R002380,T001471,C00029,P008,Modern Serum 08,4,Happy with it. delivery was quick too shipping was quick,2025-03-24
R002381,T005495,C00489,P020,Essential Bag 20,5,i use it constantly and it still looks brand new,2025-11-20
R002382,T005259,C00565,P015,Calm Cream 15,4,Better than the one I replaced,2025-10-22
R002383,T001904,C00294,P010,Pure Band 10,5,LOVE LOVE LOVE IT. WORKS LIKE A DREAM,2025-04-26
R002384,T003830,C00472,P028,Essential Bag 28,4,"Good value, gets used every day",2025-10-20
R002385,T001666,C00067,P028,Essential Bag 28,5,Exceeded every expectation by a mile packaging was a bit much!!,2025-03-30
R002386,T006406,C00020,P003,Urban Bottle 03,5,Bought as a gift and now keeping it for myself lol,2025-12-29
R002387,T002856,C00480,P012,Essential Bag 12,4,LOOKS GREAT AND WORKS WELL SO FAR CUSTOMER SUPPORT GOT BACK TO ME FAST,2025-10-04
R002388,T002327,C00920,P009,Daily Lamp 09,3,Okay for now Lets see how long it lasts,2025-08-19
R002389,T005851,C00053,P008,Modern Serum 08,4,Pretty impressed tbh,2025-12-05
R002390,T001206,C00769,P013,Bright Organizer 13,3,"Average product, average price, average experience saw it on instagram first",2025-08-05
R002391,T005421,C00357,P019,Urban Bottle 19,1,"worst thing ive bought in ages, honestly furious",2025-12-27
R002392,T003839,C00328,P014,Active Mat 14,4,Nice quality took a star off for the price,2025-11-02
R002393,T006231,C00725,P010,Pure Band 10,4,Solid little product would recommend,2025-12-12
R002394,T003559,C00593,P004,Essential Bag 04,5,A no complaints at all bought it during the sale...,2025-10-15
R002395,T004545,C00708,P011,Urban Bottle 11,4,Does exactly what it says on the tin,2025-10-01
R002396,T005964,C00052,P001,Daily Lamp 01,3,Could be better but could be worse,2025-12-20
R002397,T004211,C00677,P021,Bright Organizer 21,5,10/10 would buy again and again,2025-12-27
R002398,T005420,C00921,P029,Bright Organizer 29,4,Easy to use and feels pretty sturdy looked different in the photos,2025-12-17
R002399,T003161,C00748,P030,Active Mat 30,5,A+++ no complaints at all shipping was quick,2025-07-04
R002400,T006124,C00098,P004,Essential Bag 04,3,I use it just dont love it packaging was a bit much,2025-12-04
R002401,T005993,C00427,P025,Daily Lamp 25,3,"Nothing to complain about, nothing to rave about my friend has one too",2025-12-16
R002402,T006546,C00336,P010,Pure Band 10,2,Fine for a week then started acting weird delivery took forever,2025-12-31
R002403,T002293,C00255,P011,Urban Bottle 11,5,A+++ no complaints at all looked different in the photos,2025-06-04
R002404,T003811,C00317,P028,Essential Bag 28,5,1010 would buy again and again,2025-12-31
R002405,T006006,C00218,P017,Daily Lamp 17,4,looks great and works well so far,2025-12-20
R002406,T001290,C00341,P024,Modern Serum 24,5,This deserves more than five stars shipping was quick,2025-06-13
R002407,T002029,C00291,P021,Bright Organizer 21,3,"I use it, just dont love it",2025-05-23
R002408,T004588,C00443,P004,Essential Bag 04,3,Some things are good and some are just odd looked different in the photos,2025-10-23
R002409,T001341,C00517,P004,Essential Bag 04,4,Pretty impressed tbh,2025-03-29
R002410,T005955,C00859,P027,Urban Bottle 27,2,Not worth the hassle,2025-12-11
R002411,T004013,C00030,P020,Essential Bag 20,3,nothing to complain about nothing to rave about my friend has one too,2025-12-25
R002412,T005604,C00475,P007,Calm Cream 07,3,Looks nice but the quality feels pretty basic,2025-11-18
R002413,T006549,C00328,P027,Urban Bottle 27,1,Would give negative stars if i could!!!,2025-12-31
R002414,T002323,C00321,P005,Bright Organizer 05,3,Looks nice but the quality feels pretty basic packaging was a bit much,2025-09-04
R002415,T002434,C00097,P001,Daily Lamp 01,1,arrived damaged and the replacement was also damaged. wow. customer support got back to me fast,2025-07-16
R002416,T003130,C00755,P020,Essential Bag 20,1,the smell is horrible and it did nothing customer support got back to me fast,2025-09-03
R002417,T002207,C00329,P023,Calm Cream 23,3,"Nothing to complain about, nothing to rave about",2025-05-08
R002418,T001354,C00665,P026,Pure Band 26,1,looks cheap feels cheap and it doesnt even work,2025-03-19
R002419,T006076,C00649,P020,Essential Bag 20,5,This deserves more than five stars,2025-12-30
R002420,T006002,C00896,P009,Daily Lamp 09,2,Fine for a week then started acting weird,2025-11-28
R002421,T006248,C00568,P023,Calm Cream 23,4,Nice quality. took a star off for the price customer support got back to me fast,2025-12-20
R002422,T005005,C00530,P018,Pure Band 18,3,"USEFUL ENOUGH, THOUGH THE INSTRUCTIONS WERE CONFUSING",2025-10-17
R002423,T002205,C00908,P007,Calm Cream 07,2,Kinda disappointing tbh,2025-06-10
R002424,T004606,C00544,P014,Active Mat 14,5,Perfect in every way. no notes,2025-11-11
R002425,T000697,C00664,P018,Pure Band 18,4,HAPPY WITH IT. DELIVERY WAS QUICK TOO,2025-04-04
R002426,T006178,C00176,P024,Modern Serum 24,5,"Best purchase ive made in months, hands down",2025-12-18
R002427,T001274,C00861,P003,Urban Bottle 03,5,"best purchase ive made in months, hands down shipping was quick",2025-05-07
R002428,T002858,C00245,P030,Active Mat 30,4,I reach for this all the time now bought it during the sale,2025-07-31
R002429,T002455,C00411,P014,Active Mat 14,5,Obsessed. obsessed. obsessed. customer support got back to me fast,2025-09-26
R002430,T002527,C00570,P017,Daily Lamp 17,5,Finally something that actually works,2025-05-19
R002431,T004985,C00273,P019,Urban Bottle 19,4,works perfectly for what i needed,2025-10-23
R002432,T002672,C00536,P027,Urban Bottle 27,5,finally something that actually works,2025-07-04
R002433,T000938,C00741,P014,Active Mat 14,3,"Works as expected, which is fine",2025-03-04
R002434,T005978,C00902,P013,Bright Organizer 13,3,Decent once you figure out how it works,2025-11-22
R002435,T004436,C00655,P025,Daily Lamp 25,1,Would give negative stars if i could!!!,2025-10-25
R002436,T001286,C00896,P007,Calm Cream 07,4,I reach for this all the time now,2025-06-25
R002437,T006187,C00757,P001,Daily Lamp 01,3,"Works as expected, which is fine customer support got back to me fast",2025-12-28
R002438,T001360,C00883,P024,Modern Serum 24,4,Really useful and nicer than I expected.,2025-08-16
R002439,T002404,C00484,P001,Daily Lamp 01,2,fine for a week then started acting weird,2025-09-18
R002440,T000555,C00418,P024,Modern Serum 24,3,"Average product, average price, average experience customer support got back to me fast",2025-03-02
R002441,T004765,C00933,P002,Pure Band 02,4,I reach for this all the time now,2025-11-12
R002442,T001189,C00901,P009,Daily Lamp 09,4,"Good value, gets used every day",2025-05-28
R002443,T002289,C00229,P014,Active Mat 14,5,1010 WOULD BUY AGAIN AND AGAIN,2025-06-29
R002444,T004410,C00818,P030,Active Mat 30,1,Absolute rubbish Fell apart after two days,2025-11-24
R002445,T002204,C00707,P025,Daily Lamp 25,4,Easy to use and feels pretty sturdy,2025-09-19
R002446,T002970,C00242,P003,Urban Bottle 03,3,"WORKS AS EXPECTED, WHICH IS FINE",2025-11-25
R002447,T001689,C00109,P017,Daily Lamp 17,5,love love love it. works like a dream,2025-09-14
R002448,T004045,C00657,P021,Bright Organizer 21,3,It does the job. Nothing special. saw it on instagram first,2025-08-06
R002449,T001843,C00606,P017,Daily Lamp 17,5,My new favorite thing in the house,2025-05-02
R002450,T001625,C00537,P028,Essential Bag 28,4,better than the one i replaced,2025-05-23
R002451,T000271,C00334,P006,Active Mat 06,3,"Fine i guess, a few annoying bits",2025-07-01
R002452,T000053,C00402,P014,Active Mat 14,1,The smell is HORRIBLE and it did nothing,2025-05-04
R002453,T005795,C00285,P018,Pure Band 18,2,meh. feels flimsy,2025-11-24
R002454,T005858,C00010,P007,Calm Cream 07,5,Finally something that actually works,2025-11-20
R002455,T001829,C00905,P016,Modern Serum 16,5,Genuinely life changing for my morning routine bought it during the sale,2025-05-02
R002456,T005524,C00138,P021,Bright Organizer 21,4,Nice quality. took a star off for the price,2025-12-31
R002457,T005003,C00266,P024,Modern Serum 24,2,Was expecting better. sadly no,2025-12-15
R002458,T006434,C00066,P001,Daily Lamp 01,3,Looks nice but the quality feels pretty basic,2025-12-28
R002459,T003007,C00168,P014,Active Mat 14,2,The photos made it look much better than it is,2025-10-21
R002460,T000340,C00293,P018,Pure Band 18,3,Works like it should but doesnt wow me,2025-05-04
R002461,T003511,C00871,P014,Active Mat 14,4,Pretty impressed tbh,2025-07-13
R002462,T002876,C00144,P028,Essential Bag 28,3,works like it should but doesnt wow me,2025-06-26
R002463,T000833,C00135,P025,Daily Lamp 25,4,"SOLID LITTLE PRODUCT, WOULD RECOMMEND DELIVERY TOOK FOREVER",2025-02-26
R002464,T005772,C00529,P016,Modern Serum 16,3,"Average product, average price, average experience",2025-12-10
R002465,T004306,C00431,P003,Urban Bottle 03,5,Genuinely life changing for my morning routine,2025-11-05
R002466,T001172,C00713,P029,Bright Organizer 29,3,"Nothing to complain about, nothing to rave about delivery took forever",2025-04-10
R002467,T000270,C00633,P021,Bright Organizer 21,5,This deserves more than five stars my friend has one too,2025-02-22
R002468,T005742,C00888,P013,Bright Organizer 13,3,"Useful enough, though the instructions were confusing",2025-12-20
R002469,T006201,C00164,P025,Daily Lamp 25,1,ABSOLUTE RUBBISH. FELL APART AFTER TWO DAYS. SAW IT ON INSTAGRAM FIRST,2025-12-26
R002470,T004790,C00557,P014,Active Mat 14,3,Not bad! Not great either,2025-12-19
R002471,T001761,C00184,P001,Daily Lamp 01,2,Kinda disappointing tbh,2025-05-29
R002472,T000906,C00444,P022,Active Mat 22,5,Obsessed. obsessed. obsessed.,2025-03-17
R002473,T002646,C00173,P010,Pure Band 10,2,Not great. I expected more for the price.,2025-10-30
R002474,T001009,C00201,P024,Modern Serum 24,4,I reach for this all the time now packaging was a bit much,2025-04-12
R002475,T001577,C00367,P001,Daily Lamp 01,4,Nice quality. took a star off for the price,2025-05-21
R002476,T002576,C00057,P011,Urban Bottle 11,2,Quality control seems all over the place,2025-06-20
R002477,T005578,C00127,P025,Daily Lamp 25,4,Easy to use and feels pretty sturdy,2025-12-23
R002478,T004088,C00155,P020,Essential Bag 20,5,"Best purchase ive made in months, hands down",2025-10-04
R002479,T005804,C00814,P012,Essential Bag 12,2,Quality control seems all over the place,2025-11-23
R002480,T000671,C00529,P003,Urban Bottle 03,3,"Fine i guess, a few annoying bits",2025-04-23
R002481,T003925,C00057,P021,Bright Organizer 21,4,I reach for this all the time now,2025-12-10
R002482,T000346,C00545,P004,Essential Bag 04,3,decent once you figure out how it works,2025-02-26
R002483,T001001,C00526,P010,Pure Band 10,4,PRETTY IMPRESSED TBH PACKAGING WAS A BIT MUCH,2025-06-04
R002484,T004626,C00496,P030,Active Mat 30,3,"Nothing to complain about, nothing to rave about",2025-12-26
R002485,T001179,C00401,P030,Active Mat 30,1,"doesnt fit, doesnt work, waste of time",2025-03-26
R002486,T004846,C00187,P028,Essential Bag 28,5,Genuinely life changing for my morning routine delivery took forever!!,2025-09-26
R002487,T001507,C00559,P019,Urban Bottle 19,4,Happy with it delivery was quick too,2025-06-28
R002488,T001736,C00371,P030,Active Mat 30,4,Pretty impressed tbh,2025-05-09
R002489,T004702,C00390,P016,Modern Serum 16,3,It does the job Nothing special,2025-10-16
R002490,T001999,C00773,P005,Bright Organizer 05,2,Arrived late and the packaging was a mess,2025-07-25
R002491,T004422,C00447,P024,Modern Serum 24,4,happy with it. delivery was quick too,2025-12-31
R002492,T002260,C00208,P008,Modern Serum 08,4,Happy with it. delivery was quick too,2025-09-23
R002493,T002917,C00196,P023,Calm Cream 23,1,The smell is HORRIBLE and it did nothing,2025-11-04
R002494,T002787,C00866,P014,Active Mat 14,3,Average product average price average experience,2025-10-15
R002495,T001774,C00197,P017,Daily Lamp 17,4,"solid little product, would recommend packaging was a bit much",2025-04-13
R002496,T001832,C00331,P019,Urban Bottle 19,3,LOOKS NICE BUT THE QUALITY FEELS PRETTY BASIC,2025-08-08
R002497,T002280,C00444,P015,Calm Cream 15,3,Decent once you figure out how it works,2025-05-13
R002498,T003417,C00234,P016,Modern Serum 16,4,Does exactly what it says on the tin,2025-11-18
R002499,T002130,C00076,P016,Modern Serum 16,5,Love love love it. works like a dream,2025-05-28
R002500,T005214,C00991,P030,Active Mat 30,5,Exceeded every expectation by a mile,2025-10-08
