visit_id,customer_id,visit_date,traffic_source,product_id,product_viewed,product_available,added_to_cart,purchased,time_spent,promotion_code,transaction_id,campaign_send_id
V010001,C00686,2025-12-03,paid_search,P006,Active Mat 06,true,true,false,187,HOLIDAY15,,SEND000011
V010002,C00034,2025-12-23,paid_search,P020,Essential Bag 20,true,false,false,70,HOLIDAY15,,SEND000032
V010003,C00641,2025-01-19,email,P021,Bright Organizer 21,true,false,false,100,RESET10,,SEND000045
V010004,C00811,2025-08-08,paid_search,P030,Active Mat 30,true,false,false,56,SUMMER5,,SEND000049
V010005,C00318,2025-06-27,email,P014,Active Mat 14,true,false,false,51,MEMBER15,,SEND000060
V010006,C00223,2025-01-10,email,P012,Essential Bag 12,true,false,false,209,RESET10,,SEND000064
V010007,C00817,2025-04-10,paid_search,P023,Calm Cream 23,true,false,false,101,SPRING10,,SEND000068
V010008,C00438,2025-02-28,email,P028,Essential Bag 28,true,false,false,86,RESET10,,SEND000089
V010009,C00985,2025-05-10,email,P005,Bright Organizer 05,true,false,false,289,MEMBER15,,SEND000109
V010010,C00096,2025-05-18,email,P004,Essential Bag 04,true,false,false,138,MEMBER15,,SEND000113
V010011,C00649,2025-04-17,paid_search,P026,Pure Band 26,true,true,false,23,SPRING10,,SEND000118
V010012,C00609,2025-09-06,paid_search,P020,Essential Bag 20,true,true,false,38,SUMMER5,,SEND000124
V010013,C00112,2025-10-11,email,P006,Active Mat 06,true,false,false,87,ROUTINE10,,SEND000147
V010014,C00934,2025-11-25,email,P020,Essential Bag 20,true,true,true,333,GIFT10,T006036,SEND000164
V010015,C00631,2025-11-07,paid_search,P019,Urban Bottle 19,true,false,false,29,HOLIDAY15,,SEND000171
V010016,C00528,2025-06-06,email,P026,Pure Band 26,true,false,false,187,MEMBER15,,SEND000176
V010017,C00395,2025-12-11,email,P030,Active Mat 30,true,true,true,252,GIFT10,T006290,SEND000180
V010018,C00369,2025-11-22,email,P017,Daily Lamp 17,true,true,false,60,GIFT10,,SEND000185
V010019,C00360,2025-03-10,paid_search,P023,Calm Cream 23,true,true,true,73,SPRING10,T001288,SEND000188
V010020,C00876,2025-05-15,email,P010,Pure Band 10,true,false,false,58,MEMBER15,,SEND000198
V010021,C00681,2025-10-03,paid_search,P010,Pure Band 10,true,true,false,237,AUTUMN5,,SEND000209
V010022,C00876,2025-11-21,email,P013,Bright Organizer 13,true,false,false,74,GIFT10,,SEND000215
V010023,C00248,2025-12-05,paid_search,P010,Pure Band 10,true,false,false,235,HOLIDAY15,,SEND000221
V010024,C00759,2025-02-14,email,P003,Urban Bottle 03,true,false,false,55,RESET10,,SEND000226
V010025,C00181,2025-10-03,email,P016,Modern Serum 16,true,false,false,131,ROUTINE10,,SEND000227
V010026,C00055,2025-10-05,email,P004,Essential Bag 04,true,false,false,37,ROUTINE10,,SEND000232
V010027,C00772,2025-12-06,email,P006,Active Mat 06,true,false,false,81,GIFT10,,SEND000245
V010028,C00801,2025-02-11,email,P028,Essential Bag 28,true,false,false,221,RESET10,,SEND000267
V010029,C00729,2025-08-14,email,P011,Urban Bottle 11,true,false,false,247,ROUTINE10,,SEND000280
V010030,C00296,2025-08-09,paid_search,P030,Active Mat 30,true,false,false,38,SUMMER5,,SEND000286
V010031,C00808,2025-11-29,email,P005,Bright Organizer 05,false,false,false,51,GIFT10,,SEND000289
V010032,C00735,2025-01-22,email,P014,Active Mat 14,true,true,false,127,RESET10,,SEND000300
V010033,C00431,2025-02-04,email,P018,Pure Band 18,true,true,false,36,RESET10,,SEND000302
V010034,C00178,2025-01-20,email,P007,Calm Cream 07,true,false,false,108,RESET10,,SEND000303
V010035,C00646,2025-05-22,email,P017,Daily Lamp 17,true,true,false,184,MEMBER15,,SEND000323
V010036,C00198,2025-09-21,email,P012,Essential Bag 12,true,true,true,92,ROUTINE10,T004908,SEND000333
V010037,C00820,2025-04-30,paid_search,P014,Active Mat 14,true,false,false,72,SPRING10,,SEND000341
V010038,C00303,2025-11-26,email,P007,Calm Cream 07,true,false,false,119,GIFT10,,SEND000342
V010039,C00467,2025-08-28,email,P003,Urban Bottle 03,true,false,false,36,ROUTINE10,,SEND000346
V010040,C00877,2025-01-19,email,P005,Bright Organizer 05,true,false,false,74,RESET10,,SEND000347
V010041,C00327,2025-11-07,paid_search,P006,Active Mat 06,true,false,false,110,HOLIDAY15,,SEND000352
V010042,C00838,2025-03-09,email,P006,Active Mat 06,true,true,true,485,RESET10,T001262,SEND000356
V010043,C00067,2025-10-27,paid_search,P024,Modern Serum 24,true,false,false,69,AUTUMN5,,SEND000359
V010044,C00378,2025-08-16,email,P030,Active Mat 30,true,false,false,113,ROUTINE10,,SEND000361
V010045,C00992,2025-06-10,paid_search,P003,Urban Bottle 03,true,false,false,35,SUMMER5,,SEND000368
V010046,C00660,2025-11-15,paid_search,P026,Pure Band 26,true,false,false,43,HOLIDAY15,,SEND000370
V010047,C00962,2025-07-26,paid_search,P014,Active Mat 14,true,true,true,44,SUMMER5,T003933,SEND000378
V010048,C00396,2025-12-21,paid_search,P018,Pure Band 18,true,false,false,23,HOLIDAY15,,SEND000394
V010049,C00216,2025-09-18,paid_search,P012,Essential Bag 12,true,false,false,180,AUTUMN5,,SEND000396
V010050,C00284,2025-11-22,paid_search,P009,Daily Lamp 09,true,true,false,102,HOLIDAY15,,SEND000399
V010051,C00948,2025-03-05,paid_search,P009,Daily Lamp 09,true,true,true,299,SPRING10,T001196,SEND000407
V010052,C00234,2025-08-23,email,P019,Urban Bottle 19,false,false,false,34,ROUTINE10,,SEND000412
V010053,C00931,2025-09-28,paid_search,P024,Modern Serum 24,false,false,false,54,AUTUMN5,,SEND000420
V010054,C00043,2025-10-10,paid_search,P011,Urban Bottle 11,true,true,false,60,AUTUMN5,,SEND000429
V010055,C00032,2025-04-06,paid_search,P016,Modern Serum 16,true,false,false,176,SPRING10,,SEND000439
V010056,C00117,2025-03-11,email,P027,Urban Bottle 27,true,false,false,67,RESET10,,SEND000444
V010057,C00452,2025-03-04,email,P019,Urban Bottle 19,true,false,false,240,RESET10,,SEND000449
V010058,C00347,2025-06-20,email,P026,Pure Band 26,true,false,false,57,MEMBER15,,SEND000452
V010059,C00264,2025-09-20,email,P026,Pure Band 26,true,true,true,335,ROUTINE10,T004897,SEND000470
V010060,C00115,2025-06-08,email,P023,Calm Cream 23,true,false,false,210,MEMBER15,,SEND000479
V010061,C00786,2025-10-21,paid_search,P003,Urban Bottle 03,true,false,false,49,AUTUMN5,,SEND000485
V010062,C00513,2025-05-27,email,P015,Calm Cream 15,true,false,false,218,MEMBER15,,SEND000486
V010063,C00508,2025-08-20,email,P009,Daily Lamp 09,true,true,false,33,ROUTINE10,,SEND000489
V010064,C00366,2025-12-07,email,P019,Urban Bottle 19,true,false,false,41,GIFT10,,SEND000493
V010065,C00380,2025-03-21,paid_search,P007,Calm Cream 07,true,false,false,247,SPRING10,,SEND000495
V010066,C00334,2025-08-29,paid_search,P021,Bright Organizer 21,true,false,false,163,SUMMER5,,SEND000503
V010067,C00234,2025-10-30,paid_search,P021,Bright Organizer 21,true,true,true,62,AUTUMN5,T005587,SEND000504
V010068,C00274,2025-10-07,email,P016,Modern Serum 16,true,false,false,218,ROUTINE10,,SEND000506
V010069,C00507,2025-03-09,paid_search,P029,Bright Organizer 29,true,true,true,71,SPRING10,T001278,SEND000510
V010070,C00024,2025-09-09,email,P024,Modern Serum 24,true,false,false,9,ROUTINE10,,SEND000511
V010071,C00061,2025-09-06,email,P014,Active Mat 14,true,true,true,71,ROUTINE10,T004659,SEND000512
V010072,C00676,2025-08-24,email,P016,Modern Serum 16,true,false,false,54,ROUTINE10,,SEND000513
V010073,C00263,2025-02-27,email,P014,Active Mat 14,true,false,false,152,RESET10,,SEND000514
V010074,C00605,2025-05-20,email,P028,Essential Bag 28,true,true,true,84,MEMBER15,T002675,SEND000515
V010075,C00524,2025-11-26,email,P025,Daily Lamp 25,true,false,false,13,GIFT10,,SEND000516
V010076,C00112,2025-03-10,paid_search,P011,Urban Bottle 11,true,true,false,227,SPRING10,,SEND000522
V010077,C00324,2025-11-15,email,P010,Pure Band 10,true,true,false,193,GIFT10,,SEND000525
V010078,C00035,2025-09-09,email,P014,Active Mat 14,true,false,false,64,ROUTINE10,,SEND000538
V010079,C00669,2025-11-07,email,P006,Active Mat 06,true,true,false,43,GIFT10,,SEND000540
V010080,C00896,2025-09-19,email,P029,Bright Organizer 29,true,false,false,204,ROUTINE10,,SEND000551
V010081,C00429,2025-05-16,email,P006,Active Mat 06,true,true,true,65,MEMBER15,T002581,SEND000562
V010082,C00479,2025-12-31,paid_search,P023,Calm Cream 23,false,false,false,86,HOLIDAY15,,SEND000568
V010083,C00644,2025-11-16,paid_search,P018,Pure Band 18,false,false,false,143,HOLIDAY15,,SEND000572
V010084,C00833,2025-11-05,paid_search,P001,Daily Lamp 01,true,false,false,36,AUTUMN5,,SEND000574
V010085,C00287,2025-05-07,paid_search,P022,Active Mat 22,true,false,false,93,SPRING10,,SEND000577
V010086,C00347,2025-02-13,email,P027,Urban Bottle 27,true,false,false,65,RESET10,,SEND000578
V010087,C00626,2025-09-19,paid_search,P023,Calm Cream 23,false,false,false,30,AUTUMN5,,SEND000590
V010088,C00450,2025-01-23,email,P025,Daily Lamp 25,true,false,false,112,RESET10,,SEND000592
V010089,C00350,2025-12-13,paid_search,P012,Essential Bag 12,true,false,false,26,HOLIDAY15,,SEND000597
V010090,C00591,2025-05-08,email,P020,Essential Bag 20,true,false,false,66,MEMBER15,,SEND000616
V010091,C00319,2025-11-05,paid_search,P016,Modern Serum 16,true,false,false,69,AUTUMN5,,SEND000626
V010092,C00148,2025-12-07,paid_search,P006,Active Mat 06,true,false,false,138,HOLIDAY15,,SEND000627
V010093,C00599,2025-01-30,email,P017,Daily Lamp 17,true,false,false,58,RESET10,,SEND000630
V010094,C00901,2025-09-06,paid_search,P019,Urban Bottle 19,true,false,false,52,SUMMER5,,SEND000637
V010095,C00828,2025-10-27,paid_search,P019,Urban Bottle 19,false,false,false,42,AUTUMN5,,SEND000638
V010096,C00745,2025-01-17,email,P026,Pure Band 26,true,false,false,105,RESET10,,SEND000643
V010097,C00128,2025-10-22,paid_search,P010,Pure Band 10,true,false,false,55,AUTUMN5,,SEND000645
V010098,C00535,2025-05-19,email,P001,Daily Lamp 01,true,false,false,45,MEMBER15,,SEND000648
V010099,C00968,2025-08-09,email,P002,Pure Band 02,true,false,false,275,ROUTINE10,,SEND000649
V010100,C00656,2025-11-03,paid_search,P014,Active Mat 14,true,false,false,187,HOLIDAY15,,SEND000651
V010101,C00694,2025-10-19,paid_search,P011,Urban Bottle 11,true,false,false,236,AUTUMN5,,SEND000652
V010102,C00318,2025-03-31,paid_search,P018,Pure Band 18,true,false,false,69,SPRING10,,SEND000654
V010103,C00985,2025-04-03,paid_search,P019,Urban Bottle 19,true,true,true,54,SPRING10,T001782,SEND000656
V010104,C00807,2025-09-23,paid_search,P028,Essential Bag 28,true,true,true,63,AUTUMN5,T004950,SEND000661
V010105,C00035,2025-12-02,email,P007,Calm Cream 07,true,false,false,542,GIFT10,,SEND000662
V010106,C00049,2025-12-29,paid_search,P002,Pure Band 02,true,false,false,107,HOLIDAY15,,SEND000666
V010107,C00312,2025-12-10,email,P008,Modern Serum 08,true,false,false,143,GIFT10,,SEND000700
V010108,C00441,2025-11-15,email,P016,Modern Serum 16,true,false,false,129,GIFT10,,SEND000701
V010109,C00653,2025-09-04,paid_search,P004,Essential Bag 04,true,false,false,97,SUMMER5,,SEND000714
V010110,C00672,2025-03-09,email,P029,Bright Organizer 29,true,true,true,73,RESET10,T001260,SEND000730
V010111,C00523,2025-07-15,paid_search,P030,Active Mat 30,true,false,false,89,SUMMER5,,SEND000745
V010112,C00712,2025-11-15,email,P004,Essential Bag 04,true,false,false,158,GIFT10,,SEND000759
V010113,C00308,2025-11-17,email,P015,Calm Cream 15,true,true,false,109,GIFT10,,SEND000785
V010114,C00832,2025-04-01,paid_search,P003,Urban Bottle 03,true,false,false,67,SPRING10,,SEND000788
V010115,C00014,2025-11-23,email,P028,Essential Bag 28,true,true,false,256,GIFT10,,SEND000794
V010116,C00717,2025-01-27,email,P004,Essential Bag 04,true,true,true,175,RESET10,T000504,SEND000796
V010117,C00636,2025-12-04,email,P022,Active Mat 22,true,false,false,32,GIFT10,,SEND000799
V010118,C00253,2025-11-10,email,P019,Urban Bottle 19,true,false,false,538,GIFT10,,SEND000804
V010119,C00929,2025-12-04,paid_search,P012,Essential Bag 12,true,false,false,40,HOLIDAY15,,SEND000814
V010120,C00180,2025-09-15,email,P029,Bright Organizer 29,true,false,false,172,ROUTINE10,,SEND000826
V010121,C00554,2025-02-23,email,P028,Essential Bag 28,true,false,false,433,RESET10,,SEND000843
V010122,C00765,2025-08-27,email,P020,Essential Bag 20,true,false,false,380,ROUTINE10,,SEND000855
V010123,C00085,2025-11-26,email,P020,Essential Bag 20,true,false,false,178,GIFT10,,SEND000862
V010124,C00395,2025-08-26,email,P021,Bright Organizer 21,true,false,false,49,ROUTINE10,,SEND000875
V010125,C00383,2025-12-02,email,P017,Daily Lamp 17,true,false,false,72,GIFT10,,SEND000885
V010126,C00230,2025-01-28,email,P006,Active Mat 06,true,false,false,143,RESET10,,SEND000888
V010127,C00749,2025-08-23,email,P004,Essential Bag 04,false,false,false,160,ROUTINE10,,SEND000896
V010128,C00576,2025-09-25,paid_search,P019,Urban Bottle 19,true,false,false,294,AUTUMN5,,SEND000902
V010129,C00738,2025-12-08,email,P011,Urban Bottle 11,true,false,false,24,GIFT10,,SEND000926
V010130,C00516,2025-07-24,paid_search,P020,Essential Bag 20,true,false,false,142,SUMMER5,,SEND000934
V010131,C00883,2025-08-26,paid_search,P012,Essential Bag 12,false,false,false,14,SUMMER5,,SEND000935
V010132,C00670,2025-12-20,paid_search,P030,Active Mat 30,true,false,false,80,HOLIDAY15,,SEND000937
V010133,C00852,2025-10-16,paid_search,P008,Modern Serum 08,true,false,false,260,AUTUMN5,,SEND000941
V010134,C00070,2025-06-20,paid_search,P019,Urban Bottle 19,true,true,false,97,SUMMER5,,SEND000945
V010135,C00357,2025-09-11,email,P025,Daily Lamp 25,true,false,false,30,ROUTINE10,,SEND000958
V010136,C00573,2025-06-30,email,P016,Modern Serum 16,true,true,true,242,MEMBER15,T003450,SEND000960
V010137,C00294,2025-11-19,email,P019,Urban Bottle 19,false,false,false,37,GIFT10,,SEND000972
V010138,C00976,2025-06-09,email,P023,Calm Cream 23,true,true,false,239,MEMBER15,,SEND000980
V010139,C00830,2025-10-01,email,P003,Urban Bottle 03,true,false,false,672,ROUTINE10,,SEND001006
V010140,C00848,2025-07-01,email,P016,Modern Serum 16,true,false,false,22,MEMBER15,,SEND001018
V010141,C00768,2025-03-07,email,P004,Essential Bag 04,true,true,false,96,RESET10,,SEND001022
V010142,C00779,2025-10-02,paid_search,P023,Calm Cream 23,true,true,true,138,AUTUMN5,T005076,SEND001023
V010143,C00343,2025-03-07,email,P008,Modern Serum 08,true,false,false,107,RESET10,,SEND001027
V010144,C00599,2025-08-23,email,P020,Essential Bag 20,true,true,false,76,ROUTINE10,,SEND001031
V010145,C00528,2025-10-23,paid_search,P025,Daily Lamp 25,true,false,false,92,AUTUMN5,,SEND001032
V010146,C00478,2025-11-12,paid_search,P004,Essential Bag 04,true,false,false,57,HOLIDAY15,,SEND001033
V010147,C00456,2025-11-18,paid_search,P010,Pure Band 10,true,false,false,171,HOLIDAY15,,SEND001080
V010148,C00048,2025-08-08,email,P024,Modern Serum 24,true,true,true,459,ROUTINE10,T004133,SEND001090
V010149,C00104,2025-12-31,paid_search,P003,Urban Bottle 03,true,false,false,81,HOLIDAY15,,SEND001095
V010150,C00827,2025-12-31,paid_search,P010,Pure Band 10,true,false,false,30,HOLIDAY15,,SEND001098
V010151,C00419,2025-03-23,paid_search,P029,Bright Organizer 29,true,true,true,236,SPRING10,T001570,SEND001109
V010152,C00427,2025-04-07,paid_search,P008,Modern Serum 08,true,true,false,18,SPRING10,,SEND001121
V010153,C00098,2025-01-20,email,P002,Pure Band 02,true,false,false,110,RESET10,,SEND001123
V010154,C00500,2025-06-16,paid_search,P026,Pure Band 26,true,true,true,100,SUMMER5,T003197,SEND001126
V010155,C00311,2025-11-09,email,P011,Urban Bottle 11,true,false,false,51,GIFT10,,SEND001132
V010156,C00764,2025-02-22,email,P020,Essential Bag 20,true,true,true,16,RESET10,T000979,SEND001147
V010157,C00168,2025-05-27,email,P006,Active Mat 06,false,false,false,45,MEMBER15,,SEND001151
V010158,C00798,2025-01-15,email,P004,Essential Bag 04,true,true,true,241,RESET10,T000267,SEND001153
V010159,C00902,2025-09-21,email,P023,Calm Cream 23,false,false,false,130,ROUTINE10,,SEND001156
V010160,C00910,2025-11-24,email,P004,Essential Bag 04,false,false,false,84,GIFT10,,SEND001157
V010161,C00661,2025-01-21,email,P009,Daily Lamp 09,true,false,false,64,RESET10,,SEND001172
V010162,C00722,2025-03-11,paid_search,P009,Daily Lamp 09,true,true,true,228,SPRING10,T001313,SEND001176
V010163,C00604,2025-11-21,email,P011,Urban Bottle 11,true,true,false,50,GIFT10,,SEND001188
V010164,C00457,2025-11-20,email,P020,Essential Bag 20,true,false,false,243,GIFT10,,SEND001204
V010165,C00262,2025-08-14,paid_search,P030,Active Mat 30,true,false,false,111,SUMMER5,,SEND001208
V010166,C00149,2025-05-01,paid_search,P029,Bright Organizer 29,true,false,false,49,SPRING10,,SEND001209
V010167,C00891,2025-11-15,email,P029,Bright Organizer 29,true,false,false,190,GIFT10,,SEND001226
V010168,C00252,2025-04-26,paid_search,P002,Pure Band 02,true,false,false,100,SPRING10,,SEND001231
V010169,C00004,2025-09-05,email,P003,Urban Bottle 03,true,false,false,64,ROUTINE10,,SEND001244
V010170,C00959,2025-10-17,paid_search,P011,Urban Bottle 11,true,false,false,175,AUTUMN5,,SEND001246
V010171,C00551,2025-06-21,paid_search,P017,Daily Lamp 17,true,true,false,29,SUMMER5,,SEND001256
V010172,C00419,2025-07-01,email,P030,Active Mat 30,true,true,true,110,MEMBER15,T003461,SEND001258
V010173,C00373,2025-02-03,email,P005,Bright Organizer 05,true,true,false,410,RESET10,,SEND001268
V010174,C00687,2025-04-29,paid_search,P029,Bright Organizer 29,true,false,false,82,SPRING10,,SEND001270
V010175,C00743,2025-05-23,email,P012,Essential Bag 12,true,true,false,79,MEMBER15,,SEND001282
V010176,C00763,2025-12-09,paid_search,P024,Modern Serum 24,true,false,false,227,HOLIDAY15,,SEND001288
V010177,C00804,2025-12-18,paid_search,P002,Pure Band 02,true,true,true,64,HOLIDAY15,T006407,SEND001291
V010178,C00722,2025-08-31,email,P017,Daily Lamp 17,true,true,false,177,ROUTINE10,,SEND001295
V010179,C00628,2025-11-26,email,P009,Daily Lamp 09,true,false,false,55,GIFT10,,SEND001303
V010180,C00779,2025-11-17,email,P014,Active Mat 14,false,false,false,34,GIFT10,,SEND001304
V010181,C00419,2025-11-12,email,P018,Pure Band 18,false,false,false,171,GIFT10,,SEND001309
V010182,C00572,2025-01-31,email,P018,Pure Band 18,true,false,false,189,RESET10,,SEND001320
V010183,C00075,2025-02-12,email,P001,Daily Lamp 01,true,false,false,246,RESET10,,SEND001327
V010184,C00920,2025-12-17,paid_search,P018,Pure Band 18,true,false,false,334,HOLIDAY15,,SEND001340
V010185,C00794,2025-08-12,paid_search,P024,Modern Serum 24,true,false,false,87,SUMMER5,,SEND001346
V010186,C00714,2025-07-03,email,P002,Pure Band 02,true,false,false,153,MEMBER15,,SEND001351
V010187,C00888,2025-12-31,paid_search,P030,Active Mat 30,true,true,true,24,HOLIDAY15,T006553,SEND001352
V010188,C00558,2025-08-12,paid_search,P002,Pure Band 02,true,true,false,335,SUMMER5,,SEND001372
V010189,C00724,2025-01-20,email,P004,Essential Bag 04,true,false,false,265,RESET10,,SEND001374
V010190,C00883,2025-06-27,paid_search,P030,Active Mat 30,true,false,false,61,SUMMER5,,SEND001395
V010191,C00878,2025-04-16,paid_search,P025,Daily Lamp 25,true,true,false,53,SPRING10,,SEND001404
V010192,C00727,2025-12-16,paid_search,P010,Pure Band 10,true,false,false,77,HOLIDAY15,,SEND001406
V010193,C00261,2025-02-24,email,P021,Bright Organizer 21,true,false,false,182,RESET10,,SEND001428
V010194,C00930,2025-04-14,paid_search,P016,Modern Serum 16,true,false,false,312,SPRING10,,SEND001445
V010195,C00175,2025-06-30,paid_search,P008,Modern Serum 08,true,false,false,57,SUMMER5,,SEND001456
V010196,C00666,2025-12-31,paid_search,P012,Essential Bag 12,false,false,false,185,HOLIDAY15,,SEND001464
V010197,C00032,2025-12-27,paid_search,P016,Modern Serum 16,false,false,false,65,HOLIDAY15,,SEND001465
V010198,C00827,2025-07-04,paid_search,P020,Essential Bag 20,true,false,false,61,SUMMER5,,SEND001471
V010199,C00211,2025-04-30,paid_search,P029,Bright Organizer 29,true,true,true,86,SPRING10,T002294,SEND001474
V010200,C00530,2025-05-11,email,P009,Daily Lamp 09,true,false,false,49,MEMBER15,,SEND001477
V010201,C00074,2025-07-16,paid_search,P018,Pure Band 18,true,false,false,182,SUMMER5,,SEND001491
V010202,C01000,2025-01-09,email,P014,Active Mat 14,true,false,false,55,RESET10,,SEND001493
V010203,C00991,2025-11-23,paid_search,P014,Active Mat 14,false,false,false,251,HOLIDAY15,,SEND001494
V010204,C00104,2025-02-20,email,P011,Urban Bottle 11,true,true,true,39,RESET10,T000939,SEND001503
V010205,C00586,2025-12-31,paid_search,P013,Bright Organizer 13,true,false,false,56,HOLIDAY15,,SEND001516
V010206,C00508,2025-12-20,paid_search,P018,Pure Band 18,true,true,false,88,HOLIDAY15,,SEND001543
V010207,C00181,2025-09-03,paid_search,P005,Bright Organizer 05,true,false,false,74,AUTUMN5,,SEND001545
V010208,C00777,2025-09-10,email,P019,Urban Bottle 19,true,false,false,205,ROUTINE10,,SEND001549
V010209,C00868,2025-09-02,email,P003,Urban Bottle 03,true,false,false,47,ROUTINE10,,SEND001550
V010210,C00184,2025-12-14,paid_search,P002,Pure Band 02,true,true,true,83,HOLIDAY15,T006340,SEND001558
V010211,C00285,2025-09-21,email,P027,Urban Bottle 27,true,false,false,181,ROUTINE10,,SEND001560
V010212,C00552,2025-12-12,email,P026,Pure Band 26,false,false,false,24,GIFT10,,SEND001563
V010213,C00722,2025-02-13,email,P002,Pure Band 02,true,true,false,152,RESET10,,SEND001566
V010214,C00379,2025-11-15,email,P011,Urban Bottle 11,true,false,false,79,GIFT10,,SEND001570
V010215,C00086,2025-05-04,paid_search,P028,Essential Bag 28,true,true,false,67,SPRING10,,SEND001580
V010216,C00109,2025-06-01,email,P029,Bright Organizer 29,true,true,true,147,MEMBER15,T002913,SEND001588
V010217,C00633,2025-11-03,paid_search,P028,Essential Bag 28,true,true,true,227,HOLIDAY15,T005642,SEND001597
V010218,C00543,2025-12-02,email,P024,Modern Serum 24,true,false,false,80,GIFT10,,SEND001606
V010219,C00977,2025-12-31,paid_search,P011,Urban Bottle 11,false,false,false,97,HOLIDAY15,,SEND001610
V010220,C00870,2025-08-07,paid_search,P005,Bright Organizer 05,true,false,false,85,SUMMER5,,SEND001633
V010221,C00526,2025-01-28,email,P009,Daily Lamp 09,true,true,true,216,RESET10,T000519,SEND001644
V010222,C00710,2025-09-04,email,P009,Daily Lamp 09,true,true,true,22,ROUTINE10,T004603,SEND001656
V010223,C00794,2025-05-20,email,P005,Bright Organizer 05,true,false,false,84,MEMBER15,,SEND001668
V010224,C00478,2025-09-10,paid_search,P013,Bright Organizer 13,true,false,false,92,AUTUMN5,,SEND001669
V010225,C00409,2025-05-04,paid_search,P012,Essential Bag 12,true,false,false,130,SPRING10,,SEND001672
V010226,C00795,2025-04-13,paid_search,P019,Urban Bottle 19,true,false,false,37,SPRING10,,SEND001673
V010227,C00064,2025-07-11,paid_search,P028,Essential Bag 28,true,false,false,137,SUMMER5,,SEND001674
V010228,C00206,2025-03-23,paid_search,P018,Pure Band 18,true,false,false,86,SPRING10,,SEND001685
V010229,C00040,2025-10-26,paid_search,P009,Daily Lamp 09,true,false,false,112,AUTUMN5,,SEND001687
V010230,C00412,2025-11-18,paid_search,P009,Daily Lamp 09,true,false,false,84,HOLIDAY15,,SEND001692
V010231,C00421,2025-06-04,email,P013,Bright Organizer 13,true,false,false,77,MEMBER15,,SEND001701
V010232,C00038,2025-11-07,email,P011,Urban Bottle 11,true,false,false,36,GIFT10,,SEND001702
V010233,C00938,2025-12-27,paid_search,P015,Calm Cream 15,true,false,false,199,HOLIDAY15,,SEND001725
V010234,C00523,2025-08-24,paid_search,P026,Pure Band 26,true,true,false,178,SUMMER5,,SEND001726
V010235,C00768,2025-09-25,email,P004,Essential Bag 04,false,false,false,128,ROUTINE10,,SEND001738
V010236,C00508,2025-08-09,paid_search,P022,Active Mat 22,true,false,false,216,SUMMER5,,SEND001740
V010237,C00055,2025-11-17,email,P017,Daily Lamp 17,true,true,true,189,GIFT10,T005915,SEND001761
V010238,C00357,2025-06-23,email,P019,Urban Bottle 19,true,true,false,83,MEMBER15,,SEND001765
V010239,C00091,2025-04-24,paid_search,P018,Pure Band 18,true,false,false,97,SPRING10,,SEND001773
V010240,C00333,2025-03-05,email,P019,Urban Bottle 19,true,false,false,64,RESET10,,SEND001782
V010241,C00673,2025-12-09,paid_search,P019,Urban Bottle 19,true,true,false,104,HOLIDAY15,,SEND001790
V010242,C00500,2025-10-21,paid_search,P012,Essential Bag 12,false,false,false,153,AUTUMN5,,SEND001797
V010243,C00670,2025-04-02,paid_search,P027,Urban Bottle 27,true,true,true,14,SPRING10,T001750,SEND001804
V010244,C00035,2025-06-18,paid_search,P024,Modern Serum 24,true,false,false,38,SUMMER5,,SEND001816
V010245,C00953,2025-12-06,paid_search,P003,Urban Bottle 03,true,true,false,58,HOLIDAY15,,SEND001817
V010246,C00545,2025-10-10,paid_search,P012,Essential Bag 12,true,false,false,91,AUTUMN5,,SEND001820
V010247,C00807,2025-05-07,email,P009,Daily Lamp 09,true,false,false,20,MEMBER15,,SEND001821
V010248,C00255,2025-07-10,email,P027,Urban Bottle 27,true,false,false,223,MEMBER15,,SEND001823
V010249,C00590,2025-11-22,email,P008,Modern Serum 08,true,false,false,52,GIFT10,,SEND001826
V010250,C00536,2025-03-07,email,P023,Calm Cream 23,true,false,false,262,RESET10,,SEND001827
V010251,C00996,2025-11-27,email,P001,Daily Lamp 01,false,false,false,27,GIFT10,,SEND001832
V010252,C00778,2025-11-23,email,P017,Daily Lamp 17,true,true,true,61,GIFT10,T006004,SEND001840
V010253,C00527,2025-11-28,email,P028,Essential Bag 28,true,false,false,246,GIFT10,,SEND001853
V010254,C00821,2025-08-23,email,P024,Modern Serum 24,true,false,false,113,ROUTINE10,,SEND001859
V010255,C00765,2025-11-24,paid_search,P014,Active Mat 14,false,false,false,47,HOLIDAY15,,SEND001861
V010256,C00506,2025-10-17,paid_search,P007,Calm Cream 07,true,true,true,38,AUTUMN5,T005374,SEND001864
V010257,C00020,2025-04-02,paid_search,P001,Daily Lamp 01,true,false,false,60,SPRING10,,SEND001867
V010258,C00360,2025-07-14,paid_search,P001,Daily Lamp 01,true,false,false,76,SUMMER5,,SEND001873
V010259,C00129,2025-02-07,email,P009,Daily Lamp 09,true,false,false,302,RESET10,,SEND001876
V010260,C00620,2025-04-18,paid_search,P002,Pure Band 02,true,false,false,57,SPRING10,,SEND001880
V010261,C00357,2025-04-09,paid_search,P030,Active Mat 30,true,true,true,214,SPRING10,T001916,SEND001887
V010262,C00271,2025-11-24,email,P006,Active Mat 06,false,false,false,51,GIFT10,,SEND001903
V010263,C00962,2025-11-23,email,P016,Modern Serum 16,false,false,false,135,GIFT10,,SEND001920
V010264,C00987,2025-10-06,email,P002,Pure Band 02,true,false,false,174,ROUTINE10,,SEND001934
V010265,C00313,2025-12-31,paid_search,P007,Calm Cream 07,true,false,false,66,HOLIDAY15,,SEND001948
V010266,C00068,2025-11-15,paid_search,P025,Daily Lamp 25,true,false,false,338,HOLIDAY15,,SEND001954
V010267,C00096,2025-03-13,paid_search,P010,Pure Band 10,true,false,false,14,SPRING10,,SEND001955
V010268,C00516,2025-06-06,paid_search,P016,Modern Serum 16,true,false,false,77,SUMMER5,,SEND001962
V010269,C00566,2025-01-13,email,P002,Pure Band 02,true,false,false,65,RESET10,,SEND001975
V010270,C00187,2025-11-02,paid_search,P024,Modern Serum 24,true,false,false,33,AUTUMN5,,SEND001991
V010271,C00449,2025-11-14,email,P010,Pure Band 10,true,false,false,228,GIFT10,,SEND001993
V010272,C00570,2025-01-21,email,P011,Urban Bottle 11,true,false,false,78,RESET10,,SEND002016
V010273,C00892,2025-11-18,email,P004,Essential Bag 04,true,true,false,76,GIFT10,,SEND002028
V010274,C00343,2025-09-25,email,P005,Bright Organizer 05,true,false,false,58,ROUTINE10,,SEND002029
V010275,C00560,2025-12-01,email,P030,Active Mat 30,true,true,false,192,GIFT10,,SEND002031
V010276,C00835,2025-06-18,paid_search,P026,Pure Band 26,true,true,false,71,SUMMER5,,SEND002045
V010277,C00823,2025-07-04,paid_search,P001,Daily Lamp 01,true,false,false,126,SUMMER5,,SEND002051
V010278,C00193,2025-04-27,paid_search,P024,Modern Serum 24,true,false,false,56,SPRING10,,SEND002056
V010279,C00263,2025-10-13,paid_search,P025,Daily Lamp 25,true,false,false,539,AUTUMN5,,SEND002060
V010280,C00749,2025-11-20,email,P027,Urban Bottle 27,true,false,false,43,GIFT10,,SEND002061
V010281,C00692,2025-06-11,email,P019,Urban Bottle 19,true,false,false,223,MEMBER15,,SEND002065
V010282,C00685,2025-12-04,email,P029,Bright Organizer 29,true,false,false,155,GIFT10,,SEND002068
V010283,C00185,2025-08-26,paid_search,P019,Urban Bottle 19,false,false,false,272,SUMMER5,,SEND002092
V010284,C00962,2025-12-03,paid_search,P011,Urban Bottle 11,true,true,true,209,HOLIDAY15,T006148,SEND002096
V010285,C00014,2025-11-28,paid_search,P006,Active Mat 06,false,false,false,104,HOLIDAY15,,SEND002101
V010286,C00557,2025-06-16,paid_search,P003,Urban Bottle 03,true,false,false,128,SUMMER5,,SEND002107
V010287,C00387,2025-08-17,email,P015,Calm Cream 15,true,true,true,48,ROUTINE10,T004331,SEND002109
V010288,C00545,2025-05-13,email,P029,Bright Organizer 29,true,false,false,121,MEMBER15,,SEND002113
V010289,C00380,2025-12-29,paid_search,P023,Calm Cream 23,false,false,false,22,HOLIDAY15,,SEND002116
V010290,C00287,2025-12-31,paid_search,P007,Calm Cream 07,true,false,false,121,HOLIDAY15,,SEND002117
V010291,C00553,2025-11-13,email,P025,Daily Lamp 25,true,true,false,52,GIFT10,,SEND002118
V010292,C00795,2025-11-28,email,P026,Pure Band 26,true,true,true,72,GIFT10,T006075,SEND002121
V010293,C00265,2025-02-04,email,P027,Urban Bottle 27,true,false,false,43,RESET10,,SEND002125
V010294,C00849,2025-12-31,paid_search,P016,Modern Serum 16,false,false,false,69,HOLIDAY15,,SEND002126
V010295,C00673,2025-12-30,paid_search,P024,Modern Serum 24,false,false,false,155,HOLIDAY15,,SEND002138
V010296,C00236,2025-08-04,paid_search,P027,Urban Bottle 27,true,false,false,273,SUMMER5,,SEND002143
V010297,C00267,2025-04-22,paid_search,P013,Bright Organizer 13,true,true,true,202,SPRING10,T002137,SEND002150
V010298,C00229,2025-05-07,paid_search,P001,Daily Lamp 01,true,true,false,105,SPRING10,,SEND002155
V010299,C00500,2025-08-05,email,P026,Pure Band 26,true,false,false,109,ROUTINE10,,SEND002177
V010300,C00656,2025-10-06,paid_search,P002,Pure Band 02,true,false,false,100,AUTUMN5,,SEND002180
V010301,C00922,2025-11-23,email,P004,Essential Bag 04,false,false,false,153,GIFT10,,SEND002187
V010302,C00907,2025-12-26,paid_search,P016,Modern Serum 16,false,false,false,26,HOLIDAY15,,SEND002208
V010303,C00681,2025-10-07,paid_search,P019,Urban Bottle 19,true,true,false,27,AUTUMN5,,SEND002209
V010304,C00275,2025-11-29,email,P009,Daily Lamp 09,true,false,false,99,GIFT10,,SEND002210
V010305,C00700,2025-09-27,email,P027,Urban Bottle 27,true,true,true,242,ROUTINE10,T005006,SEND002211
V010306,C00138,2025-02-25,email,P007,Calm Cream 07,true,false,false,217,RESET10,,SEND002219
V010307,C00896,2025-11-11,paid_search,P026,Pure Band 26,true,false,false,45,HOLIDAY15,,SEND002225
V010308,C00324,2025-02-17,email,P021,Bright Organizer 21,true,true,true,140,RESET10,T000891,SEND002244
V010309,C00038,2025-03-09,email,P019,Urban Bottle 19,true,true,true,17,RESET10,T001269,SEND002245
V010310,C00980,2025-01-13,email,P006,Active Mat 06,true,false,false,127,RESET10,,SEND002257
V010311,C00685,2025-12-10,email,P012,Essential Bag 12,true,false,false,418,GIFT10,,SEND002263
V010312,C00740,2025-07-25,paid_search,P007,Calm Cream 07,true,false,false,36,SUMMER5,,SEND002264
V010313,C00672,2025-06-14,email,P017,Daily Lamp 17,true,false,false,47,MEMBER15,,SEND002266
V010314,C00854,2025-03-07,email,P028,Essential Bag 28,true,true,false,156,RESET10,,SEND002283
V010315,C00236,2025-06-15,email,P013,Bright Organizer 13,true,false,false,49,MEMBER15,,SEND002290
V010316,C00922,2025-12-06,paid_search,P018,Pure Band 18,true,false,false,45,HOLIDAY15,,SEND002291
V010317,C00740,2025-05-27,email,P009,Daily Lamp 09,true,false,false,19,MEMBER15,,SEND002300
V010318,C00958,2025-02-18,email,P027,Urban Bottle 27,true,false,false,322,RESET10,,SEND002317
V010319,C00863,2025-08-16,email,P023,Calm Cream 23,true,false,false,102,ROUTINE10,,SEND002327
V010320,C00031,2025-12-06,paid_search,P020,Essential Bag 20,true,true,false,348,HOLIDAY15,,SEND002332
V010321,C00297,2025-03-10,email,P003,Urban Bottle 03,true,false,false,75,RESET10,,SEND002337
V010322,C00895,2025-11-19,paid_search,P005,Bright Organizer 05,true,true,true,154,HOLIDAY15,T005938,SEND002349
V010323,C00811,2025-03-03,email,P021,Bright Organizer 21,true,true,true,144,RESET10,T001164,SEND002352
V010324,C00272,2025-07-19,paid_search,P022,Active Mat 22,true,false,false,67,SUMMER5,,SEND002358
V010325,C00448,2025-09-08,email,P025,Daily Lamp 25,true,true,false,125,ROUTINE10,,SEND002359
V010326,C00138,2025-08-11,email,P030,Active Mat 30,true,false,false,945,ROUTINE10,,SEND002362
V010327,C00114,2025-05-01,paid_search,P012,Essential Bag 12,true,false,false,118,SPRING10,,SEND002367
V010328,C00428,2025-04-01,paid_search,P002,Pure Band 02,true,true,false,26,SPRING10,,SEND002376
V010329,C00963,2025-06-27,email,P029,Bright Organizer 29,true,false,false,121,MEMBER15,,SEND002383
V010330,C00129,2025-06-05,email,P005,Bright Organizer 05,true,true,false,33,MEMBER15,,SEND002397
V010331,C00713,2025-12-09,paid_search,P009,Daily Lamp 09,true,true,false,114,HOLIDAY15,,SEND002424
V010332,C00153,2025-09-04,email,P020,Essential Bag 20,true,true,true,14,ROUTINE10,T004622,SEND002425
V010333,C00365,2025-02-16,email,P001,Daily Lamp 01,true,false,false,91,RESET10,,SEND002428
V010334,C00698,2025-10-22,paid_search,P015,Calm Cream 15,true,true,true,72,AUTUMN5,T005475,SEND002436
V010335,C00610,2025-11-24,email,P024,Modern Serum 24,false,false,false,266,GIFT10,,SEND002437
V010336,C00118,2025-08-07,paid_search,P024,Modern Serum 24,true,false,false,21,SUMMER5,,SEND002441
V010337,C00671,2025-12-03,paid_search,P026,Pure Band 26,true,false,false,245,HOLIDAY15,,SEND002449
V010338,C00197,2025-09-15,paid_search,P008,Modern Serum 08,true,false,false,113,AUTUMN5,,SEND002469
V010339,C00410,2025-08-13,email,P023,Calm Cream 23,true,false,false,49,ROUTINE10,,SEND002476
V010340,C00350,2025-01-30,email,P004,Essential Bag 04,true,true,true,133,RESET10,T000577,SEND002492
V010341,C00741,2025-11-28,email,P021,Bright Organizer 21,true,false,false,773,GIFT10,,SEND002497
V010342,C00408,2025-03-05,email,P030,Active Mat 30,true,true,false,153,RESET10,,SEND002507
V010343,C00379,2025-08-19,paid_search,P024,Modern Serum 24,true,false,false,97,SUMMER5,,SEND002518
V010344,C00064,2025-11-17,paid_search,P001,Daily Lamp 01,true,false,false,143,HOLIDAY15,,SEND002527
V010345,C00249,2025-11-14,email,P020,Essential Bag 20,true,false,false,37,GIFT10,,SEND002528
V010346,C00734,2025-11-16,paid_search,P004,Essential Bag 04,true,false,false,55,HOLIDAY15,,SEND002533
V010347,C00907,2025-09-03,email,P013,Bright Organizer 13,true,true,false,74,ROUTINE10,,SEND002534
V010348,C00157,2025-10-31,paid_search,P004,Essential Bag 04,false,false,false,154,AUTUMN5,,SEND002545
V010349,C00659,2025-06-06,email,P008,Modern Serum 08,true,false,false,44,MEMBER15,,SEND002551
V010350,C00510,2025-09-14,email,P006,Active Mat 06,true,false,false,562,ROUTINE10,,SEND002583
V010351,C00846,2025-07-30,paid_search,P004,Essential Bag 04,false,false,false,30,SUMMER5,,SEND002584
V010352,C00383,2025-09-19,paid_search,P006,Active Mat 06,true,false,false,13,AUTUMN5,,SEND002593
V010353,C00329,2025-07-11,email,P023,Calm Cream 23,true,true,true,183,MEMBER15,T003643,SEND002597
V010354,C00860,2025-07-03,paid_search,P019,Urban Bottle 19,true,false,false,124,SUMMER5,,SEND002604
V010355,C00595,2025-08-05,email,P001,Daily Lamp 01,true,false,false,33,ROUTINE10,,SEND002606
V010356,C00217,2025-09-29,email,P005,Bright Organizer 05,false,false,false,14,ROUTINE10,,SEND002611
V010357,C00286,2025-05-08,paid_search,P006,Active Mat 06,true,false,false,54,SPRING10,,SEND002620
V010358,C00376,2025-08-25,email,P019,Urban Bottle 19,false,false,false,149,ROUTINE10,,SEND002624
V010359,C00073,2025-03-06,paid_search,P029,Bright Organizer 29,true,true,true,43,SPRING10,T001205,SEND002631
V010360,C00952,2025-11-04,paid_search,P016,Modern Serum 16,true,false,false,104,AUTUMN5,,SEND002636
V010361,C00574,2025-01-25,email,P018,Pure Band 18,true,true,false,161,RESET10,,SEND002643
V010362,C00266,2025-05-30,email,P004,Essential Bag 04,false,false,false,233,MEMBER15,,SEND002653
V010363,C00193,2025-06-12,email,P024,Modern Serum 24,true,true,false,143,MEMBER15,,SEND002655
V010364,C00437,2025-09-01,paid_search,P002,Pure Band 02,true,false,false,82,SUMMER5,,SEND002680
V010365,C00965,2025-09-16,email,P007,Calm Cream 07,true,true,true,62,ROUTINE10,T004847,SEND002688
V010366,C00637,2025-11-15,paid_search,P004,Essential Bag 04,true,false,false,70,HOLIDAY15,,SEND002696
V010367,C00395,2025-09-15,email,P011,Urban Bottle 11,true,true,false,138,ROUTINE10,,SEND002698
V010368,C00774,2025-05-16,email,P026,Pure Band 26,true,false,false,119,MEMBER15,,SEND002706
V010369,C00580,2025-03-30,paid_search,P012,Essential Bag 12,true,true,true,26,SPRING10,T001703,SEND002719
V010370,C00319,2025-06-17,email,P030,Active Mat 30,true,true,false,21,MEMBER15,,SEND002720
V010371,C00065,2025-11-04,paid_search,P019,Urban Bottle 19,true,true,false,177,HOLIDAY15,,SEND002727
V010372,C00055,2025-05-23,email,P026,Pure Band 26,true,false,false,177,MEMBER15,,SEND002736
V010373,C00375,2025-07-19,paid_search,P006,Active Mat 06,false,false,false,86,SUMMER5,,SEND002737
V010374,C00377,2025-12-13,email,P017,Daily Lamp 17,true,false,false,662,GIFT10,,SEND002777
V010375,C00509,2025-12-29,paid_search,P019,Urban Bottle 19,false,false,false,73,HOLIDAY15,,SEND002782
V010376,C00400,2025-08-14,paid_search,P026,Pure Band 26,true,false,false,55,SUMMER5,,SEND002788
V010377,C00646,2025-04-01,paid_search,P018,Pure Band 18,true,false,false,109,SPRING10,,SEND002794
V010378,C00773,2025-11-24,paid_search,P001,Daily Lamp 01,false,false,false,42,HOLIDAY15,,SEND002800
V010379,C00298,2025-10-23,paid_search,P017,Daily Lamp 17,true,false,false,91,AUTUMN5,,SEND002805
V010380,C00337,2025-02-22,email,P025,Daily Lamp 25,true,true,true,65,RESET10,T000989,SEND002807
V010381,C00699,2025-11-11,email,P024,Modern Serum 24,true,false,false,629,GIFT10,,SEND002809
V010382,C00689,2025-09-11,email,P005,Bright Organizer 05,true,true,true,93,ROUTINE10,T004745,SEND002813
V010383,C00210,2025-11-24,paid_search,P026,Pure Band 26,true,false,false,300,HOLIDAY15,,SEND002818
V010384,C00485,2025-11-10,paid_search,P021,Bright Organizer 21,true,false,false,54,AUTUMN5,,SEND002820
V010385,C00177,2025-03-04,email,P010,Pure Band 10,true,false,false,58,RESET10,,SEND002823
V010386,C00904,2025-09-06,paid_search,P008,Modern Serum 08,true,false,false,168,AUTUMN5,,SEND002842
V010387,C00422,2025-08-18,paid_search,P008,Modern Serum 08,true,false,false,53,SUMMER5,,SEND002846
V010388,C00317,2025-04-21,paid_search,P010,Pure Band 10,true,false,false,191,SPRING10,,SEND002847
V010389,C00936,2025-05-09,email,P002,Pure Band 02,true,false,false,87,MEMBER15,,SEND002857
V010390,C00914,2025-05-27,email,P004,Essential Bag 04,false,false,false,183,MEMBER15,,SEND002861
V010391,C00520,2025-04-05,paid_search,P007,Calm Cream 07,true,false,false,54,SPRING10,,SEND002862
V010392,C00848,2025-03-01,email,P007,Calm Cream 07,true,false,false,362,RESET10,,SEND002868
V010393,C00245,2025-02-15,email,P018,Pure Band 18,true,false,false,216,RESET10,,SEND002870
V010394,C00110,2025-11-25,email,P030,Active Mat 30,true,true,false,28,GIFT10,,SEND002876
V010395,C00399,2025-06-01,email,P030,Active Mat 30,true,false,false,20,MEMBER15,,SEND002878
V010396,C00049,2025-05-20,email,P004,Essential Bag 04,true,true,false,40,MEMBER15,,SEND002881
V010397,C00054,2025-05-27,email,P005,Bright Organizer 05,true,false,false,154,MEMBER15,,SEND002883
V010398,C00524,2025-12-31,paid_search,P027,Urban Bottle 27,true,false,false,80,HOLIDAY15,,SEND002897
V010399,C00638,2025-10-29,paid_search,P017,Daily Lamp 17,true,false,false,72,AUTUMN5,,SEND002915
V010400,C00999,2025-11-26,email,P003,Urban Bottle 03,true,false,false,69,GIFT10,,SEND002925
V010401,C00004,2025-10-23,paid_search,P023,Calm Cream 23,true,false,false,89,AUTUMN5,,SEND002929
V010402,C00835,2025-11-23,email,P016,Modern Serum 16,false,false,false,27,GIFT10,,SEND002941
V010403,C00448,2025-06-15,email,P026,Pure Band 26,true,true,false,250,MEMBER15,,SEND002954
V010404,C00043,2025-09-25,email,P030,Active Mat 30,true,false,false,46,ROUTINE10,,SEND002955
V010405,C00282,2025-01-22,email,P026,Pure Band 26,true,false,false,41,RESET10,,SEND002963
V010406,C00657,2025-03-19,paid_search,P026,Pure Band 26,true,false,false,36,SPRING10,,SEND002984
V010407,C00112,2025-10-06,email,P012,Essential Bag 12,true,true,true,138,ROUTINE10,T005165,SEND002985
V010408,C00162,2025-09-01,email,P006,Active Mat 06,true,true,false,34,ROUTINE10,,SEND003004
V010409,C00207,2025-04-08,paid_search,P020,Essential Bag 20,true,false,false,105,SPRING10,,SEND003012
V010410,C00842,2025-06-29,paid_search,P029,Bright Organizer 29,true,false,false,32,SUMMER5,,SEND003018
V010411,C00811,2025-11-09,paid_search,P024,Modern Serum 24,true,false,false,21,AUTUMN5,,SEND003029
V010412,C00518,2025-11-13,email,P021,Bright Organizer 21,true,false,false,67,GIFT10,,SEND003031
V010413,C00897,2025-05-15,email,P016,Modern Serum 16,true,true,true,83,MEMBER15,T002559,SEND003042
V010414,C00906,2025-11-18,paid_search,P028,Essential Bag 28,true,false,false,67,HOLIDAY15,,SEND003067
V010415,C00704,2025-06-30,email,P026,Pure Band 26,true,false,false,73,MEMBER15,,SEND003078
V010416,C00051,2025-11-03,paid_search,P007,Calm Cream 07,true,true,false,78,AUTUMN5,,SEND003090
V010417,C00211,2025-12-01,email,P029,Bright Organizer 29,true,true,true,168,GIFT10,T006103,SEND003094
V010418,C00127,2025-12-31,paid_search,P028,Essential Bag 28,false,false,false,29,HOLIDAY15,,SEND003104
V010419,C00507,2025-06-01,email,P009,Daily Lamp 09,true,false,false,87,MEMBER15,,SEND003106
V010420,C00707,2025-12-02,email,P021,Bright Organizer 21,true,true,false,79,GIFT10,,SEND003110
V010421,C00490,2025-02-16,email,P023,Calm Cream 23,true,false,false,40,RESET10,,SEND003112
V010422,C00145,2025-06-02,email,P024,Modern Serum 24,true,false,false,145,MEMBER15,,SEND003119
V010423,C00158,2025-11-30,email,P025,Daily Lamp 25,true,false,false,32,GIFT10,,SEND003144
V010424,C00022,2025-11-20,email,P024,Modern Serum 24,false,false,false,66,GIFT10,,SEND003153
V010425,C00440,2025-10-07,email,P025,Daily Lamp 25,true,false,false,82,ROUTINE10,,SEND003164
V010426,C00967,2025-11-20,email,P024,Modern Serum 24,true,true,true,236,GIFT10,T005959,SEND003172
V010427,C00676,2025-12-02,email,P024,Modern Serum 24,true,true,true,53,GIFT10,T006119,SEND003176
V010428,C00565,2025-04-12,paid_search,P030,Active Mat 30,true,true,false,277,SPRING10,,SEND003186
V010429,C00523,2025-12-03,paid_search,P023,Calm Cream 23,true,false,false,76,HOLIDAY15,,SEND003188
V010430,C00134,2025-12-04,email,P024,Modern Serum 24,true,false,false,87,GIFT10,,SEND003202
V010431,C00566,2025-11-28,email,P022,Active Mat 22,true,true,true,124,GIFT10,T006071,SEND003207
V010432,C00825,2025-10-11,paid_search,P019,Urban Bottle 19,true,false,false,83,AUTUMN5,,SEND003211
V010433,C00391,2025-11-15,email,P016,Modern Serum 16,true,false,false,112,GIFT10,,SEND003221
V010434,C00560,2025-10-21,paid_search,P010,Pure Band 10,true,false,false,189,AUTUMN5,,SEND003229
V010435,C00759,2025-08-27,email,P027,Urban Bottle 27,true,true,true,35,ROUTINE10,T004478,SEND003233
V010436,C00666,2025-11-11,email,P011,Urban Bottle 11,true,true,false,64,GIFT10,,SEND003237
V010437,C00207,2025-08-09,email,P011,Urban Bottle 11,true,false,false,55,ROUTINE10,,SEND003241
V010438,C00437,2025-05-01,paid_search,P005,Bright Organizer 05,true,false,false,92,SPRING10,,SEND003244
V010439,C00668,2025-02-22,email,P012,Essential Bag 12,true,false,false,56,RESET10,,SEND003245
V010440,C00150,2025-12-12,email,P013,Bright Organizer 13,true,true,true,83,GIFT10,T006319,SEND003250
V010441,C00418,2025-11-19,email,P029,Bright Organizer 29,true,false,false,113,GIFT10,,SEND003269
V010442,C00294,2025-11-25,email,P005,Bright Organizer 05,false,false,false,211,GIFT10,,SEND003276
V010443,C00696,2025-04-16,paid_search,P022,Active Mat 22,true,false,false,34,SPRING10,,SEND003287
V010444,C00465,2025-12-01,paid_search,P021,Bright Organizer 21,true,true,true,51,HOLIDAY15,T006096,SEND003292
V010445,C00917,2025-09-09,email,P001,Daily Lamp 01,true,true,false,30,ROUTINE10,,SEND003296
V010446,C00958,2025-11-03,paid_search,P003,Urban Bottle 03,true,false,false,233,AUTUMN5,,SEND003301
V010447,C00792,2025-06-06,email,P012,Essential Bag 12,true,false,false,320,MEMBER15,,SEND003305
V010448,C00269,2025-09-29,email,P013,Bright Organizer 13,true,false,false,17,ROUTINE10,,SEND003307
V010449,C00640,2025-04-10,paid_search,P018,Pure Band 18,true,true,false,195,SPRING10,,SEND003308
V010450,C00764,2025-03-23,paid_search,P015,Calm Cream 15,true,false,false,48,SPRING10,,SEND003309
V010451,C00164,2025-02-13,email,P021,Bright Organizer 21,true,false,false,176,RESET10,,SEND003320
V010452,C00545,2025-11-02,email,P015,Calm Cream 15,true,false,false,97,GIFT10,,SEND003324
V010453,C00279,2025-12-27,paid_search,P018,Pure Band 18,false,false,false,192,HOLIDAY15,,SEND003327
V010454,C00089,2025-09-24,paid_search,P020,Essential Bag 20,true,false,false,349,AUTUMN5,,SEND003329
V010455,C00472,2025-06-11,paid_search,P020,Essential Bag 20,true,true,false,76,SUMMER5,,SEND003341
V010456,C00970,2025-09-20,email,P029,Bright Organizer 29,true,false,false,86,ROUTINE10,,SEND003345
V010457,C00645,2025-06-02,email,P019,Urban Bottle 19,true,true,true,323,MEMBER15,T002926,SEND003346
V010458,C00967,2025-06-22,email,P017,Daily Lamp 17,true,true,true,125,MEMBER15,T003297,SEND003347
V010459,C00316,2025-12-04,paid_search,P029,Bright Organizer 29,true,true,false,79,HOLIDAY15,,SEND003349
V010460,C00711,2025-06-09,email,P023,Calm Cream 23,true,false,false,49,MEMBER15,,SEND003360
V010461,C00480,2025-11-27,email,P025,Daily Lamp 25,true,false,false,99,GIFT10,,SEND003364
V010462,C00082,2025-03-15,paid_search,P022,Active Mat 22,true,true,true,58,SPRING10,T001396,SEND003370
V010463,C00781,2025-05-03,paid_search,P006,Active Mat 06,true,true,false,72,SPRING10,,SEND003376
V010464,C00668,2025-11-09,email,P020,Essential Bag 20,true,true,false,46,GIFT10,,SEND003378
V010465,C00016,2025-04-26,paid_search,P025,Daily Lamp 25,true,false,false,48,SPRING10,,SEND003391
V010466,C00569,2025-01-13,email,P027,Urban Bottle 27,true,false,false,39,RESET10,,SEND003398
V010467,C00634,2025-09-10,paid_search,P026,Pure Band 26,true,false,false,16,AUTUMN5,,SEND003404
V010468,C00934,2025-07-04,email,P028,Essential Bag 28,true,true,false,117,MEMBER15,,SEND003405
V010469,C00162,2025-06-15,paid_search,P016,Modern Serum 16,true,false,false,68,SUMMER5,,SEND003412
V010470,C00579,2025-06-16,paid_search,P025,Daily Lamp 25,true,false,false,83,SUMMER5,,SEND003430
V010471,C00853,2025-01-14,email,P014,Active Mat 14,true,true,false,64,RESET10,,SEND003431
V010472,C00821,2025-02-18,email,P003,Urban Bottle 03,true,false,false,101,RESET10,,SEND003432
V010473,C00077,2025-08-16,email,P025,Daily Lamp 25,true,false,false,84,ROUTINE10,,SEND003449
V010474,C00777,2025-09-30,paid_search,P025,Daily Lamp 25,true,false,false,56,AUTUMN5,,SEND003461
V010475,C00582,2025-07-02,email,P001,Daily Lamp 01,true,false,false,229,MEMBER15,,SEND003465
V010476,C00535,2025-11-21,email,P025,Daily Lamp 25,true,true,true,53,GIFT10,T005970,SEND003485
V010477,C00326,2025-03-31,paid_search,P019,Urban Bottle 19,true,false,false,475,SPRING10,,SEND003487
V010478,C00049,2025-11-29,email,P024,Modern Serum 24,false,false,false,126,GIFT10,,SEND003488
V010479,C00110,2025-09-29,paid_search,P029,Bright Organizer 29,true,false,false,76,AUTUMN5,,SEND003490
V010480,C00438,2025-06-09,email,P017,Daily Lamp 17,true,false,false,229,MEMBER15,,SEND003504
V010481,C00479,2025-06-21,paid_search,P027,Urban Bottle 27,true,false,false,175,SUMMER5,,SEND003506
V010482,C00314,2025-09-06,paid_search,P005,Bright Organizer 05,true,true,true,15,SUMMER5,T004652,SEND003510
V010483,C00096,2025-06-16,email,P005,Bright Organizer 05,true,true,false,304,MEMBER15,,SEND003523
V010484,C00073,2025-05-31,email,P008,Modern Serum 08,true,true,true,304,MEMBER15,T002894,SEND003536
V010485,C00913,2025-09-16,email,P023,Calm Cream 23,true,false,false,287,ROUTINE10,,SEND003537
V010486,C00596,2025-10-29,paid_search,P001,Daily Lamp 01,false,false,false,302,AUTUMN5,,SEND003539
V010487,C00184,2025-05-16,email,P012,Essential Bag 12,true,true,false,33,MEMBER15,,SEND003540
V010488,C00123,2025-08-19,email,P006,Active Mat 06,true,false,false,126,ROUTINE10,,SEND003554
V010489,C00432,2025-11-09,email,P016,Modern Serum 16,true,true,false,32,GIFT10,,SEND003560
V010490,C00085,2025-06-14,email,P026,Pure Band 26,true,false,false,58,MEMBER15,,SEND003577
V010491,C00886,2025-06-05,email,P017,Daily Lamp 17,true,false,false,120,MEMBER15,,SEND003584
V010492,C00252,2025-10-01,email,P017,Daily Lamp 17,true,true,false,105,ROUTINE10,,SEND003590
V010493,C00856,2025-06-18,paid_search,P003,Urban Bottle 03,true,false,false,114,SUMMER5,,SEND003593
V010494,C00068,2025-09-14,email,P018,Pure Band 18,true,false,false,122,ROUTINE10,,SEND003596
V010495,C00745,2025-09-03,paid_search,P005,Bright Organizer 05,true,true,true,148,SUMMER5,T004587,SEND003597
V010496,C00558,2025-09-20,paid_search,P027,Urban Bottle 27,true,true,false,151,AUTUMN5,,SEND003618
V010497,C00647,2025-11-18,email,P027,Urban Bottle 27,true,true,true,107,GIFT10,T005927,SEND003633
V010498,C00104,2025-10-30,paid_search,P004,Essential Bag 04,false,false,false,170,AUTUMN5,,SEND003634
V010499,C00733,2025-06-16,email,P005,Bright Organizer 05,true,false,false,95,MEMBER15,,SEND003635
V010500,C00188,2025-07-03,paid_search,P020,Essential Bag 20,true,true,true,466,SUMMER5,T003498,SEND003640
V010501,C00733,2025-09-12,email,P010,Pure Band 10,true,true,false,202,ROUTINE10,,SEND003642
V010502,C00641,2025-12-15,paid_search,P009,Daily Lamp 09,true,false,false,171,HOLIDAY15,,SEND003645
V010503,C00484,2025-02-22,email,P003,Urban Bottle 03,true,false,false,290,RESET10,,SEND003654
V010504,C00131,2025-10-21,paid_search,P030,Active Mat 30,true,true,true,100,AUTUMN5,T005458,SEND003656
V010505,C00448,2025-02-12,email,P007,Calm Cream 07,true,true,true,81,RESET10,T000793,SEND003662
V010506,C00285,2025-09-03,email,P014,Active Mat 14,true,true,true,78,ROUTINE10,T004593,SEND003677
V010507,C00745,2025-09-15,paid_search,P025,Daily Lamp 25,true,true,false,112,AUTUMN5,,SEND003681
V010508,C00183,2025-10-28,paid_search,P025,Daily Lamp 25,true,false,false,79,AUTUMN5,,SEND003683
V010509,C00137,2025-02-27,email,P027,Urban Bottle 27,true,false,false,83,RESET10,,SEND003687
V010510,C00502,2025-06-20,email,P026,Pure Band 26,true,false,false,37,MEMBER15,,SEND003691
V010511,C00565,2025-03-10,email,P011,Urban Bottle 11,true,true,true,18,RESET10,T001294,SEND003695
V010512,C00662,2025-12-14,email,P018,Pure Band 18,true,true,false,117,GIFT10,,SEND003699
V010513,C00707,2025-10-15,paid_search,P002,Pure Band 02,true,false,false,109,AUTUMN5,,SEND003708
V010514,C00835,2025-07-25,paid_search,P028,Essential Bag 28,true,false,false,131,SUMMER5,,SEND003710
V010515,C00400,2025-11-18,email,P013,Bright Organizer 13,true,true,true,161,GIFT10,T005929,SEND003716
V010516,C00999,2025-09-23,email,P006,Active Mat 06,true,false,false,66,ROUTINE10,,SEND003723
V010517,C00781,2025-09-07,paid_search,P009,Daily Lamp 09,true,true,false,110,SUMMER5,,SEND003725
V010518,C00760,2025-11-24,email,P024,Modern Serum 24,false,false,false,78,GIFT10,,SEND003735
V010519,C00140,2025-12-31,paid_search,P004,Essential Bag 04,false,false,false,154,HOLIDAY15,,SEND003763
V010520,C00741,2025-11-19,email,P012,Essential Bag 12,false,false,false,78,GIFT10,,SEND003765
V010521,C00986,2025-07-13,paid_search,P021,Bright Organizer 21,true,false,false,100,SUMMER5,,SEND003777
V010522,C00638,2025-12-25,paid_search,P030,Active Mat 30,true,false,false,119,HOLIDAY15,,SEND003787
V010523,C00219,2025-10-19,paid_search,P009,Daily Lamp 09,true,false,false,57,AUTUMN5,,SEND003800
V010524,C00492,2025-03-16,paid_search,P020,Essential Bag 20,true,false,false,41,SPRING10,,SEND003808
V010525,C00654,2025-09-30,paid_search,P004,Essential Bag 04,false,false,false,91,AUTUMN5,,SEND003820
V010526,C00617,2025-11-27,paid_search,P010,Pure Band 10,true,false,false,24,HOLIDAY15,,SEND003826
V010527,C00838,2025-12-08,email,P028,Essential Bag 28,true,true,true,18,GIFT10,T006230,SEND003833
V010528,C00755,2025-11-09,paid_search,P029,Bright Organizer 29,true,true,true,270,AUTUMN5,T005762,SEND003845
V010529,C00509,2025-09-15,email,P024,Modern Serum 24,true,false,false,120,ROUTINE10,,SEND003854
V010530,C00600,2025-05-08,paid_search,P023,Calm Cream 23,true,false,false,69,SPRING10,,SEND003857
V010531,C00205,2025-12-24,paid_search,P022,Active Mat 22,true,true,true,23,HOLIDAY15,T006487,SEND003862
V010532,C00178,2025-09-18,paid_search,P018,Pure Band 18,true,true,false,314,AUTUMN5,,SEND003874
V010533,C00087,2025-04-27,paid_search,P030,Active Mat 30,true,false,false,82,SPRING10,,SEND003875
V010534,C00409,2025-11-26,email,P005,Bright Organizer 05,false,false,false,235,GIFT10,,SEND003884
V010535,C00840,2025-07-05,paid_search,P003,Urban Bottle 03,true,true,true,52,SUMMER5,T003551,SEND003903
V010536,C00310,2025-09-07,email,P021,Bright Organizer 21,true,false,false,38,ROUTINE10,,SEND003911
V010537,C00294,2025-05-27,email,P030,Active Mat 30,true,false,false,51,MEMBER15,,SEND003935
V010538,C00226,2025-03-18,paid_search,P028,Essential Bag 28,true,true,false,208,SPRING10,,SEND003939
V010539,C00234,2025-06-28,email,P016,Modern Serum 16,true,true,true,236,MEMBER15,T003417,SEND003941
V010540,C00612,2025-03-02,email,P016,Modern Serum 16,true,false,false,85,RESET10,,SEND003966
V010541,C00655,2025-08-08,email,P019,Urban Bottle 19,true,false,false,180,ROUTINE10,,SEND003967
V010542,C00572,2025-11-17,email,P016,Modern Serum 16,false,false,false,137,GIFT10,,SEND003973
V010543,C00531,2025-12-10,paid_search,P027,Urban Bottle 27,true,false,false,90,HOLIDAY15,,SEND003975
V010544,C00732,2025-03-25,paid_search,P025,Daily Lamp 25,true,false,false,252,SPRING10,,SEND003976
V010545,C00694,2025-11-05,paid_search,P008,Modern Serum 08,true,true,true,141,AUTUMN5,T005687,SEND003997
V010546,C00196,2025-02-09,email,P001,Daily Lamp 01,true,false,false,75,RESET10,,SEND003999
V010547,C00040,2025-11-26,paid_search,P019,Urban Bottle 19,false,false,false,65,HOLIDAY15,,SEND004000
V010548,C00731,2025-11-08,email,P013,Bright Organizer 13,true,false,false,87,GIFT10,,SEND004005
V010549,C00753,2025-01-26,email,P012,Essential Bag 12,true,true,true,166,RESET10,T000475,SEND004006
V010550,C00316,2025-03-11,paid_search,P029,Bright Organizer 29,true,true,false,43,SPRING10,,SEND004022
V010551,C00939,2025-03-16,paid_search,P022,Active Mat 22,true,true,true,35,SPRING10,T001412,SEND004033
V010552,C00944,2025-10-26,paid_search,P003,Urban Bottle 03,true,false,false,21,AUTUMN5,,SEND004055
V010553,C00591,2025-09-25,paid_search,P011,Urban Bottle 11,true,false,false,105,AUTUMN5,,SEND004057
V010554,C00651,2025-11-01,email,P002,Pure Band 02,true,true,true,70,GIFT10,T005610,SEND004061
V010555,C00833,2025-05-12,email,P014,Active Mat 14,true,false,false,148,MEMBER15,,SEND004064
V010556,C00828,2025-12-03,email,P011,Urban Bottle 11,true,false,false,44,GIFT10,,SEND004066
V010557,C00924,2025-06-27,email,P024,Modern Serum 24,true,false,false,226,MEMBER15,,SEND004075
V010558,C00617,2025-10-31,paid_search,P026,Pure Band 26,false,false,false,66,AUTUMN5,,SEND004076
V010559,C00021,2025-09-21,email,P027,Urban Bottle 27,true,false,false,214,ROUTINE10,,SEND004077
V010560,C00350,2025-01-19,email,P009,Daily Lamp 09,true,true,false,46,RESET10,,SEND004084
V010561,C00461,2025-04-17,paid_search,P014,Active Mat 14,true,true,false,187,SPRING10,,SEND004087
V010562,C00102,2025-11-06,paid_search,P017,Daily Lamp 17,true,false,false,88,AUTUMN5,,SEND004100
V010563,C00753,2025-04-08,paid_search,P022,Active Mat 22,true,false,false,256,SPRING10,,SEND004109
V010564,C00639,2025-05-12,email,P013,Bright Organizer 13,true,true,true,92,MEMBER15,T002504,SEND004111
V010565,C00910,2025-12-30,paid_search,P021,Bright Organizer 21,true,false,false,100,HOLIDAY15,,SEND004115
V010566,C00666,2025-02-19,email,P017,Daily Lamp 17,true,true,false,145,RESET10,,SEND004124
V010567,C00216,2025-09-16,email,P025,Daily Lamp 25,true,false,false,52,ROUTINE10,,SEND004135
V010568,C00459,2025-11-17,paid_search,P015,Calm Cream 15,true,false,false,54,HOLIDAY15,,SEND004138
V010569,C00596,2025-09-28,email,P013,Bright Organizer 13,true,false,false,137,ROUTINE10,,SEND004152
V010570,C00498,2025-12-03,email,P018,Pure Band 18,true,false,false,425,GIFT10,,SEND004167
V010571,C00205,2025-05-03,email,P017,Daily Lamp 17,true,true,true,21,MEMBER15,T002346,SEND004172
V010572,C00570,2025-11-27,paid_search,P023,Calm Cream 23,true,false,false,130,HOLIDAY15,,SEND004175
V010573,C00938,2025-11-29,paid_search,P005,Bright Organizer 05,false,false,false,62,HOLIDAY15,,SEND004177
V010574,C00822,2025-09-01,paid_search,P003,Urban Bottle 03,true,false,false,149,SUMMER5,,SEND004178
V010575,C00103,2025-09-15,paid_search,P024,Modern Serum 24,true,false,false,76,AUTUMN5,,SEND004182
V010576,C00460,2025-01-19,email,P007,Calm Cream 07,true,false,false,168,RESET10,,SEND004183
V010577,C00210,2025-11-09,paid_search,P024,Modern Serum 24,true,true,false,43,HOLIDAY15,,SEND004187
V010578,C00896,2025-06-27,paid_search,P014,Active Mat 14,true,false,false,138,SUMMER5,,SEND004198
V010579,C00577,2025-08-14,paid_search,P025,Daily Lamp 25,true,false,false,51,SUMMER5,,SEND004209
V010580,C00604,2025-06-13,email,P015,Calm Cream 15,true,false,false,46,MEMBER15,,SEND004211
V010581,C00723,2025-09-14,email,P013,Bright Organizer 13,true,false,false,57,ROUTINE10,,SEND004213
V010582,C00560,2025-06-22,email,P008,Modern Serum 08,true,false,false,111,MEMBER15,,SEND004214
V010583,C00549,2025-04-16,paid_search,P024,Modern Serum 24,true,false,false,181,SPRING10,,SEND004219
V010584,C00687,2025-06-22,paid_search,P020,Essential Bag 20,true,true,true,82,SUMMER5,T003306,SEND004230
V010585,C00913,2025-08-11,email,P007,Calm Cream 07,true,false,false,129,ROUTINE10,,SEND004241
V010586,C00448,2025-06-12,email,P016,Modern Serum 16,true,true,true,650,MEMBER15,T003108,SEND004256
V010587,C00279,2025-01-19,email,P016,Modern Serum 16,true,false,false,33,RESET10,,SEND004263
V010588,C00793,2025-08-02,paid_search,P011,Urban Bottle 11,true,false,false,485,SUMMER5,,SEND004267
V010589,C00218,2025-06-29,email,P014,Active Mat 14,true,true,true,45,MEMBER15,T003425,SEND004271
V010590,C00078,2025-11-24,email,P014,Active Mat 14,false,false,false,285,GIFT10,,SEND004274
V010591,C00329,2025-06-28,paid_search,P030,Active Mat 30,true,true,true,39,SUMMER5,T003420,SEND004277
V010592,C00352,2025-02-15,email,P018,Pure Band 18,true,false,false,77,RESET10,,SEND004280
V010593,C00212,2025-03-19,paid_search,P024,Modern Serum 24,true,true,false,32,SPRING10,,SEND004292
V010594,C00475,2025-12-27,paid_search,P020,Essential Bag 20,true,false,false,82,HOLIDAY15,,SEND004319
V010595,C00300,2025-11-10,email,P001,Daily Lamp 01,true,false,false,321,GIFT10,,SEND004327
V010596,C00946,2025-11-11,email,P009,Daily Lamp 09,true,false,false,45,GIFT10,,SEND004328
V010597,C00888,2025-11-08,paid_search,P013,Bright Organizer 13,true,true,true,67,AUTUMN5,T005742,SEND004334
V010598,C00812,2025-08-18,email,P029,Bright Organizer 29,true,true,false,78,ROUTINE10,,SEND004342
V010599,C00374,2025-11-14,email,P012,Essential Bag 12,true,true,true,90,GIFT10,T005872,SEND004344
V010600,C00382,2025-06-04,email,P020,Essential Bag 20,true,true,false,186,MEMBER15,,SEND004355
V010601,C00523,2025-08-18,paid_search,P001,Daily Lamp 01,false,false,false,46,SUMMER5,,SEND004356
V010602,C00862,2025-04-28,paid_search,P028,Essential Bag 28,true,true,true,24,SPRING10,T002256,SEND004374
V010603,C00011,2025-11-13,email,P014,Active Mat 14,true,false,false,90,GIFT10,,SEND004389
V010604,C00428,2025-09-24,email,P001,Daily Lamp 01,true,true,true,61,ROUTINE10,T004967,SEND004404
V010605,C00123,2025-12-12,email,P028,Essential Bag 28,true,false,false,92,GIFT10,,SEND004428
V010606,C00737,2025-12-02,email,P024,Modern Serum 24,true,false,false,409,GIFT10,,SEND004429
V010607,C00328,2025-10-02,paid_search,P019,Urban Bottle 19,true,false,false,90,AUTUMN5,,SEND004435
V010608,C00888,2025-09-24,email,P010,Pure Band 10,true,false,false,440,ROUTINE10,,SEND004438
V010609,C00010,2025-08-23,email,P027,Urban Bottle 27,true,false,false,487,ROUTINE10,,SEND004458
V010610,C00087,2025-06-22,email,P009,Daily Lamp 09,true,false,false,98,MEMBER15,,SEND004460
V010611,C00606,2025-06-18,email,P016,Modern Serum 16,true,false,false,52,MEMBER15,,SEND004472
V010612,C00172,2025-11-15,email,P003,Urban Bottle 03,true,false,false,60,GIFT10,,SEND004475
V010613,C00694,2025-11-18,email,P022,Active Mat 22,true,true,true,74,GIFT10,T005928,SEND004479
V010614,C00523,2025-09-22,email,P024,Modern Serum 24,true,false,false,99,ROUTINE10,,SEND004485
V010615,C00987,2025-04-22,paid_search,P016,Modern Serum 16,true,false,false,48,SPRING10,,SEND004490
V010616,C00074,2025-02-05,email,P026,Pure Band 26,true,false,false,227,RESET10,,SEND004491
V010617,C00902,2025-09-01,email,P027,Urban Bottle 27,true,false,false,69,ROUTINE10,,SEND004494
V010618,C00232,2025-10-23,paid_search,P013,Bright Organizer 13,true,false,false,235,AUTUMN5,,SEND004498
V010619,C00684,2025-06-12,email,P026,Pure Band 26,true,false,false,134,MEMBER15,,SEND004507
V010620,C00409,2025-05-03,paid_search,P015,Calm Cream 15,true,false,false,233,SPRING10,,SEND004516
V010621,C00024,2025-12-11,email,P029,Bright Organizer 29,true,false,false,54,GIFT10,,SEND004526
V010622,C00969,2025-04-23,paid_search,P004,Essential Bag 04,true,false,false,79,SPRING10,,SEND004547
V010623,C00654,2025-09-21,email,P008,Modern Serum 08,true,false,false,308,ROUTINE10,,SEND004548
V010624,C00490,2025-11-22,paid_search,P009,Daily Lamp 09,true,true,true,26,HOLIDAY15,T005985,SEND004555
V010625,C00288,2025-11-20,email,P015,Calm Cream 15,true,true,true,197,GIFT10,T005951,SEND004557
V010626,C00083,2025-11-25,email,P025,Daily Lamp 25,true,false,false,71,GIFT10,,SEND004558
V010627,C00598,2025-06-12,email,P002,Pure Band 02,true,true,false,451,MEMBER15,,SEND004571
V010628,C00064,2025-01-21,email,P019,Urban Bottle 19,true,true,false,138,RESET10,,SEND004575
V010629,C00346,2025-03-24,paid_search,P002,Pure Band 02,true,true,false,32,SPRING10,,SEND004588
V010630,C00687,2025-11-19,email,P013,Bright Organizer 13,true,false,false,171,GIFT10,,SEND004610
V010631,C00378,2025-06-23,paid_search,P004,Essential Bag 04,true,true,false,153,SUMMER5,,SEND004624
V010632,C00207,2025-04-05,paid_search,P004,Essential Bag 04,true,true,false,207,SPRING10,,SEND004626
V010633,C00188,2025-09-09,email,P015,Calm Cream 15,true,false,false,128,ROUTINE10,,SEND004638
V010634,C00752,2025-08-21,paid_search,P010,Pure Band 10,true,false,false,51,SUMMER5,,SEND004643
V010635,C00745,2025-06-16,paid_search,P014,Active Mat 14,true,true,false,33,SUMMER5,,SEND004648
V010636,C00934,2025-04-10,paid_search,P025,Daily Lamp 25,true,true,true,778,SPRING10,T001944,SEND004653
V010637,C00254,2025-02-28,email,P019,Urban Bottle 19,true,false,false,283,RESET10,,SEND004660
V010638,C00211,2025-11-24,paid_search,P007,Calm Cream 07,true,true,false,81,HOLIDAY15,,SEND004665
V010639,C00827,2025-04-08,paid_search,P022,Active Mat 22,true,false,false,22,SPRING10,,SEND004667
V010640,C00899,2025-03-11,paid_search,P003,Urban Bottle 03,true,true,true,24,SPRING10,T001312,SEND004682
V010641,C00114,2025-07-29,paid_search,P012,Essential Bag 12,false,false,false,128,SUMMER5,,SEND004688
V010642,C00509,2025-10-18,paid_search,P026,Pure Band 26,true,false,false,62,AUTUMN5,,SEND004698
V010643,C00251,2025-11-30,email,P019,Urban Bottle 19,false,false,false,57,GIFT10,,SEND004707
V010644,C00427,2025-06-22,email,P017,Daily Lamp 17,true,false,false,24,MEMBER15,,SEND004713
V010645,C00878,2025-11-21,paid_search,P016,Modern Serum 16,false,false,false,174,HOLIDAY15,,SEND004725
V010646,C00037,2025-07-07,paid_search,P012,Essential Bag 12,true,true,false,114,SUMMER5,,SEND004726
V010647,C00364,2025-10-25,paid_search,P014,Active Mat 14,false,false,false,26,AUTUMN5,,SEND004727
V010648,C00094,2025-08-21,email,P025,Daily Lamp 25,true,false,false,57,ROUTINE10,,SEND004728
V010649,C00888,2025-12-04,email,P016,Modern Serum 16,true,false,false,49,GIFT10,,SEND004730
V010650,C00381,2025-06-03,email,P007,Calm Cream 07,true,false,false,86,MEMBER15,,SEND004731
V010651,C00869,2025-09-18,email,P029,Bright Organizer 29,true,true,true,191,ROUTINE10,T004865,SEND004733
V010652,C00560,2025-10-31,paid_search,P010,Pure Band 10,true,false,false,137,AUTUMN5,,SEND004748
V010653,C00444,2025-10-12,paid_search,P016,Modern Serum 16,true,false,false,48,AUTUMN5,,SEND004750
V010654,C00178,2025-06-28,paid_search,P022,Active Mat 22,true,false,false,38,SUMMER5,,SEND004753
V010655,C00193,2025-02-12,email,P022,Active Mat 22,true,false,false,51,RESET10,,SEND004757
V010656,C00269,2025-12-10,paid_search,P030,Active Mat 30,true,false,false,514,HOLIDAY15,,SEND004760
V010657,C00828,2025-02-21,email,P021,Bright Organizer 21,true,true,false,311,RESET10,,SEND004769
V010658,C00524,2025-02-14,email,P029,Bright Organizer 29,true,true,true,224,RESET10,T000830,SEND004782
V010659,C00957,2025-06-12,paid_search,P001,Daily Lamp 01,true,true,true,53,SUMMER5,T003107,SEND004789
V010660,C00133,2025-12-31,paid_search,P001,Daily Lamp 01,false,false,false,71,HOLIDAY15,,SEND004793
V010661,C00841,2025-06-08,email,P013,Bright Organizer 13,true,false,false,44,MEMBER15,,SEND004796
V010662,C00738,2025-05-10,paid_search,P001,Daily Lamp 01,true,false,false,24,SPRING10,,SEND004797
V010663,C00414,2025-12-19,paid_search,P008,Modern Serum 08,true,true,false,18,HOLIDAY15,,SEND004803
V010664,C00409,2025-08-24,email,P011,Urban Bottle 11,true,true,true,433,ROUTINE10,T004444,SEND004813
V010665,C00813,2025-05-11,paid_search,P030,Active Mat 30,true,false,false,149,SPRING10,,SEND004815
V010666,C00420,2025-02-10,email,P005,Bright Organizer 05,true,false,false,168,RESET10,,SEND004816
V010667,C00278,2025-11-14,paid_search,P028,Essential Bag 28,true,false,false,75,HOLIDAY15,,SEND004817
V010668,C00295,2025-10-05,paid_search,P019,Urban Bottle 19,true,true,true,76,AUTUMN5,T005146,SEND004824
V010669,C00226,2025-08-15,email,P025,Daily Lamp 25,true,true,true,124,ROUTINE10,T004286,SEND004829
V010670,C00294,2025-05-17,email,P009,Daily Lamp 09,true,true,true,130,MEMBER15,T002595,SEND004844
V010671,C00635,2025-12-14,paid_search,P017,Daily Lamp 17,true,true,true,79,HOLIDAY15,T006343,SEND004846
V010672,C00705,2025-02-26,email,P019,Urban Bottle 19,true,false,false,185,RESET10,,SEND004850
V010673,C00389,2025-03-21,paid_search,P011,Urban Bottle 11,true,false,false,46,SPRING10,,SEND004859
V010674,C00389,2025-11-14,email,P011,Urban Bottle 11,true,false,false,23,GIFT10,,SEND004863
V010675,C00226,2025-07-28,paid_search,P012,Essential Bag 12,false,false,false,65,SUMMER5,,SEND004867
V010676,C00945,2025-09-11,paid_search,P029,Bright Organizer 29,true,false,false,127,AUTUMN5,,SEND004873
V010677,C00430,2025-03-06,email,P012,Essential Bag 12,true,false,false,1058,RESET10,,SEND004892
V010678,C00714,2025-02-13,email,P016,Modern Serum 16,true,true,false,110,RESET10,,SEND004900
V010679,C00803,2025-11-04,paid_search,P024,Modern Serum 24,true,true,true,257,HOLIDAY15,T005659,SEND004907
V010680,C00980,2025-05-10,email,P024,Modern Serum 24,true,false,false,195,MEMBER15,,SEND004908
V010681,C00160,2025-12-06,paid_search,P010,Pure Band 10,true,false,false,214,HOLIDAY15,,SEND004913
V010682,C00930,2025-02-01,email,P016,Modern Serum 16,true,false,false,120,RESET10,,SEND004927
V010683,C00887,2025-07-02,email,P021,Bright Organizer 21,true,false,false,60,MEMBER15,,SEND004930
V010684,C00189,2025-01-18,email,P019,Urban Bottle 19,true,false,false,105,RESET10,,SEND004937
V010685,C00735,2025-02-26,email,P001,Daily Lamp 01,true,false,false,26,RESET10,,SEND004943
V010686,C00367,2025-05-12,email,P028,Essential Bag 28,true,false,false,56,MEMBER15,,SEND004947
V010687,C00269,2025-09-12,email,P030,Active Mat 30,true,true,true,44,ROUTINE10,T004771,SEND004958
V010688,C00138,2025-04-27,paid_search,P018,Pure Band 18,true,true,true,130,SPRING10,T002233,SEND004967
V010689,C00110,2025-08-27,email,P018,Pure Band 18,true,false,false,44,ROUTINE10,,SEND004973
V010690,C00976,2025-12-31,paid_search,P023,Calm Cream 23,false,false,false,8,HOLIDAY15,,SEND004993
V010691,C00757,2025-08-24,email,P016,Modern Serum 16,true,false,false,189,ROUTINE10,,SEND004997
V010692,C00015,2025-08-21,email,P030,Active Mat 30,true,false,false,298,ROUTINE10,,SEND005002
V010693,C00601,2025-01-25,email,P021,Bright Organizer 21,true,true,false,40,RESET10,,SEND005005
V010694,C00786,2025-10-11,paid_search,P002,Pure Band 02,true,false,false,28,AUTUMN5,,SEND005006
V010695,C00241,2025-02-21,email,P028,Essential Bag 28,true,false,false,59,RESET10,,SEND005008
V010696,C00448,2025-12-22,paid_search,P003,Urban Bottle 03,true,true,true,20,HOLIDAY15,T006460,SEND005012
V010697,C00262,2025-11-03,paid_search,P022,Active Mat 22,true,false,false,28,AUTUMN5,,SEND005015
V010698,C00004,2025-09-30,email,P024,Modern Serum 24,false,false,false,172,ROUTINE10,,SEND005021
V010699,C00793,2025-03-27,paid_search,P007,Calm Cream 07,true,true,true,29,SPRING10,T001641,SEND005023
V010700,C00641,2025-07-07,paid_search,P024,Modern Serum 24,true,false,false,41,SUMMER5,,SEND005029
V010701,C00473,2025-10-03,paid_search,P029,Bright Organizer 29,true,false,false,107,AUTUMN5,,SEND005031
V010702,C00907,2025-09-30,email,P030,Active Mat 30,true,true,false,112,ROUTINE10,,SEND005034
V010703,C00950,2025-06-15,paid_search,P030,Active Mat 30,true,false,false,119,SUMMER5,,SEND005037
V010704,C00947,2025-05-13,email,P023,Calm Cream 23,true,false,false,92,MEMBER15,,SEND005040
V010705,C00832,2025-12-07,email,P023,Calm Cream 23,true,true,false,92,GIFT10,,SEND005043
V010706,C00800,2025-06-27,email,P024,Modern Serum 24,true,true,false,26,MEMBER15,,SEND005051
V010707,C00699,2025-11-05,paid_search,P013,Bright Organizer 13,true,false,false,222,HOLIDAY15,,SEND005060
V010708,C00957,2025-02-12,email,P025,Daily Lamp 25,true,false,false,24,RESET10,,SEND005062
V010709,C00527,2025-09-06,email,P013,Bright Organizer 13,true,false,false,42,ROUTINE10,,SEND005066
V010710,C00829,2025-08-25,email,P001,Daily Lamp 01,false,false,false,151,ROUTINE10,,SEND005070
V010711,C00499,2025-09-23,email,P005,Bright Organizer 05,true,true,true,250,ROUTINE10,T004934,SEND005073
V010712,C00924,2025-04-30,paid_search,P014,Active Mat 14,true,false,false,61,SPRING10,,SEND005084
V010713,C00545,2025-11-22,email,P011,Urban Bottle 11,true,false,false,322,GIFT10,,SEND005086
V010714,C00514,2025-08-09,email,P011,Urban Bottle 11,true,false,false,164,ROUTINE10,,SEND005097
V010715,C00922,2025-12-10,paid_search,P019,Urban Bottle 19,true,false,false,229,HOLIDAY15,,SEND005102
V010716,C00592,2025-09-18,paid_search,P014,Active Mat 14,false,false,false,136,AUTUMN5,,SEND005110
V010717,C00011,2025-11-19,email,P002,Pure Band 02,true,false,false,245,GIFT10,,SEND005122
V010718,C00226,2025-02-16,email,P018,Pure Band 18,true,false,false,53,RESET10,,SEND005125
V010719,C00903,2025-11-20,email,P007,Calm Cream 07,true,false,false,266,GIFT10,,SEND005126
V010720,C00357,2025-11-16,email,P005,Bright Organizer 05,true,false,false,166,GIFT10,,SEND005146
V010721,C00828,2025-10-03,email,P005,Bright Organizer 05,true,false,false,81,ROUTINE10,,SEND005151
V010722,C00428,2025-12-07,paid_search,P011,Urban Bottle 11,true,true,true,305,HOLIDAY15,T006219,SEND005166
V010723,C00537,2025-01-22,email,P011,Urban Bottle 11,true,false,false,97,RESET10,,SEND005167
V010724,C00630,2025-10-29,paid_search,P002,Pure Band 02,true,false,false,359,AUTUMN5,,SEND005178
V010725,C00738,2025-05-24,email,P005,Bright Organizer 05,true,false,false,251,MEMBER15,,SEND005180
V010726,C00042,2025-04-01,paid_search,P022,Active Mat 22,true,false,false,166,SPRING10,,SEND005184
V010727,C00403,2025-10-29,paid_search,P014,Active Mat 14,false,false,false,47,AUTUMN5,,SEND005190
V010728,C00174,2025-08-15,email,P007,Calm Cream 07,true,true,true,20,ROUTINE10,T004290,SEND005206
V010729,C00980,2025-12-24,paid_search,P029,Bright Organizer 29,true,true,false,41,HOLIDAY15,,SEND005212
V010730,C00179,2025-09-22,email,P010,Pure Band 10,true,false,false,73,ROUTINE10,,SEND005214
V010731,C00610,2025-11-01,paid_search,P030,Active Mat 30,true,true,true,100,AUTUMN5,T005613,SEND005215
V010732,C00064,2025-04-11,paid_search,P006,Active Mat 06,true,false,false,56,SPRING10,,SEND005234
V010733,C00084,2025-02-24,email,P007,Calm Cream 07,true,false,false,59,RESET10,,SEND005257
V010734,C00276,2025-08-15,paid_search,P008,Modern Serum 08,true,true,true,92,SUMMER5,T004291,SEND005271
V010735,C00525,2025-12-19,paid_search,P008,Modern Serum 08,true,false,false,143,HOLIDAY15,,SEND005273
V010736,C00007,2025-11-24,paid_search,P016,Modern Serum 16,false,false,false,91,HOLIDAY15,,SEND005287
V010737,C00859,2025-01-19,email,P011,Urban Bottle 11,true,false,false,120,RESET10,,SEND005297
V010738,C00520,2025-10-04,email,P021,Bright Organizer 21,true,false,false,117,ROUTINE10,,SEND005298
V010739,C00113,2025-01-27,email,P014,Active Mat 14,true,true,true,49,RESET10,T000497,SEND005300
V010740,C00522,2025-10-26,paid_search,P016,Modern Serum 16,false,false,false,114,AUTUMN5,,SEND005314
V010741,C00218,2025-06-23,email,P029,Bright Organizer 29,true,false,false,136,MEMBER15,,SEND005317
V010742,C00479,2025-07-27,paid_search,P022,Active Mat 22,true,false,false,81,SUMMER5,,SEND005320
V010743,C00152,2025-11-03,paid_search,P027,Urban Bottle 27,true,false,false,46,HOLIDAY15,,SEND005322
V010744,C00470,2025-03-13,paid_search,P021,Bright Organizer 21,true,false,false,628,SPRING10,,SEND005332
V010745,C00353,2025-12-03,email,P011,Urban Bottle 11,true,false,false,22,GIFT10,,SEND005337
V010746,C00513,2025-11-06,email,P011,Urban Bottle 11,true,false,false,38,GIFT10,,SEND005350
V010747,C00207,2025-12-07,email,P004,Essential Bag 04,true,true,false,515,GIFT10,,SEND005360
V010748,C00736,2025-09-28,paid_search,P007,Calm Cream 07,true,false,false,432,AUTUMN5,,SEND005371
V010749,C00962,2025-11-25,email,P013,Bright Organizer 13,true,false,false,101,GIFT10,,SEND005372
V010750,C00586,2025-06-27,paid_search,P011,Urban Bottle 11,true,false,false,251,SUMMER5,,SEND005374
V010751,C00356,2025-12-24,paid_search,P025,Daily Lamp 25,true,false,false,51,HOLIDAY15,,SEND005390
V010752,C00153,2025-09-23,paid_search,P027,Urban Bottle 27,true,true,false,134,AUTUMN5,,SEND005402
V010753,C00643,2025-03-19,paid_search,P005,Bright Organizer 05,true,false,false,43,SPRING10,,SEND005410
V010754,C00726,2025-06-16,email,P002,Pure Band 02,true,true,false,43,MEMBER15,,SEND005451
V010755,C00937,2025-02-04,email,P005,Bright Organizer 05,true,false,false,149,RESET10,,SEND005454
V010756,C00549,2025-06-23,email,P006,Active Mat 06,false,false,false,97,MEMBER15,,SEND005485
V010757,C00567,2025-11-15,email,P005,Bright Organizer 05,true,false,false,253,GIFT10,,SEND005491
V010758,C00945,2025-11-11,email,P005,Bright Organizer 05,true,false,false,42,GIFT10,,SEND005494
V010759,C01000,2025-04-28,paid_search,P026,Pure Band 26,true,true,false,108,SPRING10,,SEND005504
V010760,C00091,2025-11-28,email,P019,Urban Bottle 19,false,false,false,146,GIFT10,,SEND005520
V010761,C00862,2025-07-05,paid_search,P016,Modern Serum 16,true,false,false,78,SUMMER5,,SEND005526
V010762,C00279,2025-05-04,paid_search,P024,Modern Serum 24,true,true,true,215,SPRING10,T002355,SEND005548
V010763,C00037,2025-02-27,email,P009,Daily Lamp 09,true,false,false,46,RESET10,,SEND005553
V010764,C00887,2025-08-07,paid_search,P028,Essential Bag 28,true,true,true,225,SUMMER5,T004108,SEND005559
V010765,C00780,2025-10-07,paid_search,P006,Active Mat 06,true,false,false,212,AUTUMN5,,SEND005575
V010766,C00894,2025-05-13,email,P006,Active Mat 06,true,false,false,29,MEMBER15,,SEND005578
V010767,C00517,2025-09-24,email,P027,Urban Bottle 27,true,true,true,129,ROUTINE10,T004966,SEND005587
V010768,C00515,2025-05-25,email,P025,Daily Lamp 25,true,false,false,163,MEMBER15,,SEND005590
V010769,C00494,2025-06-25,email,P020,Essential Bag 20,true,true,true,300,MEMBER15,T003353,SEND005601
V010770,C00799,2025-09-29,email,P029,Bright Organizer 29,true,false,false,274,ROUTINE10,,SEND005603
V010771,C00754,2025-02-04,email,P008,Modern Serum 08,true,false,false,195,RESET10,,SEND005604
V010772,C00780,2025-05-16,email,P001,Daily Lamp 01,true,true,true,57,MEMBER15,T002585,SEND005610
V010773,C00803,2025-10-23,paid_search,P004,Essential Bag 04,false,false,false,135,AUTUMN5,,SEND005611
V010774,C00241,2025-11-16,paid_search,P002,Pure Band 02,true,false,false,75,HOLIDAY15,,SEND005627
V010775,C00197,2025-01-20,email,P019,Urban Bottle 19,true,false,false,189,RESET10,,SEND005630
V010776,C00854,2025-06-07,email,P017,Daily Lamp 17,true,false,false,32,MEMBER15,,SEND005633
V010777,C00007,2025-09-21,paid_search,P008,Modern Serum 08,true,false,false,114,AUTUMN5,,SEND005640
V010778,C00993,2025-08-01,paid_search,P027,Urban Bottle 27,true,false,false,25,SUMMER5,,SEND005642
V010779,C00281,2025-09-18,email,P017,Daily Lamp 17,true,false,false,112,ROUTINE10,,SEND005647
V010780,C00342,2025-12-31,paid_search,P008,Modern Serum 08,true,false,false,118,HOLIDAY15,,SEND005649
V010781,C00914,2025-11-17,paid_search,P030,Active Mat 30,true,true,false,74,HOLIDAY15,,SEND005662
V010782,C00008,2025-09-23,email,P011,Urban Bottle 11,true,false,false,71,ROUTINE10,,SEND005665
V010783,C00353,2025-03-17,paid_search,P023,Calm Cream 23,true,false,false,22,SPRING10,,SEND005670
V010784,C00138,2025-12-26,paid_search,P018,Pure Band 18,false,false,false,58,HOLIDAY15,,SEND005672
V010785,C00453,2025-06-11,paid_search,P024,Modern Serum 24,true,true,true,189,SUMMER5,T003095,SEND005689
V010786,C00764,2025-06-20,paid_search,P028,Essential Bag 28,true,false,false,64,SUMMER5,,SEND005690
V010787,C00036,2025-11-23,paid_search,P001,Daily Lamp 01,false,false,false,215,HOLIDAY15,,SEND005691
V010788,C00340,2025-11-21,paid_search,P030,Active Mat 30,true,false,false,47,HOLIDAY15,,SEND005709
V010789,C00073,2025-09-12,email,P025,Daily Lamp 25,true,false,false,150,ROUTINE10,,SEND005731
V010790,C00834,2025-05-20,email,P003,Urban Bottle 03,true,false,false,23,MEMBER15,,SEND005736
V010791,C00303,2025-10-24,paid_search,P009,Daily Lamp 09,true,true,true,209,AUTUMN5,T005502,SEND005743
V010792,C00664,2025-06-07,email,P006,Active Mat 06,true,false,false,231,MEMBER15,,SEND005748
V010793,C00526,2025-11-17,paid_search,P012,Essential Bag 12,false,false,false,51,HOLIDAY15,,SEND005750
V010794,C00550,2025-05-04,paid_search,P022,Active Mat 22,true,false,false,78,SPRING10,,SEND005752
V010795,C00327,2025-06-12,email,P014,Active Mat 14,true,false,false,11,MEMBER15,,SEND005758
V010796,C00411,2025-11-16,email,P015,Calm Cream 15,true,false,false,146,GIFT10,,SEND005767
V010797,C00933,2025-04-28,paid_search,P019,Urban Bottle 19,true,true,true,129,SPRING10,T002262,SEND005768
V010798,C00987,2025-06-05,email,P026,Pure Band 26,true,false,false,87,MEMBER15,,SEND005771
V010799,C00948,2025-03-13,paid_search,P001,Daily Lamp 01,true,false,false,175,SPRING10,,SEND005772
V010800,C00323,2025-12-02,email,P022,Active Mat 22,true,false,false,110,GIFT10,,SEND005782
V010801,C00677,2025-12-04,email,P015,Calm Cream 15,true,false,false,61,GIFT10,,SEND005784
V010802,C00266,2025-12-10,paid_search,P022,Active Mat 22,true,false,false,64,HOLIDAY15,,SEND005787
V010803,C00078,2025-09-20,email,P011,Urban Bottle 11,true,false,false,369,ROUTINE10,,SEND005790
V010804,C00735,2025-10-15,paid_search,P010,Pure Band 10,true,true,false,74,AUTUMN5,,SEND005797
V010805,C00254,2025-05-19,email,P026,Pure Band 26,true,true,false,75,MEMBER15,,SEND005803
V010806,C00763,2025-09-12,paid_search,P005,Bright Organizer 05,true,false,false,258,AUTUMN5,,SEND005804
V010807,C00931,2025-11-28,email,P027,Urban Bottle 27,true,false,false,53,GIFT10,,SEND005805
V010808,C00870,2025-09-12,email,P010,Pure Band 10,true,true,false,44,ROUTINE10,,SEND005806
V010809,C00004,2025-06-04,email,P011,Urban Bottle 11,true,true,true,449,MEMBER15,T002962,SEND005822
V010810,C00725,2025-10-03,email,P012,Essential Bag 12,true,false,false,123,ROUTINE10,,SEND005828
V010811,C00291,2025-06-28,paid_search,P022,Active Mat 22,true,false,false,327,SUMMER5,,SEND005836
V010812,C00523,2025-10-10,paid_search,P011,Urban Bottle 11,true,false,false,35,AUTUMN5,,SEND005846
V010813,C00588,2025-04-08,paid_search,P015,Calm Cream 15,true,true,false,40,SPRING10,,SEND005857
V010814,C00597,2025-07-09,paid_search,P004,Essential Bag 04,true,false,false,35,SUMMER5,,SEND005862
V010815,C00864,2025-08-20,paid_search,P024,Modern Serum 24,true,false,false,147,SUMMER5,,SEND005867
V010816,C00725,2025-12-31,paid_search,P026,Pure Band 26,false,false,false,36,HOLIDAY15,,SEND005869
V010817,C00789,2025-11-11,email,P023,Calm Cream 23,true,false,false,28,GIFT10,,SEND005873
V010818,C00740,2025-11-06,paid_search,P001,Daily Lamp 01,true,true,true,71,HOLIDAY15,T005699,SEND005874
V010819,C00555,2025-03-22,paid_search,P008,Modern Serum 08,true,false,false,15,SPRING10,,SEND005876
V010820,C00662,2025-12-29,paid_search,P030,Active Mat 30,true,false,false,40,HOLIDAY15,,SEND005887
V010821,C00108,2025-04-19,paid_search,P027,Urban Bottle 27,true,false,false,95,SPRING10,,SEND005902
V010822,C00778,2025-11-20,paid_search,P003,Urban Bottle 03,true,false,false,142,HOLIDAY15,,SEND005904
V010823,C00137,2025-10-23,paid_search,P016,Modern Serum 16,false,false,false,96,AUTUMN5,,SEND005919
V010824,C00314,2025-02-04,email,P017,Daily Lamp 17,true,true,true,71,RESET10,T000653,SEND005931
V010825,C00117,2025-12-25,paid_search,P016,Modern Serum 16,false,false,false,138,HOLIDAY15,,SEND005948
V010826,C00400,2025-09-12,paid_search,P024,Modern Serum 24,true,false,false,139,AUTUMN5,,SEND005949
V010827,C00420,2025-06-10,email,P025,Daily Lamp 25,true,false,false,78,MEMBER15,,SEND005954
V010828,C00697,2025-09-12,email,P011,Urban Bottle 11,true,false,false,174,ROUTINE10,,SEND005956
V010829,C00135,2025-06-08,email,P020,Essential Bag 20,true,true,true,92,MEMBER15,T003029,SEND005960
V010830,C00745,2025-09-29,email,P016,Modern Serum 16,false,false,false,118,ROUTINE10,,SEND005961
V010831,C00074,2025-12-31,paid_search,P008,Modern Serum 08,true,true,false,105,HOLIDAY15,,SEND005968
V010832,C00852,2025-02-01,email,P021,Bright Organizer 21,true,false,false,61,RESET10,,SEND005972
V010833,C00256,2025-02-27,email,P025,Daily Lamp 25,true,false,false,540,RESET10,,SEND005986
V010834,C00887,2025-04-14,paid_search,P022,Active Mat 22,true,true,true,172,SPRING10,T002005,SEND005987
V010835,C00376,2025-10-04,paid_search,P014,Active Mat 14,true,true,true,65,AUTUMN5,T005124,SEND005992
V010836,C00798,2025-11-19,email,P019,Urban Bottle 19,false,false,false,102,GIFT10,,SEND005994
V010837,C00998,2025-05-26,email,P008,Modern Serum 08,true,false,false,50,MEMBER15,,SEND005995
V010838,C00072,2025-12-31,paid_search,P023,Calm Cream 23,false,false,false,26,HOLIDAY15,,SEND005996
V010839,C00469,2025-07-20,paid_search,P029,Bright Organizer 29,true,false,false,62,SUMMER5,,SEND006002
V010840,C00481,2025-12-11,paid_search,P023,Calm Cream 23,true,true,false,298,HOLIDAY15,,SEND006011
V010841,C00978,2025-11-28,email,P011,Urban Bottle 11,true,false,false,292,GIFT10,,SEND006016
V010842,C00578,2025-01-17,email,P028,Essential Bag 28,true,false,false,25,RESET10,,SEND006057
V010843,C00846,2025-06-19,paid_search,P011,Urban Bottle 11,true,false,false,154,SUMMER5,,SEND006065
V010844,C00452,2025-02-22,email,P026,Pure Band 26,true,true,false,45,RESET10,,SEND006069
V010845,C00424,2025-08-08,paid_search,P011,Urban Bottle 11,true,false,false,100,SUMMER5,,SEND006070
V010846,C00376,2025-08-21,email,P011,Urban Bottle 11,true,false,false,127,ROUTINE10,,SEND006073
V010847,C00010,2025-04-04,paid_search,P020,Essential Bag 20,true,true,true,86,SPRING10,T001810,SEND006096
V010848,C00319,2025-02-19,email,P021,Bright Organizer 21,true,false,false,113,RESET10,,SEND006098
V010849,C00070,2025-06-04,paid_search,P024,Modern Serum 24,true,false,false,205,SUMMER5,,SEND006101
V010850,C00873,2025-08-29,email,P030,Active Mat 30,true,false,false,144,ROUTINE10,,SEND006103
V010851,C00791,2025-01-14,email,P020,Essential Bag 20,true,false,false,19,RESET10,,SEND006111
V010852,C00211,2025-11-26,email,P005,Bright Organizer 05,false,false,false,112,GIFT10,,SEND006118
V010853,C00020,2025-09-15,email,P017,Daily Lamp 17,true,false,false,222,ROUTINE10,,SEND006119
V010854,C00010,2025-01-26,email,P012,Essential Bag 12,true,true,true,211,RESET10,T000476,SEND006123
V010855,C00502,2025-06-19,email,P023,Calm Cream 23,true,true,true,37,MEMBER15,T003238,SEND006128
V010856,C00912,2025-11-27,paid_search,P021,Bright Organizer 21,true,false,false,59,HOLIDAY15,,SEND006133
V010857,C00261,2025-09-13,email,P029,Bright Organizer 29,true,false,false,31,ROUTINE10,,SEND006142
V010858,C00470,2025-02-06,email,P027,Urban Bottle 27,true,true,true,74,RESET10,T000688,SEND006147
V010859,C00924,2025-11-17,email,P013,Bright Organizer 13,true,false,false,54,GIFT10,,SEND006154
V010860,C00259,2025-01-31,email,P028,Essential Bag 28,true,true,false,110,RESET10,,SEND006155
V010861,C00182,2025-06-05,email,P022,Active Mat 22,true,true,true,54,MEMBER15,T002979,SEND006157
V010862,C00466,2025-10-02,email,P015,Calm Cream 15,true,false,false,39,ROUTINE10,,SEND006166
V010863,C00047,2025-12-24,paid_search,P013,Bright Organizer 13,true,false,false,81,HOLIDAY15,,SEND006172
V010864,C00549,2025-01-12,email,P003,Urban Bottle 03,true,false,false,144,RESET10,,SEND006174
V010865,C00561,2025-11-11,paid_search,P012,Essential Bag 12,true,false,false,37,HOLIDAY15,,SEND006177
V010866,C00023,2025-03-02,email,P009,Daily Lamp 09,true,false,false,95,RESET10,,SEND006180
V010867,C00508,2025-05-21,email,P027,Urban Bottle 27,true,true,false,103,MEMBER15,,SEND006183
V010868,C00763,2025-12-12,email,P019,Urban Bottle 19,true,false,false,70,GIFT10,,SEND006195
V010869,C00552,2025-06-07,email,P001,Daily Lamp 01,true,true,false,152,MEMBER15,,SEND006198
V010870,C00748,2025-07-01,email,P010,Pure Band 10,true,false,false,345,MEMBER15,,SEND006199
V010871,C00865,2025-07-04,email,P003,Urban Bottle 03,true,false,false,61,MEMBER15,,SEND006204
V010872,C00647,2025-09-24,email,P029,Bright Organizer 29,true,false,false,158,ROUTINE10,,SEND006218
V010873,C00986,2025-11-28,paid_search,P027,Urban Bottle 27,true,true,true,15,HOLIDAY15,T006074,SEND006242
V010874,C00819,2025-07-22,paid_search,P023,Calm Cream 23,true,true,true,51,SUMMER5,T003849,SEND006244
V010875,C00113,2025-11-10,email,P016,Modern Serum 16,true,false,false,108,GIFT10,,SEND006255
V010876,C00073,2025-11-04,email,P022,Active Mat 22,true,false,false,106,GIFT10,,SEND006265
V010877,C00958,2025-09-13,email,P016,Modern Serum 16,true,false,false,49,ROUTINE10,,SEND006300
V010878,C00592,2025-12-08,paid_search,P021,Bright Organizer 21,true,true,false,36,HOLIDAY15,,SEND006305
V010879,C00106,2025-06-30,email,P007,Calm Cream 07,true,true,false,170,MEMBER15,,SEND006307
V010880,C00602,2025-11-27,paid_search,P025,Daily Lamp 25,true,false,false,145,HOLIDAY15,,SEND006308
V010881,C00863,2025-11-22,paid_search,P011,Urban Bottle 11,true,true,true,29,HOLIDAY15,T005996,SEND006314
V010882,C00532,2025-03-19,paid_search,P026,Pure Band 26,true,false,false,80,SPRING10,,SEND006322
V010883,C00083,2025-08-09,email,P027,Urban Bottle 27,true,true,true,182,ROUTINE10,T004143,SEND006325
V010884,C00529,2025-07-04,email,P016,Modern Serum 16,true,false,false,58,MEMBER15,,SEND006341
V010885,C00397,2025-06-20,paid_search,P026,Pure Band 26,true,false,false,73,SUMMER5,,SEND006345
V010886,C00104,2025-02-20,email,P022,Active Mat 22,true,true,true,46,RESET10,T000944,SEND006352
V010887,C00237,2025-10-25,paid_search,P027,Urban Bottle 27,true,true,false,107,AUTUMN5,,SEND006353
V010888,C00159,2025-03-03,email,P019,Urban Bottle 19,true,true,true,54,RESET10,T001156,SEND006369
V010889,C00506,2025-12-31,paid_search,P006,Active Mat 06,false,false,false,102,HOLIDAY15,,SEND006377
V010890,C00744,2025-11-16,email,P030,Active Mat 30,true,false,false,79,GIFT10,,SEND006395
V010891,C00856,2025-12-31,paid_search,P022,Active Mat 22,true,false,false,352,HOLIDAY15,,SEND006400
V010892,C00944,2025-08-14,paid_search,P016,Modern Serum 16,true,false,false,63,SUMMER5,,SEND006404
V010893,C00687,2025-01-12,email,P019,Urban Bottle 19,true,true,false,133,RESET10,,SEND006406
V010894,C00475,2025-02-15,email,P006,Active Mat 06,true,false,false,52,RESET10,,SEND006408
V010895,C00330,2025-01-26,email,P012,Essential Bag 12,true,true,false,238,RESET10,,SEND006418
V010896,C00521,2025-12-31,paid_search,P017,Daily Lamp 17,true,true,true,233,HOLIDAY15,T006552,SEND006433
V010897,C00176,2025-07-03,paid_search,P016,Modern Serum 16,true,true,true,47,SUMMER5,T003516,SEND006437
V010898,C00253,2025-01-24,email,P015,Calm Cream 15,true,false,false,177,RESET10,,SEND006438
V010899,C00305,2025-08-04,paid_search,P003,Urban Bottle 03,true,false,false,123,SUMMER5,,SEND006443
V010900,C00335,2025-01-28,email,P024,Modern Serum 24,true,false,false,25,RESET10,,SEND006444
V010901,C00621,2025-04-20,paid_search,P006,Active Mat 06,false,false,false,28,SPRING10,,SEND006456
V010902,C00771,2025-06-15,email,P001,Daily Lamp 01,true,true,true,57,MEMBER15,T003165,SEND006460
V010903,C00451,2025-11-20,email,P002,Pure Band 02,true,false,false,248,GIFT10,,SEND006469
V010904,C00262,2025-06-10,email,P016,Modern Serum 16,true,false,false,103,MEMBER15,,SEND006473
V010905,C00856,2025-07-07,email,P026,Pure Band 26,true,false,false,159,MEMBER15,,SEND006478
V010906,C00238,2025-10-11,paid_search,P013,Bright Organizer 13,true,true,true,181,AUTUMN5,T005257,SEND006479
V010907,C00967,2025-09-07,email,P021,Bright Organizer 21,true,true,false,164,ROUTINE10,,SEND006489
V010908,C00467,2025-01-04,email,P024,Modern Serum 24,true,false,false,78,RESET10,,SEND006490
V010909,C00734,2025-05-17,email,P023,Calm Cream 23,true,true,true,133,MEMBER15,T002611,SEND006494
V010910,C00532,2025-04-10,paid_search,P008,Modern Serum 08,true,true,false,80,SPRING10,,SEND006502
V010911,C00839,2025-03-30,paid_search,P024,Modern Serum 24,true,false,false,70,SPRING10,,SEND006511
V010912,C00790,2025-06-27,email,P010,Pure Band 10,true,false,false,140,MEMBER15,,SEND006523
V010913,C00202,2025-03-25,paid_search,P013,Bright Organizer 13,true,false,false,123,SPRING10,,SEND006527
V010914,C00248,2025-08-17,paid_search,P004,Essential Bag 04,true,false,false,42,SUMMER5,,SEND006558
V010915,C00334,2025-11-22,paid_search,P029,Bright Organizer 29,true,false,false,168,HOLIDAY15,,SEND006565
V010916,C00976,2025-08-22,paid_search,P030,Active Mat 30,true,false,false,32,SUMMER5,,SEND006570
V010917,C00534,2025-08-22,email,P021,Bright Organizer 21,true,false,false,304,ROUTINE10,,SEND006580
V010918,C00188,2025-10-19,paid_search,P018,Pure Band 18,false,false,false,352,AUTUMN5,,SEND006588
V010919,C00552,2025-11-21,email,P001,Daily Lamp 01,false,false,false,116,GIFT10,,SEND006590
V010920,C00409,2025-02-05,email,P018,Pure Band 18,true,false,false,117,RESET10,,SEND006596
V010921,C00370,2025-10-05,paid_search,P025,Daily Lamp 25,true,false,false,85,AUTUMN5,,SEND006598
V010922,C00199,2025-11-12,email,P006,Active Mat 06,true,false,false,48,GIFT10,,SEND006599
V010923,C00291,2025-08-09,email,P016,Modern Serum 16,true,false,false,236,ROUTINE10,,SEND006602
V010924,C00307,2025-12-16,paid_search,P025,Daily Lamp 25,true,false,false,19,HOLIDAY15,,SEND006618
V010925,C00289,2025-02-12,email,P010,Pure Band 10,true,true,true,145,RESET10,T000797,SEND006619
V010926,C00160,2025-09-26,email,P008,Modern Serum 08,true,true,true,115,ROUTINE10,T004996,SEND006625
V010927,C00289,2025-12-08,paid_search,P014,Active Mat 14,true,false,false,391,HOLIDAY15,,SEND006626
V010928,C00497,2025-08-19,email,P011,Urban Bottle 11,true,false,false,100,ROUTINE10,,SEND006646
V010929,C00761,2025-06-18,email,P028,Essential Bag 28,true,true,false,125,MEMBER15,,SEND006649
V010930,C00873,2025-12-27,paid_search,P001,Daily Lamp 01,false,false,false,22,HOLIDAY15,,SEND006650
V010931,C00513,2025-02-04,email,P006,Active Mat 06,true,false,false,46,RESET10,,SEND006659
V010932,C00707,2025-09-10,email,P006,Active Mat 06,true,true,true,125,ROUTINE10,T004718,SEND006663
V010933,C00180,2025-08-16,paid_search,P001,Daily Lamp 01,false,false,false,37,SUMMER5,,SEND006668
V010934,C00750,2025-09-21,paid_search,P028,Essential Bag 28,true,false,false,356,AUTUMN5,,SEND006671
V010935,C00720,2025-03-24,paid_search,P016,Modern Serum 16,true,false,false,77,SPRING10,,SEND006672
V010936,C00893,2025-05-20,email,P001,Daily Lamp 01,true,false,false,31,MEMBER15,,SEND006679
V010937,C00945,2025-09-20,paid_search,P007,Calm Cream 07,true,true,false,146,AUTUMN5,,SEND006684
V010938,C00262,2025-11-21,paid_search,P028,Essential Bag 28,true,false,false,142,HOLIDAY15,,SEND006686
V010939,C00360,2025-09-21,email,P028,Essential Bag 28,true,false,false,306,ROUTINE10,,SEND006689
V010940,C00850,2025-01-22,email,P029,Bright Organizer 29,true,true,false,49,RESET10,,SEND006701
V010941,C00481,2025-08-07,paid_search,P017,Daily Lamp 17,true,false,false,85,SUMMER5,,SEND006703
V010942,C00692,2025-10-05,paid_search,P023,Calm Cream 23,true,false,false,39,AUTUMN5,,SEND006719
V010943,C00242,2025-08-12,email,P001,Daily Lamp 01,true,false,false,71,ROUTINE10,,SEND006720
V010944,C00874,2025-05-29,email,P029,Bright Organizer 29,true,false,false,40,MEMBER15,,SEND006722
V010945,C00247,2025-05-05,email,P011,Urban Bottle 11,true,false,false,150,MEMBER15,,SEND006725
V010946,C00064,2025-11-20,paid_search,P010,Pure Band 10,true,false,false,215,HOLIDAY15,,SEND006730
V010947,C00665,2025-02-19,email,P020,Essential Bag 20,true,false,false,126,RESET10,,SEND006744
V010948,C00449,2025-12-05,email,P021,Bright Organizer 21,true,false,false,85,GIFT10,,SEND006749
V010949,C00826,2025-12-03,email,P022,Active Mat 22,true,true,false,244,GIFT10,,SEND006752
V010950,C00612,2025-03-31,paid_search,P004,Essential Bag 04,true,false,false,117,SPRING10,,SEND006771
V010951,C00054,2025-11-28,email,P024,Modern Serum 24,false,false,false,96,GIFT10,,SEND006776
V010952,C00918,2025-05-11,email,P013,Bright Organizer 13,true,true,false,26,MEMBER15,,SEND006780
V010953,C00063,2025-05-25,email,P026,Pure Band 26,true,false,false,57,MEMBER15,,SEND006781
V010954,C00127,2025-11-26,email,P017,Daily Lamp 17,true,false,false,219,GIFT10,,SEND006791
V010955,C00971,2025-12-18,paid_search,P022,Active Mat 22,true,true,true,41,HOLIDAY15,T006412,SEND006796
V010956,C00309,2025-10-30,paid_search,P028,Essential Bag 28,true,false,false,170,AUTUMN5,,SEND006801
V010957,C00686,2025-03-27,paid_search,P007,Calm Cream 07,true,false,false,36,SPRING10,,SEND006816
V010958,C00055,2025-09-20,email,P026,Pure Band 26,true,false,false,70,ROUTINE10,,SEND006837
V010959,C00679,2025-06-18,email,P028,Essential Bag 28,true,false,false,12,MEMBER15,,SEND006838
V010960,C00595,2025-08-18,email,P015,Calm Cream 15,true,false,false,54,ROUTINE10,,SEND006841
V010961,C00309,2025-06-20,email,P005,Bright Organizer 05,true,false,false,71,MEMBER15,,SEND006843
V010962,C00779,2025-06-22,paid_search,P007,Calm Cream 07,true,false,false,336,SUMMER5,,SEND006856
V010963,C00566,2025-08-31,paid_search,P005,Bright Organizer 05,false,false,false,99,SUMMER5,,SEND006861
V010964,C00755,2025-12-28,paid_search,P014,Active Mat 14,false,false,false,254,HOLIDAY15,,SEND006868
V010965,C00981,2025-09-07,paid_search,P017,Daily Lamp 17,true,false,false,35,AUTUMN5,,SEND006869
V010966,C00419,2025-04-10,paid_search,P011,Urban Bottle 11,true,false,false,113,SPRING10,,SEND006871
V010967,C00724,2025-11-05,paid_search,P019,Urban Bottle 19,true,true,true,57,AUTUMN5,T005682,SEND006873
V010968,C00597,2025-08-14,paid_search,P019,Urban Bottle 19,true,false,false,234,SUMMER5,,SEND006887
V010969,C00722,2025-04-03,paid_search,P013,Bright Organizer 13,true,false,false,176,SPRING10,,SEND006893
V010970,C00444,2025-08-12,paid_search,P002,Pure Band 02,true,true,true,143,SUMMER5,T004223,SEND006897
V010971,C00450,2025-06-10,email,P005,Bright Organizer 05,true,false,false,67,MEMBER15,,SEND006903
V010972,C00282,2025-01-29,email,P013,Bright Organizer 13,true,false,false,128,RESET10,,SEND006905
V010973,C00388,2025-08-08,email,P013,Bright Organizer 13,true,false,false,152,ROUTINE10,,SEND006907
V010974,C00275,2025-06-06,paid_search,P020,Essential Bag 20,true,false,false,40,SUMMER5,,SEND006909
V010975,C00530,2025-02-03,email,P012,Essential Bag 12,true,false,false,76,RESET10,,SEND006924
V010976,C00092,2025-06-06,email,P030,Active Mat 30,true,false,false,168,MEMBER15,,SEND006933
V010977,C00728,2025-09-11,paid_search,P001,Daily Lamp 01,true,true,false,162,AUTUMN5,,SEND006939
V010978,C00569,2025-05-10,email,P004,Essential Bag 04,true,true,true,123,MEMBER15,T002462,SEND006940
V010979,C00327,2025-11-25,email,P028,Essential Bag 28,true,false,false,88,GIFT10,,SEND006946
V010980,C00107,2025-08-02,paid_search,P030,Active Mat 30,true,true,true,44,SUMMER5,T004007,SEND006953
V010981,C00568,2025-09-22,paid_search,P003,Urban Bottle 03,true,false,false,325,AUTUMN5,,SEND006961
V010982,C00738,2025-02-09,email,P004,Essential Bag 04,true,false,false,42,RESET10,,SEND006964
V010983,C00234,2025-10-31,paid_search,P001,Daily Lamp 01,false,false,false,74,AUTUMN5,,SEND006976
V010984,C00023,2025-09-22,paid_search,P024,Modern Serum 24,true,false,false,32,AUTUMN5,,SEND006990
V000001,C00142,2025-08-04,paid_search,P028,Essential Bag 28,true,false,false,26,,,
V000002,C00128,2025-10-05,organic_search,P018,Pure Band 18,true,false,false,27,,,
V000003,C00014,2025-12-08,direct,P004,Essential Bag 04,true,false,false,59,,,
V000004,C00616,2025-01-19,paid_search,P001,Daily Lamp 01,true,false,false,150,,,
V000005,C00049,2025-04-08,organic_search,P002,Pure Band 02,true,false,false,87,,,
V000006,C00629,2025-11-20,email,P023,Calm Cream 23,true,true,false,115,,,
V000007,C00107,2025-05-21,paid_search,P016,Modern Serum 16,true,true,true,161,,T002709,
V000008,C00527,2025-03-25,organic_search,P014,Active Mat 14,true,false,false,30,,,
V000009,C00398,2025-03-12,social,P017,Daily Lamp 17,true,false,false,14,,,
V000010,C00264,2025-05-30,direct,P022,Active Mat 22,true,true,true,111,,T002870,
V000011,C00060,2025-02-24,direct,P015,Calm Cream 15,true,false,false,40,,,
V000012,C00053,2025-03-16,organic_search,P013,Bright Organizer 13,true,true,false,37,WEEKEND15,,
V000013,C00326,2025-06-07,organic_search,P023,Calm Cream 23,true,false,false,63,,,
V000014,C00158,2025-11-09,organic_search,P022,Active Mat 22,true,true,false,229,,,
V000015,C00822,2025-11-18,social,P021,Bright Organizer 21,true,false,false,118,,,
V000016,C00440,2025-01-30,direct,P007,Calm Cream 07,true,false,false,42,,,
V000017,C00406,2025-03-02,paid_search,P020,Essential Bag 20,true,false,false,53,,,
V000018,C00984,2025-05-11,organic_search,P014,Active Mat 14,true,false,false,180,,,
V000019,C00290,2025-07-12,organic_search,P020,Essential Bag 20,true,false,false,14,,,
V000020,C00757,2025-10-06,email,P023,Calm Cream 23,true,false,false,26,,,
V000021,C00132,2025-07-05,social,P004,Essential Bag 04,true,false,true,46,,T003541,
V000022,C00648,2025-07-27,paid_search,P028,Essential Bag 28,true,true,false,9,WEEKEND15,,
V000023,C00136,2025-08-01,organic_search,P009,Daily Lamp 09,true,false,false,57,,,
V000024,C00306,2025-10-14,organic_search,P002,Pure Band 02,true,false,false,17,,,
V000025,C00444,2025-07-05,referral,P016,Modern Serum 16,true,false,false,207,,,
V000026,C00691,2025-08-16,email,P016,Modern Serum 16,true,true,false,26,,,
V000027,C00923,2025-07-15,email,P004,Essential Bag 04,true,false,false,21,WELCOME5,,
V000028,C00762,2025-09-21,direct,P011,Urban Bottle 11,true,false,false,86,WEEKEND15,,
V000029,C00994,2025-04-04,social,P023,Calm Cream 23,true,true,false,68,,,
V000030,C00936,2025-05-08,organic_search,P003,Urban Bottle 03,true,false,false,17,,,
V000031,C00062,2025-08-27,social,P020,Essential Bag 20,true,true,true,141,,T004483,
V000032,C00749,2025-01-27,email,P021,Bright Organizer 21,true,false,false,78,,,
V000033,C00756,2025-01-23,social,P016,Modern Serum 16,true,false,false,34,,,
V000034,C00354,2025-05-28,direct,P001,Daily Lamp 01,false,false,false,27,,,
V000035,C00533,2025-09-06,referral,P022,Active Mat 22,true,false,false,24,,,
V000036,C00900,2025-11-27,direct,P029,Bright Organizer 29,true,false,false,89,,,
V000037,C00450,2025-10-31,social,P013,Bright Organizer 13,true,true,false,48,,,
V000038,C00649,2025-06-07,social,P011,Urban Bottle 11,true,false,false,72,,,
V000039,C00234,2025-03-27,social,P025,Daily Lamp 25,true,false,false,61,,,
V000040,C00519,2025-03-19,organic_search,P026,Pure Band 26,true,false,false,93,WEEKEND15,,
V000041,C00352,2025-01-26,paid_search,P024,Modern Serum 24,true,false,false,23,WEEKEND15,,
V000042,C00309,2025-12-12,paid_search,P027,Urban Bottle 27,true,false,false,95,,,
V000043,C00504,2025-01-09,direct,P008,Modern Serum 08,true,false,false,79,,,
V000044,C00409,2025-04-28,social,P012,Essential Bag 12,true,false,false,28,WELCOME5,,
V000045,C00949,2025-11-14,paid_search,P023,Calm Cream 23,true,false,false,82,,,
V000046,C00228,2025-01-14,paid_search,P010,Pure Band 10,true,false,false,61,,,
V000047,C00964,2025-11-18,direct,P008,Modern Serum 08,true,false,false,104,,,
V000048,C00103,2025-07-16,organic_search,P023,Calm Cream 23,true,false,true,65,,T003748,
V000049,C00585,2025-04-10,organic_search,P030,Active Mat 30,true,false,false,52,,,
V000050,C00539,2025-08-16,social,P003,Urban Bottle 03,true,false,false,15,,,
V000051,C00120,2025-01-12,organic_search,P002,Pure Band 02,true,false,false,98,,,
V000052,C00044,2025-12-08,direct,P030,Active Mat 30,true,true,false,138,,,
V000053,C00189,2025-01-10,social,P020,Essential Bag 20,true,false,false,52,LOYALTY10,,
V000054,C00487,2025-09-18,referral,P003,Urban Bottle 03,true,false,true,92,,T004866,
V000055,C00513,2025-07-09,paid_search,P024,Modern Serum 24,true,false,false,51,,,
V000056,C00089,2025-11-04,social,P014,Active Mat 14,true,false,false,44,,,
V000057,C00785,2025-08-12,social,P016,Modern Serum 16,true,false,false,40,,,
V000058,C00270,2025-03-28,social,P015,Calm Cream 15,true,true,false,434,,,
V000059,C00621,2025-07-03,paid_search,P004,Essential Bag 04,true,true,false,28,,,
V000060,C00141,2025-07-04,social,P024,Modern Serum 24,true,false,false,208,,,
V000061,C00205,2025-01-30,social,P018,Pure Band 18,true,false,false,29,,,
V000062,C00785,2025-07-08,organic_search,P006,Active Mat 06,true,false,false,65,WELCOME5,,
V000063,C00675,2025-08-07,social,P023,Calm Cream 23,true,false,false,245,WEEKEND15,,
V000064,C00468,2025-12-25,paid_search,P012,Essential Bag 12,false,false,false,55,,,
V000065,C00595,2025-07-06,direct,P002,Pure Band 02,true,false,false,185,,,
V000066,C00386,2025-04-30,direct,P016,Modern Serum 16,true,false,false,5,WELCOME5,,
V000067,C00263,2025-10-11,paid_search,P028,Essential Bag 28,true,false,false,46,,,
V000068,C00675,2025-04-08,direct,P024,Modern Serum 24,true,true,false,106,LOYALTY10,,
V000069,C00952,2025-12-31,email,P015,Calm Cream 15,true,false,false,49,,,
V000070,C00306,2025-03-28,organic_search,P001,Daily Lamp 01,true,true,true,127,,T001672,
V000071,C00190,2025-02-01,referral,P004,Essential Bag 04,true,false,false,70,,,
V000072,C00154,2025-07-29,email,P026,Pure Band 26,true,false,false,63,LOYALTY10,,
V000073,C00301,2025-03-17,email,P026,Pure Band 26,true,true,false,103,LOYALTY10,,
V000074,C00924,2025-05-15,referral,P026,Pure Band 26,true,false,false,161,,,
V000075,C00846,2025-08-29,organic_search,P024,Modern Serum 24,true,false,false,19,LOYALTY10,,
V000076,C00745,2025-10-16,social,P021,Bright Organizer 21,true,false,false,70,,,
V000077,C00229,2025-08-04,referral,P004,Essential Bag 04,true,false,false,73,,,
V000078,C00265,2025-12-09,organic_search,P012,Essential Bag 12,true,false,false,46,,,
V000079,C00497,2025-04-08,email,P014,Active Mat 14,true,true,false,68,WEEKEND15,,
V000080,C00626,2025-06-23,paid_search,P001,Daily Lamp 01,false,false,false,260,,,
V000081,C00174,2025-06-27,email,P010,Pure Band 10,true,false,false,32,,,
V000082,C00668,2025-12-04,paid_search,P009,Daily Lamp 09,true,true,false,118,,,
V000083,C00661,2025-06-21,direct,P026,Pure Band 26,true,false,false,80,,,
V000084,C00842,2025-06-23,organic_search,P017,Daily Lamp 17,true,false,false,7,,,
V000085,C00183,2025-07-18,organic_search,P017,Daily Lamp 17,true,false,false,67,,,
V000086,C00298,2025-07-05,organic_search,P017,Daily Lamp 17,true,false,true,78,,T003553,
V000087,C00878,2025-06-06,direct,P030,Active Mat 30,true,false,false,127,,,
V000088,C00568,2025-02-05,organic_search,P011,Urban Bottle 11,true,true,false,104,WEEKEND15,,
V000089,C00761,2025-12-12,organic_search,P011,Urban Bottle 11,true,false,false,24,,,
V000090,C00662,2025-10-28,social,P004,Essential Bag 04,false,false,false,28,,,
V000091,C00539,2025-01-16,paid_search,P021,Bright Organizer 21,true,true,false,287,,,
V000092,C00040,2025-01-13,email,P001,Daily Lamp 01,true,false,false,37,,,
V000093,C00228,2025-03-07,paid_search,P010,Pure Band 10,true,false,false,67,WEEKEND15,,
V000094,C00660,2025-12-25,paid_search,P011,Urban Bottle 11,false,false,false,68,,,
V000095,C00877,2025-08-29,organic_search,P017,Daily Lamp 17,true,false,false,9,,,
V000096,C00003,2025-08-11,social,P013,Bright Organizer 13,true,false,false,57,,,
V000097,C00199,2025-04-12,direct,P004,Essential Bag 04,true,true,false,73,,,
V000098,C00858,2025-09-19,email,P012,Essential Bag 12,true,false,false,113,,,
V000099,C00892,2025-01-27,referral,P011,Urban Bottle 11,true,true,true,88,,T000508,
V000100,C00239,2025-07-10,organic_search,P006,Active Mat 06,true,false,false,117,,,
V000101,C00070,2025-08-30,paid_search,P012,Essential Bag 12,false,false,false,49,WELCOME5,,
V000102,C00667,2025-02-15,organic_search,P018,Pure Band 18,true,false,false,50,,,
V000103,C00694,2025-11-26,paid_search,P003,Urban Bottle 03,true,true,false,69,,,
V000104,C00298,2025-05-28,email,P004,Essential Bag 04,false,false,false,128,,,
V000105,C00241,2025-05-07,organic_search,P017,Daily Lamp 17,true,false,false,31,WELCOME5,,
V000106,C00144,2025-06-30,email,P009,Daily Lamp 09,true,false,false,74,,,
V000107,C00372,2025-08-20,paid_search,P002,Pure Band 02,true,false,false,85,,,
V000108,C00769,2025-02-02,organic_search,P010,Pure Band 10,true,false,false,77,,,
V000109,C00263,2025-03-29,paid_search,P020,Essential Bag 20,true,false,false,80,LOYALTY10,,
V000110,C00719,2025-05-29,email,P001,Daily Lamp 01,false,false,false,61,WELCOME5,,
V000111,C00167,2025-01-19,organic_search,P017,Daily Lamp 17,true,false,false,113,,,
V000112,C00168,2025-09-23,direct,P013,Bright Organizer 13,true,false,false,35,,,
V000113,C00564,2025-10-24,direct,P011,Urban Bottle 11,false,false,false,26,,,
V000114,C00652,2025-05-01,social,P024,Modern Serum 24,true,false,false,98,,,
V000115,C00242,2025-01-26,social,P017,Daily Lamp 17,true,false,false,197,LOYALTY10,,
V000116,C00441,2025-01-08,organic_search,P023,Calm Cream 23,true,false,false,69,,,
V000117,C00274,2025-10-06,paid_search,P014,Active Mat 14,true,false,false,96,,,
V000118,C00152,2025-05-09,organic_search,P024,Modern Serum 24,true,false,false,34,,,
V000119,C00117,2025-06-03,paid_search,P028,Essential Bag 28,true,false,false,77,,,
V000120,C00786,2025-02-05,organic_search,P026,Pure Band 26,true,true,true,38,,T000660,
V000121,C00494,2025-04-26,paid_search,P011,Urban Bottle 11,true,false,false,27,,,
V000122,C00061,2025-02-10,direct,P030,Active Mat 30,true,false,false,38,WEEKEND15,,
V000123,C00514,2025-11-02,email,P006,Active Mat 06,true,false,false,35,,,
V000124,C00872,2025-09-12,email,P001,Daily Lamp 01,true,false,true,121,,T004772,
V000125,C00361,2025-12-26,social,P003,Urban Bottle 03,true,true,false,18,,,
V000126,C00937,2025-04-11,direct,P010,Pure Band 10,true,false,false,37,,,
V000127,C00580,2025-11-14,organic_search,P016,Modern Serum 16,true,false,false,45,,,
V000128,C00922,2025-07-24,referral,P018,Pure Band 18,true,false,false,13,LOYALTY10,,
V000129,C00659,2025-10-17,referral,P023,Calm Cream 23,true,false,false,49,,,
V000130,C00307,2025-06-19,direct,P017,Daily Lamp 17,true,false,false,27,,,
V000131,C00712,2025-05-17,organic_search,P004,Essential Bag 04,true,false,false,18,,,
V000132,C00539,2025-12-29,social,P012,Essential Bag 12,false,false,false,168,,,
V000133,C00592,2025-04-04,social,P007,Calm Cream 07,true,false,false,65,,,
V000134,C00927,2025-02-08,direct,P014,Active Mat 14,true,true,false,55,,,
V000135,C00609,2025-01-22,organic_search,P004,Essential Bag 04,true,false,false,52,,,
V000136,C00992,2025-04-17,paid_search,P003,Urban Bottle 03,true,true,false,27,,,
V000137,C00567,2025-11-01,paid_search,P018,Pure Band 18,true,false,false,54,,,
V000138,C00938,2025-12-17,email,P030,Active Mat 30,true,false,false,93,WELCOME5,,
V000139,C00504,2025-05-03,direct,P028,Essential Bag 28,true,true,false,63,,,
V000140,C00484,2025-04-30,referral,P030,Active Mat 30,true,false,false,9,,,
V000141,C00256,2025-08-08,referral,P017,Daily Lamp 17,true,false,false,18,,,
V000142,C00778,2025-07-28,social,P018,Pure Band 18,true,false,false,58,WEEKEND15,,
V000143,C00738,2025-04-18,social,P023,Calm Cream 23,true,false,false,56,,,
V000144,C00163,2025-10-07,direct,P022,Active Mat 22,true,true,false,62,,,
V000145,C00547,2025-03-31,organic_search,P026,Pure Band 26,true,false,false,32,WEEKEND15,,
V000146,C00869,2025-08-17,paid_search,P016,Modern Serum 16,true,false,false,63,,,
V000147,C00486,2025-12-14,direct,P002,Pure Band 02,true,true,false,266,WELCOME5,,
V000148,C00178,2025-01-26,social,P025,Daily Lamp 25,true,true,true,188,,T000486,
V000149,C00982,2025-10-31,social,P004,Essential Bag 04,false,false,false,41,,,
V000150,C00066,2025-07-10,organic_search,P011,Urban Bottle 11,true,false,false,182,LOYALTY10,,
V000151,C00411,2025-07-08,direct,P011,Urban Bottle 11,true,false,false,11,WEEKEND15,,
V000152,C00641,2025-08-03,paid_search,P019,Urban Bottle 19,true,false,false,23,WELCOME5,,
V000153,C00138,2025-08-18,direct,P013,Bright Organizer 13,true,false,true,156,,T004351,
V000154,C00623,2025-12-07,direct,P006,Active Mat 06,true,false,false,144,,,
V000155,C00740,2025-11-21,paid_search,P015,Calm Cream 15,true,false,false,89,WELCOME5,,
V000156,C00039,2025-08-12,organic_search,P007,Calm Cream 07,true,false,false,152,,,
V000157,C00891,2025-10-01,email,P028,Essential Bag 28,true,false,true,351,,T005072,
V000158,C00274,2025-11-29,organic_search,P011,Urban Bottle 11,true,false,false,19,,,
V000159,C00656,2025-11-29,paid_search,P025,Daily Lamp 25,true,false,false,16,,,
V000160,C00831,2025-06-06,social,P013,Bright Organizer 13,true,false,false,25,,,
V000161,C00086,2025-08-25,paid_search,P028,Essential Bag 28,true,false,false,15,,,
V000162,C00887,2025-07-21,organic_search,P023,Calm Cream 23,true,true,false,20,WELCOME5,,
V000163,C00588,2025-03-13,organic_search,P016,Modern Serum 16,true,false,false,70,,,
V000164,C00429,2025-05-06,organic_search,P017,Daily Lamp 17,true,true,false,17,WELCOME5,,
V000165,C00042,2025-07-19,direct,P004,Essential Bag 04,false,false,false,231,,,
V000166,C00465,2025-12-20,paid_search,P001,Daily Lamp 01,true,true,false,68,,,
V000167,C00809,2025-05-18,direct,P002,Pure Band 02,true,true,false,386,,,
V000168,C00136,2025-08-23,social,P025,Daily Lamp 25,true,false,false,56,,,
V000169,C00232,2025-08-16,organic_search,P003,Urban Bottle 03,true,false,true,57,WELCOME5,T004311,
V000170,C00960,2025-06-19,referral,P029,Bright Organizer 29,true,true,false,34,WEEKEND15,,
V000171,C00995,2025-06-05,paid_search,P007,Calm Cream 07,true,false,false,97,,,
V000172,C00427,2025-04-04,direct,P006,Active Mat 06,true,false,false,63,,,
V000173,C00722,2025-11-22,organic_search,P010,Pure Band 10,true,true,true,86,,T005994,
V000174,C00791,2025-09-19,social,P001,Daily Lamp 01,true,false,false,156,,,
V000175,C00811,2025-12-06,direct,P011,Urban Bottle 11,true,true,true,22,,T006206,
V000176,C00789,2025-08-22,social,P017,Daily Lamp 17,true,false,false,46,,,
V000177,C00790,2025-12-15,referral,P016,Modern Serum 16,true,false,false,11,WEEKEND15,,
V000178,C00116,2025-01-02,organic_search,P029,Bright Organizer 29,true,false,false,51,,,
V000179,C00057,2025-02-10,direct,P028,Essential Bag 28,true,false,false,72,,,
V000180,C00051,2025-10-20,social,P018,Pure Band 18,false,false,false,385,,,
V000181,C00969,2025-03-12,email,P007,Calm Cream 07,true,false,false,14,,,
V000182,C00865,2025-03-19,referral,P028,Essential Bag 28,true,true,false,78,,,
V000183,C00024,2025-01-08,organic_search,P009,Daily Lamp 09,true,true,true,197,,T000144,
V000184,C00471,2025-11-29,organic_search,P022,Active Mat 22,true,false,false,420,WEEKEND15,,
V000185,C00380,2025-05-17,direct,P006,Active Mat 06,true,false,false,70,,,
V000186,C00960,2025-05-09,referral,P021,Bright Organizer 21,true,true,false,118,,,
V000187,C00334,2025-04-25,social,P028,Essential Bag 28,true,false,false,9,,,
V000188,C00856,2025-02-20,social,P004,Essential Bag 04,true,false,false,24,,,
V000189,C00680,2025-03-02,social,P014,Active Mat 14,true,false,false,54,,,
V000190,C00743,2025-01-15,paid_search,P010,Pure Band 10,true,false,false,21,,,
V000191,C00143,2025-08-08,social,P013,Bright Organizer 13,true,false,false,117,LOYALTY10,,
V000192,C00616,2025-09-18,direct,P030,Active Mat 30,true,false,false,106,WEEKEND15,,
V000193,C00960,2025-10-10,email,P027,Urban Bottle 27,true,false,false,109,WEEKEND15,,
V000194,C00709,2025-03-24,paid_search,P011,Urban Bottle 11,true,false,false,22,,,
V000195,C00221,2025-02-03,referral,P006,Active Mat 06,true,false,false,31,,,
V000196,C00241,2025-02-02,social,P006,Active Mat 06,true,false,false,39,,,
V000197,C00463,2025-04-03,paid_search,P012,Essential Bag 12,true,false,false,39,,,
V000198,C00683,2025-06-22,direct,P011,Urban Bottle 11,true,false,false,12,,,
V000199,C00882,2025-11-21,email,P017,Daily Lamp 17,true,false,false,33,LOYALTY10,,
V000200,C00477,2025-02-01,organic_search,P014,Active Mat 14,true,true,false,626,,,
V000201,C00046,2025-02-01,organic_search,P025,Daily Lamp 25,true,false,false,66,,,
V000202,C00780,2025-06-29,social,P022,Active Mat 22,true,false,true,161,,T003432,
V000203,C00735,2025-10-31,social,P004,Essential Bag 04,false,false,false,88,WEEKEND15,,
V000204,C00202,2025-11-17,email,P027,Urban Bottle 27,true,false,false,32,,,
V000205,C00045,2025-09-27,email,P006,Active Mat 06,false,false,false,146,,,
V000206,C00236,2025-02-04,organic_search,P018,Pure Band 18,true,false,false,106,WELCOME5,,
V000207,C00610,2025-02-04,social,P002,Pure Band 02,true,true,false,88,,,
V000208,C00202,2025-03-19,organic_search,P023,Calm Cream 23,true,false,false,22,,,
V000209,C00157,2025-09-17,organic_search,P018,Pure Band 18,true,true,false,76,,,
V000210,C00268,2025-12-12,paid_search,P005,Bright Organizer 05,true,false,false,20,WELCOME5,,
V000211,C00463,2025-02-22,organic_search,P023,Calm Cream 23,true,false,false,27,,,
V000212,C00427,2025-10-21,organic_search,P017,Daily Lamp 17,true,false,false,35,WELCOME5,,
V000213,C00623,2025-01-20,organic_search,P021,Bright Organizer 21,true,false,false,41,,,
V000214,C00237,2025-04-09,referral,P026,Pure Band 26,true,false,false,29,,,
V000215,C00083,2025-04-09,social,P011,Urban Bottle 11,true,false,false,30,,,
V000216,C00093,2025-11-02,paid_search,P006,Active Mat 06,true,true,false,34,,,
V000217,C00616,2025-01-03,paid_search,P011,Urban Bottle 11,true,false,false,25,LOYALTY10,,
V000218,C00610,2025-09-15,direct,P021,Bright Organizer 21,true,false,false,42,WEEKEND15,,
V000219,C00728,2025-11-13,direct,P001,Daily Lamp 01,true,false,false,54,,,
V000220,C00845,2025-08-03,organic_search,P023,Calm Cream 23,true,true,true,59,,T004029,
V000221,C00870,2025-02-22,direct,P017,Daily Lamp 17,true,false,false,50,,,
V000222,C00076,2025-04-11,referral,P024,Modern Serum 24,true,false,false,413,,,
V000223,C00181,2025-06-22,organic_search,P021,Bright Organizer 21,true,true,false,86,,,
V000224,C00184,2025-03-28,social,P005,Bright Organizer 05,true,false,false,59,,,
V000225,C00887,2025-08-07,direct,P028,Essential Bag 28,true,false,false,39,,,
V000226,C00858,2025-02-14,email,P019,Urban Bottle 19,true,true,false,130,,,
V000227,C00002,2025-01-22,social,P028,Essential Bag 28,true,false,false,277,WEEKEND15,,
V000228,C00216,2025-02-15,social,P021,Bright Organizer 21,true,false,false,22,,,
V000229,C00403,2025-07-12,referral,P022,Active Mat 22,true,true,true,152,LOYALTY10,T003668,
V000230,C00165,2025-02-18,social,P029,Bright Organizer 29,true,true,true,119,,T000912,
V000231,C00033,2025-08-20,email,P003,Urban Bottle 03,true,false,false,32,,,
V000232,C00502,2025-09-12,direct,P030,Active Mat 30,true,false,false,74,,,
V000233,C00456,2025-12-11,social,P028,Essential Bag 28,true,false,false,19,,,
V000234,C00604,2025-07-19,organic_search,P025,Daily Lamp 25,true,false,false,21,WEEKEND15,,
V000235,C00095,2025-04-26,email,P023,Calm Cream 23,true,false,false,35,,,
V000236,C00298,2025-06-19,organic_search,P010,Pure Band 10,true,false,false,83,,,
V000237,C00601,2025-11-16,organic_search,P006,Active Mat 06,true,false,true,145,,T005894,
V000238,C00851,2025-10-13,social,P007,Calm Cream 07,true,true,false,86,,,
V000239,C00123,2025-06-19,paid_search,P010,Pure Band 10,true,false,false,61,,,
V000240,C00493,2025-08-09,organic_search,P009,Daily Lamp 09,true,false,false,261,,,
V000241,C00483,2025-03-21,social,P027,Urban Bottle 27,true,false,false,11,WELCOME5,,
V000242,C00633,2025-09-24,social,P006,Active Mat 06,false,false,false,86,,,
V000243,C00391,2025-08-19,organic_search,P016,Modern Serum 16,true,false,true,13,,T004370,
V000244,C00932,2025-09-09,organic_search,P009,Daily Lamp 09,true,false,false,20,,,
V000245,C00535,2025-09-09,paid_search,P018,Pure Band 18,true,false,false,123,WEEKEND15,,
V000246,C00716,2025-05-06,direct,P015,Calm Cream 15,true,true,false,68,,,
V000247,C00305,2025-03-04,social,P003,Urban Bottle 03,true,false,false,90,,,
V000248,C00918,2025-08-16,organic_search,P002,Pure Band 02,true,false,false,36,,,
V000249,C00767,2025-08-03,social,P001,Daily Lamp 01,true,true,false,68,,,
V000250,C00541,2025-12-29,referral,P001,Daily Lamp 01,false,false,false,45,,,
V000251,C00082,2025-12-17,referral,P014,Active Mat 14,true,false,false,71,,,
V000252,C00444,2025-11-02,email,P005,Bright Organizer 05,true,false,false,151,,,
V000253,C00017,2025-05-18,organic_search,P006,Active Mat 06,true,false,false,125,,,
V000254,C00517,2025-11-09,referral,P014,Active Mat 14,true,true,false,137,WELCOME5,,
V000255,C00015,2025-11-12,social,P013,Bright Organizer 13,true,false,false,86,,,
V000256,C00111,2025-03-02,organic_search,P004,Essential Bag 04,true,true,false,210,,,
V000257,C00703,2025-04-14,organic_search,P011,Urban Bottle 11,true,false,false,45,WEEKEND15,,
V000258,C00138,2025-09-09,paid_search,P003,Urban Bottle 03,true,false,false,17,WELCOME5,,
V000259,C00260,2025-11-15,organic_search,P022,Active Mat 22,true,false,false,88,,,
V000260,C00406,2025-12-19,organic_search,P013,Bright Organizer 13,true,false,false,63,,,
V000261,C00224,2025-01-22,organic_search,P011,Urban Bottle 11,true,false,true,31,,T000397,
V000262,C00569,2025-05-24,email,P024,Modern Serum 24,true,false,false,68,,,
V000263,C00254,2025-08-09,paid_search,P028,Essential Bag 28,true,true,false,49,,,
V000264,C00679,2025-02-23,organic_search,P004,Essential Bag 04,true,false,false,49,,,
V000265,C00791,2025-08-25,email,P029,Bright Organizer 29,true,false,false,11,,,
V000266,C00249,2025-07-18,organic_search,P005,Bright Organizer 05,false,false,false,66,,,
V000267,C00147,2025-09-26,direct,P001,Daily Lamp 01,true,false,false,65,WEEKEND15,,
V000268,C00734,2025-02-23,direct,P030,Active Mat 30,true,true,false,15,,,
V000269,C00345,2025-07-20,social,P014,Active Mat 14,true,false,true,108,,T003825,
V000270,C00804,2025-03-14,direct,P016,Modern Serum 16,true,false,false,17,,,
V000271,C00560,2025-04-02,social,P006,Active Mat 06,true,false,false,455,,,
V000272,C00062,2025-07-30,social,P003,Urban Bottle 03,true,false,false,178,,,
V000273,C00149,2025-02-24,email,P011,Urban Bottle 11,true,false,false,18,,,
V000274,C00910,2025-05-27,social,P027,Urban Bottle 27,true,false,false,39,LOYALTY10,,
V000275,C00751,2025-08-28,email,P017,Daily Lamp 17,true,false,false,30,,,
V000276,C00884,2025-03-04,organic_search,P008,Modern Serum 08,true,false,false,42,,,
V000277,C00747,2025-09-06,email,P013,Bright Organizer 13,true,false,false,79,WELCOME5,,
V000278,C00835,2025-08-01,direct,P004,Essential Bag 04,true,false,false,45,,,
V000279,C00173,2025-04-23,paid_search,P023,Calm Cream 23,true,true,false,56,WELCOME5,,
V000280,C00532,2025-09-07,email,P003,Urban Bottle 03,true,false,false,82,LOYALTY10,,
V000281,C00612,2025-08-19,organic_search,P022,Active Mat 22,true,false,false,60,WELCOME5,,
V000282,C00762,2025-07-11,direct,P025,Daily Lamp 25,true,true,false,118,,,
V000283,C00388,2025-12-17,paid_search,P017,Daily Lamp 17,true,false,false,107,WELCOME5,,
V000284,C00055,2025-10-19,social,P030,Active Mat 30,true,false,false,62,WELCOME5,,
V000285,C00399,2025-05-04,organic_search,P017,Daily Lamp 17,true,false,false,41,,,
V000286,C00128,2025-07-02,email,P027,Urban Bottle 27,true,false,false,70,,,
V000287,C00057,2025-05-18,email,P013,Bright Organizer 13,true,false,false,137,,,
V000288,C00310,2025-03-12,email,P022,Active Mat 22,true,false,false,94,,,
V000289,C00642,2025-02-15,direct,P003,Urban Bottle 03,true,false,true,145,,T000848,
V000290,C00923,2025-07-25,organic_search,P018,Pure Band 18,true,true,false,181,,,
V000291,C00714,2025-11-28,direct,P011,Urban Bottle 11,true,false,false,24,,,
V000292,C00928,2025-08-16,direct,P002,Pure Band 02,true,false,false,14,,,
V000293,C00334,2025-01-13,email,P029,Bright Organizer 29,true,false,false,31,,,
V000294,C00207,2025-12-13,social,P028,Essential Bag 28,true,false,false,152,,,
V000295,C00720,2025-01-01,email,P025,Daily Lamp 25,true,true,false,208,WELCOME5,,
V000296,C00117,2025-02-01,organic_search,P018,Pure Band 18,true,false,false,106,,,
V000297,C00079,2025-01-30,paid_search,P001,Daily Lamp 01,true,false,false,11,,,
V000298,C00487,2025-02-23,social,P008,Modern Serum 08,true,false,false,137,,,
V000299,C00805,2025-06-26,email,P016,Modern Serum 16,true,false,false,43,,,
V000300,C00365,2025-07-10,organic_search,P010,Pure Band 10,true,false,false,120,,,
V000301,C00126,2025-02-11,paid_search,P023,Calm Cream 23,true,false,false,129,,,
V000302,C00985,2025-11-05,email,P013,Bright Organizer 13,true,false,false,39,,,
V000303,C00053,2025-08-28,social,P016,Modern Serum 16,false,false,false,101,,,
V000304,C00278,2025-12-10,organic_search,P028,Essential Bag 28,true,false,false,34,,,
V000305,C00072,2025-10-03,organic_search,P028,Essential Bag 28,true,false,true,43,,T005090,
V000306,C00859,2025-12-28,social,P028,Essential Bag 28,false,false,false,126,,,
V000307,C00383,2025-08-19,organic_search,P026,Pure Band 26,true,false,false,72,WELCOME5,,
V000308,C00932,2025-11-29,email,P010,Pure Band 10,true,false,false,114,,,
V000309,C00390,2025-01-25,email,P014,Active Mat 14,true,false,false,26,,,
V000310,C00839,2025-10-15,organic_search,P016,Modern Serum 16,false,false,false,47,LOYALTY10,,
V000311,C00238,2025-03-17,paid_search,P018,Pure Band 18,true,false,false,73,,,
V000312,C00042,2025-11-11,paid_search,P006,Active Mat 06,true,false,false,25,,,
V000313,C00575,2025-04-28,direct,P010,Pure Band 10,true,false,true,153,,T002245,
V000314,C00528,2025-03-18,direct,P006,Active Mat 06,true,false,false,50,,,
V000315,C00948,2025-11-11,paid_search,P002,Pure Band 02,true,true,false,37,,,
V000316,C00698,2025-11-04,organic_search,P006,Active Mat 06,true,false,false,36,,,
V000317,C00939,2025-08-27,direct,P016,Modern Serum 16,false,false,false,124,,,
V000318,C00721,2025-09-23,email,P030,Active Mat 30,true,false,false,27,WELCOME5,,
V000319,C00208,2025-07-04,paid_search,P019,Urban Bottle 19,true,false,false,140,,,
V000320,C00277,2025-04-01,direct,P022,Active Mat 22,true,false,false,359,,,
V000321,C00038,2025-02-18,social,P024,Modern Serum 24,true,false,false,13,,,
V000322,C00110,2025-07-01,organic_search,P002,Pure Band 02,true,false,true,59,,T003455,
V000323,C00625,2025-01-24,paid_search,P012,Essential Bag 12,true,false,false,127,,,
V000324,C00520,2025-05-24,referral,P025,Daily Lamp 25,true,false,false,17,,,
V000325,C00501,2025-03-29,direct,P003,Urban Bottle 03,true,false,false,31,,,
V000326,C00673,2025-11-14,direct,P024,Modern Serum 24,true,true,true,23,WELCOME5,T005876,
V000327,C00455,2025-11-14,paid_search,P020,Essential Bag 20,true,false,false,54,,,
V000328,C00351,2025-12-20,organic_search,P006,Active Mat 06,false,false,false,14,WEEKEND15,,
V000329,C00564,2025-05-06,paid_search,P001,Daily Lamp 01,true,false,false,84,,,
V000330,C00924,2025-04-17,direct,P027,Urban Bottle 27,true,false,false,49,,,
V000331,C00791,2025-08-09,email,P028,Essential Bag 28,true,true,true,210,,T004151,
V000332,C00328,2025-04-08,organic_search,P006,Active Mat 06,true,false,false,55,,,
V000333,C00442,2025-12-31,email,P030,Active Mat 30,true,false,false,119,,,
V000334,C00197,2025-02-14,direct,P027,Urban Bottle 27,true,false,false,60,,,
V000335,C00793,2025-11-26,email,P005,Bright Organizer 05,false,false,false,138,,,
V000336,C00239,2025-03-11,referral,P020,Essential Bag 20,true,false,false,29,,,
V000337,C00195,2025-08-13,paid_search,P002,Pure Band 02,true,false,false,276,,,
V000338,C00986,2025-11-25,email,P030,Active Mat 30,true,false,false,206,,,
V000339,C00710,2025-02-16,organic_search,P005,Bright Organizer 05,true,false,false,430,,,
V000340,C00789,2025-01-25,social,P009,Daily Lamp 09,true,false,false,16,LOYALTY10,,
V000341,C00446,2025-10-18,email,P026,Pure Band 26,true,false,false,45,WELCOME5,,
V000342,C00689,2025-09-11,organic_search,P004,Essential Bag 04,true,false,false,17,,,
V000343,C00833,2025-04-05,direct,P016,Modern Serum 16,true,false,false,48,,,
V000344,C00269,2025-08-28,paid_search,P021,Bright Organizer 21,true,false,false,6,,,
V000345,C00150,2025-11-23,social,P005,Bright Organizer 05,false,false,false,68,,,
V000346,C00397,2025-07-06,paid_search,P017,Daily Lamp 17,true,false,false,88,,,
V000347,C00959,2025-01-13,organic_search,P024,Modern Serum 24,true,false,false,9,,,
V000348,C00219,2025-02-25,social,P021,Bright Organizer 21,true,false,false,240,,,
V000349,C00409,2025-12-25,paid_search,P020,Essential Bag 20,true,false,false,48,,,
V000350,C00082,2025-05-02,email,P018,Pure Band 18,true,false,false,278,,,
V000351,C00787,2025-12-03,paid_search,P019,Urban Bottle 19,true,false,false,35,,,
V000352,C00957,2025-01-21,paid_search,P027,Urban Bottle 27,true,false,false,25,,,
V000353,C00145,2025-03-22,email,P011,Urban Bottle 11,true,false,false,43,LOYALTY10,,
V000354,C00361,2025-01-03,direct,P021,Bright Organizer 21,true,false,false,38,,,
V000355,C00568,2025-01-16,organic_search,P023,Calm Cream 23,true,false,false,51,,,
V000356,C00510,2025-09-21,organic_search,P008,Modern Serum 08,true,false,false,22,,,
V000357,C00329,2025-03-29,organic_search,P024,Modern Serum 24,true,true,false,37,,,
V000358,C00616,2025-06-11,direct,P023,Calm Cream 23,true,false,true,49,WELCOME5,T003094,
V000359,C00879,2025-04-28,email,P015,Calm Cream 15,true,false,false,17,,,
V000360,C00532,2025-07-05,social,P029,Bright Organizer 29,true,false,false,101,,,
V000361,C00590,2025-08-30,paid_search,P006,Active Mat 06,false,false,false,94,,,
V000362,C00637,2025-05-11,organic_search,P009,Daily Lamp 09,true,false,false,55,,,
V000363,C00200,2025-07-04,social,P011,Urban Bottle 11,true,true,false,12,,,
V000364,C00286,2025-05-22,organic_search,P004,Essential Bag 04,false,false,false,27,,,
V000365,C00708,2025-07-30,social,P025,Daily Lamp 25,true,false,false,118,,,
V000366,C00744,2025-06-12,email,P009,Daily Lamp 09,true,false,false,17,,,
V000367,C00117,2025-11-29,organic_search,P002,Pure Band 02,true,false,false,21,WEEKEND15,,
V000368,C00046,2025-11-15,organic_search,P021,Bright Organizer 21,true,false,false,37,,,
V000369,C00502,2025-01-21,organic_search,P012,Essential Bag 12,true,false,false,48,WELCOME5,,
V000370,C00113,2025-09-30,direct,P027,Urban Bottle 27,true,false,false,84,,,
V000371,C00009,2025-04-19,paid_search,P027,Urban Bottle 27,true,true,false,391,WEEKEND15,,
V000372,C00394,2025-05-26,social,P014,Active Mat 14,true,false,false,176,,,
V000373,C00668,2025-12-20,email,P013,Bright Organizer 13,true,false,false,23,,,
V000374,C00526,2025-10-05,organic_search,P029,Bright Organizer 29,true,false,false,68,,,
V000375,C00519,2025-06-13,organic_search,P013,Bright Organizer 13,true,false,false,22,,,
V000376,C00307,2025-01-16,direct,P030,Active Mat 30,true,false,false,24,WEEKEND15,,
V000377,C00479,2025-04-02,email,P024,Modern Serum 24,true,true,false,56,LOYALTY10,,
V000378,C00096,2025-03-30,organic_search,P005,Bright Organizer 05,true,false,false,9,,,
V000379,C00661,2025-05-14,email,P012,Essential Bag 12,true,false,false,36,,,
V000380,C00916,2025-09-25,paid_search,P027,Urban Bottle 27,true,false,false,50,,,
V000381,C00027,2025-02-26,organic_search,P028,Essential Bag 28,true,false,false,356,,,
V000382,C00758,2025-02-14,social,P015,Calm Cream 15,true,false,false,103,,,
V000383,C00620,2025-01-11,direct,P002,Pure Band 02,true,false,false,35,,,
V000384,C00057,2025-08-28,social,P006,Active Mat 06,false,false,false,160,,,
V000385,C00955,2025-06-23,social,P002,Pure Band 02,true,true,false,229,LOYALTY10,,
V000386,C00803,2025-10-30,direct,P009,Daily Lamp 09,false,false,false,158,,,
V000387,C00974,2025-11-07,organic_search,P024,Modern Serum 24,true,false,false,30,,,
V000388,C00664,2025-11-08,direct,P019,Urban Bottle 19,true,false,false,46,,,
V000389,C00351,2025-09-10,paid_search,P008,Modern Serum 08,true,false,false,44,WELCOME5,,
V000390,C00588,2025-04-22,referral,P002,Pure Band 02,true,false,false,19,,,
V000391,C00439,2025-01-11,email,P022,Active Mat 22,true,false,false,30,WELCOME5,,
V000392,C00025,2025-03-08,social,P028,Essential Bag 28,true,true,false,153,,,
V000393,C00840,2025-09-09,email,P017,Daily Lamp 17,true,false,false,53,,,
V000394,C00327,2025-04-27,social,P015,Calm Cream 15,true,false,false,20,,,
V000395,C00925,2025-10-31,direct,P025,Daily Lamp 25,true,false,false,89,,,
V000396,C00496,2025-10-18,social,P004,Essential Bag 04,true,true,false,90,WEEKEND15,,
V000397,C00342,2025-01-25,organic_search,P002,Pure Band 02,true,false,false,16,,,
V000398,C00233,2025-09-10,paid_search,P029,Bright Organizer 29,true,false,false,35,,,
V000399,C00619,2025-05-08,email,P025,Daily Lamp 25,true,false,true,86,WEEKEND15,T002425,
V000400,C00454,2025-10-25,email,P020,Essential Bag 20,true,false,false,48,WEEKEND15,,
V000401,C00601,2025-03-29,organic_search,P019,Urban Bottle 19,true,true,false,31,,,
V000402,C00502,2025-09-29,direct,P011,Urban Bottle 11,true,true,true,111,,T005025,
V000403,C00076,2025-01-30,social,P008,Modern Serum 08,true,false,false,36,,,
V000404,C00382,2025-09-30,organic_search,P004,Essential Bag 04,false,false,false,57,,,
V000405,C00636,2025-07-24,organic_search,P019,Urban Bottle 19,false,false,false,109,LOYALTY10,,
V000406,C00183,2025-08-29,direct,P005,Bright Organizer 05,false,false,false,155,,,
V000407,C00779,2025-03-02,direct,P004,Essential Bag 04,true,false,false,23,,,
V000408,C00844,2025-12-04,direct,P005,Bright Organizer 05,true,false,false,50,,,
V000409,C00989,2025-03-14,email,P007,Calm Cream 07,true,false,false,88,,,
V000410,C00621,2025-12-20,paid_search,P012,Essential Bag 12,false,false,false,26,,,
V000411,C00902,2025-03-30,social,P009,Daily Lamp 09,true,false,false,35,,,
V000412,C00620,2025-08-28,social,P024,Modern Serum 24,true,false,false,42,,,
V000413,C00428,2025-02-14,social,P010,Pure Band 10,true,false,false,58,,,
V000414,C00061,2025-09-13,paid_search,P001,Daily Lamp 01,true,false,false,76,,,
V000415,C00062,2025-04-09,social,P006,Active Mat 06,true,false,false,45,,,
V000416,C00125,2025-10-05,organic_search,P005,Bright Organizer 05,true,false,false,48,,,
V000417,C00576,2025-05-31,referral,P026,Pure Band 26,true,false,false,165,WEEKEND15,,
V000418,C00339,2025-08-28,email,P012,Essential Bag 12,false,false,false,33,,,
V000419,C00141,2025-12-25,social,P002,Pure Band 02,true,false,false,29,,,
V000420,C00184,2025-03-18,organic_search,P027,Urban Bottle 27,true,false,false,163,LOYALTY10,,
V000421,C00575,2025-11-22,social,P012,Essential Bag 12,false,false,false,64,,,
V000422,C00986,2025-11-07,organic_search,P008,Modern Serum 08,true,false,false,73,,,
V000423,C00450,2025-08-21,social,P022,Active Mat 22,true,false,false,33,,,
V000424,C00130,2025-05-03,paid_search,P001,Daily Lamp 01,true,false,false,18,,,
V000425,C00879,2025-06-16,social,P008,Modern Serum 08,true,true,false,75,,,
V000426,C00735,2025-07-21,paid_search,P009,Daily Lamp 09,true,false,false,71,WEEKEND15,,
V000427,C00005,2025-01-01,paid_search,P013,Bright Organizer 13,true,false,false,39,,,
V000428,C00105,2025-03-11,direct,P015,Calm Cream 15,true,false,true,155,WEEKEND15,T001306,
V000429,C00780,2025-08-19,email,P027,Urban Bottle 27,true,false,false,82,WELCOME5,,
V000430,C00090,2025-03-04,organic_search,P001,Daily Lamp 01,true,false,false,48,WEEKEND15,,
V000431,C00924,2025-08-22,organic_search,P030,Active Mat 30,true,false,false,24,LOYALTY10,,
V000432,C00828,2025-10-27,organic_search,P016,Modern Serum 16,false,false,false,31,,,
V000433,C00357,2025-12-04,organic_search,P008,Modern Serum 08,true,false,false,114,,,
V000434,C00134,2025-02-21,referral,P003,Urban Bottle 03,true,false,false,21,,,
V000435,C00945,2025-03-29,direct,P012,Essential Bag 12,true,false,false,374,,,
V000436,C00998,2025-12-11,direct,P009,Daily Lamp 09,true,false,false,171,WELCOME5,,
V000437,C00566,2025-11-12,email,P028,Essential Bag 28,true,true,true,111,WELCOME5,T005846,
V000438,C00845,2025-12-21,paid_search,P029,Bright Organizer 29,true,false,false,14,,,
V000439,C00196,2025-10-24,organic_search,P023,Calm Cream 23,true,false,false,35,,,
V000440,C00360,2025-02-18,paid_search,P019,Urban Bottle 19,true,false,false,53,,,
V000441,C00031,2025-08-21,organic_search,P003,Urban Bottle 03,true,false,false,173,LOYALTY10,,
V000442,C00704,2025-08-04,organic_search,P027,Urban Bottle 27,true,false,true,82,,T004051,
V000443,C00773,2025-03-09,paid_search,P023,Calm Cream 23,true,true,false,20,LOYALTY10,,
V000444,C00661,2025-07-28,email,P015,Calm Cream 15,true,true,false,51,,,
V000445,C00901,2025-03-15,email,P011,Urban Bottle 11,true,true,false,51,,,
V000446,C00002,2025-09-08,paid_search,P024,Modern Serum 24,true,false,false,24,,,
V000447,C00607,2025-05-09,organic_search,P009,Daily Lamp 09,true,false,false,29,,,
V000448,C00593,2025-07-04,social,P012,Essential Bag 12,true,false,false,37,,,
V000449,C00524,2025-03-12,paid_search,P019,Urban Bottle 19,true,false,false,15,,,
V000450,C00143,2025-06-02,paid_search,P007,Calm Cream 07,true,false,false,148,,,
V000451,C00043,2025-09-17,social,P009,Daily Lamp 09,true,false,false,47,,,
V000452,C00100,2025-10-24,social,P004,Essential Bag 04,false,false,false,43,,,
V000453,C00229,2025-01-10,email,P001,Daily Lamp 01,true,false,false,48,,,
V000454,C00861,2025-08-02,social,P006,Active Mat 06,true,false,false,152,WELCOME5,,
V000455,C00988,2025-03-03,paid_search,P007,Calm Cream 07,true,true,false,34,,,
V000456,C00005,2025-09-25,social,P029,Bright Organizer 29,true,false,false,43,,,
V000457,C00687,2025-05-17,organic_search,P009,Daily Lamp 09,true,true,false,369,,,
V000458,C00571,2025-01-29,organic_search,P016,Modern Serum 16,true,false,false,38,,,
V000459,C00210,2025-11-20,direct,P003,Urban Bottle 03,true,false,false,61,,,
V000460,C00170,2025-12-17,organic_search,P016,Modern Serum 16,false,false,false,192,WELCOME5,,
V000461,C00870,2025-10-28,social,P026,Pure Band 26,false,false,false,75,,,
V000462,C00857,2025-11-19,social,P024,Modern Serum 24,true,true,false,72,,,
V000463,C00081,2025-02-19,paid_search,P013,Bright Organizer 13,true,false,false,111,,,
V000464,C00257,2025-12-03,social,P020,Essential Bag 20,true,false,false,46,,,
V000465,C00634,2025-03-27,direct,P006,Active Mat 06,false,false,false,252,,,
V000466,C00898,2025-03-04,paid_search,P022,Active Mat 22,true,false,false,45,,,
V000467,C00364,2025-01-22,paid_search,P004,Essential Bag 04,true,false,true,22,,T000399,
V000468,C00298,2025-10-24,email,P016,Modern Serum 16,false,false,false,189,,,
V000469,C00942,2025-07-28,email,P029,Bright Organizer 29,true,false,false,31,,,
V000470,C00620,2025-04-18,organic_search,P023,Calm Cream 23,true,false,false,5,,,
V000471,C00852,2025-07-12,email,P006,Active Mat 06,true,false,false,237,,,
V000472,C00795,2025-04-16,organic_search,P021,Bright Organizer 21,true,false,false,48,,,
V000473,C00061,2025-07-03,paid_search,P021,Bright Organizer 21,true,false,false,45,LOYALTY10,,
V000474,C00680,2025-11-29,social,P008,Modern Serum 08,true,false,false,87,,,
V000475,C00640,2025-02-25,organic_search,P001,Daily Lamp 01,true,false,false,64,,,
V000476,C00367,2025-04-30,direct,P022,Active Mat 22,true,true,false,147,,,
V000477,C00733,2025-09-20,direct,P005,Bright Organizer 05,true,false,false,50,,,
V000478,C00105,2025-01-15,social,P013,Bright Organizer 13,true,false,false,33,WEEKEND15,,
V000479,C00377,2025-12-01,paid_search,P018,Pure Band 18,true,false,false,126,,,
V000480,C00421,2025-03-05,organic_search,P022,Active Mat 22,true,false,false,176,,,
V000481,C00973,2025-05-07,direct,P004,Essential Bag 04,true,true,true,170,,T002402,
V000482,C00118,2025-11-12,paid_search,P010,Pure Band 10,true,false,true,55,,T005836,
V000483,C00747,2025-11-15,paid_search,P029,Bright Organizer 29,true,false,false,80,,,
V000484,C00988,2025-11-01,organic_search,P004,Essential Bag 04,true,true,false,63,WELCOME5,,
V000485,C00579,2025-09-23,social,P017,Daily Lamp 17,true,false,false,67,,,
V000486,C00140,2025-04-21,organic_search,P019,Urban Bottle 19,true,false,false,19,WELCOME5,,
V000487,C00600,2025-01-21,organic_search,P015,Calm Cream 15,true,false,false,7,WEEKEND15,,
V000488,C00050,2025-01-20,organic_search,P019,Urban Bottle 19,true,false,false,165,,,
V000489,C00551,2025-03-22,organic_search,P019,Urban Bottle 19,true,false,false,238,,,
V000490,C00270,2025-02-27,paid_search,P025,Daily Lamp 25,true,true,false,45,,,
V000491,C00389,2025-02-13,referral,P029,Bright Organizer 29,true,false,false,42,WELCOME5,,
V000492,C00288,2025-11-12,social,P011,Urban Bottle 11,true,false,false,105,,,
V000493,C00702,2025-07-08,paid_search,P001,Daily Lamp 01,true,false,false,32,,,
V000494,C00234,2025-12-27,social,P028,Essential Bag 28,false,false,false,77,,,
V000495,C00245,2025-05-11,direct,P006,Active Mat 06,true,true,false,71,,,
V000496,C00813,2025-12-27,email,P017,Daily Lamp 17,true,true,false,21,,,
V000497,C00199,2025-03-31,social,P027,Urban Bottle 27,true,true,false,213,,,
V000498,C00663,2025-09-14,organic_search,P007,Calm Cream 07,true,false,false,29,,,
V000499,C00751,2025-10-26,direct,P006,Active Mat 06,false,false,false,30,,,
V000500,C00496,2025-05-02,organic_search,P018,Pure Band 18,true,false,false,71,,,
V000501,C00507,2025-08-03,email,P027,Urban Bottle 27,true,true,true,84,LOYALTY10,T004036,
V000502,C00017,2025-12-04,paid_search,P025,Daily Lamp 25,true,false,false,32,,,
V000503,C00485,2025-06-28,email,P016,Modern Serum 16,true,false,false,15,WELCOME5,,
V000504,C00512,2025-06-08,organic_search,P006,Active Mat 06,true,false,true,315,,T003036,
V000505,C00306,2025-05-19,organic_search,P029,Bright Organizer 29,true,true,true,87,,T002648,
V000506,C00381,2025-11-07,organic_search,P017,Daily Lamp 17,true,false,false,143,WEEKEND15,,
V000507,C00465,2025-06-12,paid_search,P009,Daily Lamp 09,true,false,false,118,,,
V000508,C00759,2025-02-27,organic_search,P024,Modern Serum 24,true,false,false,70,,,
V000509,C00962,2025-06-22,email,P004,Essential Bag 04,true,false,false,57,,,
V000510,C00446,2025-06-10,email,P004,Essential Bag 04,true,false,false,75,,,
V000511,C00148,2025-09-03,organic_search,P026,Pure Band 26,true,false,false,48,,,
V000512,C00469,2025-04-12,organic_search,P002,Pure Band 02,true,false,false,5,,,
V000513,C00462,2025-12-08,social,P023,Calm Cream 23,true,true,false,19,LOYALTY10,,
V000514,C00324,2025-08-10,email,P006,Active Mat 06,true,true,true,96,,T004178,
V000515,C00336,2025-02-05,social,P021,Bright Organizer 21,true,true,false,31,WEEKEND15,,
V000516,C00613,2025-09-25,organic_search,P021,Bright Organizer 21,true,true,true,367,LOYALTY10,T004972,
V000517,C00149,2025-05-03,organic_search,P024,Modern Serum 24,true,true,false,100,,,
V000518,C00932,2025-06-23,organic_search,P020,Essential Bag 20,true,false,false,38,,,
V000519,C00367,2025-08-28,email,P026,Pure Band 26,true,false,false,58,,,
V000520,C00720,2025-03-24,direct,P006,Active Mat 06,true,false,false,96,,,
V000521,C00803,2025-04-21,organic_search,P024,Modern Serum 24,true,false,false,82,,,
V000522,C00396,2025-01-28,social,P002,Pure Band 02,true,true,true,315,,T000529,
V000523,C00861,2025-02-01,paid_search,P006,Active Mat 06,true,false,false,215,,,
V000524,C00880,2025-11-12,referral,P030,Active Mat 30,true,false,false,105,,,
V000525,C00045,2025-04-24,social,P017,Daily Lamp 17,true,true,true,73,,T002179,
V000526,C00434,2025-04-10,paid_search,P017,Daily Lamp 17,true,true,false,28,,,
V000527,C00102,2025-01-09,paid_search,P011,Urban Bottle 11,true,false,false,140,WELCOME5,,
V000528,C00113,2025-10-21,social,P013,Bright Organizer 13,true,false,false,78,,,
V000529,C00983,2025-07-25,direct,P030,Active Mat 30,true,false,false,23,,,
V000530,C00532,2025-05-19,social,P016,Modern Serum 16,true,false,false,236,,,
V000531,C00494,2025-04-20,organic_search,P019,Urban Bottle 19,true,false,false,53,WELCOME5,,
V000532,C00012,2025-05-01,direct,P013,Bright Organizer 13,true,false,false,21,LOYALTY10,,
V000533,C00795,2025-08-19,email,P028,Essential Bag 28,true,false,false,82,,,
V000534,C00345,2025-09-20,paid_search,P011,Urban Bottle 11,true,false,false,32,,,
V000535,C00715,2025-03-21,referral,P006,Active Mat 06,true,false,false,58,,,
V000536,C00514,2025-08-03,organic_search,P004,Essential Bag 04,true,true,false,77,LOYALTY10,,
V000537,C00900,2025-08-27,email,P006,Active Mat 06,false,false,false,38,,,
V000538,C00760,2025-01-15,direct,P007,Calm Cream 07,true,true,false,178,,,
V000539,C00767,2025-04-17,organic_search,P005,Bright Organizer 05,true,false,false,70,,,
V000540,C00048,2025-04-13,organic_search,P019,Urban Bottle 19,true,false,false,91,,,
V000541,C00268,2025-01-21,referral,P023,Calm Cream 23,true,false,false,19,,,
V000542,C00044,2025-12-25,referral,P006,Active Mat 06,false,false,false,17,,,
V000543,C00097,2025-10-11,email,P005,Bright Organizer 05,true,true,false,36,,,
V000544,C00420,2025-12-25,email,P024,Modern Serum 24,false,false,false,71,LOYALTY10,,
V000545,C00252,2025-03-05,social,P015,Calm Cream 15,true,false,false,61,WELCOME5,,
V000546,C00632,2025-11-03,referral,P002,Pure Band 02,true,true,true,482,,T005634,
V000547,C00588,2025-08-04,email,P001,Daily Lamp 01,true,false,false,71,,,
V000548,C00962,2025-08-14,social,P015,Calm Cream 15,true,true,false,104,WEEKEND15,,
V000549,C00498,2025-05-10,referral,P030,Active Mat 30,true,true,false,42,,,
V000550,C00121,2025-01-23,email,P003,Urban Bottle 03,true,false,false,18,,,
V000551,C00682,2025-09-09,direct,P014,Active Mat 14,true,false,false,134,WEEKEND15,,
V000552,C00584,2025-11-12,social,P012,Essential Bag 12,true,false,false,14,,,
V000553,C00465,2025-06-20,organic_search,P013,Bright Organizer 13,true,false,true,95,,T003261,
V000554,C00832,2025-07-07,paid_search,P012,Essential Bag 12,true,true,false,42,,,
V000555,C00682,2025-09-28,organic_search,P030,Active Mat 30,true,false,false,40,,,
V000556,C00450,2025-04-05,organic_search,P001,Daily Lamp 01,true,false,false,30,,,
V000557,C00489,2025-06-06,referral,P024,Modern Serum 24,true,true,false,247,,,
V000558,C00776,2025-12-10,referral,P030,Active Mat 30,true,true,true,65,,T006281,
V000559,C00148,2025-10-15,referral,P010,Pure Band 10,true,false,false,318,,,
V000560,C00804,2025-05-13,social,P015,Calm Cream 15,true,false,false,110,,,
V000561,C00469,2025-08-22,organic_search,P019,Urban Bottle 19,false,false,false,37,,,
V000562,C00940,2025-06-02,direct,P010,Pure Band 10,true,true,false,162,WELCOME5,,
V000563,C00230,2025-01-28,paid_search,P027,Urban Bottle 27,true,false,false,55,,,
V000564,C00030,2025-07-24,social,P019,Urban Bottle 19,false,false,false,120,,,
V000565,C00401,2025-01-01,referral,P021,Bright Organizer 21,true,false,false,46,WEEKEND15,,
V000566,C00973,2025-10-21,organic_search,P002,Pure Band 02,true,false,false,15,WELCOME5,,
V000567,C00533,2025-05-25,social,P016,Modern Serum 16,true,false,false,49,WELCOME5,,
V000568,C00580,2025-06-24,organic_search,P030,Active Mat 30,true,false,false,25,,,
V000569,C00477,2025-05-16,social,P016,Modern Serum 16,true,false,false,248,,,
V000570,C00717,2025-08-17,social,P024,Modern Serum 24,true,false,false,49,,,
V000571,C00352,2025-03-10,social,P023,Calm Cream 23,true,false,false,68,,,
V000572,C00833,2025-11-23,social,P024,Modern Serum 24,false,false,false,389,,,
V000573,C00879,2025-07-18,direct,P021,Bright Organizer 21,true,true,false,26,,,
V000574,C00129,2025-04-27,organic_search,P025,Daily Lamp 25,true,false,false,90,,,
V000575,C00081,2025-01-05,email,P017,Daily Lamp 17,true,false,true,159,,T000093,
V000576,C00826,2025-02-13,organic_search,P001,Daily Lamp 01,true,false,false,22,WEEKEND15,,
V000577,C00276,2025-09-18,organic_search,P024,Modern Serum 24,true,true,false,92,,,
V000578,C00959,2025-06-17,organic_search,P021,Bright Organizer 21,true,true,false,144,,,
V000579,C00555,2025-04-09,direct,P003,Urban Bottle 03,true,false,false,29,,,
V000580,C00737,2025-06-17,paid_search,P030,Active Mat 30,true,true,false,167,,,
V000581,C00444,2025-05-15,paid_search,P027,Urban Bottle 27,true,false,false,53,,,
V000582,C00813,2025-04-08,organic_search,P013,Bright Organizer 13,true,false,false,60,,,
V000583,C00780,2025-05-22,email,P025,Daily Lamp 25,true,false,false,73,,,
V000584,C00958,2025-02-18,social,P003,Urban Bottle 03,true,true,true,328,WEEKEND15,T000903,
V000585,C00708,2025-01-25,email,P012,Essential Bag 12,true,true,false,291,,,
V000586,C00975,2025-11-11,social,P026,Pure Band 26,true,false,false,96,,,
V000587,C00687,2025-11-22,social,P015,Calm Cream 15,true,true,false,21,WEEKEND15,,
V000588,C00607,2025-05-29,paid_search,P004,Essential Bag 04,false,false,false,16,,,
V000589,C00717,2025-06-14,organic_search,P018,Pure Band 18,true,true,true,178,,T003144,
V000590,C00907,2025-05-23,organic_search,P010,Pure Band 10,true,false,false,85,,,
V000591,C00982,2025-04-06,social,P026,Pure Band 26,true,true,false,108,LOYALTY10,,
V000592,C00834,2025-12-21,paid_search,P013,Bright Organizer 13,true,false,false,15,LOYALTY10,,
V000593,C00612,2025-02-04,paid_search,P027,Urban Bottle 27,true,true,false,88,LOYALTY10,,
V000594,C00198,2025-12-14,paid_search,P024,Modern Serum 24,true,false,false,152,,,
V000595,C00198,2025-03-14,paid_search,P026,Pure Band 26,true,false,false,32,,,
V000596,C00519,2025-03-26,social,P007,Calm Cream 07,true,false,false,34,,,
V000597,C00504,2025-10-27,social,P013,Bright Organizer 13,true,true,false,53,WELCOME5,,
V000598,C00009,2025-09-25,organic_search,P011,Urban Bottle 11,true,false,false,59,WEEKEND15,,
V000599,C00492,2025-12-29,social,P022,Active Mat 22,true,false,false,82,,,
V000600,C00552,2025-12-29,organic_search,P024,Modern Serum 24,false,false,false,67,,,
V000601,C00247,2025-02-01,paid_search,P011,Urban Bottle 11,true,false,false,164,,,
V000602,C00555,2025-06-08,social,P015,Calm Cream 15,true,false,false,35,,,
V000603,C00005,2025-06-11,organic_search,P008,Modern Serum 08,true,false,false,38,WEEKEND15,,
V000604,C00927,2025-06-04,social,P028,Essential Bag 28,true,false,false,35,,,
V000605,C00210,2025-04-17,organic_search,P029,Bright Organizer 29,true,false,false,15,,,
V000606,C00079,2025-05-23,organic_search,P010,Pure Band 10,true,false,false,11,,,
V000607,C00085,2025-05-08,paid_search,P006,Active Mat 06,true,false,false,38,,,
V000608,C00707,2025-10-18,social,P025,Daily Lamp 25,true,true,false,38,,,
V000609,C00815,2025-09-09,organic_search,P017,Daily Lamp 17,true,false,false,123,WELCOME5,,
V000610,C00823,2025-03-07,direct,P017,Daily Lamp 17,true,false,false,51,,,
V000611,C00745,2025-04-08,paid_search,P027,Urban Bottle 27,true,true,true,142,,T001898,
V000612,C00926,2025-12-01,paid_search,P016,Modern Serum 16,true,false,true,89,,T006114,
V000613,C00084,2025-10-11,paid_search,P018,Pure Band 18,true,false,false,263,,,
V000614,C00649,2025-02-11,organic_search,P023,Calm Cream 23,true,false,false,73,,,
V000615,C00643,2025-01-07,social,P006,Active Mat 06,true,false,false,69,,,
V000616,C00413,2025-10-28,paid_search,P024,Modern Serum 24,true,false,false,67,,,
V000617,C00432,2025-06-14,direct,P027,Urban Bottle 27,true,true,true,671,,T003155,
V000618,C00516,2025-12-30,direct,P024,Modern Serum 24,false,false,false,222,,,
V000619,C00606,2025-02-02,direct,P009,Daily Lamp 09,true,false,false,34,,,
V000620,C00579,2025-09-19,referral,P011,Urban Bottle 11,true,false,false,16,,,
V000621,C00061,2025-01-05,social,P002,Pure Band 02,true,false,false,55,,,
V000622,C00164,2025-04-18,email,P029,Bright Organizer 29,true,false,false,76,,,
V000623,C00653,2025-01-04,organic_search,P025,Daily Lamp 25,true,false,false,12,,,
V000624,C00676,2025-07-11,social,P019,Urban Bottle 19,true,true,false,16,,,
V000625,C00366,2025-02-25,paid_search,P024,Modern Serum 24,true,false,false,101,,,
V000626,C00892,2025-11-07,direct,P016,Modern Serum 16,true,false,false,17,,,
V000627,C00272,2025-09-22,social,P011,Urban Bottle 11,true,false,false,109,WELCOME5,,
V000628,C00008,2025-01-27,social,P007,Calm Cream 07,true,false,false,58,,,
V000629,C00395,2025-02-06,referral,P029,Bright Organizer 29,true,false,false,32,,,
V000630,C00933,2025-03-28,direct,P026,Pure Band 26,true,false,false,30,LOYALTY10,,
V000631,C00277,2025-05-30,paid_search,P008,Modern Serum 08,true,false,false,41,,,
V000632,C00992,2025-08-07,direct,P011,Urban Bottle 11,true,false,false,32,,,
V000633,C00082,2025-09-13,email,P018,Pure Band 18,true,false,false,49,,,
V000634,C00205,2025-01-10,social,P014,Active Mat 14,true,false,false,68,,,
V000635,C00575,2025-01-25,email,P024,Modern Serum 24,true,false,false,32,,,
V000636,C00073,2025-03-10,referral,P010,Pure Band 10,true,false,false,24,,,
V000637,C00707,2025-02-13,organic_search,P019,Urban Bottle 19,true,false,false,194,,,
V000638,C00264,2025-08-21,email,P014,Active Mat 14,true,true,false,29,WEEKEND15,,
V000639,C00495,2025-05-01,paid_search,P023,Calm Cream 23,true,false,false,125,,,
V000640,C00475,2025-02-12,direct,P016,Modern Serum 16,true,false,false,22,,,
V000641,C00202,2025-10-29,organic_search,P014,Active Mat 14,false,false,false,60,,,
V000642,C00969,2025-10-22,organic_search,P006,Active Mat 06,false,false,false,64,,,
V000643,C00978,2025-08-23,organic_search,P003,Urban Bottle 03,true,false,false,86,LOYALTY10,,
V000644,C00360,2025-06-28,direct,P026,Pure Band 26,true,false,false,107,WEEKEND15,,
V000645,C00457,2025-12-11,social,P020,Essential Bag 20,true,false,false,46,,,
V000646,C00519,2025-08-11,social,P014,Active Mat 14,true,false,false,44,,,
V000647,C00058,2025-12-14,email,P002,Pure Band 02,true,false,false,61,,,
V000648,C00578,2025-10-20,organic_search,P016,Modern Serum 16,false,false,false,32,,,
V000649,C00093,2025-11-19,paid_search,P011,Urban Bottle 11,true,false,false,69,WELCOME5,,
V000650,C00850,2025-10-02,organic_search,P019,Urban Bottle 19,true,false,false,72,,,
V000651,C00334,2025-12-22,organic_search,P012,Essential Bag 12,false,false,false,17,,,
V000652,C00077,2025-04-10,email,P016,Modern Serum 16,true,false,false,130,WELCOME5,,
V000653,C00719,2025-06-17,social,P016,Modern Serum 16,true,false,false,176,,,
V000654,C00405,2025-09-08,organic_search,P007,Calm Cream 07,true,false,false,49,,,
V000655,C00621,2025-09-11,direct,P024,Modern Serum 24,true,false,false,69,,,
V000656,C00130,2025-04-14,email,P012,Essential Bag 12,true,true,true,110,,T002001,
V000657,C00077,2025-04-10,social,P020,Essential Bag 20,true,true,false,159,WEEKEND15,,
V000658,C00787,2025-08-22,paid_search,P004,Essential Bag 04,false,false,false,5,,,
V000659,C00838,2025-09-20,organic_search,P007,Calm Cream 07,true,false,false,39,,,
V000660,C00933,2025-05-14,paid_search,P019,Urban Bottle 19,true,false,false,130,WELCOME5,,
V000661,C00999,2025-09-08,referral,P028,Essential Bag 28,true,false,false,6,,,
V000662,C00604,2025-08-18,direct,P014,Active Mat 14,true,false,false,68,,,
V000663,C00702,2025-04-04,email,P010,Pure Band 10,true,true,true,128,WELCOME5,T001807,
V000664,C00440,2025-08-04,social,P005,Bright Organizer 05,true,false,false,29,,,
V000665,C00799,2025-05-15,direct,P011,Urban Bottle 11,true,false,false,59,,,
V000666,C00425,2025-07-23,organic_search,P017,Daily Lamp 17,true,false,false,68,,,
V000667,C00319,2025-11-29,referral,P018,Pure Band 18,false,false,false,112,,,
V000668,C00950,2025-12-23,paid_search,P012,Essential Bag 12,false,false,false,56,,,
V000669,C00061,2025-03-15,direct,P016,Modern Serum 16,true,false,false,93,,,
V000670,C00089,2025-04-27,organic_search,P020,Essential Bag 20,true,false,false,57,,,
V000671,C00243,2025-08-01,referral,P018,Pure Band 18,true,false,false,101,,,
V000672,C00217,2025-10-21,email,P030,Active Mat 30,true,false,false,84,,,
V000673,C00258,2025-11-04,organic_search,P013,Bright Organizer 13,true,true,true,412,LOYALTY10,T005667,
V000674,C00669,2025-05-05,direct,P012,Essential Bag 12,true,true,true,25,,T002369,
V000675,C00723,2025-07-01,organic_search,P011,Urban Bottle 11,true,false,false,62,,,
V000676,C00137,2025-10-11,email,P008,Modern Serum 08,true,false,false,148,,,
V000677,C00490,2025-11-12,paid_search,P006,Active Mat 06,true,false,false,52,,,
V000678,C00057,2025-01-03,organic_search,P020,Essential Bag 20,true,false,false,32,,,
V000679,C00758,2025-04-19,email,P010,Pure Band 10,true,true,false,96,,,
V000680,C00854,2025-12-23,paid_search,P029,Bright Organizer 29,true,false,false,19,WELCOME5,,
V000681,C00609,2025-08-06,email,P014,Active Mat 14,true,false,false,43,WELCOME5,,
V000682,C00465,2025-10-04,email,P005,Bright Organizer 05,true,false,false,50,,,
V000683,C00131,2025-10-28,email,P026,Pure Band 26,false,false,false,23,,,
V000684,C00515,2025-02-16,organic_search,P025,Daily Lamp 25,true,false,false,78,,,
V000685,C00305,2025-05-18,organic_search,P004,Essential Bag 04,true,false,false,130,,,
V000686,C00742,2025-12-07,direct,P003,Urban Bottle 03,true,false,true,130,,T006223,
V000687,C00180,2025-04-23,paid_search,P013,Bright Organizer 13,true,false,false,61,WELCOME5,,
V000688,C00152,2025-12-03,direct,P027,Urban Bottle 27,true,false,false,56,,,
V000689,C00874,2025-12-22,social,P014,Active Mat 14,true,false,false,44,WEEKEND15,,
V000690,C00447,2025-09-12,referral,P028,Essential Bag 28,true,false,false,44,,,
V000691,C00240,2025-10-28,paid_search,P029,Bright Organizer 29,true,false,false,72,,,
V000692,C00129,2025-07-19,paid_search,P001,Daily Lamp 01,true,false,false,28,,,
V000693,C00508,2025-04-29,paid_search,P009,Daily Lamp 09,true,false,false,71,,,
V000694,C00739,2025-06-25,direct,P026,Pure Band 26,true,false,false,18,,,
V000695,C00055,2025-11-01,direct,P020,Essential Bag 20,true,false,false,13,LOYALTY10,,
V000696,C00232,2025-04-10,social,P009,Daily Lamp 09,true,false,false,24,,,
V000697,C00712,2025-05-21,social,P029,Bright Organizer 29,true,false,false,28,,,
V000698,C00796,2025-06-15,paid_search,P029,Bright Organizer 29,true,false,false,70,,,
V000699,C00468,2025-06-08,paid_search,P002,Pure Band 02,true,false,false,58,,,
V000700,C00653,2025-11-29,direct,P004,Essential Bag 04,false,false,false,88,,,
V000701,C00815,2025-11-06,social,P024,Modern Serum 24,true,false,false,51,,,
V000702,C00141,2025-02-03,direct,P017,Daily Lamp 17,true,false,false,14,,,
V000703,C00260,2025-12-04,direct,P025,Daily Lamp 25,true,false,false,51,,,
V000704,C00824,2025-03-09,email,P005,Bright Organizer 05,true,false,true,301,,T001258,
V000705,C00964,2025-10-20,organic_search,P006,Active Mat 06,false,false,false,78,,,
V000706,C00911,2025-09-20,paid_search,P023,Calm Cream 23,false,false,false,27,,,
V000707,C00946,2025-04-18,direct,P003,Urban Bottle 03,true,false,false,46,,,
V000708,C00347,2025-04-13,organic_search,P018,Pure Band 18,true,false,false,31,,,
V000709,C00343,2025-08-01,organic_search,P006,Active Mat 06,true,false,false,177,,,
V000710,C00739,2025-08-29,organic_search,P003,Urban Bottle 03,true,false,false,49,,,
V000711,C00587,2025-05-12,paid_search,P011,Urban Bottle 11,true,false,false,31,,,
V000712,C00262,2025-02-21,email,P011,Urban Bottle 11,true,false,false,36,,,
V000713,C00948,2025-07-05,organic_search,P023,Calm Cream 23,true,false,false,49,,,
V000714,C00350,2025-10-11,organic_search,P012,Essential Bag 12,true,false,false,181,,,
V000715,C00980,2025-11-27,organic_search,P030,Active Mat 30,true,false,false,30,,,
V000716,C00359,2025-09-17,referral,P026,Pure Band 26,true,false,false,135,,,
V000717,C00495,2025-04-26,social,P004,Essential Bag 04,false,false,false,28,,,
V000718,C00591,2025-04-27,organic_search,P011,Urban Bottle 11,true,false,false,33,,,
V000719,C00626,2025-07-09,organic_search,P026,Pure Band 26,true,false,false,79,,,
V000720,C00643,2025-03-01,referral,P026,Pure Band 26,true,false,true,36,,T001120,
V000721,C00197,2025-02-14,social,P006,Active Mat 06,true,false,false,58,,,
V000722,C00901,2025-02-15,paid_search,P024,Modern Serum 24,true,false,false,41,,,
V000723,C00110,2025-03-13,organic_search,P012,Essential Bag 12,true,true,false,100,,,
V000724,C00705,2025-11-13,referral,P018,Pure Band 18,false,false,false,76,,,
V000725,C00414,2025-02-06,email,P028,Essential Bag 28,true,false,false,47,,,
V000726,C00438,2025-06-06,paid_search,P012,Essential Bag 12,true,true,false,69,,,
V000727,C00598,2025-04-18,social,P004,Essential Bag 04,true,false,false,165,,,
V000728,C00346,2025-03-20,paid_search,P023,Calm Cream 23,true,true,false,61,LOYALTY10,,
V000729,C00234,2025-08-15,direct,P007,Calm Cream 07,true,false,false,104,,,
V000730,C00696,2025-10-25,organic_search,P028,Essential Bag 28,true,false,false,83,,,
V000731,C00723,2025-05-14,paid_search,P028,Essential Bag 28,true,false,false,26,,,
V000732,C00329,2025-03-02,organic_search,P005,Bright Organizer 05,true,false,false,11,,,
V000733,C00606,2025-03-16,referral,P010,Pure Band 10,true,false,false,25,WELCOME5,,
V000734,C00045,2025-12-31,email,P016,Modern Serum 16,false,false,false,26,,,
V000735,C00687,2025-08-18,email,P016,Modern Serum 16,true,false,false,102,,,
V000736,C00602,2025-07-21,paid_search,P027,Urban Bottle 27,true,false,false,176,,,
V000737,C00319,2025-08-05,organic_search,P011,Urban Bottle 11,true,true,false,74,WEEKEND15,,
V000738,C00185,2025-11-25,social,P017,Daily Lamp 17,true,true,true,224,,T006035,
V000739,C00096,2025-09-16,organic_search,P021,Bright Organizer 21,true,false,true,175,,T004836,
V000740,C00667,2025-06-22,email,P024,Modern Serum 24,true,false,false,8,,,
V000741,C00024,2025-01-08,paid_search,P027,Urban Bottle 27,true,false,false,19,,,
V000742,C00154,2025-04-17,direct,P022,Active Mat 22,true,false,false,38,,,
V000743,C00362,2025-03-27,email,P004,Essential Bag 04,true,false,false,37,,,
V000744,C00145,2025-01-06,paid_search,P016,Modern Serum 16,true,false,false,87,,,
V000745,C00691,2025-09-06,referral,P005,Bright Organizer 05,true,false,false,261,,,
V000746,C00330,2025-06-18,email,P027,Urban Bottle 27,true,false,false,98,LOYALTY10,,
V000747,C00248,2025-12-03,direct,P029,Bright Organizer 29,true,false,false,205,,,
V000748,C00327,2025-08-06,direct,P005,Bright Organizer 05,true,false,false,132,,,
V000749,C00999,2025-07-20,paid_search,P005,Bright Organizer 05,false,false,false,315,,,
V000750,C00716,2025-10-23,direct,P002,Pure Band 02,true,false,false,133,WELCOME5,,
V000751,C00439,2025-05-10,email,P002,Pure Band 02,true,false,false,196,,,
V000752,C00927,2025-07-20,paid_search,P025,Daily Lamp 25,true,false,false,151,,,
V000753,C00212,2025-11-19,organic_search,P029,Bright Organizer 29,true,false,false,268,,,
V000754,C00413,2025-01-15,referral,P023,Calm Cream 23,true,false,false,33,WELCOME5,,
V000755,C00536,2025-02-06,social,P007,Calm Cream 07,true,false,false,37,WELCOME5,,
V000756,C00136,2025-02-11,paid_search,P021,Bright Organizer 21,true,false,false,56,WELCOME5,,
V000757,C00866,2025-06-07,direct,P004,Essential Bag 04,true,false,false,76,,,
V000758,C00607,2025-01-14,social,P017,Daily Lamp 17,true,false,false,135,,,
V000759,C00604,2025-11-04,paid_search,P030,Active Mat 30,true,false,false,51,,,
V000760,C00908,2025-09-29,paid_search,P002,Pure Band 02,true,false,false,27,WEEKEND15,,
V000761,C00005,2025-11-04,organic_search,P022,Active Mat 22,true,true,false,31,,,
V000762,C00123,2025-01-24,paid_search,P014,Active Mat 14,true,false,false,126,,,
V000763,C00758,2025-08-30,organic_search,P023,Calm Cream 23,false,false,false,42,,,
V000764,C00326,2025-05-05,email,P022,Active Mat 22,true,false,false,33,,,
V000765,C00069,2025-01-23,email,P024,Modern Serum 24,true,true,false,123,,,
V000766,C00562,2025-07-06,direct,P026,Pure Band 26,true,false,true,12,,T003570,
V000767,C00351,2025-04-22,organic_search,P026,Pure Band 26,true,false,false,24,,,
V000768,C00731,2025-03-08,referral,P029,Bright Organizer 29,true,true,false,92,,,
V000769,C00135,2025-09-15,direct,P023,Calm Cream 23,true,false,false,19,,,
V000770,C00580,2025-12-20,email,P025,Daily Lamp 25,true,false,false,204,,,
V000771,C00214,2025-03-22,direct,P006,Active Mat 06,true,true,false,242,,,
V000772,C00512,2025-11-19,email,P023,Calm Cream 23,true,true,false,194,,,
V000773,C00303,2025-12-19,social,P014,Active Mat 14,true,true,false,87,,,
V000774,C00036,2025-02-05,social,P025,Daily Lamp 25,true,true,false,35,,,
V000775,C00149,2025-07-14,organic_search,P020,Essential Bag 20,true,false,false,41,LOYALTY10,,
V000776,C00249,2025-11-20,social,P028,Essential Bag 28,true,false,false,97,,,
V000777,C00909,2025-08-23,email,P011,Urban Bottle 11,true,false,false,159,WEEKEND15,,
V000778,C00250,2025-02-09,paid_search,P009,Daily Lamp 09,true,false,true,89,,T000744,
V000779,C00128,2025-11-19,organic_search,P002,Pure Band 02,true,false,false,274,,,
V000780,C00449,2025-11-05,paid_search,P025,Daily Lamp 25,true,false,false,6,,,
V000781,C00797,2025-02-04,direct,P021,Bright Organizer 21,true,false,false,14,,,
V000782,C00556,2025-09-05,organic_search,P007,Calm Cream 07,true,false,false,5,,,
V000783,C00090,2025-11-06,email,P027,Urban Bottle 27,true,false,false,19,WELCOME5,,
V000784,C00881,2025-05-16,organic_search,P009,Daily Lamp 09,true,false,false,334,,,
V000785,C00614,2025-12-17,paid_search,P016,Modern Serum 16,false,false,false,64,,,
V000786,C00135,2025-06-13,direct,P014,Active Mat 14,true,false,false,67,,,
V000787,C00059,2025-07-18,organic_search,P010,Pure Band 10,true,false,false,28,,,
V000788,C00160,2025-03-09,social,P028,Essential Bag 28,true,false,false,94,,,
V000789,C00372,2025-04-27,email,P026,Pure Band 26,true,false,false,102,,,
V000790,C00622,2025-06-26,organic_search,P001,Daily Lamp 01,false,false,false,50,,,
V000791,C00706,2025-12-30,organic_search,P029,Bright Organizer 29,true,true,false,62,,,
V000792,C00269,2025-11-10,email,P013,Bright Organizer 13,true,false,false,73,WELCOME5,,
V000793,C00873,2025-03-19,direct,P003,Urban Bottle 03,true,false,false,213,,,
V000794,C00658,2025-03-14,organic_search,P006,Active Mat 06,true,false,false,30,,,
V000795,C00062,2025-08-23,paid_search,P010,Pure Band 10,true,false,false,65,LOYALTY10,,
V000796,C00575,2025-04-29,email,P025,Daily Lamp 25,true,false,false,12,,,
V000797,C00962,2025-11-24,social,P014,Active Mat 14,false,false,false,19,,,
V000798,C00940,2025-07-12,organic_search,P026,Pure Band 26,true,false,false,93,,,
V000799,C00353,2025-05-16,referral,P025,Daily Lamp 25,true,true,false,54,,,
V000800,C00258,2025-11-16,paid_search,P019,Urban Bottle 19,false,false,false,5,,,
V000801,C00779,2025-01-08,social,P002,Pure Band 02,true,false,false,77,WELCOME5,,
V000802,C00206,2025-05-12,email,P023,Calm Cream 23,true,false,false,48,,,
V000803,C00150,2025-02-01,direct,P016,Modern Serum 16,true,false,false,41,WEEKEND15,,
V000804,C00314,2025-05-18,email,P005,Bright Organizer 05,true,false,true,63,,T002634,
V000805,C00092,2025-11-13,organic_search,P006,Active Mat 06,true,false,false,56,,,
V000806,C00092,2025-12-16,organic_search,P028,Essential Bag 28,true,false,false,21,WEEKEND15,,
V000807,C00805,2025-08-18,organic_search,P011,Urban Bottle 11,true,false,false,19,,,
V000808,C00793,2025-08-20,social,P026,Pure Band 26,true,false,false,60,,,
V000809,C00373,2025-02-02,social,P009,Daily Lamp 09,true,false,false,28,,,
V000810,C00555,2025-12-05,organic_search,P027,Urban Bottle 27,true,false,false,82,,,
V000811,C00854,2025-11-11,email,P005,Bright Organizer 05,true,false,false,103,,,
V000812,C00203,2025-04-09,organic_search,P009,Daily Lamp 09,true,false,false,10,,,
V000813,C00508,2025-09-02,organic_search,P024,Modern Serum 24,true,false,false,33,,,
V000814,C00765,2025-02-16,social,P008,Modern Serum 08,true,false,true,37,,T000869,
V000815,C00384,2025-02-14,organic_search,P004,Essential Bag 04,true,false,false,41,,,
V000816,C00586,2025-01-07,paid_search,P027,Urban Bottle 27,true,false,false,33,WELCOME5,,
V000817,C00834,2025-05-02,direct,P026,Pure Band 26,true,false,false,63,,,
V000818,C00757,2025-09-23,social,P025,Daily Lamp 25,true,false,false,36,,,
V000819,C00462,2025-11-19,paid_search,P009,Daily Lamp 09,true,false,false,41,LOYALTY10,,
V000820,C00697,2025-08-29,paid_search,P006,Active Mat 06,false,false,false,110,,,
V000821,C00329,2025-04-07,paid_search,P022,Active Mat 22,true,false,false,43,WELCOME5,,
V000822,C00801,2025-03-09,direct,P016,Modern Serum 16,true,false,false,13,,,
V000823,C00565,2025-10-07,direct,P015,Calm Cream 15,true,false,false,174,WELCOME5,,
V000824,C00581,2025-05-17,paid_search,P030,Active Mat 30,true,false,false,14,,,
V000825,C00419,2025-10-17,referral,P005,Bright Organizer 05,true,false,false,47,WEEKEND15,,
V000826,C00119,2025-12-30,organic_search,P021,Bright Organizer 21,true,false,false,17,,,
V000827,C00450,2025-12-27,direct,P010,Pure Band 10,true,false,true,48,,T006515,
V000828,C00822,2025-02-13,email,P023,Calm Cream 23,true,false,false,56,,,
V000829,C00866,2025-04-05,direct,P005,Bright Organizer 05,true,true,true,107,,T001816,
V000830,C00495,2025-10-16,email,P018,Pure Band 18,true,false,false,53,WEEKEND15,,
V000831,C00147,2025-08-04,email,P024,Modern Serum 24,true,false,false,128,WELCOME5,,
V000832,C00480,2025-07-14,direct,P004,Essential Bag 04,true,false,false,35,,,
V000833,C00027,2025-07-20,direct,P026,Pure Band 26,true,false,false,13,,,
V000834,C00688,2025-03-12,direct,P026,Pure Band 26,true,false,false,138,WEEKEND15,,
V000835,C00499,2025-01-21,organic_search,P025,Daily Lamp 25,true,false,false,26,,,
V000836,C00355,2025-08-02,paid_search,P002,Pure Band 02,true,false,false,38,,,
V000837,C00118,2025-12-09,social,P029,Bright Organizer 29,true,true,true,169,,T006247,
V000838,C00222,2025-08-08,social,P004,Essential Bag 04,true,false,false,78,,,
V000839,C00158,2025-05-09,social,P023,Calm Cream 23,true,false,false,55,,,
V000840,C00911,2025-10-05,referral,P020,Essential Bag 20,true,false,false,99,LOYALTY10,,
V000841,C00643,2025-02-05,direct,P008,Modern Serum 08,true,false,false,27,,,
V000842,C00110,2025-01-01,direct,P002,Pure Band 02,true,true,true,379,WELCOME5,T000007,
V000843,C00784,2025-07-23,organic_search,P028,Essential Bag 28,true,false,false,22,,,
V000844,C00912,2025-11-13,direct,P017,Daily Lamp 17,true,false,false,26,,,
V000845,C00308,2025-03-30,social,P014,Active Mat 14,true,false,false,43,,,
V000846,C00894,2025-11-02,email,P030,Active Mat 30,true,false,false,28,LOYALTY10,,
V000847,C00344,2025-10-10,email,P002,Pure Band 02,true,false,false,35,,,
V000848,C00942,2025-12-25,social,P020,Essential Bag 20,true,false,false,29,,,
V000849,C00083,2025-11-29,paid_search,P017,Daily Lamp 17,true,false,false,59,,,
V000850,C00682,2025-12-22,paid_search,P009,Daily Lamp 09,true,true,false,39,,,
V000851,C00018,2025-12-15,paid_search,P013,Bright Organizer 13,true,false,false,73,,,
V000852,C00053,2025-10-01,organic_search,P024,Modern Serum 24,true,true,false,151,WELCOME5,,
V000853,C00577,2025-03-15,organic_search,P005,Bright Organizer 05,true,false,false,114,,,
V000854,C00841,2025-07-27,organic_search,P029,Bright Organizer 29,true,true,false,126,,,
V000855,C00201,2025-02-23,organic_search,P024,Modern Serum 24,true,false,true,68,,T001009,
V000856,C00113,2025-04-15,email,P019,Urban Bottle 19,true,false,false,54,WEEKEND15,,
V000857,C00705,2025-12-23,social,P013,Bright Organizer 13,true,false,false,36,LOYALTY10,,
V000858,C00690,2025-02-10,paid_search,P030,Active Mat 30,true,false,false,50,,,
V000859,C00774,2025-10-08,social,P029,Bright Organizer 29,true,false,false,138,,,
V000860,C00629,2025-11-11,paid_search,P010,Pure Band 10,true,true,false,31,,,
V000861,C00545,2025-11-22,paid_search,P006,Active Mat 06,false,false,false,24,,,
V000862,C00094,2025-01-17,direct,P016,Modern Serum 16,true,true,false,105,WELCOME5,,
V000863,C00676,2025-05-23,direct,P029,Bright Organizer 29,true,true,true,64,WEEKEND15,T002741,
V000864,C00718,2025-03-03,paid_search,P011,Urban Bottle 11,true,false,false,65,WEEKEND15,,
V000865,C00942,2025-07-29,social,P019,Urban Bottle 19,false,false,false,104,WEEKEND15,,
V000866,C00943,2025-12-23,social,P017,Daily Lamp 17,true,false,false,856,,,
V000867,C00294,2025-01-09,social,P006,Active Mat 06,true,true,false,55,,,
V000868,C00622,2025-01-26,organic_search,P001,Daily Lamp 01,true,false,false,111,,,
V000869,C00915,2025-05-24,direct,P028,Essential Bag 28,true,false,false,49,,,
V000870,C00298,2025-07-15,organic_search,P019,Urban Bottle 19,true,true,false,236,,,
V000871,C00477,2025-05-09,paid_search,P003,Urban Bottle 03,true,false,false,63,,,
V000872,C00623,2025-01-05,organic_search,P013,Bright Organizer 13,true,false,false,25,,,
V000873,C00187,2025-04-29,social,P030,Active Mat 30,true,false,false,41,,,
V000874,C00380,2025-11-18,email,P026,Pure Band 26,true,false,false,10,,,
V000875,C00039,2025-09-06,paid_search,P013,Bright Organizer 13,true,false,false,57,,,
V000876,C00727,2025-11-18,social,P019,Urban Bottle 19,false,false,false,77,,,
V000877,C00545,2025-10-07,direct,P013,Bright Organizer 13,true,true,false,88,,,
V000878,C00982,2025-04-19,organic_search,P019,Urban Bottle 19,true,false,false,50,,,
V000879,C00413,2025-05-30,paid_search,P001,Daily Lamp 01,false,false,false,32,,,
V000880,C00743,2025-02-15,paid_search,P023,Calm Cream 23,true,false,false,64,,,
V000881,C00593,2025-08-02,social,P025,Daily Lamp 25,true,false,false,87,WELCOME5,,
V000882,C00679,2025-09-20,organic_search,P023,Calm Cream 23,false,false,false,54,,,
V000883,C00986,2025-09-19,email,P029,Bright Organizer 29,true,false,false,40,,,
V000884,C00725,2025-06-23,direct,P001,Daily Lamp 01,false,false,false,50,,,
V000885,C00307,2025-03-13,paid_search,P016,Modern Serum 16,true,false,false,33,,,
V000886,C00595,2025-10-20,referral,P012,Essential Bag 12,false,false,false,82,,,
V000887,C00542,2025-12-04,organic_search,P030,Active Mat 30,true,false,false,53,,,
V000888,C00329,2025-11-10,paid_search,P001,Daily Lamp 01,true,false,false,53,,,
V000889,C00042,2025-07-10,paid_search,P029,Bright Organizer 29,true,true,false,243,,,
V000890,C00921,2025-03-03,paid_search,P003,Urban Bottle 03,true,false,false,61,,,
V000891,C00010,2025-08-06,paid_search,P006,Active Mat 06,true,false,false,108,,,
V000892,C00269,2025-02-24,social,P006,Active Mat 06,true,true,false,31,WELCOME5,,
V000893,C00808,2025-02-22,referral,P011,Urban Bottle 11,true,false,false,234,,,
V000894,C00622,2025-09-06,organic_search,P014,Active Mat 14,true,false,true,128,LOYALTY10,T004647,
V000895,C00864,2025-07-14,email,P008,Modern Serum 08,true,false,false,60,LOYALTY10,,
V000896,C00192,2025-06-01,email,P026,Pure Band 26,true,true,true,67,,T002906,
V000897,C00877,2025-06-26,social,P016,Modern Serum 16,true,false,false,88,,,
V000898,C00575,2025-08-22,social,P020,Essential Bag 20,true,false,false,85,,,
V000899,C00471,2025-10-16,social,P007,Calm Cream 07,true,false,false,40,,,
V000900,C00334,2025-04-13,social,P002,Pure Band 02,true,false,false,49,WELCOME5,,
V000901,C00422,2025-10-18,organic_search,P013,Bright Organizer 13,true,true,true,578,,T005386,
V000902,C00684,2025-07-09,organic_search,P014,Active Mat 14,true,true,false,377,,,
V000903,C00316,2025-06-16,organic_search,P021,Bright Organizer 21,true,false,false,87,,,
V000904,C00563,2025-07-10,social,P023,Calm Cream 23,true,false,false,10,,,
V000905,C00901,2025-10-08,social,P023,Calm Cream 23,true,false,false,66,,,
V000906,C00268,2025-10-11,referral,P011,Urban Bottle 11,true,false,false,50,,,
V000907,C00747,2025-10-15,email,P007,Calm Cream 07,true,false,false,12,,,
V000908,C00524,2025-08-10,email,P007,Calm Cream 07,true,false,false,15,WELCOME5,,
V000909,C00091,2025-05-04,direct,P021,Bright Organizer 21,true,false,false,12,,,
V000910,C00760,2025-05-18,organic_search,P018,Pure Band 18,true,false,false,26,,,
V000911,C00612,2025-09-01,social,P024,Modern Serum 24,true,false,false,10,,,
V000912,C00148,2025-12-15,social,P009,Daily Lamp 09,true,false,false,41,,,
V000913,C00653,2025-08-14,referral,P019,Urban Bottle 19,true,false,false,41,,,
V000914,C00838,2025-10-03,direct,P018,Pure Band 18,true,true,false,46,,,
V000915,C00321,2025-12-26,direct,P006,Active Mat 06,false,false,false,52,,,
V000916,C00069,2025-03-14,direct,P029,Bright Organizer 29,true,false,false,43,,,
V000917,C00678,2025-05-18,paid_search,P010,Pure Band 10,true,false,false,99,,,
V000918,C00266,2025-12-23,email,P005,Bright Organizer 05,false,false,false,42,,,
V000919,C00922,2025-12-08,paid_search,P025,Daily Lamp 25,true,false,false,50,,,
V000920,C00726,2025-03-08,email,P023,Calm Cream 23,true,false,false,7,WEEKEND15,,
V000921,C00700,2025-08-08,social,P001,Daily Lamp 01,true,true,true,177,WEEKEND15,T004142,
V000922,C00212,2025-04-25,email,P007,Calm Cream 07,true,true,false,74,,,
V000923,C00798,2025-04-10,direct,P018,Pure Band 18,true,false,true,164,,T001932,
V000924,C00286,2025-10-15,paid_search,P012,Essential Bag 12,false,false,false,31,,,
V000925,C00583,2025-07-04,paid_search,P028,Essential Bag 28,true,false,false,42,,,
V000926,C00009,2025-06-26,organic_search,P010,Pure Band 10,true,false,false,43,,,
V000927,C00064,2025-05-28,direct,P013,Bright Organizer 13,true,true,false,50,,,
V000928,C00423,2025-08-01,social,P017,Daily Lamp 17,true,false,false,18,,,
V000929,C00992,2025-07-19,organic_search,P021,Bright Organizer 21,true,false,false,21,,,
V000930,C00557,2025-10-25,paid_search,P011,Urban Bottle 11,false,false,false,115,,,
V000931,C00971,2025-11-12,social,P004,Essential Bag 04,true,false,false,218,,,
V000932,C00578,2025-03-14,social,P001,Daily Lamp 01,true,true,false,45,,,
V000933,C00329,2025-09-19,social,P017,Daily Lamp 17,true,false,false,107,,,
V000934,C00082,2025-12-12,social,P014,Active Mat 14,true,false,false,34,,,
V000935,C00128,2025-08-23,organic_search,P026,Pure Band 26,true,true,false,170,,,
V000936,C00850,2025-10-17,paid_search,P027,Urban Bottle 27,true,false,false,79,,,
V000937,C00894,2025-07-03,paid_search,P024,Modern Serum 24,true,true,false,213,,,
V000938,C00474,2025-05-17,direct,P030,Active Mat 30,true,false,false,129,,,
V000939,C00818,2025-11-18,social,P025,Daily Lamp 25,true,true,false,96,,,
V000940,C00413,2025-07-30,direct,P003,Urban Bottle 03,true,false,false,71,,,
V000941,C00594,2025-07-22,email,P029,Bright Organizer 29,true,false,true,719,,T003852,
V000942,C00479,2025-12-21,organic_search,P021,Bright Organizer 21,true,true,true,246,,T006437,
V000943,C00990,2025-09-28,social,P012,Essential Bag 12,false,false,false,107,,,
V000944,C00075,2025-08-17,organic_search,P021,Bright Organizer 21,true,false,false,17,,,
V000945,C00575,2025-07-23,organic_search,P016,Modern Serum 16,false,false,false,42,WEEKEND15,,
V000946,C00129,2025-10-09,paid_search,P021,Bright Organizer 21,true,false,true,32,,T005215,
V000947,C00120,2025-10-14,paid_search,P012,Essential Bag 12,true,false,false,166,,,
V000948,C00676,2025-06-12,social,P009,Daily Lamp 09,true,false,false,73,,,
V000949,C00674,2025-08-05,social,P014,Active Mat 14,true,false,false,137,WEEKEND15,,
V000950,C00491,2025-04-19,paid_search,P010,Pure Band 10,true,false,false,51,,,
V000951,C00604,2025-05-14,paid_search,P009,Daily Lamp 09,true,false,false,10,WELCOME5,,
V000952,C00605,2025-10-11,organic_search,P003,Urban Bottle 03,true,false,false,123,,,
V000953,C00687,2025-08-16,social,P012,Essential Bag 12,true,false,true,79,,T004318,
V000954,C00170,2025-02-01,email,P019,Urban Bottle 19,true,false,false,68,,,
V000955,C00506,2025-11-16,referral,P022,Active Mat 22,true,true,false,39,,,
V000956,C00392,2025-05-21,email,P026,Pure Band 26,true,false,false,95,,,
V000957,C00539,2025-06-02,social,P018,Pure Band 18,true,true,false,162,,,
V000958,C00694,2025-06-30,organic_search,P018,Pure Band 18,true,true,false,309,,,
V000959,C00336,2025-06-11,organic_search,P012,Essential Bag 12,true,false,false,296,LOYALTY10,,
V000960,C00467,2025-12-22,email,P018,Pure Band 18,false,false,false,21,,,
V000961,C00533,2025-03-27,social,P006,Active Mat 06,false,false,false,219,,,
V000962,C00400,2025-11-04,email,P008,Modern Serum 08,true,false,true,258,,T005660,
V000963,C00665,2025-03-06,social,P007,Calm Cream 07,true,true,false,43,,,
V000964,C00567,2025-05-26,paid_search,P023,Calm Cream 23,true,false,false,57,,,
V000965,C00367,2025-07-30,paid_search,P026,Pure Band 26,true,false,false,51,LOYALTY10,,
V000966,C00841,2025-06-04,organic_search,P013,Bright Organizer 13,true,true,false,575,,,
V000967,C00750,2025-05-07,organic_search,P027,Urban Bottle 27,true,false,false,43,,,
V000968,C00804,2025-06-25,social,P025,Daily Lamp 25,true,false,false,64,,,
V000969,C00489,2025-07-21,social,P001,Daily Lamp 01,true,false,false,77,,,
V000970,C00278,2025-09-27,social,P029,Bright Organizer 29,true,true,false,126,,,
V000971,C00766,2025-06-29,direct,P002,Pure Band 02,true,false,false,28,LOYALTY10,,
V000972,C00340,2025-04-06,social,P012,Essential Bag 12,true,false,false,21,,,
V000973,C00965,2025-11-23,social,P001,Daily Lamp 01,false,false,false,38,,,
V000974,C00993,2025-06-08,organic_search,P018,Pure Band 18,true,false,false,109,,,
V000975,C00112,2025-05-07,social,P026,Pure Band 26,true,false,false,87,,,
V000976,C00870,2025-11-19,email,P002,Pure Band 02,true,false,false,55,,,
V000977,C00700,2025-08-16,paid_search,P009,Daily Lamp 09,true,false,false,80,,,
V000978,C00639,2025-06-22,email,P020,Essential Bag 20,true,false,false,24,,,
V000979,C00214,2025-09-03,organic_search,P018,Pure Band 18,true,false,false,35,,,
V000980,C00912,2025-02-02,organic_search,P024,Modern Serum 24,true,false,false,13,WELCOME5,,
V000981,C00091,2025-08-20,email,P006,Active Mat 06,true,false,false,54,,,
V000982,C00535,2025-09-02,organic_search,P002,Pure Band 02,true,false,false,45,,,
V000983,C00227,2025-12-28,organic_search,P016,Modern Serum 16,false,false,false,50,,,
V000984,C00118,2025-05-21,social,P019,Urban Bottle 19,true,false,false,69,,,
V000985,C00481,2025-12-14,organic_search,P025,Daily Lamp 25,true,false,false,51,,,
V000986,C00606,2025-06-03,organic_search,P018,Pure Band 18,true,false,false,70,,,
V000987,C00007,2025-04-16,organic_search,P004,Essential Bag 04,true,false,false,20,,,
V000988,C00743,2025-11-25,organic_search,P017,Daily Lamp 17,true,true,false,96,,,
V000989,C00407,2025-06-11,social,P003,Urban Bottle 03,true,false,false,113,,,
V000990,C00538,2025-02-11,paid_search,P001,Daily Lamp 01,true,true,false,36,,,
V000991,C00160,2025-09-06,paid_search,P024,Modern Serum 24,true,false,false,107,,,
V000992,C00777,2025-08-17,direct,P001,Daily Lamp 01,false,false,false,18,LOYALTY10,,
V000993,C00941,2025-09-21,organic_search,P016,Modern Serum 16,false,false,false,70,,,
V000994,C00971,2025-06-21,social,P025,Daily Lamp 25,true,false,false,54,,,
V000995,C00611,2025-09-28,social,P028,Essential Bag 28,true,false,false,208,,,
V000996,C00063,2025-06-20,direct,P001,Daily Lamp 01,true,false,false,61,WELCOME5,,
V000997,C00349,2025-04-22,social,P027,Urban Bottle 27,true,false,false,74,,,
V000998,C00766,2025-02-01,organic_search,P022,Active Mat 22,true,false,false,98,WELCOME5,,
V000999,C00957,2025-03-23,paid_search,P010,Pure Band 10,true,true,false,148,,,
V001000,C00873,2025-03-31,paid_search,P017,Daily Lamp 17,true,false,false,109,,,
V001001,C00706,2025-06-18,paid_search,P012,Essential Bag 12,true,false,false,144,,,
V001002,C00771,2025-11-07,paid_search,P002,Pure Band 02,true,false,false,13,,,
V001003,C00317,2025-02-02,direct,P011,Urban Bottle 11,true,false,false,76,LOYALTY10,,
V001004,C00763,2025-04-26,organic_search,P020,Essential Bag 20,true,false,false,47,,,
V001005,C00732,2025-12-01,organic_search,P018,Pure Band 18,true,true,false,202,,,
V001006,C00506,2025-06-06,direct,P028,Essential Bag 28,true,false,false,15,,,
V001007,C00820,2025-05-26,direct,P009,Daily Lamp 09,true,true,false,43,,,
V001008,C00906,2025-05-02,organic_search,P002,Pure Band 02,true,false,false,57,,,
V001009,C00856,2025-02-07,social,P010,Pure Band 10,true,false,false,144,,,
V001010,C00216,2025-02-18,direct,P013,Bright Organizer 13,true,false,true,36,WEEKEND15,T000910,
V001011,C00725,2025-04-08,direct,P018,Pure Band 18,true,false,true,27,,T001880,
V001012,C00229,2025-02-19,paid_search,P017,Daily Lamp 17,true,false,false,14,WEEKEND15,,
V001013,C00219,2025-07-13,social,P023,Calm Cream 23,true,true,true,74,,T003698,
V001014,C00680,2025-05-07,paid_search,P022,Active Mat 22,true,false,false,212,,,
V001015,C00737,2025-03-03,social,P030,Active Mat 30,true,false,false,38,WEEKEND15,,
V001016,C00980,2025-08-07,organic_search,P011,Urban Bottle 11,true,false,false,119,,,
V001017,C00223,2025-06-14,direct,P028,Essential Bag 28,true,false,false,24,,,
V001018,C00681,2025-06-09,email,P026,Pure Band 26,true,false,false,81,,,
V001019,C00536,2025-11-10,organic_search,P022,Active Mat 22,true,false,false,115,LOYALTY10,,
V001020,C00999,2025-02-27,direct,P015,Calm Cream 15,true,false,false,158,,,
V001021,C00400,2025-10-13,direct,P015,Calm Cream 15,true,false,false,64,,,
V001022,C00373,2025-12-02,email,P017,Daily Lamp 17,true,true,true,176,LOYALTY10,T006118,
V001023,C00864,2025-02-07,social,P011,Urban Bottle 11,true,true,false,87,LOYALTY10,,
V001024,C00053,2025-11-08,social,P011,Urban Bottle 11,true,false,false,108,,,
V001025,C00706,2025-01-20,organic_search,P004,Essential Bag 04,true,true,false,177,,,
V001026,C00458,2025-03-20,email,P005,Bright Organizer 05,true,false,false,46,LOYALTY10,,
V001027,C00563,2025-01-27,paid_search,P019,Urban Bottle 19,true,false,false,19,,,
V001028,C00178,2025-02-06,paid_search,P028,Essential Bag 28,true,false,false,73,,,
V001029,C00662,2025-11-09,direct,P010,Pure Band 10,true,false,false,31,WELCOME5,,
V001030,C00736,2025-09-19,social,P030,Active Mat 30,true,false,false,21,LOYALTY10,,
V001031,C00489,2025-05-27,organic_search,P004,Essential Bag 04,false,false,false,35,WELCOME5,,
V001032,C00892,2025-05-19,organic_search,P001,Daily Lamp 01,true,false,false,51,,,
V001033,C00433,2025-04-29,paid_search,P022,Active Mat 22,true,false,false,24,,,
V001034,C00903,2025-06-02,organic_search,P023,Calm Cream 23,true,false,false,118,,,
V001035,C00846,2025-11-18,referral,P003,Urban Bottle 03,true,false,false,52,,,
V001036,C00705,2025-09-16,referral,P014,Active Mat 14,false,false,false,61,,,
V001037,C00335,2025-05-20,email,P001,Daily Lamp 01,true,false,false,26,,,
V001038,C00606,2025-08-29,direct,P030,Active Mat 30,true,false,false,334,,,
V001039,C00603,2025-08-13,direct,P029,Bright Organizer 29,true,false,false,28,LOYALTY10,,
V001040,C00060,2025-03-22,paid_search,P022,Active Mat 22,true,false,false,55,,,
V001041,C00305,2025-02-07,direct,P023,Calm Cream 23,true,false,false,36,,,
V001042,C00765,2025-07-13,organic_search,P014,Active Mat 14,true,true,true,206,,T003691,
V001043,C00952,2025-04-26,direct,P026,Pure Band 26,true,true,false,43,,,
V001044,C00672,2025-05-15,social,P020,Essential Bag 20,true,false,true,92,,T002552,
V001045,C00221,2025-12-11,paid_search,P021,Bright Organizer 21,true,false,false,64,,,
V001046,C00080,2025-05-20,email,P028,Essential Bag 28,true,true,false,118,,,
V001047,C00227,2025-12-29,direct,P012,Essential Bag 12,false,false,false,84,,,
V001048,C00689,2025-06-13,organic_search,P005,Bright Organizer 05,true,false,false,98,,,
V001049,C00064,2025-02-09,organic_search,P017,Daily Lamp 17,true,false,false,52,,,
V001050,C00042,2025-09-17,direct,P030,Active Mat 30,true,false,false,49,,,
V001051,C00653,2025-05-03,paid_search,P023,Calm Cream 23,true,true,false,67,,,
V001052,C00440,2025-01-27,organic_search,P005,Bright Organizer 05,true,false,false,21,,,
V001053,C00779,2025-07-02,email,P025,Daily Lamp 25,true,false,false,67,WEEKEND15,,
V001054,C00221,2025-01-25,social,P007,Calm Cream 07,true,false,false,41,,,
V001055,C00776,2025-12-23,organic_search,P015,Calm Cream 15,true,false,false,29,,,
V001056,C00914,2025-01-21,paid_search,P005,Bright Organizer 05,true,false,false,67,,,
V001057,C00141,2025-06-08,referral,P010,Pure Band 10,true,false,false,75,LOYALTY10,,
V001058,C00508,2025-10-13,social,P028,Essential Bag 28,true,false,false,152,,,
V001059,C00945,2025-06-06,direct,P017,Daily Lamp 17,true,false,false,24,,,
V001060,C00997,2025-07-24,organic_search,P014,Active Mat 14,true,false,false,176,WEEKEND15,,
V001061,C00692,2025-11-13,organic_search,P023,Calm Cream 23,true,false,false,45,,,
V001062,C00414,2025-03-12,organic_search,P030,Active Mat 30,true,false,false,156,,,
V001063,C00983,2025-12-10,direct,P021,Bright Organizer 21,true,false,false,55,WELCOME5,,
V001064,C00095,2025-06-10,email,P019,Urban Bottle 19,true,false,false,18,,,
V001065,C00913,2025-07-25,social,P023,Calm Cream 23,false,false,false,50,,,
V001066,C00054,2025-12-07,paid_search,P009,Daily Lamp 09,true,false,false,40,,,
V001067,C00695,2025-11-26,organic_search,P011,Urban Bottle 11,true,false,false,118,,,
V001068,C00703,2025-03-23,social,P012,Essential Bag 12,true,false,false,33,LOYALTY10,,
V001069,C00470,2025-10-10,email,P028,Essential Bag 28,true,false,false,28,LOYALTY10,,
V001070,C00952,2025-10-30,paid_search,P025,Daily Lamp 25,true,false,false,16,WELCOME5,,
V001071,C00663,2025-12-12,organic_search,P025,Daily Lamp 25,true,true,true,17,,T006311,
V001072,C00441,2025-11-04,organic_search,P020,Essential Bag 20,true,false,false,51,,,
V001073,C00112,2025-11-27,organic_search,P002,Pure Band 02,true,false,false,17,,,
V001074,C00849,2025-12-22,social,P014,Active Mat 14,true,false,false,34,,,
V001075,C00457,2025-12-03,direct,P011,Urban Bottle 11,true,false,false,47,WEEKEND15,,
V001076,C00028,2025-01-12,paid_search,P014,Active Mat 14,true,false,false,62,LOYALTY10,,
V001077,C00580,2025-02-03,social,P006,Active Mat 06,true,true,false,124,,,
V001078,C00055,2025-05-24,organic_search,P010,Pure Band 10,true,true,false,36,,,
V001079,C00430,2025-11-24,social,P017,Daily Lamp 17,true,false,false,5,,,
V001080,C00961,2025-01-17,referral,P006,Active Mat 06,true,false,false,964,,,
V001081,C00655,2025-01-29,email,P018,Pure Band 18,true,false,false,58,WEEKEND15,,
V001082,C00196,2025-02-08,paid_search,P024,Modern Serum 24,true,false,false,31,,,
V001083,C00859,2025-02-26,social,P030,Active Mat 30,true,true,true,267,WEEKEND15,T001068,
V001084,C00815,2025-02-17,organic_search,P026,Pure Band 26,true,false,false,88,LOYALTY10,,
V001085,C00321,2025-06-12,paid_search,P007,Calm Cream 07,true,false,false,17,,,
V001086,C00099,2025-06-03,paid_search,P002,Pure Band 02,true,false,false,113,,,
V001087,C00917,2025-01-28,email,P004,Essential Bag 04,true,false,false,33,WEEKEND15,,
V001088,C00094,2025-02-15,direct,P004,Essential Bag 04,true,false,false,46,,,
V001089,C00745,2025-03-17,referral,P014,Active Mat 14,true,false,false,32,,,
V001090,C00125,2025-03-18,email,P016,Modern Serum 16,true,false,false,86,,,
V001091,C00237,2025-04-26,social,P008,Modern Serum 08,true,false,false,182,,,
V001092,C00497,2025-05-04,organic_search,P029,Bright Organizer 29,true,false,false,64,,,
V001093,C00540,2025-08-03,direct,P011,Urban Bottle 11,true,false,false,96,,,
V001094,C00935,2025-03-17,organic_search,P017,Daily Lamp 17,true,false,false,72,,,
V001095,C00049,2025-03-25,direct,P011,Urban Bottle 11,true,false,false,142,,,
V001096,C00869,2025-08-16,email,P009,Daily Lamp 09,true,false,false,19,,,
V001097,C00017,2025-06-18,paid_search,P027,Urban Bottle 27,true,false,false,52,,,
V001098,C00613,2025-11-14,paid_search,P009,Daily Lamp 09,true,false,false,36,,,
V001099,C00678,2025-02-16,organic_search,P017,Daily Lamp 17,true,false,false,89,,,
V001100,C00609,2025-07-09,paid_search,P017,Daily Lamp 17,true,false,true,157,,T003611,
V001101,C00403,2025-04-19,organic_search,P016,Modern Serum 16,true,true,false,39,WEEKEND15,,
V001102,C00010,2025-11-13,organic_search,P007,Calm Cream 07,true,true,true,252,,T005858,
V001103,C00747,2025-05-25,email,P008,Modern Serum 08,true,true,false,97,,,
V001104,C00559,2025-07-19,organic_search,P003,Urban Bottle 03,true,false,false,268,WELCOME5,,
V001105,C00513,2025-01-28,paid_search,P001,Daily Lamp 01,true,false,false,101,WELCOME5,,
V001106,C00437,2025-03-15,organic_search,P011,Urban Bottle 11,true,false,false,71,LOYALTY10,,
V001107,C00730,2025-06-15,organic_search,P006,Active Mat 06,true,false,false,26,,,
V001108,C00054,2025-01-04,email,P024,Modern Serum 24,true,true,false,606,,,
V001109,C00267,2025-12-27,organic_search,P022,Active Mat 22,true,false,false,22,,,
V001110,C00603,2025-01-23,social,P025,Daily Lamp 25,true,false,false,86,,,
V001111,C00082,2025-10-30,paid_search,P028,Essential Bag 28,true,false,false,13,,,
V001112,C00845,2025-01-02,email,P004,Essential Bag 04,true,false,false,35,,,
V001113,C00974,2025-11-19,email,P008,Modern Serum 08,true,false,false,67,,,
V001114,C00372,2025-07-07,organic_search,P013,Bright Organizer 13,true,false,false,13,WEEKEND15,,
V001115,C00595,2025-07-09,organic_search,P011,Urban Bottle 11,true,false,false,73,,,
V001116,C00181,2025-11-23,social,P003,Urban Bottle 03,true,false,true,76,,T006009,
V001117,C00287,2025-07-24,direct,P006,Active Mat 06,false,false,false,88,,,
V001118,C00009,2025-08-12,social,P018,Pure Band 18,true,false,false,48,,,
V001119,C00381,2025-10-17,referral,P014,Active Mat 14,true,true,false,60,,,
V001120,C00848,2025-07-29,paid_search,P020,Essential Bag 20,true,false,false,107,,,
V001121,C00068,2025-01-23,email,P024,Modern Serum 24,true,false,false,73,,,
V001122,C00163,2025-07-21,social,P027,Urban Bottle 27,true,false,false,23,,,
V001123,C00450,2025-09-26,paid_search,P001,Daily Lamp 01,false,false,false,345,,,
V001124,C00622,2025-08-17,social,P027,Urban Bottle 27,true,false,false,52,,,
V001125,C00976,2025-09-10,organic_search,P017,Daily Lamp 17,true,false,false,43,,,
V001126,C00485,2025-03-27,organic_search,P002,Pure Band 02,true,true,false,146,,,
V001127,C00753,2025-08-08,email,P030,Active Mat 30,true,true,false,14,,,
V001128,C00412,2025-04-16,organic_search,P006,Active Mat 06,false,false,false,33,,,
V001129,C00996,2025-07-11,organic_search,P009,Daily Lamp 09,true,false,false,31,,,
V001130,C00276,2025-04-21,organic_search,P004,Essential Bag 04,true,false,false,44,,,
V001131,C00936,2025-02-12,social,P008,Modern Serum 08,true,false,true,129,WELCOME5,T000796,
V001132,C00178,2025-04-29,organic_search,P010,Pure Band 10,true,false,false,48,,,
V001133,C00875,2025-04-13,email,P009,Daily Lamp 09,true,true,false,143,,,
V001134,C00860,2025-06-23,email,P003,Urban Bottle 03,true,false,false,44,WEEKEND15,,
V001135,C00470,2025-09-09,organic_search,P010,Pure Band 10,true,false,false,26,,,
V001136,C00800,2025-07-29,organic_search,P010,Pure Band 10,true,false,false,25,,,
V001137,C00977,2025-07-21,social,P029,Bright Organizer 29,true,false,false,451,,,
V001138,C00635,2025-04-12,email,P022,Active Mat 22,true,false,false,239,WELCOME5,,
V001139,C00543,2025-10-06,social,P019,Urban Bottle 19,true,false,false,202,,,
V001140,C00533,2025-10-13,email,P028,Essential Bag 28,true,false,false,87,,,
V001141,C00905,2025-01-06,paid_search,P008,Modern Serum 08,true,true,true,200,WEEKEND15,T000099,
V001142,C00802,2025-07-23,direct,P024,Modern Serum 24,true,false,false,30,,,
V001143,C00597,2025-04-21,direct,P028,Essential Bag 28,true,false,false,34,,,
V001144,C00700,2025-09-10,email,P012,Essential Bag 12,true,false,false,110,,,
V001145,C00833,2025-02-25,organic_search,P024,Modern Serum 24,true,true,true,66,LOYALTY10,T001034,
V001146,C00437,2025-02-14,organic_search,P005,Bright Organizer 05,true,true,false,199,,,
V001147,C00770,2025-10-27,organic_search,P014,Active Mat 14,false,false,false,54,,,
V001148,C00599,2025-08-31,organic_search,P002,Pure Band 02,true,false,false,174,,,
V001149,C00760,2025-03-07,organic_search,P004,Essential Bag 04,true,false,false,14,,,
V001150,C00835,2025-11-17,email,P013,Bright Organizer 13,true,false,true,22,,T005908,
V001151,C00122,2025-05-13,social,P011,Urban Bottle 11,true,true,false,147,WEEKEND15,,
V001152,C00834,2025-07-20,paid_search,P029,Bright Organizer 29,true,false,false,46,,,
V001153,C00154,2025-08-20,social,P029,Bright Organizer 29,true,false,false,16,WELCOME5,,
V001154,C00039,2025-05-18,social,P024,Modern Serum 24,true,false,false,79,,,
V001155,C00791,2025-12-29,direct,P003,Urban Bottle 03,true,true,false,149,,,
V001156,C00631,2025-07-08,direct,P014,Active Mat 14,true,false,false,39,,,
V001157,C00084,2025-05-06,direct,P016,Modern Serum 16,true,false,false,64,,,
V001158,C00208,2025-09-01,email,P002,Pure Band 02,true,false,false,87,,,
V001159,C00203,2025-09-24,organic_search,P006,Active Mat 06,false,false,false,47,WELCOME5,,
V001160,C00496,2025-11-18,paid_search,P005,Bright Organizer 05,true,true,false,90,,,
V001161,C00819,2025-03-20,direct,P002,Pure Band 02,true,false,false,90,,,
V001162,C00101,2025-08-12,organic_search,P003,Urban Bottle 03,true,false,true,60,,T004217,
V001163,C00815,2025-12-30,paid_search,P011,Urban Bottle 11,false,false,false,164,,,
V001164,C00630,2025-11-06,email,P016,Modern Serum 16,true,false,false,51,,,
V001165,C00020,2025-04-30,direct,P011,Urban Bottle 11,true,false,false,108,WELCOME5,,
V001166,C00678,2025-04-16,organic_search,P002,Pure Band 02,true,false,false,87,,,
V001167,C00609,2025-07-18,email,P002,Pure Band 02,true,true,false,38,LOYALTY10,,
V001168,C00680,2025-09-23,direct,P017,Daily Lamp 17,true,false,false,47,,,
V001169,C00155,2025-04-11,organic_search,P017,Daily Lamp 17,true,false,false,26,,,
V001170,C00972,2025-07-04,organic_search,P005,Bright Organizer 05,true,false,false,79,,,
V001171,C00178,2025-06-03,direct,P006,Active Mat 06,true,false,false,116,,,
V001172,C00808,2025-04-03,social,P014,Active Mat 14,true,false,false,87,,,
V001173,C00054,2025-10-09,organic_search,P017,Daily Lamp 17,true,false,false,79,WELCOME5,,
V001174,C00671,2025-06-14,social,P019,Urban Bottle 19,true,false,false,30,LOYALTY10,,
V001175,C00674,2025-03-19,social,P029,Bright Organizer 29,true,false,false,59,WEEKEND15,,
V001176,C00755,2025-12-18,email,P019,Urban Bottle 19,false,false,false,57,,,
V001177,C00463,2025-06-28,direct,P007,Calm Cream 07,true,false,false,116,,,
V001178,C00126,2025-12-20,organic_search,P022,Active Mat 22,true,false,false,69,,,
V001179,C00003,2025-05-20,email,P016,Modern Serum 16,true,false,false,60,LOYALTY10,,
V001180,C00721,2025-07-20,paid_search,P019,Urban Bottle 19,false,false,false,26,WEEKEND15,,
V001181,C00764,2025-07-23,paid_search,P017,Daily Lamp 17,true,false,true,213,,T003873,
V001182,C00228,2025-05-18,paid_search,P001,Daily Lamp 01,true,false,true,142,,T002622,
V001183,C00232,2025-01-23,social,P024,Modern Serum 24,true,false,false,198,,,
V001184,C00221,2025-08-30,direct,P024,Modern Serum 24,true,false,false,134,,,
V001185,C00784,2025-07-23,paid_search,P028,Essential Bag 28,true,false,false,76,,,
V001186,C00725,2025-10-26,organic_search,P003,Urban Bottle 03,true,false,false,37,WELCOME5,,
V001187,C00323,2025-04-14,organic_search,P019,Urban Bottle 19,true,false,false,55,,,
V001188,C00730,2025-05-12,organic_search,P028,Essential Bag 28,true,false,false,35,,,
V001189,C00930,2025-04-25,email,P010,Pure Band 10,true,false,false,37,WEEKEND15,,
V001190,C00679,2025-05-22,organic_search,P017,Daily Lamp 17,true,false,false,112,,,
V001191,C00556,2025-02-01,paid_search,P013,Bright Organizer 13,true,true,true,118,,T000609,
V001192,C00450,2025-11-25,direct,P026,Pure Band 26,true,false,false,24,,,
V001193,C00541,2025-05-29,direct,P023,Calm Cream 23,true,true,true,74,,T002835,
V001194,C00191,2025-02-07,social,P003,Urban Bottle 03,true,false,false,10,,,
V001195,C00046,2025-03-20,social,P023,Calm Cream 23,true,false,false,81,WELCOME5,,
V001196,C00237,2025-09-19,direct,P006,Active Mat 06,true,true,false,142,LOYALTY10,,
V001197,C00841,2025-01-29,direct,P016,Modern Serum 16,true,false,false,23,,,
V001198,C00804,2025-02-23,direct,P024,Modern Serum 24,true,true,true,60,,T000997,
V001199,C00717,2025-05-14,paid_search,P023,Calm Cream 23,true,false,false,51,,,
V001200,C00233,2025-01-28,email,P011,Urban Bottle 11,true,true,false,82,,,
V001201,C00216,2025-09-19,email,P015,Calm Cream 15,true,false,false,87,,,
V001202,C00656,2025-07-05,email,P010,Pure Band 10,true,false,false,42,WEEKEND15,,
V001203,C00832,2025-12-09,organic_search,P009,Daily Lamp 09,true,false,false,27,,,
V001204,C00774,2025-06-22,organic_search,P002,Pure Band 02,true,false,true,122,,T003292,
V001205,C00146,2025-11-13,direct,P030,Active Mat 30,true,false,false,45,,,
V001206,C00870,2025-11-06,email,P022,Active Mat 22,true,false,false,34,WELCOME5,,
V001207,C00161,2025-05-04,direct,P030,Active Mat 30,true,false,false,42,,,
V001208,C00609,2025-08-25,social,P006,Active Mat 06,false,false,false,153,,,
V001209,C00017,2025-03-26,social,P019,Urban Bottle 19,true,false,false,51,,,
V001210,C00780,2025-05-15,direct,P024,Modern Serum 24,true,false,false,56,LOYALTY10,,
V001211,C00314,2025-01-22,paid_search,P007,Calm Cream 07,true,false,false,38,,,
V001212,C00377,2025-05-26,paid_search,P019,Urban Bottle 19,true,false,false,21,WELCOME5,,
V001213,C00538,2025-04-16,social,P028,Essential Bag 28,true,true,false,39,,,
V001214,C00245,2025-12-11,social,P016,Modern Serum 16,true,false,false,31,,,
V001215,C00091,2025-10-18,social,P001,Daily Lamp 01,true,true,true,153,,T005393,
V001216,C00632,2025-01-04,email,P013,Bright Organizer 13,true,false,false,99,,,
V001217,C00634,2025-07-19,organic_search,P010,Pure Band 10,true,false,false,42,,,
V001218,C00442,2025-07-24,organic_search,P027,Urban Bottle 27,true,false,false,53,,,
V001219,C00516,2025-04-14,paid_search,P027,Urban Bottle 27,true,false,false,48,,,
V001220,C00820,2025-12-16,paid_search,P027,Urban Bottle 27,true,false,false,64,,,
V001221,C00019,2025-01-28,organic_search,P023,Calm Cream 23,true,false,false,56,,,
V001222,C00406,2025-03-13,organic_search,P012,Essential Bag 12,true,false,false,37,,,
V001223,C00336,2025-11-25,organic_search,P007,Calm Cream 07,true,false,false,140,,,
V001224,C00381,2025-03-13,social,P026,Pure Band 26,true,false,false,246,LOYALTY10,,
V001225,C00461,2025-10-21,organic_search,P002,Pure Band 02,true,false,false,130,,,
V001226,C00582,2025-01-17,paid_search,P008,Modern Serum 08,true,false,false,66,,,
V001227,C00668,2025-11-16,social,P028,Essential Bag 28,true,false,false,37,,,
V001228,C00771,2025-02-16,organic_search,P021,Bright Organizer 21,true,true,false,84,WEEKEND15,,
V001229,C00165,2025-11-25,paid_search,P027,Urban Bottle 27,true,false,false,45,LOYALTY10,,
V001230,C00240,2025-07-16,paid_search,P018,Pure Band 18,true,false,false,103,,,
V001231,C00275,2025-10-23,referral,P011,Urban Bottle 11,true,false,false,65,,,
V001232,C00961,2025-03-21,organic_search,P014,Active Mat 14,true,false,false,13,,,
V001233,C00155,2025-06-23,paid_search,P026,Pure Band 26,true,false,false,53,,,
V001234,C00515,2025-05-22,social,P011,Urban Bottle 11,true,false,false,33,WELCOME5,,
V001235,C00954,2025-07-23,organic_search,P021,Bright Organizer 21,true,false,true,28,,T003875,
V001236,C00053,2025-04-04,referral,P016,Modern Serum 16,true,false,false,14,,,
V001237,C00433,2025-02-26,organic_search,P013,Bright Organizer 13,true,false,false,211,,,
V001238,C00933,2025-05-11,direct,P012,Essential Bag 12,true,false,false,20,,,
V001239,C00953,2025-05-01,social,P009,Daily Lamp 09,true,true,false,92,,,
V001240,C00475,2025-12-19,organic_search,P008,Modern Serum 08,true,true,false,38,,,
V001241,C00655,2025-02-06,social,P008,Modern Serum 08,true,true,false,66,,,
V001242,C00349,2025-08-17,social,P008,Modern Serum 08,true,false,false,20,,,
V001243,C00714,2025-06-17,direct,P027,Urban Bottle 27,true,false,false,12,,,
V001244,C00123,2025-01-11,paid_search,P001,Daily Lamp 01,true,false,false,341,,,
V001245,C00795,2025-11-21,organic_search,P012,Essential Bag 12,false,false,false,163,,,
V001246,C00912,2025-07-02,organic_search,P028,Essential Bag 28,true,false,false,145,WELCOME5,,
V001247,C00828,2025-04-30,organic_search,P009,Daily Lamp 09,true,false,false,126,,,
V001248,C00521,2025-06-05,direct,P025,Daily Lamp 25,true,false,false,34,,,
V001249,C00895,2025-10-21,direct,P025,Daily Lamp 25,true,true,true,293,,T005443,
V001250,C00693,2025-06-13,organic_search,P030,Active Mat 30,true,false,false,21,,,
V001251,C00228,2025-10-31,paid_search,P002,Pure Band 02,true,false,false,23,,,
V001252,C00203,2025-01-02,social,P024,Modern Serum 24,true,true,false,59,,,
V001253,C00939,2025-12-30,organic_search,P008,Modern Serum 08,true,false,false,154,,,
V001254,C00194,2025-10-11,social,P004,Essential Bag 04,true,false,false,68,WEEKEND15,,
V001255,C00935,2025-06-10,email,P022,Active Mat 22,true,false,false,55,WELCOME5,,
V001256,C00462,2025-07-13,direct,P015,Calm Cream 15,true,false,false,19,,,
V001257,C00103,2025-05-21,direct,P019,Urban Bottle 19,true,false,false,39,,,
V001258,C00027,2025-04-19,paid_search,P030,Active Mat 30,true,false,false,177,,,
V001259,C00268,2025-02-13,organic_search,P007,Calm Cream 07,true,false,false,48,,,
V001260,C00801,2025-03-18,organic_search,P005,Bright Organizer 05,true,false,true,61,,T001461,
V001261,C00785,2025-12-16,social,P017,Daily Lamp 17,true,false,false,124,,,
V001262,C00082,2025-11-10,social,P002,Pure Band 02,true,false,false,42,WELCOME5,,
V001263,C00572,2025-08-04,social,P010,Pure Band 10,true,false,false,46,,,
V001264,C00403,2025-09-24,paid_search,P017,Daily Lamp 17,true,false,false,50,WEEKEND15,,
V001265,C00637,2025-04-22,email,P021,Bright Organizer 21,true,false,false,70,,,
V001266,C00327,2025-09-22,organic_search,P025,Daily Lamp 25,true,false,false,40,,,
V001267,C00028,2025-01-14,social,P022,Active Mat 22,true,false,false,137,,,
V001268,C00106,2025-04-02,direct,P021,Bright Organizer 21,true,false,false,45,,,
V001269,C00884,2025-08-31,email,P028,Essential Bag 28,true,true,false,124,,,
V001270,C00123,2025-03-17,email,P006,Active Mat 06,true,false,false,32,LOYALTY10,,
V001271,C00807,2025-01-27,organic_search,P028,Essential Bag 28,true,false,false,52,LOYALTY10,,
V001272,C00051,2025-11-30,paid_search,P001,Daily Lamp 01,false,false,false,42,,,
V001273,C00586,2025-05-06,paid_search,P008,Modern Serum 08,true,false,false,22,,,
V001274,C00657,2025-05-23,social,P016,Modern Serum 16,true,false,false,97,LOYALTY10,,
V001275,C00024,2025-04-03,paid_search,P030,Active Mat 30,true,false,false,44,,,
V001276,C00010,2025-05-01,social,P028,Essential Bag 28,true,false,false,53,,,
V001277,C00075,2025-03-02,paid_search,P022,Active Mat 22,true,false,false,25,,,
V001278,C00687,2025-01-22,social,P022,Active Mat 22,true,false,true,299,,T000396,
V001279,C00249,2025-07-08,organic_search,P003,Urban Bottle 03,true,true,true,688,,T003595,
V001280,C00232,2025-10-28,organic_search,P001,Daily Lamp 01,false,false,false,15,WEEKEND15,,
V001281,C00837,2025-05-05,direct,P015,Calm Cream 15,true,true,false,208,LOYALTY10,,
V001282,C00209,2025-06-28,direct,P013,Bright Organizer 13,true,false,false,74,,,
V001283,C00188,2025-02-10,email,P001,Daily Lamp 01,true,false,false,21,,,
V001284,C00861,2025-10-20,paid_search,P005,Bright Organizer 05,true,false,false,92,WEEKEND15,,
V001285,C00510,2025-11-01,organic_search,P017,Daily Lamp 17,true,true,false,195,,,
V001286,C00152,2025-10-14,social,P012,Essential Bag 12,true,false,false,22,,,
V001287,C00683,2025-09-18,direct,P025,Daily Lamp 25,true,true,false,58,,,
V001288,C00532,2025-09-02,social,P003,Urban Bottle 03,true,false,false,106,,,
V001289,C00110,2025-07-18,organic_search,P018,Pure Band 18,true,false,false,98,,,
V001290,C00195,2025-09-18,organic_search,P014,Active Mat 14,false,false,false,30,,,
V001291,C00817,2025-08-27,email,P013,Bright Organizer 13,true,true,false,72,,,
V001292,C00201,2025-03-15,paid_search,P026,Pure Band 26,true,false,false,64,,,
V001293,C00265,2025-05-12,organic_search,P019,Urban Bottle 19,true,false,false,30,,,
V001294,C00920,2025-04-12,social,P010,Pure Band 10,true,false,false,10,,,
V001295,C00025,2025-04-15,email,P021,Bright Organizer 21,true,true,false,169,LOYALTY10,,
V001296,C00375,2025-11-21,organic_search,P008,Modern Serum 08,true,false,false,41,,,
V001297,C00406,2025-01-18,direct,P014,Active Mat 14,true,true,false,397,,,
V001298,C00552,2025-09-27,paid_search,P004,Essential Bag 04,false,false,false,57,,,
V001299,C00650,2025-05-12,organic_search,P017,Daily Lamp 17,true,false,false,65,,,
V001300,C00240,2025-06-17,paid_search,P003,Urban Bottle 03,true,false,false,58,,,
V001301,C00823,2025-11-30,paid_search,P015,Calm Cream 15,true,false,true,100,,T006091,
V001302,C00813,2025-01-24,organic_search,P014,Active Mat 14,true,false,false,47,,,
V001303,C00563,2025-09-05,organic_search,P020,Essential Bag 20,true,true,false,27,LOYALTY10,,
V001304,C00694,2025-06-22,paid_search,P019,Urban Bottle 19,true,true,true,221,,T003289,
V001305,C00741,2025-03-18,direct,P026,Pure Band 26,true,false,false,27,,,
V001306,C00288,2025-02-18,direct,P013,Bright Organizer 13,true,false,false,27,,,
V001307,C00053,2025-05-30,organic_search,P024,Modern Serum 24,true,true,false,35,,,
V001308,C00052,2025-05-20,social,P010,Pure Band 10,true,false,false,172,,,
V001309,C00034,2025-09-18,organic_search,P026,Pure Band 26,true,false,false,38,,,
V001310,C00155,2025-04-29,paid_search,P030,Active Mat 30,true,true,true,97,,T002274,
V001311,C00155,2025-10-13,email,P008,Modern Serum 08,true,false,true,161,,T005298,
V001312,C00318,2025-01-10,social,P025,Daily Lamp 25,true,false,false,26,,,
V001313,C00286,2025-12-06,paid_search,P010,Pure Band 10,true,false,false,48,WEEKEND15,,
V001314,C00165,2025-12-08,social,P001,Daily Lamp 01,true,false,false,36,,,
V001315,C00216,2025-11-02,organic_search,P006,Active Mat 06,true,true,false,19,WEEKEND15,,
V001316,C00766,2025-08-30,direct,P020,Essential Bag 20,true,true,false,109,,,
V001317,C00542,2025-03-17,organic_search,P010,Pure Band 10,true,false,false,79,WELCOME5,,
V001318,C00851,2025-08-17,email,P008,Modern Serum 08,true,false,false,37,,,
V001319,C00755,2025-01-06,social,P021,Bright Organizer 21,true,true,false,185,,,
V001320,C00950,2025-12-17,social,P012,Essential Bag 12,false,false,false,66,,,
V001321,C00405,2025-12-20,paid_search,P022,Active Mat 22,true,false,false,50,,,
V001322,C00778,2025-05-27,referral,P019,Urban Bottle 19,true,false,false,44,,,
V001323,C00588,2025-06-06,organic_search,P019,Urban Bottle 19,true,false,false,42,,,
V001324,C00605,2025-09-27,referral,P018,Pure Band 18,true,false,false,60,,,
V001325,C00927,2025-08-06,direct,P019,Urban Bottle 19,true,false,true,71,,T004094,
V001326,C00685,2025-11-15,email,P024,Modern Serum 24,true,false,false,29,,,
V001327,C00478,2025-04-11,organic_search,P029,Bright Organizer 29,true,false,false,68,WEEKEND15,,
V001328,C00209,2025-09-19,email,P002,Pure Band 02,true,true,false,84,WELCOME5,,
V001329,C00940,2025-10-12,social,P021,Bright Organizer 21,true,false,false,54,WELCOME5,,
V001330,C00105,2025-03-16,paid_search,P020,Essential Bag 20,true,false,false,27,,,
V001331,C00534,2025-10-27,paid_search,P010,Pure Band 10,true,false,false,289,,,
V001332,C00209,2025-08-19,organic_search,P008,Modern Serum 08,true,false,false,68,,,
V001333,C00112,2025-06-14,email,P029,Bright Organizer 29,true,false,false,147,,,
V001334,C00243,2025-04-11,paid_search,P011,Urban Bottle 11,true,false,false,145,,,
V001335,C00847,2025-04-16,direct,P004,Essential Bag 04,true,false,false,21,,,
V001336,C00975,2025-05-02,paid_search,P009,Daily Lamp 09,true,false,false,42,WEEKEND15,,
V001337,C00420,2025-12-25,referral,P017,Daily Lamp 17,true,false,false,94,,,
V001338,C00076,2025-03-14,direct,P014,Active Mat 14,true,false,false,73,,,
V001339,C00157,2025-02-17,organic_search,P026,Pure Band 26,true,false,false,85,WELCOME5,,
V001340,C00809,2025-10-06,email,P013,Bright Organizer 13,true,false,false,71,,,
V001341,C00064,2025-04-06,paid_search,P007,Calm Cream 07,true,true,false,86,,,
V001342,C00965,2025-05-05,direct,P028,Essential Bag 28,true,false,false,39,,,
V001343,C00318,2025-08-16,direct,P012,Essential Bag 12,true,true,false,25,,,
V001344,C00794,2025-05-15,paid_search,P009,Daily Lamp 09,true,false,false,28,,,
V001345,C00729,2025-12-23,social,P023,Calm Cream 23,true,false,true,13,WELCOME5,T006485,
V001346,C00899,2025-01-13,email,P028,Essential Bag 28,true,true,true,98,,T000241,
V001347,C00114,2025-11-28,paid_search,P014,Active Mat 14,false,false,false,53,,,
V001348,C00672,2025-04-17,email,P003,Urban Bottle 03,true,false,false,75,LOYALTY10,,
V001349,C00156,2025-10-17,paid_search,P007,Calm Cream 07,true,false,false,16,,,
V001350,C00654,2025-04-12,social,P001,Daily Lamp 01,true,false,false,24,,,
V001351,C00912,2025-05-12,organic_search,P027,Urban Bottle 27,true,false,false,31,,,
V001352,C00945,2025-10-24,paid_search,P017,Daily Lamp 17,true,false,false,70,,,
V001353,C00955,2025-03-13,organic_search,P018,Pure Band 18,true,false,false,15,,,
V001354,C00720,2025-09-01,email,P001,Daily Lamp 01,true,false,false,115,WEEKEND15,,
V001355,C00183,2025-09-25,organic_search,P018,Pure Band 18,true,false,false,134,,,
V001356,C00476,2025-07-26,referral,P011,Urban Bottle 11,true,true,false,209,LOYALTY10,,
V001357,C00570,2025-12-07,paid_search,P024,Modern Serum 24,true,true,false,57,,,
V001358,C00119,2025-09-12,social,P029,Bright Organizer 29,true,false,false,63,,,
V001359,C00602,2025-07-20,paid_search,P014,Active Mat 14,true,true,true,115,,T003815,
V001360,C00718,2025-01-14,organic_search,P011,Urban Bottle 11,true,false,false,62,,,
V001361,C00348,2025-10-09,organic_search,P019,Urban Bottle 19,true,false,false,133,,,
V001362,C00488,2025-02-03,email,P003,Urban Bottle 03,true,false,false,39,LOYALTY10,,
V001363,C00152,2025-09-15,email,P016,Modern Serum 16,false,false,false,25,LOYALTY10,,
V001364,C00617,2025-09-14,paid_search,P015,Calm Cream 15,true,false,false,122,,,
V001365,C00959,2025-07-05,email,P016,Modern Serum 16,true,true,false,68,,,
V001366,C00754,2025-06-02,email,P025,Daily Lamp 25,true,false,false,32,,,
V001367,C00666,2025-06-16,social,P009,Daily Lamp 09,true,false,false,26,,,
V001368,C00247,2025-08-30,organic_search,P001,Daily Lamp 01,false,false,false,55,,,
V001369,C00073,2025-06-22,social,P030,Active Mat 30,true,true,false,29,WELCOME5,,
V001370,C00466,2025-02-23,social,P008,Modern Serum 08,true,false,false,33,,,
V001371,C00901,2025-08-09,social,P019,Urban Bottle 19,true,false,false,95,,,
V001372,C00316,2025-05-21,email,P016,Modern Serum 16,true,false,false,105,WEEKEND15,,
V001373,C00504,2025-11-10,paid_search,P018,Pure Band 18,true,false,false,115,,,
V001374,C00891,2025-06-17,organic_search,P007,Calm Cream 07,true,true,true,185,LOYALTY10,T003201,
V001375,C00466,2025-12-21,organic_search,P005,Bright Organizer 05,true,false,false,145,,,
V001376,C00574,2025-05-31,social,P014,Active Mat 14,true,false,false,133,LOYALTY10,,
V001377,C00468,2025-08-13,direct,P011,Urban Bottle 11,true,false,false,52,,,
V001378,C00616,2025-08-01,organic_search,P019,Urban Bottle 19,true,false,false,30,,,
V001379,C00705,2025-03-27,email,P008,Modern Serum 08,true,false,false,30,WELCOME5,,
V001380,C00480,2025-06-20,direct,P012,Essential Bag 12,true,false,false,95,,,
V001381,C00948,2025-10-12,direct,P020,Essential Bag 20,true,true,false,44,,,
V001382,C00873,2025-01-28,social,P019,Urban Bottle 19,true,false,false,22,WELCOME5,,
V001383,C00157,2025-10-26,paid_search,P026,Pure Band 26,true,false,false,35,,,
V001384,C00297,2025-09-21,paid_search,P015,Calm Cream 15,true,false,false,39,,,
V001385,C00905,2025-12-21,email,P001,Daily Lamp 01,true,false,false,42,,,
V001386,C00398,2025-05-26,paid_search,P019,Urban Bottle 19,true,false,false,82,,,
V001387,C00305,2025-07-26,organic_search,P028,Essential Bag 28,true,false,false,108,WELCOME5,,
V001388,C00222,2025-08-30,direct,P006,Active Mat 06,false,false,false,51,,,
V001389,C00659,2025-01-09,paid_search,P011,Urban Bottle 11,true,false,true,79,WELCOME5,T000164,
V001390,C00428,2025-05-23,paid_search,P009,Daily Lamp 09,true,false,false,68,,,
V001391,C00375,2025-08-25,paid_search,P018,Pure Band 18,true,false,false,42,,,
V001392,C00074,2025-05-20,social,P027,Urban Bottle 27,true,false,false,81,,,
V001393,C00398,2025-02-06,organic_search,P014,Active Mat 14,true,false,false,61,,,
V001394,C00281,2025-07-14,organic_search,P019,Urban Bottle 19,true,false,true,107,,T003707,
V001395,C00359,2025-07-03,email,P025,Daily Lamp 25,true,true,false,25,,,
V001396,C00044,2025-05-10,paid_search,P003,Urban Bottle 03,true,false,false,80,,,
V001397,C00069,2025-06-08,organic_search,P005,Bright Organizer 05,true,false,false,7,,,
V001398,C00616,2025-08-19,organic_search,P026,Pure Band 26,true,false,false,60,,,
V001399,C00861,2025-09-21,paid_search,P017,Daily Lamp 17,true,true,false,46,,,
V001400,C00367,2025-09-04,paid_search,P003,Urban Bottle 03,true,false,false,17,,,
V001401,C00584,2025-09-08,paid_search,P019,Urban Bottle 19,true,false,false,36,LOYALTY10,,
V001402,C00532,2025-07-16,referral,P004,Essential Bag 04,true,false,false,65,WELCOME5,,
V001403,C00779,2025-02-09,organic_search,P018,Pure Band 18,true,true,false,79,,,
V001404,C00715,2025-03-02,email,P001,Daily Lamp 01,true,true,false,119,,,
V001405,C00374,2025-03-26,paid_search,P015,Calm Cream 15,true,false,false,46,,,
V001406,C00729,2025-02-03,organic_search,P012,Essential Bag 12,true,false,false,26,,,
V001407,C00749,2025-11-21,social,P004,Essential Bag 04,true,false,false,44,,,
V001408,C00686,2025-08-07,social,P028,Essential Bag 28,true,false,false,184,,,
V001409,C00762,2025-10-20,paid_search,P028,Essential Bag 28,true,false,false,61,,,
V001410,C00858,2025-10-11,direct,P028,Essential Bag 28,true,true,false,77,,,
V001411,C00743,2025-06-07,organic_search,P021,Bright Organizer 21,true,false,false,86,LOYALTY10,,
V001412,C00410,2025-08-03,referral,P023,Calm Cream 23,true,true,false,166,,,
V001413,C00450,2025-12-01,email,P008,Modern Serum 08,true,false,false,78,,,
V001414,C00147,2025-10-18,organic_search,P011,Urban Bottle 11,true,false,false,122,,,
V001415,C00119,2025-07-01,social,P014,Active Mat 14,true,false,false,62,WELCOME5,,
V001416,C00887,2025-05-13,direct,P018,Pure Band 18,true,false,false,63,,,
V001417,C00415,2025-01-09,social,P016,Modern Serum 16,true,true,false,29,,,
V001418,C00770,2025-04-11,referral,P030,Active Mat 30,true,false,false,46,,,
V001419,C00558,2025-05-24,social,P010,Pure Band 10,true,false,false,28,,,
V001420,C00943,2025-09-05,social,P003,Urban Bottle 03,true,false,false,27,,,
V001421,C00345,2025-07-29,social,P015,Calm Cream 15,true,false,false,37,,,
V001422,C00405,2025-05-06,organic_search,P011,Urban Bottle 11,true,false,true,747,,T002388,
V001423,C00870,2025-06-04,social,P024,Modern Serum 24,true,true,false,90,WEEKEND15,,
V001424,C00346,2025-05-03,social,P010,Pure Band 10,true,true,false,181,,,
V001425,C00586,2025-11-07,referral,P020,Essential Bag 20,true,false,true,334,,T005728,
V001426,C00514,2025-08-15,paid_search,P027,Urban Bottle 27,true,true,false,54,WELCOME5,,
V001427,C00699,2025-07-16,direct,P016,Modern Serum 16,true,false,false,18,,,
V001428,C00664,2025-09-17,social,P013,Bright Organizer 13,true,false,false,160,,,
V001429,C00087,2025-03-04,direct,P028,Essential Bag 28,true,false,false,11,,,
V001430,C00546,2025-02-04,direct,P023,Calm Cream 23,true,true,false,75,,,
V001431,C00167,2025-08-30,paid_search,P025,Daily Lamp 25,true,false,false,33,,,
V001432,C00467,2025-10-06,direct,P016,Modern Serum 16,true,false,false,24,,,
V001433,C00459,2025-04-16,organic_search,P004,Essential Bag 04,true,true,false,80,,,
V001434,C00509,2025-04-23,direct,P019,Urban Bottle 19,true,true,false,24,,,
V001435,C00565,2025-10-09,direct,P014,Active Mat 14,true,false,false,146,,,
V001436,C00103,2025-12-27,email,P018,Pure Band 18,false,false,false,75,,,
V001437,C00017,2025-05-18,referral,P023,Calm Cream 23,true,false,false,28,,,
V001438,C00258,2025-08-25,direct,P026,Pure Band 26,true,true,true,204,,T004459,
V001439,C00962,2025-10-11,social,P011,Urban Bottle 11,true,false,false,23,,,
V001440,C00822,2025-05-05,organic_search,P004,Essential Bag 04,true,false,false,58,,,
V001441,C00063,2025-04-13,paid_search,P010,Pure Band 10,true,true,false,33,,,
V001442,C00358,2025-04-07,paid_search,P029,Bright Organizer 29,true,false,false,100,,,
V001443,C00357,2025-01-23,paid_search,P027,Urban Bottle 27,true,false,false,43,WEEKEND15,,
V001444,C00252,2025-08-28,paid_search,P024,Modern Serum 24,true,false,false,5,,,
V001445,C00281,2025-10-09,email,P002,Pure Band 02,true,true,true,635,,T005225,
V001446,C00920,2025-05-18,organic_search,P016,Modern Serum 16,true,false,false,13,,,
V001447,C00420,2025-10-28,email,P017,Daily Lamp 17,true,false,false,42,,,
V001448,C00263,2025-06-17,paid_search,P019,Urban Bottle 19,true,false,false,21,,,
V001449,C00359,2025-06-29,organic_search,P023,Calm Cream 23,false,false,false,30,,,
V001450,C00697,2025-08-28,paid_search,P003,Urban Bottle 03,true,false,false,42,,,
V001451,C00883,2025-09-02,organic_search,P018,Pure Band 18,true,false,false,35,,,
V001452,C00231,2025-04-14,organic_search,P023,Calm Cream 23,true,false,false,75,WEEKEND15,,
V001453,C00521,2025-12-15,organic_search,P026,Pure Band 26,false,false,false,147,,,
V001454,C00181,2025-04-15,email,P025,Daily Lamp 25,true,true,false,51,WEEKEND15,,
V001455,C00660,2025-08-14,social,P028,Essential Bag 28,true,false,false,38,,,
V001456,C00623,2025-09-01,organic_search,P001,Daily Lamp 01,true,false,false,17,,,
V001457,C00339,2025-01-15,organic_search,P015,Calm Cream 15,true,false,false,111,,,
V001458,C00998,2025-02-26,referral,P008,Modern Serum 08,true,false,false,119,,,
V001459,C00880,2025-08-19,social,P007,Calm Cream 07,true,false,false,45,,,
V001460,C00729,2025-01-29,organic_search,P007,Calm Cream 07,true,true,false,34,,,
V001461,C00326,2025-11-12,paid_search,P013,Bright Organizer 13,true,false,false,45,,,
V001462,C00240,2025-06-05,social,P010,Pure Band 10,true,true,false,105,WEEKEND15,,
V001463,C00264,2025-12-24,email,P006,Active Mat 06,false,false,false,76,WELCOME5,,
V001464,C00643,2025-08-02,organic_search,P027,Urban Bottle 27,true,false,false,43,,,
V001465,C00207,2025-03-05,referral,P010,Pure Band 10,true,false,false,17,,,
V001466,C00416,2025-04-26,organic_search,P008,Modern Serum 08,true,false,false,92,,,
V001467,C00740,2025-09-28,organic_search,P015,Calm Cream 15,true,false,false,27,,,
V001468,C00821,2025-12-04,social,P017,Daily Lamp 17,true,false,true,82,,T006167,
V001469,C00014,2025-08-11,social,P028,Essential Bag 28,true,false,false,80,,,
V001470,C00009,2025-08-11,social,P005,Bright Organizer 05,true,false,false,26,WELCOME5,,
V001471,C00522,2025-10-13,organic_search,P021,Bright Organizer 21,true,false,false,29,WELCOME5,,
V001472,C00183,2025-07-25,paid_search,P011,Urban Bottle 11,true,false,false,80,,,
V001473,C00633,2025-09-17,social,P026,Pure Band 26,true,false,false,147,,,
V001474,C00101,2025-10-10,email,P011,Urban Bottle 11,true,true,false,251,,,
V001475,C00561,2025-08-04,social,P017,Daily Lamp 17,true,true,false,103,,,
V001476,C00530,2025-10-22,direct,P019,Urban Bottle 19,false,false,false,180,,,
V001477,C00578,2025-09-06,direct,P016,Modern Serum 16,true,false,false,237,,,
V001478,C00814,2025-01-06,organic_search,P002,Pure Band 02,true,false,false,60,,,
V001479,C00068,2025-09-26,organic_search,P001,Daily Lamp 01,true,false,false,47,,,
V001480,C00776,2025-12-02,direct,P025,Daily Lamp 25,true,false,false,58,,,
V001481,C00185,2025-03-31,direct,P006,Active Mat 06,false,false,false,17,LOYALTY10,,
V001482,C00448,2025-05-07,organic_search,P004,Essential Bag 04,true,false,false,41,,,
V001483,C00444,2025-08-31,social,P003,Urban Bottle 03,true,false,false,73,WEEKEND15,,
V001484,C00399,2025-02-26,direct,P010,Pure Band 10,true,false,false,12,,,
V001485,C00054,2025-05-19,social,P026,Pure Band 26,true,false,false,130,,,
V001486,C00572,2025-10-20,paid_search,P013,Bright Organizer 13,true,false,false,129,,,
V001487,C00654,2025-04-08,paid_search,P004,Essential Bag 04,true,false,false,109,,,
V001488,C00338,2025-07-31,organic_search,P028,Essential Bag 28,true,true,false,16,,,
V001489,C00261,2025-09-03,paid_search,P019,Urban Bottle 19,true,true,true,126,,T004583,
V001490,C00636,2025-07-11,paid_search,P019,Urban Bottle 19,true,false,false,90,LOYALTY10,,
V001491,C00624,2025-12-10,organic_search,P004,Essential Bag 04,true,false,false,47,,,
V001492,C00498,2025-06-05,paid_search,P013,Bright Organizer 13,true,true,false,147,,,
V001493,C00003,2025-08-21,direct,P023,Calm Cream 23,true,false,false,21,,,
V001494,C00096,2025-04-07,organic_search,P020,Essential Bag 20,true,false,false,24,,,
V001495,C00029,2025-04-20,direct,P017,Daily Lamp 17,true,false,false,34,,,
V001496,C00111,2025-01-19,paid_search,P023,Calm Cream 23,true,false,false,88,,,
V001497,C00951,2025-06-17,organic_search,P009,Daily Lamp 09,true,false,false,28,,,
V001498,C00906,2025-09-21,organic_search,P017,Daily Lamp 17,true,true,false,98,WEEKEND15,,
V001499,C00456,2025-04-09,organic_search,P029,Bright Organizer 29,true,false,false,164,,,
V001500,C00302,2025-12-21,organic_search,P009,Daily Lamp 09,true,false,false,34,,,
V001501,C00544,2025-03-31,social,P001,Daily Lamp 01,true,false,false,39,,,
V001502,C00903,2025-04-25,direct,P003,Urban Bottle 03,true,false,false,24,,,
V001503,C00554,2025-03-02,paid_search,P022,Active Mat 22,true,true,false,38,WELCOME5,,
V001504,C00994,2025-06-15,direct,P026,Pure Band 26,true,false,true,239,,T003163,
V001505,C00583,2025-01-26,social,P012,Essential Bag 12,true,false,false,75,WELCOME5,,
V001506,C00187,2025-08-04,organic_search,P018,Pure Band 18,true,false,false,18,WEEKEND15,,
V001507,C00053,2025-03-28,paid_search,P004,Essential Bag 04,true,false,false,28,,,
V001508,C00019,2025-01-02,referral,P008,Modern Serum 08,true,false,false,14,,,
V001509,C00557,2025-08-26,direct,P025,Daily Lamp 25,true,false,false,22,,,
V001510,C00423,2025-02-13,paid_search,P006,Active Mat 06,true,false,false,39,,,
V001511,C00274,2025-09-14,organic_search,P009,Daily Lamp 09,true,false,true,69,,T004807,
V001512,C00216,2025-07-08,social,P006,Active Mat 06,true,false,false,22,,,
V001513,C00062,2025-06-04,paid_search,P024,Modern Serum 24,true,false,false,40,,,
V001514,C00156,2025-12-22,direct,P027,Urban Bottle 27,true,false,false,50,LOYALTY10,,
V001515,C00497,2025-04-24,organic_search,P029,Bright Organizer 29,true,false,false,28,,,
V001516,C00867,2025-09-02,direct,P013,Bright Organizer 13,true,true,true,182,WELCOME5,T004568,
V001517,C00847,2025-08-30,social,P026,Pure Band 26,true,false,false,25,,,
V001518,C00674,2025-02-21,direct,P018,Pure Band 18,true,false,false,37,,,
V001519,C00233,2025-08-22,organic_search,P011,Urban Bottle 11,true,false,true,414,,T004412,
V001520,C00490,2025-08-14,organic_search,P019,Urban Bottle 19,true,false,false,46,LOYALTY10,,
V001521,C00343,2025-01-29,social,P006,Active Mat 06,true,false,false,91,LOYALTY10,,
V001522,C00687,2025-03-25,paid_search,P002,Pure Band 02,true,true,true,302,,T001605,
V001523,C00516,2025-10-07,paid_search,P007,Calm Cream 07,true,false,false,25,,,
V001524,C00044,2025-11-27,referral,P020,Essential Bag 20,true,false,false,26,,,
V001525,C00025,2025-07-16,social,P002,Pure Band 02,true,false,false,13,,,
V001526,C00684,2025-11-16,direct,P001,Daily Lamp 01,true,false,false,30,,,
V001527,C00200,2025-07-09,social,P009,Daily Lamp 09,true,true,false,72,WELCOME5,,
V001528,C00878,2025-07-28,email,P004,Essential Bag 04,false,false,false,53,LOYALTY10,,
V001529,C00203,2025-02-01,paid_search,P030,Active Mat 30,true,false,false,79,WELCOME5,,
V001530,C00749,2025-07-02,email,P006,Active Mat 06,true,false,true,136,,T003479,
V001531,C00330,2025-11-24,referral,P028,Essential Bag 28,true,false,false,53,,,
V001532,C00129,2025-07-19,paid_search,P015,Calm Cream 15,true,false,false,68,,,
V001533,C00931,2025-07-30,social,P011,Urban Bottle 11,true,true,false,9,,,
V001534,C00880,2025-11-05,email,P012,Essential Bag 12,true,false,false,176,,,
V001535,C00807,2025-09-27,email,P028,Essential Bag 28,true,false,false,13,,,
V001536,C00974,2025-10-28,paid_search,P007,Calm Cream 07,true,true,false,393,,,
V001537,C00714,2025-04-15,paid_search,P023,Calm Cream 23,true,false,false,33,,,
V001538,C00556,2025-11-18,email,P007,Calm Cream 07,true,false,false,82,,,
V001539,C00974,2025-11-25,social,P023,Calm Cream 23,true,false,false,58,,,
V001540,C00462,2025-11-05,organic_search,P021,Bright Organizer 21,true,false,false,55,WELCOME5,,
V001541,C00747,2025-10-20,paid_search,P019,Urban Bottle 19,true,false,true,173,LOYALTY10,T005419,
V001542,C00904,2025-01-24,direct,P025,Daily Lamp 25,true,false,false,21,,,
V001543,C00682,2025-09-09,organic_search,P018,Pure Band 18,true,false,false,17,,,
V001544,C00622,2025-09-05,organic_search,P024,Modern Serum 24,true,false,false,42,WEEKEND15,,
V001545,C00032,2025-09-24,paid_search,P020,Essential Bag 20,true,false,false,38,,,
V001546,C00080,2025-01-16,referral,P004,Essential Bag 04,true,false,false,84,,,
V001547,C00626,2025-04-13,email,P016,Modern Serum 16,true,false,false,25,,,
V001548,C00883,2025-03-13,email,P024,Modern Serum 24,true,false,true,145,,T001360,
V001549,C00087,2025-12-12,social,P007,Calm Cream 07,true,false,false,248,WEEKEND15,,
V001550,C00965,2025-04-05,referral,P023,Calm Cream 23,true,false,false,35,LOYALTY10,,
V001551,C00911,2025-12-09,direct,P018,Pure Band 18,true,false,false,51,,,
V001552,C00744,2025-05-12,social,P006,Active Mat 06,true,true,false,59,,,
V001553,C00573,2025-08-10,organic_search,P005,Bright Organizer 05,true,false,false,33,,,
V001554,C00511,2025-02-12,email,P028,Essential Bag 28,true,false,true,51,,T000800,
V001555,C00660,2025-07-20,social,P005,Bright Organizer 05,false,false,false,26,,,
V001556,C00082,2025-02-12,social,P026,Pure Band 26,true,false,false,80,,,
V001557,C00371,2025-07-03,organic_search,P001,Daily Lamp 01,true,false,false,40,,,
V001558,C00975,2025-01-15,email,P002,Pure Band 02,true,false,false,30,,,
V001559,C00432,2025-07-19,organic_search,P027,Urban Bottle 27,true,false,false,81,,,
V001560,C00053,2025-06-27,organic_search,P024,Modern Serum 24,true,false,false,24,,,
V001561,C00436,2025-06-21,email,P007,Calm Cream 07,true,false,false,8,LOYALTY10,,
V001562,C00251,2025-06-02,email,P017,Daily Lamp 17,true,false,false,33,,,
V001563,C00776,2025-12-04,email,P005,Bright Organizer 05,true,true,false,98,,,
V001564,C00561,2025-01-04,direct,P024,Modern Serum 24,true,true,true,84,LOYALTY10,T000062,
V001565,C00131,2025-03-12,social,P010,Pure Band 10,true,false,false,53,,,
V001566,C00624,2025-11-24,paid_search,P001,Daily Lamp 01,false,false,false,187,,,
V001567,C00658,2025-09-23,organic_search,P023,Calm Cream 23,false,false,false,101,,,
V001568,C00814,2025-11-06,paid_search,P010,Pure Band 10,true,true,true,81,WEEKEND15,T005703,
V001569,C00268,2025-12-07,organic_search,P010,Pure Band 10,true,false,false,129,,,
V001570,C00637,2025-03-01,paid_search,P022,Active Mat 22,true,false,true,61,,T001116,
V001571,C00531,2025-05-07,direct,P003,Urban Bottle 03,true,true,false,169,LOYALTY10,,
V001572,C00094,2025-12-11,referral,P017,Daily Lamp 17,true,false,false,128,WEEKEND15,,
V001573,C00486,2025-11-04,paid_search,P025,Daily Lamp 25,true,false,true,60,,T005656,
V001574,C00925,2025-06-23,organic_search,P012,Essential Bag 12,true,true,false,101,,,
V001575,C00716,2025-11-22,direct,P023,Calm Cream 23,true,false,false,47,,,
V001576,C00110,2025-11-04,direct,P019,Urban Bottle 19,true,false,false,25,,,
V001577,C00462,2025-06-28,paid_search,P017,Daily Lamp 17,true,false,false,39,,,
V001578,C00881,2025-06-10,organic_search,P017,Daily Lamp 17,true,false,false,38,,,
V001579,C00853,2025-10-17,referral,P025,Daily Lamp 25,true,false,false,47,,,
V001580,C00936,2025-02-14,organic_search,P022,Active Mat 22,true,false,false,98,WEEKEND15,,
V001581,C00613,2025-07-10,paid_search,P023,Calm Cream 23,true,false,false,66,,,
V001582,C00817,2025-03-15,direct,P013,Bright Organizer 13,true,false,false,123,,,
V001583,C00398,2025-05-22,referral,P017,Daily Lamp 17,true,false,false,154,WEEKEND15,,
V001584,C00690,2025-02-01,direct,P011,Urban Bottle 11,true,false,false,21,LOYALTY10,,
V001585,C00295,2025-03-30,organic_search,P017,Daily Lamp 17,true,false,false,30,,,
V001586,C00169,2025-10-14,referral,P025,Daily Lamp 25,true,false,false,45,,,
V001587,C00285,2025-07-14,paid_search,P005,Bright Organizer 05,true,false,false,67,WELCOME5,,
V001588,C00218,2025-06-20,email,P018,Pure Band 18,true,false,false,23,,,
V001589,C00438,2025-10-31,email,P004,Essential Bag 04,false,false,false,78,,,
V001590,C00010,2025-07-22,organic_search,P015,Calm Cream 15,true,false,false,39,,,
V001591,C00730,2025-02-02,paid_search,P029,Bright Organizer 29,true,false,false,44,,,
V001592,C00125,2025-11-20,email,P029,Bright Organizer 29,true,true,false,55,,,
V001593,C00467,2025-11-01,direct,P009,Daily Lamp 09,true,false,false,78,,,
V001594,C00012,2025-03-15,social,P001,Daily Lamp 01,true,false,false,68,LOYALTY10,,
V001595,C00298,2025-11-10,paid_search,P004,Essential Bag 04,true,true,false,85,,,
V001596,C00058,2025-12-27,organic_search,P024,Modern Serum 24,false,false,false,61,,,
V001597,C00180,2025-01-17,organic_search,P022,Active Mat 22,true,false,false,22,,,
V001598,C00055,2025-01-30,paid_search,P003,Urban Bottle 03,true,false,false,77,,,
V001599,C00151,2025-12-06,organic_search,P004,Essential Bag 04,true,false,false,12,,,
V001600,C00074,2025-07-07,paid_search,P028,Essential Bag 28,true,false,true,63,,T003573,
V001601,C00916,2025-02-10,paid_search,P020,Essential Bag 20,true,false,false,22,,,
V001602,C00428,2025-02-25,social,P012,Essential Bag 12,true,false,true,66,LOYALTY10,T001043,
V001603,C00561,2025-10-05,direct,P013,Bright Organizer 13,true,false,false,59,,,
V001604,C00570,2025-08-07,email,P013,Bright Organizer 13,true,true,false,54,WEEKEND15,,
V001605,C00941,2025-04-22,email,P016,Modern Serum 16,true,true,false,78,WELCOME5,,
V001606,C00390,2025-11-08,organic_search,P007,Calm Cream 07,true,true,false,65,WEEKEND15,,
V001607,C00801,2025-05-06,direct,P027,Urban Bottle 27,true,false,false,28,,,
V001608,C00850,2025-06-22,social,P025,Daily Lamp 25,true,false,false,27,,,
V001609,C00726,2025-07-25,paid_search,P004,Essential Bag 04,false,false,false,17,WEEKEND15,,
V001610,C00981,2025-09-28,paid_search,P019,Urban Bottle 19,false,false,false,150,,,
V001611,C00039,2025-04-20,email,P005,Bright Organizer 05,true,false,false,19,WELCOME5,,
V001612,C00241,2025-09-15,paid_search,P028,Essential Bag 28,true,false,true,94,LOYALTY10,T004830,
V001613,C00424,2025-03-06,direct,P016,Modern Serum 16,true,true,true,30,,T001202,
V001614,C00610,2025-06-01,organic_search,P024,Modern Serum 24,true,true,true,192,,T002904,
V001615,C00145,2025-03-20,direct,P016,Modern Serum 16,true,false,false,40,WEEKEND15,,
V001616,C00943,2025-04-12,paid_search,P014,Active Mat 14,true,false,false,17,,,
V001617,C00051,2025-07-13,organic_search,P005,Bright Organizer 05,true,false,false,68,WEEKEND15,,
V001618,C00554,2025-09-10,email,P014,Active Mat 14,true,false,false,20,,,
V001619,C00142,2025-05-05,social,P028,Essential Bag 28,true,false,false,78,LOYALTY10,,
V001620,C00787,2025-07-08,organic_search,P002,Pure Band 02,true,false,false,64,,,
V001621,C00355,2025-01-15,paid_search,P015,Calm Cream 15,true,false,false,43,WEEKEND15,,
V001622,C00160,2025-09-20,organic_search,P004,Essential Bag 04,false,false,false,27,,,
V001623,C00365,2025-09-28,paid_search,P014,Active Mat 14,false,false,false,169,,,
V001624,C00854,2025-03-25,social,P026,Pure Band 26,true,true,false,37,WEEKEND15,,
V001625,C00541,2025-06-18,organic_search,P018,Pure Band 18,true,true,false,66,,,
V001626,C00467,2025-02-18,email,P030,Active Mat 30,true,false,false,12,WEEKEND15,,
V001627,C00653,2025-07-05,direct,P004,Essential Bag 04,true,false,false,9,WEEKEND15,,
V001628,C00514,2025-05-03,organic_search,P023,Calm Cream 23,true,true,false,34,,,
V001629,C00947,2025-05-25,organic_search,P011,Urban Bottle 11,true,false,false,16,,,
V001630,C00574,2025-01-21,email,P004,Essential Bag 04,true,false,false,146,,,
V001631,C00505,2025-04-16,organic_search,P006,Active Mat 06,false,false,false,101,,,
V001632,C00429,2025-06-17,organic_search,P006,Active Mat 06,true,false,false,67,,,
V001633,C00892,2025-05-31,direct,P007,Calm Cream 07,true,false,false,95,,,
V001634,C00553,2025-06-25,paid_search,P023,Calm Cream 23,false,false,false,86,WEEKEND15,,
V001635,C00682,2025-06-22,email,P014,Active Mat 14,true,false,false,34,WEEKEND15,,
V001636,C00349,2025-12-05,social,P024,Modern Serum 24,true,false,false,56,LOYALTY10,,
V001637,C00172,2025-12-01,organic_search,P012,Essential Bag 12,true,false,false,47,,,
V001638,C00418,2025-04-27,organic_search,P029,Bright Organizer 29,true,true,false,203,,,
V001639,C00069,2025-08-01,email,P018,Pure Band 18,true,false,true,356,WEEKEND15,T003996,
V001640,C00193,2025-10-18,organic_search,P021,Bright Organizer 21,true,false,false,56,,,
V001641,C00485,2025-03-02,direct,P006,Active Mat 06,true,false,false,48,,,
V001642,C00477,2025-06-08,organic_search,P015,Calm Cream 15,true,false,false,70,,,
V001643,C00998,2025-09-15,social,P015,Calm Cream 15,true,false,false,12,,,
V001644,C00811,2025-08-04,social,P022,Active Mat 22,true,true,false,150,,,
V001645,C00201,2025-05-19,referral,P028,Essential Bag 28,true,false,false,37,,,
V001646,C00612,2025-04-30,direct,P019,Urban Bottle 19,true,true,false,40,,,
V001647,C00401,2025-11-30,referral,P009,Daily Lamp 09,true,false,false,21,,,
V001648,C00192,2025-09-14,email,P001,Daily Lamp 01,true,false,false,12,,,
V001649,C00850,2025-09-03,direct,P005,Bright Organizer 05,true,false,false,194,WELCOME5,,
V001650,C00089,2025-03-31,direct,P023,Calm Cream 23,true,false,false,102,WELCOME5,,
V001651,C00184,2025-05-23,social,P027,Urban Bottle 27,true,false,false,217,,,
V001652,C00515,2025-01-10,referral,P003,Urban Bottle 03,true,false,false,38,,,
V001653,C00514,2025-01-03,email,P025,Daily Lamp 25,true,true,false,248,,,
V001654,C00407,2025-11-07,organic_search,P009,Daily Lamp 09,true,false,false,21,,,
V001655,C00308,2025-07-01,email,P007,Calm Cream 07,true,false,false,115,WEEKEND15,,
V001656,C00643,2025-09-09,paid_search,P007,Calm Cream 07,true,true,false,25,,,
V001657,C00286,2025-03-09,social,P015,Calm Cream 15,true,false,false,113,,,
V001658,C00338,2025-03-03,paid_search,P030,Active Mat 30,true,false,false,64,,,
V001659,C00088,2025-04-23,social,P012,Essential Bag 12,true,false,false,17,,,
V001660,C00789,2025-12-23,social,P027,Urban Bottle 27,true,false,false,26,,,
V001661,C00936,2025-11-20,organic_search,P003,Urban Bottle 03,true,false,false,30,,,
V001662,C00967,2025-12-29,organic_search,P024,Modern Serum 24,false,false,false,338,,,
V001663,C00436,2025-03-15,social,P006,Active Mat 06,true,false,false,44,,,
V001664,C00675,2025-11-15,organic_search,P011,Urban Bottle 11,true,true,false,79,WELCOME5,,
V001665,C00346,2025-05-08,email,P006,Active Mat 06,true,false,false,36,,,
V001666,C00369,2025-08-10,paid_search,P022,Active Mat 22,true,false,false,47,,,
V001667,C00741,2025-05-31,referral,P013,Bright Organizer 13,true,false,false,15,WEEKEND15,,
V001668,C00435,2025-08-07,email,P015,Calm Cream 15,true,false,false,39,,,
V001669,C00530,2025-03-30,social,P014,Active Mat 14,true,false,false,67,LOYALTY10,,
V001670,C00796,2025-11-26,referral,P017,Daily Lamp 17,true,false,false,40,LOYALTY10,,
V001671,C00236,2025-05-27,organic_search,P009,Daily Lamp 09,true,false,false,16,,,
V001672,C00299,2025-04-18,organic_search,P009,Daily Lamp 09,true,false,false,75,,,
V001673,C00372,2025-04-25,organic_search,P012,Essential Bag 12,true,false,false,226,,,
V001674,C00283,2025-12-20,direct,P007,Calm Cream 07,true,true,true,145,,T006428,
V001675,C00355,2025-06-12,organic_search,P010,Pure Band 10,true,true,false,200,LOYALTY10,,
V001676,C00054,2025-07-14,organic_search,P012,Essential Bag 12,true,false,false,32,,,
V001677,C00625,2025-03-07,organic_search,P017,Daily Lamp 17,true,false,false,15,,,
V001678,C00971,2025-09-17,referral,P028,Essential Bag 28,true,true,false,202,,,
V001679,C00497,2025-09-22,organic_search,P016,Modern Serum 16,false,false,false,21,,,
V001680,C00453,2025-02-26,organic_search,P006,Active Mat 06,true,false,false,65,,,
V001681,C00236,2025-07-29,organic_search,P019,Urban Bottle 19,false,false,false,238,,,
V001682,C00179,2025-12-30,direct,P011,Urban Bottle 11,false,false,false,122,,,
V001683,C00743,2025-07-24,organic_search,P017,Daily Lamp 17,true,false,false,93,,,
V001684,C00386,2025-08-14,organic_search,P020,Essential Bag 20,true,false,false,75,WEEKEND15,,
V001685,C00069,2025-04-26,organic_search,P022,Active Mat 22,true,false,false,36,,,
V001686,C00031,2025-02-25,paid_search,P025,Daily Lamp 25,true,false,false,73,,,
V001687,C00797,2025-02-27,paid_search,P019,Urban Bottle 19,true,false,false,66,WELCOME5,,
V001688,C00019,2025-06-20,email,P020,Essential Bag 20,true,false,false,44,,,
V001689,C00443,2025-09-14,paid_search,P003,Urban Bottle 03,true,false,false,44,WELCOME5,,
V001690,C00641,2025-03-22,social,P005,Bright Organizer 05,true,false,true,104,,T001540,
V001691,C00974,2025-07-31,email,P014,Active Mat 14,true,false,false,48,,,
V001692,C00599,2025-09-09,email,P008,Modern Serum 08,true,false,false,48,WEEKEND15,,
V001693,C00309,2025-09-21,referral,P026,Pure Band 26,true,true,false,73,,,
V001694,C00109,2025-06-02,social,P021,Bright Organizer 21,true,false,true,115,,T002925,
V001695,C00803,2025-08-06,referral,P014,Active Mat 14,true,false,false,67,WEEKEND15,,
V001696,C00639,2025-12-11,organic_search,P017,Daily Lamp 17,true,false,false,46,,,
V001697,C00132,2025-04-17,direct,P011,Urban Bottle 11,true,true,false,146,,,
V001698,C00344,2025-09-21,organic_search,P021,Bright Organizer 21,true,false,false,56,,,
V001699,C00829,2025-05-03,social,P009,Daily Lamp 09,true,false,false,24,,,
V001700,C00502,2025-11-06,organic_search,P016,Modern Serum 16,true,false,false,193,,,
V001701,C00001,2025-10-21,paid_search,P012,Essential Bag 12,false,false,false,134,,,
V001702,C00757,2025-09-06,social,P029,Bright Organizer 29,true,false,false,42,LOYALTY10,,
V001703,C00427,2025-11-26,email,P007,Calm Cream 07,true,false,false,11,,,
V001704,C00663,2025-01-27,paid_search,P030,Active Mat 30,true,false,false,24,,,
V001705,C00344,2025-03-15,referral,P013,Bright Organizer 13,true,false,false,92,,,
V001706,C00090,2025-05-19,paid_search,P015,Calm Cream 15,true,false,false,8,WELCOME5,,
V001707,C00925,2025-04-03,email,P027,Urban Bottle 27,true,false,false,39,LOYALTY10,,
V001708,C00927,2025-10-23,organic_search,P023,Calm Cream 23,true,false,false,108,,,
V001709,C00117,2025-05-28,direct,P005,Bright Organizer 05,true,true,true,85,,T002815,
V001710,C00915,2025-08-15,direct,P030,Active Mat 30,true,false,false,184,WEEKEND15,,
V001711,C00931,2025-05-29,organic_search,P020,Essential Bag 20,true,false,false,76,,,
V001712,C00195,2025-07-22,paid_search,P009,Daily Lamp 09,true,false,true,192,,T003861,
V001713,C00188,2025-07-28,direct,P009,Daily Lamp 09,true,false,false,25,,,
V001714,C00002,2025-07-04,social,P009,Daily Lamp 09,true,true,false,94,,,
V001715,C00352,2025-07-29,paid_search,P008,Modern Serum 08,true,false,false,26,LOYALTY10,,
V001716,C00625,2025-09-14,social,P030,Active Mat 30,true,false,false,28,,,
V001717,C00936,2025-06-11,email,P030,Active Mat 30,true,false,false,83,,,
V001718,C00183,2025-08-06,paid_search,P017,Daily Lamp 17,true,false,true,12,,T004093,
V001719,C00810,2025-10-18,paid_search,P026,Pure Band 26,true,false,false,26,,,
V001720,C00587,2025-07-21,email,P027,Urban Bottle 27,true,false,false,54,,,
V001721,C00869,2025-03-28,paid_search,P004,Essential Bag 04,true,false,false,49,,,
V001722,C00588,2025-05-16,organic_search,P029,Bright Organizer 29,true,false,false,127,LOYALTY10,,
V001723,C00423,2025-02-10,direct,P019,Urban Bottle 19,true,false,false,39,WEEKEND15,,
V001724,C00994,2025-04-24,organic_search,P029,Bright Organizer 29,true,false,false,29,WELCOME5,,
V001725,C00751,2025-03-21,paid_search,P030,Active Mat 30,true,false,false,28,,,
V001726,C00653,2025-09-05,social,P013,Bright Organizer 13,true,true,true,61,,T004638,
V001727,C00473,2025-03-02,email,P025,Daily Lamp 25,true,true,false,226,,,
V001728,C00755,2025-06-04,social,P030,Active Mat 30,true,false,false,156,,,
V001729,C00672,2025-08-22,social,P007,Calm Cream 07,true,false,false,102,,,
V001730,C00006,2025-01-21,direct,P014,Active Mat 14,true,true,false,107,WEEKEND15,,
V001731,C00884,2025-01-29,paid_search,P025,Daily Lamp 25,true,false,false,32,,,
V001732,C00800,2025-02-27,social,P013,Bright Organizer 13,true,false,false,21,,,
V001733,C00099,2025-05-27,social,P014,Active Mat 14,true,false,false,39,,,
V001734,C00306,2025-07-22,paid_search,P016,Modern Serum 16,true,false,false,42,,,
V001735,C00535,2025-02-14,organic_search,P023,Calm Cream 23,true,true,false,50,,,
V001736,C00590,2025-08-12,paid_search,P021,Bright Organizer 21,true,false,false,17,,,
V001737,C00886,2025-07-02,direct,P004,Essential Bag 04,true,true,false,39,,,
V001738,C00848,2025-09-04,paid_search,P019,Urban Bottle 19,true,false,false,42,,,
V001739,C00544,2025-09-04,social,P014,Active Mat 14,true,true,true,100,,T004606,
V001740,C00565,2025-12-11,organic_search,P001,Daily Lamp 01,true,false,false,210,,,
V001741,C00031,2025-03-17,direct,P025,Daily Lamp 25,true,false,false,164,,,
V001742,C00840,2025-03-13,paid_search,P010,Pure Band 10,true,false,false,12,WEEKEND15,,
V001743,C00121,2025-04-29,social,P006,Active Mat 06,false,false,false,18,,,
V001744,C00780,2025-07-05,direct,P015,Calm Cream 15,true,false,false,11,,,
V001745,C00063,2025-12-06,referral,P002,Pure Band 02,true,false,false,25,,,
V001746,C00940,2025-04-04,organic_search,P012,Essential Bag 12,true,true,false,97,,,
V001747,C00027,2025-01-22,direct,P001,Daily Lamp 01,true,true,false,192,,,
V001748,C00450,2025-09-18,paid_search,P029,Bright Organizer 29,true,false,false,27,,,
V001749,C00832,2025-01-03,organic_search,P008,Modern Serum 08,true,false,false,62,,,
V001750,C00112,2025-01-21,paid_search,P016,Modern Serum 16,true,false,false,27,,,
V001751,C00784,2025-06-24,social,P027,Urban Bottle 27,true,true,false,117,,,
V001752,C00518,2025-09-09,organic_search,P029,Bright Organizer 29,true,false,false,406,,,
V001753,C00610,2025-01-04,social,P020,Essential Bag 20,true,false,false,24,LOYALTY10,,
V001754,C00560,2025-08-20,direct,P023,Calm Cream 23,true,true,false,63,WEEKEND15,,
V001755,C00572,2025-02-23,direct,P007,Calm Cream 07,true,true,false,57,,,
V001756,C00022,2025-08-19,email,P019,Urban Bottle 19,false,false,false,23,,,
V001757,C00328,2025-05-26,social,P001,Daily Lamp 01,false,false,false,28,,,
V001758,C00782,2025-01-30,social,P015,Calm Cream 15,true,false,false,13,,,
V001759,C00509,2025-02-16,organic_search,P026,Pure Band 26,true,false,true,74,,T000864,
V001760,C00309,2025-01-21,paid_search,P012,Essential Bag 12,true,false,false,175,,,
V001761,C00377,2025-12-18,direct,P015,Calm Cream 15,true,false,false,46,,,
V001762,C00082,2025-10-12,social,P004,Essential Bag 04,true,false,false,16,,,
V001763,C00870,2025-02-21,paid_search,P002,Pure Band 02,true,false,false,43,LOYALTY10,,
V001764,C00460,2025-02-08,direct,P012,Essential Bag 12,true,false,false,38,,,
V001765,C00864,2025-08-12,organic_search,P022,Active Mat 22,true,false,false,115,,,
V001766,C00730,2025-08-12,organic_search,P010,Pure Band 10,true,false,false,63,,,
V001767,C00318,2025-06-25,social,P018,Pure Band 18,true,false,false,34,,,
V001768,C00125,2025-08-18,paid_search,P016,Modern Serum 16,true,false,false,38,,,
V001769,C00360,2025-02-10,email,P018,Pure Band 18,true,false,false,45,,,
V001770,C00065,2025-12-03,paid_search,P011,Urban Bottle 11,true,false,false,26,,,
V001771,C00022,2025-11-23,social,P025,Daily Lamp 25,true,false,false,20,,,
V001772,C00391,2025-05-21,organic_search,P007,Calm Cream 07,true,false,false,46,,,
V001773,C00875,2025-04-08,email,P022,Active Mat 22,true,false,false,12,,,
V001774,C00398,2025-11-04,direct,P003,Urban Bottle 03,true,false,true,40,,T005661,
V001775,C00802,2025-08-07,direct,P022,Active Mat 22,true,false,false,21,,,
V001776,C00857,2025-06-26,organic_search,P005,Bright Organizer 05,false,false,false,63,,,
V001777,C00253,2025-01-19,direct,P025,Daily Lamp 25,true,false,false,28,,,
V001778,C00024,2025-08-23,direct,P010,Pure Band 10,true,false,false,51,,,
V001779,C00886,2025-11-04,organic_search,P016,Modern Serum 16,true,false,false,63,,,
V001780,C00272,2025-02-13,direct,P030,Active Mat 30,true,false,false,41,,,
V001781,C00641,2025-11-05,email,P019,Urban Bottle 19,true,false,false,88,,,
V001782,C00102,2025-07-19,organic_search,P011,Urban Bottle 11,true,false,false,31,,,
V001783,C00053,2025-08-28,direct,P027,Urban Bottle 27,true,false,false,133,WELCOME5,,
V001784,C00490,2025-05-21,social,P020,Essential Bag 20,true,false,false,25,,,
V001785,C00493,2025-01-29,direct,P018,Pure Band 18,true,false,false,177,,,
V001786,C00383,2025-10-26,email,P024,Modern Serum 24,true,false,false,46,,,
V001787,C00655,2025-03-30,referral,P017,Daily Lamp 17,true,true,false,23,,,
V001788,C00147,2025-04-13,direct,P018,Pure Band 18,true,false,false,106,,,
V001789,C00867,2025-03-23,paid_search,P016,Modern Serum 16,true,false,false,114,,,
V001790,C00426,2025-05-04,referral,P029,Bright Organizer 29,true,false,false,45,WELCOME5,,
V001791,C00725,2025-07-28,referral,P008,Modern Serum 08,true,false,false,7,WEEKEND15,,
V001792,C00106,2025-06-19,organic_search,P023,Calm Cream 23,true,false,true,179,,T003243,
V001793,C00259,2025-12-24,organic_search,P026,Pure Band 26,false,false,false,95,,,
V001794,C00716,2025-07-18,social,P005,Bright Organizer 05,false,false,false,107,,,
V001795,C00463,2025-06-06,social,P013,Bright Organizer 13,true,false,false,19,WELCOME5,,
V001796,C00312,2025-10-15,direct,P007,Calm Cream 07,true,true,false,56,,,
V001797,C00713,2025-06-05,organic_search,P011,Urban Bottle 11,true,false,false,46,WELCOME5,,
V001798,C00046,2025-11-19,direct,P023,Calm Cream 23,true,false,false,87,,,
V001799,C00106,2025-05-08,email,P005,Bright Organizer 05,true,false,false,66,,,
V001800,C00694,2025-06-02,social,P021,Bright Organizer 21,true,false,false,48,,,
V001801,C00390,2025-07-03,social,P028,Essential Bag 28,true,false,false,116,,,
V001802,C00598,2025-03-21,email,P003,Urban Bottle 03,true,false,false,76,WELCOME5,,
V001803,C00278,2025-02-19,direct,P016,Modern Serum 16,true,false,false,42,,,
V001804,C00258,2025-05-05,paid_search,P021,Bright Organizer 21,true,false,false,50,,,
V001805,C00211,2025-10-04,social,P028,Essential Bag 28,true,true,false,84,WEEKEND15,,
V001806,C00474,2025-07-03,organic_search,P025,Daily Lamp 25,true,false,true,46,WELCOME5,T003510,
V001807,C00299,2025-07-07,paid_search,P004,Essential Bag 04,true,true,false,48,,,
V001808,C00089,2025-04-26,direct,P030,Active Mat 30,true,false,false,262,,,
V001809,C00787,2025-07-08,social,P009,Daily Lamp 09,true,false,false,45,,,
V001810,C00908,2025-05-31,organic_search,P012,Essential Bag 12,true,true,false,72,WEEKEND15,,
V001811,C00025,2025-07-24,organic_search,P011,Urban Bottle 11,true,false,false,103,,,
V001812,C00380,2025-08-19,email,P024,Modern Serum 24,true,false,false,123,,,
V001813,C00228,2025-01-18,social,P005,Bright Organizer 05,true,false,false,21,,,
V001814,C00877,2025-07-13,direct,P015,Calm Cream 15,true,false,false,28,WELCOME5,,
V001815,C00121,2025-07-01,organic_search,P030,Active Mat 30,true,false,false,21,,,
V001816,C00420,2025-06-06,organic_search,P028,Essential Bag 28,true,false,true,108,,T002999,
V001817,C00461,2025-02-27,social,P002,Pure Band 02,true,false,false,61,,,
V001818,C00061,2025-09-03,paid_search,P003,Urban Bottle 03,true,true,false,271,,,
V001819,C00600,2025-02-14,organic_search,P030,Active Mat 30,true,false,true,16,WEEKEND15,T000834,
V001820,C00193,2025-01-20,direct,P004,Essential Bag 04,true,true,false,208,,,
V001821,C00186,2025-12-28,social,P011,Urban Bottle 11,false,false,false,26,WELCOME5,,
V001822,C00195,2025-08-05,direct,P018,Pure Band 18,true,false,false,78,,,
V001823,C00768,2025-02-07,social,P020,Essential Bag 20,true,false,false,26,,,
V001824,C00629,2025-06-06,organic_search,P029,Bright Organizer 29,true,false,false,23,,,
V001825,C00610,2025-04-18,organic_search,P005,Bright Organizer 05,true,false,false,238,,,
V001826,C00379,2025-08-04,organic_search,P010,Pure Band 10,true,true,false,18,,,
V001827,C00577,2025-11-28,organic_search,P012,Essential Bag 12,false,false,false,47,,,
V001828,C00418,2025-04-02,direct,P009,Daily Lamp 09,true,false,false,30,,,
V001829,C00506,2025-06-23,direct,P012,Essential Bag 12,true,false,false,74,WEEKEND15,,
V001830,C00939,2025-12-08,referral,P012,Essential Bag 12,true,false,false,149,WELCOME5,,
V001831,C00912,2025-02-28,paid_search,P011,Urban Bottle 11,true,false,false,263,,,
V001832,C00672,2025-03-15,organic_search,P010,Pure Band 10,true,false,false,67,,,
V001833,C00350,2025-03-27,organic_search,P005,Bright Organizer 05,true,false,true,55,,T001661,
V001834,C00343,2025-08-04,paid_search,P009,Daily Lamp 09,true,false,true,83,,T004054,
V001835,C00528,2025-01-23,organic_search,P017,Daily Lamp 17,true,false,false,27,,,
V001836,C00148,2025-06-03,direct,P017,Daily Lamp 17,true,false,false,43,,,
V001837,C00319,2025-12-13,email,P029,Bright Organizer 29,true,false,false,59,,,
V001838,C00416,2025-02-02,referral,P030,Active Mat 30,true,false,false,37,,,
V001839,C00415,2025-06-10,paid_search,P016,Modern Serum 16,true,false,false,29,,,
V001840,C00517,2025-10-11,organic_search,P013,Bright Organizer 13,true,false,true,111,,T005267,
V001841,C00171,2025-11-04,social,P019,Urban Bottle 19,true,false,false,46,,,
V001842,C00453,2025-06-02,organic_search,P028,Essential Bag 28,true,false,false,139,,,
V001843,C00172,2025-10-01,organic_search,P019,Urban Bottle 19,true,true,false,68,,,
V001844,C00228,2025-06-25,email,P030,Active Mat 30,true,false,false,32,,,
V001845,C00284,2025-12-22,organic_search,P018,Pure Band 18,false,false,false,112,,,
V001846,C00180,2025-09-03,direct,P023,Calm Cream 23,true,false,false,19,,,
V001847,C00887,2025-01-23,organic_search,P006,Active Mat 06,true,false,false,28,WELCOME5,,
V001848,C00653,2025-01-29,social,P030,Active Mat 30,true,false,false,20,,,
V001849,C00871,2025-10-17,organic_search,P006,Active Mat 06,false,false,false,130,,,
V001850,C00315,2025-10-26,organic_search,P024,Modern Serum 24,true,false,false,18,,,
V001851,C00560,2025-04-12,direct,P006,Active Mat 06,false,false,false,157,,,
V001852,C00622,2025-03-17,direct,P030,Active Mat 30,true,false,false,18,,,
V001853,C00724,2025-04-21,paid_search,P003,Urban Bottle 03,true,true,true,70,WELCOME5,T002118,
V001854,C00476,2025-04-28,paid_search,P011,Urban Bottle 11,true,false,false,63,WELCOME5,,
V001855,C00556,2025-07-09,social,P014,Active Mat 14,true,false,false,22,,,
V001856,C00451,2025-07-09,social,P007,Calm Cream 07,true,false,false,44,,,
V001857,C00258,2025-09-01,direct,P006,Active Mat 06,true,false,false,56,,,
V001858,C00235,2025-06-22,email,P009,Daily Lamp 09,true,false,false,5,,,
V001859,C00764,2025-11-01,email,P005,Bright Organizer 05,true,false,false,67,LOYALTY10,,
V001860,C00232,2025-10-29,organic_search,P016,Modern Serum 16,false,false,false,94,,,
V001861,C00043,2025-03-22,paid_search,P011,Urban Bottle 11,true,false,false,62,,,
V001862,C00647,2025-07-04,organic_search,P005,Bright Organizer 05,true,false,false,424,WELCOME5,,
V001863,C00040,2025-09-13,social,P016,Modern Serum 16,true,false,false,69,,,
V001864,C00925,2025-07-17,paid_search,P019,Urban Bottle 19,true,false,false,9,WEEKEND15,,
V001865,C00855,2025-08-31,direct,P006,Active Mat 06,false,false,false,30,,,
V001866,C00007,2025-08-25,paid_search,P023,Calm Cream 23,false,false,false,10,,,
V001867,C00453,2025-07-17,email,P013,Bright Organizer 13,true,true,true,27,,T003772,
V001868,C00062,2025-11-02,direct,P009,Daily Lamp 09,true,true,false,106,,,
V001869,C00588,2025-04-28,paid_search,P004,Essential Bag 04,false,false,false,60,WELCOME5,,
V001870,C00585,2025-06-29,organic_search,P009,Daily Lamp 09,true,false,false,42,LOYALTY10,,
V001871,C00121,2025-07-23,paid_search,P015,Calm Cream 15,true,false,false,12,WEEKEND15,,
V001872,C00230,2025-08-12,paid_search,P010,Pure Band 10,true,true,true,67,,T004225,
V001873,C00245,2025-10-03,referral,P011,Urban Bottle 11,true,false,false,25,,,
V001874,C00604,2025-03-01,email,P002,Pure Band 02,true,true,true,227,LOYALTY10,T001125,
V001875,C00267,2025-02-23,direct,P004,Essential Bag 04,true,false,false,54,,,
V001876,C00050,2025-07-20,paid_search,P013,Bright Organizer 13,true,false,false,433,,,
V001877,C00873,2025-09-06,social,P001,Daily Lamp 01,true,true,false,108,,,
V001878,C00385,2025-05-19,organic_search,P020,Essential Bag 20,true,false,false,15,,,
V001879,C00414,2025-05-02,direct,P017,Daily Lamp 17,true,false,false,30,,,
V001880,C00642,2025-05-06,direct,P008,Modern Serum 08,true,false,false,86,,,
V001881,C00333,2025-12-02,direct,P011,Urban Bottle 11,true,true,false,230,,,
V001882,C00911,2025-09-03,paid_search,P005,Bright Organizer 05,true,false,false,37,LOYALTY10,,
V001883,C00973,2025-07-08,email,P006,Active Mat 06,true,true,false,279,LOYALTY10,,
V001884,C00436,2025-03-06,paid_search,P024,Modern Serum 24,true,false,true,63,,T001209,
V001885,C00666,2025-09-22,direct,P029,Bright Organizer 29,true,true,false,169,,,
V001886,C00385,2025-10-27,paid_search,P019,Urban Bottle 19,false,false,false,30,,,
V001887,C00256,2025-04-25,paid_search,P010,Pure Band 10,true,false,false,55,LOYALTY10,,
V001888,C00634,2025-01-30,email,P026,Pure Band 26,true,false,false,37,,,
V001889,C00994,2025-06-29,organic_search,P003,Urban Bottle 03,true,false,false,34,,,
V001890,C00635,2025-03-10,social,P024,Modern Serum 24,true,false,false,102,,,
V001891,C00249,2025-06-09,organic_search,P008,Modern Serum 08,true,false,false,88,,,
V001892,C00267,2025-12-10,direct,P025,Daily Lamp 25,true,true,false,17,,,
V001893,C00750,2025-04-05,social,P028,Essential Bag 28,true,false,false,180,,,
V001894,C00316,2025-06-15,paid_search,P013,Bright Organizer 13,true,false,false,29,,,
V001895,C00874,2025-06-19,organic_search,P001,Daily Lamp 01,true,true,false,56,,,
V001896,C00394,2025-04-03,social,P010,Pure Band 10,true,false,false,16,,,
V001897,C00312,2025-08-19,paid_search,P025,Daily Lamp 25,true,false,true,78,,T004369,
V001898,C00060,2025-04-27,email,P019,Urban Bottle 19,true,false,true,60,,T002237,
V001899,C00570,2025-12-27,direct,P015,Calm Cream 15,true,false,false,75,,,
V001900,C00251,2025-03-29,social,P017,Daily Lamp 17,true,false,false,143,WEEKEND15,,
V001901,C00670,2025-06-07,social,P022,Active Mat 22,true,false,false,66,,,
V001902,C00595,2025-05-02,paid_search,P007,Calm Cream 07,true,true,false,69,,,
V001903,C00434,2025-12-27,paid_search,P004,Essential Bag 04,false,false,false,103,,,
V001904,C00544,2025-11-14,direct,P013,Bright Organizer 13,true,false,false,167,,,
V001905,C00466,2025-11-15,organic_search,P001,Daily Lamp 01,true,false,false,44,,,
V001906,C00311,2025-04-26,social,P003,Urban Bottle 03,true,false,false,69,,,
V001907,C00290,2025-08-18,referral,P027,Urban Bottle 27,true,false,false,51,,,
V001908,C00441,2025-06-12,social,P022,Active Mat 22,true,false,false,49,,,
V001909,C00941,2025-11-10,email,P013,Bright Organizer 13,true,false,false,7,WELCOME5,,
V001910,C00740,2025-12-22,organic_search,P002,Pure Band 02,true,false,false,196,,,
V001911,C00481,2025-06-02,referral,P024,Modern Serum 24,true,false,false,41,,,
V001912,C00827,2025-12-26,social,P021,Bright Organizer 21,true,false,false,68,,,
V001913,C00432,2025-01-23,email,P025,Daily Lamp 25,true,false,false,59,,,
V001914,C00356,2025-07-23,social,P024,Modern Serum 24,true,false,false,31,,,
V001915,C00149,2025-05-17,direct,P016,Modern Serum 16,true,true,false,298,,,
V001916,C00676,2025-11-29,organic_search,P020,Essential Bag 20,true,false,false,66,,,
V001917,C00653,2025-04-25,direct,P019,Urban Bottle 19,true,false,false,223,,,
V001918,C00358,2025-12-21,email,P011,Urban Bottle 11,true,false,false,45,,,
V001919,C00053,2025-01-16,organic_search,P025,Daily Lamp 25,true,true,false,228,,,
V001920,C00778,2025-05-28,direct,P023,Calm Cream 23,true,false,false,35,,,
V001921,C00356,2025-05-06,direct,P002,Pure Band 02,true,false,false,438,WELCOME5,,
V001922,C00880,2025-01-27,organic_search,P007,Calm Cream 07,true,false,false,38,,,
V001923,C00453,2025-10-21,email,P008,Modern Serum 08,true,false,false,36,WEEKEND15,,
V001924,C00436,2025-02-19,direct,P008,Modern Serum 08,true,false,false,78,,,
V001925,C00952,2025-01-17,email,P018,Pure Band 18,true,true,false,267,WEEKEND15,,
V001926,C00837,2025-11-27,social,P011,Urban Bottle 11,true,false,false,12,,,
V001927,C00447,2025-10-21,paid_search,P026,Pure Band 26,true,false,false,23,,,
V001928,C00585,2025-07-09,direct,P017,Daily Lamp 17,true,true,false,14,,,
V001929,C00815,2025-10-08,paid_search,P020,Essential Bag 20,true,false,false,96,,,
V001930,C00277,2025-07-15,paid_search,P018,Pure Band 18,true,false,false,39,,,
V001931,C00728,2025-07-29,paid_search,P002,Pure Band 02,true,false,false,45,WELCOME5,,
V001932,C00732,2025-04-13,organic_search,P006,Active Mat 06,false,false,false,91,,,
V001933,C00485,2025-11-20,email,P026,Pure Band 26,true,false,false,65,,,
V001934,C00808,2025-05-16,organic_search,P009,Daily Lamp 09,true,false,false,104,,,
V001935,C00793,2025-01-24,paid_search,P023,Calm Cream 23,true,false,false,378,,,
V001936,C00934,2025-06-03,social,P026,Pure Band 26,true,false,false,153,,,
V001937,C00482,2025-02-05,organic_search,P009,Daily Lamp 09,true,false,false,186,WEEKEND15,,
V001938,C00305,2025-10-07,direct,P010,Pure Band 10,true,false,false,53,,,
V001939,C00189,2025-12-22,direct,P017,Daily Lamp 17,true,false,false,79,,,
V001940,C00076,2025-03-15,social,P019,Urban Bottle 19,true,true,false,103,,,
V001941,C00873,2025-01-14,paid_search,P005,Bright Organizer 05,true,true,false,134,WEEKEND15,,
V001942,C00201,2025-05-17,social,P003,Urban Bottle 03,true,false,false,112,LOYALTY10,,
V001943,C00704,2025-07-30,organic_search,P006,Active Mat 06,false,false,false,490,,,
V001944,C00059,2025-02-26,email,P003,Urban Bottle 03,true,false,false,98,,,
V001945,C00123,2025-09-03,organic_search,P019,Urban Bottle 19,true,false,false,114,,,
V001946,C00177,2025-03-28,organic_search,P002,Pure Band 02,true,false,false,78,,,
V001947,C00888,2025-07-13,social,P028,Essential Bag 28,true,false,false,120,,,
V001948,C00872,2025-06-21,referral,P028,Essential Bag 28,true,false,false,10,,,
V001949,C00571,2025-12-18,paid_search,P023,Calm Cream 23,true,false,false,39,,,
V001950,C00243,2025-06-15,email,P018,Pure Band 18,true,true,false,82,,,
V001951,C00521,2025-05-12,organic_search,P027,Urban Bottle 27,true,false,false,38,LOYALTY10,,
V001952,C00405,2025-04-04,referral,P014,Active Mat 14,true,false,false,51,,,
V001953,C00809,2025-04-12,direct,P005,Bright Organizer 05,true,false,false,65,,,
V001954,C00673,2025-07-26,organic_search,P005,Bright Organizer 05,false,false,false,91,,,
V001955,C00452,2025-03-23,social,P001,Daily Lamp 01,true,false,false,333,WELCOME5,,
V001956,C00379,2025-05-08,direct,P008,Modern Serum 08,true,false,false,101,LOYALTY10,,
V001957,C00636,2025-11-12,organic_search,P015,Calm Cream 15,true,false,false,29,,,
V001958,C00700,2025-02-01,organic_search,P024,Modern Serum 24,true,false,false,43,WELCOME5,,
V001959,C00023,2025-01-07,direct,P024,Modern Serum 24,true,true,false,39,,,
V001960,C00730,2025-12-18,direct,P004,Essential Bag 04,true,false,false,177,,,
V001961,C00263,2025-09-30,social,P018,Pure Band 18,true,false,false,68,WELCOME5,,
V001962,C00362,2025-11-16,organic_search,P012,Essential Bag 12,false,false,false,43,,,
V001963,C00175,2025-12-19,direct,P005,Bright Organizer 05,true,false,true,57,,T006420,
V001964,C00208,2025-11-28,paid_search,P010,Pure Band 10,true,false,false,233,,,
V001965,C00491,2025-02-05,paid_search,P021,Bright Organizer 21,true,true,false,73,LOYALTY10,,
V001966,C00289,2025-07-11,direct,P016,Modern Serum 16,true,false,true,132,,T003639,
V001967,C00933,2025-10-31,email,P006,Active Mat 06,false,false,false,86,,,
V001968,C00119,2025-07-07,social,P012,Essential Bag 12,true,false,false,24,,,
V001969,C00867,2025-03-23,email,P006,Active Mat 06,true,false,false,37,,,
V001970,C00040,2025-07-26,email,P024,Modern Serum 24,true,false,false,51,,,
V001971,C00704,2025-03-02,paid_search,P029,Bright Organizer 29,true,true,false,41,,,
V001972,C00722,2025-09-06,paid_search,P029,Bright Organizer 29,true,true,true,119,WELCOME5,T004646,
V001973,C00050,2025-11-28,social,P008,Modern Serum 08,true,false,false,384,LOYALTY10,,
V001974,C00895,2025-05-17,paid_search,P009,Daily Lamp 09,true,true,false,55,,,
V001975,C00789,2025-09-22,email,P003,Urban Bottle 03,true,true,false,73,,,
V001976,C00589,2025-06-24,organic_search,P028,Essential Bag 28,true,false,false,61,WELCOME5,,
V001977,C00284,2025-02-01,email,P014,Active Mat 14,true,false,false,174,,,
V001978,C00838,2025-06-14,paid_search,P006,Active Mat 06,true,true,false,49,,,
V001979,C00634,2025-10-18,direct,P023,Calm Cream 23,true,false,false,53,,,
V001980,C00820,2025-08-19,paid_search,P004,Essential Bag 04,false,false,false,21,WEEKEND15,,
V001981,C00266,2025-06-23,organic_search,P004,Essential Bag 04,true,false,false,29,,,
V001982,C00654,2025-08-01,referral,P006,Active Mat 06,true,false,false,28,,,
V001983,C00004,2025-09-27,direct,P010,Pure Band 10,true,false,false,28,,,
V001984,C00177,2025-08-09,organic_search,P024,Modern Serum 24,true,false,false,25,,,
V001985,C00595,2025-10-23,social,P007,Calm Cream 07,true,false,false,244,,,
V001986,C00464,2025-07-30,direct,P029,Bright Organizer 29,true,false,false,45,,,
V001987,C00319,2025-04-26,organic_search,P016,Modern Serum 16,true,true,false,104,,,
V001988,C00686,2025-08-23,organic_search,P009,Daily Lamp 09,true,false,false,96,WELCOME5,,
V001989,C00958,2025-11-14,paid_search,P011,Urban Bottle 11,true,false,false,48,,,
V001990,C00871,2025-12-10,paid_search,P025,Daily Lamp 25,true,false,false,52,,,
V001991,C00146,2025-02-08,email,P015,Calm Cream 15,true,false,false,149,,,
V001992,C00406,2025-05-22,social,P026,Pure Band 26,true,true,false,85,,,
V001993,C00065,2025-07-30,organic_search,P025,Daily Lamp 25,true,false,false,62,,,
V001994,C00655,2025-11-07,social,P008,Modern Serum 08,true,true,true,80,,T005732,
V001995,C00740,2025-05-05,organic_search,P002,Pure Band 02,true,false,false,41,,,
V001996,C00257,2025-09-04,social,P001,Daily Lamp 01,true,true,true,97,WEEKEND15,T004619,
V001997,C00054,2025-05-31,paid_search,P029,Bright Organizer 29,true,false,true,38,,T002889,
V001998,C00718,2025-04-16,direct,P008,Modern Serum 08,true,true,false,51,WEEKEND15,,
V001999,C00246,2025-09-12,organic_search,P022,Active Mat 22,true,false,false,78,,,
V002000,C00226,2025-03-04,organic_search,P023,Calm Cream 23,true,false,false,182,,,
V002001,C00941,2025-12-13,direct,P007,Calm Cream 07,true,false,true,95,,T006326,
V002002,C00769,2025-06-24,social,P018,Pure Band 18,true,false,false,88,,,
V002003,C00569,2025-01-19,direct,P027,Urban Bottle 27,true,true,false,147,,,
V002004,C00073,2025-08-22,paid_search,P007,Calm Cream 07,true,false,false,164,,,
V002005,C00672,2025-05-13,email,P014,Active Mat 14,true,true,true,158,WELCOME5,T002517,
V002006,C00507,2025-01-18,email,P009,Daily Lamp 09,true,false,false,44,LOYALTY10,,
V002007,C00402,2025-05-31,direct,P029,Bright Organizer 29,true,false,false,22,,,
V002008,C00915,2025-08-12,paid_search,P004,Essential Bag 04,true,false,false,10,LOYALTY10,,
V002009,C00527,2025-02-04,email,P008,Modern Serum 08,true,false,false,80,WEEKEND15,,
V002010,C00765,2025-12-13,organic_search,P028,Essential Bag 28,true,false,false,46,,,
V002011,C00268,2025-09-26,referral,P014,Active Mat 14,false,false,false,93,,,
V002012,C00420,2025-10-12,organic_search,P017,Daily Lamp 17,true,false,false,33,LOYALTY10,,
V002013,C00383,2025-12-04,social,P012,Essential Bag 12,true,true,true,75,,T006153,
V002014,C00648,2025-02-06,referral,P028,Essential Bag 28,true,false,false,5,,,
V002015,C00694,2025-12-08,organic_search,P015,Calm Cream 15,true,false,false,24,,,
V002016,C00602,2025-10-30,organic_search,P025,Daily Lamp 25,true,false,false,42,,,
V002017,C00163,2025-01-16,paid_search,P004,Essential Bag 04,true,false,false,14,,,
V002018,C00919,2025-12-01,paid_search,P010,Pure Band 10,true,true,false,120,,,
V002019,C00288,2025-08-29,email,P020,Essential Bag 20,true,true,false,128,WEEKEND15,,
V002020,C00137,2025-10-17,referral,P017,Daily Lamp 17,true,false,false,32,,,
V002021,C00910,2025-01-12,paid_search,P024,Modern Serum 24,true,false,false,144,,,
V002022,C00398,2025-05-04,paid_search,P006,Active Mat 06,true,true,true,43,,T002359,
V002023,C00507,2025-03-06,social,P007,Calm Cream 07,true,false,false,132,LOYALTY10,,
V002024,C00915,2025-11-07,direct,P012,Essential Bag 12,true,true,false,133,LOYALTY10,,
V002025,C00762,2025-10-18,organic_search,P001,Daily Lamp 01,true,false,false,89,,,
V002026,C00815,2025-02-28,direct,P015,Calm Cream 15,true,false,false,236,,,
V002027,C00898,2025-07-24,direct,P021,Bright Organizer 21,true,false,false,10,,,
V002028,C00082,2025-07-31,paid_search,P016,Modern Serum 16,false,false,false,17,,,
V002029,C00032,2025-04-03,paid_search,P030,Active Mat 30,true,false,false,22,,,
V002030,C00043,2025-09-10,paid_search,P013,Bright Organizer 13,true,true,false,34,,,
V002031,C00942,2025-06-22,paid_search,P006,Active Mat 06,false,false,false,38,WELCOME5,,
V002032,C00595,2025-06-21,paid_search,P003,Urban Bottle 03,true,false,false,68,WEEKEND15,,
V002033,C00761,2025-09-02,direct,P007,Calm Cream 07,true,false,false,71,,,
V002034,C00363,2025-11-14,organic_search,P014,Active Mat 14,true,false,false,196,WELCOME5,,
V002035,C00568,2025-12-09,direct,P023,Calm Cream 23,true,true,true,75,,T006248,
V002036,C00616,2025-02-19,email,P025,Daily Lamp 25,true,false,false,100,,,
V002037,C00744,2025-02-11,referral,P022,Active Mat 22,true,true,false,38,WEEKEND15,,
V002038,C00665,2025-11-09,organic_search,P006,Active Mat 06,true,true,false,140,WELCOME5,,
V002039,C00603,2025-01-26,email,P014,Active Mat 14,true,false,true,27,,T000488,
V002040,C00520,2025-07-03,organic_search,P026,Pure Band 26,true,false,false,20,,,
V002041,C00371,2025-01-13,email,P006,Active Mat 06,true,false,false,88,,,
V002042,C00576,2025-08-08,direct,P002,Pure Band 02,true,true,false,34,,,
V002043,C00492,2025-10-12,email,P010,Pure Band 10,true,false,false,32,,,
V002044,C00828,2025-08-15,direct,P021,Bright Organizer 21,true,false,false,95,,,
V002045,C00383,2025-09-07,email,P004,Essential Bag 04,true,false,false,48,,,
V002046,C00040,2025-01-21,paid_search,P017,Daily Lamp 17,true,false,false,156,,,
V002047,C00647,2025-09-08,direct,P014,Active Mat 14,true,false,false,68,,,
V002048,C00621,2025-07-15,paid_search,P007,Calm Cream 07,true,false,false,42,,,
V002049,C00768,2025-02-14,paid_search,P029,Bright Organizer 29,true,false,false,77,,,
V002050,C00969,2025-04-24,referral,P022,Active Mat 22,true,false,false,26,,,
V002051,C00554,2025-03-05,paid_search,P005,Bright Organizer 05,true,false,false,77,WEEKEND15,,
V002052,C00808,2025-08-26,organic_search,P023,Calm Cream 23,false,false,false,91,,,
V002053,C00182,2025-11-29,organic_search,P028,Essential Bag 28,true,false,false,161,,,
V002054,C00455,2025-12-25,paid_search,P002,Pure Band 02,true,false,false,321,,,
V002055,C00715,2025-08-29,email,P010,Pure Band 10,true,false,false,104,,,
V002056,C00025,2025-06-25,direct,P018,Pure Band 18,true,false,false,35,WELCOME5,,
V002057,C00604,2025-10-28,paid_search,P014,Active Mat 14,false,false,false,26,LOYALTY10,,
V002058,C00347,2025-07-25,social,P005,Bright Organizer 05,false,false,false,43,,,
V002059,C00809,2025-01-26,organic_search,P012,Essential Bag 12,true,false,false,42,,,
V002060,C00394,2025-03-24,paid_search,P017,Daily Lamp 17,true,false,false,15,,,
V002061,C00792,2025-02-08,organic_search,P029,Bright Organizer 29,true,false,false,21,LOYALTY10,,
V002062,C00816,2025-05-18,referral,P009,Daily Lamp 09,true,false,false,183,,,
V002063,C00953,2025-07-11,organic_search,P009,Daily Lamp 09,true,false,false,57,,,
V002064,C00504,2025-09-22,organic_search,P023,Calm Cream 23,false,false,false,55,WEEKEND15,,
V002065,C00433,2025-07-16,direct,P028,Essential Bag 28,true,false,false,19,,,
V002066,C00841,2025-12-27,organic_search,P016,Modern Serum 16,false,false,false,108,LOYALTY10,,
V002067,C00173,2025-10-01,paid_search,P014,Active Mat 14,true,false,false,35,,,
V002068,C00290,2025-12-21,direct,P012,Essential Bag 12,false,false,false,134,,,
V002069,C00442,2025-08-14,email,P024,Modern Serum 24,true,false,true,11,,T004252,
V002070,C00130,2025-06-17,paid_search,P029,Bright Organizer 29,true,false,false,46,,,
V002071,C00918,2025-05-02,email,P016,Modern Serum 16,true,false,false,16,,,
V002072,C00999,2025-07-03,social,P007,Calm Cream 07,true,false,false,31,,,
V002073,C00419,2025-09-08,direct,P029,Bright Organizer 29,true,false,false,30,,,
V002074,C00297,2025-03-24,organic_search,P026,Pure Band 26,true,false,false,10,,,
V002075,C00341,2025-05-11,paid_search,P016,Modern Serum 16,true,true,false,67,,,
V002076,C00589,2025-01-24,referral,P011,Urban Bottle 11,true,false,false,58,,,
V002077,C00542,2025-05-04,email,P019,Urban Bottle 19,true,false,false,21,WELCOME5,,
V002078,C00306,2025-07-26,organic_search,P011,Urban Bottle 11,true,false,false,28,LOYALTY10,,
V002079,C00944,2025-09-15,organic_search,P027,Urban Bottle 27,true,false,false,30,,,
V002080,C00482,2025-11-24,paid_search,P004,Essential Bag 04,false,false,false,102,,,
V002081,C00452,2025-11-10,organic_search,P019,Urban Bottle 19,true,false,false,81,,,
V002082,C00652,2025-02-21,direct,P005,Bright Organizer 05,true,false,true,186,,T000957,
V002083,C00759,2025-10-14,direct,P016,Modern Serum 16,false,false,false,63,,,
V002084,C00094,2025-09-14,paid_search,P022,Active Mat 22,true,false,false,42,LOYALTY10,,
V002085,C00186,2025-09-30,organic_search,P021,Bright Organizer 21,true,false,false,90,,,
V002086,C00132,2025-06-21,organic_search,P009,Daily Lamp 09,true,false,false,44,,,
V002087,C00901,2025-10-14,social,P022,Active Mat 22,true,false,false,44,,,
V002088,C00268,2025-04-15,organic_search,P006,Active Mat 06,false,false,false,23,,,
V002089,C00724,2025-03-06,paid_search,P005,Bright Organizer 05,true,false,false,682,,,
V002090,C00729,2025-02-19,paid_search,P011,Urban Bottle 11,true,false,false,25,,,
V002091,C00090,2025-06-19,organic_search,P001,Daily Lamp 01,true,false,false,49,,,
V002092,C00675,2025-04-14,social,P014,Active Mat 14,true,false,false,93,,,
V002093,C00188,2025-06-14,referral,P005,Bright Organizer 05,true,false,false,11,,,
V002094,C00799,2025-08-31,direct,P024,Modern Serum 24,true,false,true,45,WEEKEND15,T004543,
V002095,C00767,2025-10-31,paid_search,P006,Active Mat 06,false,false,false,72,,,
V002096,C00473,2025-08-17,organic_search,P020,Essential Bag 20,true,false,false,63,,,
V002097,C00001,2025-07-26,organic_search,P023,Calm Cream 23,false,false,false,68,,,
V002098,C00605,2025-12-23,organic_search,P012,Essential Bag 12,false,false,false,67,,,
V002099,C00372,2025-11-24,paid_search,P026,Pure Band 26,true,true,false,166,WEEKEND15,,
V002100,C00467,2025-11-13,direct,P001,Daily Lamp 01,true,false,false,70,WELCOME5,,
V002101,C00731,2025-07-25,organic_search,P017,Daily Lamp 17,true,false,true,112,,T003917,
V002102,C00458,2025-02-14,organic_search,P026,Pure Band 26,true,false,false,28,WEEKEND15,,
V002103,C00611,2025-05-09,paid_search,P025,Daily Lamp 25,true,false,false,19,,,
V002104,C00718,2025-09-28,organic_search,P024,Modern Serum 24,false,false,false,48,,,
V002105,C00088,2025-04-23,paid_search,P007,Calm Cream 07,true,false,false,298,,,
V002106,C00725,2025-07-08,direct,P024,Modern Serum 24,true,false,false,76,,,
V002107,C00586,2025-07-18,direct,P020,Essential Bag 20,true,false,true,20,,T003786,
V002108,C00010,2025-06-06,paid_search,P018,Pure Band 18,true,false,false,42,,,
V002109,C00274,2025-05-02,organic_search,P001,Daily Lamp 01,true,false,false,109,,,
V002110,C00808,2025-05-18,social,P017,Daily Lamp 17,true,false,false,44,LOYALTY10,,
V002111,C00857,2025-05-17,direct,P018,Pure Band 18,true,false,false,19,,,
V002112,C00951,2025-12-10,direct,P004,Essential Bag 04,true,true,true,82,,T006277,
V002113,C00107,2025-12-10,organic_search,P023,Calm Cream 23,true,false,true,191,WELCOME5,T006278,
V002114,C00289,2025-07-12,email,P012,Essential Bag 12,true,false,false,59,,,
V002115,C00708,2025-07-06,direct,P027,Urban Bottle 27,true,false,false,49,,,
V002116,C00960,2025-07-25,paid_search,P005,Bright Organizer 05,false,false,false,70,,,
V002117,C00488,2025-02-16,organic_search,P006,Active Mat 06,true,false,false,34,,,
V002118,C00084,2025-06-06,social,P023,Calm Cream 23,true,false,false,22,,,
V002119,C00004,2025-04-03,paid_search,P001,Daily Lamp 01,true,false,false,74,,,
V002120,C00756,2025-04-16,social,P029,Bright Organizer 29,true,false,false,39,,,
V002121,C00720,2025-06-18,organic_search,P003,Urban Bottle 03,true,false,false,24,,,
V002122,C00229,2025-11-22,social,P023,Calm Cream 23,true,false,false,113,,,
V002123,C00841,2025-03-08,direct,P008,Modern Serum 08,true,false,false,42,,,
V002124,C00005,2025-12-19,paid_search,P016,Modern Serum 16,false,false,false,38,LOYALTY10,,
V002125,C00388,2025-05-28,email,P023,Calm Cream 23,true,false,false,24,,,
V002126,C00516,2025-12-11,paid_search,P004,Essential Bag 04,true,false,false,51,,,
V002127,C00120,2025-12-13,social,P028,Essential Bag 28,true,false,false,57,,,
V002128,C00005,2025-09-02,social,P011,Urban Bottle 11,true,false,false,79,,,
V002129,C00634,2025-01-08,paid_search,P016,Modern Serum 16,true,false,false,5,,,
V002130,C00420,2025-05-07,email,P023,Calm Cream 23,true,false,true,83,,T002409,
V002131,C00872,2025-01-29,email,P028,Essential Bag 28,true,false,false,23,,,
V002132,C00260,2025-09-05,direct,P025,Daily Lamp 25,true,true,true,375,WEEKEND15,T004635,
V002133,C00685,2025-04-10,social,P004,Essential Bag 04,true,false,false,100,,,
V002134,C00290,2025-01-04,email,P024,Modern Serum 24,true,false,false,133,,,
V002135,C00930,2025-03-17,social,P009,Daily Lamp 09,true,false,true,84,,T001424,
V002136,C00962,2025-03-10,organic_search,P016,Modern Serum 16,true,false,false,103,WELCOME5,,
V002137,C00694,2025-11-09,referral,P016,Modern Serum 16,true,true,false,335,,,
V002138,C00825,2025-11-06,organic_search,P019,Urban Bottle 19,true,false,false,56,WEEKEND15,,
V002139,C00681,2025-02-14,organic_search,P006,Active Mat 06,true,false,false,36,WEEKEND15,,
V002140,C00001,2025-09-07,organic_search,P028,Essential Bag 28,true,false,false,47,,,
V002141,C00113,2025-01-21,organic_search,P003,Urban Bottle 03,true,true,false,26,WEEKEND15,,
V002142,C00643,2025-05-06,paid_search,P009,Daily Lamp 09,true,false,false,27,WEEKEND15,,
V002143,C00549,2025-08-03,email,P021,Bright Organizer 21,true,false,false,56,,,
V002144,C00438,2025-11-30,organic_search,P006,Active Mat 06,false,false,false,51,,,
V002145,C00226,2025-05-08,referral,P014,Active Mat 14,true,false,false,79,LOYALTY10,,
V002146,C00727,2025-06-20,organic_search,P004,Essential Bag 04,true,true,false,139,,,
V002147,C00717,2025-05-18,organic_search,P013,Bright Organizer 13,true,false,false,68,WELCOME5,,
V002148,C00646,2025-01-20,direct,P023,Calm Cream 23,true,true,false,79,,,
V002149,C00496,2025-04-05,referral,P014,Active Mat 14,true,false,false,40,LOYALTY10,,
V002150,C00504,2025-08-05,email,P007,Calm Cream 07,true,false,false,155,,,
V002151,C00717,2025-01-13,email,P001,Daily Lamp 01,true,false,false,17,,,
V002152,C00123,2025-04-25,email,P002,Pure Band 02,true,true,false,73,,,
V002153,C00066,2025-07-19,social,P003,Urban Bottle 03,true,false,false,21,,,
V002154,C00613,2025-03-04,email,P016,Modern Serum 16,true,false,false,27,WEEKEND15,,
V002155,C00747,2025-07-08,email,P012,Essential Bag 12,true,false,false,19,,,
V002156,C00499,2025-04-05,direct,P018,Pure Band 18,true,false,false,84,,,
V002157,C00763,2025-12-11,referral,P014,Active Mat 14,true,true,true,134,,T006299,
V002158,C00828,2025-03-16,paid_search,P009,Daily Lamp 09,true,false,false,46,,,
V002159,C00032,2025-12-18,organic_search,P003,Urban Bottle 03,true,true,false,115,,,
V002160,C00817,2025-04-22,direct,P021,Bright Organizer 21,true,false,false,47,,,
V002161,C00244,2025-03-27,paid_search,P002,Pure Band 02,true,false,false,43,,,
V002162,C00140,2025-06-19,organic_search,P030,Active Mat 30,true,false,false,34,,,
V002163,C00997,2025-01-08,direct,P024,Modern Serum 24,true,false,false,102,,,
V002164,C00254,2025-08-02,email,P004,Essential Bag 04,true,true,false,39,WEEKEND15,,
V002165,C00944,2025-08-23,email,P016,Modern Serum 16,true,false,false,54,,,
V002166,C00343,2025-12-08,email,P028,Essential Bag 28,true,false,false,24,,,
V002167,C00207,2025-04-15,social,P020,Essential Bag 20,true,false,false,67,,,
V002168,C00877,2025-05-23,social,P020,Essential Bag 20,true,false,false,40,,,
V002169,C00990,2025-11-11,social,P005,Bright Organizer 05,true,false,false,90,,,
V002170,C00400,2025-01-27,social,P028,Essential Bag 28,true,false,false,66,,,
V002171,C00593,2025-04-14,organic_search,P021,Bright Organizer 21,true,false,false,38,,,
V002172,C00583,2025-01-29,paid_search,P005,Bright Organizer 05,true,false,false,9,,,
V002173,C00199,2025-04-20,organic_search,P021,Bright Organizer 21,true,false,false,20,,,
V002174,C00336,2025-04-23,organic_search,P021,Bright Organizer 21,true,true,false,66,,,
V002175,C00181,2025-07-10,email,P003,Urban Bottle 03,true,true,false,109,,,
V002176,C00033,2025-12-31,direct,P010,Pure Band 10,true,false,true,141,,T006554,
V002177,C00707,2025-01-07,social,P025,Daily Lamp 25,true,false,false,62,WEEKEND15,,
V002178,C00230,2025-09-18,email,P026,Pure Band 26,true,false,false,37,WEEKEND15,,
V002179,C00214,2025-12-23,email,P005,Bright Organizer 05,false,false,false,55,WEEKEND15,,
V002180,C00373,2025-09-18,direct,P005,Bright Organizer 05,true,true,false,30,,,
V002181,C00457,2025-09-03,organic_search,P018,Pure Band 18,true,true,true,110,,T004590,
V002182,C00580,2025-12-14,paid_search,P020,Essential Bag 20,true,false,false,38,LOYALTY10,,
V002183,C00407,2025-08-20,direct,P004,Essential Bag 04,false,false,false,21,,,
V002184,C00535,2025-11-08,organic_search,P028,Essential Bag 28,true,false,false,32,,,
V002185,C00211,2025-12-21,organic_search,P008,Modern Serum 08,true,true,false,123,LOYALTY10,,
V002186,C00775,2025-06-10,referral,P020,Essential Bag 20,true,false,false,180,WELCOME5,,
V002187,C00436,2025-05-19,organic_search,P022,Active Mat 22,true,false,false,50,,,
V002188,C00452,2025-12-14,organic_search,P020,Essential Bag 20,true,true,true,627,,T006337,
V002189,C00036,2025-05-08,social,P020,Essential Bag 20,true,false,false,69,LOYALTY10,,
V002190,C00170,2025-03-11,social,P007,Calm Cream 07,true,false,false,19,,,
V002191,C00027,2025-11-12,direct,P024,Modern Serum 24,true,false,false,36,,,
V002192,C00573,2025-03-07,organic_search,P023,Calm Cream 23,true,true,false,118,,,
V002193,C00779,2025-10-13,paid_search,P024,Modern Serum 24,true,false,false,57,,,
V002194,C00474,2025-01-14,social,P021,Bright Organizer 21,true,false,false,38,,,
V002195,C00875,2025-12-11,direct,P022,Active Mat 22,true,true,false,25,WEEKEND15,,
V002196,C00438,2025-11-27,direct,P015,Calm Cream 15,true,false,false,91,WEEKEND15,,
V002197,C00676,2025-04-23,direct,P004,Essential Bag 04,true,false,false,158,,,
V002198,C00825,2025-10-01,email,P024,Modern Serum 24,true,false,false,44,,,
V002199,C00387,2025-09-21,organic_search,P028,Essential Bag 28,true,false,false,20,,,
V002200,C00916,2025-01-03,organic_search,P011,Urban Bottle 11,true,false,false,42,,,
V002201,C00382,2025-02-09,paid_search,P025,Daily Lamp 25,true,false,false,13,,,
V002202,C00007,2025-06-23,organic_search,P016,Modern Serum 16,true,true,false,64,WEEKEND15,,
V002203,C00211,2025-12-06,email,P001,Daily Lamp 01,true,true,false,87,WELCOME5,,
V002204,C00809,2025-09-12,social,P017,Daily Lamp 17,true,false,false,16,WELCOME5,,
V002205,C00999,2025-03-22,paid_search,P020,Essential Bag 20,true,true,false,52,,,
V002206,C00637,2025-05-01,social,P025,Daily Lamp 25,true,false,false,13,,,
V002207,C00084,2025-08-17,paid_search,P028,Essential Bag 28,true,false,false,27,,,
V002208,C00998,2025-04-09,referral,P001,Daily Lamp 01,true,true,false,18,,,
V002209,C00949,2025-08-01,paid_search,P005,Bright Organizer 05,true,false,false,67,,,
V002210,C00240,2025-06-29,organic_search,P021,Bright Organizer 21,true,false,false,22,WELCOME5,,
V002211,C00068,2025-04-26,organic_search,P022,Active Mat 22,true,false,false,12,,,
V002212,C00695,2025-07-14,direct,P002,Pure Band 02,true,false,false,66,,,
V002213,C00359,2025-02-15,organic_search,P013,Bright Organizer 13,true,false,false,39,,,
V002214,C00362,2025-01-24,organic_search,P011,Urban Bottle 11,true,false,false,52,,,
V002215,C00951,2025-07-12,organic_search,P018,Pure Band 18,true,false,false,73,,,
V002216,C00493,2025-03-30,paid_search,P029,Bright Organizer 29,true,false,false,63,,,
V002217,C00955,2025-01-14,direct,P016,Modern Serum 16,true,false,false,8,,,
V002218,C00454,2025-02-24,organic_search,P024,Modern Serum 24,true,false,false,270,,,
V002219,C00720,2025-04-22,social,P027,Urban Bottle 27,true,false,false,189,,,
V002220,C00886,2025-11-17,direct,P002,Pure Band 02,true,false,false,144,WEEKEND15,,
V002221,C00789,2025-12-27,organic_search,P003,Urban Bottle 03,true,true,true,114,,T006513,
V002222,C00770,2025-07-23,referral,P016,Modern Serum 16,false,false,false,60,,,
V002223,C00907,2025-02-17,social,P030,Active Mat 30,true,false,false,27,WEEKEND15,,
V002224,C00751,2025-03-25,email,P007,Calm Cream 07,true,false,false,104,,,
V002225,C00453,2025-12-31,organic_search,P030,Active Mat 30,true,true,false,29,,,
V002226,C00936,2025-05-21,organic_search,P017,Daily Lamp 17,true,false,false,49,,,
V002227,C00111,2025-06-06,social,P001,Daily Lamp 01,true,false,false,26,,,
V002228,C00987,2025-06-27,organic_search,P002,Pure Band 02,true,true,false,163,WELCOME5,,
V002229,C00396,2025-01-15,social,P012,Essential Bag 12,true,false,false,39,,,
V002230,C00956,2025-12-09,email,P023,Calm Cream 23,true,false,false,46,WEEKEND15,,
V002231,C00039,2025-09-17,direct,P004,Essential Bag 04,false,false,false,50,,,
V002232,C00209,2025-12-22,paid_search,P006,Active Mat 06,false,false,false,150,,,
V002233,C00450,2025-04-18,direct,P001,Daily Lamp 01,true,false,true,122,WELCOME5,T002077,
V002234,C00978,2025-02-16,paid_search,P009,Daily Lamp 09,true,false,false,59,WEEKEND15,,
V002235,C00249,2025-05-07,organic_search,P002,Pure Band 02,true,false,false,25,WELCOME5,,
V002236,C00562,2025-12-05,direct,P013,Bright Organizer 13,true,false,true,26,,T006183,
V002237,C00856,2025-05-14,paid_search,P024,Modern Serum 24,true,false,false,104,,,
V002238,C00188,2025-07-02,paid_search,P009,Daily Lamp 09,true,false,false,99,,,
V002239,C00358,2025-07-07,direct,P027,Urban Bottle 27,true,false,false,20,,,
V002240,C00842,2025-11-13,paid_search,P009,Daily Lamp 09,true,false,false,36,,,
V002241,C00631,2025-09-10,direct,P004,Essential Bag 04,true,false,false,73,LOYALTY10,,
V002242,C00128,2025-07-06,email,P015,Calm Cream 15,true,false,true,18,,T003569,
V002243,C00668,2025-07-01,paid_search,P027,Urban Bottle 27,true,false,false,131,,,
V002244,C00160,2025-02-24,social,P028,Essential Bag 28,true,false,false,14,,,
V002245,C00690,2025-04-19,social,P012,Essential Bag 12,true,false,false,665,,,
V002246,C00752,2025-08-07,social,P029,Bright Organizer 29,true,false,false,82,,,
V002247,C00131,2025-12-21,email,P023,Calm Cream 23,true,false,false,142,WELCOME5,,
V002248,C00787,2025-07-01,referral,P001,Daily Lamp 01,true,false,false,104,,,
V002249,C00581,2025-10-12,direct,P023,Calm Cream 23,true,false,false,16,,,
V002250,C00345,2025-06-03,social,P009,Daily Lamp 09,true,false,false,50,LOYALTY10,,
V002251,C00867,2025-05-23,paid_search,P003,Urban Bottle 03,true,true,false,13,,,
V002252,C00003,2025-03-10,email,P019,Urban Bottle 19,true,true,true,47,,T001301,
V002253,C00394,2025-11-18,paid_search,P016,Modern Serum 16,false,false,false,19,,,
V002254,C00949,2025-11-17,social,P006,Active Mat 06,false,false,false,30,,,
V002255,C00462,2025-10-30,organic_search,P008,Modern Serum 08,true,false,false,15,,,
V002256,C00415,2025-09-08,referral,P015,Calm Cream 15,true,true,false,59,,,
V002257,C00158,2025-12-07,email,P026,Pure Band 26,true,false,true,191,WEEKEND15,T006228,
V002258,C00195,2025-06-20,direct,P005,Bright Organizer 05,true,false,false,67,LOYALTY10,,
V002259,C00551,2025-12-26,organic_search,P022,Active Mat 22,true,false,true,124,,T006508,
V002260,C00302,2025-06-23,direct,P030,Active Mat 30,true,false,false,45,,,
V002261,C00976,2025-09-26,referral,P008,Modern Serum 08,true,false,false,38,,,
V002262,C00741,2025-01-11,social,P018,Pure Band 18,true,false,false,25,WEEKEND15,,
V002263,C00522,2025-12-17,direct,P005,Bright Organizer 05,true,true,false,39,,,
V002264,C00688,2025-05-26,social,P019,Urban Bottle 19,true,false,false,136,,,
V002265,C00574,2025-10-14,email,P014,Active Mat 14,true,false,false,22,,,
V002266,C00176,2025-04-11,organic_search,P010,Pure Band 10,true,false,false,38,WELCOME5,,
V002267,C00404,2025-08-15,organic_search,P002,Pure Band 02,true,false,false,198,,,
V002268,C00766,2025-06-26,email,P005,Bright Organizer 05,false,false,false,19,,,
V002269,C00273,2025-12-19,direct,P023,Calm Cream 23,true,false,false,77,LOYALTY10,,
V002270,C00276,2025-07-07,referral,P011,Urban Bottle 11,true,false,false,60,,,
V002271,C00266,2025-02-19,direct,P010,Pure Band 10,true,false,false,46,,,
V002272,C00530,2025-11-18,direct,P004,Essential Bag 04,true,false,false,64,WELCOME5,,
V002273,C00748,2025-01-28,social,P008,Modern Serum 08,true,true,false,98,,,
V002274,C00811,2025-11-28,direct,P029,Bright Organizer 29,true,false,false,219,WELCOME5,,
V002275,C00794,2025-10-22,email,P004,Essential Bag 04,false,false,false,24,WELCOME5,,
V002276,C00321,2025-01-23,referral,P027,Urban Bottle 27,true,false,false,51,,,
V002277,C00320,2025-07-27,social,P002,Pure Band 02,true,false,false,104,,,
V002278,C00077,2025-03-31,email,P003,Urban Bottle 03,true,false,false,29,,,
V002279,C00286,2025-01-03,email,P012,Essential Bag 12,true,false,false,51,,,
V002280,C00332,2025-11-03,social,P016,Modern Serum 16,true,false,false,7,,,
V002281,C00461,2025-08-11,organic_search,P012,Essential Bag 12,true,true,false,96,WEEKEND15,,
V002282,C00605,2025-11-16,organic_search,P009,Daily Lamp 09,true,false,false,178,,,
V002283,C00204,2025-04-13,direct,P011,Urban Bottle 11,true,false,false,218,WELCOME5,,
V002284,C00773,2025-06-01,social,P022,Active Mat 22,true,false,false,44,,,
V002285,C00260,2025-06-28,organic_search,P011,Urban Bottle 11,true,false,false,48,,,
V002286,C00446,2025-07-10,social,P002,Pure Band 02,true,false,false,48,,,
V002287,C00194,2025-11-03,organic_search,P006,Active Mat 06,true,false,false,73,WELCOME5,,
V002288,C00816,2025-11-24,direct,P004,Essential Bag 04,false,false,false,8,,,
V002289,C00440,2025-10-14,paid_search,P030,Active Mat 30,true,false,false,47,,,
V002290,C00792,2025-01-26,email,P013,Bright Organizer 13,true,false,false,140,,,
V002291,C00219,2025-12-30,paid_search,P027,Urban Bottle 27,true,false,false,136,WEEKEND15,,
V002292,C00902,2025-11-28,direct,P030,Active Mat 30,true,false,false,24,,,
V002293,C00545,2025-03-24,organic_search,P006,Active Mat 06,true,true,false,64,,,
V002294,C00913,2025-01-01,email,P006,Active Mat 06,true,false,false,48,,,
V002295,C00212,2025-12-15,direct,P003,Urban Bottle 03,true,false,false,144,,,
V002296,C00628,2025-07-14,social,P030,Active Mat 30,true,false,false,25,WEEKEND15,,
V002297,C00137,2025-05-03,email,P002,Pure Band 02,true,false,false,139,,,
V002298,C00836,2025-10-23,organic_search,P001,Daily Lamp 01,true,true,false,360,,,
V002299,C00544,2025-09-30,referral,P027,Urban Bottle 27,true,false,false,81,,,
V002300,C00515,2025-08-28,paid_search,P019,Urban Bottle 19,false,false,false,13,,,
V002301,C00937,2025-10-18,paid_search,P028,Essential Bag 28,true,false,false,36,WELCOME5,,
V002302,C00468,2025-09-18,referral,P012,Essential Bag 12,true,false,false,61,,,
V002303,C00236,2025-07-16,organic_search,P016,Modern Serum 16,true,false,false,26,LOYALTY10,,
V002304,C00010,2025-09-02,paid_search,P016,Modern Serum 16,true,false,false,123,,,
V002305,C00239,2025-11-09,social,P025,Daily Lamp 25,true,false,false,118,,,
V002306,C00084,2025-08-27,social,P009,Daily Lamp 09,true,false,false,51,,,
V002307,C00339,2025-04-25,direct,P003,Urban Bottle 03,true,false,false,42,,,
V002308,C00538,2025-07-19,referral,P005,Bright Organizer 05,false,false,false,72,LOYALTY10,,
V002309,C00954,2025-04-17,paid_search,P022,Active Mat 22,true,false,false,58,,,
V002310,C00636,2025-06-28,organic_search,P011,Urban Bottle 11,true,false,false,87,WELCOME5,,
V002311,C00193,2025-08-02,paid_search,P001,Daily Lamp 01,true,false,false,180,,,
V002312,C00682,2025-11-24,organic_search,P013,Bright Organizer 13,true,true,false,360,,,
V002313,C00944,2025-05-15,paid_search,P014,Active Mat 14,true,false,false,69,WEEKEND15,,
V002314,C00216,2025-05-27,paid_search,P005,Bright Organizer 05,true,false,false,69,,,
V002315,C00956,2025-04-21,referral,P019,Urban Bottle 19,true,false,false,39,LOYALTY10,,
V002316,C00124,2025-04-26,social,P012,Essential Bag 12,true,false,false,51,,,
V002317,C00016,2025-04-24,social,P023,Calm Cream 23,true,false,false,93,,,
V002318,C00368,2025-09-08,organic_search,P020,Essential Bag 20,true,true,false,32,,,
V002319,C00174,2025-11-19,direct,P030,Active Mat 30,true,false,false,113,,,
V002320,C00802,2025-07-04,social,P026,Pure Band 26,true,true,false,228,,,
V002321,C00340,2025-02-07,paid_search,P028,Essential Bag 28,true,false,false,66,LOYALTY10,,
V002322,C00775,2025-02-23,organic_search,P024,Modern Serum 24,true,false,false,98,,,
V002323,C00180,2025-09-10,social,P027,Urban Bottle 27,true,true,false,133,,,
V002324,C00683,2025-11-21,organic_search,P012,Essential Bag 12,false,false,false,141,,,
V002325,C00633,2025-10-16,social,P020,Essential Bag 20,true,false,false,46,,,
V002326,C00294,2025-03-05,paid_search,P016,Modern Serum 16,true,false,false,41,,,
V002327,C00523,2025-06-07,paid_search,P024,Modern Serum 24,true,false,false,42,,,
V002328,C00697,2025-05-20,social,P011,Urban Bottle 11,true,true,false,100,,,
V002329,C00161,2025-08-21,organic_search,P026,Pure Band 26,true,false,false,45,,,
V002330,C00579,2025-12-20,email,P016,Modern Serum 16,false,false,false,24,,,
V002331,C00586,2025-12-02,paid_search,P005,Bright Organizer 05,true,false,false,50,,,
V002332,C00499,2025-05-21,direct,P022,Active Mat 22,true,false,false,14,,,
V002333,C00723,2025-04-04,direct,P014,Active Mat 14,true,false,false,8,,,
V002334,C00797,2025-02-05,paid_search,P028,Essential Bag 28,true,false,false,102,WELCOME5,,
V002335,C00840,2025-01-07,direct,P004,Essential Bag 04,true,false,false,32,,,
V002336,C00427,2025-08-23,paid_search,P015,Calm Cream 15,true,false,false,105,,,
V002337,C00586,2025-07-17,direct,P025,Daily Lamp 25,true,false,false,37,WEEKEND15,,
V002338,C00873,2025-07-23,paid_search,P011,Urban Bottle 11,true,false,false,43,,,
V002339,C00395,2025-10-14,paid_search,P004,Essential Bag 04,true,true,false,101,,,
V002340,C00156,2025-11-19,social,P021,Bright Organizer 21,true,false,false,9,,,
V002341,C00500,2025-05-16,paid_search,P023,Calm Cream 23,true,false,false,56,,,
V002342,C00865,2025-11-30,direct,P014,Active Mat 14,false,false,false,97,,,
V002343,C00210,2025-08-10,direct,P012,Essential Bag 12,true,false,false,147,,,
V002344,C00185,2025-10-19,direct,P030,Active Mat 30,true,false,false,30,,,
V002345,C00836,2025-01-15,direct,P011,Urban Bottle 11,true,false,false,41,,,
V002346,C00625,2025-04-18,referral,P006,Active Mat 06,false,false,false,86,,,
V002347,C00497,2025-06-25,social,P020,Essential Bag 20,true,false,false,83,,,
V002348,C00392,2025-02-07,direct,P026,Pure Band 26,true,false,false,71,,,
V002349,C00839,2025-05-02,referral,P007,Calm Cream 07,true,false,false,66,,,
V002350,C00386,2025-09-01,email,P030,Active Mat 30,true,false,false,50,,,
V002351,C00453,2025-10-01,direct,P016,Modern Serum 16,true,false,false,60,,,
V002352,C00162,2025-03-28,social,P019,Urban Bottle 19,true,false,false,72,,,
V002353,C00193,2025-07-16,organic_search,P027,Urban Bottle 27,true,false,false,31,,,
V002354,C00835,2025-06-11,referral,P011,Urban Bottle 11,true,false,false,95,,,
V002355,C00720,2025-04-10,organic_search,P013,Bright Organizer 13,true,true,false,173,WELCOME5,,
V002356,C00194,2025-11-17,direct,P003,Urban Bottle 03,true,false,false,79,,,
V002357,C00312,2025-10-08,organic_search,P015,Calm Cream 15,true,true,true,166,,T005199,
V002358,C00860,2025-10-11,organic_search,P018,Pure Band 18,true,false,false,257,,,
V002359,C00308,2025-10-20,social,P004,Essential Bag 04,false,false,false,120,,,
V002360,C00213,2025-08-23,paid_search,P021,Bright Organizer 21,true,false,false,55,WEEKEND15,,
V002361,C00853,2025-05-24,paid_search,P023,Calm Cream 23,true,false,false,33,,,
V002362,C00473,2025-08-30,paid_search,P013,Bright Organizer 13,true,false,false,78,,,
V002363,C00356,2025-08-11,organic_search,P023,Calm Cream 23,true,false,false,39,,,
V002364,C00464,2025-02-17,paid_search,P009,Daily Lamp 09,true,false,false,83,,,
V002365,C00926,2025-07-13,referral,P004,Essential Bag 04,true,false,false,30,,,
V002366,C00657,2025-04-24,social,P024,Modern Serum 24,true,false,false,64,,,
V002367,C00026,2025-03-16,paid_search,P022,Active Mat 22,true,false,false,195,LOYALTY10,,
V002368,C00880,2025-03-15,organic_search,P024,Modern Serum 24,true,false,false,80,,,
V002369,C00005,2025-03-10,direct,P005,Bright Organizer 05,true,false,false,20,,,
V002370,C00867,2025-07-03,paid_search,P007,Calm Cream 07,true,false,false,168,LOYALTY10,,
V002371,C00352,2025-01-03,social,P024,Modern Serum 24,true,false,false,171,,,
V002372,C00225,2025-03-26,direct,P016,Modern Serum 16,true,false,false,51,WELCOME5,,
V002373,C00373,2025-06-18,organic_search,P025,Daily Lamp 25,true,false,false,189,LOYALTY10,,
V002374,C00544,2025-07-03,organic_search,P019,Urban Bottle 19,true,false,false,153,,,
V002375,C00148,2025-02-18,referral,P013,Bright Organizer 13,true,false,false,36,,,
V002376,C00488,2025-11-05,organic_search,P025,Daily Lamp 25,true,false,false,100,WEEKEND15,,
V002377,C00618,2025-09-17,direct,P027,Urban Bottle 27,true,false,false,72,WELCOME5,,
V002378,C00868,2025-04-12,email,P026,Pure Band 26,true,false,false,6,,,
V002379,C00732,2025-06-25,direct,P008,Modern Serum 08,true,true,false,27,,,
V002380,C00326,2025-10-27,referral,P014,Active Mat 14,false,false,false,32,,,
V002381,C00747,2025-01-21,direct,P011,Urban Bottle 11,true,true,true,121,,T000382,
V002382,C00414,2025-05-10,email,P004,Essential Bag 04,true,false,false,21,WEEKEND15,,
V002383,C00818,2025-03-06,social,P030,Active Mat 30,true,false,false,33,LOYALTY10,,
V002384,C00916,2025-02-21,organic_search,P017,Daily Lamp 17,true,false,false,29,,,
V002385,C00925,2025-05-09,direct,P026,Pure Band 26,true,false,false,36,,,
V002386,C00454,2025-03-14,paid_search,P017,Daily Lamp 17,true,false,false,30,,,
V002387,C00781,2025-02-16,paid_search,P002,Pure Band 02,true,false,false,150,WELCOME5,,
V002388,C00753,2025-02-23,social,P015,Calm Cream 15,true,false,false,187,,,
V002389,C00443,2025-07-14,social,P002,Pure Band 02,true,false,false,40,,,
V002390,C00130,2025-10-21,email,P014,Active Mat 14,true,true,true,141,,T005453,
V002391,C00459,2025-11-18,social,P017,Daily Lamp 17,true,false,false,31,,,
V002392,C00789,2025-08-07,organic_search,P013,Bright Organizer 13,true,false,false,62,,,
V002393,C00698,2025-12-15,direct,P008,Modern Serum 08,true,false,false,22,,,
V002394,C00975,2025-04-22,paid_search,P005,Bright Organizer 05,true,true,false,111,WELCOME5,,
V002395,C00003,2025-05-26,direct,P022,Active Mat 22,true,false,false,69,,,
V002396,C00381,2025-05-14,organic_search,P027,Urban Bottle 27,true,false,false,16,,,
V002397,C00199,2025-09-24,email,P021,Bright Organizer 21,true,false,false,108,,,
V002398,C00471,2025-05-25,direct,P002,Pure Band 02,true,false,false,65,WEEKEND15,,
V002399,C00751,2025-07-05,email,P009,Daily Lamp 09,true,true,false,234,,,
V002400,C00873,2025-11-24,social,P006,Active Mat 06,false,false,false,51,WELCOME5,,
V002401,C00544,2025-11-22,referral,P019,Urban Bottle 19,false,false,false,109,,,
V002402,C00834,2025-07-15,organic_search,P006,Active Mat 06,true,false,false,24,,,
V002403,C00389,2025-01-19,direct,P018,Pure Band 18,true,false,false,12,,,
V002404,C00391,2025-05-11,organic_search,P020,Essential Bag 20,true,false,false,77,,,
V002405,C00809,2025-12-17,organic_search,P009,Daily Lamp 09,true,false,false,30,,,
V002406,C00026,2025-10-06,organic_search,P001,Daily Lamp 01,true,false,false,36,,,
V002407,C00351,2025-08-06,organic_search,P025,Daily Lamp 25,true,false,false,95,WELCOME5,,
V002408,C00628,2025-12-17,direct,P017,Daily Lamp 17,true,false,false,14,,,
V002409,C00889,2025-11-06,organic_search,P001,Daily Lamp 01,true,false,false,55,,,
V002410,C00075,2025-02-22,email,P009,Daily Lamp 09,true,true,true,71,,T000975,
V002411,C00604,2025-02-08,email,P008,Modern Serum 08,true,true,false,116,WEEKEND15,,
V002412,C00298,2025-06-14,paid_search,P005,Bright Organizer 05,true,true,true,222,,T003138,
V002413,C00740,2025-06-13,organic_search,P019,Urban Bottle 19,true,false,false,26,,,
V002414,C00213,2025-06-12,social,P015,Calm Cream 15,true,false,false,141,,,
V002415,C00630,2025-05-03,organic_search,P015,Calm Cream 15,true,false,false,21,WELCOME5,,
V002416,C00859,2025-05-24,social,P030,Active Mat 30,true,false,false,60,,,
V002417,C00219,2025-06-21,direct,P013,Bright Organizer 13,true,false,false,33,,,
V002418,C00901,2025-09-28,social,P024,Modern Serum 24,false,false,false,146,WELCOME5,,
V002419,C00323,2025-04-06,social,P018,Pure Band 18,true,false,false,13,,,
V002420,C00615,2025-08-11,organic_search,P008,Modern Serum 08,true,false,true,100,,T004210,
V002421,C00088,2025-03-05,social,P027,Urban Bottle 27,true,false,false,17,,,
V002422,C00947,2025-06-04,email,P004,Essential Bag 04,true,false,false,79,,,
V002423,C00133,2025-03-07,social,P022,Active Mat 22,true,false,false,31,,,
V002424,C00092,2025-12-30,organic_search,P028,Essential Bag 28,false,false,false,20,LOYALTY10,,
V002425,C00337,2025-05-31,organic_search,P022,Active Mat 22,true,false,false,139,,,
V002426,C00684,2025-03-30,email,P029,Bright Organizer 29,true,false,false,164,,,
V002427,C00200,2025-08-06,organic_search,P002,Pure Band 02,true,false,false,18,WEEKEND15,,
V002428,C00855,2025-12-22,organic_search,P022,Active Mat 22,true,false,false,29,,,
V002429,C00309,2025-08-21,direct,P022,Active Mat 22,true,false,false,42,WELCOME5,,
V002430,C00179,2025-12-05,organic_search,P005,Bright Organizer 05,true,true,true,96,,T006182,
V002431,C00637,2025-12-28,email,P023,Calm Cream 23,false,false,false,106,WEEKEND15,,
V002432,C00080,2025-01-08,paid_search,P026,Pure Band 26,true,true,false,88,,,
V002433,C00810,2025-04-29,email,P004,Essential Bag 04,false,false,false,25,WEEKEND15,,
V002434,C00705,2025-07-03,social,P021,Bright Organizer 21,true,false,false,29,,,
V002435,C00651,2025-04-04,paid_search,P004,Essential Bag 04,true,false,false,42,,,
V002436,C00334,2025-09-17,social,P009,Daily Lamp 09,true,false,false,39,,,
V002437,C00318,2025-07-04,organic_search,P003,Urban Bottle 03,true,false,false,8,,,
V002438,C00018,2025-01-28,organic_search,P022,Active Mat 22,true,false,false,69,,,
V002439,C00222,2025-12-03,organic_search,P008,Modern Serum 08,true,false,false,33,,,
V002440,C00597,2025-10-03,paid_search,P006,Active Mat 06,true,false,false,65,,,
V002441,C00324,2025-10-02,email,P030,Active Mat 30,true,false,false,60,,,
V002442,C00092,2025-01-02,social,P004,Essential Bag 04,true,false,false,55,,,
V002443,C00751,2025-10-27,organic_search,P004,Essential Bag 04,false,false,false,29,,,
V002444,C00475,2025-05-14,referral,P012,Essential Bag 12,true,true,false,52,WEEKEND15,,
V002445,C00181,2025-05-31,email,P015,Calm Cream 15,true,false,false,80,,,
V002446,C00340,2025-01-13,social,P004,Essential Bag 04,true,false,false,47,,,
V002447,C00562,2025-04-28,organic_search,P006,Active Mat 06,false,false,false,33,,,
V002448,C00726,2025-08-15,email,P014,Active Mat 14,true,false,false,178,LOYALTY10,,
V002449,C00608,2025-08-19,paid_search,P001,Daily Lamp 01,false,false,false,38,,,
V002450,C00319,2025-01-22,social,P012,Essential Bag 12,true,true,false,70,WEEKEND15,,
V002451,C00586,2025-08-07,referral,P016,Modern Serum 16,true,false,false,71,,,
V002452,C00571,2025-01-27,social,P020,Essential Bag 20,true,false,false,76,,,
V002453,C00415,2025-01-06,direct,P028,Essential Bag 28,true,false,false,59,LOYALTY10,,
V002454,C00585,2025-01-07,social,P022,Active Mat 22,true,false,false,113,WEEKEND15,,
V002455,C00048,2025-04-04,organic_search,P008,Modern Serum 08,true,false,false,67,,,
V002456,C00145,2025-03-05,social,P004,Essential Bag 04,true,true,false,232,,,
V002457,C00069,2025-11-08,organic_search,P009,Daily Lamp 09,true,false,false,19,,,
V002458,C00049,2025-11-26,organic_search,P006,Active Mat 06,false,false,false,47,,,
V002459,C00414,2025-03-12,paid_search,P021,Bright Organizer 21,true,false,false,21,,,
V002460,C00483,2025-07-21,direct,P014,Active Mat 14,true,false,true,27,,T003840,
V002461,C00623,2025-03-06,organic_search,P013,Bright Organizer 13,true,false,false,166,LOYALTY10,,
V002462,C00674,2025-04-27,organic_search,P007,Calm Cream 07,true,true,false,98,,,
V002463,C00785,2025-04-27,paid_search,P009,Daily Lamp 09,true,false,false,312,LOYALTY10,,
V002464,C00650,2025-03-05,paid_search,P007,Calm Cream 07,true,false,true,41,WELCOME5,T001188,
V002465,C00656,2025-06-28,organic_search,P008,Modern Serum 08,true,false,false,25,,,
V002466,C00632,2025-01-26,paid_search,P024,Modern Serum 24,true,false,false,113,,,
V002467,C00528,2025-03-23,organic_search,P002,Pure Band 02,true,false,false,52,,,
V002468,C00905,2025-04-12,organic_search,P012,Essential Bag 12,true,false,false,26,,,
V002469,C00083,2025-10-09,paid_search,P011,Urban Bottle 11,true,true,false,53,,,
V002470,C00169,2025-03-01,direct,P021,Bright Organizer 21,true,true,true,65,WEEKEND15,T001129,
V002471,C00754,2025-10-17,paid_search,P023,Calm Cream 23,true,false,false,27,,,
V002472,C00755,2025-11-04,referral,P004,Essential Bag 04,true,false,false,16,,,
V002473,C00204,2025-08-16,paid_search,P006,Active Mat 06,true,true,false,66,WEEKEND15,,
V002474,C00212,2025-08-30,social,P010,Pure Band 10,true,false,false,75,,,
V002475,C00930,2025-06-11,social,P014,Active Mat 14,true,false,false,61,,,
V002476,C00965,2025-01-10,organic_search,P003,Urban Bottle 03,true,false,false,26,,,
V002477,C00919,2025-10-12,direct,P002,Pure Band 02,true,false,false,27,LOYALTY10,,
V002478,C00861,2025-07-18,email,P011,Urban Bottle 11,true,true,false,44,,,
V002479,C00413,2025-09-13,social,P021,Bright Organizer 21,true,true,false,169,,,
V002480,C00833,2025-08-16,direct,P008,Modern Serum 08,true,false,false,49,,,
V002481,C00478,2025-05-22,organic_search,P026,Pure Band 26,true,true,true,61,,T002726,
V002482,C00449,2025-07-12,organic_search,P005,Bright Organizer 05,true,false,false,76,,,
V002483,C00630,2025-05-04,email,P017,Daily Lamp 17,true,false,false,24,LOYALTY10,,
V002484,C00189,2025-05-12,direct,P019,Urban Bottle 19,true,true,false,39,,,
V002485,C00804,2025-10-26,social,P004,Essential Bag 04,false,false,false,84,,,
V002486,C00554,2025-02-15,social,P014,Active Mat 14,true,false,false,37,,,
V002487,C00710,2025-12-10,direct,P014,Active Mat 14,true,false,false,70,,,
V002488,C00790,2025-12-01,direct,P008,Modern Serum 08,true,false,false,40,,,
V002489,C00594,2025-11-11,organic_search,P026,Pure Band 26,true,false,true,78,,T005831,
V002490,C00095,2025-02-17,paid_search,P009,Daily Lamp 09,true,false,false,76,LOYALTY10,,
V002491,C00427,2025-12-03,social,P016,Modern Serum 16,true,false,false,233,,,
V002492,C00826,2025-08-08,organic_search,P026,Pure Band 26,true,false,false,29,,,
V002493,C00213,2025-09-14,organic_search,P027,Urban Bottle 27,true,false,false,105,WEEKEND15,,
V002494,C00940,2025-07-01,paid_search,P025,Daily Lamp 25,true,true,false,128,,,
V002495,C00809,2025-06-18,email,P028,Essential Bag 28,true,true,false,27,,,
V002496,C00917,2025-12-16,social,P024,Modern Serum 24,false,false,false,42,,,
V002497,C00335,2025-10-17,social,P022,Active Mat 22,true,true,false,40,WEEKEND15,,
V002498,C00616,2025-05-26,referral,P001,Daily Lamp 01,false,false,false,82,LOYALTY10,,
V002499,C00668,2025-03-29,paid_search,P014,Active Mat 14,true,false,false,84,,,
V002500,C00217,2025-05-20,referral,P007,Calm Cream 07,true,false,false,49,,,
V002501,C00607,2025-12-19,paid_search,P007,Calm Cream 07,true,false,false,35,LOYALTY10,,
V002502,C00164,2025-06-16,organic_search,P028,Essential Bag 28,true,true,false,25,,,
V002503,C00387,2025-02-11,email,P006,Active Mat 06,true,false,false,139,,,
V002504,C00196,2025-01-22,direct,P026,Pure Band 26,true,false,false,51,,,
V002505,C00468,2025-03-24,organic_search,P003,Urban Bottle 03,true,false,false,29,,,
V002506,C00021,2025-12-16,organic_search,P004,Essential Bag 04,true,true,false,35,,,
V002507,C00742,2025-12-19,paid_search,P003,Urban Bottle 03,true,true,false,68,,,
V002508,C00133,2025-03-26,social,P011,Urban Bottle 11,true,false,false,183,LOYALTY10,,
V002509,C00454,2025-02-21,direct,P019,Urban Bottle 19,true,false,false,26,LOYALTY10,,
V002510,C00407,2025-05-22,email,P024,Modern Serum 24,true,false,false,26,,,
V002511,C00908,2025-09-06,organic_search,P029,Bright Organizer 29,true,false,true,24,WEEKEND15,T004658,
V002512,C00618,2025-04-12,organic_search,P011,Urban Bottle 11,true,false,false,36,WELCOME5,,
V002513,C00737,2025-06-26,direct,P012,Essential Bag 12,true,true,false,44,,,
V002514,C00432,2025-05-21,organic_search,P018,Pure Band 18,true,false,false,79,,,
V002515,C00182,2025-04-26,social,P027,Urban Bottle 27,true,false,false,73,,,
V002516,C00755,2025-01-10,direct,P025,Daily Lamp 25,true,false,false,47,WELCOME5,,
V002517,C00278,2025-03-20,organic_search,P001,Daily Lamp 01,true,false,false,27,,,
V002518,C00655,2025-05-03,email,P009,Daily Lamp 09,true,false,false,76,,,
V002519,C00474,2025-06-25,organic_search,P009,Daily Lamp 09,true,false,false,101,,,
V002520,C00759,2025-04-22,organic_search,P024,Modern Serum 24,true,false,false,214,,,
V002521,C00906,2025-07-03,organic_search,P001,Daily Lamp 01,true,true,false,67,,,
V002522,C00508,2025-09-18,social,P012,Essential Bag 12,true,true,true,106,,T004874,
V002523,C00166,2025-06-13,direct,P006,Active Mat 06,true,false,false,96,,,
V002524,C00393,2025-04-20,organic_search,P001,Daily Lamp 01,true,false,false,44,,,
V002525,C00713,2025-05-19,paid_search,P027,Urban Bottle 27,true,true,false,611,,,
V002526,C00103,2025-11-01,paid_search,P006,Active Mat 06,true,false,false,82,,,
V002527,C00939,2025-03-20,email,P016,Modern Serum 16,true,false,false,21,,,
V002528,C00487,2025-07-02,referral,P012,Essential Bag 12,true,false,false,36,,,
V002529,C00673,2025-04-27,organic_search,P022,Active Mat 22,true,false,false,216,LOYALTY10,,
V002530,C00825,2025-06-23,organic_search,P024,Modern Serum 24,true,true,false,68,,,
V002531,C00534,2025-12-08,organic_search,P009,Daily Lamp 09,true,true,true,179,WEEKEND15,T006241,
V002532,C00634,2025-05-18,organic_search,P011,Urban Bottle 11,true,false,false,23,,,
V002533,C00734,2025-09-17,direct,P001,Daily Lamp 01,true,true,false,24,WEEKEND15,,
V002534,C01000,2025-10-25,email,P010,Pure Band 10,true,false,false,125,,,
V002535,C00753,2025-05-27,paid_search,P010,Pure Band 10,true,false,false,345,,,
V002536,C00922,2025-08-30,direct,P028,Essential Bag 28,true,false,false,14,,,
V002537,C00081,2025-09-10,paid_search,P024,Modern Serum 24,true,false,false,28,,,
V002538,C00734,2025-07-03,email,P005,Bright Organizer 05,true,false,true,33,LOYALTY10,T003509,
V002539,C00846,2025-05-27,organic_search,P014,Active Mat 14,true,false,false,126,,,
V002540,C00554,2025-02-15,email,P026,Pure Band 26,true,false,false,20,,,
V002541,C00559,2025-04-17,direct,P005,Bright Organizer 05,true,false,false,27,WEEKEND15,,
V002542,C00506,2025-01-18,direct,P012,Essential Bag 12,true,true,false,112,,,
V002543,C00347,2025-04-07,social,P017,Daily Lamp 17,true,false,false,73,,,
V002544,C00735,2025-03-20,social,P005,Bright Organizer 05,true,true,true,90,LOYALTY10,T001505,
V002545,C00981,2025-07-04,social,P015,Calm Cream 15,true,false,true,67,,T003530,
V002546,C00587,2025-02-17,organic_search,P029,Bright Organizer 29,true,false,false,23,,,
V002547,C00149,2025-04-25,paid_search,P017,Daily Lamp 17,true,true,false,157,,,
V002548,C00702,2025-03-14,organic_search,P008,Modern Serum 08,true,false,false,28,,,
V002549,C00625,2025-11-30,paid_search,P007,Calm Cream 07,true,false,false,9,,,
V002550,C00848,2025-05-14,direct,P017,Daily Lamp 17,true,false,false,35,,,
V002551,C00171,2025-03-17,direct,P023,Calm Cream 23,true,false,true,24,WEEKEND15,T001429,
V002552,C00058,2025-06-18,organic_search,P014,Active Mat 14,true,false,false,45,,,
V002553,C00432,2025-10-13,direct,P024,Modern Serum 24,true,false,false,27,,,
V002554,C00704,2025-11-16,social,P004,Essential Bag 04,true,false,false,51,,,
V002555,C00144,2025-12-14,organic_search,P019,Urban Bottle 19,false,false,false,35,,,
V002556,C00250,2025-07-08,direct,P019,Urban Bottle 19,true,false,true,59,WELCOME5,T003591,
V002557,C00851,2025-12-03,paid_search,P021,Bright Organizer 21,true,false,false,38,,,
V002558,C00866,2025-01-03,organic_search,P022,Active Mat 22,true,false,false,154,WELCOME5,,
V002559,C00895,2025-03-31,social,P016,Modern Serum 16,true,true,true,37,,T001718,
V002560,C00588,2025-07-03,organic_search,P026,Pure Band 26,true,false,false,128,,,
V002561,C00320,2025-09-27,email,P028,Essential Bag 28,true,false,false,26,,,
V002562,C00744,2025-07-27,direct,P005,Bright Organizer 05,false,false,false,43,,,
V002563,C00851,2025-05-09,email,P020,Essential Bag 20,true,false,false,224,,,
V002564,C00198,2025-08-14,direct,P013,Bright Organizer 13,true,false,false,56,,,
V002565,C00848,2025-07-11,direct,P030,Active Mat 30,true,false,false,131,,,
V002566,C00595,2025-11-21,organic_search,P026,Pure Band 26,true,false,false,32,,,
V002567,C00941,2025-07-20,organic_search,P026,Pure Band 26,true,false,false,94,,,
V002568,C00396,2025-01-28,organic_search,P001,Daily Lamp 01,true,false,false,45,,,
V002569,C00574,2025-05-05,referral,P018,Pure Band 18,true,false,false,83,,,
V002570,C00462,2025-02-26,email,P008,Modern Serum 08,true,false,false,6,,,
V002571,C00744,2025-09-21,direct,P010,Pure Band 10,true,true,false,31,,,
V002572,C00266,2025-10-15,organic_search,P013,Bright Organizer 13,true,false,false,135,,,
V002573,C00225,2025-10-05,organic_search,P021,Bright Organizer 21,true,false,false,49,,,
V002574,C00936,2025-04-14,organic_search,P011,Urban Bottle 11,true,false,true,27,WELCOME5,T001993,
V002575,C00469,2025-01-31,referral,P008,Modern Serum 08,true,false,false,59,,,
V002576,C00056,2025-07-19,direct,P001,Daily Lamp 01,true,true,false,15,,,
V002577,C00582,2025-10-27,organic_search,P006,Active Mat 06,false,false,false,44,,,
V002578,C00668,2025-06-23,organic_search,P011,Urban Bottle 11,true,false,false,35,,,
V002579,C00940,2025-10-09,email,P017,Daily Lamp 17,true,false,true,80,,T005223,
V002580,C00614,2025-12-08,social,P027,Urban Bottle 27,true,false,false,225,,,
V002581,C00158,2025-03-14,organic_search,P011,Urban Bottle 11,true,false,false,63,,,
V002582,C00273,2025-01-05,social,P016,Modern Serum 16,true,false,false,50,,,
V002583,C00323,2025-08-05,direct,P009,Daily Lamp 09,true,false,false,41,,,
V002584,C00698,2025-08-21,direct,P008,Modern Serum 08,true,false,false,23,,,
V002585,C00486,2025-05-05,paid_search,P003,Urban Bottle 03,true,false,false,63,,,
V002586,C00027,2025-06-10,social,P008,Modern Serum 08,true,false,false,39,,,
V002587,C00376,2025-12-15,referral,P016,Modern Serum 16,true,false,false,30,,,
V002588,C00378,2025-02-27,organic_search,P012,Essential Bag 12,true,false,false,85,,,
V002589,C00823,2025-11-28,organic_search,P013,Bright Organizer 13,true,false,false,47,,,
V002590,C00336,2025-04-11,organic_search,P027,Urban Bottle 27,true,false,true,71,,T001953,
V002591,C00466,2025-03-18,direct,P005,Bright Organizer 05,true,false,false,48,WEEKEND15,,
V002592,C00520,2025-05-26,social,P012,Essential Bag 12,true,false,false,108,WELCOME5,,
V002593,C00073,2025-06-01,paid_search,P008,Modern Serum 08,true,false,true,135,,T002897,
V002594,C00415,2025-03-23,organic_search,P016,Modern Serum 16,true,false,false,49,,,
V002595,C00228,2025-08-08,direct,P020,Essential Bag 20,true,false,false,198,WEEKEND15,,
V002596,C00104,2025-06-04,paid_search,P024,Modern Serum 24,true,false,false,90,,,
V002597,C00329,2025-05-26,paid_search,P001,Daily Lamp 01,false,false,false,59,,,
V002598,C00074,2025-09-22,social,P010,Pure Band 10,true,true,false,113,LOYALTY10,,
V002599,C00290,2025-12-18,referral,P030,Active Mat 30,true,false,false,100,,,
V002600,C00430,2025-02-12,organic_search,P020,Essential Bag 20,true,false,false,89,,,
V002601,C00658,2025-12-28,organic_search,P027,Urban Bottle 27,true,false,false,136,,,
V002602,C00887,2025-10-05,email,P020,Essential Bag 20,true,true,false,189,,,
V002603,C00081,2025-07-30,social,P020,Essential Bag 20,true,true,false,52,,,
V002604,C00143,2025-01-06,direct,P013,Bright Organizer 13,true,false,false,77,,,
V002605,C00951,2025-12-18,paid_search,P016,Modern Serum 16,false,false,false,52,LOYALTY10,,
V002606,C00041,2025-10-05,paid_search,P030,Active Mat 30,true,false,false,67,,,
V002607,C00728,2025-02-01,social,P002,Pure Band 02,true,false,false,8,,,
V002608,C00304,2025-06-27,paid_search,P011,Urban Bottle 11,true,false,false,23,,,
V002609,C00043,2025-08-27,email,P009,Daily Lamp 09,true,false,false,77,WEEKEND15,,
V002610,C00280,2025-08-05,paid_search,P012,Essential Bag 12,true,false,false,74,,,
V002611,C00739,2025-03-13,paid_search,P004,Essential Bag 04,true,false,false,42,,,
V002612,C00537,2025-12-01,direct,P014,Active Mat 14,true,false,false,147,,,
V002613,C00364,2025-07-29,direct,P004,Essential Bag 04,false,false,false,72,,,
V002614,C00529,2025-05-03,social,P014,Active Mat 14,true,false,false,42,,,
V002615,C00033,2025-04-10,paid_search,P021,Bright Organizer 21,true,false,true,414,,T001930,
V002616,C00244,2025-03-08,social,P022,Active Mat 22,true,false,false,56,,,
V002617,C00859,2025-10-31,direct,P021,Bright Organizer 21,true,false,false,16,,,
V002618,C00071,2025-11-04,email,P023,Calm Cream 23,true,false,false,37,,,
V002619,C00706,2025-09-07,paid_search,P005,Bright Organizer 05,true,false,false,97,WEEKEND15,,
V002620,C00424,2025-09-04,direct,P025,Daily Lamp 25,true,false,false,15,,,
V002621,C00247,2025-10-25,email,P021,Bright Organizer 21,true,false,false,122,,,
V002622,C00732,2025-05-02,referral,P013,Bright Organizer 13,true,false,false,59,,,
V002623,C00431,2025-12-22,paid_search,P016,Modern Serum 16,false,false,false,65,,,
V002624,C00742,2025-05-10,paid_search,P023,Calm Cream 23,true,false,false,29,,,
V002625,C00598,2025-03-08,social,P023,Calm Cream 23,true,false,false,39,LOYALTY10,,
V002626,C00679,2025-01-14,email,P029,Bright Organizer 29,true,false,false,93,,,
V002627,C00615,2025-09-17,paid_search,P006,Active Mat 06,true,false,false,47,,,
V002628,C00447,2025-09-25,social,P017,Daily Lamp 17,true,false,false,119,,,
V002629,C00109,2025-11-30,organic_search,P014,Active Mat 14,false,false,false,183,,,
V002630,C00961,2025-07-14,direct,P022,Active Mat 22,true,false,false,23,,,
V002631,C00338,2025-08-15,direct,P028,Essential Bag 28,true,true,false,56,,,
V002632,C00451,2025-05-29,paid_search,P014,Active Mat 14,true,false,true,38,,T002831,
V002633,C00736,2025-01-17,paid_search,P024,Modern Serum 24,true,false,false,57,,,
V002634,C00937,2025-11-07,email,P002,Pure Band 02,true,false,false,101,,,
V002635,C00719,2025-10-10,direct,P006,Active Mat 06,true,false,false,74,,,
V002636,C00306,2025-06-07,email,P013,Bright Organizer 13,true,false,false,58,,,
V002637,C00395,2025-01-17,organic_search,P001,Daily Lamp 01,true,false,false,49,,,
V002638,C00320,2025-07-27,organic_search,P025,Daily Lamp 25,true,true,false,94,WELCOME5,,
V002639,C00773,2025-10-09,social,P006,Active Mat 06,true,false,false,20,,,
V002640,C00549,2025-09-29,organic_search,P007,Calm Cream 07,true,false,false,33,,,
V002641,C00262,2025-11-09,direct,P025,Daily Lamp 25,true,false,false,44,,,
V002642,C00544,2025-06-19,social,P027,Urban Bottle 27,true,false,false,70,,,
V002643,C00841,2025-05-28,paid_search,P018,Pure Band 18,true,true,false,84,WEEKEND15,,
V002644,C00308,2025-08-23,organic_search,P005,Bright Organizer 05,false,false,false,17,,,
V002645,C00636,2025-05-09,direct,P006,Active Mat 06,true,false,false,57,WEEKEND15,,
V002646,C00520,2025-08-28,social,P024,Modern Serum 24,true,false,false,40,,,
V002647,C00975,2025-07-06,organic_search,P017,Daily Lamp 17,true,false,false,333,,,
V002648,C00059,2025-01-30,social,P007,Calm Cream 07,true,false,false,75,LOYALTY10,,
V002649,C00961,2025-10-02,direct,P006,Active Mat 06,true,false,false,5,LOYALTY10,,
V002650,C00219,2025-07-20,direct,P005,Bright Organizer 05,false,false,false,38,,,
V002651,C00362,2025-07-23,email,P027,Urban Bottle 27,true,false,false,15,WELCOME5,,
V002652,C00517,2025-11-14,referral,P015,Calm Cream 15,true,false,false,14,,,
V002653,C00236,2025-12-30,direct,P016,Modern Serum 16,false,false,false,28,,,
V002654,C00054,2025-08-21,organic_search,P015,Calm Cream 15,true,false,false,29,,,
V002655,C00785,2025-07-14,organic_search,P002,Pure Band 02,true,false,false,5,,,
V002656,C00830,2025-10-05,email,P030,Active Mat 30,true,false,false,40,,,
V002657,C00426,2025-03-08,paid_search,P014,Active Mat 14,true,false,false,52,,,
V002658,C00143,2025-05-03,organic_search,P003,Urban Bottle 03,true,false,false,20,,,
V002659,C00668,2025-10-28,social,P003,Urban Bottle 03,true,false,false,173,,,
V002660,C00090,2025-04-01,paid_search,P024,Modern Serum 24,true,false,false,39,,,
V002661,C00421,2025-03-19,organic_search,P016,Modern Serum 16,true,false,false,34,,,
V002662,C00717,2025-04-06,direct,P012,Essential Bag 12,true,false,false,26,,,
V002663,C00657,2025-11-29,social,P006,Active Mat 06,false,false,false,78,,,
V002664,C00369,2025-11-05,email,P009,Daily Lamp 09,true,false,false,42,,,
V002665,C00973,2025-07-21,organic_search,P014,Active Mat 14,true,false,false,257,WEEKEND15,,
V002666,C00182,2025-05-28,direct,P028,Essential Bag 28,true,true,false,16,,,
V002667,C00167,2025-09-05,direct,P007,Calm Cream 07,true,false,false,19,,,
V002668,C00456,2025-07-23,paid_search,P012,Essential Bag 12,false,false,false,24,,,
V002669,C00197,2025-01-12,social,P016,Modern Serum 16,true,false,false,27,,,
V002670,C00803,2025-05-05,email,P024,Modern Serum 24,true,true,false,141,,,
V002671,C00772,2025-12-23,paid_search,P015,Calm Cream 15,true,false,false,15,,,
V002672,C00855,2025-10-05,social,P011,Urban Bottle 11,true,false,false,30,,,
V002673,C00259,2025-03-20,paid_search,P023,Calm Cream 23,true,false,false,56,,,
V002674,C00453,2025-06-20,paid_search,P003,Urban Bottle 03,true,false,false,15,,,
V002675,C00475,2025-05-21,organic_search,P004,Essential Bag 04,true,false,false,33,,,
V002676,C00054,2025-11-10,organic_search,P006,Active Mat 06,true,false,false,15,,,
V002677,C00242,2025-01-14,email,P007,Calm Cream 07,true,false,false,45,,,
V002678,C00293,2025-03-26,social,P013,Bright Organizer 13,true,false,false,117,WEEKEND15,,
V002679,C00345,2025-11-30,paid_search,P029,Bright Organizer 29,true,false,false,14,WELCOME5,,
V002680,C00934,2025-12-02,referral,P024,Modern Serum 24,true,false,false,46,WELCOME5,,
V002681,C00385,2025-05-02,organic_search,P020,Essential Bag 20,true,true,false,76,WEEKEND15,,
V002682,C00656,2025-04-02,direct,P026,Pure Band 26,true,false,false,7,,,
V002683,C00788,2025-08-01,email,P028,Essential Bag 28,true,false,false,35,,,
V002684,C00317,2025-05-26,organic_search,P002,Pure Band 02,true,false,false,42,,,
V002685,C00139,2025-01-30,referral,P004,Essential Bag 04,true,true,false,43,WELCOME5,,
V002686,C00015,2025-05-26,email,P005,Bright Organizer 05,true,true,false,76,WEEKEND15,,
V002687,C00232,2025-11-11,social,P022,Active Mat 22,true,false,false,98,,,
V002688,C00759,2025-01-29,direct,P011,Urban Bottle 11,true,true,true,44,WELCOME5,T000558,
V002689,C00494,2025-02-14,email,P005,Bright Organizer 05,true,false,false,54,,,
V002690,C00151,2025-08-27,organic_search,P010,Pure Band 10,true,false,false,42,,,
V002691,C00773,2025-12-27,direct,P012,Essential Bag 12,false,false,false,11,LOYALTY10,,
V002692,C00221,2025-12-07,referral,P009,Daily Lamp 09,true,false,false,35,,,
V002693,C00015,2025-01-25,direct,P003,Urban Bottle 03,true,false,false,20,,,
V002694,C00886,2025-05-15,organic_search,P002,Pure Band 02,true,false,true,74,,T002553,
V002695,C00921,2025-01-31,paid_search,P014,Active Mat 14,true,true,false,123,LOYALTY10,,
V002696,C00654,2025-03-23,organic_search,P011,Urban Bottle 11,true,true,true,152,,T001569,
V002697,C00753,2025-08-20,social,P015,Calm Cream 15,true,true,false,194,LOYALTY10,,
V002698,C00248,2025-03-12,email,P025,Daily Lamp 25,true,false,false,67,,,
V002699,C00933,2025-01-18,organic_search,P021,Bright Organizer 21,true,false,false,37,,,
V002700,C00523,2025-07-13,email,P010,Pure Band 10,true,false,false,81,WELCOME5,,
V002701,C00547,2025-08-15,email,P006,Active Mat 06,true,false,false,41,,,
V002702,C00768,2025-05-14,organic_search,P014,Active Mat 14,true,false,false,20,,,
V002703,C00206,2025-03-14,organic_search,P018,Pure Band 18,true,false,false,61,,,
V002704,C00341,2025-12-08,paid_search,P018,Pure Band 18,true,true,false,148,,,
V002705,C00434,2025-11-29,paid_search,P021,Bright Organizer 21,true,false,false,18,,,
V002706,C00312,2025-06-13,direct,P016,Modern Serum 16,true,false,false,68,,,
V002707,C00153,2025-08-07,paid_search,P005,Bright Organizer 05,true,true,false,31,,,
V002708,C00198,2025-03-21,organic_search,P018,Pure Band 18,true,true,false,181,,,
V002709,C00629,2025-07-23,paid_search,P004,Essential Bag 04,false,false,false,5,,,
V002710,C00582,2025-05-14,referral,P004,Essential Bag 04,true,false,false,78,,,
V002711,C00231,2025-06-29,referral,P012,Essential Bag 12,true,true,false,313,,,
V002712,C00561,2025-01-20,social,P019,Urban Bottle 19,true,false,false,66,WEEKEND15,,
V002713,C00362,2025-04-07,social,P020,Essential Bag 20,true,false,false,42,WELCOME5,,
V002714,C00420,2025-12-08,direct,P008,Modern Serum 08,true,false,false,47,,,
V002715,C00321,2025-12-27,organic_search,P004,Essential Bag 04,false,false,false,43,,,
V002716,C00445,2025-06-12,organic_search,P008,Modern Serum 08,true,true,true,95,WELCOME5,T003105,
V002717,C00379,2025-09-04,paid_search,P002,Pure Band 02,true,false,false,21,WELCOME5,,
V002718,C00140,2025-04-12,paid_search,P016,Modern Serum 16,true,false,false,96,,,
V002719,C00406,2025-11-18,paid_search,P014,Active Mat 14,false,false,false,18,,,
V002720,C00181,2025-03-21,social,P011,Urban Bottle 11,true,true,true,159,,T001532,
V002721,C00308,2025-01-07,referral,P024,Modern Serum 24,true,false,false,140,LOYALTY10,,
V002722,C00524,2025-11-05,direct,P003,Urban Bottle 03,true,false,false,67,,,
V002723,C00103,2025-12-14,organic_search,P026,Pure Band 26,false,false,false,63,,,
V002724,C00864,2025-12-11,organic_search,P005,Bright Organizer 05,true,false,false,141,WELCOME5,,
V002725,C00266,2025-08-26,direct,P005,Bright Organizer 05,false,false,false,76,,,
V002726,C00133,2025-09-26,email,P006,Active Mat 06,false,false,false,22,,,
V002727,C00111,2025-05-12,social,P002,Pure Band 02,true,false,false,10,,,
V002728,C00599,2025-07-14,paid_search,P017,Daily Lamp 17,true,false,false,28,,,
V002729,C00710,2025-07-19,direct,P015,Calm Cream 15,true,false,false,48,,,
V002730,C00289,2025-12-04,organic_search,P026,Pure Band 26,true,true,false,47,WELCOME5,,
V002731,C00047,2025-04-19,social,P017,Daily Lamp 17,true,false,false,60,,,
V002732,C00613,2025-03-05,organic_search,P028,Essential Bag 28,true,true,false,293,,,
V002733,C00244,2025-12-18,referral,P013,Bright Organizer 13,true,false,false,88,,,
V002734,C00685,2025-09-24,paid_search,P007,Calm Cream 07,true,false,true,116,,T004963,
V002735,C00669,2025-05-14,direct,P012,Essential Bag 12,true,false,false,140,,,
V002736,C00814,2025-01-30,email,P002,Pure Band 02,true,false,false,61,,,
V002737,C00200,2025-07-01,email,P002,Pure Band 02,true,false,false,34,,,
V002738,C00683,2025-10-05,paid_search,P007,Calm Cream 07,true,false,true,285,,T005152,
V002739,C00873,2025-05-14,email,P003,Urban Bottle 03,true,false,false,42,,,
V002740,C00089,2025-08-08,referral,P014,Active Mat 14,true,false,false,86,,,
V002741,C00083,2025-11-29,organic_search,P004,Essential Bag 04,false,false,false,50,,,
V002742,C00375,2025-05-03,organic_search,P024,Modern Serum 24,true,true,true,172,,T002348,
V002743,C00648,2025-07-27,social,P009,Daily Lamp 09,true,false,false,64,,,
V002744,C00497,2025-10-02,email,P024,Modern Serum 24,true,false,false,53,LOYALTY10,,
V002745,C00060,2025-10-29,email,P009,Daily Lamp 09,false,false,false,29,,,
V002746,C00718,2025-12-15,organic_search,P008,Modern Serum 08,true,false,false,118,,,
V002747,C00270,2025-07-24,direct,P008,Modern Serum 08,true,false,false,37,,,
V002748,C00356,2025-08-29,paid_search,P024,Modern Serum 24,true,false,false,38,WEEKEND15,,
V002749,C00097,2025-06-29,email,P004,Essential Bag 04,false,false,false,85,,,
V002750,C00874,2025-08-19,paid_search,P019,Urban Bottle 19,false,false,false,47,,,
V002751,C00149,2025-03-15,email,P006,Active Mat 06,true,true,false,112,,,
V002752,C00801,2025-08-01,email,P001,Daily Lamp 01,true,false,false,39,,,
V002753,C00788,2025-10-17,email,P014,Active Mat 14,true,true,false,61,WELCOME5,,
V002754,C00482,2025-03-22,direct,P015,Calm Cream 15,true,false,false,79,,,
V002755,C00893,2025-10-03,direct,P014,Active Mat 14,true,false,false,101,,,
V002756,C00289,2025-03-15,paid_search,P021,Bright Organizer 21,true,false,false,48,,,
V002757,C00162,2025-01-18,email,P008,Modern Serum 08,true,true,false,38,,,
V002758,C00557,2025-09-20,social,P004,Essential Bag 04,false,false,false,82,,,
V002759,C00827,2025-12-31,email,P011,Urban Bottle 11,false,false,false,36,,,
V002760,C00955,2025-05-30,social,P022,Active Mat 22,true,true,false,22,,,
V002761,C00246,2025-06-24,social,P005,Bright Organizer 05,false,false,false,378,,,
V002762,C00732,2025-09-21,organic_search,P021,Bright Organizer 21,true,false,false,40,WELCOME5,,
V002763,C00042,2025-04-19,organic_search,P017,Daily Lamp 17,true,false,false,37,,,
V002764,C00631,2025-06-23,organic_search,P024,Modern Serum 24,true,false,false,48,,,
V002765,C00399,2025-10-24,social,P014,Active Mat 14,false,false,false,109,,,
V002766,C00633,2025-08-27,social,P024,Modern Serum 24,true,false,false,22,,,
V002767,C00748,2025-12-07,direct,P001,Daily Lamp 01,true,false,false,62,,,
V002768,C00822,2025-01-07,paid_search,P001,Daily Lamp 01,true,false,false,33,WELCOME5,,
V002769,C00636,2025-08-28,email,P027,Urban Bottle 27,true,false,false,87,,,
V002770,C00752,2025-07-25,direct,P013,Bright Organizer 13,true,false,false,22,,,
V002771,C00584,2025-10-27,social,P011,Urban Bottle 11,false,false,false,68,WEEKEND15,,
V002772,C00957,2025-04-23,referral,P004,Essential Bag 04,true,false,false,25,WEEKEND15,,
V002773,C00694,2025-12-28,direct,P001,Daily Lamp 01,false,false,false,56,,,
V002774,C00562,2025-06-18,paid_search,P021,Bright Organizer 21,true,false,false,46,,,
V002775,C00804,2025-05-16,organic_search,P007,Calm Cream 07,true,false,false,9,WELCOME5,,
V002776,C00175,2025-05-24,email,P001,Daily Lamp 01,false,false,false,32,,,
V002777,C00567,2025-08-20,referral,P005,Bright Organizer 05,false,false,false,122,,,
V002778,C00780,2025-11-01,email,P019,Urban Bottle 19,true,false,false,90,LOYALTY10,,
V002779,C00141,2025-06-26,paid_search,P005,Bright Organizer 05,false,false,false,54,,,
V002780,C00989,2025-07-09,social,P001,Daily Lamp 01,true,false,false,73,,,
V002781,C00803,2025-11-13,paid_search,P013,Bright Organizer 13,true,false,false,10,,,
V002782,C00562,2025-12-20,organic_search,P029,Bright Organizer 29,true,false,false,108,,,
V002783,C00979,2025-01-16,referral,P003,Urban Bottle 03,true,false,false,103,,,
V002784,C00305,2025-01-12,organic_search,P028,Essential Bag 28,true,true,false,78,,,
V002785,C00269,2025-11-23,paid_search,P003,Urban Bottle 03,true,false,false,19,,,
V002786,C00235,2025-08-18,organic_search,P021,Bright Organizer 21,true,false,false,19,WELCOME5,,
V002787,C00108,2025-06-10,email,P022,Active Mat 22,true,false,false,41,,,
V002788,C00335,2025-11-11,email,P013,Bright Organizer 13,true,false,false,51,,,
V002789,C00159,2025-12-26,direct,P024,Modern Serum 24,false,false,false,99,WELCOME5,,
V002790,C00208,2025-04-14,email,P021,Bright Organizer 21,true,false,false,50,,,
V002791,C00904,2025-05-25,organic_search,P020,Essential Bag 20,true,false,false,36,,,
V002792,C00806,2025-02-25,paid_search,P028,Essential Bag 28,true,false,false,120,,,
V002793,C00942,2025-04-19,social,P008,Modern Serum 08,true,false,false,116,,,
V002794,C00550,2025-04-18,social,P015,Calm Cream 15,true,false,false,48,,,
V002795,C00141,2025-03-26,organic_search,P006,Active Mat 06,true,false,false,23,,,
V002796,C00378,2025-11-28,direct,P026,Pure Band 26,true,false,false,49,LOYALTY10,,
V002797,C00798,2025-10-14,paid_search,P028,Essential Bag 28,true,true,false,76,,,
V002798,C00031,2025-10-07,paid_search,P009,Daily Lamp 09,true,false,true,183,,T005190,
V002799,C00466,2025-02-12,email,P005,Bright Organizer 05,true,false,false,51,,,
V002800,C00939,2025-06-20,direct,P027,Urban Bottle 27,true,false,false,62,,,
V002801,C00236,2025-07-30,paid_search,P021,Bright Organizer 21,true,false,false,56,,,
V002802,C00075,2025-07-02,email,P020,Essential Bag 20,true,false,false,221,,,
V002803,C00103,2025-08-24,organic_search,P004,Essential Bag 04,false,false,false,29,,,
V002804,C00126,2025-03-28,email,P021,Bright Organizer 21,true,false,false,46,WEEKEND15,,
V002805,C00299,2025-08-17,organic_search,P024,Modern Serum 24,true,false,false,27,,,
V002806,C00800,2025-02-10,email,P011,Urban Bottle 11,true,true,false,138,LOYALTY10,,
V002807,C00948,2025-04-24,email,P028,Essential Bag 28,true,true,true,118,,T002162,
V002808,C00207,2025-08-26,organic_search,P005,Bright Organizer 05,false,false,false,26,,,
V002809,C00611,2025-09-17,organic_search,P010,Pure Band 10,true,true,true,212,,T004855,
V002810,C00002,2025-02-23,paid_search,P004,Essential Bag 04,true,false,false,25,,,
V002811,C00898,2025-03-10,organic_search,P021,Bright Organizer 21,true,false,false,64,,,
V002812,C00059,2025-09-27,organic_search,P009,Daily Lamp 09,true,true,false,110,LOYALTY10,,
V002813,C00713,2025-04-29,paid_search,P027,Urban Bottle 27,true,true,false,17,,,
V002814,C00807,2025-03-14,social,P002,Pure Band 02,true,false,false,10,,,
V002815,C00008,2025-04-26,paid_search,P009,Daily Lamp 09,true,false,false,110,WEEKEND15,,
V002816,C00858,2025-11-07,organic_search,P018,Pure Band 18,true,false,false,11,,,
V002817,C00555,2025-09-17,referral,P030,Active Mat 30,true,false,false,126,,,
V002818,C00316,2025-05-14,paid_search,P007,Calm Cream 07,true,false,false,64,WEEKEND15,,
V002819,C00817,2025-12-16,social,P013,Bright Organizer 13,true,true,true,110,,T006373,
V002820,C00055,2025-06-28,referral,P008,Modern Serum 08,true,false,false,40,,,
V002821,C00289,2025-06-23,organic_search,P006,Active Mat 06,false,false,false,36,,,
V002822,C00318,2025-11-05,social,P012,Essential Bag 12,true,true,false,155,,,
V002823,C00101,2025-12-03,direct,P001,Daily Lamp 01,true,true,false,104,,,
V002824,C00882,2025-11-08,organic_search,P011,Urban Bottle 11,true,false,false,28,,,
V002825,C00493,2025-11-25,organic_search,P028,Essential Bag 28,true,false,false,55,,,
V002826,C00703,2025-07-17,email,P022,Active Mat 22,true,false,true,352,WEEKEND15,T003765,
V002827,C00595,2025-04-08,email,P023,Calm Cream 23,true,false,false,58,WEEKEND15,,
V002828,C00587,2025-12-13,paid_search,P030,Active Mat 30,true,false,false,105,,,
V002829,C00035,2025-05-27,social,P003,Urban Bottle 03,true,false,false,35,,,
V002830,C00618,2025-11-13,email,P013,Bright Organizer 13,true,false,false,125,LOYALTY10,,
V002831,C00127,2025-09-02,paid_search,P003,Urban Bottle 03,true,true,false,65,,,
V002832,C00662,2025-10-07,social,P003,Urban Bottle 03,true,false,false,45,,,
V002833,C00157,2025-05-08,organic_search,P029,Bright Organizer 29,true,true,false,55,,,
V002834,C00042,2025-05-20,email,P022,Active Mat 22,true,false,false,105,,,
V002835,C00542,2025-02-06,direct,P029,Bright Organizer 29,true,false,false,12,WELCOME5,,
V002836,C00113,2025-11-09,email,P012,Essential Bag 12,true,true,false,8,WELCOME5,,
V002837,C00926,2025-12-25,social,P002,Pure Band 02,true,false,false,39,,,
V002838,C00454,2025-05-23,email,P011,Urban Bottle 11,true,false,false,32,,,
V002839,C00819,2025-03-25,paid_search,P012,Essential Bag 12,true,true,false,57,,,
V002840,C00649,2025-01-30,organic_search,P005,Bright Organizer 05,true,false,false,37,,,
V002841,C00469,2025-10-21,organic_search,P003,Urban Bottle 03,true,true,true,185,,T005459,
V002842,C00779,2025-08-23,paid_search,P026,Pure Band 26,true,false,false,29,,,
V002843,C00418,2025-08-15,email,P002,Pure Band 02,true,false,true,68,,T004295,
V002844,C00837,2025-02-23,social,P016,Modern Serum 16,true,false,true,153,,T000996,
V002845,C00948,2025-11-08,email,P028,Essential Bag 28,true,false,false,24,,,
V002846,C00173,2025-07-19,social,P017,Daily Lamp 17,true,false,false,36,WEEKEND15,,
V002847,C00975,2025-07-30,organic_search,P016,Modern Serum 16,false,false,false,40,,,
V002848,C00167,2025-11-06,organic_search,P022,Active Mat 22,true,false,false,21,,,
V002849,C00273,2025-12-06,paid_search,P018,Pure Band 18,true,false,false,275,WELCOME5,,
V002850,C00519,2025-01-13,social,P024,Modern Serum 24,true,false,false,34,,,
V002851,C00574,2025-01-30,organic_search,P012,Essential Bag 12,true,false,true,34,,T000576,
V002852,C00297,2025-09-01,paid_search,P009,Daily Lamp 09,true,false,false,48,,,
V002853,C00668,2025-08-28,paid_search,P008,Modern Serum 08,true,false,false,38,,,
V002854,C00250,2025-05-01,organic_search,P021,Bright Organizer 21,true,false,false,172,,,
V002855,C00336,2025-06-14,direct,P010,Pure Band 10,true,true,true,222,,T003146,
V002856,C00901,2025-10-20,organic_search,P006,Active Mat 06,false,false,false,206,,,
V002857,C00575,2025-04-19,direct,P013,Bright Organizer 13,true,false,false,144,,,
V002858,C00336,2025-09-08,social,P025,Daily Lamp 25,true,false,false,214,WELCOME5,,
V002859,C00634,2025-10-30,referral,P017,Daily Lamp 17,true,false,false,64,LOYALTY10,,
V002860,C00669,2025-01-22,organic_search,P017,Daily Lamp 17,true,false,false,41,,,
V002861,C00492,2025-02-06,organic_search,P012,Essential Bag 12,true,false,false,57,,,
V002862,C00728,2025-10-10,organic_search,P023,Calm Cream 23,true,false,false,19,,,
V002863,C00797,2025-10-09,direct,P030,Active Mat 30,true,false,true,114,,T005230,
V002864,C00911,2025-02-18,social,P019,Urban Bottle 19,true,false,false,41,,,
V002865,C00371,2025-10-02,direct,P021,Bright Organizer 21,true,false,false,45,,,
V002866,C00755,2025-03-21,direct,P015,Calm Cream 15,true,true,false,122,,,
V002867,C00216,2025-07-20,email,P024,Modern Serum 24,true,false,false,33,,,
V002868,C00527,2025-11-13,direct,P026,Pure Band 26,true,true,true,39,,T005853,
V002869,C00202,2025-11-24,paid_search,P020,Essential Bag 20,true,true,true,76,,T006017,
V002870,C00467,2025-01-14,email,P015,Calm Cream 15,true,false,false,62,WEEKEND15,,
V002871,C00605,2025-10-24,social,P002,Pure Band 02,true,false,false,106,,,
V002872,C00043,2025-07-31,referral,P028,Essential Bag 28,true,false,false,21,,,
V002873,C00904,2025-12-13,organic_search,P027,Urban Bottle 27,true,false,false,16,,,
V002874,C00277,2025-02-13,paid_search,P016,Modern Serum 16,true,true,true,49,,T000819,
V002875,C00882,2025-10-19,email,P027,Urban Bottle 27,true,false,false,16,,,
V002876,C00884,2025-10-03,paid_search,P010,Pure Band 10,true,true,true,199,,T005101,
V002877,C00819,2025-09-03,email,P024,Modern Serum 24,true,true,false,480,,,
V002878,C00190,2025-09-24,direct,P024,Modern Serum 24,true,true,true,94,,T004965,
V002879,C00592,2025-01-03,organic_search,P007,Calm Cream 07,true,true,false,21,,,
V002880,C00976,2025-08-08,organic_search,P005,Bright Organizer 05,true,false,false,14,,,
V002881,C00267,2025-12-30,paid_search,P017,Daily Lamp 17,true,false,false,43,,,
V002882,C00589,2025-09-28,organic_search,P012,Essential Bag 12,false,false,false,46,,,
V002883,C00342,2025-08-30,direct,P004,Essential Bag 04,false,false,false,84,,,
V002884,C00068,2025-02-15,social,P019,Urban Bottle 19,true,true,false,164,,,
V002885,C00239,2025-11-05,paid_search,P026,Pure Band 26,true,false,true,184,WELCOME5,T005689,
V002886,C00952,2025-09-18,paid_search,P004,Essential Bag 04,false,false,false,510,,,
V002887,C00073,2025-10-24,referral,P004,Essential Bag 04,false,false,false,201,WEEKEND15,,
V002888,C00946,2025-10-06,paid_search,P030,Active Mat 30,true,false,false,49,,,
V002889,C00695,2025-10-23,social,P012,Essential Bag 12,false,false,false,440,WEEKEND15,,
V002890,C00633,2025-08-07,paid_search,P006,Active Mat 06,true,false,false,110,,,
V002891,C00102,2025-08-11,organic_search,P013,Bright Organizer 13,true,false,false,27,,,
V002892,C00180,2025-04-01,paid_search,P020,Essential Bag 20,true,false,false,23,,,
V002893,C00745,2025-09-12,organic_search,P030,Active Mat 30,true,false,false,22,,,
V002894,C00561,2025-10-10,organic_search,P023,Calm Cream 23,true,false,false,32,,,
V002895,C00684,2025-11-14,organic_search,P010,Pure Band 10,true,false,false,62,,,
V002896,C00924,2025-01-18,paid_search,P029,Bright Organizer 29,true,false,false,117,,,
V002897,C00376,2025-10-22,paid_search,P020,Essential Bag 20,true,false,false,31,,,
V002898,C00839,2025-01-09,direct,P025,Daily Lamp 25,true,false,false,61,,,
V002899,C00712,2025-11-20,referral,P025,Daily Lamp 25,true,false,false,43,,,
V002900,C00866,2025-07-24,direct,P001,Daily Lamp 01,false,false,false,30,WEEKEND15,,
V002901,C00541,2025-06-18,email,P021,Bright Organizer 21,true,false,true,148,,T003225,
V002902,C00293,2025-04-16,organic_search,P011,Urban Bottle 11,true,false,false,23,WELCOME5,,
V002903,C00248,2025-10-06,direct,P007,Calm Cream 07,true,false,false,138,,,
V002904,C00723,2025-08-15,paid_search,P028,Essential Bag 28,true,false,false,329,,,
V002905,C00084,2025-06-10,social,P026,Pure Band 26,true,false,false,60,,,
V002906,C00795,2025-11-03,social,P016,Modern Serum 16,true,false,false,78,,,
V002907,C00296,2025-05-25,organic_search,P005,Bright Organizer 05,true,false,false,103,,,
V002908,C00686,2025-06-26,paid_search,P020,Essential Bag 20,true,false,false,45,,,
V002909,C00543,2025-05-19,organic_search,P008,Modern Serum 08,true,true,false,180,WELCOME5,,
V002910,C00925,2025-04-12,organic_search,P020,Essential Bag 20,true,false,false,72,,,
V002911,C00633,2025-10-13,paid_search,P028,Essential Bag 28,true,false,true,40,LOYALTY10,T005299,
V002912,C00294,2025-02-16,social,P024,Modern Serum 24,true,false,false,32,,,
V002913,C00509,2025-06-28,organic_search,P030,Active Mat 30,true,false,false,20,,,
V002914,C00133,2025-03-29,organic_search,P014,Active Mat 14,true,false,false,23,WEEKEND15,,
V002915,C00100,2025-12-20,direct,P016,Modern Serum 16,false,false,false,83,,,
V002916,C00270,2025-12-12,social,P022,Active Mat 22,true,false,false,26,WEEKEND15,,
V002917,C00507,2025-07-30,direct,P009,Daily Lamp 09,true,false,false,34,,,
V002918,C00312,2025-04-24,organic_search,P028,Essential Bag 28,true,false,false,84,WEEKEND15,,
V002919,C00072,2025-12-06,organic_search,P007,Calm Cream 07,true,false,false,12,,,
V002920,C00834,2025-12-31,organic_search,P025,Daily Lamp 25,true,false,false,33,LOYALTY10,,
V002921,C00613,2025-10-28,social,P004,Essential Bag 04,false,false,false,68,,,
V002922,C00106,2025-01-26,organic_search,P019,Urban Bottle 19,true,false,true,59,,T000491,
V002923,C00719,2025-01-16,paid_search,P014,Active Mat 14,true,false,false,138,,,
V002924,C00047,2025-03-21,direct,P005,Bright Organizer 05,true,false,false,39,,,
V002925,C00398,2025-12-06,organic_search,P018,Pure Band 18,true,false,false,48,WELCOME5,,
V002926,C00014,2025-04-20,direct,P010,Pure Band 10,true,false,false,80,,,
V002927,C00690,2025-08-12,organic_search,P019,Urban Bottle 19,true,false,false,37,,,
V002928,C00452,2025-01-06,direct,P014,Active Mat 14,true,false,false,59,WELCOME5,,
V002929,C00932,2025-08-07,email,P019,Urban Bottle 19,true,false,false,16,,,
V002930,C00529,2025-07-07,email,P012,Essential Bag 12,true,false,true,495,,T003576,
V002931,C00413,2025-10-17,organic_search,P011,Urban Bottle 11,true,false,false,12,,,
V002932,C00013,2025-01-03,direct,P008,Modern Serum 08,true,false,false,168,,,
V002933,C00012,2025-10-31,organic_search,P006,Active Mat 06,false,false,false,24,,,
V002934,C00743,2025-02-13,social,P016,Modern Serum 16,true,true,false,773,,,
V002935,C00651,2025-05-04,social,P006,Active Mat 06,true,false,false,36,,,
V002936,C00263,2025-07-07,direct,P006,Active Mat 06,true,false,false,49,,,
V002937,C00583,2025-09-04,paid_search,P007,Calm Cream 07,true,false,false,224,WELCOME5,,
V002938,C00177,2025-03-31,social,P022,Active Mat 22,true,true,false,151,,,
V002939,C00151,2025-09-27,direct,P028,Essential Bag 28,true,false,false,26,,,
V002940,C00002,2025-09-23,organic_search,P027,Urban Bottle 27,true,false,false,28,WELCOME5,,
V002941,C00748,2025-05-06,direct,P003,Urban Bottle 03,true,false,false,33,,,
V002942,C00233,2025-03-14,email,P022,Active Mat 22,true,false,false,112,,,
V002943,C00694,2025-08-12,direct,P003,Urban Bottle 03,true,false,false,40,WEEKEND15,,
V002944,C00260,2025-07-11,direct,P014,Active Mat 14,true,true,true,51,,T003642,
V002945,C00109,2025-08-25,social,P019,Urban Bottle 19,false,false,false,124,,,
V002946,C00922,2025-06-09,social,P013,Bright Organizer 13,true,true,false,93,LOYALTY10,,
V002947,C00674,2025-07-13,email,P019,Urban Bottle 19,true,false,false,140,WELCOME5,,
V002948,C00320,2025-05-31,organic_search,P024,Modern Serum 24,true,true,false,120,,,
V002949,C00407,2025-05-03,paid_search,P015,Calm Cream 15,true,false,false,24,,,
V002950,C00395,2025-02-03,organic_search,P009,Daily Lamp 09,true,false,false,89,,,
V002951,C00954,2025-05-11,paid_search,P002,Pure Band 02,true,false,false,82,,,
V002952,C00076,2025-12-04,social,P004,Essential Bag 04,true,true,false,133,,,
V002953,C00745,2025-07-10,direct,P005,Bright Organizer 05,true,false,true,113,,T003626,
V002954,C00126,2025-04-26,paid_search,P025,Daily Lamp 25,true,false,false,53,,,
V002955,C00638,2025-03-10,referral,P014,Active Mat 14,true,false,false,165,,,
V002956,C00229,2025-08-14,direct,P004,Essential Bag 04,true,false,true,36,,T004250,
V002957,C00480,2025-09-20,organic_search,P020,Essential Bag 20,true,false,false,89,LOYALTY10,,
V002958,C00152,2025-09-02,paid_search,P005,Bright Organizer 05,true,false,false,45,,,
V002959,C00088,2025-11-09,social,P001,Daily Lamp 01,true,false,true,61,,T005760,
V002960,C00482,2025-10-11,social,P030,Active Mat 30,true,false,false,11,,,
V002961,C00397,2025-07-14,paid_search,P012,Essential Bag 12,true,false,false,20,,,
V002962,C00444,2025-08-17,organic_search,P002,Pure Band 02,true,false,false,133,,,
V002963,C00159,2025-12-09,direct,P016,Modern Serum 16,true,true,true,83,,T006257,
V002964,C00620,2025-05-31,email,P009,Daily Lamp 09,true,true,true,247,,T002880,
V002965,C00457,2025-06-05,email,P008,Modern Serum 08,true,true,true,176,,T002978,
V002966,C00272,2025-06-22,direct,P030,Active Mat 30,true,false,false,59,LOYALTY10,,
V002967,C00362,2025-05-05,organic_search,P005,Bright Organizer 05,true,true,false,74,LOYALTY10,,
V002968,C00433,2025-05-12,direct,P024,Modern Serum 24,true,true,false,128,,,
V002969,C00583,2025-09-22,paid_search,P006,Active Mat 06,true,false,false,88,WEEKEND15,,
V002970,C00265,2025-11-05,direct,P002,Pure Band 02,true,false,false,11,,,
V002971,C00521,2025-01-04,paid_search,P009,Daily Lamp 09,true,true,true,528,,T000065,
V002972,C00932,2025-10-14,paid_search,P009,Daily Lamp 09,true,false,false,33,,,
V002973,C00968,2025-01-13,referral,P007,Calm Cream 07,true,true,false,82,,,
V002974,C00371,2025-11-25,organic_search,P011,Urban Bottle 11,true,false,false,40,,,
V002975,C00132,2025-09-20,direct,P023,Calm Cream 23,false,false,false,42,,,
V002976,C00604,2025-09-18,paid_search,P025,Daily Lamp 25,true,false,false,66,,,
V002977,C00820,2025-03-11,social,P025,Daily Lamp 25,true,false,false,171,,,
V002978,C00211,2025-02-12,paid_search,P019,Urban Bottle 19,true,false,false,16,LOYALTY10,,
V002979,C00120,2025-10-19,paid_search,P010,Pure Band 10,true,true,false,49,,,
V002980,C00877,2025-03-29,organic_search,P006,Active Mat 06,false,false,false,33,,,
V002981,C00282,2025-06-27,email,P003,Urban Bottle 03,true,false,true,207,,T003404,
V002982,C00128,2025-04-16,organic_search,P003,Urban Bottle 03,true,false,false,32,,,
V002983,C00464,2025-03-14,email,P025,Daily Lamp 25,true,false,false,27,WELCOME5,,
V002984,C00082,2025-01-06,organic_search,P026,Pure Band 26,true,false,true,33,,T000098,
V002985,C00705,2025-01-13,referral,P001,Daily Lamp 01,true,false,false,18,,,
V002986,C00241,2025-07-24,paid_search,P009,Daily Lamp 09,true,false,false,57,WEEKEND15,,
V002987,C00220,2025-08-28,organic_search,P019,Urban Bottle 19,false,false,false,161,,,
V002988,C00511,2025-05-16,direct,P004,Essential Bag 04,true,true,true,131,,T002587,
V002989,C00268,2025-05-09,organic_search,P030,Active Mat 30,true,false,false,92,,,
V002990,C00686,2025-04-24,direct,P004,Essential Bag 04,false,false,false,19,WEEKEND15,,
V002991,C00305,2025-04-12,organic_search,P018,Pure Band 18,true,false,false,33,,,
V002992,C00221,2025-11-17,social,P010,Pure Band 10,true,true,true,105,,T005924,
V002993,C00587,2025-01-06,paid_search,P017,Daily Lamp 17,true,false,false,163,WEEKEND15,,
V002994,C00483,2025-07-12,social,P017,Daily Lamp 17,true,false,false,25,,,
V002995,C00214,2025-10-15,direct,P001,Daily Lamp 01,true,true,true,562,,T005331,
V002996,C00313,2025-11-04,social,P026,Pure Band 26,true,false,false,37,,,
V002997,C00468,2025-01-27,paid_search,P021,Bright Organizer 21,true,false,false,171,,,
V002998,C00906,2025-01-30,paid_search,P002,Pure Band 02,true,false,false,83,LOYALTY10,,
V002999,C00241,2025-11-09,paid_search,P006,Active Mat 06,true,true,false,50,,,
V003000,C00126,2025-12-09,paid_search,P016,Modern Serum 16,true,false,true,151,,T006262,
V003001,C00221,2025-01-26,paid_search,P022,Active Mat 22,true,false,false,28,LOYALTY10,,
V003002,C00833,2025-08-23,social,P009,Daily Lamp 09,true,false,false,245,,,
V003003,C00309,2025-10-04,paid_search,P016,Modern Serum 16,true,false,false,71,,,
V003004,C00331,2025-03-10,email,P021,Bright Organizer 21,true,false,false,235,,,
V003005,C00119,2025-10-01,direct,P020,Essential Bag 20,true,true,false,220,,,
V003006,C00054,2025-06-23,referral,P020,Essential Bag 20,true,true,false,164,,,
V003007,C00666,2025-06-10,direct,P012,Essential Bag 12,true,false,false,10,,,
V003008,C00956,2025-05-05,direct,P004,Essential Bag 04,true,true,false,285,WEEKEND15,,
V003009,C00195,2025-12-10,organic_search,P017,Daily Lamp 17,true,false,false,26,,,
V003010,C00777,2025-09-22,organic_search,P017,Daily Lamp 17,true,false,false,25,,,
V003011,C00845,2025-09-22,email,P006,Active Mat 06,true,false,false,102,WEEKEND15,,
V003012,C00804,2025-10-16,direct,P013,Bright Organizer 13,true,true,true,53,,T005355,
V003013,C00910,2025-11-16,direct,P012,Essential Bag 12,true,true,true,104,LOYALTY10,T005895,
V003014,C00274,2025-01-25,social,P015,Calm Cream 15,true,false,false,8,WEEKEND15,,
V003015,C00266,2025-10-30,organic_search,P019,Urban Bottle 19,false,false,false,62,,,
V003016,C00719,2025-08-24,email,P011,Urban Bottle 11,true,false,false,39,LOYALTY10,,
V003017,C00845,2025-02-20,email,P024,Modern Serum 24,true,true,false,124,,,
V003018,C00855,2025-02-01,social,P004,Essential Bag 04,true,false,false,86,,,
V003019,C00024,2025-12-31,paid_search,P006,Active Mat 06,false,false,false,70,,,
V003020,C00995,2025-02-12,direct,P028,Essential Bag 28,true,false,false,90,,,
V003021,C00986,2025-03-14,organic_search,P012,Essential Bag 12,true,false,false,25,WEEKEND15,,
V003022,C00205,2025-12-13,social,P008,Modern Serum 08,true,false,false,98,WEEKEND15,,
V003023,C00974,2025-09-05,social,P007,Calm Cream 07,true,false,false,28,,,
V003024,C00741,2025-07-28,direct,P022,Active Mat 22,true,false,false,99,,,
V003025,C00971,2025-06-25,organic_search,P003,Urban Bottle 03,true,false,false,64,,,
V003026,C00841,2025-03-16,organic_search,P015,Calm Cream 15,true,false,false,117,,,
V003027,C00494,2025-10-17,paid_search,P003,Urban Bottle 03,true,false,false,19,,,
V003028,C00497,2025-09-02,social,P017,Daily Lamp 17,true,false,false,38,,,
V003029,C00917,2025-01-22,direct,P029,Bright Organizer 29,true,false,false,220,,,
V003030,C00345,2025-03-10,direct,P010,Pure Band 10,true,false,false,136,LOYALTY10,,
V003031,C00689,2025-01-20,direct,P018,Pure Band 18,true,false,false,21,WELCOME5,,
V003032,C00424,2025-02-20,referral,P009,Daily Lamp 09,true,false,false,249,,,
V003033,C00385,2025-02-27,paid_search,P010,Pure Band 10,true,false,false,23,,,
V003034,C00780,2025-02-04,organic_search,P013,Bright Organizer 13,true,true,false,51,,,
V003035,C00635,2025-05-23,organic_search,P003,Urban Bottle 03,true,false,false,53,,,
V003036,C00887,2025-08-07,email,P017,Daily Lamp 17,true,false,true,257,,T004111,
V003037,C00795,2025-05-12,paid_search,P028,Essential Bag 28,true,true,false,143,,,
V003038,C00158,2025-12-02,social,P005,Bright Organizer 05,true,false,false,199,,,
V003039,C00960,2025-07-24,social,P007,Calm Cream 07,true,false,false,55,,,
V003040,C00253,2025-06-05,organic_search,P006,Active Mat 06,true,false,false,36,,,
V003041,C00854,2025-08-04,social,P009,Daily Lamp 09,true,false,false,74,,,
V003042,C00026,2025-07-22,paid_search,P023,Calm Cream 23,true,true,true,180,,T003859,
V003043,C00131,2025-05-24,direct,P023,Calm Cream 23,true,false,false,155,,,
V003044,C00421,2025-03-25,direct,P013,Bright Organizer 13,true,true,false,67,LOYALTY10,,
V003045,C00964,2025-07-30,paid_search,P019,Urban Bottle 19,false,false,false,97,,,
V003046,C00151,2025-12-28,organic_search,P014,Active Mat 14,false,false,false,84,,,
V003047,C00014,2025-03-05,organic_search,P014,Active Mat 14,true,false,false,87,,,
V003048,C00406,2025-06-08,direct,P013,Bright Organizer 13,true,true,false,16,,,
V003049,C00852,2025-01-11,referral,P029,Bright Organizer 29,true,true,false,165,,,
V003050,C00748,2025-01-27,organic_search,P014,Active Mat 14,true,false,false,115,WEEKEND15,,
V003051,C00142,2025-11-25,social,P016,Modern Serum 16,false,false,false,21,,,
V003052,C00250,2025-02-10,referral,P024,Modern Serum 24,true,false,false,195,,,
V003053,C00022,2025-09-17,social,P008,Modern Serum 08,true,false,true,25,,T004859,
V003054,C00179,2025-08-18,organic_search,P011,Urban Bottle 11,true,true,false,272,,,
V003055,C00311,2025-01-30,direct,P006,Active Mat 06,true,true,false,15,,,
V003056,C00929,2025-04-23,paid_search,P023,Calm Cream 23,true,false,false,63,,,
V003057,C00880,2025-11-24,paid_search,P008,Modern Serum 08,true,false,false,75,,,
V003058,C00198,2025-02-28,direct,P014,Active Mat 14,true,false,false,49,,,
V003059,C00557,2025-04-10,organic_search,P016,Modern Serum 16,true,true,true,106,,T001945,
V003060,C00226,2025-07-08,paid_search,P015,Calm Cream 15,true,false,false,50,LOYALTY10,,
V003061,C00585,2025-03-03,organic_search,P023,Calm Cream 23,true,false,false,64,,,
V003062,C00464,2025-06-13,organic_search,P029,Bright Organizer 29,true,false,false,68,,,
V003063,C00366,2025-11-13,organic_search,P015,Calm Cream 15,true,true,false,25,,,
V003064,C00844,2025-09-27,organic_search,P029,Bright Organizer 29,true,false,false,17,,,
V003065,C00355,2025-03-29,social,P018,Pure Band 18,true,false,false,37,WELCOME5,,
V003066,C00331,2025-07-26,email,P016,Modern Serum 16,false,false,false,45,WELCOME5,,
V003067,C00263,2025-11-29,paid_search,P025,Daily Lamp 25,true,false,false,96,,,
V003068,C00376,2025-11-29,organic_search,P014,Active Mat 14,false,false,false,52,,,
V003069,C00618,2025-02-07,email,P007,Calm Cream 07,true,false,false,90,,,
V003070,C00380,2025-09-26,paid_search,P023,Calm Cream 23,false,false,false,146,,,
V003071,C00583,2025-09-14,organic_search,P019,Urban Bottle 19,true,false,false,145,,,
V003072,C00637,2025-09-19,direct,P023,Calm Cream 23,false,false,false,22,,,
V003073,C00177,2025-11-17,organic_search,P026,Pure Band 26,true,false,false,166,,,
V003074,C00324,2025-04-26,referral,P024,Modern Serum 24,true,true,false,34,,,
V003075,C00144,2025-01-09,referral,P011,Urban Bottle 11,true,false,false,19,,,
V003076,C00155,2025-10-29,paid_search,P015,Calm Cream 15,true,false,false,104,WEEKEND15,,
V003077,C00294,2025-06-08,direct,P014,Active Mat 14,true,false,false,77,,,
V003078,C00137,2025-10-08,social,P016,Modern Serum 16,true,false,false,39,LOYALTY10,,
V003079,C00524,2025-11-15,direct,P015,Calm Cream 15,true,false,false,82,,,
V003080,C00560,2025-03-14,email,P029,Bright Organizer 29,true,false,false,23,,,
V003081,C00039,2025-03-23,referral,P019,Urban Bottle 19,true,false,false,59,,,
V003082,C00555,2025-07-10,organic_search,P030,Active Mat 30,true,true,false,16,,,
V003083,C00473,2025-09-11,organic_search,P010,Pure Band 10,true,false,false,91,,,
V003084,C00051,2025-07-02,social,P004,Essential Bag 04,true,false,false,177,WELCOME5,,
V003085,C00781,2025-10-26,organic_search,P029,Bright Organizer 29,true,false,false,58,LOYALTY10,,
V003086,C00660,2025-04-19,referral,P023,Calm Cream 23,true,false,false,128,,,
V003087,C00481,2025-03-07,direct,P027,Urban Bottle 27,true,false,false,41,,,
V003088,C00471,2025-03-29,paid_search,P028,Essential Bag 28,true,false,true,81,,T001680,
V003089,C00615,2025-06-14,organic_search,P011,Urban Bottle 11,true,false,false,32,WEEKEND15,,
V003090,C00747,2025-05-10,organic_search,P020,Essential Bag 20,true,false,false,19,,,
V003091,C00483,2025-05-05,social,P009,Daily Lamp 09,true,false,false,97,WELCOME5,,
V003092,C00560,2025-02-15,referral,P009,Daily Lamp 09,true,false,false,15,,,
V003093,C00700,2025-06-13,organic_search,P013,Bright Organizer 13,true,false,false,40,,,
V003094,C00316,2025-12-25,organic_search,P011,Urban Bottle 11,false,false,false,143,WEEKEND15,,
V003095,C00497,2025-07-30,direct,P012,Essential Bag 12,false,false,false,30,WEEKEND15,,
V003096,C00094,2025-12-18,email,P015,Calm Cream 15,true,true,false,120,,,
V003097,C00665,2025-02-21,referral,P006,Active Mat 06,true,true,false,37,LOYALTY10,,
V003098,C00809,2025-09-16,organic_search,P021,Bright Organizer 21,true,false,false,80,,,
V003099,C00636,2025-03-08,organic_search,P030,Active Mat 30,true,true,false,207,,,
V003100,C00903,2025-12-29,paid_search,P002,Pure Band 02,true,false,false,92,,,
V003101,C00305,2025-06-24,direct,P029,Bright Organizer 29,true,false,false,382,WEEKEND15,,
V003102,C00886,2025-12-02,paid_search,P016,Modern Serum 16,true,false,false,16,LOYALTY10,,
V003103,C00235,2025-07-13,paid_search,P026,Pure Band 26,true,false,false,35,,,
V003104,C00710,2025-12-17,paid_search,P013,Bright Organizer 13,true,true,false,42,,,
V003105,C00016,2025-11-16,email,P020,Essential Bag 20,true,false,false,51,WELCOME5,,
V003106,C00380,2025-08-01,referral,P003,Urban Bottle 03,true,false,false,40,,,
V003107,C00508,2025-04-09,organic_search,P005,Bright Organizer 05,true,true,false,204,,,
V003108,C00893,2025-04-03,paid_search,P030,Active Mat 30,true,true,false,73,,,
V003109,C00564,2025-02-21,paid_search,P021,Bright Organizer 21,true,false,false,78,,,
V003110,C00968,2025-10-23,paid_search,P004,Essential Bag 04,false,false,false,47,,,
V003111,C00427,2025-07-31,organic_search,P018,Pure Band 18,true,true,true,434,,T003983,
V003112,C00907,2025-09-18,paid_search,P004,Essential Bag 04,false,false,false,89,,,
V003113,C00014,2025-06-04,social,P012,Essential Bag 12,true,false,false,41,,,
V003114,C00378,2025-04-01,social,P021,Bright Organizer 21,true,false,false,21,,,
V003115,C00915,2025-04-15,social,P023,Calm Cream 23,true,true,false,41,,,
V003116,C00385,2025-05-08,paid_search,P014,Active Mat 14,true,false,false,69,,,
V003117,C00917,2025-09-23,organic_search,P030,Active Mat 30,true,false,true,43,,T004943,
V003118,C00747,2025-05-11,social,P026,Pure Band 26,true,false,false,50,,,
V003119,C00384,2025-07-11,social,P013,Bright Organizer 13,true,false,false,22,,,
V003120,C00591,2025-04-10,organic_search,P026,Pure Band 26,true,false,false,19,,,
V003121,C00227,2025-10-11,organic_search,P026,Pure Band 26,true,false,false,72,,,
V003122,C00847,2025-11-30,referral,P006,Active Mat 06,false,false,false,42,,,
V003123,C00891,2025-11-05,social,P026,Pure Band 26,true,false,true,127,,T005686,
V003124,C00711,2025-10-18,email,P030,Active Mat 30,true,true,false,59,,,
V003125,C00157,2025-12-13,direct,P019,Urban Bottle 19,false,false,false,24,,,
V003126,C00863,2025-06-23,email,P027,Urban Bottle 27,true,false,false,112,,,
V003127,C00722,2025-04-01,paid_search,P019,Urban Bottle 19,true,false,false,36,,,
V003128,C00212,2025-12-10,social,P015,Calm Cream 15,true,false,false,130,,,
V003129,C00521,2025-04-25,direct,P001,Daily Lamp 01,true,false,false,58,,,
V003130,C00582,2025-02-11,social,P027,Urban Bottle 27,true,false,false,76,,,
V003131,C00748,2025-10-26,email,P001,Daily Lamp 01,false,false,false,48,,,
V003132,C00674,2025-08-22,email,P018,Pure Band 18,true,false,false,98,,,
V003133,C00131,2025-10-22,email,P004,Essential Bag 04,false,false,false,25,,,
V003134,C00054,2025-09-01,email,P014,Active Mat 14,true,false,false,251,WEEKEND15,,
V003135,C00363,2025-01-20,referral,P019,Urban Bottle 19,true,false,false,41,,,
V003136,C00397,2025-12-11,social,P014,Active Mat 14,true,false,false,19,,,
V003137,C00516,2025-08-23,organic_search,P009,Daily Lamp 09,true,false,false,14,,,
V003138,C00886,2025-09-05,paid_search,P026,Pure Band 26,true,false,true,55,,T004640,
V003139,C00373,2025-11-10,direct,P025,Daily Lamp 25,true,false,false,56,,,
V003140,C00857,2025-09-24,direct,P016,Modern Serum 16,false,false,false,29,,,
V003141,C00761,2025-05-03,social,P026,Pure Band 26,true,false,false,35,,,
V003142,C00728,2025-09-10,organic_search,P009,Daily Lamp 09,true,false,false,46,WELCOME5,,
V003143,C00086,2025-07-05,social,P024,Modern Serum 24,true,false,false,45,,,
V003144,C00183,2025-10-29,organic_search,P015,Calm Cream 15,true,false,false,38,,,
V003145,C00365,2025-04-06,organic_search,P023,Calm Cream 23,true,true,false,74,,,
V003146,C00746,2025-08-26,email,P005,Bright Organizer 05,false,false,false,72,WELCOME5,,
V003147,C00576,2025-02-09,organic_search,P001,Daily Lamp 01,true,true,false,111,,,
V003148,C00232,2025-12-20,direct,P007,Calm Cream 07,true,false,false,124,,,
V003149,C00219,2025-05-18,email,P019,Urban Bottle 19,true,false,false,25,LOYALTY10,,
V003150,C00944,2025-08-15,email,P009,Daily Lamp 09,true,true,false,162,LOYALTY10,,
V003151,C00803,2025-07-14,direct,P014,Active Mat 14,true,false,false,85,,,
V003152,C00056,2025-04-05,social,P008,Modern Serum 08,true,false,false,169,LOYALTY10,,
V003153,C00441,2025-02-19,email,P023,Calm Cream 23,true,true,true,72,,T000930,
V003154,C00557,2025-09-30,email,P025,Daily Lamp 25,true,false,false,169,,,
V003155,C00378,2025-03-24,email,P009,Daily Lamp 09,true,false,true,47,,T001594,
V003156,C00742,2025-09-24,social,P020,Essential Bag 20,true,false,false,103,,,
V003157,C00219,2025-07-22,organic_search,P013,Bright Organizer 13,true,false,false,42,,,
V003158,C00548,2025-10-29,organic_search,P018,Pure Band 18,false,false,false,141,,,
V003159,C00006,2025-08-13,paid_search,P008,Modern Serum 08,true,false,false,45,,,
V003160,C00703,2025-04-11,paid_search,P021,Bright Organizer 21,true,false,false,5,,,
V003161,C00373,2025-06-18,organic_search,P023,Calm Cream 23,true,false,false,118,,,
V003162,C00024,2025-07-19,social,P015,Calm Cream 15,true,false,false,119,,,
V003163,C00048,2025-11-12,paid_search,P003,Urban Bottle 03,true,false,false,78,,,
V003164,C00940,2025-10-01,social,P011,Urban Bottle 11,true,false,false,62,,,
V003165,C00492,2025-06-18,social,P009,Daily Lamp 09,true,false,false,81,,,
V003166,C00209,2025-09-04,direct,P007,Calm Cream 07,true,false,false,33,,,
V003167,C00901,2025-09-07,direct,P001,Daily Lamp 01,true,false,false,48,,,
V003168,C00255,2025-11-07,social,P005,Bright Organizer 05,true,false,false,93,,,
V003169,C00972,2025-03-28,paid_search,P026,Pure Band 26,true,false,false,84,,,
V003170,C00044,2025-08-22,email,P007,Calm Cream 07,true,true,true,122,,T004414,
V003171,C00546,2025-10-29,organic_search,P024,Modern Serum 24,true,false,false,25,,,
V003172,C00905,2025-12-24,email,P007,Calm Cream 07,true,false,true,28,WEEKEND15,T006493,
V003173,C00050,2025-06-18,email,P019,Urban Bottle 19,true,false,false,31,,,
V003174,C00166,2025-02-08,direct,P011,Urban Bottle 11,true,true,false,28,WELCOME5,,
V003175,C00109,2025-09-30,email,P004,Essential Bag 04,false,false,false,287,,,
V003176,C00702,2025-02-20,email,P012,Essential Bag 12,true,false,false,58,,,
V003177,C00208,2025-12-26,social,P011,Urban Bottle 11,false,false,false,38,,,
V003178,C00307,2025-08-09,social,P019,Urban Bottle 19,true,false,false,123,,,
V003179,C00351,2025-09-12,paid_search,P004,Essential Bag 04,true,false,false,53,,,
V003180,C00740,2025-06-20,social,P025,Daily Lamp 25,true,false,true,44,,T003263,
V003181,C00926,2025-12-21,paid_search,P028,Essential Bag 28,true,false,false,49,,,
V003182,C00301,2025-04-10,social,P028,Essential Bag 28,true,false,false,22,,,
V003183,C00704,2025-08-02,direct,P006,Active Mat 06,true,false,false,16,,,
V003184,C00658,2025-03-01,organic_search,P010,Pure Band 10,true,false,false,123,WELCOME5,,
V003185,C00698,2025-08-12,organic_search,P019,Urban Bottle 19,true,false,false,42,,,
V003186,C00629,2025-10-17,social,P006,Active Mat 06,false,false,false,81,WELCOME5,,
V003187,C00110,2025-05-14,organic_search,P028,Essential Bag 28,true,false,false,42,,,
V003188,C00428,2025-04-17,organic_search,P007,Calm Cream 07,true,true,false,16,,,
V003189,C00666,2025-03-19,paid_search,P019,Urban Bottle 19,true,false,false,26,,,
V003190,C00121,2025-08-20,direct,P003,Urban Bottle 03,true,true,true,32,,T004384,
V003191,C00766,2025-08-09,referral,P019,Urban Bottle 19,true,false,false,14,,,
V003192,C00803,2025-07-15,social,P004,Essential Bag 04,true,false,false,12,,,
V003193,C00288,2025-11-28,organic_search,P027,Urban Bottle 27,true,false,false,95,,,
V003194,C00932,2025-06-20,paid_search,P015,Calm Cream 15,true,false,false,157,,,
V003195,C00106,2025-11-21,organic_search,P024,Modern Serum 24,false,false,false,8,LOYALTY10,,
V003196,C00763,2025-11-14,paid_search,P017,Daily Lamp 17,true,false,false,70,,,
V003197,C00790,2025-03-09,social,P018,Pure Band 18,true,false,false,67,,,
V003198,C00187,2025-05-22,organic_search,P022,Active Mat 22,true,false,false,55,WEEKEND15,,
V003199,C00526,2025-05-29,social,P001,Daily Lamp 01,false,false,false,75,,,
V003200,C00856,2025-05-04,paid_search,P020,Essential Bag 20,true,false,false,49,,,
V003201,C00231,2025-12-21,direct,P007,Calm Cream 07,true,true,true,227,,T006445,
V003202,C00092,2025-01-06,paid_search,P006,Active Mat 06,true,false,false,182,WEEKEND15,,
V003203,C00965,2025-10-01,referral,P024,Modern Serum 24,true,false,false,179,WEEKEND15,,
V003204,C00999,2025-10-08,email,P006,Active Mat 06,true,false,true,213,LOYALTY10,T005203,
V003205,C00788,2025-09-11,organic_search,P025,Daily Lamp 25,true,false,false,37,,,
V003206,C00784,2025-06-28,email,P024,Modern Serum 24,true,false,false,169,,,
V003207,C00127,2025-09-27,direct,P014,Active Mat 14,false,false,false,131,,,
V003208,C00191,2025-07-23,direct,P017,Daily Lamp 17,true,false,false,8,,,
V003209,C00533,2025-07-17,organic_search,P006,Active Mat 06,false,false,false,26,,,
V003210,C00532,2025-07-21,paid_search,P013,Bright Organizer 13,true,true,false,1321,,,
V003211,C00444,2025-07-18,direct,P012,Essential Bag 12,true,false,false,89,,,
V003212,C00812,2025-10-19,organic_search,P024,Modern Serum 24,true,false,false,165,,,
V003213,C00768,2025-06-29,social,P025,Daily Lamp 25,true,false,false,59,WELCOME5,,
V003214,C00523,2025-09-22,referral,P007,Calm Cream 07,true,false,false,31,WELCOME5,,
V003215,C00653,2025-07-13,organic_search,P028,Essential Bag 28,true,false,false,125,,,
V003216,C00036,2025-06-04,organic_search,P011,Urban Bottle 11,true,false,false,63,,,
V003217,C00439,2025-04-06,social,P010,Pure Band 10,true,false,false,74,WELCOME5,,
V003218,C00430,2025-05-21,email,P009,Daily Lamp 09,true,false,false,34,,,
V003219,C00211,2025-06-07,referral,P008,Modern Serum 08,true,false,false,65,WEEKEND15,,
V003220,C00326,2025-07-14,paid_search,P017,Daily Lamp 17,true,false,false,102,WELCOME5,,
V003221,C00267,2025-09-16,paid_search,P007,Calm Cream 07,true,false,false,349,,,
V003222,C00184,2025-02-04,social,P015,Calm Cream 15,true,false,false,75,,,
V003223,C00846,2025-10-30,paid_search,P023,Calm Cream 23,true,false,true,54,,T005592,
V003224,C00026,2025-06-01,social,P001,Daily Lamp 01,true,true,false,181,LOYALTY10,,
V003225,C00479,2025-12-22,email,P018,Pure Band 18,false,false,false,33,,,
V003226,C00957,2025-01-31,direct,P010,Pure Band 10,true,true,false,75,,,
V003227,C00693,2025-03-09,paid_search,P007,Calm Cream 07,true,false,false,27,,,
V003228,C00422,2025-04-14,organic_search,P011,Urban Bottle 11,true,false,false,51,LOYALTY10,,
V003229,C00655,2025-04-12,referral,P017,Daily Lamp 17,true,false,false,96,,,
V003230,C00130,2025-11-27,direct,P017,Daily Lamp 17,true,false,false,25,,,
V003231,C00635,2025-08-29,organic_search,P006,Active Mat 06,false,false,false,208,,,
V003232,C00351,2025-08-02,organic_search,P013,Bright Organizer 13,true,true,true,98,LOYALTY10,T004014,
V003233,C00514,2025-06-07,organic_search,P002,Pure Band 02,true,false,false,22,,,
V003234,C00702,2025-09-13,social,P016,Modern Serum 16,true,true,true,865,WEEKEND15,T004796,
V003235,C00619,2025-02-19,social,P011,Urban Bottle 11,true,false,false,29,,,
V003236,C00889,2025-02-23,organic_search,P019,Urban Bottle 19,true,true,false,99,,,
V003237,C00158,2025-12-04,paid_search,P015,Calm Cream 15,true,false,false,142,,,
V003238,C00262,2025-02-14,email,P027,Urban Bottle 27,true,false,false,21,,,
V003239,C00080,2025-02-13,organic_search,P020,Essential Bag 20,true,true,false,39,,,
V003240,C00526,2025-05-05,social,P028,Essential Bag 28,true,false,false,22,WELCOME5,,
V003241,C00597,2025-01-09,email,P028,Essential Bag 28,true,true,false,76,,,
V003242,C00711,2025-04-09,email,P012,Essential Bag 12,true,false,false,12,LOYALTY10,,
V003243,C00597,2025-06-24,organic_search,P016,Modern Serum 16,true,false,false,10,,,
V003244,C00740,2025-03-23,paid_search,P024,Modern Serum 24,true,false,false,39,LOYALTY10,,
V003245,C00282,2025-06-20,organic_search,P027,Urban Bottle 27,true,true,true,15,,T003260,
V003246,C00095,2025-10-17,paid_search,P017,Daily Lamp 17,true,false,false,11,,,
V003247,C00202,2025-06-20,paid_search,P011,Urban Bottle 11,true,false,false,87,,,
V003248,C00187,2025-06-29,email,P030,Active Mat 30,true,false,true,175,,T003435,
V003249,C00394,2025-11-05,email,P001,Daily Lamp 01,true,true,false,314,,,
V003250,C00328,2025-06-23,direct,P028,Essential Bag 28,true,false,false,36,,,
V003251,C00275,2025-10-28,direct,P006,Active Mat 06,false,false,false,34,,,
V003252,C00928,2025-10-03,organic_search,P013,Bright Organizer 13,true,false,false,44,,,
V003253,C00255,2025-01-09,social,P028,Essential Bag 28,true,false,false,36,,,
V003254,C00537,2025-01-25,paid_search,P017,Daily Lamp 17,true,false,false,13,,,
V003255,C00139,2025-03-28,organic_search,P024,Modern Serum 24,true,false,false,122,WEEKEND15,,
V003256,C00703,2025-03-24,organic_search,P024,Modern Serum 24,true,false,false,87,,,
V003257,C00915,2025-09-22,direct,P011,Urban Bottle 11,true,false,false,56,WELCOME5,,
V003258,C00958,2025-02-18,paid_search,P008,Modern Serum 08,true,false,false,260,,,
V003259,C00913,2025-04-10,referral,P005,Bright Organizer 05,true,false,true,91,,T001939,
V003260,C00614,2025-12-17,email,P015,Calm Cream 15,true,false,false,206,LOYALTY10,,
V003261,C00410,2025-03-06,organic_search,P024,Modern Serum 24,true,true,false,54,LOYALTY10,,
V003262,C00854,2025-03-20,direct,P029,Bright Organizer 29,true,false,false,76,,,
V003263,C00254,2025-04-03,paid_search,P006,Active Mat 06,true,true,true,199,,T001789,
V003264,C00849,2025-06-05,paid_search,P010,Pure Band 10,true,false,false,64,,,
V003265,C00196,2025-12-16,organic_search,P014,Active Mat 14,true,false,true,66,WEEKEND15,T006368,
V003266,C00097,2025-07-12,social,P014,Active Mat 14,true,false,false,12,,,
V003267,C00768,2025-03-27,referral,P003,Urban Bottle 03,true,false,false,77,WEEKEND15,,
V003268,C00107,2025-09-15,organic_search,P010,Pure Band 10,true,false,false,12,,,
V003269,C00129,2025-12-07,paid_search,P019,Urban Bottle 19,true,false,false,152,,,
V003270,C00182,2025-03-01,social,P004,Essential Bag 04,true,true,true,202,,T001118,
V003271,C00526,2025-05-10,paid_search,P013,Bright Organizer 13,true,false,false,12,,,
V003272,C00232,2025-04-18,referral,P011,Urban Bottle 11,true,false,false,33,WELCOME5,,
V003273,C00090,2025-03-05,organic_search,P015,Calm Cream 15,true,false,false,82,WEEKEND15,,
V003274,C00583,2025-04-19,email,P024,Modern Serum 24,true,false,false,106,,,
V003275,C00035,2025-05-27,social,P011,Urban Bottle 11,true,false,false,47,,,
V003276,C00813,2025-02-12,email,P024,Modern Serum 24,true,false,false,164,,,
V003277,C00580,2025-03-27,social,P012,Essential Bag 12,true,false,false,14,,,
V003278,C00829,2025-10-16,organic_search,P014,Active Mat 14,true,false,false,29,,,
V003279,C00162,2025-06-17,paid_search,P001,Daily Lamp 01,true,false,false,125,,,
V003280,C00581,2025-05-31,email,P005,Bright Organizer 05,true,false,false,124,,,
V003281,C00932,2025-03-25,organic_search,P003,Urban Bottle 03,true,false,false,36,,,
V003282,C00772,2025-08-03,direct,P006,Active Mat 06,true,false,false,68,,,
V003283,C00006,2025-04-01,organic_search,P004,Essential Bag 04,true,false,false,282,,,
V003284,C00295,2025-01-14,organic_search,P009,Daily Lamp 09,true,true,true,64,,T000254,
V003285,C00319,2025-06-13,social,P017,Daily Lamp 17,true,false,false,46,,,
V003286,C00670,2025-02-06,social,P015,Calm Cream 15,true,false,false,63,,,
V003287,C00173,2025-01-15,organic_search,P008,Modern Serum 08,true,false,false,145,,,
V003288,C00092,2025-07-22,social,P026,Pure Band 26,true,false,false,44,,,
V003289,C00063,2025-08-22,email,P009,Daily Lamp 09,true,false,false,10,,,
V003290,C00895,2025-04-22,email,P023,Calm Cream 23,true,true,false,53,,,
V003291,C00557,2025-04-15,organic_search,P018,Pure Band 18,true,true,true,316,,T002013,
V003292,C00164,2025-07-30,paid_search,P027,Urban Bottle 27,true,false,false,74,,,
V003293,C00115,2025-08-11,social,P030,Active Mat 30,true,false,false,17,,,
V003294,C00499,2025-09-12,organic_search,P026,Pure Band 26,true,false,false,53,,,
V003295,C00015,2025-10-03,organic_search,P001,Daily Lamp 01,true,false,false,26,,,
V003296,C00905,2025-03-08,direct,P005,Bright Organizer 05,true,false,false,134,,,
V003297,C00143,2025-03-27,email,P013,Bright Organizer 13,true,false,false,69,WELCOME5,,
V003298,C00108,2025-08-26,social,P029,Bright Organizer 29,true,false,false,30,,,
V003299,C00192,2025-12-14,social,P029,Bright Organizer 29,true,true,false,154,WELCOME5,,
V003300,C00317,2025-04-06,direct,P013,Bright Organizer 13,true,false,false,62,,,
V003301,C00220,2025-01-24,organic_search,P026,Pure Band 26,true,false,false,56,,,
V003302,C00026,2025-07-24,paid_search,P013,Bright Organizer 13,true,false,true,144,,T003906,
V003303,C00079,2025-08-30,direct,P015,Calm Cream 15,true,false,false,70,,,
V003304,C00172,2025-12-28,social,P013,Bright Organizer 13,true,true,false,183,WELCOME5,,
V003305,C00998,2025-06-08,organic_search,P013,Bright Organizer 13,true,false,false,24,,,
V003306,C00531,2025-01-13,organic_search,P015,Calm Cream 15,true,false,false,99,,,
V003307,C00275,2025-06-02,social,P027,Urban Bottle 27,true,false,false,22,,,
V003308,C00653,2025-10-11,referral,P004,Essential Bag 04,true,false,false,30,LOYALTY10,,
V003309,C00719,2025-10-12,email,P029,Bright Organizer 29,true,true,true,184,,T005274,
V003310,C00531,2025-08-04,email,P011,Urban Bottle 11,true,false,false,17,,,
V003311,C00853,2025-09-14,referral,P012,Essential Bag 12,true,false,false,121,WELCOME5,,
V003312,C00594,2025-08-20,organic_search,P001,Daily Lamp 01,false,false,false,21,,,
V003313,C00297,2025-06-23,paid_search,P014,Active Mat 14,true,true,false,212,,,
V003314,C00469,2025-04-20,organic_search,P014,Active Mat 14,true,false,false,34,,,
V003315,C00053,2025-02-04,direct,P009,Daily Lamp 09,true,false,false,55,WEEKEND15,,
V003316,C00928,2025-06-13,email,P006,Active Mat 06,true,true,false,14,WEEKEND15,,
V003317,C00533,2025-05-17,direct,P021,Bright Organizer 21,true,false,true,33,,T002593,
V003318,C00413,2025-10-25,referral,P005,Bright Organizer 05,true,false,false,171,,,
V003319,C00963,2025-05-16,email,P011,Urban Bottle 11,true,false,false,176,LOYALTY10,,
V003320,C00068,2025-06-03,paid_search,P012,Essential Bag 12,true,false,false,97,,,
V003321,C00606,2025-04-06,referral,P017,Daily Lamp 17,true,false,true,59,,T001843,
V003322,C00237,2025-02-03,organic_search,P017,Daily Lamp 17,true,false,false,22,,,
V003323,C00850,2025-02-13,organic_search,P003,Urban Bottle 03,true,false,true,11,,T000820,
V003324,C00875,2025-01-07,social,P004,Essential Bag 04,true,false,false,10,,,
V003325,C00619,2025-09-30,organic_search,P001,Daily Lamp 01,false,false,false,146,LOYALTY10,,
V003326,C00684,2025-08-12,paid_search,P007,Calm Cream 07,true,false,false,126,,,
V003327,C00680,2025-03-24,social,P011,Urban Bottle 11,true,false,false,140,,,
V003328,C00646,2025-11-04,organic_search,P022,Active Mat 22,true,true,false,25,,,
V003329,C00489,2025-06-20,email,P016,Modern Serum 16,true,false,false,24,,,
V003330,C00081,2025-12-09,paid_search,P003,Urban Bottle 03,true,true,false,93,WEEKEND15,,
V003331,C00085,2025-09-06,email,P021,Bright Organizer 21,true,false,false,34,,,
V003332,C00465,2025-12-23,paid_search,P019,Urban Bottle 19,false,false,false,64,LOYALTY10,,
V003333,C00342,2025-01-19,organic_search,P006,Active Mat 06,true,false,false,131,,,
V003334,C00365,2025-01-24,direct,P027,Urban Bottle 27,true,false,false,52,,,
V003335,C00926,2025-12-05,paid_search,P009,Daily Lamp 09,true,true,true,61,,T006177,
V003336,C00614,2025-03-30,paid_search,P029,Bright Organizer 29,true,false,false,35,,,
V003337,C00925,2025-09-28,email,P009,Daily Lamp 09,false,false,false,14,,,
V003338,C00291,2025-07-18,direct,P018,Pure Band 18,true,false,false,54,,,
V003339,C00121,2025-05-12,organic_search,P014,Active Mat 14,true,false,false,7,LOYALTY10,,
V003340,C00579,2025-02-08,paid_search,P012,Essential Bag 12,true,true,false,57,,,
V003341,C00840,2025-07-13,social,P017,Daily Lamp 17,true,false,false,101,,,
V003342,C00863,2025-12-18,organic_search,P019,Urban Bottle 19,false,false,false,19,,,
V003343,C00017,2025-03-16,social,P014,Active Mat 14,true,false,true,44,,T001415,
V003344,C00478,2025-11-04,paid_search,P001,Daily Lamp 01,true,false,false,63,,,
V003345,C00954,2025-11-09,referral,P019,Urban Bottle 19,true,false,false,39,,,
V003346,C00849,2025-07-19,email,P007,Calm Cream 07,true,false,false,15,,,
V003347,C00206,2025-04-24,direct,P015,Calm Cream 15,true,false,false,189,,,
V003348,C00545,2025-01-07,paid_search,P016,Modern Serum 16,true,false,false,23,,,
V003349,C00896,2025-03-28,email,P016,Modern Serum 16,true,false,false,14,,,
V003350,C00652,2025-09-27,direct,P004,Essential Bag 04,false,false,false,24,,,
V003351,C00859,2025-08-10,organic_search,P008,Modern Serum 08,true,false,false,200,LOYALTY10,,
V003352,C00010,2025-07-27,email,P011,Urban Bottle 11,true,false,false,38,,,
V003353,C00593,2025-12-23,organic_search,P022,Active Mat 22,true,false,false,73,,,
V003354,C00996,2025-10-31,email,P025,Daily Lamp 25,true,false,false,43,,,
V003355,C00463,2025-08-06,email,P029,Bright Organizer 29,true,false,false,35,,,
V003356,C00980,2025-08-09,organic_search,P007,Calm Cream 07,true,true,true,149,,T004152,
V003357,C00617,2025-07-17,paid_search,P016,Modern Serum 16,true,true,true,37,,T003760,
V003358,C00778,2025-12-06,direct,P030,Active Mat 30,true,false,false,6,,,
V003359,C00974,2025-07-04,referral,P016,Modern Serum 16,true,false,false,99,WEEKEND15,,
V003360,C00102,2025-08-26,referral,P001,Daily Lamp 01,false,false,false,31,,,
V003361,C00623,2025-03-26,paid_search,P019,Urban Bottle 19,true,true,false,42,,,
V003362,C00749,2025-07-15,social,P030,Active Mat 30,true,false,true,59,,T003719,
V003363,C00692,2025-08-23,paid_search,P003,Urban Bottle 03,true,false,false,63,LOYALTY10,,
V003364,C00294,2025-03-29,social,P028,Essential Bag 28,true,false,false,35,,,
V003365,C00204,2025-10-25,paid_search,P026,Pure Band 26,true,false,false,95,WEEKEND15,,
V003366,C00796,2025-04-07,direct,P009,Daily Lamp 09,true,false,false,23,,,
V003367,C00442,2025-10-11,email,P025,Daily Lamp 25,true,false,false,180,,,
V003368,C00331,2025-04-08,social,P024,Modern Serum 24,true,false,false,150,WELCOME5,,
V003369,C00991,2025-01-14,organic_search,P008,Modern Serum 08,true,false,false,43,,,
V003370,C00506,2025-09-03,paid_search,P021,Bright Organizer 21,true,false,false,82,,,
V003371,C00094,2025-02-15,social,P007,Calm Cream 07,true,false,false,82,,,
V003372,C00007,2025-12-06,direct,P026,Pure Band 26,true,false,false,99,,,
V003373,C00771,2025-03-03,organic_search,P007,Calm Cream 07,true,false,false,66,,,
V003374,C00039,2025-03-31,paid_search,P025,Daily Lamp 25,true,false,false,46,,,
V003375,C00691,2025-04-09,organic_search,P005,Bright Organizer 05,true,false,false,51,WELCOME5,,
V003376,C00201,2025-11-27,paid_search,P011,Urban Bottle 11,true,false,false,20,,,
V003377,C00046,2025-09-27,social,P014,Active Mat 14,false,false,false,17,WELCOME5,,
V003378,C00021,2025-01-12,email,P025,Daily Lamp 25,true,false,false,21,,,
V003379,C00340,2025-03-14,email,P005,Bright Organizer 05,true,false,false,42,,,
V003380,C00945,2025-06-27,email,P009,Daily Lamp 09,true,false,false,26,,,
V003381,C00335,2025-07-06,email,P012,Essential Bag 12,true,false,false,8,,,
V003382,C00054,2025-07-24,email,P013,Bright Organizer 13,true,false,false,36,,,
V003383,C00552,2025-07-04,organic_search,P011,Urban Bottle 11,true,false,false,21,,,
V003384,C00852,2025-02-06,paid_search,P009,Daily Lamp 09,true,false,false,41,,,
V003385,C00617,2025-03-05,email,P007,Calm Cream 07,true,false,false,130,,,
V003386,C00398,2025-04-29,referral,P020,Essential Bag 20,true,false,false,51,WEEKEND15,,
V003387,C00798,2025-10-08,paid_search,P007,Calm Cream 07,true,false,false,20,,,
V003388,C00163,2025-06-05,referral,P005,Bright Organizer 05,true,false,false,64,,,
V003389,C00724,2025-03-25,referral,P021,Bright Organizer 21,true,false,false,39,,,
V003390,C00636,2025-10-01,social,P028,Essential Bag 28,true,false,false,39,,,
V003391,C00886,2025-11-26,direct,P016,Modern Serum 16,false,false,false,20,,,
V003392,C00039,2025-10-30,paid_search,P021,Bright Organizer 21,true,true,false,82,,,
V003393,C00175,2025-05-06,organic_search,P009,Daily Lamp 09,true,false,false,20,,,
V003394,C00634,2025-09-05,paid_search,P025,Daily Lamp 25,true,false,false,41,,,
V003395,C00418,2025-11-01,paid_search,P026,Pure Band 26,true,false,false,188,,,
V003396,C00720,2025-08-17,direct,P018,Pure Band 18,true,true,true,115,,T004343,
V003397,C00282,2025-04-27,direct,P019,Urban Bottle 19,true,true,false,169,,,
V003398,C00769,2025-01-11,organic_search,P024,Modern Serum 24,true,false,false,159,,,
V003399,C00291,2025-12-08,direct,P004,Essential Bag 04,true,false,false,30,,,
V003400,C00748,2025-04-23,direct,P008,Modern Serum 08,true,false,false,92,,,
V003401,C00184,2025-06-21,referral,P014,Active Mat 14,true,true,false,105,,,
V003402,C00324,2025-11-01,email,P005,Bright Organizer 05,true,false,false,156,LOYALTY10,,
V003403,C00175,2025-12-02,referral,P023,Calm Cream 23,true,false,false,38,,,
V003404,C00173,2025-06-07,referral,P006,Active Mat 06,true,false,false,41,,,
V003405,C00177,2025-10-15,direct,P026,Pure Band 26,true,true,true,124,,T005346,
V003406,C00628,2025-11-01,email,P001,Daily Lamp 01,true,false,false,6,WEEKEND15,,
V003407,C00677,2025-05-22,email,P017,Daily Lamp 17,true,false,false,11,,,
V003408,C00372,2025-01-02,paid_search,P013,Bright Organizer 13,true,false,false,95,WELCOME5,,
V003409,C00915,2025-12-17,paid_search,P028,Essential Bag 28,true,false,false,84,,,
V003410,C00453,2025-04-12,direct,P006,Active Mat 06,true,false,false,61,,,
V003411,C00572,2025-09-27,social,P005,Bright Organizer 05,false,false,false,47,LOYALTY10,,
V003412,C00656,2025-11-08,paid_search,P009,Daily Lamp 09,true,false,false,45,,,
V003413,C00631,2025-03-30,email,P012,Essential Bag 12,true,true,false,50,,,
V003414,C00297,2025-07-07,referral,P010,Pure Band 10,true,false,false,47,,,
V003415,C00538,2025-09-11,direct,P013,Bright Organizer 13,true,false,false,58,,,
V003416,C00722,2025-08-22,organic_search,P019,Urban Bottle 19,false,false,false,75,LOYALTY10,,
V003417,C00823,2025-09-27,organic_search,P008,Modern Serum 08,true,false,false,29,,,
V003418,C00166,2025-07-08,social,P023,Calm Cream 23,true,true,false,27,WEEKEND15,,
V003419,C00243,2025-09-04,organic_search,P002,Pure Band 02,true,false,false,172,WEEKEND15,,
V003420,C00117,2025-05-31,organic_search,P026,Pure Band 26,true,true,true,276,LOYALTY10,T002881,
V003421,C00635,2025-03-03,social,P014,Active Mat 14,true,false,false,16,,,
V003422,C00816,2025-09-15,organic_search,P004,Essential Bag 04,true,false,false,22,,,
V003423,C00284,2025-03-13,organic_search,P013,Bright Organizer 13,true,false,false,33,WELCOME5,,
V003424,C00741,2025-10-22,organic_search,P003,Urban Bottle 03,true,false,false,86,LOYALTY10,,
V003425,C00528,2025-02-12,referral,P009,Daily Lamp 09,true,false,false,31,,,
V003426,C00287,2025-03-11,paid_search,P016,Modern Serum 16,true,false,false,24,LOYALTY10,,
V003427,C00080,2025-06-12,social,P018,Pure Band 18,true,false,false,95,,,
V003428,C00905,2025-12-06,paid_search,P024,Modern Serum 24,true,false,true,26,,T006196,
V003429,C00435,2025-04-19,direct,P001,Daily Lamp 01,true,false,false,87,,,
V003430,C00214,2025-02-20,paid_search,P008,Modern Serum 08,true,false,true,22,,T000941,
V003431,C00152,2025-10-22,direct,P019,Urban Bottle 19,false,false,false,129,,,
V003432,C00457,2025-06-17,organic_search,P021,Bright Organizer 21,true,false,false,64,,,
V003433,C00406,2025-10-07,email,P030,Active Mat 30,true,true,true,135,,T005197,
V003434,C00079,2025-12-01,organic_search,P002,Pure Band 02,true,false,false,40,,,
V003435,C00957,2025-03-19,social,P018,Pure Band 18,true,false,false,25,,,
V003436,C00378,2025-07-24,referral,P027,Urban Bottle 27,true,false,false,42,LOYALTY10,,
V003437,C00667,2025-03-26,social,P012,Essential Bag 12,true,true,true,297,WELCOME5,T001620,
V003438,C00739,2025-12-29,paid_search,P029,Bright Organizer 29,true,false,false,27,,,
V003439,C00228,2025-05-11,social,P013,Bright Organizer 13,true,false,false,17,WELCOME5,,
V003440,C00484,2025-08-24,direct,P018,Pure Band 18,true,true,false,370,,,
V003441,C00866,2025-04-21,email,P005,Bright Organizer 05,true,false,false,106,WELCOME5,,
V003442,C00140,2025-07-01,referral,P012,Essential Bag 12,true,false,true,146,,T003464,
V003443,C00241,2025-03-06,direct,P012,Essential Bag 12,true,true,false,362,WELCOME5,,
V003444,C00694,2025-02-28,email,P002,Pure Band 02,true,false,false,26,,,
V003445,C00336,2025-10-20,organic_search,P025,Daily Lamp 25,true,false,false,19,,,
V003446,C00621,2025-08-13,organic_search,P003,Urban Bottle 03,true,false,false,33,LOYALTY10,,
V003447,C00336,2025-05-14,email,P002,Pure Band 02,true,false,false,19,,,
V003448,C00734,2025-01-15,organic_search,P007,Calm Cream 07,true,false,false,233,LOYALTY10,,
V003449,C00557,2025-12-15,email,P019,Urban Bottle 19,false,false,false,9,WELCOME5,,
V003450,C00599,2025-08-04,paid_search,P006,Active Mat 06,true,false,false,45,,,
V003451,C00560,2025-05-01,email,P001,Daily Lamp 01,true,false,false,73,WEEKEND15,,
V003452,C00243,2025-04-05,direct,P002,Pure Band 02,true,false,false,12,,,
V003453,C00883,2025-08-14,referral,P005,Bright Organizer 05,true,false,false,69,,,
V003454,C00200,2025-04-14,direct,P016,Modern Serum 16,true,false,false,29,,,
V003455,C00249,2025-04-13,direct,P025,Daily Lamp 25,true,false,false,99,LOYALTY10,,
V003456,C00683,2025-09-22,paid_search,P017,Daily Lamp 17,true,true,false,26,,,
V003457,C00996,2025-08-28,paid_search,P019,Urban Bottle 19,false,false,false,106,,,
V003458,C00252,2025-07-12,paid_search,P010,Pure Band 10,true,false,false,210,,,
V003459,C00347,2025-05-22,organic_search,P017,Daily Lamp 17,true,false,false,48,,,
V003460,C00178,2025-04-13,email,P019,Urban Bottle 19,true,false,false,34,,,
V003461,C00880,2025-03-22,social,P006,Active Mat 06,true,false,false,62,,,
V003462,C00046,2025-09-12,referral,P018,Pure Band 18,true,false,false,189,,,
V003463,C00141,2025-08-17,paid_search,P019,Urban Bottle 19,false,false,false,20,,,
V003464,C00041,2025-07-11,social,P028,Essential Bag 28,true,false,false,20,WELCOME5,,
V003465,C00240,2025-01-25,email,P026,Pure Band 26,true,true,false,499,,,
V003466,C00189,2025-06-22,organic_search,P017,Daily Lamp 17,true,false,false,57,,,
V003467,C00593,2025-05-05,direct,P012,Essential Bag 12,true,false,false,14,,,
V003468,C00856,2025-09-10,direct,P005,Bright Organizer 05,true,false,false,118,,,
V003469,C00710,2025-05-09,social,P026,Pure Band 26,true,false,false,34,,,
V003470,C00500,2025-08-09,direct,P022,Active Mat 22,true,true,false,584,WELCOME5,,
V003471,C00133,2025-10-19,organic_search,P024,Modern Serum 24,true,false,false,54,,,
V003472,C00639,2025-05-21,direct,P026,Pure Band 26,true,false,false,62,,,
V003473,C00861,2025-11-20,email,P027,Urban Bottle 27,true,true,false,168,,,
V003474,C00726,2025-08-28,organic_search,P013,Bright Organizer 13,true,false,false,76,,,
V003475,C00810,2025-11-02,organic_search,P022,Active Mat 22,true,true,false,159,,,
V003476,C00721,2025-05-28,email,P023,Calm Cream 23,true,true,true,64,,T002816,
V003477,C00282,2025-05-03,organic_search,P025,Daily Lamp 25,true,false,false,101,,,
V003478,C00290,2025-12-07,organic_search,P001,Daily Lamp 01,true,false,false,59,,,
V003479,C00271,2025-06-06,social,P027,Urban Bottle 27,true,false,true,24,,T003001,
V003480,C00881,2025-07-30,organic_search,P006,Active Mat 06,false,false,false,9,,,
V003481,C00845,2025-03-19,paid_search,P024,Modern Serum 24,true,false,false,54,,,
V003482,C00838,2025-09-29,organic_search,P014,Active Mat 14,false,false,false,18,WELCOME5,,
V003483,C00959,2025-07-01,social,P021,Bright Organizer 21,true,false,false,15,,,
V003484,C00707,2025-05-30,social,P008,Modern Serum 08,true,false,true,83,,T002860,
V003485,C00358,2025-11-07,organic_search,P024,Modern Serum 24,true,false,false,41,,,
V003486,C00495,2025-03-11,email,P016,Modern Serum 16,true,false,false,18,,,
V003487,C00287,2025-01-05,direct,P022,Active Mat 22,true,false,false,13,,,
V003488,C00289,2025-10-20,email,P030,Active Mat 30,true,false,true,60,,T005431,
V003489,C00808,2025-06-15,organic_search,P005,Bright Organizer 05,true,false,false,41,,,
V003490,C00751,2025-09-09,referral,P029,Bright Organizer 29,true,false,false,57,,,
V003491,C00097,2025-03-08,organic_search,P030,Active Mat 30,true,false,false,40,,,
V003492,C00858,2025-10-05,organic_search,P005,Bright Organizer 05,true,false,false,128,,,
V003493,C00965,2025-05-27,organic_search,P027,Urban Bottle 27,true,false,false,111,,,
V003494,C00961,2025-09-09,organic_search,P008,Modern Serum 08,true,false,false,5,,,
V003495,C00345,2025-08-26,organic_search,P006,Active Mat 06,false,false,false,64,,,
V003496,C00708,2025-07-14,direct,P018,Pure Band 18,true,false,false,77,,,
V003497,C00812,2025-05-25,email,P030,Active Mat 30,true,false,false,8,,,
V003498,C00053,2025-05-09,email,P030,Active Mat 30,true,false,false,28,,,
V003499,C00780,2025-12-11,direct,P008,Modern Serum 08,true,false,false,9,WEEKEND15,,
V003500,C00107,2025-12-12,social,P012,Essential Bag 12,true,false,false,55,,,
V003501,C00252,2025-06-16,paid_search,P021,Bright Organizer 21,true,false,false,7,,,
V003502,C00163,2025-06-13,organic_search,P016,Modern Serum 16,true,false,false,23,,,
V003503,C00133,2025-11-19,organic_search,P024,Modern Serum 24,true,false,false,46,,,
V003504,C00826,2025-09-29,direct,P026,Pure Band 26,true,false,false,30,WEEKEND15,,
V003505,C00687,2025-03-19,paid_search,P020,Essential Bag 20,true,true,true,18,,T001490,
V003506,C00319,2025-05-04,direct,P014,Active Mat 14,true,true,false,15,,,
V003507,C00703,2025-03-16,referral,P005,Bright Organizer 05,true,true,false,86,,,
V003508,C00626,2025-10-25,email,P002,Pure Band 02,true,false,false,26,LOYALTY10,,
V003509,C00301,2025-08-09,organic_search,P015,Calm Cream 15,true,false,false,9,,,
V003510,C00517,2025-04-02,direct,P003,Urban Bottle 03,true,true,false,38,,,
V003511,C00220,2025-04-28,social,P008,Modern Serum 08,true,false,false,14,,,
V003512,C00161,2025-12-14,email,P028,Essential Bag 28,true,false,false,83,,,
V003513,C00038,2025-05-14,direct,P024,Modern Serum 24,true,false,false,104,,,
V003514,C00824,2025-11-24,social,P023,Calm Cream 23,true,false,false,6,,,
V003515,C00002,2025-02-21,social,P024,Modern Serum 24,true,false,false,32,,,
V003516,C00763,2025-11-24,paid_search,P017,Daily Lamp 17,true,false,false,219,WEEKEND15,,
V003517,C00485,2025-07-10,direct,P017,Daily Lamp 17,true,true,false,117,LOYALTY10,,
V003518,C00144,2025-11-01,social,P024,Modern Serum 24,true,false,false,66,,,
V003519,C00864,2025-07-31,paid_search,P006,Active Mat 06,false,false,false,31,,,
V003520,C00520,2025-08-20,referral,P002,Pure Band 02,true,false,false,9,,,
V003521,C00820,2025-06-12,paid_search,P020,Essential Bag 20,true,false,false,138,,,
V003522,C00401,2025-04-22,paid_search,P012,Essential Bag 12,true,false,true,262,,T002146,
V003523,C00199,2025-09-22,organic_search,P006,Active Mat 06,true,false,false,23,,,
V003524,C00154,2025-01-23,organic_search,P008,Modern Serum 08,true,false,false,17,WEEKEND15,,
V003525,C00155,2025-12-29,email,P005,Bright Organizer 05,false,false,false,50,,,
V003526,C00860,2025-05-19,paid_search,P011,Urban Bottle 11,true,false,false,185,,,
V003527,C00424,2025-06-28,email,P013,Bright Organizer 13,true,false,false,88,,,
V003528,C00715,2025-05-23,direct,P008,Modern Serum 08,true,false,false,60,,,
V003529,C00080,2025-04-10,email,P011,Urban Bottle 11,true,false,false,84,,,
V003530,C00199,2025-08-04,direct,P018,Pure Band 18,true,false,false,165,,,
V003531,C00135,2025-04-09,paid_search,P008,Modern Serum 08,true,false,true,141,,T001906,
V003532,C00231,2025-05-23,paid_search,P022,Active Mat 22,true,false,false,21,,,
V003533,C00010,2025-10-20,direct,P016,Modern Serum 16,false,false,false,102,,,
V003534,C00499,2025-04-23,organic_search,P023,Calm Cream 23,true,true,false,107,,,
V003535,C00435,2025-01-24,social,P028,Essential Bag 28,true,false,false,71,,,
V003536,C00138,2025-01-01,organic_search,P012,Essential Bag 12,true,false,false,42,WELCOME5,,
V003537,C00898,2025-03-03,email,P001,Daily Lamp 01,true,false,false,77,,,
V003538,C00309,2025-08-07,social,P028,Essential Bag 28,true,false,false,74,,,
V003539,C00203,2025-02-11,paid_search,P009,Daily Lamp 09,true,false,false,53,WELCOME5,,
V003540,C00912,2025-11-18,direct,P020,Essential Bag 20,true,false,false,34,WELCOME5,,
V003541,C00183,2025-09-17,organic_search,P012,Essential Bag 12,true,true,false,22,WEEKEND15,,
V003542,C00607,2025-02-10,paid_search,P005,Bright Organizer 05,true,false,false,84,WELCOME5,,
V003543,C00071,2025-04-29,organic_search,P010,Pure Band 10,true,true,false,38,WELCOME5,,
V003544,C00110,2025-05-08,paid_search,P007,Calm Cream 07,true,false,false,591,,,
V003545,C00566,2025-11-15,organic_search,P020,Essential Bag 20,true,false,false,19,,,
V003546,C00415,2025-01-24,direct,P026,Pure Band 26,true,false,false,28,,,
V003547,C00590,2025-09-17,email,P004,Essential Bag 04,false,false,false,36,,,
V003548,C00591,2025-11-10,organic_search,P010,Pure Band 10,true,false,false,63,LOYALTY10,,
V003549,C00785,2025-02-24,organic_search,P005,Bright Organizer 05,true,false,false,61,,,
V003550,C00230,2025-07-03,direct,P005,Bright Organizer 05,true,false,false,46,,,
V003551,C00845,2025-12-20,social,P006,Active Mat 06,false,false,false,12,,,
V003552,C00766,2025-01-13,organic_search,P016,Modern Serum 16,true,false,false,230,,,
V003553,C00865,2025-04-12,organic_search,P029,Bright Organizer 29,true,true,false,62,,,
V003554,C00476,2025-03-16,paid_search,P013,Bright Organizer 13,true,false,false,30,,,
V003555,C00953,2025-10-14,paid_search,P010,Pure Band 10,true,false,false,115,,,
V003556,C00706,2025-04-18,paid_search,P025,Daily Lamp 25,true,false,false,158,,,
V003557,C00615,2025-02-16,organic_search,P022,Active Mat 22,true,false,false,68,,,
V003558,C00285,2025-05-10,email,P029,Bright Organizer 29,true,false,false,346,,,
V003559,C00383,2025-04-13,paid_search,P025,Daily Lamp 25,true,false,false,29,,,
V003560,C00512,2025-09-04,direct,P021,Bright Organizer 21,true,false,false,71,,,
V003561,C00945,2025-02-22,social,P021,Bright Organizer 21,true,false,false,37,,,
V003562,C00067,2025-12-13,organic_search,P017,Daily Lamp 17,true,false,false,14,,,
V003563,C00653,2025-07-31,email,P017,Daily Lamp 17,true,false,true,77,,T003986,
V003564,C00871,2025-10-13,paid_search,P027,Urban Bottle 27,true,false,false,57,,,
V003565,C00191,2025-04-06,referral,P028,Essential Bag 28,true,false,false,50,,,
V003566,C00349,2025-03-05,direct,P017,Daily Lamp 17,true,false,false,41,,,
V003567,C00414,2025-01-28,organic_search,P006,Active Mat 06,true,false,false,111,,,
V003568,C00343,2025-10-03,organic_search,P018,Pure Band 18,true,false,false,78,,,
V003569,C00541,2025-04-28,organic_search,P010,Pure Band 10,true,false,false,77,,,
V003570,C00627,2025-07-15,email,P025,Daily Lamp 25,true,false,true,167,,T003729,
V003571,C00241,2025-07-05,referral,P016,Modern Serum 16,true,false,false,206,,,
V003572,C00836,2025-03-13,paid_search,P018,Pure Band 18,true,false,false,21,,,
V003573,C00034,2025-11-26,paid_search,P029,Bright Organizer 29,true,false,false,70,WELCOME5,,
V003574,C00747,2025-06-22,organic_search,P008,Modern Serum 08,true,true,true,184,LOYALTY10,T003307,
V003575,C00952,2025-04-05,direct,P020,Essential Bag 20,true,true,false,33,,,
V003576,C00370,2025-02-11,paid_search,P016,Modern Serum 16,true,false,false,34,,,
V003577,C00431,2025-07-30,organic_search,P030,Active Mat 30,true,true,false,83,,,
V003578,C00309,2025-07-18,social,P009,Daily Lamp 09,true,false,false,36,WELCOME5,,
V003579,C00735,2025-05-26,direct,P003,Urban Bottle 03,true,false,false,86,,,
V003580,C00580,2025-02-05,paid_search,P020,Essential Bag 20,true,true,false,82,,,
V003581,C00688,2025-09-27,social,P021,Bright Organizer 21,true,false,false,18,,,
V003582,C00264,2025-04-16,email,P001,Daily Lamp 01,true,true,false,57,,,
V003583,C00390,2025-07-13,referral,P026,Pure Band 26,true,false,false,44,,,
V003584,C00372,2025-03-13,email,P004,Essential Bag 04,true,false,false,5,,,
V003585,C00296,2025-12-12,email,P003,Urban Bottle 03,true,false,false,188,,,
V003586,C00786,2025-04-14,organic_search,P007,Calm Cream 07,true,false,false,30,,,
V003587,C00860,2025-06-14,email,P006,Active Mat 06,true,false,false,68,,,
V003588,C00768,2025-07-01,direct,P001,Daily Lamp 01,true,false,false,253,,,
V003589,C00469,2025-07-25,social,P024,Modern Serum 24,true,false,false,14,,,
V003590,C00189,2025-07-23,social,P027,Urban Bottle 27,true,false,false,103,,,
V003591,C00636,2025-09-29,email,P010,Pure Band 10,true,false,false,275,,,
V003592,C00911,2025-01-01,social,P022,Active Mat 22,true,false,false,46,,,
V003593,C00658,2025-01-31,direct,P002,Pure Band 02,true,false,false,62,,,
V003594,C00251,2025-04-17,paid_search,P001,Daily Lamp 01,true,false,false,92,,,
V003595,C00268,2025-11-16,social,P014,Active Mat 14,false,false,false,44,,,
V003596,C00762,2025-12-05,organic_search,P011,Urban Bottle 11,true,true,false,62,,,
V003597,C00365,2025-02-20,email,P020,Essential Bag 20,true,false,false,322,WELCOME5,,
V003598,C00963,2025-06-20,direct,P016,Modern Serum 16,true,false,false,135,,,
V003599,C00577,2025-11-25,paid_search,P014,Active Mat 14,false,false,false,47,,,
V003600,C00557,2025-07-09,social,P005,Bright Organizer 05,true,false,false,55,WEEKEND15,,
V003601,C00991,2025-07-11,social,P023,Calm Cream 23,true,false,false,184,,,
V003602,C00424,2025-12-17,direct,P007,Calm Cream 07,true,false,false,27,,,
V003603,C00851,2025-10-08,organic_search,P001,Daily Lamp 01,true,false,false,16,,,
V003604,C00056,2025-10-10,social,P020,Essential Bag 20,true,false,false,130,,,
V003605,C00749,2025-03-17,paid_search,P027,Urban Bottle 27,true,false,false,381,,,
V003606,C00018,2025-07-18,organic_search,P014,Active Mat 14,true,false,false,123,,,
V003607,C00592,2025-01-30,direct,P017,Daily Lamp 17,true,true,true,105,,T000578,
V003608,C00825,2025-09-17,social,P020,Essential Bag 20,true,false,false,25,,,
V003609,C00512,2025-05-08,paid_search,P005,Bright Organizer 05,true,false,false,32,,,
V003610,C00586,2025-10-02,social,P005,Bright Organizer 05,true,false,false,24,,,
V003611,C00642,2025-11-26,paid_search,P022,Active Mat 22,true,false,false,84,WELCOME5,,
V003612,C00071,2025-08-04,direct,P029,Bright Organizer 29,true,true,false,406,,,
V003613,C00722,2025-10-06,email,P017,Daily Lamp 17,true,false,false,119,WELCOME5,,
V003614,C00750,2025-03-13,direct,P018,Pure Band 18,true,false,false,135,,,
V003615,C00418,2025-08-13,organic_search,P006,Active Mat 06,true,false,false,21,WEEKEND15,,
V003616,C00120,2025-12-16,social,P023,Calm Cream 23,true,true,false,87,,,
V003617,C00823,2025-09-19,paid_search,P001,Daily Lamp 01,true,true,true,45,,T004885,
V003618,C00130,2025-02-15,email,P010,Pure Band 10,true,false,false,74,,,
V003619,C00348,2025-09-15,direct,P018,Pure Band 18,true,false,false,246,WEEKEND15,,
V003620,C00464,2025-01-21,organic_search,P016,Modern Serum 16,true,false,false,26,,,
V003621,C00004,2025-09-13,organic_search,P015,Calm Cream 15,true,true,false,24,WELCOME5,,
V003622,C00346,2025-01-27,direct,P025,Daily Lamp 25,true,false,false,44,LOYALTY10,,
V003623,C00748,2025-01-16,email,P014,Active Mat 14,true,false,false,24,,,
V003624,C00230,2025-09-12,email,P018,Pure Band 18,true,false,false,22,,,
V003625,C00730,2025-05-18,email,P009,Daily Lamp 09,true,false,false,32,,,
V003626,C00466,2025-08-31,direct,P008,Modern Serum 08,true,false,false,152,,,
V003627,C00309,2025-03-05,paid_search,P019,Urban Bottle 19,true,false,false,12,,,
V003628,C00851,2025-10-10,referral,P018,Pure Band 18,true,false,true,107,,T005241,
V003629,C00244,2025-06-23,social,P013,Bright Organizer 13,true,false,false,44,,,
V003630,C00137,2025-05-12,direct,P027,Urban Bottle 27,true,false,false,74,,,
V003631,C00620,2025-10-08,organic_search,P026,Pure Band 26,true,true,true,546,,T005211,
V003632,C00905,2025-12-21,paid_search,P021,Bright Organizer 21,true,true,false,30,,,
V003633,C00712,2025-04-25,organic_search,P001,Daily Lamp 01,true,false,false,141,WELCOME5,,
V003634,C00202,2025-08-09,direct,P016,Modern Serum 16,true,false,false,73,,,
V003635,C00023,2025-06-24,social,P026,Pure Band 26,true,false,false,150,,,
V003636,C00084,2025-02-16,paid_search,P005,Bright Organizer 05,true,false,false,28,,,
V003637,C00748,2025-05-12,direct,P001,Daily Lamp 01,true,true,true,29,,T002502,
V003638,C00068,2025-12-17,organic_search,P010,Pure Band 10,true,true,false,82,,,
V003639,C00383,2025-11-16,organic_search,P024,Modern Serum 24,true,true,false,352,,,
V003640,C00450,2025-11-30,paid_search,P005,Bright Organizer 05,false,false,false,21,,,
V003641,C00158,2025-02-19,social,P030,Active Mat 30,true,false,false,71,WELCOME5,,
V003642,C00535,2025-03-17,paid_search,P028,Essential Bag 28,true,false,false,43,,,
V003643,C00186,2025-01-14,referral,P022,Active Mat 22,true,true,false,56,,,
V003644,C00071,2025-07-11,organic_search,P004,Essential Bag 04,true,true,false,201,,,
V003645,C00972,2025-06-19,organic_search,P029,Bright Organizer 29,true,false,false,31,LOYALTY10,,
V003646,C00811,2025-02-12,paid_search,P011,Urban Bottle 11,true,false,false,53,,,
V003647,C00275,2025-01-20,paid_search,P028,Essential Bag 28,true,false,false,50,WEEKEND15,,
V003648,C00671,2025-08-21,paid_search,P015,Calm Cream 15,true,false,false,56,,,
V003649,C00999,2025-03-08,social,P015,Calm Cream 15,true,false,false,72,,,
V003650,C00620,2025-02-25,organic_search,P016,Modern Serum 16,true,true,false,241,,,
V003651,C00309,2025-07-03,paid_search,P020,Essential Bag 20,true,false,false,42,WELCOME5,,
V003652,C00721,2025-05-21,organic_search,P012,Essential Bag 12,true,false,false,228,,,
V003653,C00837,2025-10-01,direct,P003,Urban Bottle 03,true,false,false,75,,,
V003654,C00553,2025-07-17,paid_search,P030,Active Mat 30,true,false,false,245,,,
V003655,C00196,2025-01-17,paid_search,P024,Modern Serum 24,true,false,false,49,,,
V003656,C00639,2025-03-14,email,P016,Modern Serum 16,true,false,false,26,,,
V003657,C00100,2025-09-28,social,P019,Urban Bottle 19,false,false,false,37,,,
V003658,C00176,2025-10-12,organic_search,P019,Urban Bottle 19,true,false,false,70,,,
V003659,C00894,2025-03-06,organic_search,P027,Urban Bottle 27,true,false,false,147,,,
V003660,C00323,2025-06-02,direct,P026,Pure Band 26,true,false,false,47,WEEKEND15,,
V003661,C00572,2025-11-13,referral,P015,Calm Cream 15,true,false,false,49,,,
V003662,C00923,2025-08-31,social,P003,Urban Bottle 03,true,true,true,92,WEEKEND15,T004536,
V003663,C00052,2025-05-28,organic_search,P008,Modern Serum 08,true,false,false,112,,,
V003664,C00282,2025-06-07,direct,P009,Daily Lamp 09,true,false,false,41,,,
V003665,C00028,2025-10-15,paid_search,P014,Active Mat 14,true,false,false,42,,,
V003666,C00928,2025-07-24,social,P030,Active Mat 30,true,false,false,43,,,
V003667,C00464,2025-01-16,email,P025,Daily Lamp 25,true,true,false,202,WELCOME5,,
V003668,C00032,2025-02-06,organic_search,P001,Daily Lamp 01,true,true,false,143,WEEKEND15,,
V003669,C00246,2025-10-20,email,P013,Bright Organizer 13,true,true,false,23,,,
V003670,C00847,2025-07-13,organic_search,P021,Bright Organizer 21,true,false,false,65,,,
V003671,C00511,2025-01-23,organic_search,P020,Essential Bag 20,true,true,false,109,,,
V003672,C00763,2025-06-14,paid_search,P022,Active Mat 22,true,false,false,33,,,
V003673,C00707,2025-11-26,email,P019,Urban Bottle 19,false,false,false,285,LOYALTY10,,
V003674,C00438,2025-10-21,email,P030,Active Mat 30,true,true,false,74,,,
V003675,C00813,2025-10-21,paid_search,P012,Essential Bag 12,false,false,false,33,,,
V003676,C00621,2025-08-22,paid_search,P019,Urban Bottle 19,false,false,false,242,,,
V003677,C00719,2025-12-12,direct,P005,Bright Organizer 05,true,false,false,100,LOYALTY10,,
V003678,C00505,2025-10-31,email,P030,Active Mat 30,true,true,false,80,WELCOME5,,
V003679,C00243,2025-07-17,email,P024,Modern Serum 24,true,false,false,67,,,
V003680,C00476,2025-12-11,paid_search,P019,Urban Bottle 19,true,false,false,14,,,
V003681,C00217,2025-07-26,email,P001,Daily Lamp 01,false,false,false,77,,,
V003682,C00071,2025-10-05,social,P021,Bright Organizer 21,true,false,false,20,,,
V003683,C00553,2025-05-16,social,P015,Calm Cream 15,true,false,false,19,,,
V003684,C00585,2025-08-30,paid_search,P028,Essential Bag 28,true,false,false,76,,,
V003685,C00892,2025-12-15,email,P029,Bright Organizer 29,true,false,false,19,,,
V003686,C00762,2025-07-04,organic_search,P011,Urban Bottle 11,true,false,false,139,,,
V003687,C00285,2025-09-29,direct,P009,Daily Lamp 09,false,false,false,170,,,
V003688,C00333,2025-05-16,organic_search,P004,Essential Bag 04,true,false,false,11,,,
V003689,C00056,2025-06-04,organic_search,P028,Essential Bag 28,true,false,false,35,,,
V003690,C00004,2025-04-19,social,P019,Urban Bottle 19,true,false,false,11,,,
V003691,C00003,2025-06-05,organic_search,P009,Daily Lamp 09,true,false,false,33,,,
V003692,C00251,2025-02-25,social,P028,Essential Bag 28,true,false,false,59,,,
V003693,C00345,2025-08-04,direct,P024,Modern Serum 24,true,false,false,43,WELCOME5,,
V003694,C00573,2025-09-30,organic_search,P006,Active Mat 06,false,false,false,42,,,
V003695,C00485,2025-03-02,organic_search,P021,Bright Organizer 21,true,false,false,51,,,
V003696,C00739,2025-05-13,organic_search,P012,Essential Bag 12,true,false,false,20,,,
V003697,C00281,2025-07-25,organic_search,P020,Essential Bag 20,true,false,false,18,,,
V003698,C00459,2025-05-17,social,P011,Urban Bottle 11,true,false,false,11,LOYALTY10,,
V003699,C00321,2025-05-16,organic_search,P021,Bright Organizer 21,true,false,false,94,,,
V003700,C00150,2025-11-01,direct,P017,Daily Lamp 17,true,false,false,42,,,
V003701,C00444,2025-05-05,direct,P018,Pure Band 18,true,false,false,49,LOYALTY10,,
V003702,C00903,2025-03-10,organic_search,P001,Daily Lamp 01,true,true,false,245,,,
V003703,C00061,2025-04-02,paid_search,P025,Daily Lamp 25,true,false,false,104,LOYALTY10,,
V003704,C00046,2025-07-06,referral,P004,Essential Bag 04,true,false,false,53,WELCOME5,,
V003705,C00856,2025-07-31,social,P026,Pure Band 26,true,true,false,130,,,
V003706,C00990,2025-10-05,organic_search,P019,Urban Bottle 19,true,false,false,23,,,
V003707,C00092,2025-07-04,organic_search,P001,Daily Lamp 01,true,false,true,114,,T003520,
V003708,C00046,2025-11-15,organic_search,P022,Active Mat 22,true,true,false,144,,,
V003709,C00379,2025-03-01,social,P022,Active Mat 22,true,false,false,50,,,
V003710,C00774,2025-12-28,social,P012,Essential Bag 12,false,false,false,14,,,
V003711,C00072,2025-07-07,social,P019,Urban Bottle 19,true,false,false,34,,,
V003712,C00198,2025-01-27,paid_search,P010,Pure Band 10,true,false,false,55,,,
V003713,C00659,2025-02-14,social,P009,Daily Lamp 09,true,false,false,46,,,
V003714,C00970,2025-05-28,paid_search,P006,Active Mat 06,false,false,false,22,,,
V003715,C00290,2025-11-12,email,P021,Bright Organizer 21,true,false,false,131,,,
V003716,C00232,2025-08-20,paid_search,P022,Active Mat 22,true,false,false,19,WEEKEND15,,
V003717,C00188,2025-09-22,organic_search,P005,Bright Organizer 05,true,true,false,59,,,
V003718,C00098,2025-11-07,social,P004,Essential Bag 04,true,false,false,43,,,
V003719,C00718,2025-08-17,email,P005,Bright Organizer 05,true,false,false,31,,,
V003720,C00615,2025-04-28,direct,P012,Essential Bag 12,true,false,false,129,,,
V003721,C00929,2025-05-04,direct,P030,Active Mat 30,true,false,false,25,,,
V003722,C00874,2025-09-16,organic_search,P008,Modern Serum 08,true,false,false,98,,,
V003723,C00842,2025-06-22,paid_search,P019,Urban Bottle 19,true,false,false,18,,,
V003724,C00558,2025-06-27,paid_search,P022,Active Mat 22,true,false,false,67,,,
V003725,C00930,2025-11-07,referral,P011,Urban Bottle 11,true,false,false,28,LOYALTY10,,
V003726,C00836,2025-11-22,direct,P004,Essential Bag 04,false,false,false,199,,,
V003727,C00445,2025-03-18,paid_search,P009,Daily Lamp 09,true,false,false,181,,,
V003728,C00362,2025-07-15,social,P023,Calm Cream 23,true,false,true,135,,T003728,
V003729,C00953,2025-05-09,referral,P023,Calm Cream 23,true,false,false,11,,,
V003730,C00472,2025-10-05,organic_search,P009,Daily Lamp 09,true,false,false,100,LOYALTY10,,
V003731,C00405,2025-06-05,direct,P013,Bright Organizer 13,true,false,false,79,,,
V003732,C00518,2025-03-02,referral,P009,Daily Lamp 09,true,false,false,46,WEEKEND15,,
V003733,C00720,2025-06-30,email,P025,Daily Lamp 25,true,false,false,59,,,
V003734,C00921,2025-02-03,organic_search,P010,Pure Band 10,true,false,false,88,WEEKEND15,,
V003735,C00878,2025-04-15,direct,P015,Calm Cream 15,true,false,false,52,,,
V003736,C00690,2025-02-16,organic_search,P011,Urban Bottle 11,true,false,false,103,,,
V003737,C00282,2025-06-11,organic_search,P006,Active Mat 06,true,false,false,43,,,
V003738,C00899,2025-09-28,organic_search,P002,Pure Band 02,true,false,false,28,,,
V003739,C00932,2025-08-30,direct,P010,Pure Band 10,true,false,false,95,,,
V003740,C00756,2025-09-17,paid_search,P008,Modern Serum 08,true,false,false,32,,,
V003741,C00315,2025-02-02,referral,P020,Essential Bag 20,true,false,false,32,,,
V003742,C00933,2025-02-12,email,P023,Calm Cream 23,true,false,false,91,WEEKEND15,,
V003743,C00465,2025-08-03,paid_search,P015,Calm Cream 15,true,false,true,27,,T004022,
V003744,C00080,2025-06-15,paid_search,P003,Urban Bottle 03,true,false,false,60,WEEKEND15,,
V003745,C00011,2025-08-29,paid_search,P019,Urban Bottle 19,false,false,false,130,,,
V003746,C00267,2025-08-26,organic_search,P017,Daily Lamp 17,true,false,false,45,,,
V003747,C00981,2025-01-29,organic_search,P007,Calm Cream 07,true,false,false,268,,,
V003748,C00184,2025-10-08,referral,P019,Urban Bottle 19,true,false,false,139,,,
V003749,C00878,2025-04-17,paid_search,P016,Modern Serum 16,true,false,true,101,,T002059,
V003750,C00128,2025-07-29,organic_search,P021,Bright Organizer 21,true,true,false,54,,,
V003751,C00524,2025-12-28,email,P002,Pure Band 02,true,true,false,66,WEEKEND15,,
V003752,C00408,2025-07-19,direct,P025,Daily Lamp 25,true,false,false,89,,,
V003753,C00386,2025-03-31,paid_search,P027,Urban Bottle 27,true,false,false,144,WELCOME5,,
V003754,C00265,2025-10-23,organic_search,P023,Calm Cream 23,true,false,false,88,,,
V003755,C00392,2025-11-27,direct,P027,Urban Bottle 27,true,true,false,224,,,
V003756,C00096,2025-05-05,organic_search,P007,Calm Cream 07,true,true,false,130,WELCOME5,,
V003757,C00125,2025-07-02,paid_search,P008,Modern Serum 08,true,false,false,125,LOYALTY10,,
V003758,C00902,2025-03-18,email,P017,Daily Lamp 17,true,false,false,145,,,
V003759,C00563,2025-12-22,organic_search,P028,Essential Bag 28,true,true,false,67,,,
V003760,C00304,2025-02-28,direct,P005,Bright Organizer 05,true,false,false,30,WEEKEND15,,
V003761,C00703,2025-10-07,direct,P009,Daily Lamp 09,true,false,false,36,,,
V003762,C00245,2025-02-09,social,P013,Bright Organizer 13,true,true,false,24,LOYALTY10,,
V003763,C00876,2025-04-11,email,P025,Daily Lamp 25,true,true,true,408,,T001958,
V003764,C00410,2025-04-15,organic_search,P011,Urban Bottle 11,true,true,false,72,WEEKEND15,,
V003765,C00410,2025-02-20,social,P011,Urban Bottle 11,true,false,false,50,,,
V003766,C00257,2025-10-23,paid_search,P023,Calm Cream 23,true,false,false,82,,,
V003767,C00744,2025-06-06,paid_search,P019,Urban Bottle 19,true,false,false,39,LOYALTY10,,
V003768,C00216,2025-02-07,direct,P009,Daily Lamp 09,true,false,false,141,,,
V003769,C00577,2025-06-27,organic_search,P022,Active Mat 22,true,false,true,68,,T003395,
V003770,C00669,2025-01-13,email,P016,Modern Serum 16,true,true,false,60,WELCOME5,,
V003771,C00599,2025-02-11,organic_search,P005,Bright Organizer 05,true,false,false,25,,,
V003772,C00621,2025-07-13,paid_search,P017,Daily Lamp 17,true,false,false,28,,,
V003773,C00719,2025-12-05,paid_search,P028,Essential Bag 28,true,false,true,55,LOYALTY10,T006176,
V003774,C00069,2025-03-22,organic_search,P002,Pure Band 02,true,true,false,141,,,
V003775,C00953,2025-03-01,organic_search,P025,Daily Lamp 25,true,false,false,43,,,
V003776,C00438,2025-04-27,social,P007,Calm Cream 07,true,true,false,49,,,
V003777,C00034,2025-07-05,organic_search,P005,Bright Organizer 05,true,false,false,51,,,
V003778,C00788,2025-11-01,social,P025,Daily Lamp 25,true,false,false,25,,,
V003779,C00970,2025-04-04,paid_search,P018,Pure Band 18,true,false,false,118,,,
V003780,C00931,2025-06-10,email,P015,Calm Cream 15,true,true,true,288,WEEKEND15,T003068,
V003781,C00098,2025-09-01,organic_search,P011,Urban Bottle 11,true,false,false,47,,,
V003782,C00555,2025-12-10,organic_search,P021,Bright Organizer 21,true,false,false,28,,,
V003783,C00864,2025-08-22,direct,P025,Daily Lamp 25,true,false,true,183,,T004413,
V003784,C00395,2025-04-14,referral,P023,Calm Cream 23,true,true,false,753,,,
V003785,C00668,2025-08-17,referral,P023,Calm Cream 23,true,false,false,195,,,
V003786,C00682,2025-01-13,paid_search,P006,Active Mat 06,true,false,false,37,,,
V003787,C00863,2025-12-05,paid_search,P028,Essential Bag 28,true,false,false,51,,,
V003788,C00015,2025-01-07,organic_search,P028,Essential Bag 28,true,false,false,16,,,
V003789,C00858,2025-02-11,direct,P004,Essential Bag 04,true,false,false,417,WEEKEND15,,
V003790,C00714,2025-03-02,referral,P027,Urban Bottle 27,true,false,false,121,,,
V003791,C00404,2025-11-09,paid_search,P011,Urban Bottle 11,true,true,false,31,,,
V003792,C00006,2025-10-19,direct,P023,Calm Cream 23,true,true,false,50,WEEKEND15,,
V003793,C00955,2025-02-01,paid_search,P019,Urban Bottle 19,true,false,false,14,,,
V003794,C00041,2025-03-29,organic_search,P019,Urban Bottle 19,true,false,false,32,,,
V003795,C00191,2025-09-29,paid_search,P014,Active Mat 14,false,false,false,34,,,
V003796,C00308,2025-07-29,referral,P003,Urban Bottle 03,true,false,false,23,WEEKEND15,,
V003797,C00492,2025-11-05,organic_search,P027,Urban Bottle 27,true,false,false,80,WEEKEND15,,
V003798,C00491,2025-07-24,social,P004,Essential Bag 04,false,false,false,187,,,
V003799,C00960,2025-04-30,paid_search,P009,Daily Lamp 09,true,false,false,24,,,
V003800,C00231,2025-05-13,direct,P002,Pure Band 02,true,false,false,36,,,
V003801,C00834,2025-11-19,social,P011,Urban Bottle 11,true,false,false,89,WEEKEND15,,
V003802,C00612,2025-09-22,organic_search,P008,Modern Serum 08,true,false,false,11,,,
V003803,C00076,2025-03-15,paid_search,P023,Calm Cream 23,true,false,false,42,WEEKEND15,,
V003804,C00196,2025-07-25,social,P021,Bright Organizer 21,true,false,false,41,,,
V003805,C00363,2025-01-07,paid_search,P023,Calm Cream 23,true,true,false,109,,,
V003806,C00556,2025-10-06,paid_search,P004,Essential Bag 04,true,false,true,190,,T005166,
V003807,C00865,2025-04-19,paid_search,P006,Active Mat 06,false,false,false,75,WEEKEND15,,
V003808,C00484,2025-07-31,social,P009,Daily Lamp 09,true,false,false,31,,,
V003809,C00070,2025-11-10,email,P009,Daily Lamp 09,true,false,false,52,,,
V003810,C00563,2025-07-24,organic_search,P002,Pure Band 02,true,false,false,32,WEEKEND15,,
V003811,C00674,2025-09-09,organic_search,P027,Urban Bottle 27,true,false,false,18,LOYALTY10,,
V003812,C00588,2025-10-23,direct,P012,Essential Bag 12,false,false,false,71,,,
V003813,C00399,2025-12-26,organic_search,P008,Modern Serum 08,true,false,false,32,,,
V003814,C00921,2025-12-13,social,P016,Modern Serum 16,true,false,false,77,,,
V003815,C00977,2025-05-08,social,P004,Essential Bag 04,true,false,false,109,,,
V003816,C00695,2025-07-22,social,P024,Modern Serum 24,true,false,false,67,WELCOME5,,
V003817,C00759,2025-02-28,direct,P006,Active Mat 06,true,false,false,38,WELCOME5,,
V003818,C00749,2025-05-03,paid_search,P017,Daily Lamp 17,true,false,false,92,,,
V003819,C00439,2025-03-02,social,P010,Pure Band 10,true,false,false,52,,,
V003820,C00157,2025-08-04,paid_search,P025,Daily Lamp 25,true,true,false,29,,,
V003821,C00299,2025-11-20,social,P010,Pure Band 10,true,false,false,28,,,
V003822,C00885,2025-09-30,organic_search,P026,Pure Band 26,true,true,false,88,,,
V003823,C00451,2025-04-06,paid_search,P001,Daily Lamp 01,true,false,false,63,,,
V003824,C00445,2025-02-28,organic_search,P006,Active Mat 06,true,true,true,281,,T001099,
V003825,C00732,2025-12-31,organic_search,P004,Essential Bag 04,false,false,false,33,,,
V003826,C00525,2025-07-26,paid_search,P006,Active Mat 06,false,false,false,61,,,
V003827,C00907,2025-09-08,organic_search,P010,Pure Band 10,true,false,false,105,,,
V003828,C00194,2025-12-17,email,P019,Urban Bottle 19,false,false,false,105,WEEKEND15,,
V003829,C00096,2025-06-09,organic_search,P020,Essential Bag 20,true,false,false,21,,,
V003830,C00418,2025-05-26,direct,P006,Active Mat 06,false,false,false,40,LOYALTY10,,
V003831,C00362,2025-05-08,social,P015,Calm Cream 15,true,false,false,60,,,
V003832,C00007,2025-06-29,organic_search,P003,Urban Bottle 03,true,false,false,105,,,
V003833,C00824,2025-06-12,paid_search,P013,Bright Organizer 13,true,false,false,81,,,
V003834,C00598,2025-05-15,social,P001,Daily Lamp 01,true,false,false,82,,,
V003835,C00627,2025-01-19,organic_search,P022,Active Mat 22,true,false,false,22,,,
V003836,C00288,2025-11-17,paid_search,P006,Active Mat 06,false,false,false,81,,,
V003837,C00483,2025-10-20,organic_search,P004,Essential Bag 04,false,false,false,19,,,
V003838,C00617,2025-08-23,social,P028,Essential Bag 28,true,true,true,129,WEEKEND15,T004420,
V003839,C00366,2025-06-17,paid_search,P005,Bright Organizer 05,true,false,false,41,LOYALTY10,,
V003840,C00377,2025-05-25,paid_search,P012,Essential Bag 12,true,false,false,53,,,
V003841,C00468,2025-02-18,direct,P023,Calm Cream 23,true,false,false,59,,,
V003842,C00686,2025-11-13,direct,P017,Daily Lamp 17,true,true,false,181,,,
V003843,C00803,2025-02-04,organic_search,P026,Pure Band 26,true,false,false,9,,,
V003844,C00016,2025-06-22,direct,P026,Pure Band 26,true,false,false,14,,,
V003845,C00575,2025-04-01,organic_search,P005,Bright Organizer 05,true,true,false,23,,,
V003846,C00918,2025-06-15,social,P016,Modern Serum 16,true,true,false,957,,,
V003847,C00982,2025-12-24,direct,P024,Modern Serum 24,false,false,false,116,,,
V003848,C00824,2025-10-27,organic_search,P001,Daily Lamp 01,false,false,false,30,,,
V003849,C00081,2025-08-18,referral,P013,Bright Organizer 13,true,false,false,70,,,
V003850,C00323,2025-12-11,referral,P009,Daily Lamp 09,true,false,false,37,,,
V003851,C00640,2025-01-26,organic_search,P019,Urban Bottle 19,true,false,false,39,,,
V003852,C00368,2025-01-29,organic_search,P008,Modern Serum 08,true,false,false,23,WEEKEND15,,
V003853,C00233,2025-03-27,social,P027,Urban Bottle 27,true,false,false,23,,,
V003854,C00041,2025-05-23,paid_search,P002,Pure Band 02,true,false,false,137,,,
V003855,C00533,2025-07-21,paid_search,P004,Essential Bag 04,false,false,false,16,LOYALTY10,,
V003856,C00664,2025-05-16,organic_search,P026,Pure Band 26,true,false,false,35,LOYALTY10,,
V003857,C00696,2025-05-21,direct,P030,Active Mat 30,true,false,false,36,LOYALTY10,,
V003858,C00365,2025-05-16,paid_search,P008,Modern Serum 08,true,false,false,65,,,
V003859,C00552,2025-05-25,email,P029,Bright Organizer 29,true,true,true,443,,T002771,
V003860,C00030,2025-03-30,organic_search,P023,Calm Cream 23,true,false,false,128,,,
V003861,C00542,2025-03-22,email,P017,Daily Lamp 17,true,false,false,15,,,
V003862,C00116,2025-05-18,direct,P026,Pure Band 26,true,false,false,18,WEEKEND15,,
V003863,C00972,2025-06-25,organic_search,P016,Modern Serum 16,true,false,false,71,,,
V003864,C00733,2025-04-20,paid_search,P025,Daily Lamp 25,true,false,true,34,WELCOME5,T002102,
V003865,C00936,2025-03-21,organic_search,P005,Bright Organizer 05,true,false,false,65,,,
V003866,C00775,2025-03-10,paid_search,P030,Active Mat 30,true,false,false,13,,,
V003867,C00607,2025-11-23,direct,P008,Modern Serum 08,true,false,false,104,LOYALTY10,,
V003868,C00197,2025-07-23,social,P016,Modern Serum 16,false,false,false,51,,,
V003869,C00758,2025-07-13,organic_search,P009,Daily Lamp 09,true,false,false,373,LOYALTY10,,
V003870,C00645,2025-01-26,paid_search,P025,Daily Lamp 25,true,false,false,50,,,
V003871,C00698,2025-02-10,organic_search,P005,Bright Organizer 05,true,false,false,61,,,
V003872,C00184,2025-12-14,organic_search,P024,Modern Serum 24,false,false,false,61,,,
V003873,C00783,2025-10-05,paid_search,P013,Bright Organizer 13,true,false,false,20,WEEKEND15,,
V003874,C00442,2025-02-16,organic_search,P016,Modern Serum 16,true,true,true,199,,T000878,
V003875,C00444,2025-06-03,direct,P009,Daily Lamp 09,true,false,false,97,,,
V003876,C00535,2025-07-21,organic_search,P022,Active Mat 22,true,false,true,27,,T003835,
V003877,C00782,2025-05-14,email,P028,Essential Bag 28,true,false,false,27,LOYALTY10,,
V003878,C00331,2025-03-09,direct,P009,Daily Lamp 09,true,true,true,90,,T001279,
V003879,C00911,2025-04-12,organic_search,P001,Daily Lamp 01,true,false,false,115,WEEKEND15,,
V003880,C00769,2025-04-23,paid_search,P004,Essential Bag 04,true,true,false,134,,,
V003881,C00142,2025-05-01,social,P009,Daily Lamp 09,true,false,false,20,,,
V003882,C00583,2025-12-18,direct,P004,Essential Bag 04,true,false,false,23,LOYALTY10,,
V003883,C00351,2025-06-09,organic_search,P029,Bright Organizer 29,true,true,true,340,,T003055,
V003884,C00796,2025-09-02,paid_search,P009,Daily Lamp 09,true,false,false,46,,,
V003885,C00779,2025-05-16,social,P002,Pure Band 02,true,false,false,232,,,
V003886,C00024,2025-06-20,paid_search,P005,Bright Organizer 05,true,false,false,111,,,
V003887,C00520,2025-10-19,direct,P004,Essential Bag 04,true,false,false,95,,,
V003888,C00305,2025-09-28,direct,P014,Active Mat 14,false,false,false,340,,,
V003889,C00683,2025-12-20,referral,P020,Essential Bag 20,true,true,true,214,LOYALTY10,T006425,
V003890,C00523,2025-08-16,social,P019,Urban Bottle 19,true,false,false,76,,,
V003891,C00769,2025-04-14,social,P001,Daily Lamp 01,true,false,false,77,,,
V003892,C00179,2025-07-12,email,P029,Bright Organizer 29,true,true,false,68,,,
V003893,C00096,2025-09-13,direct,P007,Calm Cream 07,true,false,false,28,LOYALTY10,,
V003894,C00733,2025-01-23,email,P013,Bright Organizer 13,true,false,false,19,,,
V003895,C00012,2025-08-12,paid_search,P030,Active Mat 30,true,false,false,28,,,
V003896,C00224,2025-07-04,paid_search,P028,Essential Bag 28,true,false,true,31,WEEKEND15,T003526,
V003897,C00918,2025-05-20,organic_search,P025,Daily Lamp 25,true,false,false,60,,,
V003898,C00239,2025-09-16,organic_search,P002,Pure Band 02,true,false,false,87,LOYALTY10,,
V003899,C00654,2025-03-14,paid_search,P023,Calm Cream 23,true,false,false,54,,,
V003900,C00482,2025-08-13,paid_search,P006,Active Mat 06,true,false,false,77,,,
V003901,C00513,2025-07-18,organic_search,P007,Calm Cream 07,true,false,false,37,,,
V003902,C00995,2025-12-16,email,P003,Urban Bottle 03,true,false,false,25,,,
V003903,C00789,2025-02-03,referral,P001,Daily Lamp 01,true,true,false,99,,,
V003904,C00536,2025-12-17,email,P024,Modern Serum 24,false,false,false,63,,,
V003905,C00535,2025-03-02,organic_search,P012,Essential Bag 12,true,true,true,238,WEEKEND15,T001134,
V003906,C00132,2025-08-13,organic_search,P013,Bright Organizer 13,true,false,false,53,,,
V003907,C00815,2025-10-30,organic_search,P007,Calm Cream 07,true,false,false,36,,,
V003908,C00574,2025-02-05,organic_search,P004,Essential Bag 04,true,false,false,59,,,
V003909,C00964,2025-05-18,organic_search,P022,Active Mat 22,true,false,false,102,LOYALTY10,,
V003910,C00294,2025-04-27,email,P026,Pure Band 26,true,false,false,181,,,
V003911,C00233,2025-10-10,referral,P030,Active Mat 30,true,true,true,128,,T005254,
V003912,C00444,2025-01-07,organic_search,P029,Bright Organizer 29,true,false,false,232,,,
V003913,C00255,2025-06-20,organic_search,P029,Bright Organizer 29,true,false,false,23,WEEKEND15,,
V003914,C00715,2025-12-23,social,P025,Daily Lamp 25,true,false,false,18,WEEKEND15,,
V003915,C00620,2025-03-22,social,P021,Bright Organizer 21,true,false,false,15,,,
V003916,C00745,2025-07-26,direct,P026,Pure Band 26,true,false,false,56,,,
V003917,C00911,2025-04-02,direct,P001,Daily Lamp 01,true,true,false,160,WEEKEND15,,
V003918,C00517,2025-12-01,paid_search,P013,Bright Organizer 13,true,false,false,44,,,
V003919,C00860,2025-09-23,organic_search,P026,Pure Band 26,true,false,false,18,,,
V003920,C00762,2025-04-01,direct,P022,Active Mat 22,true,false,false,16,,,
V003921,C00350,2025-04-24,direct,P025,Daily Lamp 25,true,false,false,139,,,
V003922,C00027,2025-11-23,paid_search,P010,Pure Band 10,true,false,false,48,,,
V003923,C00600,2025-06-19,email,P013,Bright Organizer 13,true,false,false,74,,,
V003924,C00456,2025-02-03,organic_search,P005,Bright Organizer 05,true,false,false,100,,,
V003925,C00624,2025-12-31,email,P019,Urban Bottle 19,false,false,false,62,,,
V003926,C00539,2025-09-21,organic_search,P009,Daily Lamp 09,true,false,false,21,,,
V003927,C00718,2025-03-27,paid_search,P028,Essential Bag 28,true,false,false,16,,,
V003928,C00202,2025-06-09,email,P023,Calm Cream 23,true,false,false,38,,,
V003929,C00590,2025-01-09,organic_search,P025,Daily Lamp 25,true,false,false,30,,,
V003930,C00510,2025-10-12,direct,P013,Bright Organizer 13,true,false,false,11,LOYALTY10,,
V003931,C00078,2025-09-09,organic_search,P001,Daily Lamp 01,true,false,false,48,,,
V003932,C00550,2025-11-08,social,P006,Active Mat 06,true,true,false,30,,,
V003933,C00119,2025-06-06,organic_search,P014,Active Mat 14,true,false,false,22,,,
V003934,C00945,2025-11-07,social,P008,Modern Serum 08,true,true,false,25,,,
V003935,C00253,2025-10-30,organic_search,P011,Urban Bottle 11,false,false,false,25,,,
V003936,C00558,2025-08-18,referral,P004,Essential Bag 04,true,false,true,54,,T004353,
V003937,C00410,2025-11-24,direct,P004,Essential Bag 04,false,false,false,66,,,
V003938,C00372,2025-07-26,email,P024,Modern Serum 24,true,true,false,212,WEEKEND15,,
V003939,C00911,2025-09-21,paid_search,P028,Essential Bag 28,true,false,false,21,,,
V003940,C00194,2025-03-07,referral,P026,Pure Band 26,true,true,false,265,,,
V003941,C00724,2025-10-28,paid_search,P021,Bright Organizer 21,true,false,false,86,WELCOME5,,
V003942,C00511,2025-01-01,direct,P001,Daily Lamp 01,true,true,false,177,,,
V003943,C00655,2025-11-24,organic_search,P003,Urban Bottle 03,true,false,false,179,,,
V003944,C00576,2025-02-14,paid_search,P013,Bright Organizer 13,true,false,false,60,,,
V003945,C00413,2025-12-21,email,P025,Daily Lamp 25,true,false,false,12,,,
V003946,C00465,2025-09-04,email,P017,Daily Lamp 17,true,true,false,8,,,
V003947,C00413,2025-01-20,paid_search,P025,Daily Lamp 25,true,true,false,47,,,
V003948,C00212,2025-05-13,referral,P021,Bright Organizer 21,true,false,false,47,,,
V003949,C00043,2025-02-11,email,P021,Bright Organizer 21,true,false,false,29,,,
V003950,C00476,2025-10-22,referral,P023,Calm Cream 23,true,false,false,17,,,
V003951,C00137,2025-08-12,direct,P008,Modern Serum 08,true,false,false,57,,,
V003952,C00567,2025-01-09,direct,P026,Pure Band 26,true,false,false,23,,,
V003953,C00918,2025-10-15,organic_search,P006,Active Mat 06,true,false,false,44,,,
V003954,C00460,2025-01-16,organic_search,P021,Bright Organizer 21,true,false,false,42,,,
V003955,C00559,2025-06-12,organic_search,P023,Calm Cream 23,true,false,false,80,,,
V003956,C00087,2025-08-17,social,P029,Bright Organizer 29,true,false,false,175,,,
V003957,C00785,2025-05-01,direct,P021,Bright Organizer 21,true,false,false,48,,,
V003958,C00692,2025-03-27,direct,P007,Calm Cream 07,true,false,false,11,,,
V003959,C00745,2025-12-16,organic_search,P023,Calm Cream 23,true,false,false,65,,,
V003960,C00865,2025-07-13,organic_search,P009,Daily Lamp 09,true,false,false,28,,,
V003961,C00550,2025-02-13,social,P030,Active Mat 30,true,false,false,30,WEEKEND15,,
V003962,C00767,2025-11-19,social,P026,Pure Band 26,true,true,false,29,,,
V003963,C00487,2025-12-01,organic_search,P030,Active Mat 30,true,false,false,34,,,
V003964,C00950,2025-11-27,social,P021,Bright Organizer 21,true,true,true,166,,T006055,
V003965,C00522,2025-04-09,paid_search,P030,Active Mat 30,true,false,false,181,,,
V003966,C00936,2025-12-13,organic_search,P003,Urban Bottle 03,true,false,false,32,,,
V003967,C00206,2025-05-16,organic_search,P002,Pure Band 02,true,false,false,24,WEEKEND15,,
V003968,C00889,2025-03-13,paid_search,P027,Urban Bottle 27,true,false,false,89,,,
V003969,C00675,2025-03-29,social,P029,Bright Organizer 29,true,true,false,69,LOYALTY10,,
V003970,C00922,2025-09-24,social,P008,Modern Serum 08,true,true,false,101,LOYALTY10,,
V003971,C00316,2025-01-18,email,P028,Essential Bag 28,true,false,false,49,,,
V003972,C00651,2025-08-15,direct,P023,Calm Cream 23,true,false,false,18,,,
V003973,C00355,2025-03-03,organic_search,P027,Urban Bottle 27,true,true,false,285,,,
V003974,C00443,2025-11-14,organic_search,P026,Pure Band 26,true,false,false,106,,,
V003975,C00181,2025-03-02,organic_search,P003,Urban Bottle 03,true,true,false,89,LOYALTY10,,
V003976,C00832,2025-09-07,social,P018,Pure Band 18,true,false,false,106,,,
V003977,C00571,2025-12-22,organic_search,P014,Active Mat 14,true,true,true,52,,T006462,
V003978,C00245,2025-12-01,organic_search,P015,Calm Cream 15,true,false,false,41,,,
V003979,C00053,2025-02-02,paid_search,P005,Bright Organizer 05,true,false,false,128,WELCOME5,,
V003980,C00293,2025-10-12,social,P026,Pure Band 26,true,false,false,67,LOYALTY10,,
V003981,C00441,2025-01-07,organic_search,P018,Pure Band 18,true,false,false,102,WELCOME5,,
V003982,C00003,2025-10-06,organic_search,P007,Calm Cream 07,true,false,false,51,,,
V003983,C00431,2025-07-22,organic_search,P013,Bright Organizer 13,true,true,false,49,,,
V003984,C00646,2025-02-13,direct,P012,Essential Bag 12,true,false,false,65,,,
V003985,C00526,2025-05-12,direct,P004,Essential Bag 04,true,false,false,28,,,
V003986,C00618,2025-08-29,email,P005,Bright Organizer 05,false,false,false,179,LOYALTY10,,
V003987,C00985,2025-09-17,paid_search,P007,Calm Cream 07,true,true,false,42,,,
V003988,C00419,2025-05-26,social,P009,Daily Lamp 09,true,false,false,158,,,
V003989,C00181,2025-03-10,organic_search,P004,Essential Bag 04,true,false,false,30,LOYALTY10,,
V003990,C00906,2025-08-16,organic_search,P021,Bright Organizer 21,true,false,false,72,,,
V003991,C00219,2025-09-14,organic_search,P019,Urban Bottle 19,true,false,false,120,,,
V003992,C00412,2025-02-19,social,P022,Active Mat 22,true,false,false,93,,,
V003993,C00531,2025-03-23,organic_search,P001,Daily Lamp 01,true,false,false,48,LOYALTY10,,
V003994,C00179,2025-02-09,direct,P012,Essential Bag 12,true,false,false,14,,,
V003995,C00494,2025-10-15,email,P001,Daily Lamp 01,true,false,false,48,,,
V003996,C00681,2025-04-15,paid_search,P009,Daily Lamp 09,true,true,false,26,,,
V003997,C00731,2025-10-08,organic_search,P008,Modern Serum 08,true,false,false,99,,,
V003998,C00717,2025-07-18,referral,P026,Pure Band 26,true,false,false,52,WEEKEND15,,
V003999,C00659,2025-10-17,paid_search,P019,Urban Bottle 19,true,false,false,31,WEEKEND15,,
V004000,C00078,2025-12-26,referral,P016,Modern Serum 16,false,false,false,60,,,
V004001,C00550,2025-03-30,direct,P025,Daily Lamp 25,true,true,true,264,,T001699,
V004002,C00753,2025-10-07,organic_search,P014,Active Mat 14,true,false,false,23,,,
V004003,C00677,2025-08-13,direct,P012,Essential Bag 12,true,false,false,139,,,
V004004,C00869,2025-07-29,direct,P004,Essential Bag 04,false,false,false,39,,,
V004005,C00326,2025-10-01,organic_search,P001,Daily Lamp 01,true,false,false,31,,,
V004006,C00816,2025-10-18,organic_search,P025,Daily Lamp 25,true,true,true,516,,T005401,
V004007,C00439,2025-08-05,referral,P005,Bright Organizer 05,true,false,false,50,,,
V004008,C00417,2025-09-20,email,P027,Urban Bottle 27,true,false,false,66,,,
V004009,C00919,2025-01-28,organic_search,P013,Bright Organizer 13,true,false,false,54,WEEKEND15,,
V004010,C00579,2025-03-27,social,P001,Daily Lamp 01,true,false,false,6,WELCOME5,,
V004011,C00675,2025-09-29,organic_search,P011,Urban Bottle 11,true,true,false,104,,,
V004012,C00066,2025-07-13,paid_search,P018,Pure Band 18,true,false,false,24,LOYALTY10,,
V004013,C00579,2025-09-12,organic_search,P017,Daily Lamp 17,true,false,false,19,,,
V004014,C00627,2025-10-20,organic_search,P030,Active Mat 30,true,false,false,16,LOYALTY10,,
V004015,C00333,2025-01-27,organic_search,P014,Active Mat 14,true,false,false,38,,,
V004016,C00857,2025-06-11,social,P021,Bright Organizer 21,true,false,false,41,,,
V004017,C00322,2025-07-14,direct,P005,Bright Organizer 05,true,false,false,38,,,
V004018,C00761,2025-01-19,organic_search,P012,Essential Bag 12,true,false,false,342,,,
V004019,C00552,2025-03-27,organic_search,P006,Active Mat 06,false,false,false,139,LOYALTY10,,
V004020,C00520,2025-01-27,social,P026,Pure Band 26,true,false,false,40,,,
V004021,C00519,2025-04-02,paid_search,P024,Modern Serum 24,true,false,false,70,,,
V004022,C00573,2025-05-24,referral,P028,Essential Bag 28,true,false,false,9,WEEKEND15,,
V004023,C00015,2025-12-03,email,P025,Daily Lamp 25,true,true,false,84,WEEKEND15,,
V004024,C00069,2025-01-06,organic_search,P007,Calm Cream 07,true,false,true,161,WEEKEND15,T000097,
V004025,C00150,2025-06-18,email,P012,Essential Bag 12,true,false,false,30,,,
V004026,C00299,2025-06-05,social,P029,Bright Organizer 29,true,false,false,63,WELCOME5,,
V004027,C00063,2025-12-24,organic_search,P014,Active Mat 14,false,false,false,42,,,
V004028,C00717,2025-02-14,email,P010,Pure Band 10,true,false,false,102,,,
V004029,C00398,2025-06-13,social,P026,Pure Band 26,true,false,false,39,,,
V004030,C00518,2025-01-27,paid_search,P014,Active Mat 14,true,false,false,48,,,
V004031,C00416,2025-07-07,paid_search,P005,Bright Organizer 05,true,false,false,28,,,
V004032,C00742,2025-08-02,paid_search,P008,Modern Serum 08,true,false,false,24,,,
V004033,C00512,2025-12-22,direct,P008,Modern Serum 08,true,false,false,170,WEEKEND15,,
V004034,C00589,2025-11-04,paid_search,P026,Pure Band 26,true,false,false,31,LOYALTY10,,
V004035,C00920,2025-11-29,paid_search,P010,Pure Band 10,true,true,false,59,,,
V004036,C00134,2025-05-07,social,P023,Calm Cream 23,true,true,false,43,,,
V004037,C00503,2025-01-23,organic_search,P005,Bright Organizer 05,true,false,false,28,,,
V004038,C00408,2025-02-21,email,P019,Urban Bottle 19,true,false,false,60,,,
V004039,C00967,2025-10-01,email,P004,Essential Bag 04,true,false,true,101,,T005056,
V004040,C00641,2025-10-21,paid_search,P023,Calm Cream 23,true,false,false,28,,,
V004041,C00047,2025-03-08,organic_search,P028,Essential Bag 28,true,false,false,33,,,
V004042,C00355,2025-12-22,social,P021,Bright Organizer 21,true,false,false,126,LOYALTY10,,
V004043,C00745,2025-05-30,organic_search,P017,Daily Lamp 17,true,false,false,25,WEEKEND15,,
V004044,C00984,2025-05-23,email,P012,Essential Bag 12,true,false,false,36,WELCOME5,,
V004045,C00870,2025-10-27,organic_search,P010,Pure Band 10,true,true,true,249,,T005550,
V004046,C00935,2025-06-23,direct,P016,Modern Serum 16,true,false,false,67,,,
V004047,C00973,2025-12-21,direct,P024,Modern Serum 24,false,false,false,56,WEEKEND15,,
V004048,C00890,2025-02-16,social,P026,Pure Band 26,true,false,false,39,,,
V004049,C00256,2025-11-20,referral,P018,Pure Band 18,false,false,false,47,,,
V004050,C00202,2025-09-30,organic_search,P005,Bright Organizer 05,false,false,false,40,,,
V004051,C00794,2025-05-02,paid_search,P028,Essential Bag 28,true,false,false,265,,,
V004052,C00766,2025-03-11,referral,P005,Bright Organizer 05,true,false,false,301,,,
V004053,C00075,2025-06-24,social,P015,Calm Cream 15,true,false,false,65,,,
V004054,C00841,2025-01-03,direct,P006,Active Mat 06,true,false,true,73,,T000045,
V004055,C00125,2025-04-19,direct,P006,Active Mat 06,false,false,false,207,,,
V004056,C00491,2025-03-02,organic_search,P015,Calm Cream 15,true,false,false,71,,,
V004057,C00408,2025-07-30,direct,P007,Calm Cream 07,true,false,false,83,,,
V004058,C00980,2025-06-15,direct,P009,Daily Lamp 09,true,false,false,58,,,
V004059,C00572,2025-01-19,social,P018,Pure Band 18,true,false,false,71,,,
V004060,C00912,2025-02-04,paid_search,P025,Daily Lamp 25,true,false,false,35,,,
V004061,C00381,2025-06-24,direct,P027,Urban Bottle 27,true,false,false,82,,,
V004062,C00436,2025-03-24,social,P027,Urban Bottle 27,true,false,false,95,,,
V004063,C00856,2025-05-29,organic_search,P015,Calm Cream 15,true,true,false,78,,,
V004064,C00798,2025-03-30,organic_search,P021,Bright Organizer 21,true,false,false,38,WEEKEND15,,
V004065,C00310,2025-11-01,paid_search,P004,Essential Bag 04,true,false,true,247,WEEKEND15,T005605,
V004066,C00902,2025-05-18,email,P029,Bright Organizer 29,true,false,false,302,,,
V004067,C00253,2025-12-03,email,P015,Calm Cream 15,true,false,false,57,,,
V004068,C00073,2025-06-12,social,P019,Urban Bottle 19,true,true,false,124,,,
V004069,C00916,2025-09-16,referral,P019,Urban Bottle 19,true,false,false,86,,,
V004070,C00035,2025-06-22,paid_search,P003,Urban Bottle 03,true,false,false,58,WEEKEND15,,
V004071,C00585,2025-05-10,organic_search,P024,Modern Serum 24,true,false,false,57,,,
V004072,C00653,2025-11-10,referral,P010,Pure Band 10,true,true,false,47,,,
V004073,C00666,2025-09-12,email,P009,Daily Lamp 09,true,true,false,49,WEEKEND15,,
V004074,C00577,2025-07-13,direct,P006,Active Mat 06,true,false,false,85,WELCOME5,,
V004075,C00420,2025-02-25,direct,P020,Essential Bag 20,true,false,false,51,,,
V004076,C00660,2025-12-09,organic_search,P015,Calm Cream 15,true,false,false,98,,,
V004077,C00288,2025-08-08,organic_search,P020,Essential Bag 20,true,true,false,44,,,
V004078,C00989,2025-03-17,organic_search,P025,Daily Lamp 25,true,true,false,29,,,
V004079,C00786,2025-03-06,email,P014,Active Mat 14,true,false,false,69,,,
V004080,C00714,2025-04-21,organic_search,P006,Active Mat 06,false,false,false,13,,,
V004081,C00594,2025-11-19,direct,P028,Essential Bag 28,true,false,true,90,,T005945,
V004082,C00117,2025-01-09,paid_search,P007,Calm Cream 07,true,false,true,212,WELCOME5,T000161,
V004083,C00384,2025-02-25,paid_search,P006,Active Mat 06,true,false,false,32,,,
V004084,C00525,2025-07-12,paid_search,P030,Active Mat 30,true,true,false,89,,,
V004085,C00855,2025-11-17,social,P012,Essential Bag 12,false,false,false,9,WELCOME5,,
V004086,C00313,2025-01-18,organic_search,P028,Essential Bag 28,true,true,true,204,,T000331,
V004087,C00420,2025-02-04,organic_search,P007,Calm Cream 07,true,false,false,38,,,
V004088,C00381,2025-01-03,organic_search,P016,Modern Serum 16,true,false,false,98,WELCOME5,,
V004089,C00380,2025-04-20,direct,P023,Calm Cream 23,true,true,false,130,,,
V004090,C00538,2025-08-27,direct,P021,Bright Organizer 21,true,false,false,390,WELCOME5,,
V004091,C00521,2025-05-26,organic_search,P002,Pure Band 02,true,false,false,52,,,
V004092,C00107,2025-05-10,email,P007,Calm Cream 07,true,false,false,56,,,
V004093,C00839,2025-08-12,paid_search,P028,Essential Bag 28,true,false,false,67,,,
V004094,C00185,2025-05-16,email,P008,Modern Serum 08,true,false,false,33,,,
V004095,C00184,2025-03-22,organic_search,P015,Calm Cream 15,true,false,false,77,,,
V004096,C00845,2025-11-03,referral,P009,Daily Lamp 09,true,true,false,116,LOYALTY10,,
V004097,C00334,2025-04-05,paid_search,P003,Urban Bottle 03,true,false,false,50,,,
V004098,C00403,2025-12-31,organic_search,P012,Essential Bag 12,false,false,false,48,WEEKEND15,,
V004099,C00062,2025-06-03,social,P027,Urban Bottle 27,true,false,false,103,,,
V004100,C00239,2025-05-08,paid_search,P029,Bright Organizer 29,true,false,false,26,WELCOME5,,
V004101,C00017,2025-07-12,organic_search,P019,Urban Bottle 19,true,true,false,128,LOYALTY10,,
V004102,C00938,2025-08-26,direct,P021,Bright Organizer 21,true,true,false,54,,,
V004103,C01000,2025-06-21,paid_search,P010,Pure Band 10,true,false,false,74,,,
V004104,C00832,2025-05-28,social,P028,Essential Bag 28,true,true,true,113,,T002809,
V004105,C00829,2025-04-03,email,P004,Essential Bag 04,true,false,false,56,,,
V004106,C00420,2025-06-26,organic_search,P008,Modern Serum 08,true,false,false,54,,,
V004107,C00700,2025-12-16,social,P023,Calm Cream 23,true,true,false,42,,,
V004108,C00053,2025-09-12,referral,P014,Active Mat 14,true,true,false,43,,,
V004109,C00641,2025-04-24,email,P013,Bright Organizer 13,true,true,false,280,,,
V004110,C00349,2025-08-05,social,P011,Urban Bottle 11,true,false,false,31,LOYALTY10,,
V004111,C00924,2025-12-15,social,P028,Essential Bag 28,true,false,false,21,,,
V004112,C00910,2025-07-14,organic_search,P028,Essential Bag 28,true,true,true,49,WEEKEND15,T003710,
V004113,C00341,2025-08-23,organic_search,P013,Bright Organizer 13,true,false,false,25,,,
V004114,C00563,2025-06-05,social,P016,Modern Serum 16,true,false,false,65,,,
V004115,C00375,2025-06-10,social,P010,Pure Band 10,true,false,false,85,,,
V004116,C00512,2025-02-12,direct,P015,Calm Cream 15,true,false,false,70,,,
V004117,C00094,2025-08-26,email,P026,Pure Band 26,true,false,false,10,,,
V004118,C00285,2025-07-15,organic_search,P013,Bright Organizer 13,true,false,false,77,,,
V004119,C00497,2025-06-13,social,P014,Active Mat 14,true,false,false,43,,,
V004120,C00827,2025-09-10,paid_search,P019,Urban Bottle 19,true,false,false,37,,,
V004121,C00689,2025-07-08,social,P013,Bright Organizer 13,true,false,false,37,,,
V004122,C00091,2025-05-13,paid_search,P016,Modern Serum 16,true,false,false,33,,,
V004123,C00987,2025-06-23,social,P002,Pure Band 02,true,true,true,240,,T003311,
V004124,C00767,2025-05-05,email,P022,Active Mat 22,true,false,false,36,,,
V004125,C00714,2025-05-08,direct,P006,Active Mat 06,true,false,false,119,,,
V004126,C00644,2025-05-30,direct,P004,Essential Bag 04,false,false,false,69,,,
V004127,C00785,2025-04-08,direct,P018,Pure Band 18,true,false,true,58,,T001886,
V004128,C00778,2025-04-01,direct,P004,Essential Bag 04,true,true,false,136,,,
V004129,C00913,2025-10-14,paid_search,P011,Urban Bottle 11,true,false,false,178,LOYALTY10,,
V004130,C00105,2025-05-23,social,P005,Bright Organizer 05,true,false,false,75,WELCOME5,,
V004131,C00956,2025-08-02,email,P011,Urban Bottle 11,true,true,false,321,,,
V004132,C00319,2025-01-25,email,P005,Bright Organizer 05,true,false,false,30,,,
V004133,C00349,2025-02-22,referral,P020,Essential Bag 20,true,true,true,123,,T000984,
V004134,C00763,2025-11-29,paid_search,P014,Active Mat 14,false,false,false,110,,,
V004135,C00658,2025-11-05,paid_search,P030,Active Mat 30,true,false,false,27,WELCOME5,,
V004136,C00601,2025-02-28,organic_search,P003,Urban Bottle 03,true,false,false,38,,,
V004137,C00943,2025-03-13,paid_search,P006,Active Mat 06,true,false,true,379,,T001350,
V004138,C00845,2025-03-29,social,P012,Essential Bag 12,true,false,false,210,,,
V004139,C00647,2025-02-08,direct,P009,Daily Lamp 09,true,false,false,112,,,
V004140,C00062,2025-11-17,paid_search,P029,Bright Organizer 29,true,true,false,38,WELCOME5,,
V004141,C00052,2025-10-28,paid_search,P027,Urban Bottle 27,true,true,true,61,,T005568,
V004142,C00673,2025-07-28,direct,P011,Urban Bottle 11,true,false,false,119,,,
V004143,C00323,2025-10-02,organic_search,P012,Essential Bag 12,true,false,false,50,,,
V004144,C00037,2025-11-18,referral,P017,Daily Lamp 17,true,false,false,17,,,
V004145,C00262,2025-12-26,email,P004,Essential Bag 04,false,false,false,448,,,
V004146,C00559,2025-04-27,paid_search,P028,Essential Bag 28,true,true,true,68,,T002225,
V004147,C00432,2025-05-17,referral,P029,Bright Organizer 29,true,false,false,32,LOYALTY10,,
V004148,C00582,2025-06-17,paid_search,P015,Calm Cream 15,true,false,false,120,,,
V004149,C00072,2025-04-26,social,P004,Essential Bag 04,false,false,false,9,WEEKEND15,,
V004150,C00330,2025-01-16,referral,P019,Urban Bottle 19,true,false,false,37,,,
V004151,C00303,2025-09-25,organic_search,P030,Active Mat 30,true,false,false,39,,,
V004152,C00393,2025-04-25,referral,P015,Calm Cream 15,true,false,false,24,,,
V004153,C00105,2025-01-18,paid_search,P014,Active Mat 14,true,false,false,78,LOYALTY10,,
V004154,C00898,2025-02-19,organic_search,P014,Active Mat 14,true,false,false,25,,,
V004155,C00285,2025-05-08,organic_search,P024,Modern Serum 24,true,true,false,92,,,
V004156,C00357,2025-11-15,paid_search,P016,Modern Serum 16,true,false,false,153,,,
V004157,C00355,2025-10-22,referral,P001,Daily Lamp 01,true,false,false,19,WEEKEND15,,
V004158,C00539,2025-04-08,organic_search,P004,Essential Bag 04,true,false,false,59,WEEKEND15,,
V004159,C00544,2025-06-11,email,P024,Modern Serum 24,true,false,false,42,,,
V004160,C00142,2025-09-10,direct,P027,Urban Bottle 27,true,true,false,75,,,
V004161,C00417,2025-09-25,paid_search,P009,Daily Lamp 09,true,false,false,32,,,
V004162,C00406,2025-01-03,organic_search,P005,Bright Organizer 05,true,false,false,11,,,
V004163,C00580,2025-01-04,email,P005,Bright Organizer 05,true,false,false,11,,,
V004164,C00133,2025-09-14,email,P009,Daily Lamp 09,true,false,false,63,,,
V004165,C00999,2025-03-11,social,P012,Essential Bag 12,true,false,false,9,,,
V004166,C00347,2025-01-28,organic_search,P024,Modern Serum 24,true,false,false,9,WEEKEND15,,
V004167,C00591,2025-12-18,paid_search,P006,Active Mat 06,false,false,false,83,,,
V004168,C00343,2025-01-11,social,P011,Urban Bottle 11,true,false,false,23,,,
V004169,C00516,2025-11-07,direct,P001,Daily Lamp 01,true,false,false,38,,,
V004170,C00662,2025-07-07,social,P001,Daily Lamp 01,true,false,false,14,,,
V004171,C00767,2025-05-08,paid_search,P020,Essential Bag 20,true,false,false,93,,,
V004172,C00500,2025-07-04,organic_search,P025,Daily Lamp 25,true,false,false,98,WEEKEND15,,
V004173,C00007,2025-11-26,organic_search,P016,Modern Serum 16,false,false,false,96,,,
V004174,C00489,2025-07-31,organic_search,P011,Urban Bottle 11,true,false,false,29,,,
V004175,C00727,2025-09-06,social,P002,Pure Band 02,true,true,false,136,,,
V004176,C00857,2025-04-03,referral,P014,Active Mat 14,true,false,false,21,,,
V004177,C00040,2025-09-26,paid_search,P010,Pure Band 10,true,false,false,41,,,
V004178,C00938,2025-08-12,referral,P017,Daily Lamp 17,true,true,false,52,,,
V004179,C00812,2025-05-20,email,P001,Daily Lamp 01,true,false,false,107,WEEKEND15,,
V004180,C00916,2025-04-15,social,P006,Active Mat 06,false,false,false,124,,,
V004181,C00915,2025-02-18,organic_search,P019,Urban Bottle 19,true,false,false,62,,,
V004182,C00301,2025-07-10,email,P025,Daily Lamp 25,true,false,false,20,,,
V004183,C00866,2025-01-08,social,P019,Urban Bottle 19,true,false,false,184,,,
V004184,C00165,2025-04-02,email,P021,Bright Organizer 21,true,false,false,34,WEEKEND15,,
V004185,C00042,2025-11-21,email,P027,Urban Bottle 27,true,true,false,14,,,
V004186,C00295,2025-07-29,paid_search,P022,Active Mat 22,true,false,false,84,,,
V004187,C00869,2025-09-17,social,P009,Daily Lamp 09,true,false,false,78,,,
V004188,C00834,2025-02-22,paid_search,P004,Essential Bag 04,true,false,false,55,,,
V004189,C00267,2025-10-30,social,P004,Essential Bag 04,false,false,false,24,,,
V004190,C00383,2025-12-11,organic_search,P009,Daily Lamp 09,true,false,false,72,WEEKEND15,,
V004191,C00673,2025-09-10,direct,P013,Bright Organizer 13,true,false,false,27,,,
V004192,C00268,2025-05-20,direct,P028,Essential Bag 28,true,false,false,14,,,
V004193,C00693,2025-04-01,paid_search,P007,Calm Cream 07,true,false,false,101,,,
V004194,C00148,2025-09-17,social,P025,Daily Lamp 25,true,true,false,293,,,
V004195,C00394,2025-03-05,direct,P002,Pure Band 02,true,false,false,49,WEEKEND15,,
V004196,C00785,2025-05-01,social,P011,Urban Bottle 11,true,true,false,98,,,
V004197,C00258,2025-07-17,organic_search,P006,Active Mat 06,false,false,false,31,,,
V004198,C00945,2025-10-25,referral,P020,Essential Bag 20,true,false,false,11,,,
V004199,C00753,2025-02-16,paid_search,P025,Daily Lamp 25,true,true,false,75,WELCOME5,,
V004200,C00390,2025-12-13,organic_search,P011,Urban Bottle 11,true,true,false,109,,,
V004201,C00981,2025-05-21,paid_search,P001,Daily Lamp 01,true,false,false,36,,,
V004202,C00832,2025-01-31,organic_search,P005,Bright Organizer 05,true,false,false,165,,,
V004203,C00777,2025-03-26,email,P010,Pure Band 10,true,true,false,21,,,
V004204,C00527,2025-10-09,organic_search,P026,Pure Band 26,true,true,true,73,,T005237,
V004205,C00870,2025-10-19,social,P023,Calm Cream 23,true,true,false,61,WELCOME5,,
V004206,C00493,2025-08-27,social,P006,Active Mat 06,false,false,false,58,,,
V004207,C00970,2025-05-05,organic_search,P012,Essential Bag 12,true,false,false,88,,,
V004208,C00458,2025-06-22,referral,P012,Essential Bag 12,true,false,false,25,,,
V004209,C00671,2025-09-13,organic_search,P014,Active Mat 14,true,false,false,110,,,
V004210,C00557,2025-10-12,organic_search,P012,Essential Bag 12,true,false,false,13,,,
V004211,C00442,2025-10-17,referral,P029,Bright Organizer 29,true,false,true,59,WELCOME5,T005382,
V004212,C00324,2025-07-03,email,P009,Daily Lamp 09,true,false,false,120,,,
V004213,C00230,2025-05-13,organic_search,P029,Bright Organizer 29,true,false,true,69,,T002520,
V004214,C00528,2025-02-12,direct,P021,Bright Organizer 21,true,false,false,70,,,
V004215,C00612,2025-04-04,social,P024,Modern Serum 24,true,false,false,45,,,
V004216,C00180,2025-08-16,direct,P003,Urban Bottle 03,true,false,false,90,,,
V004217,C00649,2025-04-01,referral,P024,Modern Serum 24,true,false,false,73,,,
V004218,C00894,2025-04-25,social,P005,Bright Organizer 05,true,false,false,184,,,
V004219,C00773,2025-12-11,organic_search,P002,Pure Band 02,true,false,false,34,,,
V004220,C00423,2025-01-20,organic_search,P020,Essential Bag 20,true,true,false,72,,,
V004221,C00792,2025-05-04,organic_search,P024,Modern Serum 24,true,false,false,17,,,
V004222,C00558,2025-05-14,paid_search,P016,Modern Serum 16,true,false,false,194,,,
V004223,C00247,2025-03-22,organic_search,P022,Active Mat 22,true,false,false,21,WELCOME5,,
V004224,C00636,2025-11-10,direct,P013,Bright Organizer 13,true,false,false,45,,,
V004225,C00871,2025-03-10,direct,P029,Bright Organizer 29,true,true,true,104,,T001303,
V004226,C00060,2025-11-14,organic_search,P019,Urban Bottle 19,false,false,false,16,,,
V004227,C00209,2025-10-01,direct,P005,Bright Organizer 05,true,false,false,380,,,
V004228,C00215,2025-03-29,referral,P020,Essential Bag 20,true,false,false,25,,,
V004229,C00555,2025-04-07,email,P007,Calm Cream 07,true,false,false,35,,,
V004230,C00189,2025-01-31,social,P002,Pure Band 02,true,false,false,84,,,
V004231,C00954,2025-09-09,email,P030,Active Mat 30,true,false,false,19,WELCOME5,,
V004232,C00084,2025-08-26,email,P014,Active Mat 14,false,false,false,170,,,
V004233,C00593,2025-04-08,organic_search,P004,Essential Bag 04,true,false,false,84,,,
V004234,C00890,2025-12-20,direct,P001,Daily Lamp 01,true,false,false,36,WELCOME5,,
V004235,C00083,2025-06-05,social,P010,Pure Band 10,true,false,false,22,,,
V004236,C00537,2025-02-15,organic_search,P004,Essential Bag 04,true,false,false,45,,,
V004237,C00105,2025-02-03,email,P011,Urban Bottle 11,true,false,false,75,WEEKEND15,,
V004238,C00427,2025-03-31,referral,P011,Urban Bottle 11,true,false,false,26,WEEKEND15,,
V004239,C00480,2025-10-15,organic_search,P005,Bright Organizer 05,true,false,false,79,,,
V004240,C00593,2025-12-22,paid_search,P028,Essential Bag 28,true,false,false,121,,,
V004241,C00739,2025-10-15,direct,P015,Calm Cream 15,true,false,false,47,,,
V004242,C00286,2025-02-15,social,P001,Daily Lamp 01,true,false,false,43,,,
V004243,C01000,2025-05-09,direct,P008,Modern Serum 08,true,false,false,18,,,
V004244,C00857,2025-10-24,direct,P004,Essential Bag 04,false,false,false,166,,,
V004245,C00474,2025-01-27,social,P007,Calm Cream 07,true,false,true,17,,T000505,
V004246,C00349,2025-04-05,direct,P002,Pure Band 02,true,false,false,63,,,
V004247,C00503,2025-11-01,paid_search,P022,Active Mat 22,true,true,false,39,WEEKEND15,,
V004248,C00448,2025-09-19,email,P015,Calm Cream 15,true,false,false,66,WELCOME5,,
V004249,C00623,2025-09-28,organic_search,P022,Active Mat 22,true,true,false,25,,,
V004250,C00277,2025-04-28,organic_search,P006,Active Mat 06,false,false,false,79,LOYALTY10,,
V004251,C00809,2025-05-06,email,P001,Daily Lamp 01,true,false,false,75,,,
V004252,C00100,2025-12-29,organic_search,P017,Daily Lamp 17,true,false,false,50,WELCOME5,,
V004253,C00516,2025-07-17,social,P007,Calm Cream 07,true,false,false,39,LOYALTY10,,
V004254,C00487,2025-10-07,email,P014,Active Mat 14,true,false,false,233,,,
V004255,C00388,2025-01-25,organic_search,P022,Active Mat 22,true,false,false,33,,,
V004256,C00229,2025-11-22,paid_search,P003,Urban Bottle 03,true,false,false,112,LOYALTY10,,
V004257,C00310,2025-01-21,organic_search,P011,Urban Bottle 11,true,false,false,41,,,
V004258,C00585,2025-06-24,email,P016,Modern Serum 16,true,false,false,140,,,
V004259,C00876,2025-02-01,social,P005,Bright Organizer 05,true,false,false,31,,,
V004260,C00761,2025-02-26,direct,P024,Modern Serum 24,true,false,true,71,,T001069,
V004261,C00712,2025-09-17,direct,P014,Active Mat 14,false,false,false,34,,,
V004262,C00921,2025-09-10,referral,P017,Daily Lamp 17,true,false,false,27,,,
V004263,C00127,2025-08-14,paid_search,P016,Modern Serum 16,true,false,true,55,,T004269,
V004264,C00503,2025-02-03,organic_search,P013,Bright Organizer 13,true,false,false,40,,,
V004265,C00009,2025-08-15,social,P010,Pure Band 10,true,false,false,85,,,
V004266,C00540,2025-08-22,social,P020,Essential Bag 20,true,false,false,138,,,
V004267,C00206,2025-09-22,organic_search,P004,Essential Bag 04,false,false,false,64,,,
V004268,C00399,2025-08-07,email,P026,Pure Band 26,true,false,false,112,,,
V004269,C00501,2025-12-01,direct,P013,Bright Organizer 13,true,true,false,140,,,
V004270,C00482,2025-03-04,paid_search,P026,Pure Band 26,true,false,false,39,,,
V004271,C00127,2025-08-14,referral,P003,Urban Bottle 03,true,false,false,27,,,
V004272,C00527,2025-11-13,direct,P017,Daily Lamp 17,true,false,false,194,,,
V004273,C00857,2025-12-23,social,P022,Active Mat 22,true,false,false,32,,,
V004274,C00576,2025-05-17,paid_search,P019,Urban Bottle 19,true,true,true,52,,T002621,
V004275,C00962,2025-04-29,email,P011,Urban Bottle 11,true,true,false,55,,,
V004276,C00039,2025-05-04,direct,P014,Active Mat 14,true,false,false,49,,,
V004277,C00619,2025-05-24,email,P019,Urban Bottle 19,true,true,false,36,,,
V004278,C00451,2025-12-18,email,P027,Urban Bottle 27,true,false,false,10,,,
V004279,C00420,2025-01-26,organic_search,P022,Active Mat 22,true,false,false,194,,,
V004280,C00970,2025-10-06,organic_search,P012,Essential Bag 12,true,false,false,39,,,
V004281,C00779,2025-08-17,organic_search,P022,Active Mat 22,true,false,false,21,,,
V004282,C00450,2025-03-02,paid_search,P001,Daily Lamp 01,true,false,false,79,,,
V004283,C00324,2025-08-13,direct,P006,Active Mat 06,true,false,false,12,,,
V004284,C00108,2025-08-17,organic_search,P018,Pure Band 18,true,false,false,19,WEEKEND15,,
V004285,C00943,2025-03-14,direct,P025,Daily Lamp 25,true,false,false,27,,,
V004286,C00651,2025-09-29,email,P005,Bright Organizer 05,false,false,false,14,WEEKEND15,,
V004287,C00555,2025-04-07,direct,P004,Essential Bag 04,true,false,false,33,,,
V004288,C00283,2025-08-30,paid_search,P022,Active Mat 22,true,false,false,112,,,
V004289,C00298,2025-12-26,referral,P024,Modern Serum 24,false,false,false,164,,,
V004290,C00028,2025-08-03,email,P005,Bright Organizer 05,true,true,false,64,WEEKEND15,,
V004291,C00330,2025-08-04,email,P005,Bright Organizer 05,true,false,false,88,,,
V004292,C00595,2025-09-20,email,P007,Calm Cream 07,true,false,false,27,,,
V004293,C00286,2025-07-29,social,P028,Essential Bag 28,true,false,false,69,,,
V004294,C00730,2025-02-24,paid_search,P018,Pure Band 18,true,false,false,122,,,
V004295,C00748,2025-01-24,direct,P022,Active Mat 22,true,false,false,48,,,
V004296,C00517,2025-03-05,paid_search,P022,Active Mat 22,true,true,false,34,,,
V004297,C00348,2025-01-28,direct,P011,Urban Bottle 11,true,false,false,78,WELCOME5,,
V004298,C00136,2025-07-26,referral,P021,Bright Organizer 21,true,false,false,45,,,
V004299,C00935,2025-05-06,direct,P024,Modern Serum 24,true,false,false,84,,,
V004300,C00867,2025-10-10,paid_search,P006,Active Mat 06,true,false,false,76,,,
V004301,C00638,2025-07-11,social,P008,Modern Serum 08,true,false,true,175,,T003661,
V004302,C00745,2025-09-05,email,P025,Daily Lamp 25,true,false,false,12,,,
V004303,C00224,2025-05-08,email,P015,Calm Cream 15,true,true,true,152,,T002415,
V004304,C00782,2025-02-10,direct,P009,Daily Lamp 09,true,false,false,43,,,
V004305,C00829,2025-05-11,social,P025,Daily Lamp 25,true,true,false,14,,,
V004306,C00481,2025-09-05,direct,P021,Bright Organizer 21,true,false,false,23,,,
V004307,C00913,2025-11-08,direct,P022,Active Mat 22,true,false,false,14,,,
V004308,C00863,2025-11-12,social,P028,Essential Bag 28,true,false,false,38,,,
V004309,C00013,2025-12-05,organic_search,P026,Pure Band 26,true,false,false,88,,,
V004310,C00973,2025-01-11,social,P019,Urban Bottle 19,true,true,false,48,WELCOME5,,
V004311,C00335,2025-09-20,organic_search,P015,Calm Cream 15,true,true,false,80,,,
V004312,C00115,2025-01-29,email,P025,Daily Lamp 25,true,false,false,51,,,
V004313,C00089,2025-04-06,direct,P012,Essential Bag 12,true,false,false,21,,,
V004314,C00225,2025-04-11,direct,P014,Active Mat 14,true,false,false,174,,,
V004315,C00290,2025-09-27,organic_search,P007,Calm Cream 07,true,false,false,14,,,
V004316,C00622,2025-04-07,email,P023,Calm Cream 23,true,false,false,58,WELCOME5,,
V004317,C00485,2025-11-16,paid_search,P001,Daily Lamp 01,true,false,false,35,WELCOME5,,
V004318,C00365,2025-08-14,paid_search,P026,Pure Band 26,true,true,false,39,,,
V004319,C00305,2025-12-18,referral,P022,Active Mat 22,true,false,false,88,,,
V004320,C00617,2025-12-25,paid_search,P006,Active Mat 06,false,false,false,107,,,
V004321,C00947,2025-06-03,social,P018,Pure Band 18,true,false,false,118,WEEKEND15,,
V004322,C00920,2025-07-03,referral,P007,Calm Cream 07,true,false,true,83,,T003496,
V004323,C00021,2025-09-01,social,P016,Modern Serum 16,true,true,false,51,,,
V004324,C00790,2025-07-31,paid_search,P011,Urban Bottle 11,true,true,false,67,WEEKEND15,,
V004325,C00269,2025-01-10,paid_search,P023,Calm Cream 23,true,false,false,20,,,
V004326,C00116,2025-10-12,organic_search,P015,Calm Cream 15,true,false,false,257,,,
V004327,C00594,2025-10-05,social,P028,Essential Bag 28,true,false,false,69,WELCOME5,,
V004328,C00185,2025-09-11,organic_search,P001,Daily Lamp 01,true,true,false,335,,,
V004329,C00411,2025-12-14,direct,P002,Pure Band 02,true,false,false,35,,,
V004330,C00021,2025-11-01,organic_search,P005,Bright Organizer 05,true,false,false,15,,,
V004331,C00160,2025-12-20,direct,P014,Active Mat 14,true,true,false,128,,,
V004332,C00478,2025-04-14,paid_search,P023,Calm Cream 23,true,true,false,63,,,
V004333,C00028,2025-01-31,referral,P023,Calm Cream 23,true,false,false,29,,,
V004334,C00961,2025-08-28,organic_search,P021,Bright Organizer 21,true,false,false,39,,,
V004335,C00188,2025-07-19,paid_search,P007,Calm Cream 07,true,false,false,115,,,
V004336,C00100,2025-03-27,direct,P006,Active Mat 06,true,true,true,81,,T001643,
V004337,C00641,2025-05-17,paid_search,P002,Pure Band 02,true,false,false,24,,,
V004338,C00073,2025-01-18,organic_search,P013,Bright Organizer 13,true,false,false,13,,,
V004339,C00887,2025-06-20,paid_search,P020,Essential Bag 20,true,false,false,523,WEEKEND15,,
V004340,C00827,2025-02-26,organic_search,P024,Modern Serum 24,true,false,false,13,,,
V004341,C00175,2025-11-11,paid_search,P028,Essential Bag 28,true,false,false,25,,,
V004342,C00752,2025-01-02,organic_search,P004,Essential Bag 04,true,false,false,25,LOYALTY10,,
V004343,C00743,2025-12-02,social,P024,Modern Serum 24,true,true,false,396,,,
V004344,C00306,2025-08-26,paid_search,P027,Urban Bottle 27,true,false,false,148,,,
V004345,C00272,2025-08-20,organic_search,P011,Urban Bottle 11,true,false,false,111,,,
V004346,C00263,2025-12-15,organic_search,P009,Daily Lamp 09,true,false,false,30,,,
V004347,C00977,2025-01-11,paid_search,P014,Active Mat 14,true,false,false,128,,,
V004348,C00168,2025-05-20,organic_search,P026,Pure Band 26,true,false,false,189,,,
V004349,C00397,2025-03-27,direct,P011,Urban Bottle 11,true,false,false,26,,,
V004350,C00261,2025-09-24,organic_search,P006,Active Mat 06,false,false,false,98,,,
V004351,C00965,2025-12-22,organic_search,P001,Daily Lamp 01,true,false,false,70,LOYALTY10,,
V004352,C00614,2025-05-15,organic_search,P026,Pure Band 26,true,false,false,37,,,
V004353,C00505,2025-04-16,email,P017,Daily Lamp 17,true,false,false,36,WELCOME5,,
V004354,C00816,2025-08-12,social,P009,Daily Lamp 09,true,false,false,25,,,
V004355,C00066,2025-07-11,organic_search,P005,Bright Organizer 05,true,false,false,22,WEEKEND15,,
V004356,C00736,2025-03-12,organic_search,P017,Daily Lamp 17,true,false,false,10,WELCOME5,,
V004357,C00445,2025-01-26,organic_search,P029,Bright Organizer 29,true,false,false,175,,,
V004358,C00144,2025-01-28,paid_search,P013,Bright Organizer 13,true,false,false,68,,,
V004359,C00655,2025-08-24,paid_search,P025,Daily Lamp 25,true,true,true,68,,T004436,
V004360,C00099,2025-02-27,organic_search,P007,Calm Cream 07,true,false,false,162,,,
V004361,C00485,2025-03-18,organic_search,P023,Calm Cream 23,true,false,true,101,,T001464,
V004362,C00788,2025-02-16,paid_search,P021,Bright Organizer 21,true,false,false,63,,,
V004363,C00571,2025-10-31,organic_search,P028,Essential Bag 28,true,false,false,22,,,
V004364,C00418,2025-10-08,social,P005,Bright Organizer 05,true,false,false,227,,,
V004365,C00302,2025-04-28,direct,P019,Urban Bottle 19,true,false,false,25,,,
V004366,C00094,2025-05-11,referral,P014,Active Mat 14,true,false,false,42,,,
V004367,C00887,2025-08-03,email,P019,Urban Bottle 19,true,false,false,8,,,
V004368,C00563,2025-05-02,paid_search,P019,Urban Bottle 19,true,true,false,36,,,
V004369,C00939,2025-01-03,social,P025,Daily Lamp 25,true,false,false,40,,,
V004370,C00337,2025-03-14,email,P016,Modern Serum 16,true,false,false,36,,,
V004371,C00030,2025-07-24,paid_search,P021,Bright Organizer 21,true,false,false,11,,,
V004372,C00925,2025-07-24,paid_search,P018,Pure Band 18,true,false,false,51,WEEKEND15,,
V004373,C00254,2025-01-04,social,P009,Daily Lamp 09,true,false,false,20,,,
V004374,C00900,2025-12-19,email,P025,Daily Lamp 25,true,true,false,9,WELCOME5,,
V004375,C00339,2025-05-11,email,P016,Modern Serum 16,true,false,false,81,WELCOME5,,
V004376,C00505,2025-10-19,paid_search,P026,Pure Band 26,true,true,true,412,,T005414,
V004377,C00273,2025-09-16,social,P018,Pure Band 18,true,false,false,34,,,
V004378,C00797,2025-03-23,paid_search,P004,Essential Bag 04,true,false,false,19,,,
V004379,C00395,2025-09-26,social,P023,Calm Cream 23,false,false,false,65,,,
V004380,C00503,2025-04-24,email,P012,Essential Bag 12,true,false,false,87,,,
V004381,C00274,2025-09-22,social,P015,Calm Cream 15,true,false,false,105,WELCOME5,,
V004382,C00288,2025-12-15,email,P015,Calm Cream 15,true,false,false,93,,,
V004383,C00066,2025-01-15,organic_search,P012,Essential Bag 12,true,false,false,90,,,
V004384,C00567,2025-09-23,organic_search,P028,Essential Bag 28,true,false,false,44,,,
V004385,C00493,2025-07-25,direct,P002,Pure Band 02,true,false,false,46,WEEKEND15,,
V004386,C00817,2025-08-11,direct,P021,Bright Organizer 21,true,false,false,34,,,
V004387,C00167,2025-10-09,social,P013,Bright Organizer 13,true,false,false,31,,,
V004388,C00038,2025-02-28,direct,P012,Essential Bag 12,true,false,false,43,,,
V004389,C00137,2025-12-16,paid_search,P014,Active Mat 14,true,false,false,47,,,
V004390,C00317,2025-05-03,paid_search,P029,Bright Organizer 29,true,false,false,64,WELCOME5,,
V004391,C00169,2025-07-18,email,P013,Bright Organizer 13,true,false,false,53,,,
V004392,C00950,2025-06-09,social,P003,Urban Bottle 03,true,false,false,118,,,
V004393,C00258,2025-08-18,email,P004,Essential Bag 04,false,false,false,20,,,
V004394,C00693,2025-11-20,paid_search,P002,Pure Band 02,true,true,false,41,,,
V004395,C00557,2025-12-24,organic_search,P016,Modern Serum 16,false,false,false,24,LOYALTY10,,
V004396,C00498,2025-11-26,email,P005,Bright Organizer 05,false,false,false,89,,,
V004397,C00221,2025-09-22,email,P004,Essential Bag 04,false,false,false,32,LOYALTY10,,
V004398,C00337,2025-05-18,paid_search,P002,Pure Band 02,true,false,false,20,,,
V004399,C00523,2025-04-10,organic_search,P009,Daily Lamp 09,true,false,false,49,,,
V004400,C00622,2025-09-04,direct,P005,Bright Organizer 05,true,false,false,43,,,
V004401,C00690,2025-02-04,social,P008,Modern Serum 08,true,false,false,94,,,
V004402,C00302,2025-02-21,direct,P017,Daily Lamp 17,true,false,false,19,,,
V004403,C00161,2025-01-31,email,P005,Bright Organizer 05,true,false,false,50,,,
V004404,C00212,2025-11-08,paid_search,P001,Daily Lamp 01,true,false,false,129,,,
V004405,C00596,2025-02-15,email,P011,Urban Bottle 11,true,false,false,44,WEEKEND15,,
V004406,C00661,2025-03-02,organic_search,P024,Modern Serum 24,true,true,false,550,,,
V004407,C00209,2025-08-06,email,P006,Active Mat 06,true,false,false,174,,,
V004408,C00745,2025-02-15,social,P011,Urban Bottle 11,true,true,false,36,LOYALTY10,,
V004409,C00611,2025-11-29,referral,P010,Pure Band 10,true,true,false,185,,,
V004410,C00713,2025-08-19,email,P013,Bright Organizer 13,true,false,false,21,,,
V004411,C00871,2025-07-09,organic_search,P026,Pure Band 26,true,false,false,28,,,
V004412,C00982,2025-09-24,social,P029,Bright Organizer 29,true,false,false,134,WELCOME5,,
V004413,C00697,2025-05-06,email,P030,Active Mat 30,true,false,false,546,,,
V004414,C00971,2025-09-03,paid_search,P026,Pure Band 26,true,false,false,31,,,
V004415,C00816,2025-04-08,paid_search,P012,Essential Bag 12,true,true,false,76,,,
V004416,C00906,2025-10-06,email,P004,Essential Bag 04,true,false,false,83,,,
V004417,C00962,2025-02-21,direct,P011,Urban Bottle 11,true,false,false,38,,,
V004418,C00640,2025-01-25,email,P013,Bright Organizer 13,true,false,false,26,,,
V004419,C00114,2025-04-29,email,P021,Bright Organizer 21,true,false,true,83,,T002277,
V004420,C00163,2025-07-14,social,P024,Modern Serum 24,true,false,false,19,,,
V004421,C00958,2025-01-06,paid_search,P018,Pure Band 18,true,true,false,23,,,
V004422,C00926,2025-01-07,organic_search,P005,Bright Organizer 05,true,false,false,19,,,
V004423,C00631,2025-08-29,paid_search,P008,Modern Serum 08,true,false,false,24,,,
V004424,C00014,2025-01-13,paid_search,P025,Daily Lamp 25,true,false,false,33,,,
V004425,C00214,2025-01-13,referral,P019,Urban Bottle 19,true,true,false,327,,,
V004426,C00262,2025-04-15,email,P004,Essential Bag 04,true,true,false,18,WELCOME5,,
V004427,C00344,2025-04-08,social,P020,Essential Bag 20,true,false,false,31,,,
V004428,C00069,2025-09-03,organic_search,P016,Modern Serum 16,true,false,true,67,,T004586,
V004429,C00901,2025-07-20,direct,P029,Bright Organizer 29,true,false,false,42,,,
V004430,C00768,2025-09-05,referral,P020,Essential Bag 20,true,false,false,20,,,
V004431,C00257,2025-03-08,organic_search,P004,Essential Bag 04,true,true,true,68,,T001242,
V004432,C00736,2025-04-05,organic_search,P004,Essential Bag 04,true,false,false,29,,,
V004433,C00679,2025-11-09,direct,P025,Daily Lamp 25,true,false,false,20,,,
V004434,C00976,2025-07-31,email,P011,Urban Bottle 11,true,false,false,28,,,
V004435,C00190,2025-11-03,organic_search,P020,Essential Bag 20,true,true,false,68,,,
V004436,C00810,2025-02-13,organic_search,P024,Modern Serum 24,true,false,false,40,,,
V004437,C00304,2025-03-19,organic_search,P009,Daily Lamp 09,true,true,false,313,,,
V004438,C00967,2025-10-24,social,P010,Pure Band 10,true,false,false,63,,,
V004439,C00398,2025-10-16,direct,P019,Urban Bottle 19,true,false,false,146,,,
V004440,C00035,2025-11-10,paid_search,P015,Calm Cream 15,true,false,false,19,,,
V004441,C00182,2025-11-05,email,P028,Essential Bag 28,true,true,true,173,,T005693,
V004442,C00560,2025-10-01,organic_search,P001,Daily Lamp 01,true,false,false,68,,,
V004443,C00759,2025-08-25,paid_search,P017,Daily Lamp 17,true,false,false,62,,,
V004444,C00413,2025-02-06,email,P014,Active Mat 14,true,false,true,21,,T000703,
V004445,C00709,2025-04-06,organic_search,P010,Pure Band 10,true,false,false,31,,,
V004446,C00948,2025-10-05,paid_search,P028,Essential Bag 28,true,false,false,50,,,
V004447,C00759,2025-04-01,direct,P023,Calm Cream 23,true,true,false,76,,,
V004448,C00152,2025-05-20,social,P028,Essential Bag 28,true,false,true,70,,T002679,
V004449,C00674,2025-07-04,organic_search,P024,Modern Serum 24,true,false,false,38,,,
V004450,C00668,2025-09-21,paid_search,P025,Daily Lamp 25,true,true,false,45,,,
V004451,C00572,2025-12-03,organic_search,P028,Essential Bag 28,true,false,false,17,LOYALTY10,,
V004452,C00040,2025-12-11,email,P018,Pure Band 18,true,false,false,42,,,
V004453,C00086,2025-07-11,organic_search,P021,Bright Organizer 21,true,false,false,122,LOYALTY10,,
V004454,C00664,2025-05-22,organic_search,P003,Urban Bottle 03,true,false,false,18,,,
V004455,C00412,2025-01-03,organic_search,P016,Modern Serum 16,true,false,false,27,,,
V004456,C00480,2025-12-06,direct,P018,Pure Band 18,true,false,false,76,WELCOME5,,
V004457,C00085,2025-08-24,paid_search,P019,Urban Bottle 19,false,false,false,77,WELCOME5,,
V004458,C00870,2025-06-02,social,P016,Modern Serum 16,true,false,false,84,,,
V004459,C00854,2025-09-30,email,P015,Calm Cream 15,true,true,false,121,,,
V004460,C00791,2025-12-18,social,P005,Bright Organizer 05,true,false,false,18,,,
V004461,C00219,2025-04-24,organic_search,P019,Urban Bottle 19,true,false,false,52,,,
V004462,C00487,2025-10-08,social,P001,Daily Lamp 01,true,true,false,31,,,
V004463,C00250,2025-07-18,organic_search,P027,Urban Bottle 27,true,true,true,203,,T003789,
V004464,C00069,2025-09-11,organic_search,P019,Urban Bottle 19,true,false,false,42,WEEKEND15,,
V004465,C00785,2025-03-14,direct,P008,Modern Serum 08,true,false,false,106,,,
V004466,C00132,2025-02-03,organic_search,P011,Urban Bottle 11,true,true,false,128,,,
V004467,C00421,2025-01-28,paid_search,P011,Urban Bottle 11,true,false,false,14,LOYALTY10,,
V004468,C00032,2025-01-18,social,P006,Active Mat 06,true,false,false,51,,,
V004469,C00967,2025-02-17,paid_search,P011,Urban Bottle 11,true,true,false,14,,,
V004470,C00143,2025-07-03,direct,P009,Daily Lamp 09,true,false,false,41,,,
V004471,C00555,2025-04-09,direct,P009,Daily Lamp 09,true,false,false,75,LOYALTY10,,
V004472,C00437,2025-11-01,email,P003,Urban Bottle 03,true,false,false,63,,,
V004473,C00534,2025-12-07,paid_search,P023,Calm Cream 23,true,false,false,14,,,
V004474,C00375,2025-08-03,organic_search,P002,Pure Band 02,true,false,false,86,,,
V004475,C00661,2025-06-09,direct,P005,Bright Organizer 05,true,false,false,11,,,
V004476,C00928,2025-04-13,paid_search,P015,Calm Cream 15,true,false,false,22,,,
V004477,C00449,2025-03-22,email,P022,Active Mat 22,true,false,false,53,,,
V004478,C00630,2025-09-03,paid_search,P027,Urban Bottle 27,true,true,false,76,WEEKEND15,,
V004479,C00157,2025-05-20,direct,P014,Active Mat 14,true,false,false,92,,,
V004480,C00377,2025-06-02,direct,P008,Modern Serum 08,true,false,false,79,WEEKEND15,,
V004481,C00983,2025-12-12,organic_search,P009,Daily Lamp 09,true,false,false,38,,,
V004482,C00338,2025-07-01,referral,P030,Active Mat 30,true,true,false,96,,,
V004483,C00059,2025-07-06,email,P015,Calm Cream 15,true,true,false,57,WEEKEND15,,
V004484,C00496,2025-03-27,organic_search,P005,Bright Organizer 05,true,false,false,147,,,
V004485,C00562,2025-11-08,paid_search,P018,Pure Band 18,true,true,true,200,,T005750,
V004486,C00618,2025-05-25,organic_search,P023,Calm Cream 23,true,false,true,294,,T002761,
V004487,C00900,2025-05-05,organic_search,P023,Calm Cream 23,true,false,false,44,WEEKEND15,,
V004488,C00202,2025-01-08,organic_search,P009,Daily Lamp 09,true,true,true,23,,T000149,
V004489,C00921,2025-06-17,social,P005,Bright Organizer 05,true,true,true,275,,T003220,
V004490,C00291,2025-08-09,social,P004,Essential Bag 04,true,true,false,100,,,
V004491,C00259,2025-12-02,direct,P010,Pure Band 10,true,false,false,58,,,
V004492,C00157,2025-11-07,social,P002,Pure Band 02,true,false,false,36,,,
V004493,C00056,2025-07-23,organic_search,P026,Pure Band 26,true,false,false,89,WEEKEND15,,
V004494,C00851,2025-06-05,organic_search,P019,Urban Bottle 19,true,false,true,48,WELCOME5,T002980,
V004495,C00288,2025-07-18,organic_search,P030,Active Mat 30,true,false,false,70,WEEKEND15,,
V004496,C00348,2025-02-23,social,P001,Daily Lamp 01,true,false,false,28,,,
V004497,C00328,2025-07-21,paid_search,P014,Active Mat 14,true,true,true,145,,T003839,
V004498,C00824,2025-08-13,referral,P030,Active Mat 30,true,false,false,66,,,
V004499,C00461,2025-03-19,email,P029,Bright Organizer 29,true,false,false,47,,,
V004500,C00506,2025-03-13,social,P024,Modern Serum 24,true,true,true,47,,T001353,
V004501,C00844,2025-01-22,paid_search,P001,Daily Lamp 01,true,false,false,94,WEEKEND15,,
V004502,C00564,2025-08-09,organic_search,P018,Pure Band 18,true,false,false,38,,,
V004503,C00981,2025-07-12,organic_search,P016,Modern Serum 16,true,true,false,134,,,
V004504,C00473,2025-10-25,direct,P006,Active Mat 06,false,false,false,35,,,
V004505,C00892,2025-12-02,organic_search,P018,Pure Band 18,true,true,false,27,,,
V004506,C00890,2025-02-19,social,P021,Bright Organizer 21,true,false,false,43,,,
V004507,C00266,2025-11-06,social,P028,Essential Bag 28,true,false,false,60,,,
V004508,C00108,2025-05-09,direct,P007,Calm Cream 07,true,false,false,112,,,
V004509,C00838,2025-01-15,email,P015,Calm Cream 15,true,true,false,84,,,
V004510,C00328,2025-02-14,social,P020,Essential Bag 20,true,true,false,35,WELCOME5,,
V004511,C00720,2025-08-03,paid_search,P005,Bright Organizer 05,true,false,false,51,,,
V004512,C00933,2025-12-26,social,P011,Urban Bottle 11,false,false,false,87,,,
V004513,C00223,2025-10-14,referral,P012,Essential Bag 12,true,false,false,19,,,
V004514,C00303,2025-09-08,direct,P028,Essential Bag 28,true,false,false,11,,,
V004515,C00997,2025-12-28,paid_search,P024,Modern Serum 24,false,false,false,174,,,
V004516,C00829,2025-08-03,organic_search,P003,Urban Bottle 03,true,false,false,68,,,
V004517,C00894,2025-11-20,direct,P007,Calm Cream 07,true,false,false,101,,,
V004518,C00223,2025-01-31,paid_search,P030,Active Mat 30,true,false,true,110,,T000585,
V004519,C00636,2025-11-15,social,P029,Bright Organizer 29,true,false,false,154,,,
V004520,C00163,2025-01-04,organic_search,P011,Urban Bottle 11,true,false,false,14,,,
V004521,C00359,2025-04-22,paid_search,P017,Daily Lamp 17,true,false,false,44,,,
V004522,C00855,2025-08-23,organic_search,P029,Bright Organizer 29,true,true,false,244,WEEKEND15,,
V004523,C00896,2025-07-12,organic_search,P014,Active Mat 14,true,false,false,55,,,
V004524,C00798,2025-09-14,email,P024,Modern Serum 24,true,false,false,40,,,
V004525,C00682,2025-05-16,social,P010,Pure Band 10,true,false,false,32,,,
V004526,C00353,2025-10-25,email,P028,Essential Bag 28,true,false,false,73,WELCOME5,,
V004527,C00589,2025-10-11,organic_search,P004,Essential Bag 04,true,false,false,178,WEEKEND15,,
V004528,C00011,2025-04-16,paid_search,P004,Essential Bag 04,true,false,false,65,,,
V004529,C00650,2025-04-21,paid_search,P008,Modern Serum 08,true,true,false,118,,,
V004530,C00512,2025-12-01,direct,P009,Daily Lamp 09,true,false,false,91,,,
V004531,C00710,2025-08-30,email,P024,Modern Serum 24,true,false,false,28,,,
V004532,C00194,2025-02-10,social,P028,Essential Bag 28,true,false,false,80,WELCOME5,,
V004533,C00317,2025-07-09,email,P009,Daily Lamp 09,true,false,false,97,,,
V004534,C00352,2025-09-01,direct,P004,Essential Bag 04,true,false,true,508,,T004553,
V004535,C00281,2025-04-20,paid_search,P005,Bright Organizer 05,true,false,false,23,LOYALTY10,,
V004536,C00842,2025-02-07,email,P006,Active Mat 06,true,false,false,44,,,
V004537,C00139,2025-09-29,paid_search,P004,Essential Bag 04,false,false,false,27,,,
V004538,C00226,2025-05-19,organic_search,P012,Essential Bag 12,true,false,false,71,WEEKEND15,,
V004539,C00623,2025-11-02,organic_search,P009,Daily Lamp 09,true,false,false,32,WELCOME5,,
V004540,C00224,2025-04-05,organic_search,P024,Modern Serum 24,true,false,false,38,,,
V004541,C00871,2025-04-15,referral,P024,Modern Serum 24,true,false,false,94,WEEKEND15,,
V004542,C00080,2025-11-07,social,P011,Urban Bottle 11,true,false,false,45,LOYALTY10,,
V004543,C00725,2025-07-26,organic_search,P011,Urban Bottle 11,true,true,false,48,,,
V004544,C00713,2025-01-03,email,P014,Active Mat 14,true,false,false,38,,,
V004545,C00054,2025-04-11,direct,P002,Pure Band 02,true,false,false,48,,,
V004546,C00071,2025-11-27,organic_search,P027,Urban Bottle 27,true,false,false,19,WEEKEND15,,
V004547,C00902,2025-06-10,social,P008,Modern Serum 08,true,false,true,109,,T003082,
V004548,C00980,2025-05-09,organic_search,P001,Daily Lamp 01,true,false,true,185,LOYALTY10,T002450,
V004549,C00683,2025-04-30,organic_search,P002,Pure Band 02,true,false,false,93,WEEKEND15,,
V004550,C00233,2025-11-30,paid_search,P021,Bright Organizer 21,true,false,false,25,,,
V004551,C00220,2025-03-12,paid_search,P020,Essential Bag 20,true,false,false,54,,,
V004552,C00490,2025-04-20,direct,P014,Active Mat 14,true,false,false,164,,,
V004553,C00977,2025-07-24,direct,P022,Active Mat 22,true,false,false,41,,,
V004554,C00199,2025-03-16,social,P028,Essential Bag 28,true,false,false,27,,,
V004555,C00326,2025-12-26,organic_search,P024,Modern Serum 24,false,false,false,41,,,
V004556,C00546,2025-03-12,paid_search,P018,Pure Band 18,true,true,false,73,WEEKEND15,,
V004557,C00474,2025-07-02,referral,P005,Bright Organizer 05,true,false,false,84,,,
V004558,C00726,2025-03-27,organic_search,P016,Modern Serum 16,true,false,false,75,,,
V004559,C00307,2025-02-09,email,P025,Daily Lamp 25,true,false,false,160,LOYALTY10,,
V004560,C00317,2025-10-30,social,P012,Essential Bag 12,false,false,false,57,,,
V004561,C00828,2025-06-18,social,P001,Daily Lamp 01,true,false,false,24,,,
V004562,C00869,2025-02-15,organic_search,P001,Daily Lamp 01,true,false,false,13,,,
V004563,C00979,2025-03-03,paid_search,P017,Daily Lamp 17,true,false,false,94,,,
V004564,C00591,2025-03-26,paid_search,P029,Bright Organizer 29,true,false,false,61,,,
V004565,C00742,2025-01-18,referral,P028,Essential Bag 28,true,false,false,64,,,
V004566,C00925,2025-07-13,email,P015,Calm Cream 15,true,false,false,10,WEEKEND15,,
V004567,C00171,2025-04-04,organic_search,P006,Active Mat 06,true,false,false,19,,,
V004568,C00754,2025-10-24,organic_search,P012,Essential Bag 12,false,false,false,199,LOYALTY10,,
V004569,C00251,2025-01-25,social,P021,Bright Organizer 21,true,true,true,206,,T000469,
V004570,C00955,2025-01-21,paid_search,P027,Urban Bottle 27,true,false,false,124,,,
V004571,C00910,2025-05-23,social,P011,Urban Bottle 11,true,false,false,91,,,
V004572,C00202,2025-04-20,direct,P013,Bright Organizer 13,true,false,false,24,WEEKEND15,,
V004573,C00879,2025-10-08,direct,P014,Active Mat 14,true,false,false,10,,,
V004574,C00831,2025-12-03,social,P013,Bright Organizer 13,true,true,false,195,,,
V004575,C00036,2025-03-18,organic_search,P007,Calm Cream 07,true,true,false,63,,,
V004576,C00968,2025-10-07,social,P004,Essential Bag 04,true,false,false,11,,,
V004577,C00053,2025-07-03,direct,P016,Modern Serum 16,true,false,false,176,,,
V004578,C00270,2025-05-10,direct,P005,Bright Organizer 05,true,false,false,91,,,
V004579,C00389,2025-10-10,email,P018,Pure Band 18,true,false,false,58,LOYALTY10,,
V004580,C00034,2025-02-26,direct,P016,Modern Serum 16,true,false,true,62,,T001066,
V004581,C00082,2025-01-12,direct,P005,Bright Organizer 05,true,false,false,17,,,
V004582,C00060,2025-11-11,paid_search,P017,Daily Lamp 17,true,false,true,43,,T005808,
V004583,C00498,2025-02-02,organic_search,P016,Modern Serum 16,true,false,false,66,,,
V004584,C00982,2025-05-20,email,P024,Modern Serum 24,true,true,false,52,,,
V004585,C00404,2025-06-25,email,P018,Pure Band 18,true,false,false,58,WEEKEND15,,
V004586,C00652,2025-07-08,organic_search,P012,Essential Bag 12,true,false,false,159,LOYALTY10,,
V004587,C00824,2025-06-26,email,P023,Calm Cream 23,false,false,false,22,,,
V004588,C00932,2025-05-28,social,P001,Daily Lamp 01,false,false,false,48,,,
V004589,C00323,2025-03-31,organic_search,P019,Urban Bottle 19,true,false,false,26,,,
V004590,C00594,2025-05-18,organic_search,P026,Pure Band 26,true,true,false,45,,,
V004591,C00745,2025-05-02,direct,P023,Calm Cream 23,true,false,false,107,,,
V004592,C00004,2025-09-17,paid_search,P002,Pure Band 02,true,true,false,69,,,
V004593,C00079,2025-09-25,organic_search,P003,Urban Bottle 03,true,false,false,9,,,
V004594,C00959,2025-03-07,organic_search,P014,Active Mat 14,true,true,false,319,,,
V004595,C00192,2025-06-02,paid_search,P030,Active Mat 30,true,false,false,59,,,
V004596,C00077,2025-04-16,organic_search,P005,Bright Organizer 05,true,false,false,33,,,
V004597,C00531,2025-12-15,email,P019,Urban Bottle 19,false,false,false,25,LOYALTY10,,
V004598,C00531,2025-06-06,organic_search,P017,Daily Lamp 17,true,true,false,26,,,
V004599,C00165,2025-08-26,organic_search,P004,Essential Bag 04,false,false,false,56,,,
V004600,C00879,2025-05-05,direct,P019,Urban Bottle 19,true,false,false,48,,,
V004601,C00519,2025-12-02,organic_search,P001,Daily Lamp 01,true,true,true,71,,T006127,
V004602,C00854,2025-06-07,social,P010,Pure Band 10,true,false,false,33,LOYALTY10,,
V004603,C00027,2025-01-21,social,P001,Daily Lamp 01,true,false,false,159,,,
V004604,C00849,2025-10-23,paid_search,P006,Active Mat 06,false,false,false,52,,,
V004605,C00044,2025-09-21,organic_search,P008,Modern Serum 08,true,false,false,151,LOYALTY10,,
V004606,C00168,2025-12-20,organic_search,P010,Pure Band 10,true,false,false,84,LOYALTY10,,
V004607,C00083,2025-05-02,social,P002,Pure Band 02,true,false,false,79,WEEKEND15,,
V004608,C00516,2025-03-20,organic_search,P005,Bright Organizer 05,true,false,false,291,,,
V004609,C00938,2025-06-21,direct,P011,Urban Bottle 11,true,false,false,22,,,
V004610,C00591,2025-04-28,organic_search,P024,Modern Serum 24,true,true,false,162,,,
V004611,C00573,2025-02-06,organic_search,P013,Bright Organizer 13,true,false,false,56,LOYALTY10,,
V004612,C00240,2025-11-26,email,P012,Essential Bag 12,false,false,false,37,,,
V004613,C00255,2025-12-06,referral,P010,Pure Band 10,true,false,false,25,LOYALTY10,,
V004614,C00514,2025-11-19,organic_search,P012,Essential Bag 12,false,false,false,61,,,
V004615,C00051,2025-02-18,organic_search,P015,Calm Cream 15,true,false,false,83,,,
V004616,C00346,2025-04-15,social,P016,Modern Serum 16,true,false,false,49,LOYALTY10,,
V004617,C00279,2025-03-03,social,P023,Calm Cream 23,true,false,false,61,,,
V004618,C00885,2025-11-03,social,P003,Urban Bottle 03,true,false,false,85,,,
V004619,C00982,2025-01-01,social,P009,Daily Lamp 09,true,false,false,26,,,
V004620,C00258,2025-06-08,paid_search,P005,Bright Organizer 05,true,false,false,86,,,
V004621,C00717,2025-11-22,email,P023,Calm Cream 23,true,false,false,36,LOYALTY10,,
V004622,C00332,2025-10-28,social,P025,Daily Lamp 25,true,false,false,24,LOYALTY10,,
V004623,C00427,2025-02-23,organic_search,P027,Urban Bottle 27,true,false,false,62,,,
V004624,C00683,2025-01-07,email,P011,Urban Bottle 11,true,true,false,77,LOYALTY10,,
V004625,C00783,2025-07-18,organic_search,P010,Pure Band 10,true,false,false,67,,,
V004626,C00407,2025-08-05,email,P015,Calm Cream 15,true,false,false,17,,,
V004627,C00417,2025-06-28,email,P009,Daily Lamp 09,true,false,false,45,,,
V004628,C00755,2025-03-20,email,P006,Active Mat 06,true,false,false,140,,,
V004629,C00123,2025-06-14,social,P010,Pure Band 10,true,false,false,90,,,
V004630,C00925,2025-01-22,organic_search,P009,Daily Lamp 09,true,false,false,18,,,
V004631,C00563,2025-01-21,direct,P012,Essential Bag 12,true,false,false,37,,,
V004632,C00159,2025-06-27,email,P024,Modern Serum 24,true,true,false,21,,,
V004633,C00227,2025-12-31,paid_search,P029,Bright Organizer 29,true,false,false,90,WELCOME5,,
V004634,C00441,2025-10-31,email,P018,Pure Band 18,false,false,false,67,,,
V004635,C00157,2025-06-30,organic_search,P027,Urban Bottle 27,true,false,false,340,,,
V004636,C00348,2025-10-26,paid_search,P024,Modern Serum 24,true,true,false,84,WEEKEND15,,
V004637,C00850,2025-06-13,organic_search,P002,Pure Band 02,true,false,false,40,,,
V004638,C00656,2025-11-27,email,P002,Pure Band 02,true,false,false,57,,,
V004639,C00467,2025-11-13,direct,P015,Calm Cream 15,true,false,false,15,,,
V004640,C00417,2025-09-16,direct,P017,Daily Lamp 17,true,false,false,36,,,
V004641,C00644,2025-10-21,paid_search,P004,Essential Bag 04,false,false,false,42,,,
V004642,C00298,2025-06-14,email,P017,Daily Lamp 17,true,false,false,66,,,
V004643,C00437,2025-08-21,paid_search,P014,Active Mat 14,true,false,false,35,,,
V004644,C00341,2025-12-21,social,P011,Urban Bottle 11,true,false,false,155,,,
V004645,C00848,2025-12-31,social,P008,Modern Serum 08,true,true,false,391,,,
V004646,C00297,2025-03-03,social,P028,Essential Bag 28,true,false,false,56,LOYALTY10,,
V004647,C00689,2025-02-11,paid_search,P015,Calm Cream 15,true,false,false,67,,,
V004648,C00435,2025-05-02,paid_search,P025,Daily Lamp 25,true,false,false,100,,,
V004649,C00387,2025-08-15,direct,P003,Urban Bottle 03,true,false,true,240,,T004284,
V004650,C00718,2025-09-22,social,P028,Essential Bag 28,true,false,false,68,,,
V004651,C00540,2025-08-23,email,P026,Pure Band 26,true,false,false,120,,,
V004652,C00723,2025-03-14,email,P006,Active Mat 06,true,false,false,122,,,
V004653,C00034,2025-09-08,social,P028,Essential Bag 28,true,false,false,252,,,
V004654,C00304,2025-07-16,social,P008,Modern Serum 08,true,false,false,49,WELCOME5,,
V004655,C00876,2025-04-03,paid_search,P009,Daily Lamp 09,true,false,false,17,WEEKEND15,,
V004656,C00226,2025-06-19,social,P004,Essential Bag 04,true,false,false,119,,,
V004657,C00160,2025-07-04,organic_search,P004,Essential Bag 04,true,false,false,43,,,
V004658,C00061,2025-01-10,paid_search,P020,Essential Bag 20,true,false,false,52,,,
V004659,C00200,2025-04-27,organic_search,P021,Bright Organizer 21,true,false,true,155,,T002223,
V004660,C00683,2025-09-27,organic_search,P013,Bright Organizer 13,true,false,true,148,,T005001,
V004661,C00483,2025-07-17,organic_search,P009,Daily Lamp 09,true,true,true,85,,T003762,
V004662,C00464,2025-05-15,direct,P009,Daily Lamp 09,true,true,true,53,,T002563,
V004663,C00357,2025-01-29,organic_search,P016,Modern Serum 16,true,true,false,103,,,
V004664,C00330,2025-08-08,email,P025,Daily Lamp 25,true,true,false,28,,,
V004665,C00372,2025-01-28,direct,P028,Essential Bag 28,true,false,false,24,WEEKEND15,,
V004666,C00247,2025-07-17,organic_search,P003,Urban Bottle 03,true,false,false,14,LOYALTY10,,
V004667,C00777,2025-08-27,organic_search,P020,Essential Bag 20,true,false,true,61,,T004477,
V004668,C00849,2025-06-20,referral,P017,Daily Lamp 17,true,false,false,44,,,
V004669,C00309,2025-09-25,direct,P004,Essential Bag 04,false,false,false,24,,,
V004670,C00371,2025-07-15,organic_search,P010,Pure Band 10,true,false,false,96,,,
V004671,C00188,2025-04-28,organic_search,P014,Active Mat 14,true,true,true,16,,T002257,
V004672,C00986,2025-02-10,referral,P024,Modern Serum 24,true,false,false,284,,,
V004673,C00927,2025-07-13,paid_search,P006,Active Mat 06,true,false,false,14,,,
V004674,C00021,2025-05-31,referral,P001,Daily Lamp 01,false,false,false,31,,,
V004675,C00817,2025-10-09,organic_search,P007,Calm Cream 07,true,false,false,18,,,
V004676,C00497,2025-06-07,organic_search,P028,Essential Bag 28,true,false,false,82,,,
V004677,C00143,2025-03-24,organic_search,P025,Daily Lamp 25,true,false,false,191,,,
V004678,C00601,2025-12-19,email,P014,Active Mat 14,true,false,false,122,LOYALTY10,,
V004679,C00156,2025-05-19,social,P016,Modern Serum 16,true,true,false,44,WEEKEND15,,
V004680,C00042,2025-04-25,social,P029,Bright Organizer 29,true,true,false,24,,,
V004681,C00897,2025-03-20,social,P027,Urban Bottle 27,true,false,false,252,,,
V004682,C00233,2025-05-29,social,P005,Bright Organizer 05,true,true,true,118,,T002836,
V004683,C00133,2025-09-24,organic_search,P001,Daily Lamp 01,true,true,false,140,,,
V004684,C00109,2025-08-09,email,P029,Bright Organizer 29,true,false,false,56,,,
V004685,C00686,2025-11-25,email,P013,Bright Organizer 13,true,false,false,26,,,
V004686,C00127,2025-11-13,referral,P023,Calm Cream 23,true,false,false,60,,,
V004687,C00841,2025-07-27,organic_search,P017,Daily Lamp 17,true,false,false,46,,,
V004688,C00581,2025-07-31,organic_search,P012,Essential Bag 12,false,false,false,19,,,
V004689,C00940,2025-10-12,direct,P024,Modern Serum 24,true,false,false,59,,,
V004690,C00742,2025-01-23,organic_search,P016,Modern Serum 16,true,false,false,45,,,
V004691,C00794,2025-10-14,referral,P004,Essential Bag 04,true,false,false,34,WELCOME5,,
V004692,C00665,2025-07-25,organic_search,P019,Urban Bottle 19,false,false,false,73,,,
V004693,C00223,2025-08-08,organic_search,P024,Modern Serum 24,true,false,false,37,WELCOME5,,
V004694,C00713,2025-12-11,paid_search,P026,Pure Band 26,true,false,false,26,WEEKEND15,,
V004695,C00735,2025-09-26,paid_search,P004,Essential Bag 04,false,false,false,24,LOYALTY10,,
V004696,C00748,2025-05-12,direct,P026,Pure Band 26,true,true,false,469,,,
V004697,C00879,2025-04-18,direct,P018,Pure Band 18,true,false,false,64,,,
V004698,C00778,2025-05-28,organic_search,P006,Active Mat 06,false,false,false,246,,,
V004699,C00973,2025-05-28,social,P009,Daily Lamp 09,true,false,false,32,,,
V004700,C00142,2025-01-18,social,P017,Daily Lamp 17,true,false,false,14,,,
V004701,C00354,2025-07-27,email,P007,Calm Cream 07,true,false,false,143,,,
V004702,C00766,2025-05-04,organic_search,P020,Essential Bag 20,true,false,false,22,,,
V004703,C00810,2025-08-25,email,P010,Pure Band 10,true,false,false,82,,,
V004704,C00918,2025-05-31,paid_search,P027,Urban Bottle 27,true,false,true,142,,T002896,
V004705,C00265,2025-07-02,paid_search,P020,Essential Bag 20,true,false,false,276,,,
V004706,C00349,2025-09-01,direct,P030,Active Mat 30,true,false,false,26,,,
V004707,C00738,2025-09-08,paid_search,P007,Calm Cream 07,true,false,false,28,,,
V004708,C00278,2025-07-29,paid_search,P011,Urban Bottle 11,true,false,false,52,,,
V004709,C00893,2025-04-26,social,P014,Active Mat 14,true,false,false,23,,,
V004710,C00207,2025-11-17,direct,P029,Bright Organizer 29,true,true,false,49,,,
V004711,C00397,2025-12-19,direct,P028,Essential Bag 28,true,false,false,115,WEEKEND15,,
V004712,C00562,2025-12-23,email,P004,Essential Bag 04,false,false,false,86,WEEKEND15,,
V004713,C00794,2025-05-04,email,P019,Urban Bottle 19,true,false,false,29,,,
V004714,C00335,2025-10-14,paid_search,P017,Daily Lamp 17,true,false,true,81,,T005316,
V004715,C00414,2025-05-19,email,P020,Essential Bag 20,true,false,false,52,WELCOME5,,
V004716,C00259,2025-06-28,paid_search,P025,Daily Lamp 25,true,false,false,113,,,
V004717,C00160,2025-12-14,paid_search,P020,Essential Bag 20,true,false,false,165,,,
V004718,C00342,2025-07-09,paid_search,P012,Essential Bag 12,true,false,false,52,,,
V004719,C00154,2025-01-15,social,P010,Pure Band 10,true,true,false,159,WELCOME5,,
V004720,C00303,2025-11-27,paid_search,P024,Modern Serum 24,false,false,false,41,,,
V004721,C00789,2025-01-05,social,P018,Pure Band 18,true,false,false,65,,,
V004722,C00300,2025-04-06,organic_search,P027,Urban Bottle 27,true,false,false,110,,,
V004723,C00086,2025-05-09,direct,P021,Bright Organizer 21,true,false,false,260,,,
V004724,C00522,2025-04-07,social,P009,Daily Lamp 09,true,true,false,57,,,
V004725,C00441,2025-05-08,social,P013,Bright Organizer 13,true,false,false,9,,,
V004726,C00392,2025-03-09,referral,P021,Bright Organizer 21,true,false,false,229,,,
V004727,C00391,2025-01-07,organic_search,P023,Calm Cream 23,true,false,false,36,,,
V004728,C00872,2025-03-02,direct,P021,Bright Organizer 21,true,true,false,30,,,
V004729,C00199,2025-09-09,paid_search,P010,Pure Band 10,true,false,false,90,,,
V004730,C00796,2025-05-09,email,P025,Daily Lamp 25,true,true,false,65,LOYALTY10,,
V004731,C00355,2025-07-26,email,P022,Active Mat 22,true,false,false,50,,,
V004732,C00914,2025-09-24,referral,P015,Calm Cream 15,true,false,true,44,,T004951,
V004733,C00615,2025-03-31,paid_search,P001,Daily Lamp 01,true,false,false,47,,,
V004734,C00121,2025-02-19,email,P006,Active Mat 06,true,false,false,98,,,
V004735,C00952,2025-03-07,direct,P016,Modern Serum 16,true,false,false,36,WEEKEND15,,
V004736,C00867,2025-08-19,organic_search,P013,Bright Organizer 13,true,true,false,71,,,
V004737,C00960,2025-02-03,organic_search,P018,Pure Band 18,true,false,false,16,,,
V004738,C00607,2025-09-25,direct,P026,Pure Band 26,true,false,false,22,LOYALTY10,,
V004739,C00214,2025-01-12,organic_search,P018,Pure Band 18,true,false,false,13,,,
V004740,C00428,2025-06-30,paid_search,P004,Essential Bag 04,false,false,false,32,,,
V004741,C00396,2025-06-25,email,P014,Active Mat 14,true,true,true,864,,T003366,
V004742,C00683,2025-01-15,paid_search,P028,Essential Bag 28,true,false,false,19,,,
V004743,C00001,2025-03-08,paid_search,P021,Bright Organizer 21,true,false,false,23,,,
V004744,C00419,2025-04-04,direct,P029,Bright Organizer 29,true,false,false,65,,,
V004745,C00248,2025-01-18,organic_search,P004,Essential Bag 04,true,false,false,25,,,
V004746,C00877,2025-09-29,social,P011,Urban Bottle 11,true,false,false,30,,,
V004747,C00078,2025-03-11,social,P027,Urban Bottle 27,true,false,false,20,,,
V004748,C00101,2025-12-23,social,P025,Daily Lamp 25,true,false,false,21,,,
V004749,C00670,2025-10-31,email,P017,Daily Lamp 17,true,true,false,33,,,
V004750,C00908,2025-09-26,organic_search,P003,Urban Bottle 03,true,false,false,35,LOYALTY10,,
V004751,C00407,2025-05-24,email,P019,Urban Bottle 19,true,false,false,19,,,
V004752,C00902,2025-10-10,organic_search,P013,Bright Organizer 13,true,false,false,15,,,
V004753,C00238,2025-01-19,email,P029,Bright Organizer 29,true,false,false,375,WELCOME5,,
V004754,C00576,2025-09-06,organic_search,P030,Active Mat 30,true,true,false,20,WEEKEND15,,
V004755,C00844,2025-01-30,direct,P024,Modern Serum 24,true,false,false,92,,,
V004756,C00088,2025-10-11,social,P008,Modern Serum 08,true,true,false,45,,,
V004757,C00986,2025-02-11,referral,P030,Active Mat 30,true,false,false,92,,,
V004758,C00136,2025-02-05,referral,P008,Modern Serum 08,true,true,false,271,,,
V004759,C00417,2025-04-09,direct,P006,Active Mat 06,true,false,true,30,WEEKEND15,T001915,
V004760,C00731,2025-05-11,social,P006,Active Mat 06,true,true,false,170,WEEKEND15,,
V004761,C00729,2025-05-26,email,P024,Modern Serum 24,true,false,false,39,,,
V004762,C00210,2025-11-10,direct,P003,Urban Bottle 03,true,false,false,46,LOYALTY10,,
V004763,C00858,2025-12-26,paid_search,P016,Modern Serum 16,false,false,false,34,WELCOME5,,
V004764,C00813,2025-06-01,organic_search,P001,Daily Lamp 01,true,false,false,32,,,
V004765,C00505,2025-12-01,referral,P006,Active Mat 06,true,true,false,47,,,
V004766,C00037,2025-05-30,email,P004,Essential Bag 04,false,false,false,136,,,
V004767,C00352,2025-04-08,direct,P023,Calm Cream 23,true,false,false,187,,,
V004768,C00724,2025-07-15,email,P009,Daily Lamp 09,true,false,false,48,,,
V004769,C00986,2025-02-19,email,P006,Active Mat 06,true,false,false,27,,,
V004770,C00740,2025-10-18,paid_search,P030,Active Mat 30,true,false,false,5,,,
V004771,C00464,2025-12-04,organic_search,P008,Modern Serum 08,true,false,false,26,,,
V004772,C00694,2025-12-25,paid_search,P008,Modern Serum 08,true,false,false,85,,,
V004773,C00289,2025-05-10,organic_search,P003,Urban Bottle 03,true,false,false,159,,,
V004774,C00895,2025-12-29,direct,P001,Daily Lamp 01,false,false,false,23,,,
V004775,C00234,2025-06-28,email,P030,Active Mat 30,true,false,false,9,,,
V004776,C00460,2025-11-16,organic_search,P010,Pure Band 10,true,false,false,317,,,
V004777,C00681,2025-12-29,paid_search,P029,Bright Organizer 29,true,false,false,39,,,
V004778,C00960,2025-04-10,email,P004,Essential Bag 04,true,false,false,259,,,
V004779,C00519,2025-02-12,social,P006,Active Mat 06,true,false,false,48,,,
V004780,C00688,2025-05-03,email,P007,Calm Cream 07,true,false,false,30,,,
V004781,C00906,2025-04-10,organic_search,P017,Daily Lamp 17,true,false,false,36,,,
V004782,C00526,2025-10-13,direct,P024,Modern Serum 24,true,false,false,31,,,
V004783,C00940,2025-11-05,referral,P012,Essential Bag 12,true,false,false,51,,,
V004784,C00307,2025-04-28,email,P016,Modern Serum 16,true,false,true,130,,T002243,
V004785,C00187,2025-07-18,direct,P009,Daily Lamp 09,true,false,false,80,WELCOME5,,
V004786,C00532,2025-05-01,social,P005,Bright Organizer 05,true,false,false,92,LOYALTY10,,
V004787,C00623,2025-08-04,direct,P025,Daily Lamp 25,true,false,false,211,,,
V004788,C00172,2025-08-14,organic_search,P010,Pure Band 10,true,true,false,191,WEEKEND15,,
V004789,C00995,2025-06-19,organic_search,P016,Modern Serum 16,true,false,false,312,,,
V004790,C00855,2025-08-14,organic_search,P003,Urban Bottle 03,true,false,false,34,,,
V004791,C00974,2025-05-07,organic_search,P001,Daily Lamp 01,true,false,false,42,,,
V004792,C00879,2025-10-15,email,P029,Bright Organizer 29,true,false,true,153,,T005341,
V004793,C00005,2025-10-26,paid_search,P024,Modern Serum 24,true,true,true,353,,T005540,
V004794,C00804,2025-10-27,email,P025,Daily Lamp 25,true,false,false,109,,,
V004795,C00538,2025-08-24,direct,P014,Active Mat 14,false,false,false,28,WELCOME5,,
V004796,C00796,2025-05-24,organic_search,P004,Essential Bag 04,false,false,false,26,,,
V004797,C00735,2025-06-12,paid_search,P011,Urban Bottle 11,true,false,false,31,,,
V004798,C00050,2025-01-15,email,P020,Essential Bag 20,true,false,false,113,,,
V004799,C00483,2025-12-19,social,P006,Active Mat 06,false,false,false,56,,,
V004800,C00128,2025-06-11,paid_search,P003,Urban Bottle 03,true,false,false,44,,,
V004801,C00196,2025-11-25,social,P011,Urban Bottle 11,true,true,true,82,WELCOME5,T006037,
V004802,C00105,2025-05-21,social,P002,Pure Band 02,true,false,false,95,,,
V004803,C00434,2025-08-15,organic_search,P012,Essential Bag 12,true,true,false,130,LOYALTY10,,
V004804,C00357,2025-04-19,organic_search,P012,Essential Bag 12,true,false,false,11,WELCOME5,,
V004805,C00607,2025-12-16,organic_search,P020,Essential Bag 20,true,false,false,33,,,
V004806,C00689,2025-11-14,email,P009,Daily Lamp 09,true,false,false,42,LOYALTY10,,
V004807,C00539,2025-01-13,email,P028,Essential Bag 28,true,false,true,473,,T000226,
V004808,C00687,2025-11-10,organic_search,P010,Pure Band 10,true,false,false,93,,,
V004809,C00259,2025-11-06,direct,P025,Daily Lamp 25,true,false,false,51,,,
V004810,C00547,2025-05-31,email,P020,Essential Bag 20,true,false,false,183,WEEKEND15,,
V004811,C00885,2025-11-28,organic_search,P016,Modern Serum 16,false,false,false,131,,,
V004812,C00884,2025-01-16,organic_search,P024,Modern Serum 24,true,false,false,7,,,
V004813,C00744,2025-04-02,organic_search,P029,Bright Organizer 29,true,false,false,63,,,
V004814,C00495,2025-09-29,organic_search,P004,Essential Bag 04,false,false,false,27,,,
V004815,C00127,2025-01-16,social,P005,Bright Organizer 05,true,true,true,30,,T000301,
V004816,C00382,2025-03-22,social,P025,Daily Lamp 25,true,false,false,56,,,
V004817,C00797,2025-12-03,direct,P016,Modern Serum 16,true,false,false,57,,,
V004818,C00396,2025-05-11,email,P018,Pure Band 18,true,true,false,120,,,
V004819,C00297,2025-06-11,organic_search,P014,Active Mat 14,true,false,false,41,,,
V004820,C00625,2025-09-11,paid_search,P011,Urban Bottle 11,true,false,false,76,,,
V004821,C00788,2025-08-29,email,P012,Essential Bag 12,false,false,false,81,WEEKEND15,,
V004822,C00605,2025-04-13,social,P023,Calm Cream 23,true,false,false,90,,,
V004823,C00549,2025-04-20,organic_search,P011,Urban Bottle 11,true,false,false,161,,,
V004824,C00681,2025-06-21,organic_search,P008,Modern Serum 08,true,true,true,248,,T003270,
V004825,C00012,2025-05-27,referral,P023,Calm Cream 23,true,false,false,71,,,
V004826,C00721,2025-09-13,email,P021,Bright Organizer 21,true,false,false,27,,,
V004827,C00906,2025-11-30,direct,P004,Essential Bag 04,false,false,false,95,,,
V004828,C00061,2025-11-03,organic_search,P019,Urban Bottle 19,true,false,false,34,,,
V004829,C00904,2025-03-16,social,P003,Urban Bottle 03,true,false,false,46,,,
V004830,C00799,2025-09-16,organic_search,P004,Essential Bag 04,false,false,false,55,WELCOME5,,
V004831,C00988,2025-02-22,social,P013,Bright Organizer 13,true,false,false,110,,,
V004832,C00878,2025-11-21,paid_search,P018,Pure Band 18,false,false,false,25,,,
V004833,C00386,2025-03-28,email,P029,Bright Organizer 29,true,false,false,27,,,
V004834,C00059,2025-04-25,social,P012,Essential Bag 12,true,false,false,46,LOYALTY10,,
V004835,C00529,2025-04-09,direct,P030,Active Mat 30,true,false,false,73,LOYALTY10,,
V004836,C00778,2025-07-02,referral,P003,Urban Bottle 03,true,false,false,26,,,
V004837,C00384,2025-02-04,email,P027,Urban Bottle 27,true,false,false,53,,,
V004838,C00163,2025-02-19,direct,P004,Essential Bag 04,true,true,true,146,,T000937,
V004839,C00591,2025-10-22,paid_search,P002,Pure Band 02,true,false,false,87,,,
V004840,C00486,2025-05-31,organic_search,P027,Urban Bottle 27,true,false,false,54,,,
V004841,C00069,2025-05-11,direct,P012,Essential Bag 12,true,false,false,18,,,
V004842,C00797,2025-03-21,direct,P017,Daily Lamp 17,true,false,false,29,,,
V004843,C00775,2025-04-03,email,P009,Daily Lamp 09,true,true,false,60,,,
V004844,C00366,2025-05-25,social,P004,Essential Bag 04,false,false,false,12,,,
V004845,C00753,2025-04-12,social,P004,Essential Bag 04,true,false,false,29,,,
V004846,C00435,2025-05-24,direct,P011,Urban Bottle 11,true,false,false,43,,,
V004847,C00482,2025-10-29,organic_search,P003,Urban Bottle 03,true,true,false,89,,,
V004848,C00183,2025-08-08,paid_search,P012,Essential Bag 12,true,false,false,41,,,
V004849,C00794,2025-02-06,email,P009,Daily Lamp 09,true,false,false,29,,,
V004850,C00623,2025-05-23,organic_search,P028,Essential Bag 28,true,false,false,25,,,
V004851,C00747,2025-12-21,organic_search,P018,Pure Band 18,true,false,false,70,,,
V004852,C00957,2025-10-04,organic_search,P017,Daily Lamp 17,true,false,false,98,,,
V004853,C00726,2025-12-17,direct,P014,Active Mat 14,true,false,false,28,,,
V004854,C00393,2025-05-12,social,P008,Modern Serum 08,true,false,false,111,,,
V004855,C00138,2025-02-12,referral,P015,Calm Cream 15,true,false,false,130,,,
V004856,C00397,2025-06-22,social,P005,Bright Organizer 05,false,false,false,78,,,
V004857,C00777,2025-07-12,social,P010,Pure Band 10,true,false,false,98,WELCOME5,,
V004858,C00844,2025-07-25,paid_search,P009,Daily Lamp 09,true,false,false,48,,,
V004859,C00637,2025-09-28,organic_search,P016,Modern Serum 16,false,false,false,28,,,
V004860,C00401,2025-09-04,organic_search,P020,Essential Bag 20,true,false,false,69,LOYALTY10,,
V004861,C00218,2025-05-02,referral,P001,Daily Lamp 01,true,false,false,23,,,
V004862,C00056,2025-10-02,paid_search,P004,Essential Bag 04,true,false,false,164,LOYALTY10,,
V004863,C00451,2025-12-27,referral,P015,Calm Cream 15,true,false,false,46,,,
V004864,C00417,2025-01-18,paid_search,P028,Essential Bag 28,true,false,false,98,,,
V004865,C00368,2025-12-15,direct,P023,Calm Cream 23,true,false,false,68,,,
V004866,C00501,2025-08-14,social,P021,Bright Organizer 21,true,true,true,115,,T004268,
V004867,C00362,2025-01-28,social,P010,Pure Band 10,true,false,false,127,,,
V004868,C00089,2025-11-15,paid_search,P019,Urban Bottle 19,false,false,false,142,,,
V004869,C00970,2025-10-10,social,P028,Essential Bag 28,true,false,false,42,,,
V004870,C00321,2025-01-24,direct,P003,Urban Bottle 03,true,true,false,62,,,
V004871,C00710,2025-11-19,direct,P001,Daily Lamp 01,true,false,true,68,,T005942,
V004872,C00506,2025-01-09,email,P021,Bright Organizer 21,true,false,false,84,,,
V004873,C00950,2025-06-16,direct,P019,Urban Bottle 19,true,true,false,154,WEEKEND15,,
V004874,C00549,2025-10-24,organic_search,P024,Modern Serum 24,true,false,false,66,,,
V004875,C00021,2025-01-17,direct,P021,Bright Organizer 21,true,false,false,31,,,
V004876,C00994,2025-03-13,direct,P025,Daily Lamp 25,true,true,false,27,,,
V004877,C00991,2025-05-04,direct,P004,Essential Bag 04,true,false,false,44,,,
V004878,C00282,2025-11-14,organic_search,P006,Active Mat 06,true,false,false,23,,,
V004879,C00851,2025-09-08,paid_search,P006,Active Mat 06,true,false,false,29,,,
V004880,C00939,2025-08-23,organic_search,P004,Essential Bag 04,false,false,false,29,,,
V004881,C00057,2025-05-16,paid_search,P011,Urban Bottle 11,true,false,true,57,,T002576,
V004882,C00310,2025-04-02,social,P010,Pure Band 10,true,true,true,170,,T001760,
V004883,C00181,2025-03-09,social,P023,Calm Cream 23,true,false,false,25,WELCOME5,,
V004884,C00425,2025-08-06,direct,P015,Calm Cream 15,true,false,false,11,,,
V004885,C00336,2025-08-05,email,P030,Active Mat 30,true,false,false,23,WEEKEND15,,
V004886,C00275,2025-05-05,paid_search,P013,Bright Organizer 13,true,true,true,56,,T002382,
V004887,C00052,2025-07-03,email,P025,Daily Lamp 25,true,false,false,85,LOYALTY10,,
V004888,C00599,2025-01-01,direct,P018,Pure Band 18,true,false,true,94,,T000010,
V004889,C00717,2025-07-20,social,P022,Active Mat 22,true,false,false,388,,,
V004890,C00701,2025-03-14,organic_search,P030,Active Mat 30,true,false,false,28,WEEKEND15,,
V004891,C00143,2025-07-28,organic_search,P001,Daily Lamp 01,false,false,false,22,,,
V004892,C00172,2025-12-13,organic_search,P007,Calm Cream 07,true,true,false,64,,,
V004893,C00922,2025-08-20,social,P002,Pure Band 02,true,true,false,354,,,
V004894,C00922,2025-10-12,organic_search,P001,Daily Lamp 01,true,false,true,117,,T005287,
V004895,C00285,2025-10-23,organic_search,P028,Essential Bag 28,true,false,false,130,,,
V004896,C00414,2025-07-31,email,P014,Active Mat 14,true,false,false,84,,,
V004897,C00311,2025-09-24,email,P015,Calm Cream 15,true,true,true,145,,T004954,
V004898,C00066,2025-04-05,organic_search,P024,Modern Serum 24,true,false,false,59,WELCOME5,,
V004899,C00778,2025-02-20,direct,P020,Essential Bag 20,true,false,false,106,LOYALTY10,,
V004900,C00936,2025-06-25,referral,P004,Essential Bag 04,true,false,true,51,WELCOME5,T003343,
V004901,C00805,2025-11-23,direct,P024,Modern Serum 24,false,false,false,77,,,
V004902,C00362,2025-07-24,paid_search,P001,Daily Lamp 01,false,false,false,109,,,
V004903,C00908,2025-01-09,paid_search,P014,Active Mat 14,true,false,false,63,WELCOME5,,
V004904,C00457,2025-09-04,organic_search,P011,Urban Bottle 11,true,true,false,65,,,
V004905,C00012,2025-11-02,organic_search,P025,Daily Lamp 25,true,false,false,62,WEEKEND15,,
V004906,C00026,2025-01-18,organic_search,P011,Urban Bottle 11,true,false,false,97,,,
V004907,C00251,2025-01-10,social,P009,Daily Lamp 09,true,false,false,45,WEEKEND15,,
V004908,C00883,2025-11-06,email,P019,Urban Bottle 19,true,false,false,46,,,
V004909,C00775,2025-01-15,organic_search,P017,Daily Lamp 17,true,false,false,32,WEEKEND15,,
V004910,C00542,2025-07-21,email,P002,Pure Band 02,true,false,false,78,,,
V004911,C00289,2025-11-12,organic_search,P025,Daily Lamp 25,true,false,false,207,WEEKEND15,,
V004912,C00634,2025-01-23,direct,P006,Active Mat 06,true,false,false,47,,,
V004913,C00656,2025-12-17,social,P027,Urban Bottle 27,true,false,false,214,,,
V004914,C00114,2025-09-12,social,P019,Urban Bottle 19,true,false,false,9,LOYALTY10,,
V004915,C00928,2025-01-26,referral,P006,Active Mat 06,true,false,false,148,,,
V004916,C00208,2025-01-16,referral,P024,Modern Serum 24,true,true,true,155,,T000285,
V004917,C00277,2025-02-10,email,P022,Active Mat 22,true,false,false,30,,,
V004918,C00667,2025-01-05,paid_search,P023,Calm Cream 23,true,false,false,51,,,
V004919,C00182,2025-05-23,referral,P029,Bright Organizer 29,true,false,false,75,,,
V004920,C00243,2025-05-02,organic_search,P028,Essential Bag 28,true,true,false,37,LOYALTY10,,
V004921,C00262,2025-12-26,organic_search,P026,Pure Band 26,false,false,false,48,,,
V004922,C00903,2025-07-14,email,P014,Active Mat 14,true,false,false,90,WEEKEND15,,
V004923,C00124,2025-07-03,paid_search,P030,Active Mat 30,true,false,false,33,,,
V004924,C00552,2025-01-11,paid_search,P003,Urban Bottle 03,true,false,false,16,,,
V004925,C00856,2025-05-05,social,P018,Pure Band 18,true,false,false,56,,,
V004926,C00095,2025-04-28,email,P011,Urban Bottle 11,true,false,false,221,,,
V004927,C00199,2025-06-27,social,P001,Daily Lamp 01,false,false,false,315,,,
V004928,C00558,2025-05-12,direct,P028,Essential Bag 28,true,false,false,34,,,
V004929,C00214,2025-11-29,organic_search,P024,Modern Serum 24,false,false,false,143,WELCOME5,,
V004930,C00965,2025-11-16,organic_search,P030,Active Mat 30,true,false,false,33,,,
V004931,C00590,2025-03-13,social,P025,Daily Lamp 25,true,false,false,78,WEEKEND15,,
V004932,C00289,2025-06-11,organic_search,P016,Modern Serum 16,true,false,false,73,,,
V004933,C00862,2025-06-07,paid_search,P027,Urban Bottle 27,true,false,false,205,,,
V004934,C00408,2025-01-04,email,P016,Modern Serum 16,true,false,false,22,,,
V004935,C00389,2025-12-14,paid_search,P003,Urban Bottle 03,true,false,false,28,WELCOME5,,
V004936,C00182,2025-07-17,organic_search,P009,Daily Lamp 09,true,true,false,41,WELCOME5,,
V004937,C01000,2025-02-05,paid_search,P016,Modern Serum 16,true,false,false,11,LOYALTY10,,
V004938,C00820,2025-08-13,organic_search,P023,Calm Cream 23,true,false,false,35,,,
V004939,C00182,2025-01-22,email,P021,Bright Organizer 21,true,false,false,133,,,
V004940,C00172,2025-09-07,email,P017,Daily Lamp 17,true,false,false,54,,,
V004941,C00974,2025-01-29,email,P020,Essential Bag 20,true,false,false,91,,,
V004942,C00183,2025-10-02,organic_search,P016,Modern Serum 16,true,true,false,66,,,
V004943,C00974,2025-06-11,organic_search,P006,Active Mat 06,true,false,false,113,,,
V004944,C00469,2025-01-01,social,P003,Urban Bottle 03,true,false,true,33,,T000012,
V004945,C00398,2025-07-11,direct,P012,Essential Bag 12,true,true,false,45,WELCOME5,,
V004946,C00490,2025-12-30,email,P016,Modern Serum 16,false,false,false,74,,,
V004947,C00355,2025-08-17,direct,P016,Modern Serum 16,true,false,false,39,,,
V004948,C00047,2025-08-16,email,P012,Essential Bag 12,true,false,false,91,WELCOME5,,
V004949,C00055,2025-03-10,organic_search,P030,Active Mat 30,true,false,false,139,,,
V004950,C00972,2025-11-29,email,P029,Bright Organizer 29,true,false,false,338,,,
V004951,C00743,2025-02-20,paid_search,P024,Modern Serum 24,true,false,false,104,,,
V004952,C00688,2025-06-04,social,P009,Daily Lamp 09,true,false,false,145,WELCOME5,,
V004953,C00420,2025-04-23,social,P020,Essential Bag 20,true,false,false,19,,,
V004954,C00669,2025-06-23,direct,P017,Daily Lamp 17,true,true,true,626,,T003317,
V004955,C00055,2025-01-27,direct,P012,Essential Bag 12,true,false,false,52,,,
V004956,C00262,2025-11-03,email,P025,Daily Lamp 25,true,false,false,39,,,
V004957,C00915,2025-02-08,organic_search,P004,Essential Bag 04,true,false,false,97,,,
V004958,C00994,2025-11-03,direct,P026,Pure Band 26,true,false,false,139,,,
V004959,C00856,2025-11-24,email,P020,Essential Bag 20,true,false,false,82,,,
V004960,C00928,2025-01-10,social,P019,Urban Bottle 19,true,false,false,64,WEEKEND15,,
V004961,C00901,2025-09-16,email,P019,Urban Bottle 19,true,false,false,36,,,
V004962,C00645,2025-04-25,direct,P003,Urban Bottle 03,true,false,false,21,,,
V004963,C00844,2025-03-28,social,P006,Active Mat 06,false,false,false,59,,,
V004964,C00155,2025-05-07,paid_search,P030,Active Mat 30,true,false,false,26,,,
V004965,C00736,2025-04-17,direct,P013,Bright Organizer 13,true,false,false,11,,,
V004966,C00541,2025-02-23,direct,P001,Daily Lamp 01,true,true,false,144,,,
V004967,C00921,2025-10-05,paid_search,P026,Pure Band 26,true,false,false,31,,,
V004968,C00364,2025-10-05,organic_search,P009,Daily Lamp 09,true,false,false,22,,,
V004969,C00005,2025-11-03,organic_search,P006,Active Mat 06,true,false,false,32,,,
V004970,C00328,2025-08-08,direct,P004,Essential Bag 04,true,false,false,85,,,
V004971,C00385,2025-10-23,organic_search,P016,Modern Serum 16,false,false,false,80,,,
V004972,C00890,2025-12-21,paid_search,P024,Modern Serum 24,false,false,false,43,,,
V004973,C00873,2025-06-14,organic_search,P019,Urban Bottle 19,true,true,false,134,,,
V004974,C00315,2025-07-30,paid_search,P006,Active Mat 06,false,false,false,20,,,
V004975,C00179,2025-06-28,organic_search,P028,Essential Bag 28,true,false,true,53,,T003416,
V004976,C00433,2025-08-24,social,P011,Urban Bottle 11,true,false,false,44,,,
V004977,C00862,2025-11-20,paid_search,P007,Calm Cream 07,true,false,true,21,,T005957,
V004978,C00970,2025-12-13,paid_search,P008,Modern Serum 08,true,false,false,17,,,
V004979,C00916,2025-10-29,referral,P003,Urban Bottle 03,true,false,false,51,,,
V004980,C00686,2025-03-08,organic_search,P011,Urban Bottle 11,true,false,false,53,LOYALTY10,,
V004981,C00756,2025-02-20,email,P011,Urban Bottle 11,true,false,false,405,,,
V004982,C00185,2025-02-15,organic_search,P024,Modern Serum 24,true,false,false,19,,,
V004983,C00955,2025-11-22,social,P027,Urban Bottle 27,true,false,false,193,,,
V004984,C00363,2025-02-14,organic_search,P012,Essential Bag 12,true,false,false,25,LOYALTY10,,
V004985,C00837,2025-08-01,organic_search,P014,Active Mat 14,true,false,false,15,LOYALTY10,,
V004986,C00316,2025-10-14,referral,P016,Modern Serum 16,false,false,false,157,,,
V004987,C00590,2025-10-20,organic_search,P030,Active Mat 30,true,false,false,17,WELCOME5,,
V004988,C00554,2025-04-18,social,P019,Urban Bottle 19,true,true,true,84,,T002076,
V004989,C00130,2025-11-01,social,P017,Daily Lamp 17,true,true,false,40,,,
V004990,C00467,2025-05-17,direct,P014,Active Mat 14,true,false,false,55,,,
V004991,C00107,2025-04-01,organic_search,P027,Urban Bottle 27,true,false,false,75,,,
V004992,C00967,2025-03-28,organic_search,P025,Daily Lamp 25,true,false,false,54,,,
V004993,C00388,2025-04-21,email,P007,Calm Cream 07,true,false,false,71,,,
V004994,C00855,2025-09-17,organic_search,P007,Calm Cream 07,true,true,true,127,WELCOME5,T004854,
V004995,C00455,2025-04-20,direct,P001,Daily Lamp 01,true,false,false,69,,,
V004996,C00693,2025-01-14,organic_search,P002,Pure Band 02,true,false,false,202,,,
V004997,C00370,2025-01-19,social,P004,Essential Bag 04,true,true,false,39,WELCOME5,,
V004998,C00292,2025-01-13,direct,P024,Modern Serum 24,true,false,true,181,,T000234,
V004999,C00479,2025-03-11,paid_search,P007,Calm Cream 07,true,true,false,41,,,
V005000,C00999,2025-04-25,paid_search,P005,Bright Organizer 05,true,false,false,78,,,
V005001,C00023,2025-05-04,direct,P009,Daily Lamp 09,true,true,false,131,,,
V005002,C00482,2025-03-21,organic_search,P018,Pure Band 18,true,false,false,269,,,
V005003,C00353,2025-09-09,organic_search,P001,Daily Lamp 01,true,false,false,14,,,
V005004,C00125,2025-12-29,direct,P008,Modern Serum 08,true,false,false,321,,,
V005005,C00290,2025-05-25,social,P022,Active Mat 22,true,false,false,36,,,
V005006,C00193,2025-04-16,paid_search,P011,Urban Bottle 11,true,false,false,74,,,
V005007,C00422,2025-03-27,social,P021,Bright Organizer 21,true,false,false,94,,,
V005008,C00197,2025-06-19,organic_search,P012,Essential Bag 12,true,false,false,23,,,
V005009,C00852,2025-08-14,social,P025,Daily Lamp 25,true,false,false,108,WEEKEND15,,
V005010,C00327,2025-10-05,email,P005,Bright Organizer 05,true,true,false,53,,,
V005011,C00215,2025-05-11,social,P026,Pure Band 26,true,false,false,49,,,
V005012,C00206,2025-07-03,email,P006,Active Mat 06,true,false,false,126,,,
V005013,C00255,2025-06-13,direct,P010,Pure Band 10,true,false,false,88,,,
V005014,C00178,2025-08-19,direct,P019,Urban Bottle 19,false,false,false,136,,,
V005015,C00010,2025-01-17,direct,P002,Pure Band 02,true,false,false,71,,,
V005016,C00343,2025-11-10,organic_search,P027,Urban Bottle 27,true,false,false,16,,,
V005017,C00672,2025-02-18,social,P011,Urban Bottle 11,true,false,false,84,WELCOME5,,
V005018,C00138,2025-10-25,organic_search,P021,Bright Organizer 21,true,false,true,22,,T005524,
V005019,C00749,2025-11-01,paid_search,P009,Daily Lamp 09,true,true,false,57,,,
V005020,C00949,2025-09-10,organic_search,P020,Essential Bag 20,true,false,false,14,WELCOME5,,
V005021,C00111,2025-08-28,organic_search,P029,Bright Organizer 29,true,false,false,16,,,
V005022,C00790,2025-03-13,paid_search,P002,Pure Band 02,true,false,true,134,,T001356,
V005023,C00101,2025-11-15,direct,P004,Essential Bag 04,true,true,true,93,,T005880,
V005024,C00746,2025-12-07,organic_search,P011,Urban Bottle 11,true,false,false,446,,,
V005025,C00439,2025-05-26,organic_search,P005,Bright Organizer 05,true,false,false,47,,,
V005026,C00777,2025-04-25,direct,P016,Modern Serum 16,true,true,false,20,LOYALTY10,,
V005027,C00906,2025-01-09,organic_search,P006,Active Mat 06,true,true,false,325,WEEKEND15,,
V005028,C00673,2025-01-08,organic_search,P010,Pure Band 10,true,false,false,68,,,
V005029,C00575,2025-10-14,direct,P019,Urban Bottle 19,true,true,false,60,,,
V005030,C00953,2025-08-07,direct,P001,Daily Lamp 01,true,false,true,49,,T004122,
V005031,C00066,2025-04-26,organic_search,P014,Active Mat 14,true,false,false,40,,,
V005032,C00351,2025-04-24,direct,P003,Urban Bottle 03,true,false,false,79,,,
V005033,C00512,2025-06-30,direct,P028,Essential Bag 28,true,false,false,50,,,
V005034,C00152,2025-10-19,social,P020,Essential Bag 20,true,false,false,32,,,
V005035,C00175,2025-03-07,paid_search,P030,Active Mat 30,true,false,false,38,,,
V005036,C00490,2025-04-03,paid_search,P018,Pure Band 18,true,false,false,32,LOYALTY10,,
V005037,C00486,2025-03-27,direct,P006,Active Mat 06,false,false,false,57,,,
V005038,C00403,2025-06-06,paid_search,P015,Calm Cream 15,true,true,false,96,,,
V005039,C00925,2025-01-10,organic_search,P010,Pure Band 10,true,false,false,40,,,
V005040,C00033,2025-06-03,organic_search,P010,Pure Band 10,true,false,false,28,,,
V005041,C00939,2025-05-17,social,P006,Active Mat 06,true,true,false,79,,,
V005042,C00617,2025-06-17,organic_search,P005,Bright Organizer 05,true,false,false,40,,,
V005043,C00376,2025-05-11,email,P021,Bright Organizer 21,true,false,false,49,,,
V005044,C00154,2025-09-13,organic_search,P001,Daily Lamp 01,true,false,false,88,,,
V005045,C00510,2025-03-14,social,P019,Urban Bottle 19,true,false,true,105,,T001377,
V005046,C00968,2025-07-06,email,P019,Urban Bottle 19,true,false,false,53,,,
V005047,C00752,2025-12-24,email,P028,Essential Bag 28,false,false,false,321,,,
V005048,C00544,2025-12-01,paid_search,P015,Calm Cream 15,true,true,false,42,WELCOME5,,
V005049,C00882,2025-08-20,organic_search,P017,Daily Lamp 17,true,false,false,139,,,
V005050,C00984,2025-09-29,organic_search,P021,Bright Organizer 21,true,false,false,47,,,
V005051,C00438,2025-02-03,email,P013,Bright Organizer 13,true,false,false,8,WEEKEND15,,
V005052,C00231,2025-04-18,social,P023,Calm Cream 23,true,false,false,43,,,
V005053,C00112,2025-06-09,social,P008,Modern Serum 08,true,false,false,25,,,
V005054,C00125,2025-10-06,organic_search,P024,Modern Serum 24,true,false,false,45,WELCOME5,,
V005055,C00497,2025-05-25,paid_search,P025,Daily Lamp 25,true,false,false,30,,,
V005056,C00693,2025-01-05,organic_search,P027,Urban Bottle 27,true,false,false,21,,,
V005057,C00904,2025-06-30,social,P002,Pure Band 02,true,false,false,89,WEEKEND15,,
V005058,C00135,2025-06-21,paid_search,P014,Active Mat 14,true,false,false,15,,,
V005059,C00015,2025-12-07,social,P021,Bright Organizer 21,true,false,false,57,,,
V005060,C00385,2025-11-24,social,P009,Daily Lamp 09,true,true,false,97,,,
V005061,C00027,2025-04-08,organic_search,P009,Daily Lamp 09,true,true,false,74,,,
V005062,C00321,2025-09-09,organic_search,P005,Bright Organizer 05,true,false,false,17,,,
V005063,C00437,2025-11-22,social,P028,Essential Bag 28,true,true,false,72,,,
V005064,C00690,2025-08-16,social,P012,Essential Bag 12,true,false,false,19,,,
V005065,C00201,2025-09-20,email,P025,Daily Lamp 25,true,false,false,21,,,
V005066,C00667,2025-06-21,email,P026,Pure Band 26,true,false,false,50,,,
V005067,C00080,2025-10-20,email,P023,Calm Cream 23,true,false,false,47,WELCOME5,,
V005068,C00754,2025-09-04,organic_search,P025,Daily Lamp 25,true,false,false,32,,,
V005069,C00764,2025-11-09,paid_search,P019,Urban Bottle 19,true,false,false,83,,,
V005070,C00006,2025-10-01,email,P029,Bright Organizer 29,true,true,true,177,,T005064,
V005071,C00413,2025-08-27,social,P011,Urban Bottle 11,true,false,false,90,,,
V005072,C00605,2025-11-23,paid_search,P029,Bright Organizer 29,true,false,false,41,,,
V005073,C00855,2025-07-31,organic_search,P002,Pure Band 02,true,false,false,36,WEEKEND15,,
V005074,C00463,2025-10-13,paid_search,P013,Bright Organizer 13,true,true,false,128,,,
V005075,C00661,2025-12-07,social,P006,Active Mat 06,true,false,false,217,WELCOME5,,
V005076,C00769,2025-10-26,social,P028,Essential Bag 28,true,false,false,33,,,
V005077,C00244,2025-04-30,social,P004,Essential Bag 04,false,false,false,288,,,
V005078,C00124,2025-09-25,direct,P007,Calm Cream 07,true,false,false,15,WEEKEND15,,
V005079,C00190,2025-09-29,paid_search,P016,Modern Serum 16,false,false,false,201,,,
V005080,C00064,2025-08-05,paid_search,P005,Bright Organizer 05,true,false,true,212,,T004059,
V005081,C00070,2025-07-26,organic_search,P013,Bright Organizer 13,true,false,false,58,LOYALTY10,,
V005082,C00952,2025-03-10,email,P013,Bright Organizer 13,true,false,false,19,,,
V005083,C00294,2025-11-04,paid_search,P001,Daily Lamp 01,true,false,false,32,,,
V005084,C00427,2025-12-02,organic_search,P016,Modern Serum 16,true,false,false,12,,,
V005085,C00943,2025-04-13,paid_search,P004,Essential Bag 04,true,true,true,194,WELCOME5,T001985,
V005086,C00920,2025-07-20,social,P014,Active Mat 14,true,false,false,204,WELCOME5,,
V005087,C00334,2025-03-26,organic_search,P011,Urban Bottle 11,true,false,false,76,,,
V005088,C00937,2025-04-03,organic_search,P014,Active Mat 14,true,false,false,55,,,
V005089,C00644,2025-10-07,email,P029,Bright Organizer 29,true,true,false,120,WELCOME5,,
V005090,C00217,2025-04-09,direct,P010,Pure Band 10,true,false,false,108,WEEKEND15,,
V005091,C00193,2025-06-18,referral,P003,Urban Bottle 03,true,false,false,17,WELCOME5,,
V005092,C00937,2025-03-01,direct,P020,Essential Bag 20,true,false,false,99,,,
V005093,C00662,2025-12-13,organic_search,P018,Pure Band 18,true,false,false,91,,,
V005094,C00200,2025-09-20,organic_search,P005,Bright Organizer 05,true,false,false,156,LOYALTY10,,
V005095,C00765,2025-10-18,paid_search,P026,Pure Band 26,true,false,false,23,,,
V005096,C00023,2025-03-30,social,P014,Active Mat 14,true,false,false,279,LOYALTY10,,
V005097,C00195,2025-04-24,paid_search,P030,Active Mat 30,true,false,false,78,,,
V005098,C00185,2025-01-02,organic_search,P018,Pure Band 18,true,false,true,124,,T000030,
V005099,C00631,2025-08-23,organic_search,P025,Daily Lamp 25,true,false,false,93,,,
V005100,C00818,2025-10-28,referral,P012,Essential Bag 12,false,false,false,20,WELCOME5,,
V005101,C00834,2025-03-27,direct,P010,Pure Band 10,true,true,false,52,,,
V005102,C00998,2025-05-01,paid_search,P013,Bright Organizer 13,true,true,false,117,,,
V005103,C00170,2025-12-15,email,P027,Urban Bottle 27,true,false,false,103,,,
V005104,C00539,2025-05-06,organic_search,P018,Pure Band 18,true,false,false,352,,,
V005105,C00154,2025-12-26,social,P028,Essential Bag 28,false,false,false,88,,,
V005106,C00620,2025-06-20,direct,P016,Modern Serum 16,true,false,true,50,,T003257,
V005107,C00943,2025-01-02,direct,P026,Pure Band 26,true,false,false,108,,,
V005108,C00299,2025-02-04,paid_search,P025,Daily Lamp 25,true,false,false,112,,,
V005109,C00514,2025-01-28,social,P003,Urban Bottle 03,true,true,false,249,,,
V005110,C00646,2025-04-05,referral,P021,Bright Organizer 21,true,false,false,57,,,
V005111,C00843,2025-02-04,organic_search,P025,Daily Lamp 25,true,false,false,74,LOYALTY10,,
V005112,C00002,2025-08-05,social,P029,Bright Organizer 29,true,false,false,105,,,
V005113,C00702,2025-06-09,email,P007,Calm Cream 07,true,false,false,34,,,
V005114,C00419,2025-08-28,direct,P005,Bright Organizer 05,false,false,false,29,LOYALTY10,,
V005115,C00934,2025-02-03,paid_search,P009,Daily Lamp 09,true,false,false,18,WELCOME5,,
V005116,C00055,2025-04-03,organic_search,P024,Modern Serum 24,true,true,false,42,WELCOME5,,
V005117,C00299,2025-12-27,email,P008,Modern Serum 08,true,false,false,58,,,
V005118,C00250,2025-06-05,organic_search,P011,Urban Bottle 11,true,false,false,53,,,
V005119,C00875,2025-08-31,email,P023,Calm Cream 23,false,false,false,69,,,
V005120,C00831,2025-06-04,organic_search,P007,Calm Cream 07,true,true,false,56,,,
V005121,C00004,2025-12-16,direct,P013,Bright Organizer 13,true,false,false,18,WEEKEND15,,
V005122,C00082,2025-10-31,social,P003,Urban Bottle 03,true,false,false,97,,,
V005123,C00493,2025-07-29,direct,P030,Active Mat 30,true,false,false,45,WELCOME5,,
V005124,C00098,2025-06-09,email,P014,Active Mat 14,true,true,false,132,,,
V005125,C00616,2025-07-18,organic_search,P005,Bright Organizer 05,false,false,false,122,WEEKEND15,,
V005126,C00214,2025-10-09,organic_search,P006,Active Mat 06,true,false,false,8,,,
V005127,C00701,2025-04-22,email,P001,Daily Lamp 01,true,false,false,95,,,
V005128,C00480,2025-12-15,email,P024,Modern Serum 24,false,false,false,66,WELCOME5,,
V005129,C00126,2025-08-25,direct,P030,Active Mat 30,true,true,true,246,WELCOME5,T004456,
V005130,C00585,2025-05-09,direct,P006,Active Mat 06,true,false,false,82,,,
V005131,C00794,2025-11-28,social,P020,Essential Bag 20,true,false,false,151,,,
V005132,C00367,2025-09-19,referral,P019,Urban Bottle 19,true,false,false,154,WELCOME5,,
V005133,C00039,2025-04-30,social,P015,Calm Cream 15,true,false,false,126,,,
V005134,C00782,2025-02-04,email,P027,Urban Bottle 27,true,false,false,78,LOYALTY10,,
V005135,C00626,2025-02-22,organic_search,P018,Pure Band 18,true,true,false,50,,,
V005136,C00438,2025-06-06,paid_search,P014,Active Mat 14,true,false,false,24,,,
V005137,C00606,2025-12-05,social,P028,Essential Bag 28,true,false,false,88,,,
V005138,C00799,2025-03-21,social,P012,Essential Bag 12,true,true,false,26,,,
V005139,C00565,2025-06-22,organic_search,P002,Pure Band 02,true,false,false,106,,,
V005140,C00783,2025-11-27,social,P025,Daily Lamp 25,true,false,false,61,,,
V005141,C00222,2025-01-05,paid_search,P004,Essential Bag 04,true,false,false,16,,,
V005142,C00507,2025-05-26,organic_search,P002,Pure Band 02,true,false,false,23,,,
V005143,C00096,2025-08-16,referral,P013,Bright Organizer 13,true,false,false,9,LOYALTY10,,
V005144,C00131,2025-04-24,email,P007,Calm Cream 07,true,false,false,47,WEEKEND15,,
V005145,C00939,2025-06-29,email,P012,Essential Bag 12,true,false,false,101,WEEKEND15,,
V005146,C00362,2025-09-01,social,P004,Essential Bag 04,true,false,false,10,,,
V005147,C00871,2025-11-05,organic_search,P021,Bright Organizer 21,true,false,false,24,,,
V005148,C00541,2025-11-12,email,P015,Calm Cream 15,true,false,false,24,,,
V005149,C00200,2025-08-26,direct,P019,Urban Bottle 19,false,false,false,19,WELCOME5,,
V005150,C00319,2025-11-08,email,P025,Daily Lamp 25,true,true,false,298,,,
V005151,C00157,2025-11-21,social,P018,Pure Band 18,false,false,false,57,WEEKEND15,,
V005152,C00363,2025-07-01,social,P028,Essential Bag 28,true,false,false,18,,,
V005153,C00634,2025-12-15,referral,P006,Active Mat 06,false,false,false,8,,,
V005154,C00856,2025-12-18,organic_search,P011,Urban Bottle 11,true,true,false,145,,,
V005155,C00712,2025-08-12,paid_search,P025,Daily Lamp 25,true,false,false,96,,,
V005156,C00823,2025-07-15,paid_search,P026,Pure Band 26,true,false,false,17,,,
V005157,C00821,2025-11-04,paid_search,P027,Urban Bottle 27,true,false,false,34,,,
V005158,C00812,2025-09-16,paid_search,P002,Pure Band 02,true,false,false,39,WELCOME5,,
V005159,C00152,2025-03-29,direct,P022,Active Mat 22,true,true,false,62,,,
V005160,C00370,2025-09-10,referral,P025,Daily Lamp 25,true,false,false,71,,,
V005161,C00382,2025-01-02,organic_search,P020,Essential Bag 20,true,false,false,60,,,
V005162,C00762,2025-01-11,social,P001,Daily Lamp 01,true,false,false,76,,,
V005163,C00702,2025-04-17,paid_search,P030,Active Mat 30,true,false,false,26,,,
V005164,C00291,2025-01-25,email,P009,Daily Lamp 09,true,false,false,126,WEEKEND15,,
V005165,C00516,2025-11-25,direct,P018,Pure Band 18,false,false,false,53,,,
V005166,C00388,2025-08-02,direct,P018,Pure Band 18,true,true,false,220,,,
V005167,C00828,2025-09-29,email,P010,Pure Band 10,true,false,false,55,,,
V005168,C00255,2025-06-01,paid_search,P006,Active Mat 06,true,true,false,232,,,
V005169,C00288,2025-04-03,paid_search,P014,Active Mat 14,true,false,false,95,LOYALTY10,,
V005170,C00828,2025-06-09,direct,P005,Bright Organizer 05,true,false,false,99,,,
V005171,C00471,2025-11-17,email,P021,Bright Organizer 21,true,false,true,40,,T005918,
V005172,C00213,2025-09-10,email,P013,Bright Organizer 13,true,false,false,22,,,
V005173,C00692,2025-10-05,paid_search,P011,Urban Bottle 11,true,false,false,15,,,
V005174,C00157,2025-09-14,organic_search,P008,Modern Serum 08,true,false,false,32,LOYALTY10,,
V005175,C00188,2025-06-03,organic_search,P011,Urban Bottle 11,true,false,false,45,,,
V005176,C00874,2025-03-09,organic_search,P027,Urban Bottle 27,true,false,true,19,,T001272,
V005177,C00098,2025-11-05,email,P024,Modern Serum 24,true,false,false,80,,,
V005178,C00006,2025-04-04,social,P027,Urban Bottle 27,true,false,false,67,WEEKEND15,,
V005179,C00957,2025-02-28,organic_search,P024,Modern Serum 24,true,false,false,11,WEEKEND15,,
V005180,C00672,2025-09-05,organic_search,P017,Daily Lamp 17,true,false,false,54,,,
V005181,C00128,2025-04-22,email,P011,Urban Bottle 11,true,true,false,53,,,
V005182,C00713,2025-05-23,email,P025,Daily Lamp 25,true,false,false,6,LOYALTY10,,
V005183,C00197,2025-01-31,organic_search,P021,Bright Organizer 21,true,false,false,29,WELCOME5,,
V005184,C00360,2025-01-19,organic_search,P014,Active Mat 14,true,false,false,62,,,
V005185,C00633,2025-09-03,social,P012,Essential Bag 12,true,false,false,21,WELCOME5,,
V005186,C00325,2025-06-05,social,P010,Pure Band 10,true,false,false,17,LOYALTY10,,
V005187,C00549,2025-01-01,referral,P014,Active Mat 14,true,false,false,57,,,
V005188,C00822,2025-08-23,organic_search,P009,Daily Lamp 09,true,false,false,204,,,
V005189,C00461,2025-03-06,organic_search,P021,Bright Organizer 21,true,false,false,36,,,
V005190,C00507,2025-04-06,social,P015,Calm Cream 15,true,false,false,137,,,
V005191,C00649,2025-04-30,paid_search,P028,Essential Bag 28,true,false,false,14,,,
V005192,C00340,2025-05-08,direct,P006,Active Mat 06,true,false,false,51,WELCOME5,,
V005193,C00247,2025-11-12,social,P029,Bright Organizer 29,true,false,false,38,,,
V005194,C00885,2025-05-10,email,P015,Calm Cream 15,true,false,false,43,,,
V005195,C00799,2025-10-06,social,P011,Urban Bottle 11,true,false,false,37,LOYALTY10,,
V005196,C00645,2025-02-16,organic_search,P014,Active Mat 14,true,true,false,28,WELCOME5,,
V005197,C00295,2025-01-02,social,P015,Calm Cream 15,true,false,false,12,WEEKEND15,,
V005198,C00475,2025-06-01,email,P012,Essential Bag 12,true,false,false,41,,,
V005199,C00770,2025-01-28,paid_search,P024,Modern Serum 24,true,true,false,118,,,
V005200,C00627,2025-04-29,organic_search,P028,Essential Bag 28,true,false,false,95,,,
V005201,C00196,2025-12-11,email,P021,Bright Organizer 21,true,false,false,63,,,
V005202,C00189,2025-01-11,organic_search,P026,Pure Band 26,true,true,false,172,,,
V005203,C00144,2025-08-21,organic_search,P004,Essential Bag 04,false,false,false,35,,,
V005204,C00061,2025-06-28,paid_search,P015,Calm Cream 15,true,false,false,23,,,
V005205,C00177,2025-12-15,organic_search,P009,Daily Lamp 09,true,false,false,128,,,
V005206,C00232,2025-01-19,paid_search,P015,Calm Cream 15,true,true,false,167,,,
V005207,C00934,2025-10-27,email,P022,Active Mat 22,true,false,false,27,,,
V005208,C00761,2025-09-25,paid_search,P010,Pure Band 10,true,true,false,81,,,
V005209,C00643,2025-05-22,email,P029,Bright Organizer 29,true,false,false,153,,,
V005210,C00480,2025-01-18,referral,P018,Pure Band 18,true,true,false,111,,,
V005211,C00403,2025-09-07,paid_search,P004,Essential Bag 04,true,false,false,34,LOYALTY10,,
V005212,C00915,2025-04-10,social,P023,Calm Cream 23,true,false,false,12,,,
V005213,C00419,2025-06-20,email,P005,Bright Organizer 05,true,false,false,109,,,
V005214,C00806,2025-12-28,organic_search,P008,Modern Serum 08,true,false,false,16,,,
V005215,C00484,2025-03-28,email,P024,Modern Serum 24,true,false,true,65,LOYALTY10,T001669,
V005216,C00529,2025-08-27,paid_search,P013,Bright Organizer 13,true,false,false,111,,,
V005217,C00245,2025-12-23,direct,P017,Daily Lamp 17,true,false,false,66,,,
V005218,C00399,2025-07-23,direct,P011,Urban Bottle 11,true,false,false,71,,,
V005219,C00957,2025-04-05,direct,P023,Calm Cream 23,true,false,false,58,,,
V005220,C00293,2025-09-23,organic_search,P009,Daily Lamp 09,true,true,false,77,WEEKEND15,,
V005221,C00362,2025-10-24,email,P017,Daily Lamp 17,true,false,false,40,,,
V005222,C00783,2025-05-10,organic_search,P025,Daily Lamp 25,true,true,false,64,,,
V005223,C00144,2025-12-15,paid_search,P018,Pure Band 18,true,false,false,35,,,
V005224,C00552,2025-08-18,paid_search,P006,Active Mat 06,true,true,false,143,LOYALTY10,,
V005225,C00937,2025-12-26,direct,P013,Bright Organizer 13,true,false,false,51,,,
V005226,C00648,2025-06-05,direct,P020,Essential Bag 20,true,false,true,96,,T002969,
V005227,C00288,2025-03-27,email,P011,Urban Bottle 11,true,true,false,89,,,
V005228,C00428,2025-06-25,email,P030,Active Mat 30,true,false,false,80,,,
V005229,C00627,2025-12-15,organic_search,P024,Modern Serum 24,false,false,false,95,,,
V005230,C00191,2025-04-08,email,P003,Urban Bottle 03,true,false,false,29,,,
V005231,C00898,2025-05-03,organic_search,P021,Bright Organizer 21,true,true,false,44,,,
V005232,C00306,2025-11-24,social,P029,Bright Organizer 29,true,false,true,16,WELCOME5,T006011,
V005233,C00870,2025-11-14,direct,P015,Calm Cream 15,true,false,false,77,,,
V005234,C00382,2025-02-09,social,P015,Calm Cream 15,true,false,false,95,LOYALTY10,,
V005235,C00491,2025-04-17,email,P020,Essential Bag 20,true,false,false,27,WEEKEND15,,
V005236,C00089,2025-09-29,organic_search,P024,Modern Serum 24,false,false,false,401,LOYALTY10,,
V005237,C00679,2025-11-02,referral,P025,Daily Lamp 25,true,false,false,61,WELCOME5,,
V005238,C00550,2025-11-04,direct,P030,Active Mat 30,true,false,false,31,,,
V005239,C00388,2025-04-10,referral,P006,Active Mat 06,true,false,false,81,,,
V005240,C00140,2025-01-25,social,P015,Calm Cream 15,true,true,false,93,,,
V005241,C00276,2025-08-10,social,P029,Bright Organizer 29,true,false,false,16,WEEKEND15,,
V005242,C00812,2025-03-18,organic_search,P017,Daily Lamp 17,true,false,false,41,WEEKEND15,,
V005243,C00108,2025-06-07,social,P003,Urban Bottle 03,true,false,false,45,,,
V005244,C00731,2025-06-07,direct,P002,Pure Band 02,true,false,false,45,,,
V005245,C00355,2025-06-28,organic_search,P025,Daily Lamp 25,true,false,false,30,,,
V005246,C00802,2025-11-21,email,P024,Modern Serum 24,false,false,false,37,,,
V005247,C00297,2025-07-30,paid_search,P008,Modern Serum 08,true,false,false,10,,,
V005248,C00184,2025-01-24,direct,P009,Daily Lamp 09,true,false,false,49,LOYALTY10,,
V005249,C00831,2025-10-24,paid_search,P011,Urban Bottle 11,false,false,false,45,,,
V005250,C00723,2025-10-14,direct,P017,Daily Lamp 17,true,true,true,96,,T005309,
V005251,C00196,2025-11-21,email,P003,Urban Bottle 03,true,false,false,62,,,
V005252,C00388,2025-07-30,referral,P018,Pure Band 18,true,false,false,61,,,
V005253,C00239,2025-08-07,organic_search,P023,Calm Cream 23,true,false,false,61,,,
V005254,C00104,2025-11-10,organic_search,P009,Daily Lamp 09,true,false,false,54,,,
V005255,C00390,2025-11-16,email,P009,Daily Lamp 09,true,false,false,53,,,
V005256,C00519,2025-08-22,organic_search,P014,Active Mat 14,true,false,false,27,,,
V005257,C00470,2025-10-20,paid_search,P005,Bright Organizer 05,true,false,false,18,,,
V005258,C00016,2025-09-27,paid_search,P014,Active Mat 14,false,false,false,110,,,
V005259,C00606,2025-03-14,direct,P023,Calm Cream 23,true,false,false,48,,,
V005260,C00952,2025-01-07,referral,P013,Bright Organizer 13,true,false,false,7,,,
V005261,C00920,2025-01-13,referral,P020,Essential Bag 20,true,false,false,47,LOYALTY10,,
V005262,C00156,2025-07-22,email,P020,Essential Bag 20,true,false,false,76,LOYALTY10,,
V005263,C00645,2025-12-29,email,P022,Active Mat 22,true,false,false,42,,,
V005264,C00763,2025-12-04,paid_search,P009,Daily Lamp 09,true,true,false,75,,,
V005265,C00881,2025-11-08,paid_search,P007,Calm Cream 07,true,false,false,36,,,
V005266,C00645,2025-06-20,email,P028,Essential Bag 28,true,false,false,40,,,
V005267,C00079,2025-09-19,paid_search,P012,Essential Bag 12,true,false,false,75,,,
V005268,C00682,2025-12-05,social,P014,Active Mat 14,true,false,false,47,,,
V005269,C00426,2025-08-11,organic_search,P027,Urban Bottle 27,true,false,false,29,,,
V005270,C00393,2025-09-16,direct,P026,Pure Band 26,true,false,false,167,,,
V005271,C00128,2025-03-04,organic_search,P013,Bright Organizer 13,true,true,false,328,,,
V005272,C00816,2025-06-04,paid_search,P023,Calm Cream 23,true,false,false,79,,,
V005273,C00948,2025-02-05,email,P023,Calm Cream 23,true,false,false,40,,,
V005274,C00968,2025-10-25,direct,P013,Bright Organizer 13,true,false,false,204,,,
V005275,C00010,2025-12-05,email,P015,Calm Cream 15,true,false,false,25,,,
V005276,C00568,2025-02-23,organic_search,P023,Calm Cream 23,true,false,false,56,WEEKEND15,,
V005277,C00981,2025-03-27,paid_search,P005,Bright Organizer 05,true,false,false,44,,,
V005278,C00248,2025-03-16,social,P006,Active Mat 06,true,false,false,34,,,
V005279,C00256,2025-01-22,email,P019,Urban Bottle 19,true,false,false,62,,,
V005280,C00623,2025-10-19,paid_search,P013,Bright Organizer 13,true,false,false,57,,,
V005281,C00915,2025-12-20,social,P029,Bright Organizer 29,true,false,false,360,,,
V005282,C00983,2025-08-31,email,P028,Essential Bag 28,true,false,false,47,,,
V005283,C00586,2025-06-08,organic_search,P009,Daily Lamp 09,true,false,false,141,LOYALTY10,,
V005284,C00460,2025-09-20,organic_search,P021,Bright Organizer 21,true,false,false,36,,,
V005285,C00917,2025-11-27,direct,P004,Essential Bag 04,false,false,false,27,,,
V005286,C00917,2025-04-29,email,P015,Calm Cream 15,true,true,false,23,,,
V005287,C00647,2025-12-27,referral,P017,Daily Lamp 17,true,false,false,17,,,
V005288,C00178,2025-12-16,organic_search,P027,Urban Bottle 27,true,false,false,36,,,
V005289,C00695,2025-10-12,direct,P015,Calm Cream 15,true,false,false,29,WEEKEND15,,
V005290,C00725,2025-03-19,social,P019,Urban Bottle 19,true,false,false,196,,,
V005291,C00251,2025-08-21,referral,P020,Essential Bag 20,true,false,false,34,,,
V005292,C00750,2025-11-25,organic_search,P003,Urban Bottle 03,true,true,false,391,,,
V005293,C00764,2025-04-15,organic_search,P026,Pure Band 26,true,false,false,39,,,
V005294,C00752,2025-05-22,social,P030,Active Mat 30,true,false,false,33,,,
V005295,C00782,2025-11-11,paid_search,P021,Bright Organizer 21,true,false,false,72,,,
V005296,C00316,2025-06-30,organic_search,P008,Modern Serum 08,true,false,false,43,,,
V005297,C00693,2025-04-09,organic_search,P021,Bright Organizer 21,true,false,false,94,WEEKEND15,,
V005298,C00109,2025-06-25,social,P007,Calm Cream 07,true,true,false,33,LOYALTY10,,
V005299,C00465,2025-09-13,social,P004,Essential Bag 04,true,true,false,54,,,
V005300,C00483,2025-10-16,referral,P026,Pure Band 26,true,false,false,10,,,
V005301,C00321,2025-03-16,paid_search,P003,Urban Bottle 03,true,true,false,48,,,
V005302,C00273,2025-01-27,direct,P023,Calm Cream 23,true,false,false,61,WELCOME5,,
V005303,C00193,2025-06-28,direct,P014,Active Mat 14,true,false,false,61,,,
V005304,C00176,2025-05-13,direct,P012,Essential Bag 12,true,true,false,63,,,
V005305,C00601,2025-05-01,paid_search,P006,Active Mat 06,true,false,false,96,LOYALTY10,,
V005306,C00879,2025-07-09,direct,P029,Bright Organizer 29,true,false,false,15,,,
V005307,C00029,2025-06-23,email,P008,Modern Serum 08,true,true,false,194,,,
V005308,C00690,2025-11-26,paid_search,P012,Essential Bag 12,false,false,false,85,,,
V005309,C00734,2025-11-11,direct,P022,Active Mat 22,true,false,false,40,,,
V005310,C00458,2025-07-01,organic_search,P015,Calm Cream 15,true,false,false,113,,,
V005311,C00320,2025-12-27,direct,P027,Urban Bottle 27,true,false,false,35,WELCOME5,,
V005312,C00251,2025-12-04,paid_search,P014,Active Mat 14,true,false,false,86,,,
V005313,C00364,2025-08-23,social,P029,Bright Organizer 29,true,false,false,94,,,
V005314,C00913,2025-03-21,organic_search,P002,Pure Band 02,true,false,false,53,,,
V005315,C00622,2025-11-16,direct,P028,Essential Bag 28,true,true,false,34,,,
V005316,C00056,2025-08-22,social,P012,Essential Bag 12,true,true,false,138,WELCOME5,,
V005317,C00748,2025-08-23,email,P021,Bright Organizer 21,true,true,false,443,,,
V005318,C00995,2025-01-01,social,P020,Essential Bag 20,true,false,false,33,,,
V005319,C00893,2025-12-23,email,P012,Essential Bag 12,false,false,false,146,,,
V005320,C00746,2025-05-17,organic_search,P020,Essential Bag 20,true,false,false,77,,,
V005321,C00360,2025-07-06,organic_search,P028,Essential Bag 28,true,false,false,90,,,
V005322,C00991,2025-03-06,paid_search,P027,Urban Bottle 27,true,false,false,32,WELCOME5,,
V005323,C00870,2025-08-01,paid_search,P027,Urban Bottle 27,true,false,true,12,,T003989,
V005324,C00058,2025-06-14,social,P001,Daily Lamp 01,true,false,true,46,,T003141,
V005325,C00238,2025-03-09,paid_search,P027,Urban Bottle 27,true,false,false,13,,,
V005326,C00885,2025-07-17,direct,P005,Bright Organizer 05,true,false,true,162,,T003768,
V005327,C00390,2025-05-05,email,P007,Calm Cream 07,true,false,false,40,LOYALTY10,,
V005328,C00289,2025-12-23,paid_search,P025,Daily Lamp 25,true,true,false,62,,,
V005329,C00613,2025-08-20,email,P014,Active Mat 14,true,false,false,33,,,
V005330,C00603,2025-06-27,paid_search,P028,Essential Bag 28,true,false,false,34,WEEKEND15,,
V005331,C00804,2025-10-05,paid_search,P010,Pure Band 10,true,true,false,60,,,
V005332,C00318,2025-06-27,direct,P028,Essential Bag 28,true,false,true,72,,T003396,
V005333,C00133,2025-12-08,direct,P018,Pure Band 18,true,true,true,80,WEEKEND15,T006243,
V005334,C00817,2025-06-29,organic_search,P024,Modern Serum 24,true,false,false,97,,,
V005335,C00331,2025-07-13,social,P006,Active Mat 06,true,false,false,161,,,
V005336,C00251,2025-07-23,direct,P004,Essential Bag 04,false,false,false,198,,,
V005337,C00960,2025-12-01,organic_search,P022,Active Mat 22,true,false,false,9,,,
V005338,C00067,2025-08-13,social,P012,Essential Bag 12,true,false,false,5,,,
V005339,C00719,2025-08-05,direct,P016,Modern Serum 16,true,false,false,107,WELCOME5,,
V005340,C00908,2025-05-29,referral,P029,Bright Organizer 29,true,false,false,80,,,
V005341,C00928,2025-06-30,email,P009,Daily Lamp 09,true,false,false,15,,,
V005342,C00997,2025-07-24,paid_search,P018,Pure Band 18,true,false,false,51,,,
V005343,C00889,2025-09-24,email,P014,Active Mat 14,false,false,false,66,,,
V005344,C00926,2025-08-15,paid_search,P016,Modern Serum 16,true,true,true,104,,T004280,
V005345,C00954,2025-07-14,email,P019,Urban Bottle 19,true,false,false,27,,,
V005346,C00612,2025-12-06,social,P017,Daily Lamp 17,true,false,false,42,WELCOME5,,
V005347,C00787,2025-01-05,email,P003,Urban Bottle 03,true,false,false,7,LOYALTY10,,
V005348,C00573,2025-03-19,direct,P006,Active Mat 06,true,false,false,61,,,
V005349,C00948,2025-02-06,organic_search,P009,Daily Lamp 09,true,false,false,52,,,
V005350,C00169,2025-07-21,social,P010,Pure Band 10,true,false,false,29,,,
V005351,C00989,2025-02-12,paid_search,P022,Active Mat 22,true,false,false,52,,,
V005352,C00403,2025-11-13,social,P020,Essential Bag 20,true,false,false,241,,,
V005353,C00871,2025-05-01,paid_search,P009,Daily Lamp 09,true,true,false,218,,,
V005354,C00234,2025-03-12,email,P020,Essential Bag 20,true,false,false,135,,,
V005355,C00293,2025-06-13,paid_search,P028,Essential Bag 28,true,true,true,219,,T003125,
V005356,C00080,2025-02-20,organic_search,P029,Bright Organizer 29,true,false,false,104,,,
V005357,C00679,2025-02-04,direct,P020,Essential Bag 20,true,false,false,301,LOYALTY10,,
V005358,C00334,2025-02-10,direct,P008,Modern Serum 08,true,false,false,21,,,
V005359,C00800,2025-04-12,social,P017,Daily Lamp 17,true,false,false,60,,,
V005360,C00095,2025-08-21,direct,P027,Urban Bottle 27,true,false,false,34,,,
V005361,C00341,2025-05-29,social,P016,Modern Serum 16,true,false,false,28,,,
V005362,C00863,2025-10-21,social,P006,Active Mat 06,false,false,false,44,WEEKEND15,,
V005363,C00697,2025-04-21,referral,P017,Daily Lamp 17,true,false,false,62,,,
V005364,C00126,2025-09-07,organic_search,P022,Active Mat 22,true,false,false,129,,,
V005365,C00768,2025-05-06,paid_search,P024,Modern Serum 24,true,true,false,75,LOYALTY10,,
V005366,C00345,2025-09-06,organic_search,P028,Essential Bag 28,true,false,false,27,LOYALTY10,,
V005367,C00625,2025-11-02,organic_search,P014,Active Mat 14,true,false,false,76,LOYALTY10,,
V005368,C00510,2025-07-29,organic_search,P015,Calm Cream 15,true,false,false,11,,,
V005369,C00944,2025-08-30,email,P016,Modern Serum 16,false,false,false,56,LOYALTY10,,
V005370,C00530,2025-08-07,referral,P027,Urban Bottle 27,true,false,false,59,,,
V005371,C00112,2025-12-13,paid_search,P012,Essential Bag 12,true,false,false,26,WEEKEND15,,
V005372,C00434,2025-03-18,social,P008,Modern Serum 08,true,false,false,114,,,
V005373,C00141,2025-04-19,social,P022,Active Mat 22,true,false,false,17,,,
V005374,C00526,2025-01-05,paid_search,P012,Essential Bag 12,true,true,false,61,,,
V005375,C00858,2025-10-16,paid_search,P029,Bright Organizer 29,true,false,false,79,,,
V005376,C00124,2025-07-11,social,P004,Essential Bag 04,true,false,false,35,,,
V005377,C00376,2025-07-19,direct,P009,Daily Lamp 09,true,false,false,14,,,
V005378,C00027,2025-11-28,social,P023,Calm Cream 23,true,false,false,78,WELCOME5,,
V005379,C00376,2025-10-28,direct,P016,Modern Serum 16,false,false,false,63,,,
V005380,C00489,2025-11-26,organic_search,P001,Daily Lamp 01,false,false,false,80,,,
V005381,C00766,2025-12-30,organic_search,P019,Urban Bottle 19,false,false,false,43,,,
V005382,C00842,2025-04-20,organic_search,P003,Urban Bottle 03,true,true,false,77,,,
V005383,C00254,2025-01-14,social,P020,Essential Bag 20,true,false,false,58,,,
V005384,C00599,2025-02-28,paid_search,P007,Calm Cream 07,true,true,false,13,,,
V005385,C00054,2025-04-29,organic_search,P005,Bright Organizer 05,true,false,false,45,,,
V005386,C00920,2025-10-17,direct,P016,Modern Serum 16,false,false,false,187,,,
V005387,C00715,2025-08-22,direct,P001,Daily Lamp 01,false,false,false,43,,,
V005388,C00938,2025-10-08,organic_search,P030,Active Mat 30,true,false,false,15,,,
V005389,C00017,2025-05-12,direct,P005,Bright Organizer 05,true,false,false,138,,,
V005390,C00924,2025-05-07,organic_search,P005,Bright Organizer 05,true,false,false,112,,,
V005391,C00419,2025-03-04,organic_search,P027,Urban Bottle 27,true,false,false,36,,,
V005392,C00641,2025-06-02,organic_search,P016,Modern Serum 16,true,false,true,53,,T002924,
V005393,C00378,2025-03-23,direct,P024,Modern Serum 24,true,false,false,69,,,
V005394,C00069,2025-04-17,social,P007,Calm Cream 07,true,false,false,92,,,
V005395,C00219,2025-06-18,email,P026,Pure Band 26,true,false,false,209,,,
V005396,C00592,2025-12-17,email,P005,Bright Organizer 05,true,true,true,58,,T006393,
V005397,C00569,2025-09-02,organic_search,P029,Bright Organizer 29,true,true,true,106,,T004576,
V005398,C00913,2025-09-11,social,P025,Daily Lamp 25,true,false,false,96,,,
V005399,C00328,2025-11-16,direct,P003,Urban Bottle 03,true,false,false,78,,,
V005400,C00072,2025-06-21,social,P003,Urban Bottle 03,true,true,false,295,,,
V005401,C00711,2025-08-26,organic_search,P003,Urban Bottle 03,true,false,false,113,,,
V005402,C00402,2025-05-14,paid_search,P019,Urban Bottle 19,true,true,true,168,,T002540,
V005403,C00258,2025-08-05,email,P018,Pure Band 18,true,false,false,25,WELCOME5,,
V005404,C00221,2025-02-25,organic_search,P022,Active Mat 22,true,false,false,60,,,
V005405,C00009,2025-11-02,email,P005,Bright Organizer 05,true,true,true,299,WEEKEND15,T005627,
V005406,C00828,2025-06-01,social,P025,Daily Lamp 25,true,false,false,81,,,
V005407,C00105,2025-03-21,email,P002,Pure Band 02,true,true,false,98,,,
V005408,C00375,2025-08-24,organic_search,P012,Essential Bag 12,true,true,false,341,,,
V005409,C00534,2025-03-12,email,P005,Bright Organizer 05,true,false,false,73,,,
V005410,C00722,2025-03-06,direct,P011,Urban Bottle 11,true,false,false,82,,,
V005411,C00837,2025-04-05,direct,P022,Active Mat 22,true,false,false,24,,,
V005412,C00438,2025-04-05,organic_search,P019,Urban Bottle 19,true,false,false,50,,,
V005413,C00463,2025-06-29,social,P023,Calm Cream 23,false,false,false,171,,,
V005414,C00705,2025-10-22,social,P016,Modern Serum 16,false,false,false,64,,,
V005415,C00291,2025-05-23,paid_search,P015,Calm Cream 15,true,false,false,102,,,
V005416,C00877,2025-01-07,organic_search,P006,Active Mat 06,true,false,true,31,,T000113,
V005417,C00985,2025-06-10,organic_search,P016,Modern Serum 16,true,true,true,282,,T003073,
V005418,C00282,2025-06-25,paid_search,P024,Modern Serum 24,true,false,false,292,LOYALTY10,,
V005419,C00512,2025-10-18,organic_search,P011,Urban Bottle 11,true,false,false,25,,,
V005420,C00273,2025-08-11,referral,P030,Active Mat 30,true,false,false,73,WELCOME5,,
V005421,C00110,2025-04-08,email,P002,Pure Band 02,true,false,false,188,,,
V005422,C00829,2025-06-27,social,P022,Active Mat 22,true,false,false,18,WEEKEND15,,
V005423,C00247,2025-08-25,paid_search,P011,Urban Bottle 11,true,false,false,47,LOYALTY10,,
V005424,C00957,2025-04-11,email,P017,Daily Lamp 17,true,true,false,25,,,
V005425,C00234,2025-03-24,social,P009,Daily Lamp 09,true,true,true,233,,T001602,
V005426,C00139,2025-11-27,organic_search,P014,Active Mat 14,false,false,false,200,,,
V005427,C00596,2025-04-29,email,P006,Active Mat 06,false,false,false,628,,,
V005428,C00748,2025-02-18,paid_search,P025,Daily Lamp 25,true,false,false,27,WELCOME5,,
V005429,C00792,2025-05-06,paid_search,P026,Pure Band 26,true,false,false,52,,,
V005430,C00135,2025-02-28,organic_search,P017,Daily Lamp 17,true,false,false,56,,,
V005431,C00215,2025-03-31,social,P021,Bright Organizer 21,true,false,false,20,WEEKEND15,,
V005432,C00793,2025-11-06,paid_search,P026,Pure Band 26,true,false,false,99,WEEKEND15,,
V005433,C00229,2025-03-04,organic_search,P029,Bright Organizer 29,true,false,false,55,,,
V005434,C00006,2025-07-10,direct,P009,Daily Lamp 09,true,false,false,67,LOYALTY10,,
V005435,C00169,2025-08-20,social,P004,Essential Bag 04,false,false,false,176,,,
V005436,C00525,2025-01-04,organic_search,P008,Modern Serum 08,true,false,false,56,,,
V005437,C00003,2025-11-27,paid_search,P024,Modern Serum 24,false,false,false,204,,,
V005438,C00675,2025-01-24,direct,P008,Modern Serum 08,true,false,false,466,,,
V005439,C00475,2025-07-25,organic_search,P028,Essential Bag 28,true,false,false,40,,,
V005440,C00156,2025-05-30,direct,P021,Bright Organizer 21,true,true,false,90,,,
V005441,C00752,2025-04-21,paid_search,P022,Active Mat 22,true,false,false,69,,,
V005442,C00651,2025-11-21,organic_search,P020,Essential Bag 20,true,true,false,156,,,
V005443,C00266,2025-02-04,social,P004,Essential Bag 04,true,false,false,69,,,
V005444,C00211,2025-12-06,paid_search,P029,Bright Organizer 29,true,false,false,172,,,
V005445,C00706,2025-10-04,paid_search,P026,Pure Band 26,true,false,true,35,,T005121,
V005446,C00574,2025-12-17,social,P016,Modern Serum 16,false,false,false,61,,,
V005447,C00965,2025-04-21,organic_search,P008,Modern Serum 08,true,false,false,50,,,
V005448,C00597,2025-03-16,social,P002,Pure Band 02,true,false,false,38,,,
V005449,C00399,2025-09-08,organic_search,P026,Pure Band 26,true,false,false,16,,,
V005450,C00994,2025-01-27,direct,P017,Daily Lamp 17,true,false,false,24,WEEKEND15,,
V005451,C00050,2025-04-06,social,P012,Essential Bag 12,true,false,false,68,,,
V005452,C00976,2025-04-16,direct,P026,Pure Band 26,true,false,false,47,,,
V005453,C00555,2025-09-27,direct,P019,Urban Bottle 19,false,false,false,47,LOYALTY10,,
V005454,C00861,2025-03-27,organic_search,P028,Essential Bag 28,true,false,false,44,,,
V005455,C00398,2025-05-09,organic_search,P014,Active Mat 14,true,false,true,357,,T002448,
V005456,C00816,2025-01-21,paid_search,P003,Urban Bottle 03,true,false,false,17,,,
V005457,C00010,2025-06-20,email,P026,Pure Band 26,true,false,false,192,,,
V005458,C00582,2025-12-04,social,P028,Essential Bag 28,true,false,false,36,,,
V005459,C00808,2025-02-09,direct,P011,Urban Bottle 11,true,false,false,258,,,
V005460,C00688,2025-08-27,paid_search,P023,Calm Cream 23,false,false,false,178,,,
V005461,C00304,2025-05-19,paid_search,P019,Urban Bottle 19,true,false,true,261,WEEKEND15,T002663,
V005462,C00655,2025-10-12,social,P013,Bright Organizer 13,true,false,false,92,,,
V005463,C00855,2025-12-13,organic_search,P010,Pure Band 10,true,false,false,33,WEEKEND15,,
V005464,C00254,2025-11-09,direct,P004,Essential Bag 04,true,false,false,24,WEEKEND15,,
V005465,C00782,2025-12-27,email,P017,Daily Lamp 17,true,false,false,70,,,
V005466,C00827,2025-02-13,referral,P018,Pure Band 18,true,true,false,63,LOYALTY10,,
V005467,C00067,2025-08-16,organic_search,P014,Active Mat 14,true,false,false,50,,,
V005468,C00433,2025-07-28,organic_search,P012,Essential Bag 12,false,false,false,34,,,
V005469,C00091,2025-06-12,organic_search,P024,Modern Serum 24,true,false,true,236,LOYALTY10,T003103,
V005470,C00283,2025-06-04,paid_search,P024,Modern Serum 24,true,true,false,235,WELCOME5,,
V005471,C00908,2025-05-20,direct,P028,Essential Bag 28,true,true,true,258,WEEKEND15,T002674,
V005472,C00444,2025-12-08,referral,P029,Bright Organizer 29,true,false,false,25,,,
V005473,C00350,2025-01-21,paid_search,P025,Daily Lamp 25,true,false,false,13,LOYALTY10,,
V005474,C00144,2025-01-22,organic_search,P005,Bright Organizer 05,true,false,false,52,,,
V005475,C00212,2025-03-11,direct,P004,Essential Bag 04,true,false,false,22,,,
V005476,C00756,2025-02-19,social,P012,Essential Bag 12,true,false,true,101,,T000934,
V005477,C00116,2025-01-09,social,P001,Daily Lamp 01,true,false,false,148,,,
V005478,C00955,2025-02-11,paid_search,P001,Daily Lamp 01,true,false,false,35,WEEKEND15,,
V005479,C00767,2025-03-24,organic_search,P025,Daily Lamp 25,true,false,false,11,,,
V005480,C00702,2025-04-07,social,P023,Calm Cream 23,true,false,false,59,,,
V005481,C00188,2025-10-05,paid_search,P003,Urban Bottle 03,true,false,false,91,,,
V005482,C00778,2025-03-10,email,P020,Essential Bag 20,true,false,false,22,,,
V005483,C00154,2025-05-15,email,P015,Calm Cream 15,true,false,false,37,,,
V005484,C00823,2025-05-26,direct,P014,Active Mat 14,true,false,false,25,,,
V005485,C00847,2025-10-27,organic_search,P010,Pure Band 10,true,false,false,82,,,
V005486,C00828,2025-04-10,organic_search,P023,Calm Cream 23,true,false,false,25,,,
V005487,C00652,2025-12-21,paid_search,P006,Active Mat 06,false,false,false,42,,,
V005488,C00362,2025-08-29,social,P005,Bright Organizer 05,false,false,false,50,LOYALTY10,,
V005489,C00061,2025-04-17,email,P012,Essential Bag 12,true,false,false,100,WEEKEND15,,
V005490,C00009,2025-05-21,organic_search,P001,Daily Lamp 01,false,false,false,99,,,
V005491,C00409,2025-10-10,email,P007,Calm Cream 07,true,false,false,37,,,
V005492,C00917,2025-10-04,social,P022,Active Mat 22,true,false,true,16,,T005143,
V005493,C00638,2025-05-04,email,P022,Active Mat 22,true,false,false,9,,,
V005494,C00632,2025-07-07,social,P015,Calm Cream 15,true,false,false,231,WEEKEND15,,
V005495,C00995,2025-07-10,organic_search,P005,Bright Organizer 05,true,false,false,17,WELCOME5,,
V005496,C00142,2025-11-27,social,P016,Modern Serum 16,false,false,false,29,LOYALTY10,,
V005497,C00597,2025-05-14,email,P002,Pure Band 02,true,false,false,44,,,
V005498,C00786,2025-06-10,paid_search,P004,Essential Bag 04,true,false,false,28,,,
V005499,C00453,2025-11-02,paid_search,P013,Bright Organizer 13,true,false,false,44,,,
V005500,C00137,2025-08-05,social,P015,Calm Cream 15,true,false,false,166,WEEKEND15,,
V005501,C00525,2025-12-04,direct,P007,Calm Cream 07,true,false,false,7,,,
V005502,C00233,2025-02-21,organic_search,P019,Urban Bottle 19,true,true,false,99,,,
V005503,C00112,2025-04-04,paid_search,P010,Pure Band 10,true,false,false,30,WEEKEND15,,
V005504,C00618,2025-04-01,organic_search,P004,Essential Bag 04,true,false,false,9,,,
V005505,C00107,2025-12-23,paid_search,P022,Active Mat 22,true,false,false,24,,,
V005506,C00744,2025-09-02,social,P026,Pure Band 26,true,false,false,90,,,
V005507,C00437,2025-02-23,paid_search,P025,Daily Lamp 25,true,false,false,47,,,
V005508,C00428,2025-09-09,organic_search,P004,Essential Bag 04,true,false,true,219,LOYALTY10,T004695,
V005509,C00327,2025-11-01,paid_search,P018,Pure Band 18,true,true,false,23,,,
V005510,C00440,2025-04-17,paid_search,P003,Urban Bottle 03,true,true,false,91,,,
V005511,C00391,2025-02-21,social,P003,Urban Bottle 03,true,false,false,44,,,
V005512,C00587,2025-07-08,direct,P001,Daily Lamp 01,true,false,false,46,,,
V005513,C00625,2025-03-09,email,P010,Pure Band 10,true,false,false,57,WEEKEND15,,
V005514,C00737,2025-10-20,direct,P011,Urban Bottle 11,true,false,false,62,LOYALTY10,,
V005515,C00295,2025-02-18,organic_search,P020,Essential Bag 20,true,false,true,79,,T000908,
V005516,C00126,2025-03-17,organic_search,P020,Essential Bag 20,true,true,false,45,WEEKEND15,,
V005517,C00642,2025-05-07,direct,P021,Bright Organizer 21,true,false,false,97,,,
V005518,C00941,2025-09-29,organic_search,P008,Modern Serum 08,true,false,false,58,,,
V005519,C00131,2025-08-05,organic_search,P022,Active Mat 22,true,false,false,30,,,
V005520,C00316,2025-10-26,organic_search,P014,Active Mat 14,false,false,false,110,WELCOME5,,
V005521,C00526,2025-12-22,referral,P014,Active Mat 14,false,false,false,47,,,
V005522,C00827,2025-03-04,organic_search,P003,Urban Bottle 03,true,false,false,48,,,
V005523,C00947,2025-10-26,organic_search,P005,Bright Organizer 05,true,false,false,17,,,
V005524,C00062,2025-05-17,social,P019,Urban Bottle 19,true,false,false,222,,,
V005525,C00691,2025-05-15,direct,P029,Bright Organizer 29,true,false,false,49,,,
V005526,C00723,2025-08-26,organic_search,P016,Modern Serum 16,false,false,false,7,WEEKEND15,,
V005527,C00722,2025-08-07,email,P004,Essential Bag 04,true,false,false,44,,,
V005528,C00619,2025-07-13,social,P005,Bright Organizer 05,true,false,false,60,,,
V005529,C00369,2025-02-27,organic_search,P010,Pure Band 10,true,false,false,163,,,
V005530,C00372,2025-05-15,email,P009,Daily Lamp 09,true,false,true,24,,T002573,
V005531,C00435,2025-01-08,direct,P026,Pure Band 26,true,true,false,84,,,
V005532,C00442,2025-09-12,social,P013,Bright Organizer 13,true,true,true,293,,T004776,
V005533,C00164,2025-07-03,direct,P003,Urban Bottle 03,true,false,false,26,,,
V005534,C00622,2025-04-26,social,P001,Daily Lamp 01,true,false,false,36,,,
V005535,C00614,2025-12-08,paid_search,P015,Calm Cream 15,true,false,false,15,,,
V005536,C00399,2025-06-24,paid_search,P009,Daily Lamp 09,true,false,false,42,,,
V005537,C00019,2025-05-06,organic_search,P017,Daily Lamp 17,true,true,true,148,,T002395,
V005538,C00175,2025-12-06,paid_search,P023,Calm Cream 23,true,false,false,58,,,
V005539,C00757,2025-07-28,direct,P009,Daily Lamp 09,true,false,false,66,,,
V005540,C00378,2025-02-14,organic_search,P029,Bright Organizer 29,true,false,false,53,WELCOME5,,
V005541,C00743,2025-03-21,organic_search,P009,Daily Lamp 09,true,false,false,88,,,
V005542,C00854,2025-09-04,referral,P014,Active Mat 14,true,false,false,89,LOYALTY10,,
V005543,C00318,2025-03-17,direct,P019,Urban Bottle 19,true,false,false,26,,,
V005544,C00589,2025-12-18,paid_search,P013,Bright Organizer 13,true,false,false,37,,,
V005545,C00847,2025-10-04,paid_search,P012,Essential Bag 12,true,false,false,36,,,
V005546,C00820,2025-01-21,social,P011,Urban Bottle 11,true,true,false,109,,,
V005547,C00946,2025-08-30,social,P030,Active Mat 30,true,false,false,117,,,
V005548,C00208,2025-08-02,email,P015,Calm Cream 15,true,false,false,34,,,
V005549,C00671,2025-05-15,direct,P013,Bright Organizer 13,true,true,true,55,WELCOME5,T002566,
V005550,C00809,2025-12-21,paid_search,P005,Bright Organizer 05,true,false,true,40,,T006440,
V005551,C00079,2025-06-12,referral,P014,Active Mat 14,true,false,false,56,WELCOME5,,
V005552,C00320,2025-09-08,paid_search,P009,Daily Lamp 09,true,false,true,38,,T004682,
V005553,C00004,2025-05-02,social,P029,Bright Organizer 29,true,false,false,54,,,
V005554,C00177,2025-10-27,paid_search,P012,Essential Bag 12,false,false,false,36,,,
V005555,C00392,2025-01-02,direct,P004,Essential Bag 04,true,false,false,267,,,
V005556,C00061,2025-10-12,organic_search,P023,Calm Cream 23,true,true,false,161,WEEKEND15,,
V005557,C00532,2025-09-16,social,P014,Active Mat 14,false,false,false,41,,,
V005558,C00064,2025-03-16,direct,P008,Modern Serum 08,true,false,false,20,,,
V005559,C00948,2025-04-06,paid_search,P024,Modern Serum 24,true,false,false,201,,,
V005560,C00528,2025-06-25,email,P011,Urban Bottle 11,true,false,false,48,,,
V005561,C00171,2025-02-16,email,P001,Daily Lamp 01,true,true,true,294,WELCOME5,T000870,
V005562,C00400,2025-04-20,organic_search,P023,Calm Cream 23,true,true,false,36,LOYALTY10,,
V005563,C00616,2025-01-04,email,P008,Modern Serum 08,true,true,true,472,,T000069,
V005564,C00602,2025-03-10,email,P012,Essential Bag 12,true,false,false,117,WELCOME5,,
V005565,C00067,2025-10-13,paid_search,P001,Daily Lamp 01,true,false,false,14,WEEKEND15,,
V005566,C00619,2025-12-26,paid_search,P003,Urban Bottle 03,true,false,false,24,,,
V005567,C00400,2025-03-07,email,P004,Essential Bag 04,true,false,false,28,,,
V005568,C00741,2025-09-01,direct,P004,Essential Bag 04,true,true,false,52,,,
V005569,C00686,2025-01-27,social,P028,Essential Bag 28,true,false,false,78,,,
V005570,C00501,2025-09-22,referral,P023,Calm Cream 23,false,false,false,462,,,
V005571,C00554,2025-02-25,organic_search,P017,Daily Lamp 17,true,true,false,34,WEEKEND15,,
V005572,C00032,2025-04-21,email,P005,Bright Organizer 05,true,false,false,67,,,
V005573,C00872,2025-07-21,organic_search,P005,Bright Organizer 05,false,false,false,133,WELCOME5,,
V005574,C00626,2025-11-18,referral,P011,Urban Bottle 11,true,false,false,78,,,
V005575,C00558,2025-11-29,paid_search,P021,Bright Organizer 21,true,false,false,20,,,
V005576,C00418,2025-09-02,social,P003,Urban Bottle 03,true,true,false,586,,,
V005577,C00215,2025-05-17,direct,P028,Essential Bag 28,true,false,true,18,,T002618,
V005578,C00952,2025-02-03,email,P021,Bright Organizer 21,true,false,false,56,,,
V005579,C00549,2025-12-29,email,P016,Modern Serum 16,false,false,false,585,,,
V005580,C00055,2025-03-21,paid_search,P028,Essential Bag 28,true,false,true,52,,T001535,
V005581,C00569,2025-08-25,social,P005,Bright Organizer 05,false,false,false,36,,,
V005582,C00759,2025-11-26,referral,P016,Modern Serum 16,false,false,false,35,,,
V005583,C00782,2025-08-20,email,P020,Essential Bag 20,true,true,false,65,,,
V005584,C00089,2025-05-29,paid_search,P002,Pure Band 02,true,false,false,15,,,
V005585,C00794,2025-05-02,paid_search,P001,Daily Lamp 01,true,false,false,48,WELCOME5,,
V005586,C00220,2025-05-16,paid_search,P027,Urban Bottle 27,true,false,false,58,LOYALTY10,,
V005587,C00059,2025-11-07,social,P025,Daily Lamp 25,true,false,false,27,WELCOME5,,
V005588,C00039,2025-05-04,social,P027,Urban Bottle 27,true,false,false,67,WELCOME5,,
V005589,C00916,2025-01-07,referral,P006,Active Mat 06,true,false,false,87,,,
V005590,C00832,2025-12-29,social,P021,Bright Organizer 21,true,false,false,39,,,
V005591,C00182,2025-07-03,social,P001,Daily Lamp 01,true,false,false,42,,,
V005592,C00082,2025-07-30,organic_search,P001,Daily Lamp 01,false,false,false,77,WEEKEND15,,
V005593,C00623,2025-09-25,social,P013,Bright Organizer 13,true,false,false,41,,,
V005594,C00318,2025-10-16,email,P019,Urban Bottle 19,true,false,false,172,,,
V005595,C00733,2025-06-25,email,P010,Pure Band 10,true,false,false,5,,,
V005596,C00747,2025-01-29,organic_search,P016,Modern Serum 16,true,false,true,97,,T000546,
V005597,C00734,2025-01-30,social,P015,Calm Cream 15,true,false,false,32,,,
V005598,C00795,2025-11-12,organic_search,P019,Urban Bottle 19,true,false,true,158,,T005844,
V005599,C00458,2025-02-10,paid_search,P011,Urban Bottle 11,true,false,false,58,,,
V005600,C00602,2025-07-18,social,P027,Urban Bottle 27,true,true,false,194,LOYALTY10,,
V005601,C00692,2025-01-25,organic_search,P022,Active Mat 22,true,false,false,81,,,
V005602,C00917,2025-06-14,paid_search,P013,Bright Organizer 13,true,false,true,51,LOYALTY10,T003149,
V005603,C00590,2025-10-28,organic_search,P009,Daily Lamp 09,true,false,true,20,,T005560,
V005604,C00156,2025-09-29,direct,P024,Modern Serum 24,false,false,false,35,,,
V005605,C00794,2025-10-20,social,P017,Daily Lamp 17,true,true,false,20,,,
V005606,C00633,2025-04-30,social,P018,Pure Band 18,true,true,false,119,,,
V005607,C00960,2025-03-26,email,P021,Bright Organizer 21,true,false,false,76,WEEKEND15,,
V005608,C00288,2025-10-12,social,P029,Bright Organizer 29,true,false,false,44,,,
V005609,C00532,2025-04-29,email,P030,Active Mat 30,true,false,false,159,,,
V005610,C00331,2025-02-14,social,P021,Bright Organizer 21,true,false,false,125,,,
V005611,C00622,2025-03-29,organic_search,P021,Bright Organizer 21,true,false,false,8,WEEKEND15,,
V005612,C00833,2025-03-13,social,P013,Bright Organizer 13,true,false,false,72,,,
V005613,C00440,2025-08-10,referral,P022,Active Mat 22,true,false,false,6,WELCOME5,,
V005614,C00080,2025-02-24,paid_search,P019,Urban Bottle 19,true,true,false,127,,,
V005615,C00216,2025-12-02,organic_search,P024,Modern Serum 24,true,false,false,36,,,
V005616,C00823,2025-03-04,social,P016,Modern Serum 16,true,false,false,150,,,
V005617,C00096,2025-03-01,paid_search,P028,Essential Bag 28,true,false,false,31,,,
V005618,C00694,2025-07-02,direct,P004,Essential Bag 04,true,false,true,137,LOYALTY10,T003473,
V005619,C00530,2025-08-01,paid_search,P030,Active Mat 30,true,false,false,16,,,
V005620,C00665,2025-11-18,social,P009,Daily Lamp 09,true,false,false,60,,,
V005621,C00140,2025-11-25,organic_search,P008,Modern Serum 08,true,false,false,24,,,
V005622,C00427,2025-07-24,paid_search,P030,Active Mat 30,true,false,false,87,,,
V005623,C00773,2025-02-15,social,P007,Calm Cream 07,true,false,false,135,,,
V005624,C00564,2025-04-11,paid_search,P024,Modern Serum 24,true,false,false,95,WELCOME5,,
V005625,C00477,2025-06-09,social,P017,Daily Lamp 17,true,false,false,56,WEEKEND15,,
V005626,C00577,2025-03-27,organic_search,P017,Daily Lamp 17,true,true,false,23,,,
V005627,C00417,2025-12-24,email,P024,Modern Serum 24,false,false,false,29,,,
V005628,C00030,2025-12-21,social,P029,Bright Organizer 29,true,false,false,35,,,
V005629,C00315,2025-05-18,organic_search,P028,Essential Bag 28,true,true,false,34,LOYALTY10,,
V005630,C00869,2025-07-08,social,P026,Pure Band 26,true,false,false,40,WELCOME5,,
V005631,C00145,2025-03-25,paid_search,P018,Pure Band 18,true,true,false,72,LOYALTY10,,
V005632,C00331,2025-06-09,email,P011,Urban Bottle 11,true,false,false,18,,,
V005633,C00935,2025-12-25,organic_search,P026,Pure Band 26,false,false,false,60,WELCOME5,,
V005634,C00227,2025-09-08,organic_search,P018,Pure Band 18,true,false,false,183,,,
V005635,C00058,2025-07-26,email,P026,Pure Band 26,true,false,false,60,,,
V005636,C00938,2025-07-14,organic_search,P004,Essential Bag 04,true,true,false,77,LOYALTY10,,
V005637,C00229,2025-12-04,organic_search,P027,Urban Bottle 27,true,false,false,158,WEEKEND15,,
V005638,C00725,2025-02-16,paid_search,P018,Pure Band 18,true,false,false,129,,,
V005639,C00003,2025-11-03,paid_search,P009,Daily Lamp 09,true,false,false,30,,,
V005640,C00755,2025-09-23,social,P012,Essential Bag 12,false,false,false,41,,,
V005641,C00135,2025-01-15,email,P004,Essential Bag 04,true,true,false,18,,,
V005642,C00845,2025-03-26,organic_search,P020,Essential Bag 20,true,false,false,62,,,
V005643,C00152,2025-01-09,direct,P011,Urban Bottle 11,true,true,false,49,,,
V005644,C00499,2025-04-16,direct,P025,Daily Lamp 25,true,false,false,40,,,
V005645,C00568,2025-07-17,organic_search,P011,Urban Bottle 11,true,false,true,174,,T003774,
V005646,C00415,2025-11-28,organic_search,P010,Pure Band 10,true,false,false,115,LOYALTY10,,
V005647,C00819,2025-04-27,organic_search,P006,Active Mat 06,false,false,false,69,,,
V005648,C00477,2025-03-07,organic_search,P025,Daily Lamp 25,true,false,false,65,,,
V005649,C00807,2025-07-12,direct,P023,Calm Cream 23,true,false,false,76,LOYALTY10,,
V005650,C00528,2025-05-16,email,P021,Bright Organizer 21,true,false,false,51,,,
V005651,C00622,2025-09-04,social,P021,Bright Organizer 21,true,false,false,233,,,
V005652,C00510,2025-12-07,referral,P003,Urban Bottle 03,true,false,false,89,,,
V005653,C00598,2025-02-08,direct,P004,Essential Bag 04,true,false,false,37,,,
V005654,C00008,2025-04-26,direct,P022,Active Mat 22,true,false,false,24,WELCOME5,,
V005655,C00420,2025-12-06,email,P025,Daily Lamp 25,true,false,false,27,,,
V005656,C00560,2025-01-22,email,P021,Bright Organizer 21,true,false,false,67,,,
V005657,C00954,2025-11-17,paid_search,P012,Essential Bag 12,false,false,false,211,,,
V005658,C00414,2025-10-16,email,P020,Essential Bag 20,true,false,false,45,,,
V005659,C00708,2025-09-03,organic_search,P027,Urban Bottle 27,true,true,false,55,WEEKEND15,,
V005660,C00918,2025-03-27,paid_search,P003,Urban Bottle 03,true,true,false,109,,,
V005661,C00991,2025-09-04,email,P026,Pure Band 26,true,false,false,44,,,
V005662,C00317,2025-04-13,social,P022,Active Mat 22,true,false,false,152,WEEKEND15,,
V005663,C00781,2025-12-20,referral,P014,Active Mat 14,true,false,false,37,,,
V005664,C00838,2025-02-15,referral,P004,Essential Bag 04,true,false,false,62,,,
V005665,C00765,2025-03-07,direct,P017,Daily Lamp 17,true,false,false,167,,,
V005666,C00175,2025-02-16,social,P003,Urban Bottle 03,true,false,false,64,,,
V005667,C00203,2025-04-21,paid_search,P021,Bright Organizer 21,true,true,true,87,,T002122,
V005668,C00961,2025-07-31,organic_search,P023,Calm Cream 23,false,false,false,59,LOYALTY10,,
V005669,C00165,2025-01-20,direct,P029,Bright Organizer 29,true,true,false,122,,,
V005670,C00824,2025-08-08,organic_search,P018,Pure Band 18,true,true,true,101,,T004138,
V005671,C00581,2025-10-31,organic_search,P022,Active Mat 22,true,false,false,22,,,
V005672,C00382,2025-09-02,email,P017,Daily Lamp 17,true,true,false,17,,,
V005673,C00880,2025-04-11,direct,P009,Daily Lamp 09,true,false,false,31,,,
V005674,C00545,2025-07-23,direct,P015,Calm Cream 15,true,false,false,50,WELCOME5,,
V005675,C00710,2025-07-05,email,P021,Bright Organizer 21,true,true,false,60,,,
V005676,C00438,2025-01-21,organic_search,P017,Daily Lamp 17,true,false,false,29,WELCOME5,,
V005677,C00670,2025-07-21,direct,P030,Active Mat 30,true,false,false,7,,,
V005678,C00033,2025-07-30,email,P016,Modern Serum 16,false,false,false,33,,,
V005679,C00522,2025-12-04,direct,P005,Bright Organizer 05,true,false,false,103,,,
V005680,C00199,2025-06-14,direct,P013,Bright Organizer 13,true,false,false,39,,,
V005681,C00837,2025-01-23,referral,P030,Active Mat 30,true,false,false,50,,,
V005682,C00144,2025-12-13,email,P028,Essential Bag 28,true,false,false,58,WELCOME5,,
V005683,C00385,2025-07-08,paid_search,P030,Active Mat 30,true,true,true,87,,T003593,
V005684,C00332,2025-03-22,social,P003,Urban Bottle 03,true,false,false,18,,,
V005685,C00597,2025-12-26,paid_search,P010,Pure Band 10,true,false,false,303,,,
V005686,C00543,2025-06-02,paid_search,P007,Calm Cream 07,true,false,false,56,,,
V005687,C00109,2025-07-06,referral,P002,Pure Band 02,true,false,false,44,,,
V005688,C00011,2025-04-15,organic_search,P027,Urban Bottle 27,true,false,false,118,,,
V005689,C00602,2025-06-23,social,P007,Calm Cream 07,true,false,false,16,,,
V005690,C00449,2025-04-19,organic_search,P004,Essential Bag 04,true,true,false,43,,,
V005691,C00629,2025-09-14,organic_search,P022,Active Mat 22,true,false,false,44,,,
V005692,C00809,2025-09-19,organic_search,P013,Bright Organizer 13,true,false,false,31,,,
V005693,C00618,2025-07-11,email,P030,Active Mat 30,true,false,false,5,,,
V005694,C00305,2025-10-18,organic_search,P018,Pure Band 18,true,false,false,16,,,
V005695,C00171,2025-05-19,organic_search,P007,Calm Cream 07,true,false,false,81,,,
V005696,C00347,2025-11-20,social,P013,Bright Organizer 13,true,false,false,17,WELCOME5,,
V005697,C00143,2025-12-09,social,P014,Active Mat 14,true,true,true,102,,T006251,
V005698,C00475,2025-12-22,organic_search,P019,Urban Bottle 19,false,false,false,353,,,
V005699,C00894,2025-01-07,direct,P014,Active Mat 14,true,false,false,38,,,
V005700,C00625,2025-12-31,organic_search,P010,Pure Band 10,true,false,false,33,,,
V005701,C00830,2025-02-13,paid_search,P023,Calm Cream 23,true,false,false,52,WEEKEND15,,
V005702,C00447,2025-04-13,direct,P011,Urban Bottle 11,true,false,false,18,,,
V005703,C00116,2025-02-26,paid_search,P025,Daily Lamp 25,true,false,false,163,,,
V005704,C00563,2025-09-27,organic_search,P029,Bright Organizer 29,true,false,false,24,,,
V005705,C00329,2025-02-13,email,P019,Urban Bottle 19,true,false,false,7,WEEKEND15,,
V005706,C00273,2025-06-10,email,P002,Pure Band 02,true,false,false,23,,,
V005707,C00416,2025-04-25,referral,P004,Essential Bag 04,false,false,false,42,,,
V005708,C00434,2025-09-08,organic_search,P003,Urban Bottle 03,true,false,false,80,,,
V005709,C00279,2025-10-22,paid_search,P011,Urban Bottle 11,true,false,false,97,,,
V005710,C00642,2025-07-04,paid_search,P023,Calm Cream 23,true,false,false,62,WEEKEND15,,
V005711,C00603,2025-06-27,organic_search,P030,Active Mat 30,true,true,false,29,LOYALTY10,,
V005712,C00493,2025-10-10,organic_search,P020,Essential Bag 20,true,false,false,29,,,
V005713,C00661,2025-09-17,organic_search,P017,Daily Lamp 17,true,false,false,49,,,
V005714,C00278,2025-10-29,email,P019,Urban Bottle 19,false,false,false,100,,,
V005715,C00757,2025-04-05,email,P018,Pure Band 18,true,false,false,72,WELCOME5,,
V005716,C00362,2025-04-24,paid_search,P027,Urban Bottle 27,true,false,false,75,,,
V005717,C00669,2025-09-05,paid_search,P003,Urban Bottle 03,true,false,false,37,,,
V005718,C00991,2025-09-26,paid_search,P006,Active Mat 06,false,false,false,30,,,
V005719,C00906,2025-01-06,social,P015,Calm Cream 15,true,false,false,28,LOYALTY10,,
V005720,C00319,2025-10-09,direct,P001,Daily Lamp 01,true,false,false,7,,,
V005721,C00248,2025-07-11,social,P029,Bright Organizer 29,true,false,false,43,WEEKEND15,,
V005722,C00924,2025-09-01,referral,P007,Calm Cream 07,true,false,false,9,WELCOME5,,
V005723,C00346,2025-10-07,direct,P025,Daily Lamp 25,true,false,false,146,,,
V005724,C00657,2025-09-24,paid_search,P006,Active Mat 06,false,false,false,39,,,
V005725,C00973,2025-03-23,paid_search,P006,Active Mat 06,true,false,false,23,,,
V005726,C00762,2025-08-22,paid_search,P009,Daily Lamp 09,true,false,false,226,,,
V005727,C00015,2025-11-02,organic_search,P001,Daily Lamp 01,true,false,false,25,LOYALTY10,,
V005728,C00131,2025-12-30,organic_search,P008,Modern Serum 08,true,false,false,61,,,
V005729,C00022,2025-12-20,social,P002,Pure Band 02,true,false,false,120,,,
V005730,C00121,2025-08-24,direct,P027,Urban Bottle 27,true,false,true,84,,T004450,
V005731,C00268,2025-09-24,email,P009,Daily Lamp 09,true,false,false,27,WEEKEND15,,
V005732,C00156,2025-04-14,organic_search,P022,Active Mat 22,true,false,false,213,,,
V005733,C00174,2025-02-17,organic_search,P020,Essential Bag 20,true,false,false,5,,,
V005734,C00343,2025-03-01,organic_search,P015,Calm Cream 15,true,false,false,30,,,
V005735,C00906,2025-09-14,organic_search,P029,Bright Organizer 29,true,false,false,80,,,
V005736,C00732,2025-08-20,organic_search,P014,Active Mat 14,true,false,false,18,,,
V005737,C00961,2025-04-15,referral,P023,Calm Cream 23,true,false,false,390,,,
V005738,C00358,2025-10-05,organic_search,P003,Urban Bottle 03,true,false,false,17,,,
V005739,C00216,2025-01-22,direct,P024,Modern Serum 24,true,false,false,40,,,
V005740,C00943,2025-02-08,referral,P021,Bright Organizer 21,true,true,true,204,,T000726,
V005741,C00318,2025-08-23,organic_search,P018,Pure Band 18,true,false,false,30,,,
V005742,C00715,2025-08-07,referral,P025,Daily Lamp 25,true,false,false,141,WELCOME5,,
V005743,C00896,2025-07-06,referral,P010,Pure Band 10,true,false,false,64,,,
V005744,C00004,2025-06-13,organic_search,P026,Pure Band 26,true,false,false,11,,,
V005745,C00121,2025-06-18,organic_search,P011,Urban Bottle 11,true,false,false,39,,,
V005746,C00100,2025-11-14,direct,P001,Daily Lamp 01,true,false,false,27,,,
V005747,C00738,2025-05-18,direct,P018,Pure Band 18,true,false,false,82,,,
V005748,C00016,2025-10-22,organic_search,P017,Daily Lamp 17,true,false,false,29,,,
V005749,C00010,2025-11-29,organic_search,P027,Urban Bottle 27,true,false,false,26,,,
V005750,C00591,2025-11-19,email,P026,Pure Band 26,true,false,false,40,,,
V005751,C00906,2025-02-24,organic_search,P007,Calm Cream 07,true,false,true,108,,T001021,
V005752,C00362,2025-11-29,referral,P001,Daily Lamp 01,false,false,false,84,,,
V005753,C00993,2025-05-14,direct,P019,Urban Bottle 19,true,false,false,41,LOYALTY10,,
V005754,C00650,2025-03-11,paid_search,P014,Active Mat 14,true,false,false,18,,,
V005755,C00476,2025-09-25,organic_search,P027,Urban Bottle 27,true,true,true,76,WELCOME5,T004984,
V005756,C00099,2025-03-15,direct,P027,Urban Bottle 27,true,false,false,152,,,
V005757,C00949,2025-09-20,referral,P017,Daily Lamp 17,true,false,false,98,,,
V005758,C00526,2025-02-23,email,P010,Pure Band 10,true,true,true,299,,T001001,
V005759,C00928,2025-02-23,email,P017,Daily Lamp 17,true,false,false,46,,,
V005760,C00862,2025-12-24,organic_search,P001,Daily Lamp 01,true,false,false,59,,,
V005761,C00787,2025-08-26,social,P026,Pure Band 26,true,false,false,48,WEEKEND15,,
V005762,C00474,2025-04-25,direct,P005,Bright Organizer 05,true,true,true,112,,T002195,
V005763,C00903,2025-12-02,organic_search,P029,Bright Organizer 29,true,false,false,29,,,
V005764,C00110,2025-02-18,direct,P024,Modern Serum 24,true,true,true,35,,T000913,
V005765,C00577,2025-08-31,organic_search,P015,Calm Cream 15,true,true,false,145,WEEKEND15,,
V005766,C00097,2025-06-15,organic_search,P022,Active Mat 22,true,false,false,30,,,
V005767,C00880,2025-10-04,paid_search,P006,Active Mat 06,true,false,false,78,,,
V005768,C00860,2025-06-09,social,P004,Essential Bag 04,true,false,false,294,,,
V005769,C00708,2025-12-17,organic_search,P014,Active Mat 14,true,false,false,80,,,
V005770,C00311,2025-12-24,organic_search,P020,Essential Bag 20,true,false,false,19,,,
V005771,C00717,2025-03-30,organic_search,P029,Bright Organizer 29,true,false,false,82,,,
V005772,C00727,2025-01-14,organic_search,P026,Pure Band 26,true,false,true,127,,T000252,
V005773,C00386,2025-08-18,organic_search,P004,Essential Bag 04,false,false,false,17,,,
V005774,C00584,2025-01-02,social,P014,Active Mat 14,true,false,false,70,WELCOME5,,
V005775,C00255,2025-10-02,social,P005,Bright Organizer 05,true,false,false,33,,,
V005776,C00678,2025-08-04,paid_search,P015,Calm Cream 15,true,false,false,15,,,
V005777,C00759,2025-09-05,paid_search,P025,Daily Lamp 25,true,false,true,139,,T004636,
V005778,C00703,2025-01-01,organic_search,P021,Bright Organizer 21,true,true,false,34,WELCOME5,,
V005779,C00229,2025-12-28,email,P027,Urban Bottle 27,true,false,false,53,,,
V005780,C00679,2025-03-12,paid_search,P028,Essential Bag 28,true,false,false,42,,,
V005781,C00693,2025-05-01,organic_search,P021,Bright Organizer 21,true,false,false,91,,,
V005782,C00351,2025-03-18,organic_search,P013,Bright Organizer 13,true,false,false,11,LOYALTY10,,
V005783,C00092,2025-12-20,email,P029,Bright Organizer 29,true,false,false,7,,,
V005784,C00343,2025-03-14,paid_search,P014,Active Mat 14,true,false,false,47,WEEKEND15,,
V005785,C00029,2025-07-09,paid_search,P013,Bright Organizer 13,true,false,false,25,,,
V005786,C00710,2025-12-03,direct,P012,Essential Bag 12,true,false,false,180,,,
V005787,C00416,2025-09-20,direct,P006,Active Mat 06,true,false,false,40,WEEKEND15,,
V005788,C00523,2025-04-29,direct,P006,Active Mat 06,false,false,false,22,,,
V005789,C00323,2025-10-21,organic_search,P024,Modern Serum 24,true,true,true,54,,T005451,
V005790,C00547,2025-04-09,organic_search,P009,Daily Lamp 09,true,false,false,123,,,
V005791,C00612,2025-05-04,email,P001,Daily Lamp 01,true,false,false,41,,,
V005792,C00530,2025-10-11,social,P019,Urban Bottle 19,true,true,false,21,WELCOME5,,
V005793,C00411,2025-01-21,direct,P003,Urban Bottle 03,true,false,false,34,,,
V005794,C00116,2025-12-15,direct,P009,Daily Lamp 09,true,false,false,11,,,
V005795,C00626,2025-05-09,email,P003,Urban Bottle 03,true,false,false,24,LOYALTY10,,
V005796,C00386,2025-10-08,referral,P012,Essential Bag 12,true,false,false,50,,,
V005797,C00750,2025-01-27,direct,P022,Active Mat 22,true,false,false,122,,,
V005798,C00521,2025-06-09,social,P003,Urban Bottle 03,true,false,false,34,,,
V005799,C00343,2025-11-27,email,P027,Urban Bottle 27,true,false,false,13,,,
V005800,C00055,2025-05-19,paid_search,P006,Active Mat 06,true,false,true,311,,T002652,
V005801,C00294,2025-03-18,organic_search,P014,Active Mat 14,true,false,false,23,,,
V005802,C00872,2025-12-08,organic_search,P019,Urban Bottle 19,true,false,false,28,LOYALTY10,,
V005803,C00420,2025-12-14,email,P008,Modern Serum 08,true,false,false,33,LOYALTY10,,
V005804,C00159,2025-06-13,organic_search,P025,Daily Lamp 25,true,false,false,211,,,
V005805,C00938,2025-07-19,organic_search,P023,Calm Cream 23,true,false,false,69,,,
V005806,C00015,2025-01-16,organic_search,P004,Essential Bag 04,true,false,false,98,,,
V005807,C00277,2025-01-16,direct,P016,Modern Serum 16,true,false,false,47,WEEKEND15,,
V005808,C00774,2025-05-28,social,P025,Daily Lamp 25,true,false,false,120,,,
V005809,C00192,2025-06-01,organic_search,P018,Pure Band 18,true,false,false,147,,,
V005810,C00511,2025-09-21,social,P029,Bright Organizer 29,true,false,false,52,,,
V005811,C00908,2025-08-31,organic_search,P018,Pure Band 18,true,false,false,164,,,
V005812,C00244,2025-12-27,referral,P004,Essential Bag 04,false,false,false,32,LOYALTY10,,
V005813,C00537,2025-04-02,direct,P006,Active Mat 06,true,false,false,253,,,
V005814,C00702,2025-08-14,organic_search,P021,Bright Organizer 21,true,false,false,76,,,
V005815,C00134,2025-09-12,organic_search,P009,Daily Lamp 09,true,true,true,31,WELCOME5,T004773,
V005816,C00216,2025-10-19,organic_search,P014,Active Mat 14,true,true,false,219,,,
V005817,C00861,2025-04-12,referral,P017,Daily Lamp 17,true,false,false,59,,,
V005818,C00215,2025-09-22,direct,P015,Calm Cream 15,true,false,false,96,,,
V005819,C00795,2025-07-05,social,P002,Pure Band 02,true,false,false,39,,,
V005820,C00151,2025-02-01,email,P018,Pure Band 18,true,false,false,197,,,
V005821,C00123,2025-10-04,organic_search,P016,Modern Serum 16,true,false,false,105,,,
V005822,C00629,2025-01-30,direct,P017,Daily Lamp 17,true,false,false,34,,,
V005823,C00982,2025-04-02,organic_search,P020,Essential Bag 20,true,true,false,80,,,
V005824,C00580,2025-03-13,organic_search,P022,Active Mat 22,true,false,false,163,,,
V005825,C00327,2025-05-15,paid_search,P023,Calm Cream 23,true,false,false,39,LOYALTY10,,
V005826,C00181,2025-02-22,organic_search,P001,Daily Lamp 01,true,false,false,34,,,
V005827,C00189,2025-11-07,paid_search,P008,Modern Serum 08,true,false,false,31,,,
V005828,C00234,2025-09-26,paid_search,P006,Active Mat 06,false,false,false,56,,,
V005829,C00954,2025-05-20,paid_search,P015,Calm Cream 15,true,false,false,79,,,
V005830,C00802,2025-03-29,social,P019,Urban Bottle 19,true,false,false,112,,,
V005831,C00456,2025-01-31,social,P027,Urban Bottle 27,true,false,false,122,WEEKEND15,,
V005832,C00428,2025-10-07,paid_search,P024,Modern Serum 24,true,false,false,51,WELCOME5,,
V005833,C00296,2025-06-14,social,P003,Urban Bottle 03,true,false,false,58,,,
V005834,C00275,2025-07-19,direct,P018,Pure Band 18,true,false,false,122,,,
V005835,C00711,2025-10-15,organic_search,P030,Active Mat 30,true,false,false,122,,,
V005836,C00946,2025-04-03,paid_search,P002,Pure Band 02,true,false,false,47,,,
V005837,C00961,2025-04-02,organic_search,P030,Active Mat 30,true,false,false,35,,,
V005838,C00862,2025-04-20,organic_search,P016,Modern Serum 16,true,true,false,87,,,
V005839,C00516,2025-09-22,paid_search,P001,Daily Lamp 01,true,false,false,47,,,
V005840,C00808,2025-06-02,paid_search,P019,Urban Bottle 19,true,true,false,51,,,
V005841,C00819,2025-06-29,social,P026,Pure Band 26,true,true,true,302,,T003423,
V005842,C00729,2025-01-23,organic_search,P015,Calm Cream 15,true,false,false,35,,,
V005843,C00078,2025-09-16,social,P013,Bright Organizer 13,true,false,false,15,,,
V005844,C00363,2025-03-12,organic_search,P014,Active Mat 14,true,false,false,32,,,
V005845,C00070,2025-07-28,paid_search,P006,Active Mat 06,false,false,false,85,,,
V005846,C00835,2025-03-27,referral,P008,Modern Serum 08,true,false,false,55,,,
V005847,C00762,2025-08-21,email,P021,Bright Organizer 21,true,false,false,23,,,
V005848,C00354,2025-10-05,referral,P028,Essential Bag 28,true,false,false,207,LOYALTY10,,
V005849,C00380,2025-09-19,paid_search,P003,Urban Bottle 03,true,true,true,114,WELCOME5,T004878,
V005850,C00699,2025-05-20,referral,P008,Modern Serum 08,true,false,false,23,,,
V005851,C00424,2025-11-01,organic_search,P001,Daily Lamp 01,true,false,false,56,WELCOME5,,
V005852,C00494,2025-09-21,direct,P001,Daily Lamp 01,true,false,false,55,,,
V005853,C00596,2025-11-12,organic_search,P013,Bright Organizer 13,true,true,true,322,,T005841,
V005854,C00021,2025-07-15,organic_search,P020,Essential Bag 20,true,true,false,89,,,
V005855,C00564,2025-11-18,referral,P023,Calm Cream 23,true,false,false,107,WELCOME5,,
V005856,C00759,2025-11-21,paid_search,P017,Daily Lamp 17,true,false,true,162,LOYALTY10,T005983,
V005857,C00737,2025-03-30,social,P002,Pure Band 02,true,false,false,79,LOYALTY10,,
V005858,C00086,2025-07-07,referral,P008,Modern Serum 08,true,false,false,23,,,
V005859,C00982,2025-11-14,social,P021,Bright Organizer 21,true,false,false,68,LOYALTY10,,
V005860,C00978,2025-01-28,organic_search,P001,Daily Lamp 01,true,false,false,88,,,
V005861,C00302,2025-12-31,direct,P003,Urban Bottle 03,true,false,true,34,,T006556,
V005862,C00991,2025-10-08,organic_search,P030,Active Mat 30,true,false,true,64,,T005214,
V005863,C00339,2025-06-19,referral,P021,Bright Organizer 21,true,false,false,39,,,
V005864,C00587,2025-02-25,organic_search,P021,Bright Organizer 21,true,false,false,7,,,
V005865,C00284,2025-07-11,organic_search,P022,Active Mat 22,true,true,true,677,WEEKEND15,T003653,
V005866,C00069,2025-05-04,email,P030,Active Mat 30,true,false,false,165,WELCOME5,,
V005867,C00418,2025-01-28,social,P007,Calm Cream 07,true,false,false,88,,,
V005868,C00522,2025-04-11,direct,P005,Bright Organizer 05,true,false,false,98,,,
V005869,C00813,2025-11-13,email,P013,Bright Organizer 13,true,false,false,26,,,
V005870,C00068,2025-10-20,direct,P026,Pure Band 26,true,false,false,280,,,
V005871,C00770,2025-05-28,paid_search,P029,Bright Organizer 29,true,false,false,253,,,
V005872,C00666,2025-08-31,social,P004,Essential Bag 04,false,false,false,175,,,
V005873,C00974,2025-05-29,organic_search,P015,Calm Cream 15,true,false,false,176,,,
V005874,C00813,2025-04-23,paid_search,P010,Pure Band 10,true,false,false,28,,,
V005875,C00085,2025-12-06,organic_search,P006,Active Mat 06,true,false,false,76,,,
V005876,C00020,2025-08-25,social,P016,Modern Serum 16,true,false,false,30,,,
V005877,C00366,2025-01-30,direct,P001,Daily Lamp 01,true,true,false,151,,,
V005878,C00357,2025-10-10,organic_search,P012,Essential Bag 12,true,false,true,113,,T005251,
V005879,C00990,2025-05-29,paid_search,P019,Urban Bottle 19,true,false,false,493,,,
V005880,C00182,2025-11-11,paid_search,P002,Pure Band 02,true,false,false,55,,,
V005881,C00489,2025-10-21,social,P011,Urban Bottle 11,true,false,false,27,,,
V005882,C00055,2025-01-16,email,P004,Essential Bag 04,true,false,false,159,,,
V005883,C00971,2025-11-05,paid_search,P025,Daily Lamp 25,true,false,false,74,,,
V005884,C00174,2025-11-25,organic_search,P004,Essential Bag 04,false,false,false,81,,,
V005885,C00890,2025-08-03,direct,P023,Calm Cream 23,true,true,false,138,,,
V005886,C00223,2025-10-22,paid_search,P016,Modern Serum 16,false,false,false,86,,,
V005887,C00483,2025-02-25,social,P004,Essential Bag 04,true,false,false,70,,,
V005888,C00472,2025-09-08,referral,P022,Active Mat 22,true,false,false,17,,,
V005889,C00249,2025-06-24,organic_search,P005,Bright Organizer 05,false,false,false,59,,,
V005890,C00755,2025-01-10,email,P029,Bright Organizer 29,true,false,false,37,,,
V005891,C00606,2025-09-22,organic_search,P014,Active Mat 14,false,false,false,142,,,
V005892,C00531,2025-12-13,paid_search,P026,Pure Band 26,false,false,false,64,,,
V005893,C00455,2025-11-30,social,P017,Daily Lamp 17,true,false,false,72,,,
V005894,C00861,2025-05-24,referral,P018,Pure Band 18,true,true,true,66,,T002752,
V005895,C00357,2025-04-06,direct,P022,Active Mat 22,true,true,false,45,,,
V005896,C00597,2025-07-31,social,P028,Essential Bag 28,true,false,false,22,,,
V005897,C00373,2025-01-26,paid_search,P015,Calm Cream 15,true,false,false,37,,,
V005898,C00931,2025-04-24,social,P014,Active Mat 14,true,true,false,175,,,
V005899,C00481,2025-01-10,email,P001,Daily Lamp 01,true,false,false,100,WEEKEND15,,
V005900,C00938,2025-08-02,direct,P027,Urban Bottle 27,true,false,false,76,,,
V005901,C00209,2025-07-26,direct,P028,Essential Bag 28,true,false,false,476,,,
V005902,C00156,2025-02-09,organic_search,P016,Modern Serum 16,true,false,false,63,,,
V005903,C00905,2025-03-30,organic_search,P010,Pure Band 10,true,true,true,160,LOYALTY10,T001700,
V005904,C00574,2025-09-19,organic_search,P005,Bright Organizer 05,true,false,false,135,,,
V005905,C00016,2025-04-17,organic_search,P029,Bright Organizer 29,true,false,false,17,,,
V005906,C00890,2025-07-30,organic_search,P027,Urban Bottle 27,true,false,false,83,,,
V005907,C00357,2025-09-07,social,P028,Essential Bag 28,true,false,false,31,WELCOME5,,
V005908,C00463,2025-01-18,direct,P014,Active Mat 14,true,false,false,116,WEEKEND15,,
V005909,C00141,2025-05-13,direct,P020,Essential Bag 20,true,false,false,14,,,
V005910,C00929,2025-02-25,organic_search,P020,Essential Bag 20,true,false,false,156,,,
V005911,C00053,2025-01-23,direct,P023,Calm Cream 23,true,false,false,39,,,
V005912,C00513,2025-05-20,social,P005,Bright Organizer 05,true,false,false,122,,,
V005913,C00706,2025-04-26,paid_search,P018,Pure Band 18,true,false,false,90,,,
V005914,C00075,2025-05-28,paid_search,P010,Pure Band 10,true,false,false,48,,,
V005915,C00141,2025-06-09,organic_search,P014,Active Mat 14,true,false,false,28,WELCOME5,,
V005916,C00779,2025-03-26,social,P017,Daily Lamp 17,true,false,false,30,,,
V005917,C00846,2025-04-08,direct,P006,Active Mat 06,true,false,false,9,,,
V005918,C00819,2025-07-12,social,P021,Bright Organizer 21,true,false,false,152,,,
V005919,C00149,2025-02-24,direct,P007,Calm Cream 07,true,false,false,59,,,
V005920,C00910,2025-10-20,direct,P022,Active Mat 22,true,true,false,161,WELCOME5,,
V005921,C00397,2025-07-31,paid_search,P004,Essential Bag 04,false,false,false,286,,,
V005922,C00041,2025-09-25,social,P019,Urban Bottle 19,true,false,false,45,,,
V005923,C00495,2025-11-17,social,P023,Calm Cream 23,true,true,false,639,,,
V005924,C00407,2025-03-29,paid_search,P030,Active Mat 30,true,false,false,53,,,
V005925,C00735,2025-12-21,direct,P006,Active Mat 06,false,false,false,437,,,
V005926,C00607,2025-05-16,social,P006,Active Mat 06,true,false,false,11,,,
V005927,C00988,2025-11-20,social,P017,Daily Lamp 17,true,false,true,132,WEEKEND15,T005961,
V005928,C00422,2025-04-13,direct,P017,Daily Lamp 17,true,false,false,55,,,
V005929,C00608,2025-11-03,direct,P010,Pure Band 10,true,true,false,41,,,
V005930,C00346,2025-09-20,social,P006,Active Mat 06,true,false,false,29,,,
V005931,C00995,2025-09-20,email,P021,Bright Organizer 21,true,true,false,72,,,
V005932,C00889,2025-02-01,direct,P025,Daily Lamp 25,true,false,false,111,,,
V005933,C00132,2025-07-24,organic_search,P021,Bright Organizer 21,true,true,false,28,,,
V005934,C00574,2025-11-06,email,P005,Bright Organizer 05,true,true,false,77,,,
V005935,C00891,2025-06-05,organic_search,P025,Daily Lamp 25,true,false,false,32,,,
V005936,C00279,2025-02-03,paid_search,P002,Pure Band 02,true,false,false,36,,,
V005937,C00938,2025-09-14,social,P004,Essential Bag 04,true,false,false,80,,,
V005938,C00233,2025-07-09,organic_search,P012,Essential Bag 12,true,false,false,33,,,
V005939,C00091,2025-10-17,email,P001,Daily Lamp 01,true,false,false,53,LOYALTY10,,
V005940,C00513,2025-08-21,referral,P015,Calm Cream 15,true,false,false,26,,,
V005941,C00701,2025-05-20,social,P017,Daily Lamp 17,true,false,false,50,,,
V005942,C00529,2025-01-13,organic_search,P029,Bright Organizer 29,true,false,false,183,,,
V005943,C00049,2025-11-29,direct,P011,Urban Bottle 11,true,false,false,21,WEEKEND15,,
V005944,C00912,2025-04-16,social,P023,Calm Cream 23,true,false,false,20,WELCOME5,,
V005945,C00302,2025-03-12,social,P006,Active Mat 06,true,true,false,153,,,
V005946,C00385,2025-09-13,organic_search,P028,Essential Bag 28,true,false,false,22,LOYALTY10,,
V005947,C00004,2025-05-18,paid_search,P004,Essential Bag 04,true,false,false,29,LOYALTY10,,
V005948,C00692,2025-08-25,direct,P002,Pure Band 02,true,false,false,132,,,
V005949,C00183,2025-07-15,email,P011,Urban Bottle 11,true,false,false,12,,,
V005950,C00942,2025-10-05,social,P021,Bright Organizer 21,true,false,false,37,WEEKEND15,,
V005951,C00447,2025-08-23,direct,P026,Pure Band 26,true,false,false,21,,,
V005952,C00538,2025-02-07,email,P030,Active Mat 30,true,false,false,39,,,
V005953,C00795,2025-08-27,organic_search,P006,Active Mat 06,false,false,false,26,,,
V005954,C00155,2025-03-02,social,P012,Essential Bag 12,true,false,false,75,WELCOME5,,
V005955,C00626,2025-05-29,direct,P017,Daily Lamp 17,true,false,false,21,,,
V005956,C00049,2025-03-03,direct,P006,Active Mat 06,true,true,false,58,,,
V005957,C00871,2025-03-30,direct,P013,Bright Organizer 13,true,true,false,40,,,
V005958,C00574,2025-03-13,direct,P006,Active Mat 06,true,false,false,55,,,
V005959,C00014,2025-03-04,paid_search,P028,Essential Bag 28,true,false,false,70,LOYALTY10,,
V005960,C00428,2025-04-07,direct,P016,Modern Serum 16,true,false,false,44,,,
V005961,C00760,2025-11-14,direct,P014,Active Mat 14,true,false,false,90,,,
V005962,C00797,2025-09-28,email,P023,Calm Cream 23,false,false,false,21,,,
V005963,C00376,2025-07-17,paid_search,P015,Calm Cream 15,true,true,false,84,WEEKEND15,,
V005964,C00543,2025-01-07,referral,P004,Essential Bag 04,true,false,false,51,,,
V005965,C00856,2025-04-28,referral,P016,Modern Serum 16,true,false,false,148,,,
V005966,C00490,2025-06-10,organic_search,P020,Essential Bag 20,true,false,false,77,,,
V005967,C00909,2025-08-06,organic_search,P018,Pure Band 18,true,true,false,94,,,
V005968,C00619,2025-06-20,social,P016,Modern Serum 16,true,false,false,87,,,
V005969,C00005,2025-07-05,paid_search,P016,Modern Serum 16,true,false,false,18,,,
V005970,C00792,2025-09-28,paid_search,P016,Modern Serum 16,false,false,false,77,,,
V005971,C00375,2025-10-27,direct,P016,Modern Serum 16,false,false,false,47,,,
V005972,C00079,2025-08-01,paid_search,P028,Essential Bag 28,true,false,false,42,,,
V005973,C00842,2025-06-17,referral,P010,Pure Band 10,true,false,false,214,WELCOME5,,
V005974,C00423,2025-01-31,organic_search,P007,Calm Cream 07,true,false,false,22,,,
V005975,C00390,2025-11-09,organic_search,P028,Essential Bag 28,true,false,false,93,,,
V005976,C00597,2025-11-08,social,P018,Pure Band 18,true,true,false,355,,,
V005977,C00454,2025-12-04,paid_search,P003,Urban Bottle 03,true,false,false,59,LOYALTY10,,
V005978,C00910,2025-06-26,referral,P018,Pure Band 18,true,false,false,33,,,
V005979,C00328,2025-09-26,organic_search,P016,Modern Serum 16,false,false,false,49,,,
V005980,C00683,2025-10-13,referral,P015,Calm Cream 15,true,true,false,56,,,
V005981,C00356,2025-07-18,direct,P028,Essential Bag 28,true,false,false,37,WEEKEND15,,
V005982,C00051,2025-07-07,organic_search,P019,Urban Bottle 19,true,true,false,48,,,
V005983,C00599,2025-09-18,paid_search,P023,Calm Cream 23,false,false,false,68,,,
V005984,C00451,2025-06-20,email,P001,Daily Lamp 01,true,false,false,57,WELCOME5,,
V005985,C00617,2025-11-27,organic_search,P004,Essential Bag 04,false,false,false,35,,,
V005986,C00001,2025-02-11,referral,P004,Essential Bag 04,true,true,false,322,,,
V005987,C00082,2025-05-14,email,P014,Active Mat 14,true,false,false,34,,,
V005988,C00139,2025-02-20,referral,P004,Essential Bag 04,true,false,false,95,,,
V005989,C00447,2025-08-07,social,P004,Essential Bag 04,true,false,false,48,,,
V005990,C00433,2025-12-11,organic_search,P016,Modern Serum 16,true,false,false,47,,,
V005991,C00525,2025-02-21,social,P005,Bright Organizer 05,true,false,false,54,,,
V005992,C00620,2025-03-21,organic_search,P003,Urban Bottle 03,true,false,false,25,,,
V005993,C00062,2025-03-29,direct,P017,Daily Lamp 17,true,true,false,163,,,
V005994,C00803,2025-12-22,organic_search,P019,Urban Bottle 19,false,false,false,29,,,
V005995,C00850,2025-09-10,organic_search,P028,Essential Bag 28,true,false,false,73,WEEKEND15,,
V005996,C00223,2025-11-26,direct,P018,Pure Band 18,false,false,false,242,,,
V005997,C00908,2025-03-03,organic_search,P021,Bright Organizer 21,true,false,false,45,LOYALTY10,,
V005998,C00192,2025-10-03,paid_search,P004,Essential Bag 04,true,false,false,30,,,
V005999,C00835,2025-02-06,paid_search,P026,Pure Band 26,true,false,false,100,WELCOME5,,
V006000,C00332,2025-05-26,organic_search,P024,Modern Serum 24,true,true,false,46,,,
V006001,C00224,2025-09-10,paid_search,P015,Calm Cream 15,true,false,false,254,,,
V006002,C00933,2025-05-31,organic_search,P012,Essential Bag 12,true,false,false,297,LOYALTY10,,
V006003,C00367,2025-10-05,direct,P001,Daily Lamp 01,true,false,false,36,WELCOME5,,
V006004,C00642,2025-11-06,email,P013,Bright Organizer 13,true,false,true,128,LOYALTY10,T005717,
V006005,C00197,2025-01-16,paid_search,P022,Active Mat 22,true,false,false,36,,,
V006006,C00693,2025-11-28,organic_search,P027,Urban Bottle 27,true,false,false,21,,,
V006007,C00936,2025-08-06,email,P025,Daily Lamp 25,true,false,false,64,,,
V006008,C00791,2025-06-01,social,P013,Bright Organizer 13,true,false,false,140,,,
V006009,C00833,2025-02-15,referral,P009,Daily Lamp 09,true,false,false,110,,,
V006010,C00281,2025-12-28,social,P022,Active Mat 22,true,false,false,46,WELCOME5,,
V006011,C00109,2025-11-04,direct,P008,Modern Serum 08,true,false,false,7,,,
V006012,C00890,2025-05-26,referral,P023,Calm Cream 23,true,false,true,99,,T002782,
V006013,C00328,2025-06-22,organic_search,P024,Modern Serum 24,true,false,false,75,,,
V006014,C00152,2025-03-04,email,P021,Bright Organizer 21,true,false,false,52,,,
V006015,C00718,2025-01-25,email,P018,Pure Band 18,true,false,false,46,LOYALTY10,,
V006016,C00069,2025-02-27,referral,P020,Essential Bag 20,true,false,false,11,,,
V006017,C00190,2025-08-18,social,P003,Urban Bottle 03,true,false,false,35,,,
V006018,C00609,2025-09-25,organic_search,P006,Active Mat 06,false,false,false,65,,,
V006019,C00196,2025-07-04,organic_search,P021,Bright Organizer 21,true,false,false,65,,,
V006020,C00906,2025-01-22,direct,P007,Calm Cream 07,true,false,false,37,,,
V006021,C00650,2025-09-24,direct,P001,Daily Lamp 01,true,false,false,19,,,
V006022,C00284,2025-11-30,organic_search,P029,Bright Organizer 29,true,false,false,15,,,
V006023,C00709,2025-10-19,direct,P018,Pure Band 18,false,false,false,55,WEEKEND15,,
V006024,C00542,2025-10-11,organic_search,P022,Active Mat 22,true,false,false,107,,,
V006025,C00569,2025-02-14,paid_search,P003,Urban Bottle 03,true,false,false,55,LOYALTY10,,
V006026,C00763,2025-07-03,email,P024,Modern Serum 24,true,false,false,19,,,
V006027,C00662,2025-02-20,paid_search,P011,Urban Bottle 11,true,true,false,50,,,
V006028,C00150,2025-12-10,social,P009,Daily Lamp 09,true,true,true,302,,T006275,
V006029,C00486,2025-05-02,social,P004,Essential Bag 04,true,false,false,38,WELCOME5,,
V006030,C00970,2025-11-22,paid_search,P010,Pure Band 10,true,true,false,84,,,
V006031,C00589,2025-04-16,email,P002,Pure Band 02,true,false,false,44,LOYALTY10,,
V006032,C00776,2025-08-30,direct,P030,Active Mat 30,true,false,false,79,,,
V006033,C00858,2025-11-22,email,P023,Calm Cream 23,true,false,false,25,WELCOME5,,
V006034,C00134,2025-01-16,direct,P017,Daily Lamp 17,true,false,true,74,,T000291,
V006035,C00856,2025-04-06,direct,P021,Bright Organizer 21,true,false,true,195,,T001847,
V006036,C00126,2025-04-15,paid_search,P005,Bright Organizer 05,true,false,false,78,,,
V006037,C00014,2025-10-15,organic_search,P003,Urban Bottle 03,true,false,false,48,WELCOME5,,
V006038,C00813,2025-01-16,social,P028,Essential Bag 28,true,false,false,26,,,
V006039,C00829,2025-09-13,social,P030,Active Mat 30,true,false,false,20,,,
V006040,C00645,2025-10-04,organic_search,P028,Essential Bag 28,true,false,false,17,,,
V006041,C00808,2025-11-23,referral,P013,Bright Organizer 13,true,false,true,131,,T006007,
V006042,C00261,2025-12-14,organic_search,P025,Daily Lamp 25,true,false,false,44,,,
V006043,C00604,2025-01-21,direct,P020,Essential Bag 20,true,false,false,32,,,
V006044,C00858,2025-07-26,email,P024,Modern Serum 24,true,false,false,105,,,
V006045,C00874,2025-07-29,social,P006,Active Mat 06,false,false,false,33,,,
V006046,C00930,2025-10-08,organic_search,P016,Modern Serum 16,true,false,false,60,,,
V006047,C00039,2025-03-28,organic_search,P028,Essential Bag 28,true,false,false,34,,,
V006048,C00610,2025-09-25,social,P003,Urban Bottle 03,true,false,false,51,,,
V006049,C00399,2025-06-24,email,P007,Calm Cream 07,true,true,false,38,LOYALTY10,,
V006050,C00534,2025-09-13,social,P005,Bright Organizer 05,true,false,false,36,,,
V006051,C00351,2025-10-02,organic_search,P006,Active Mat 06,true,false,false,26,LOYALTY10,,
V006052,C00771,2025-07-22,direct,P023,Calm Cream 23,true,true,true,578,,T003866,
V006053,C00007,2025-04-17,social,P009,Daily Lamp 09,true,false,false,25,WELCOME5,,
V006054,C00359,2025-01-21,social,P015,Calm Cream 15,true,false,true,88,WELCOME5,T000388,
V006055,C00290,2025-01-03,social,P021,Bright Organizer 21,true,false,false,41,,,
V006056,C00686,2025-07-31,social,P011,Urban Bottle 11,true,false,false,112,,,
V006057,C00188,2025-06-16,email,P007,Calm Cream 07,true,false,false,80,,,
V006058,C00652,2025-08-05,social,P028,Essential Bag 28,true,false,false,36,,,
V006059,C00967,2025-01-30,email,P006,Active Mat 06,true,false,false,57,,,
V006060,C00898,2025-12-24,referral,P028,Essential Bag 28,false,false,false,82,,,
V006061,C00367,2025-05-10,paid_search,P007,Calm Cream 07,true,true,false,77,,,
V006062,C00176,2025-12-03,email,P024,Modern Serum 24,true,false,false,22,,,
V006063,C00260,2025-12-23,social,P019,Urban Bottle 19,false,false,false,39,,,
V006064,C00507,2025-07-05,email,P003,Urban Bottle 03,true,false,false,54,,,
V006065,C00782,2025-09-19,referral,P002,Pure Band 02,true,false,false,263,,,
V006066,C00569,2025-11-13,email,P013,Bright Organizer 13,true,true,true,26,WELCOME5,T005859,
V006067,C00189,2025-10-11,direct,P005,Bright Organizer 05,true,false,false,32,,,
V006068,C00989,2025-09-18,organic_search,P012,Essential Bag 12,true,false,false,24,,,
V006069,C00336,2025-03-27,email,P021,Bright Organizer 21,true,false,false,13,,,
V006070,C00502,2025-10-28,organic_search,P014,Active Mat 14,false,false,false,98,,,
V006071,C00529,2025-04-14,organic_search,P009,Daily Lamp 09,true,false,false,82,,,
V006072,C00839,2025-03-30,organic_search,P021,Bright Organizer 21,true,false,false,77,,,
V006073,C00634,2025-02-01,organic_search,P017,Daily Lamp 17,true,false,false,60,,,
V006074,C00471,2025-01-11,paid_search,P007,Calm Cream 07,true,true,false,212,,,
V006075,C00023,2025-06-15,direct,P019,Urban Bottle 19,true,false,false,48,,,
V006076,C00426,2025-03-28,email,P019,Urban Bottle 19,true,false,false,40,,,
V006077,C00856,2025-03-03,organic_search,P009,Daily Lamp 09,true,false,false,49,,,
V006078,C00298,2025-08-07,organic_search,P010,Pure Band 10,true,false,false,49,WELCOME5,,
V006079,C00617,2025-04-22,email,P001,Daily Lamp 01,true,false,false,13,WELCOME5,,
V006080,C00740,2025-06-06,direct,P011,Urban Bottle 11,true,true,false,97,,,
V006081,C00270,2025-04-03,paid_search,P017,Daily Lamp 17,true,true,false,28,LOYALTY10,,
V006082,C00513,2025-09-13,organic_search,P018,Pure Band 18,true,false,false,11,,,
V006083,C00052,2025-10-02,direct,P022,Active Mat 22,true,false,false,240,,,
V006084,C00944,2025-01-23,organic_search,P003,Urban Bottle 03,true,true,false,94,,,
V006085,C00116,2025-10-24,organic_search,P005,Bright Organizer 05,true,false,false,17,,,
V006086,C00244,2025-05-05,paid_search,P027,Urban Bottle 27,true,true,true,187,,T002386,
V006087,C00836,2025-03-10,direct,P027,Urban Bottle 27,true,false,false,86,,,
V006088,C00145,2025-11-03,social,P017,Daily Lamp 17,true,false,false,89,,,
V006089,C00013,2025-02-22,social,P013,Bright Organizer 13,true,false,false,43,,,
V006090,C00813,2025-09-26,direct,P012,Essential Bag 12,false,false,false,66,,,
V006091,C00074,2025-09-13,organic_search,P017,Daily Lamp 17,true,true,false,62,LOYALTY10,,
V006092,C00826,2025-05-03,paid_search,P026,Pure Band 26,true,false,false,14,,,
V006093,C00562,2025-06-19,email,P029,Bright Organizer 29,true,false,false,22,,,
V006094,C00243,2025-05-29,direct,P030,Active Mat 30,true,false,false,29,,,
V006095,C00189,2025-10-08,email,P018,Pure Band 18,true,false,false,12,,,
V006096,C00292,2025-06-16,direct,P007,Calm Cream 07,true,false,true,6,,T003188,
V006097,C00316,2025-04-20,organic_search,P014,Active Mat 14,true,false,false,9,,,
V006098,C00687,2025-03-16,social,P001,Daily Lamp 01,true,false,false,182,,,
V006099,C00880,2025-08-09,organic_search,P006,Active Mat 06,true,false,false,15,,,
V006100,C00822,2025-03-30,social,P028,Essential Bag 28,true,true,true,123,,T001713,
V006101,C00966,2025-07-29,social,P025,Daily Lamp 25,true,false,false,52,,,
V006102,C00799,2025-01-18,social,P020,Essential Bag 20,true,false,false,22,LOYALTY10,,
V006103,C00291,2025-10-13,social,P022,Active Mat 22,true,false,false,81,,,
V006104,C00261,2025-10-19,organic_search,P002,Pure Band 02,true,false,false,21,,,
V006105,C00450,2025-07-30,email,P001,Daily Lamp 01,false,false,false,167,WELCOME5,,
V006106,C00714,2025-12-27,organic_search,P002,Pure Band 02,true,false,false,14,,,
V006107,C00538,2025-01-10,social,P004,Essential Bag 04,true,true,false,97,,,
V006108,C00772,2025-08-10,email,P010,Pure Band 10,true,false,false,34,,,
V006109,C00178,2025-07-13,organic_search,P030,Active Mat 30,true,true,false,160,,,
V006110,C00774,2025-10-16,direct,P008,Modern Serum 08,true,true,true,31,WEEKEND15,T005356,
V006111,C00535,2025-09-13,organic_search,P001,Daily Lamp 01,true,false,false,42,,,
V006112,C00420,2025-02-17,paid_search,P001,Daily Lamp 01,true,false,false,17,,,
V006113,C00063,2025-04-24,organic_search,P008,Modern Serum 08,true,false,false,75,,,
V006114,C00108,2025-07-07,organic_search,P011,Urban Bottle 11,true,false,false,75,,,
V006115,C00936,2025-12-31,paid_search,P019,Urban Bottle 19,false,false,false,45,,,
V006116,C00886,2025-02-09,direct,P028,Essential Bag 28,true,false,false,29,,,
V006117,C00856,2025-11-16,social,P014,Active Mat 14,false,false,false,91,,,
V006118,C00613,2025-03-09,organic_search,P018,Pure Band 18,true,false,false,84,,,
V006119,C00806,2025-11-30,organic_search,P013,Bright Organizer 13,true,false,false,53,WEEKEND15,,
V006120,C00739,2025-08-25,organic_search,P021,Bright Organizer 21,true,false,false,101,,,
V006121,C00617,2025-06-07,paid_search,P025,Daily Lamp 25,true,false,false,14,,,
V006122,C00371,2025-02-11,email,P011,Urban Bottle 11,true,false,false,38,,,
V006123,C00235,2025-05-17,organic_search,P016,Modern Serum 16,true,true,false,32,,,
V006124,C00732,2025-02-13,paid_search,P023,Calm Cream 23,true,false,false,20,,,
V006125,C00367,2025-10-10,paid_search,P005,Bright Organizer 05,true,false,false,222,,,
V006126,C00950,2025-01-18,organic_search,P017,Daily Lamp 17,true,false,false,63,,,
V006127,C00110,2025-02-24,organic_search,P019,Urban Bottle 19,true,false,false,51,,,
V006128,C00305,2025-09-02,social,P021,Bright Organizer 21,true,false,false,34,,,
V006129,C00119,2025-10-17,email,P018,Pure Band 18,true,false,false,126,,,
V006130,C00004,2025-01-05,referral,P021,Bright Organizer 21,true,false,false,37,,,
V006131,C00549,2025-08-13,social,P001,Daily Lamp 01,true,false,true,89,,T004239,
V006132,C00703,2025-01-01,direct,P003,Urban Bottle 03,true,false,false,56,,,
V006133,C00744,2025-06-16,organic_search,P028,Essential Bag 28,true,false,false,39,,,
V006134,C00284,2025-07-03,organic_search,P004,Essential Bag 04,true,false,false,8,,,
V006135,C00257,2025-07-06,social,P015,Calm Cream 15,true,false,false,18,,,
V006136,C00355,2025-01-01,email,P005,Bright Organizer 05,true,false,false,56,,,
V006137,C00445,2025-03-25,direct,P012,Essential Bag 12,true,false,false,146,,,
V006138,C00536,2025-05-08,direct,P009,Daily Lamp 09,true,false,false,34,,,
V006139,C00660,2025-07-03,referral,P028,Essential Bag 28,true,false,false,482,,,
V006140,C00937,2025-01-15,referral,P015,Calm Cream 15,true,false,true,202,,T000274,
V006141,C00288,2025-09-09,social,P018,Pure Band 18,true,false,false,223,LOYALTY10,,
V006142,C00641,2025-01-19,paid_search,P002,Pure Band 02,true,false,false,95,,,
V006143,C00323,2025-10-26,email,P016,Modern Serum 16,false,false,false,110,,,
V006144,C00540,2025-04-12,referral,P005,Bright Organizer 05,true,false,false,26,,,
V006145,C00950,2025-12-24,direct,P030,Active Mat 30,true,false,false,83,,,
V006146,C00093,2025-02-12,direct,P020,Essential Bag 20,true,true,true,245,,T000804,
V006147,C00972,2025-05-04,paid_search,P030,Active Mat 30,true,false,false,68,,,
V006148,C00801,2025-07-22,social,P001,Daily Lamp 01,true,false,true,71,,T003860,
V006149,C00070,2025-05-25,email,P019,Urban Bottle 19,true,false,true,135,,T002759,
V006150,C00745,2025-07-01,organic_search,P011,Urban Bottle 11,true,false,false,118,,,
V006151,C00437,2025-08-08,email,P007,Calm Cream 07,true,false,false,165,,,
V006152,C00363,2025-07-17,email,P012,Essential Bag 12,true,false,false,119,,,
V006153,C00943,2025-03-20,organic_search,P021,Bright Organizer 21,true,false,true,362,LOYALTY10,T001503,
V006154,C00953,2025-09-04,direct,P002,Pure Band 02,true,false,false,12,,,
V006155,C00644,2025-03-25,organic_search,P018,Pure Band 18,true,false,false,54,,,
V006156,C00635,2025-01-23,organic_search,P009,Daily Lamp 09,true,false,false,37,WEEKEND15,,
V006157,C00044,2025-01-29,email,P017,Daily Lamp 17,true,false,false,68,,,
V006158,C00390,2025-11-09,social,P019,Urban Bottle 19,true,true,false,25,WEEKEND15,,
V006159,C00015,2025-05-15,organic_search,P006,Active Mat 06,true,false,false,31,,,
V006160,C00490,2025-08-02,email,P026,Pure Band 26,true,true,true,136,,T004010,
V006161,C00380,2025-05-26,organic_search,P013,Bright Organizer 13,true,false,false,28,LOYALTY10,,
V006162,C00909,2025-04-11,social,P011,Urban Bottle 11,true,false,false,23,LOYALTY10,,
V006163,C00830,2025-10-06,email,P007,Calm Cream 07,true,false,false,484,,,
V006164,C00321,2025-11-12,social,P014,Active Mat 14,true,true,true,233,,T005839,
V006165,C00886,2025-03-24,paid_search,P015,Calm Cream 15,true,false,false,27,,,
V006166,C00652,2025-08-07,email,P021,Bright Organizer 21,true,false,false,60,,,
V006167,C00136,2025-09-26,organic_search,P003,Urban Bottle 03,true,false,false,27,,,
V006168,C00980,2025-08-03,organic_search,P003,Urban Bottle 03,true,false,false,46,,,
V006169,C00379,2025-04-17,organic_search,P030,Active Mat 30,true,true,false,94,WELCOME5,,
V006170,C00591,2025-07-11,email,P019,Urban Bottle 19,true,false,false,19,,,
V006171,C00400,2025-05-15,direct,P026,Pure Band 26,true,true,false,205,,,
V006172,C00742,2025-09-14,paid_search,P028,Essential Bag 28,true,false,false,54,,,
V006173,C00001,2025-04-04,direct,P028,Essential Bag 28,true,false,false,47,,,
V006174,C00893,2025-12-02,paid_search,P015,Calm Cream 15,true,false,false,64,,,
V006175,C00244,2025-02-23,email,P007,Calm Cream 07,true,true,false,37,,,
V006176,C00742,2025-02-05,email,P014,Active Mat 14,true,false,false,25,,,
V006177,C00205,2025-09-04,social,P020,Essential Bag 20,true,false,false,57,,,
V006178,C00898,2025-12-04,social,P021,Bright Organizer 21,true,false,false,57,LOYALTY10,,
V006179,C00228,2025-09-17,organic_search,P013,Bright Organizer 13,true,false,false,154,,,
V006180,C00613,2025-01-23,organic_search,P024,Modern Serum 24,true,false,false,42,,,
V006181,C00402,2025-05-10,organic_search,P001,Daily Lamp 01,true,false,false,147,,,
V006182,C00149,2025-07-27,direct,P028,Essential Bag 28,true,false,false,12,,,
V006183,C00219,2025-09-24,organic_search,P024,Modern Serum 24,true,false,false,43,,,
V006184,C00757,2025-06-12,social,P030,Active Mat 30,true,false,false,19,,,
V006185,C00882,2025-01-07,paid_search,P005,Bright Organizer 05,true,false,true,281,,T000126,
V006186,C00076,2025-03-07,social,P022,Active Mat 22,true,false,false,37,,,
V006187,C00040,2025-01-28,organic_search,P030,Active Mat 30,true,false,false,59,,,
V006188,C00559,2025-03-10,email,P002,Pure Band 02,true,false,false,43,,,
V006189,C00079,2025-01-30,organic_search,P010,Pure Band 10,true,false,false,31,,,
V006190,C00573,2025-05-02,referral,P022,Active Mat 22,true,false,false,98,,,
V006191,C00572,2025-05-04,social,P004,Essential Bag 04,true,false,false,66,LOYALTY10,,
V006192,C00743,2025-08-17,direct,P003,Urban Bottle 03,true,false,false,247,WEEKEND15,,
V006193,C00784,2025-08-30,direct,P018,Pure Band 18,true,false,false,23,,,
V006194,C00044,2025-04-28,email,P020,Essential Bag 20,true,true,false,173,,,
V006195,C00767,2025-07-02,direct,P014,Active Mat 14,true,true,false,86,,,
V006196,C00843,2025-04-12,direct,P020,Essential Bag 20,true,false,false,48,,,
V006197,C00086,2025-03-29,social,P015,Calm Cream 15,true,false,false,126,,,
V006198,C00442,2025-06-01,email,P013,Bright Organizer 13,true,false,false,181,WEEKEND15,,
V006199,C00634,2025-07-10,paid_search,P026,Pure Band 26,true,false,false,129,WEEKEND15,,
V006200,C00356,2025-05-10,direct,P012,Essential Bag 12,true,false,false,71,,,
V006201,C00301,2025-03-16,organic_search,P011,Urban Bottle 11,true,false,false,39,,,
V006202,C00412,2025-05-21,organic_search,P014,Active Mat 14,true,false,false,64,,,
V006203,C00508,2025-12-21,organic_search,P017,Daily Lamp 17,true,false,false,27,,,
V006204,C00442,2025-10-20,direct,P029,Bright Organizer 29,true,false,false,153,,,
V006205,C00807,2025-06-03,organic_search,P016,Modern Serum 16,true,false,false,67,,,
V006206,C00288,2025-03-17,organic_search,P006,Active Mat 06,true,false,false,39,WELCOME5,,
V006207,C00048,2025-02-19,social,P002,Pure Band 02,true,false,false,83,,,
V006208,C00581,2025-07-29,direct,P013,Bright Organizer 13,true,false,false,21,LOYALTY10,,
V006209,C00620,2025-12-06,organic_search,P026,Pure Band 26,true,false,false,36,,,
V006210,C00030,2025-08-02,email,P020,Essential Bag 20,true,false,true,77,,T004013,
V006211,C00735,2025-04-04,paid_search,P024,Modern Serum 24,true,true,true,136,,T001794,
V006212,C00156,2025-03-01,direct,P019,Urban Bottle 19,true,false,false,82,,,
V006213,C00405,2025-02-19,paid_search,P011,Urban Bottle 11,true,false,false,43,,,
V006214,C00113,2025-09-24,paid_search,P012,Essential Bag 12,false,false,false,46,,,
V006215,C00568,2025-03-08,social,P004,Essential Bag 04,true,false,false,136,LOYALTY10,,
V006216,C00618,2025-08-10,direct,P004,Essential Bag 04,true,false,false,38,LOYALTY10,,
V006217,C00656,2025-12-04,organic_search,P024,Modern Serum 24,true,true,false,15,,,
V006218,C00641,2025-06-26,paid_search,P024,Modern Serum 24,true,false,false,31,,,
V006219,C00364,2025-10-23,organic_search,P028,Essential Bag 28,true,false,false,14,,,
V006220,C00172,2025-10-05,social,P018,Pure Band 18,true,false,false,331,,,
V006221,C00983,2025-07-14,paid_search,P018,Pure Band 18,true,true,false,351,,,
V006222,C00598,2025-06-12,organic_search,P011,Urban Bottle 11,true,false,false,13,,,
V006223,C00329,2025-07-12,organic_search,P021,Bright Organizer 21,true,false,false,30,,,
V006224,C00901,2025-05-18,referral,P014,Active Mat 14,true,false,false,16,,,
V006225,C00332,2025-04-09,direct,P026,Pure Band 26,true,false,false,112,,,
V006226,C00020,2025-10-11,organic_search,P027,Urban Bottle 27,true,false,false,45,,,
V006227,C00483,2025-08-09,email,P007,Calm Cream 07,true,false,false,19,,,
V006228,C00587,2025-03-05,social,P017,Daily Lamp 17,true,false,false,84,,,
V006229,C00864,2025-11-01,direct,P015,Calm Cream 15,true,false,false,30,,,
V006230,C00430,2025-04-29,referral,P019,Urban Bottle 19,true,false,false,174,,,
V006231,C00458,2025-06-20,direct,P014,Active Mat 14,true,true,false,44,,,
V006232,C00266,2025-07-07,paid_search,P014,Active Mat 14,true,false,false,16,LOYALTY10,,
V006233,C00276,2025-12-01,organic_search,P015,Calm Cream 15,true,false,false,329,,,
V006234,C00023,2025-07-23,email,P018,Pure Band 18,true,false,false,11,,,
V006235,C00089,2025-07-16,organic_search,P030,Active Mat 30,true,true,false,74,,,
V006236,C00888,2025-08-15,social,P026,Pure Band 26,true,true,false,122,,,
V006237,C00401,2025-11-25,email,P021,Bright Organizer 21,true,true,false,50,,,
V006238,C00418,2025-01-29,organic_search,P024,Modern Serum 24,true,true,true,171,LOYALTY10,T000555,
V006239,C00826,2025-06-04,organic_search,P012,Essential Bag 12,true,false,false,196,,,
V006240,C00072,2025-03-26,email,P014,Active Mat 14,true,true,false,200,,,
V006241,C00901,2025-04-14,paid_search,P022,Active Mat 22,true,true,false,32,WELCOME5,,
V006242,C00837,2025-02-06,social,P027,Urban Bottle 27,true,false,false,64,,,
V006243,C00017,2025-01-03,social,P023,Calm Cream 23,true,true,false,489,,,
V006244,C00643,2025-03-27,direct,P015,Calm Cream 15,true,true,false,59,WEEKEND15,,
V006245,C00582,2025-08-15,paid_search,P006,Active Mat 06,true,false,false,75,,,
V006246,C00246,2025-08-20,organic_search,P016,Modern Serum 16,true,false,false,31,,,
V006247,C00607,2025-07-10,direct,P006,Active Mat 06,true,false,false,45,,,
V006248,C00150,2025-07-05,email,P015,Calm Cream 15,true,false,false,31,,,
V006249,C00094,2025-07-26,direct,P006,Active Mat 06,false,false,false,58,WELCOME5,,
V006250,C00516,2025-03-21,paid_search,P027,Urban Bottle 27,true,false,false,46,,,
V006251,C00812,2025-02-03,email,P020,Essential Bag 20,true,false,false,36,,,
V006252,C00687,2025-04-16,social,P014,Active Mat 14,true,false,false,31,,,
V006253,C00024,2025-01-13,direct,P030,Active Mat 30,true,false,false,58,WELCOME5,,
V006254,C00654,2025-01-24,organic_search,P002,Pure Band 02,true,false,false,107,,,
V006255,C00798,2025-07-12,email,P027,Urban Bottle 27,true,true,true,230,,T003677,
V006256,C00976,2025-09-09,organic_search,P021,Bright Organizer 21,true,false,false,27,,,
V006257,C00160,2025-12-02,email,P021,Bright Organizer 21,true,false,false,97,,,
V006258,C00499,2025-08-30,paid_search,P019,Urban Bottle 19,false,false,false,45,,,
V006259,C00844,2025-02-14,paid_search,P026,Pure Band 26,true,false,false,61,,,
V006260,C00571,2025-06-16,social,P011,Urban Bottle 11,true,false,true,109,,T003189,
V006261,C00952,2025-12-23,organic_search,P030,Active Mat 30,true,false,false,56,,,
V006262,C00869,2025-11-30,social,P004,Essential Bag 04,false,false,false,11,LOYALTY10,,
V006263,C00878,2025-09-09,social,P009,Daily Lamp 09,true,false,false,145,,,
V006264,C00335,2025-03-12,direct,P011,Urban Bottle 11,true,false,false,106,,,
V006265,C00172,2025-10-07,referral,P003,Urban Bottle 03,true,false,false,12,,,
V006266,C00107,2025-03-21,social,P027,Urban Bottle 27,true,false,false,57,,,
V006267,C00257,2025-12-30,organic_search,P025,Daily Lamp 25,true,false,false,50,,,
V006268,C00046,2025-01-22,social,P011,Urban Bottle 11,true,false,false,55,,,
V006269,C00793,2025-03-22,paid_search,P014,Active Mat 14,true,false,false,103,LOYALTY10,,
V006270,C00292,2025-01-17,email,P015,Calm Cream 15,true,false,false,50,,,
V006271,C00719,2025-12-16,direct,P024,Modern Serum 24,false,false,false,66,,,
V006272,C00055,2025-07-11,organic_search,P027,Urban Bottle 27,true,false,false,85,,,
V006273,C00778,2025-11-15,referral,P004,Essential Bag 04,true,false,false,60,LOYALTY10,,
V006274,C00625,2025-04-25,social,P018,Pure Band 18,true,false,false,81,,,
V006275,C00557,2025-09-16,paid_search,P011,Urban Bottle 11,true,true,false,27,,,
V006276,C00799,2025-04-06,paid_search,P027,Urban Bottle 27,true,false,false,117,,,
V006277,C00579,2025-12-15,organic_search,P020,Essential Bag 20,true,false,false,60,,,
V006278,C00477,2025-05-13,social,P016,Modern Serum 16,true,false,false,24,WELCOME5,,
V006279,C00052,2025-09-18,social,P018,Pure Band 18,true,false,false,30,,,
V006280,C00869,2025-07-13,email,P017,Daily Lamp 17,true,false,false,111,LOYALTY10,,
V006281,C00543,2025-10-26,organic_search,P010,Pure Band 10,true,false,false,55,,,
V006282,C00952,2025-07-01,social,P005,Bright Organizer 05,true,true,false,13,WELCOME5,,
V006283,C00949,2025-05-16,paid_search,P001,Daily Lamp 01,true,true,false,25,,,
V006284,C00277,2025-08-05,email,P003,Urban Bottle 03,true,true,false,84,,,
V006285,C00597,2025-09-28,email,P012,Essential Bag 12,false,false,false,75,,,
V006286,C00938,2025-11-14,social,P013,Bright Organizer 13,true,false,false,58,WEEKEND15,,
V006287,C00914,2025-04-21,organic_search,P018,Pure Band 18,true,false,false,82,,,
V006288,C00637,2025-10-11,email,P002,Pure Band 02,true,false,false,108,,,
V006289,C00255,2025-08-24,organic_search,P022,Active Mat 22,true,false,false,48,WELCOME5,,
V006290,C00817,2025-04-17,organic_search,P017,Daily Lamp 17,true,false,false,65,,,
V006291,C00672,2025-04-26,paid_search,P025,Daily Lamp 25,true,true,false,121,,,
V006292,C00098,2025-03-24,organic_search,P024,Modern Serum 24,true,true,false,44,,,
V006293,C00472,2025-09-28,email,P028,Essential Bag 28,true,false,false,42,,,
V006294,C00673,2025-04-07,organic_search,P015,Calm Cream 15,true,false,false,95,LOYALTY10,,
V006295,C00144,2025-10-14,paid_search,P020,Essential Bag 20,true,false,false,14,,,
V006296,C00285,2025-07-04,paid_search,P011,Urban Bottle 11,true,false,false,165,,,
V006297,C00617,2025-08-11,email,P030,Active Mat 30,true,false,false,40,,,
V006298,C00689,2025-11-01,direct,P028,Essential Bag 28,true,false,false,39,,,
V006299,C00070,2025-04-07,email,P010,Pure Band 10,true,false,false,23,LOYALTY10,,
V006300,C00164,2025-04-14,organic_search,P010,Pure Band 10,true,true,false,34,,,
V006301,C00863,2025-05-17,social,P011,Urban Bottle 11,true,false,false,25,WEEKEND15,,
V006302,C00887,2025-07-28,paid_search,P006,Active Mat 06,false,false,false,56,,,
V006303,C00541,2025-07-27,email,P028,Essential Bag 28,true,false,false,136,,,
V006304,C00561,2025-02-01,email,P011,Urban Bottle 11,true,false,false,32,,,
V006305,C00147,2025-03-17,direct,P023,Calm Cream 23,true,false,false,84,WEEKEND15,,
V006306,C00010,2025-04-13,email,P029,Bright Organizer 29,true,true,true,100,,T001978,
V006307,C00265,2025-02-07,paid_search,P009,Daily Lamp 09,true,false,false,19,,,
V006308,C00275,2025-05-12,social,P005,Bright Organizer 05,true,true,false,117,WELCOME5,,
V006309,C00490,2025-05-16,direct,P005,Bright Organizer 05,true,true,false,254,WELCOME5,,
V006310,C00471,2025-07-18,organic_search,P021,Bright Organizer 21,true,false,false,200,WELCOME5,,
V006311,C00193,2025-08-09,paid_search,P001,Daily Lamp 01,true,false,true,73,WEEKEND15,T004164,
V006312,C00208,2025-03-07,organic_search,P028,Essential Bag 28,true,true,false,54,,,
V006313,C00109,2025-10-05,social,P014,Active Mat 14,true,false,false,39,,,
V006314,C00874,2025-06-05,referral,P019,Urban Bottle 19,true,true,false,18,,,
V006315,C00857,2025-01-21,organic_search,P028,Essential Bag 28,true,false,false,50,,,
V006316,C00673,2025-06-29,paid_search,P023,Calm Cream 23,false,false,false,34,WELCOME5,,
V006317,C00762,2025-01-07,referral,P023,Calm Cream 23,true,false,false,33,WEEKEND15,,
V006318,C00076,2025-10-29,organic_search,P016,Modern Serum 16,false,false,false,47,,,
V006319,C00366,2025-08-06,organic_search,P027,Urban Bottle 27,true,false,false,76,,,
V006320,C00306,2025-06-26,email,P027,Urban Bottle 27,true,true,true,109,,T003387,
V006321,C00244,2025-08-10,social,P023,Calm Cream 23,true,false,false,18,,,
V006322,C00339,2025-09-29,email,P027,Urban Bottle 27,true,false,false,69,LOYALTY10,,
V006323,C00921,2025-03-07,organic_search,P021,Bright Organizer 21,true,false,false,53,,,
V006324,C00190,2025-07-08,social,P018,Pure Band 18,true,false,false,121,,,
V006325,C00083,2025-10-28,social,P024,Modern Serum 24,true,true,false,321,,,
V006326,C00443,2025-09-22,paid_search,P017,Daily Lamp 17,true,true,false,106,,,
V006327,C00777,2025-07-08,email,P026,Pure Band 26,true,true,false,55,,,
V006328,C00624,2025-07-22,social,P011,Urban Bottle 11,true,false,true,55,,T003854,
V006329,C00669,2025-01-08,email,P004,Essential Bag 04,true,false,false,24,,,
V006330,C00976,2025-12-29,referral,P012,Essential Bag 12,false,false,false,32,,,
V006331,C00736,2025-06-19,organic_search,P011,Urban Bottle 11,true,false,false,91,,,
V006332,C00429,2025-08-03,email,P010,Pure Band 10,true,false,false,127,,,
V006333,C00912,2025-06-08,social,P011,Urban Bottle 11,true,false,false,37,,,
V006334,C00496,2025-11-13,paid_search,P010,Pure Band 10,true,false,false,809,,,
V006335,C00526,2025-08-15,social,P025,Daily Lamp 25,true,false,false,11,,,
V006336,C00376,2025-02-02,email,P013,Bright Organizer 13,true,false,false,49,,,
V006337,C00832,2025-01-14,email,P010,Pure Band 10,true,false,false,33,,,
V006338,C00209,2025-08-30,social,P005,Bright Organizer 05,false,false,false,27,,,
V006339,C00906,2025-08-01,social,P027,Urban Bottle 27,true,false,false,58,,,
V006340,C00623,2025-12-31,email,P028,Essential Bag 28,false,false,false,82,WEEKEND15,,
V006341,C00575,2025-04-04,social,P008,Modern Serum 08,true,true,false,30,,,
V006342,C00173,2025-03-21,email,P019,Urban Bottle 19,true,false,false,22,,,
V006343,C00818,2025-01-05,social,P021,Bright Organizer 21,true,false,false,31,,,
V006344,C00269,2025-04-29,organic_search,P008,Modern Serum 08,true,false,false,17,,,
V006345,C00082,2025-03-27,organic_search,P004,Essential Bag 04,true,true,false,30,,,
V006346,C00411,2025-11-23,social,P027,Urban Bottle 27,true,false,false,140,,,
V006347,C00664,2025-02-06,social,P018,Pure Band 18,true,true,true,222,,T000697,
V006348,C00789,2025-12-15,social,P015,Calm Cream 15,true,false,true,10,LOYALTY10,T006356,
V006349,C00305,2025-11-02,direct,P026,Pure Band 26,true,true,true,112,WELCOME5,T005630,
V006350,C00631,2025-02-16,paid_search,P029,Bright Organizer 29,true,false,false,131,,,
V006351,C00153,2025-03-29,email,P011,Urban Bottle 11,true,false,false,101,,,
V006352,C00934,2025-11-07,paid_search,P025,Daily Lamp 25,true,false,false,64,,,
V006353,C00384,2025-01-29,referral,P009,Daily Lamp 09,true,false,false,215,,,
V006354,C00567,2025-01-11,referral,P024,Modern Serum 24,true,false,false,12,,,
V006355,C00241,2025-10-24,email,P021,Bright Organizer 21,true,true,true,390,,T005504,
V006356,C00932,2025-11-27,paid_search,P018,Pure Band 18,false,false,false,56,,,
V006357,C00049,2025-12-26,direct,P022,Active Mat 22,true,false,false,136,,,
V006358,C00746,2025-01-11,email,P027,Urban Bottle 27,true,false,false,21,,,
V006359,C00479,2025-01-14,email,P015,Calm Cream 15,true,true,true,289,WEEKEND15,T000250,
V006360,C00875,2025-05-04,direct,P025,Daily Lamp 25,true,false,false,25,,,
V006361,C00638,2025-05-12,social,P019,Urban Bottle 19,true,false,false,44,WEEKEND15,,
V006362,C00221,2025-04-09,referral,P024,Modern Serum 24,true,false,false,73,,,
V006363,C00649,2025-05-29,organic_search,P025,Daily Lamp 25,true,false,false,115,WELCOME5,,
V006364,C00640,2025-10-05,social,P028,Essential Bag 28,true,false,false,130,,,
V006365,C00210,2025-03-28,organic_search,P017,Daily Lamp 17,true,true,false,7,,,
V006366,C00988,2025-11-21,email,P018,Pure Band 18,false,false,false,26,,,
V006367,C00661,2025-03-02,direct,P007,Calm Cream 07,true,false,false,17,WEEKEND15,,
V006368,C00107,2025-12-20,organic_search,P021,Bright Organizer 21,true,false,false,117,WEEKEND15,,
V006369,C00512,2025-12-17,direct,P009,Daily Lamp 09,true,false,false,117,,,
V006370,C00895,2025-09-23,organic_search,P014,Active Mat 14,false,false,false,63,WEEKEND15,,
V006371,C00580,2025-07-27,direct,P030,Active Mat 30,true,false,false,25,,,
V006372,C00096,2025-07-02,email,P016,Modern Serum 16,true,false,false,29,,,
V006373,C00282,2025-11-30,referral,P020,Essential Bag 20,true,false,false,68,,,
V006374,C00993,2025-12-28,organic_search,P021,Bright Organizer 21,true,false,false,74,,,
V006375,C00914,2025-02-12,social,P005,Bright Organizer 05,true,false,false,35,,,
V006376,C00507,2025-04-01,social,P009,Daily Lamp 09,true,true,false,62,,,
V006377,C00481,2025-07-13,paid_search,P027,Urban Bottle 27,true,false,false,51,LOYALTY10,,
V006378,C00444,2025-02-12,direct,P025,Daily Lamp 25,true,false,false,46,,,
V006379,C00407,2025-02-10,organic_search,P011,Urban Bottle 11,true,false,false,121,,,
V006380,C00247,2025-06-20,organic_search,P014,Active Mat 14,true,false,false,19,,,
V006381,C00283,2025-11-17,direct,P026,Pure Band 26,true,false,false,80,,,
V006382,C00688,2025-05-05,organic_search,P019,Urban Bottle 19,true,true,false,110,,,
V006383,C00557,2025-04-03,email,P024,Modern Serum 24,true,false,false,78,WEEKEND15,,
V006384,C00223,2025-06-15,direct,P024,Modern Serum 24,true,false,false,102,,,
V006385,C00779,2025-04-12,organic_search,P007,Calm Cream 07,true,false,false,30,,,
V006386,C00985,2025-09-13,organic_search,P020,Essential Bag 20,true,false,false,113,,,
V006387,C00969,2025-01-14,direct,P003,Urban Bottle 03,true,false,false,40,WEEKEND15,,
V006388,C00089,2025-11-04,social,P006,Active Mat 06,true,false,false,34,,,
V006389,C00219,2025-07-13,organic_search,P003,Urban Bottle 03,true,false,false,40,,,
V006390,C00037,2025-01-12,organic_search,P012,Essential Bag 12,true,true,true,71,,T000208,
V006391,C00716,2025-03-31,paid_search,P025,Daily Lamp 25,true,false,false,52,,,
V006392,C00722,2025-02-18,email,P012,Essential Bag 12,true,false,false,23,,,
V006393,C00277,2025-05-11,paid_search,P015,Calm Cream 15,true,false,false,72,,,
V006394,C00709,2025-08-24,email,P030,Active Mat 30,true,false,false,64,,,
V006395,C00604,2025-05-15,organic_search,P013,Bright Organizer 13,true,false,false,35,WEEKEND15,,
V006396,C00139,2025-07-08,organic_search,P025,Daily Lamp 25,true,false,false,72,,,
V006397,C00963,2025-04-06,paid_search,P024,Modern Serum 24,true,false,false,64,,,
V006398,C00725,2025-09-02,paid_search,P015,Calm Cream 15,true,false,false,168,,,
V006399,C00347,2025-05-13,organic_search,P001,Daily Lamp 01,true,false,false,95,,,
V006400,C00089,2025-08-13,organic_search,P006,Active Mat 06,true,true,false,105,,,
V006401,C00740,2025-08-27,organic_search,P028,Essential Bag 28,true,false,false,67,,,
V006402,C00940,2025-12-07,direct,P004,Essential Bag 04,true,false,false,27,,,
V006403,C00825,2025-05-04,social,P019,Urban Bottle 19,true,true,false,116,,,
V006404,C00389,2025-04-11,paid_search,P018,Pure Band 18,true,false,false,92,,,
V006405,C00251,2025-05-14,paid_search,P012,Essential Bag 12,true,false,false,17,,,
V006406,C00953,2025-11-11,direct,P017,Daily Lamp 17,true,false,false,78,,,
V006407,C00817,2025-10-03,social,P030,Active Mat 30,true,false,true,86,LOYALTY10,T005106,
V006408,C00774,2025-08-17,organic_search,P016,Modern Serum 16,true,true,false,44,,,
V006409,C00471,2025-03-05,referral,P022,Active Mat 22,true,false,false,47,,,
V006410,C00810,2025-03-10,paid_search,P019,Urban Bottle 19,true,false,false,51,,,
V006411,C00251,2025-08-01,social,P027,Urban Bottle 27,true,true,false,37,,,
V006412,C00998,2025-09-14,social,P022,Active Mat 22,true,false,false,26,WEEKEND15,,
V006413,C00298,2025-07-04,social,P028,Essential Bag 28,true,false,false,47,,,
V006414,C00027,2025-05-08,email,P010,Pure Band 10,true,false,false,306,,,
V006415,C00765,2025-08-19,direct,P008,Modern Serum 08,true,false,false,47,,,
V006416,C00598,2025-04-19,organic_search,P026,Pure Band 26,true,false,false,100,,,
V006417,C00617,2025-08-08,organic_search,P028,Essential Bag 28,true,false,false,67,,,
V006418,C00405,2025-09-13,social,P010,Pure Band 10,true,true,false,64,,,
V006419,C00467,2025-11-13,email,P019,Urban Bottle 19,false,false,false,82,WEEKEND15,,
V006420,C00074,2025-12-25,organic_search,P023,Calm Cream 23,false,false,false,135,,,
V006421,C00186,2025-09-18,social,P009,Daily Lamp 09,true,false,false,17,,,
V006422,C00944,2025-11-20,social,P013,Bright Organizer 13,true,false,false,27,,,
V006423,C00721,2025-05-20,referral,P021,Bright Organizer 21,true,true,false,66,,,
V006424,C00097,2025-04-29,referral,P023,Calm Cream 23,true,true,false,134,WELCOME5,,
V006425,C00214,2025-02-18,paid_search,P026,Pure Band 26,true,false,false,9,LOYALTY10,,
V006426,C00088,2025-06-22,organic_search,P029,Bright Organizer 29,true,false,false,62,LOYALTY10,,
V006427,C00945,2025-07-25,direct,P014,Active Mat 14,true,true,false,122,,,
V006428,C00597,2025-09-06,organic_search,P004,Essential Bag 04,true,false,false,129,,,
V006429,C00240,2025-08-15,email,P018,Pure Band 18,true,false,false,81,,,
V006430,C00659,2025-11-15,email,P012,Essential Bag 12,true,false,false,27,WELCOME5,,
V006431,C00922,2025-05-24,organic_search,P029,Bright Organizer 29,true,false,false,35,,,
V006432,C00224,2025-09-12,organic_search,P007,Calm Cream 07,true,false,false,57,,,
V006433,C00608,2025-10-08,paid_search,P028,Essential Bag 28,true,false,false,55,,,
V006434,C00513,2025-08-31,organic_search,P005,Bright Organizer 05,false,false,false,56,,,
V006435,C00921,2025-05-24,email,P017,Daily Lamp 17,true,false,false,60,,,
V006436,C00387,2025-04-09,email,P019,Urban Bottle 19,true,false,false,5,,,
V006437,C00221,2025-08-03,organic_search,P019,Urban Bottle 19,true,false,true,403,WELCOME5,T004020,
V006438,C00032,2025-02-22,paid_search,P011,Urban Bottle 11,true,false,false,52,WELCOME5,,
V006439,C00892,2025-05-16,social,P020,Essential Bag 20,true,false,false,70,,,
V006440,C00284,2025-10-02,paid_search,P007,Calm Cream 07,true,false,false,204,,,
V006441,C00309,2025-06-08,organic_search,P019,Urban Bottle 19,true,false,false,79,,,
V006442,C00031,2025-12-30,organic_search,P022,Active Mat 22,true,false,false,46,LOYALTY10,,
V006443,C00310,2025-02-10,organic_search,P003,Urban Bottle 03,true,true,false,124,,,
V006444,C00817,2025-10-24,organic_search,P015,Calm Cream 15,true,true,true,44,,T005510,
V006445,C00429,2025-09-30,organic_search,P024,Modern Serum 24,false,false,false,76,WELCOME5,,
V006446,C00320,2025-01-16,social,P025,Daily Lamp 25,true,false,false,53,LOYALTY10,,
V006447,C00677,2025-09-19,paid_search,P018,Pure Band 18,true,false,false,62,WELCOME5,,
V006448,C00796,2025-05-03,organic_search,P014,Active Mat 14,true,false,false,34,,,
V006449,C00261,2025-08-06,organic_search,P019,Urban Bottle 19,true,false,false,15,LOYALTY10,,
V006450,C00585,2025-02-06,organic_search,P016,Modern Serum 16,true,false,false,109,,,
V006451,C00009,2025-03-02,organic_search,P019,Urban Bottle 19,true,false,false,38,LOYALTY10,,
V006452,C00798,2025-03-16,direct,P020,Essential Bag 20,true,false,false,37,,,
V006453,C00859,2025-05-03,direct,P010,Pure Band 10,true,false,false,290,,,
V006454,C00074,2025-07-18,paid_search,P017,Daily Lamp 17,true,false,false,58,,,
V006455,C00081,2025-11-11,email,P014,Active Mat 14,true,false,false,83,WEEKEND15,,
V006456,C00238,2025-03-24,organic_search,P006,Active Mat 06,true,false,false,409,,,
V006457,C00590,2025-04-17,organic_search,P012,Essential Bag 12,true,false,false,63,,,
V006458,C00156,2025-12-23,organic_search,P019,Urban Bottle 19,false,false,false,24,,,
V006459,C00071,2025-10-29,social,P016,Modern Serum 16,false,false,false,25,,,
V006460,C00028,2025-05-31,paid_search,P027,Urban Bottle 27,true,false,false,48,,,
V006461,C00659,2025-03-31,email,P030,Active Mat 30,true,true,false,52,,,
V006462,C00046,2025-05-09,organic_search,P023,Calm Cream 23,true,false,false,102,,,
V006463,C00079,2025-04-30,social,P004,Essential Bag 04,false,false,false,36,,,
V006464,C00879,2025-06-06,organic_search,P030,Active Mat 30,true,false,false,8,,,
V006465,C00292,2025-04-02,email,P010,Pure Band 10,true,true,false,49,LOYALTY10,,
V006466,C00869,2025-03-01,organic_search,P025,Daily Lamp 25,true,false,false,88,WEEKEND15,,
V006467,C00003,2025-08-05,paid_search,P002,Pure Band 02,true,false,false,111,WELCOME5,,
V006468,C00306,2025-03-11,social,P025,Daily Lamp 25,true,false,true,145,,T001318,
V006469,C00433,2025-04-07,social,P012,Essential Bag 12,true,false,false,32,,,
V006470,C00638,2025-11-13,social,P002,Pure Band 02,true,false,false,32,,,
V006471,C00697,2025-10-21,paid_search,P026,Pure Band 26,true,false,false,35,,,
V006472,C00028,2025-03-12,paid_search,P027,Urban Bottle 27,true,false,false,115,,,
V006473,C00881,2025-04-20,organic_search,P002,Pure Band 02,true,false,false,86,,,
V006474,C00474,2025-04-25,direct,P010,Pure Band 10,true,false,false,56,,,
V006475,C00538,2025-07-01,email,P013,Bright Organizer 13,true,false,false,66,,,
V006476,C00469,2025-08-26,organic_search,P003,Urban Bottle 03,true,false,false,87,,,
V006477,C00211,2025-09-08,paid_search,P007,Calm Cream 07,true,false,false,55,,,
V006478,C00057,2025-12-18,direct,P015,Calm Cream 15,true,false,false,17,,,
V006479,C00366,2025-01-29,organic_search,P030,Active Mat 30,true,false,false,244,,,
V006480,C00277,2025-07-23,social,P016,Modern Serum 16,false,false,false,67,,,
V006481,C00244,2025-06-22,paid_search,P013,Bright Organizer 13,true,false,false,7,,,
V006482,C00307,2025-04-23,paid_search,P005,Bright Organizer 05,true,false,false,28,,,
V006483,C00358,2025-06-05,organic_search,P020,Essential Bag 20,true,false,false,42,,,
V006484,C00762,2025-06-11,paid_search,P023,Calm Cream 23,true,false,false,92,,,
V006485,C00225,2025-09-13,paid_search,P018,Pure Band 18,true,false,false,10,,,
V006486,C00049,2025-04-03,email,P018,Pure Band 18,true,false,false,68,,,
V006487,C00896,2025-05-30,organic_search,P024,Modern Serum 24,true,false,false,540,,,
V006488,C00368,2025-03-13,social,P020,Essential Bag 20,true,false,false,128,,,
V006489,C00520,2025-03-14,social,P004,Essential Bag 04,true,true,false,61,WELCOME5,,
V006490,C00032,2025-03-31,organic_search,P014,Active Mat 14,true,false,false,87,,,
V006491,C00491,2025-10-02,organic_search,P013,Bright Organizer 13,true,false,false,49,,,
V006492,C00526,2025-11-04,organic_search,P017,Daily Lamp 17,true,false,false,45,,,
V006493,C00362,2025-09-19,organic_search,P013,Bright Organizer 13,true,false,false,20,,,
V006494,C00212,2025-01-10,organic_search,P027,Urban Bottle 27,true,false,false,101,,,
V006495,C00636,2025-04-23,organic_search,P022,Active Mat 22,true,false,false,21,,,
V006496,C00185,2025-07-26,direct,P009,Daily Lamp 09,true,false,true,67,,T003932,
V006497,C00418,2025-09-15,referral,P011,Urban Bottle 11,true,false,false,105,,,
V006498,C00101,2025-08-23,paid_search,P021,Bright Organizer 21,true,false,false,52,,,
V006499,C00289,2025-12-15,organic_search,P011,Urban Bottle 11,true,false,false,70,WEEKEND15,,
V006500,C00632,2025-10-10,organic_search,P020,Essential Bag 20,true,false,false,35,,,
V006501,C00155,2025-09-04,referral,P026,Pure Band 26,true,false,false,34,,,
V006502,C00522,2025-04-16,direct,P024,Modern Serum 24,true,false,false,16,,,
V006503,C00833,2025-03-13,organic_search,P026,Pure Band 26,true,false,false,13,WELCOME5,,
V006504,C00361,2025-06-06,direct,P021,Bright Organizer 21,true,false,false,30,,,
V006505,C00319,2025-09-23,social,P003,Urban Bottle 03,true,false,false,68,,,
V006506,C00843,2025-11-14,paid_search,P018,Pure Band 18,false,false,false,13,WEEKEND15,,
V006507,C00102,2025-02-07,email,P001,Daily Lamp 01,true,false,true,22,,T000707,
V006508,C00964,2025-06-11,paid_search,P023,Calm Cream 23,true,false,false,39,,,
V006509,C00774,2025-10-15,direct,P006,Active Mat 06,true,false,false,42,,,
V006510,C00904,2025-01-04,referral,P025,Daily Lamp 25,true,false,false,22,WEEKEND15,,
V006511,C00745,2025-10-31,organic_search,P012,Essential Bag 12,false,false,false,58,,,
V006512,C00927,2025-01-23,paid_search,P002,Pure Band 02,true,false,false,44,,,
V006513,C00921,2025-04-28,referral,P025,Daily Lamp 25,true,false,false,124,,,
V006514,C00598,2025-10-29,social,P007,Calm Cream 07,true,false,false,76,,,
V006515,C00138,2025-12-09,direct,P011,Urban Bottle 11,true,false,true,296,,T006252,
V006516,C00068,2025-07-15,email,P024,Modern Serum 24,true,true,false,52,WEEKEND15,,
V006517,C00356,2025-05-05,paid_search,P005,Bright Organizer 05,true,true,false,47,,,
V006518,C00842,2025-07-16,organic_search,P020,Essential Bag 20,true,false,true,51,,T003750,
V006519,C00837,2025-05-16,social,P002,Pure Band 02,true,false,false,35,,,
V006520,C00370,2025-06-08,organic_search,P019,Urban Bottle 19,true,false,false,26,,,
V006521,C00013,2025-03-24,social,P011,Urban Bottle 11,true,false,false,48,,,
V006522,C00888,2025-09-27,organic_search,P006,Active Mat 06,false,false,false,94,,,
V006523,C00733,2025-08-24,email,P008,Modern Serum 08,true,false,true,83,,T004439,
V006524,C00598,2025-10-18,social,P015,Calm Cream 15,true,false,false,40,,,
V006525,C00392,2025-05-25,organic_search,P010,Pure Band 10,true,false,true,215,,T002770,
V006526,C00752,2025-12-10,direct,P028,Essential Bag 28,true,false,false,45,,,
V006527,C00509,2025-10-19,referral,P015,Calm Cream 15,true,false,false,29,,,
V006528,C00600,2025-10-11,organic_search,P009,Daily Lamp 09,true,false,false,59,,,
V006529,C00255,2025-07-08,social,P010,Pure Band 10,true,false,false,43,WEEKEND15,,
V006530,C00906,2025-06-05,referral,P017,Daily Lamp 17,true,false,false,57,,,
V006531,C00521,2025-02-22,email,P022,Active Mat 22,true,false,false,68,,,
V006532,C00917,2025-12-13,paid_search,P028,Essential Bag 28,true,false,false,165,,,
V006533,C00174,2025-01-15,organic_search,P020,Essential Bag 20,true,true,false,58,,,
V006534,C00441,2025-07-06,paid_search,P018,Pure Band 18,true,false,false,13,,,
V006535,C00685,2025-02-01,email,P023,Calm Cream 23,true,false,false,68,,,
V006536,C00847,2025-08-16,paid_search,P012,Essential Bag 12,true,true,true,182,,T004305,
V006537,C00054,2025-04-02,organic_search,P010,Pure Band 10,true,false,false,85,,,
V006538,C00217,2025-10-13,social,P002,Pure Band 02,true,false,false,72,,,
V006539,C00062,2025-08-19,organic_search,P011,Urban Bottle 11,true,false,false,81,,,
V006540,C00158,2025-09-09,email,P012,Essential Bag 12,true,false,false,11,,,
V006541,C00365,2025-02-04,organic_search,P027,Urban Bottle 27,true,true,false,93,LOYALTY10,,
V006542,C00289,2025-07-04,organic_search,P011,Urban Bottle 11,true,false,false,41,,,
V006543,C00965,2025-03-24,organic_search,P013,Bright Organizer 13,true,false,false,118,WELCOME5,,
V006544,C00977,2025-12-02,organic_search,P024,Modern Serum 24,true,false,false,78,WEEKEND15,,
V006545,C00363,2025-09-21,paid_search,P020,Essential Bag 20,true,true,false,110,WELCOME5,,
V006546,C00380,2025-06-02,organic_search,P014,Active Mat 14,true,false,false,69,,,
V006547,C00394,2025-11-05,direct,P026,Pure Band 26,true,false,false,15,,,
V006548,C00079,2025-03-11,email,P004,Essential Bag 04,true,false,false,23,LOYALTY10,,
V006549,C00704,2025-09-20,social,P021,Bright Organizer 21,true,false,false,23,WEEKEND15,,
V006550,C00893,2025-08-20,paid_search,P006,Active Mat 06,true,false,false,14,WELCOME5,,
V006551,C00100,2025-08-31,organic_search,P002,Pure Band 02,true,true,false,104,WEEKEND15,,
V006552,C00410,2025-05-22,social,P007,Calm Cream 07,true,true,false,84,WELCOME5,,
V006553,C00403,2025-04-21,organic_search,P019,Urban Bottle 19,true,false,false,34,LOYALTY10,,
V006554,C00704,2025-03-01,social,P015,Calm Cream 15,true,false,false,68,,,
V006555,C00071,2025-03-31,referral,P009,Daily Lamp 09,true,false,false,35,,,
V006556,C00445,2025-02-19,paid_search,P028,Essential Bag 28,true,false,false,53,WELCOME5,,
V006557,C00571,2025-01-04,organic_search,P013,Bright Organizer 13,true,true,false,46,LOYALTY10,,
V006558,C00902,2025-01-05,direct,P006,Active Mat 06,true,false,true,111,,T000091,
V006559,C00705,2025-01-27,organic_search,P024,Modern Serum 24,true,false,true,144,WEEKEND15,T000516,
V006560,C00910,2025-05-26,paid_search,P004,Essential Bag 04,false,false,false,201,,,
V006561,C00231,2025-06-30,referral,P012,Essential Bag 12,true,false,false,14,,,
V006562,C00195,2025-09-26,social,P005,Bright Organizer 05,false,false,false,45,,,
V006563,C00048,2025-06-29,organic_search,P028,Essential Bag 28,true,false,false,38,,,
V006564,C00422,2025-01-22,direct,P003,Urban Bottle 03,true,true,false,211,,,
V006565,C00948,2025-02-13,organic_search,P025,Daily Lamp 25,true,false,true,31,,T000813,
V006566,C00608,2025-01-31,social,P008,Modern Serum 08,true,false,false,25,,,
V006567,C00922,2025-01-26,direct,P027,Urban Bottle 27,true,false,false,71,LOYALTY10,,
V006568,C00914,2025-08-23,paid_search,P023,Calm Cream 23,true,false,false,117,,,
V006569,C00868,2025-02-21,organic_search,P013,Bright Organizer 13,true,false,false,66,,,
V006570,C00005,2025-08-05,paid_search,P017,Daily Lamp 17,true,false,false,71,,,
V006571,C00496,2025-12-31,direct,P011,Urban Bottle 11,false,false,false,78,,,
V006572,C00442,2025-09-29,organic_search,P024,Modern Serum 24,false,false,false,6,,,
V006573,C00595,2025-09-07,organic_search,P027,Urban Bottle 27,true,false,false,35,,,
V006574,C00045,2025-11-25,organic_search,P018,Pure Band 18,false,false,false,53,,,
V006575,C00823,2025-11-29,referral,P020,Essential Bag 20,true,true,false,57,LOYALTY10,,
V006576,C00422,2025-12-23,paid_search,P012,Essential Bag 12,false,false,false,123,,,
V006577,C00135,2025-12-10,organic_search,P028,Essential Bag 28,true,false,false,12,WELCOME5,,
V006578,C00056,2025-10-12,paid_search,P015,Calm Cream 15,true,false,false,32,,,
V006579,C00833,2025-09-18,direct,P005,Bright Organizer 05,true,true,true,132,WEEKEND15,T004875,
V006580,C00074,2025-10-13,organic_search,P007,Calm Cream 07,true,false,false,70,,,
V006581,C00051,2025-08-25,email,P024,Modern Serum 24,true,false,false,30,,,
V006582,C00720,2025-11-07,email,P004,Essential Bag 04,true,false,false,88,WEEKEND15,,
V006583,C00068,2025-05-28,organic_search,P029,Bright Organizer 29,true,false,false,115,,,
V006584,C00044,2025-06-12,organic_search,P030,Active Mat 30,true,false,false,88,,,
V006585,C00301,2025-10-08,organic_search,P010,Pure Band 10,true,false,false,110,,,
V006586,C00729,2025-08-05,paid_search,P025,Daily Lamp 25,true,true,false,20,,,
V006587,C00213,2025-04-09,direct,P008,Modern Serum 08,true,false,false,31,,,
V006588,C00145,2025-06-23,organic_search,P019,Urban Bottle 19,true,false,false,12,WEEKEND15,,
V006589,C00921,2025-06-12,organic_search,P022,Active Mat 22,true,false,false,8,,,
V006590,C00607,2025-01-26,paid_search,P004,Essential Bag 04,true,false,false,139,,,
V006591,C00997,2025-01-05,organic_search,P002,Pure Band 02,true,false,false,12,LOYALTY10,,
V006592,C00796,2025-02-13,paid_search,P011,Urban Bottle 11,true,true,false,50,LOYALTY10,,
V006593,C00498,2025-03-22,email,P003,Urban Bottle 03,true,false,false,34,,,
V006594,C00735,2025-07-29,email,P030,Active Mat 30,true,true,false,146,,,
V006595,C00915,2025-11-30,paid_search,P023,Calm Cream 23,true,false,false,108,,,
V006596,C00774,2025-07-30,social,P022,Active Mat 22,true,false,false,67,,,
V006597,C00404,2025-07-27,email,P011,Urban Bottle 11,true,false,false,96,,,
V006598,C00768,2025-05-23,referral,P017,Daily Lamp 17,true,false,false,116,WELCOME5,,
V006599,C00232,2025-07-23,organic_search,P005,Bright Organizer 05,false,false,false,195,LOYALTY10,,
V006600,C00082,2025-05-11,organic_search,P009,Daily Lamp 09,true,true,true,258,,T002483,
V006601,C00025,2025-06-05,social,P001,Daily Lamp 01,true,false,false,32,,,
V006602,C00069,2025-11-17,email,P029,Bright Organizer 29,true,true,true,339,,T005903,
V006603,C00204,2025-05-30,paid_search,P009,Daily Lamp 09,true,false,true,51,,T002864,
V006604,C00803,2025-09-24,social,P005,Bright Organizer 05,true,false,false,46,,,
V006605,C00527,2025-02-26,organic_search,P008,Modern Serum 08,true,false,false,52,,,
V006606,C00241,2025-06-02,social,P020,Essential Bag 20,true,false,false,19,,,
V006607,C00894,2025-03-27,email,P021,Bright Organizer 21,true,false,false,32,,,
V006608,C00076,2025-05-16,social,P018,Pure Band 18,true,true,false,31,,,
V006609,C00206,2025-02-27,paid_search,P019,Urban Bottle 19,true,false,false,25,,,
V006610,C00860,2025-01-08,direct,P004,Essential Bag 04,true,false,false,43,LOYALTY10,,
V006611,C00220,2025-02-10,social,P004,Essential Bag 04,true,true,true,137,,T000763,
V006612,C00935,2025-09-13,paid_search,P012,Essential Bag 12,true,false,false,124,,,
V006613,C00923,2025-02-26,email,P015,Calm Cream 15,true,false,false,197,,,
V006614,C00997,2025-08-24,paid_search,P001,Daily Lamp 01,false,false,false,96,,,
V006615,C00694,2025-10-18,organic_search,P026,Pure Band 26,true,false,false,30,LOYALTY10,,
V006616,C00983,2025-10-05,direct,P029,Bright Organizer 29,true,false,false,66,LOYALTY10,,
V006617,C00032,2025-01-14,paid_search,P026,Pure Band 26,true,false,false,31,,,
V006618,C00564,2025-10-16,paid_search,P023,Calm Cream 23,true,false,false,53,,,
V006619,C00856,2025-12-29,email,P016,Modern Serum 16,false,false,false,71,,,
V006620,C00498,2025-05-24,paid_search,P027,Urban Bottle 27,true,false,false,79,,,
V006621,C00072,2025-09-15,direct,P013,Bright Organizer 13,true,false,false,10,,,
V006622,C00097,2025-08-17,paid_search,P025,Daily Lamp 25,true,true,false,54,,,
V006623,C00321,2025-08-05,paid_search,P014,Active Mat 14,true,false,false,46,,,
V006624,C00360,2025-01-30,social,P015,Calm Cream 15,true,false,false,23,,,
V006625,C00589,2025-12-23,organic_search,P014,Active Mat 14,false,false,false,53,,,
V006626,C00794,2025-08-08,paid_search,P013,Bright Organizer 13,true,false,false,41,,,
V006627,C00138,2025-10-03,direct,P027,Urban Bottle 27,true,false,false,118,,,
V006628,C00259,2025-09-12,paid_search,P024,Modern Serum 24,true,false,false,168,,,
V006629,C00180,2025-05-18,organic_search,P026,Pure Band 26,true,false,false,26,,,
V006630,C00168,2025-12-17,email,P008,Modern Serum 08,true,false,false,25,WELCOME5,,
V006631,C00601,2025-02-25,email,P009,Daily Lamp 09,true,false,false,55,,,
V006632,C00482,2025-06-26,direct,P010,Pure Band 10,true,true,false,58,,,
V006633,C00880,2025-04-30,organic_search,P014,Active Mat 14,true,false,false,29,,,
V006634,C00565,2025-09-06,direct,P001,Daily Lamp 01,true,false,false,18,,,
V006635,C00694,2025-01-23,organic_search,P025,Daily Lamp 25,true,true,false,29,WELCOME5,,
V006636,C00467,2025-05-21,email,P027,Urban Bottle 27,true,true,false,335,,,
V006637,C00527,2025-12-07,email,P014,Active Mat 14,true,false,false,75,,,
V006638,C00760,2025-12-18,organic_search,P003,Urban Bottle 03,true,false,false,28,,,
V006639,C00805,2025-12-21,direct,P002,Pure Band 02,true,true,false,185,,,
V006640,C00100,2025-02-12,organic_search,P025,Daily Lamp 25,true,false,false,105,,,
V006641,C00704,2025-04-25,social,P030,Active Mat 30,true,false,false,15,,,
V006642,C00634,2025-10-17,organic_search,P003,Urban Bottle 03,true,false,true,91,,T005373,
V006643,C00734,2025-11-25,social,P030,Active Mat 30,true,false,false,127,,,
V006644,C00746,2025-10-27,social,P019,Urban Bottle 19,false,false,false,93,WEEKEND15,,
V006645,C00653,2025-08-04,direct,P009,Daily Lamp 09,true,false,false,14,WEEKEND15,,
V006646,C00191,2025-09-06,social,P024,Modern Serum 24,true,true,false,17,,,
V006647,C00788,2025-06-26,social,P026,Pure Band 26,true,true,false,14,,,
V006648,C00540,2025-09-21,organic_search,P019,Urban Bottle 19,true,false,false,38,,,
V006649,C00359,2025-11-19,organic_search,P007,Calm Cream 07,true,false,false,52,LOYALTY10,,
V006650,C00920,2025-08-12,paid_search,P030,Active Mat 30,true,false,false,65,,,
V006651,C00919,2025-02-02,paid_search,P022,Active Mat 22,true,false,false,109,,,
V006652,C00830,2025-11-05,direct,P028,Essential Bag 28,true,true,false,51,,,
V006653,C00311,2025-12-14,organic_search,P008,Modern Serum 08,true,false,false,102,,,
V006654,C00457,2025-03-22,direct,P001,Daily Lamp 01,true,false,false,82,,,
V006655,C00881,2025-11-18,direct,P020,Essential Bag 20,true,false,false,65,,,
V006656,C00806,2025-09-24,organic_search,P024,Modern Serum 24,true,false,false,8,,,
V006657,C00990,2025-09-09,direct,P021,Bright Organizer 21,true,false,false,57,,,
V006658,C00202,2025-01-22,email,P012,Essential Bag 12,true,false,false,91,,,
V006659,C00721,2025-10-01,paid_search,P024,Modern Serum 24,true,true,false,70,WELCOME5,,
V006660,C00302,2025-09-25,organic_search,P004,Essential Bag 04,false,false,false,126,,,
V006661,C00874,2025-10-27,email,P026,Pure Band 26,true,false,false,112,LOYALTY10,,
V006662,C00773,2025-08-22,direct,P012,Essential Bag 12,true,false,false,31,,,
V006663,C00220,2025-02-12,direct,P001,Daily Lamp 01,true,false,false,22,,,
V006664,C00510,2025-05-31,social,P010,Pure Band 10,true,true,true,646,,T002884,
V006665,C00929,2025-12-05,social,P026,Pure Band 26,true,false,false,54,,,
V006666,C00301,2025-02-05,organic_search,P028,Essential Bag 28,true,false,false,90,,,
V006667,C00255,2025-04-20,organic_search,P020,Essential Bag 20,true,false,false,292,,,
V006668,C00486,2025-11-06,direct,P016,Modern Serum 16,true,false,false,36,WEEKEND15,,
V006669,C00926,2025-07-29,organic_search,P009,Daily Lamp 09,true,false,false,7,,,
V006670,C00413,2025-08-17,organic_search,P017,Daily Lamp 17,true,true,false,30,WELCOME5,,
V006671,C00623,2025-08-13,paid_search,P008,Modern Serum 08,true,false,false,47,WEEKEND15,,
V006672,C00937,2025-03-31,paid_search,P009,Daily Lamp 09,true,true,false,39,,,
V006673,C00727,2025-11-04,email,P003,Urban Bottle 03,true,false,false,33,,,
V006674,C00055,2025-12-25,paid_search,P025,Daily Lamp 25,true,false,false,40,,,
V006675,C00351,2025-07-28,social,P001,Daily Lamp 01,false,false,false,118,,,
V006676,C00064,2025-05-09,direct,P027,Urban Bottle 27,true,false,false,37,,,
V006677,C00881,2025-10-07,email,P006,Active Mat 06,true,false,false,59,,,
V006678,C00022,2025-04-28,paid_search,P019,Urban Bottle 19,true,false,false,61,,,
V006679,C00754,2025-06-08,paid_search,P025,Daily Lamp 25,true,false,false,12,,,
V006680,C00100,2025-10-29,social,P008,Modern Serum 08,true,false,false,39,,,
V006681,C00029,2025-10-16,direct,P017,Daily Lamp 17,true,false,false,40,,,
V006682,C00207,2025-07-05,organic_search,P012,Essential Bag 12,true,true,false,69,,,
V006683,C00664,2025-10-08,social,P025,Daily Lamp 25,true,true,false,42,,,
V006684,C00650,2025-12-27,email,P014,Active Mat 14,false,false,false,27,,,
V006685,C00886,2025-06-20,social,P023,Calm Cream 23,false,false,false,20,,,
V006686,C00222,2025-07-19,organic_search,P019,Urban Bottle 19,false,false,false,62,,,
V006687,C00275,2025-03-28,paid_search,P009,Daily Lamp 09,true,false,false,46,,,
V006688,C00794,2025-05-28,social,P020,Essential Bag 20,true,false,false,41,WELCOME5,,
V006689,C00181,2025-06-03,paid_search,P010,Pure Band 10,true,false,false,61,WEEKEND15,,
V006690,C00639,2025-05-02,social,P009,Daily Lamp 09,true,false,false,19,,,
V006691,C00363,2025-05-13,paid_search,P014,Active Mat 14,true,false,false,68,WELCOME5,,
V006692,C00544,2025-08-16,paid_search,P022,Active Mat 22,true,false,false,107,,,
V006693,C00742,2025-09-11,email,P028,Essential Bag 28,true,false,true,124,,T004754,
V006694,C00043,2025-01-24,social,P006,Active Mat 06,true,false,false,89,,,
V006695,C00267,2025-04-30,social,P001,Daily Lamp 01,true,false,false,33,,,
V006696,C00633,2025-01-21,direct,P024,Modern Serum 24,true,false,false,17,,,
V006697,C00147,2025-09-12,direct,P002,Pure Band 02,true,false,false,66,LOYALTY10,,
V006698,C00861,2025-05-12,organic_search,P026,Pure Band 26,true,true,false,107,,,
V006699,C00116,2025-05-01,social,P007,Calm Cream 07,true,false,false,84,,,
V006700,C00059,2025-05-24,organic_search,P012,Essential Bag 12,true,false,false,69,,,
V006701,C00118,2025-05-03,organic_search,P023,Calm Cream 23,true,true,false,38,,,
V006702,C00678,2025-12-27,organic_search,P002,Pure Band 02,true,false,false,45,,,
V006703,C00695,2025-06-25,paid_search,P012,Essential Bag 12,true,false,false,55,LOYALTY10,,
V006704,C00456,2025-04-30,direct,P007,Calm Cream 07,true,false,false,41,WELCOME5,,
V006705,C00251,2025-12-11,paid_search,P026,Pure Band 26,true,false,false,15,LOYALTY10,,
V006706,C00872,2025-06-11,direct,P001,Daily Lamp 01,true,false,false,10,,,
V006707,C00137,2025-08-15,organic_search,P001,Daily Lamp 01,false,false,false,34,,,
V006708,C00596,2025-01-31,paid_search,P003,Urban Bottle 03,true,false,false,28,,,
V006709,C00922,2025-06-06,organic_search,P008,Modern Serum 08,true,false,false,19,,,
V006710,C00107,2025-10-23,direct,P028,Essential Bag 28,true,true,false,70,,,
V006711,C00169,2025-07-29,direct,P003,Urban Bottle 03,true,false,false,24,WEEKEND15,,
V006712,C00056,2025-06-27,social,P010,Pure Band 10,true,false,false,31,,,
V006713,C00693,2025-12-02,organic_search,P006,Active Mat 06,true,false,false,148,,,
V006714,C00277,2025-09-04,referral,P006,Active Mat 06,true,false,false,26,,,
V006715,C00107,2025-04-20,organic_search,P001,Daily Lamp 01,true,false,true,29,,T002108,
V006716,C00014,2025-04-10,social,P015,Calm Cream 15,true,true,true,10,,T001929,
V006717,C00637,2025-12-24,direct,P007,Calm Cream 07,true,true,false,22,,,
V006718,C00172,2025-10-11,referral,P011,Urban Bottle 11,true,false,false,6,,,
V006719,C00062,2025-06-09,email,P027,Urban Bottle 27,true,false,false,57,,,
V006720,C00445,2025-11-06,email,P012,Essential Bag 12,true,false,false,32,,,
V006721,C00641,2025-10-22,direct,P018,Pure Band 18,false,false,false,16,,,
V006722,C00716,2025-01-19,paid_search,P001,Daily Lamp 01,true,true,true,65,,T000354,
V006723,C00739,2025-12-13,email,P004,Essential Bag 04,true,true,true,101,,T006331,
V006724,C00235,2025-05-06,direct,P026,Pure Band 26,true,false,false,25,,,
V006725,C00917,2025-02-22,social,P023,Calm Cream 23,true,false,false,23,WEEKEND15,,
V006726,C00368,2025-12-18,direct,P009,Daily Lamp 09,true,true,false,215,,,
V006727,C00367,2025-12-16,direct,P024,Modern Serum 24,false,false,false,195,,,
V006728,C00884,2025-01-11,referral,P025,Daily Lamp 25,true,false,false,74,,,
V006729,C00189,2025-12-17,organic_search,P011,Urban Bottle 11,true,false,false,84,LOYALTY10,,
V006730,C00464,2025-09-15,direct,P003,Urban Bottle 03,true,false,false,62,,,
V006731,C00913,2025-10-12,organic_search,P025,Daily Lamp 25,true,false,false,47,,,
V006732,C00626,2025-06-25,email,P014,Active Mat 14,true,false,false,89,,,
V006733,C00771,2025-02-06,referral,P012,Essential Bag 12,true,false,false,37,,,
V006734,C00389,2025-10-11,social,P022,Active Mat 22,true,false,false,67,,,
V006735,C00699,2025-06-25,paid_search,P013,Bright Organizer 13,true,false,false,129,,,
V006736,C00283,2025-09-13,organic_search,P009,Daily Lamp 09,true,false,false,362,,,
V006737,C00495,2025-02-23,organic_search,P001,Daily Lamp 01,true,false,false,16,LOYALTY10,,
V006738,C00425,2025-07-30,social,P010,Pure Band 10,true,false,false,26,,,
V006739,C00189,2025-12-11,organic_search,P012,Essential Bag 12,true,true,false,194,WELCOME5,,
V006740,C00055,2025-06-16,email,P012,Essential Bag 12,true,false,false,135,,,
V006741,C00292,2025-09-03,direct,P015,Calm Cream 15,true,false,false,75,,,
V006742,C00163,2025-12-01,social,P028,Essential Bag 28,true,false,true,31,,T006099,
V006743,C00060,2025-11-20,paid_search,P030,Active Mat 30,true,false,true,79,,T005954,
V006744,C00424,2025-09-05,organic_search,P017,Daily Lamp 17,true,true,false,20,,,
V006745,C00470,2025-12-15,direct,P010,Pure Band 10,true,true,false,34,,,
V006746,C00018,2025-02-22,paid_search,P016,Modern Serum 16,true,false,false,50,,,
V006747,C00302,2025-02-28,paid_search,P021,Bright Organizer 21,true,false,false,117,,,
V006748,C00813,2025-04-13,paid_search,P013,Bright Organizer 13,true,false,false,35,,,
V006749,C00631,2025-12-03,social,P010,Pure Band 10,true,true,false,37,,,
V006750,C00683,2025-10-15,organic_search,P003,Urban Bottle 03,true,false,false,35,,,
V006751,C00123,2025-08-07,direct,P001,Daily Lamp 01,true,false,false,43,WELCOME5,,
V006752,C00466,2025-10-24,paid_search,P024,Modern Serum 24,true,false,false,43,,,
V006753,C00884,2025-01-12,direct,P016,Modern Serum 16,true,false,false,5,,,
V006754,C00745,2025-05-08,email,P013,Bright Organizer 13,true,true,false,57,,,
V006755,C00334,2025-05-30,referral,P030,Active Mat 30,true,true,false,22,WELCOME5,,
V006756,C00444,2025-05-29,organic_search,P027,Urban Bottle 27,true,false,false,29,,,
V006757,C00890,2025-04-12,paid_search,P012,Essential Bag 12,true,false,false,89,,,
V006758,C00788,2025-09-07,direct,P016,Modern Serum 16,true,true,false,29,LOYALTY10,,
V006759,C00726,2025-06-20,email,P014,Active Mat 14,true,false,false,17,,,
V006760,C00150,2025-01-04,paid_search,P030,Active Mat 30,true,false,false,135,,,
V006761,C00836,2025-03-05,organic_search,P012,Essential Bag 12,true,false,false,33,,,
V006762,C00179,2025-04-18,referral,P002,Pure Band 02,true,true,false,38,LOYALTY10,,
V006763,C00946,2025-10-14,email,P019,Urban Bottle 19,true,false,false,36,,,
V006764,C00598,2025-12-07,social,P006,Active Mat 06,true,true,false,145,,,
V006765,C00866,2025-03-25,social,P028,Essential Bag 28,true,false,false,62,,,
V006766,C00642,2025-05-20,paid_search,P021,Bright Organizer 21,true,false,false,60,,,
V006767,C00543,2025-04-19,email,P004,Essential Bag 04,true,true,true,106,,T002091,
V006768,C00381,2025-03-09,referral,P028,Essential Bag 28,true,false,false,12,,,
V006769,C00085,2025-08-08,email,P016,Modern Serum 16,true,false,false,66,,,
V006770,C00549,2025-02-26,paid_search,P021,Bright Organizer 21,true,false,true,250,,T001054,
V006771,C00318,2025-06-02,email,P025,Daily Lamp 25,true,false,false,11,,,
V006772,C00898,2025-01-06,direct,P030,Active Mat 30,true,false,false,15,,,
V006773,C00542,2025-12-16,email,P026,Pure Band 26,false,false,false,21,LOYALTY10,,
V006774,C00545,2025-10-18,organic_search,P014,Active Mat 14,true,false,false,90,,,
V006775,C00321,2025-07-29,organic_search,P022,Active Mat 22,true,false,false,98,,,
V006776,C00270,2025-09-23,organic_search,P002,Pure Band 02,true,false,true,111,LOYALTY10,T004941,
V006777,C00822,2025-02-23,organic_search,P019,Urban Bottle 19,true,false,false,82,,,
V006778,C00973,2025-04-30,referral,P026,Pure Band 26,true,false,false,206,,,
V006779,C00322,2025-08-14,paid_search,P024,Modern Serum 24,true,false,false,50,,,
V006780,C00052,2025-07-03,email,P018,Pure Band 18,true,false,false,18,,,
V006781,C00924,2025-12-17,social,P025,Daily Lamp 25,true,false,false,13,,,
V006782,C00556,2025-12-13,paid_search,P023,Calm Cream 23,true,true,false,76,,,
V006783,C00602,2025-09-29,direct,P015,Calm Cream 15,true,true,false,34,WEEKEND15,,
V006784,C00110,2025-08-13,social,P009,Daily Lamp 09,true,false,false,49,,,
V006785,C00891,2025-02-13,organic_search,P004,Essential Bag 04,true,false,false,157,,,
V006786,C00025,2025-08-16,email,P010,Pure Band 10,true,true,true,880,,T004315,
V006787,C00686,2025-08-09,organic_search,P017,Daily Lamp 17,true,false,false,79,,,
V006788,C00950,2025-09-16,email,P016,Modern Serum 16,false,false,false,78,,,
V006789,C00830,2025-04-23,email,P002,Pure Band 02,true,true,false,24,,,
V006790,C00460,2025-01-09,paid_search,P024,Modern Serum 24,true,false,false,42,,,
V006791,C00854,2025-06-14,organic_search,P005,Bright Organizer 05,true,false,false,111,WEEKEND15,,
V006792,C00756,2025-07-03,email,P029,Bright Organizer 29,true,false,false,115,,,
V006793,C00122,2025-10-04,social,P009,Daily Lamp 09,true,false,false,34,,,
V006794,C00617,2025-02-26,social,P015,Calm Cream 15,true,false,false,39,WELCOME5,,
V006795,C00113,2025-05-02,organic_search,P003,Urban Bottle 03,true,false,false,115,,,
V006796,C00525,2025-01-22,direct,P013,Bright Organizer 13,true,false,false,28,,,
V006797,C00834,2025-06-16,referral,P017,Daily Lamp 17,true,false,false,72,WELCOME5,,
V006798,C00709,2025-07-22,paid_search,P029,Bright Organizer 29,true,false,false,65,,,
V006799,C00244,2025-02-07,social,P025,Daily Lamp 25,true,false,false,81,,,
V006800,C00448,2025-07-18,organic_search,P029,Bright Organizer 29,true,false,false,43,,,
V006801,C00689,2025-09-13,social,P024,Modern Serum 24,true,false,false,237,,,
V006802,C00824,2025-08-01,organic_search,P023,Calm Cream 23,true,false,false,46,WEEKEND15,,
V006803,C00114,2025-04-06,email,P025,Daily Lamp 25,true,false,false,60,,,
V006804,C00240,2025-02-08,organic_search,P018,Pure Band 18,true,true,false,91,,,
V006805,C00827,2025-08-04,social,P025,Daily Lamp 25,true,false,false,13,,,
V006806,C00801,2025-10-14,email,P006,Active Mat 06,true,true,false,825,,,
V006807,C00375,2025-10-12,organic_search,P016,Modern Serum 16,true,true,true,114,,T005272,
V006808,C00987,2025-04-28,organic_search,P001,Daily Lamp 01,true,false,false,123,,,
V006809,C00331,2025-05-08,organic_search,P007,Calm Cream 07,true,false,false,20,,,
V006810,C00393,2025-11-23,direct,P025,Daily Lamp 25,true,false,true,63,LOYALTY10,T006003,
V006811,C00600,2025-10-17,organic_search,P013,Bright Organizer 13,true,false,false,46,,,
V006812,C00052,2025-11-07,organic_search,P023,Calm Cream 23,true,true,false,44,,,
V006813,C00949,2025-12-22,direct,P024,Modern Serum 24,false,false,false,28,,,
V006814,C00845,2025-06-05,social,P001,Daily Lamp 01,true,false,false,14,,,
V006815,C00689,2025-05-29,direct,P006,Active Mat 06,false,false,false,85,,,
V006816,C00327,2025-06-16,organic_search,P030,Active Mat 30,true,true,false,49,,,
V006817,C00550,2025-11-04,paid_search,P005,Bright Organizer 05,true,false,false,45,WEEKEND15,,
V006818,C00257,2025-10-01,direct,P015,Calm Cream 15,true,true,true,131,,T005058,
V006819,C00580,2025-03-13,social,P002,Pure Band 02,true,false,false,65,,,
V006820,C00143,2025-09-05,social,P025,Daily Lamp 25,true,true,true,91,,T004641,
V006821,C00166,2025-12-09,social,P013,Bright Organizer 13,true,false,false,53,,,
V006822,C00661,2025-01-30,email,P015,Calm Cream 15,true,true,true,271,,T000573,
V006823,C00879,2025-05-21,email,P003,Urban Bottle 03,true,false,false,32,,,
V006824,C00123,2025-02-10,organic_search,P028,Essential Bag 28,true,false,false,103,WEEKEND15,,
V006825,C00620,2025-07-21,paid_search,P011,Urban Bottle 11,true,false,true,41,WELCOME5,T003828,
V006826,C00688,2025-07-02,email,P005,Bright Organizer 05,true,false,false,36,WEEKEND15,,
V006827,C00575,2025-07-29,organic_search,P001,Daily Lamp 01,false,false,false,90,WELCOME5,,
V006828,C00137,2025-04-28,email,P011,Urban Bottle 11,true,false,false,9,,,
V006829,C00539,2025-10-13,organic_search,P027,Urban Bottle 27,true,false,false,68,,,
V006830,C00679,2025-05-05,social,P024,Modern Serum 24,true,false,false,27,,,
V006831,C00354,2025-03-06,organic_search,P029,Bright Organizer 29,true,true,false,62,WEEKEND15,,
V006832,C00632,2025-12-17,social,P019,Urban Bottle 19,false,false,false,48,,,
V006833,C00310,2025-03-15,paid_search,P012,Essential Bag 12,true,false,false,10,WELCOME5,,
V006834,C00079,2025-12-29,email,P008,Modern Serum 08,true,false,false,44,,,
V006835,C00151,2025-08-31,organic_search,P004,Essential Bag 04,false,false,false,5,LOYALTY10,,
V006836,C00666,2025-10-02,organic_search,P029,Bright Organizer 29,true,false,false,55,,,
V006837,C00106,2025-07-27,social,P025,Daily Lamp 25,true,false,false,16,,,
V006838,C00952,2025-11-06,organic_search,P024,Modern Serum 24,true,false,false,42,,,
V006839,C00097,2025-02-21,direct,P012,Essential Bag 12,true,false,false,62,WEEKEND15,,
V006840,C00986,2025-10-10,referral,P027,Urban Bottle 27,true,false,false,454,,,
V006841,C00399,2025-01-17,paid_search,P001,Daily Lamp 01,true,false,false,15,,,
V006842,C00757,2025-02-16,paid_search,P019,Urban Bottle 19,true,true,false,145,,,
V006843,C00330,2025-12-19,email,P006,Active Mat 06,false,false,false,99,LOYALTY10,,
V006844,C00909,2025-09-26,social,P002,Pure Band 02,true,false,false,43,,,
V006845,C00110,2025-02-25,direct,P006,Active Mat 06,true,false,false,13,,,
V006846,C00703,2025-12-26,referral,P020,Essential Bag 20,true,false,false,125,,,
V006847,C00116,2025-08-04,social,P004,Essential Bag 04,true,false,false,267,,,
V006848,C00206,2025-11-01,social,P012,Essential Bag 12,true,false,false,67,WELCOME5,,
V006849,C00010,2025-08-06,direct,P004,Essential Bag 04,true,true,false,57,,,
V006850,C00341,2025-05-23,paid_search,P007,Calm Cream 07,true,true,false,8,LOYALTY10,,
V006851,C00108,2025-08-08,organic_search,P029,Bright Organizer 29,true,false,false,130,,,
V006852,C00735,2025-11-15,organic_search,P015,Calm Cream 15,true,false,false,22,WEEKEND15,,
V006853,C00167,2025-07-07,organic_search,P020,Essential Bag 20,true,false,false,50,,,
V006854,C00039,2025-03-29,paid_search,P020,Essential Bag 20,true,false,false,142,WEEKEND15,,
V006855,C00677,2025-10-23,organic_search,P023,Calm Cream 23,true,false,false,96,,,
V006856,C00100,2025-03-27,organic_search,P016,Modern Serum 16,true,false,false,91,WELCOME5,,
V006857,C00706,2025-01-27,paid_search,P028,Essential Bag 28,true,false,false,16,,,
V006858,C00778,2025-12-23,email,P028,Essential Bag 28,true,false,true,85,,T006482,
V006859,C00261,2025-06-25,social,P028,Essential Bag 28,true,false,false,45,,,
V006860,C00015,2025-05-29,organic_search,P025,Daily Lamp 25,true,false,false,24,,,
V006861,C00919,2025-09-03,direct,P019,Urban Bottle 19,true,true,false,82,,,
V006862,C00262,2025-04-26,paid_search,P014,Active Mat 14,true,false,false,268,WEEKEND15,,
V006863,C00467,2025-05-13,social,P026,Pure Band 26,true,false,false,34,LOYALTY10,,
V006864,C00743,2025-07-25,social,P006,Active Mat 06,false,false,false,24,LOYALTY10,,
V006865,C00597,2025-03-09,organic_search,P027,Urban Bottle 27,true,false,false,81,,,
V006866,C00656,2025-03-04,referral,P002,Pure Band 02,true,false,false,27,,,
V006867,C00608,2025-09-03,direct,P010,Pure Band 10,true,false,false,109,,,
V006868,C00238,2025-08-29,social,P019,Urban Bottle 19,false,false,false,26,,,
V006869,C00720,2025-08-29,organic_search,P029,Bright Organizer 29,true,false,false,65,,,
V006870,C00492,2025-06-13,referral,P018,Pure Band 18,true,false,true,18,,T003119,
V006871,C00955,2025-08-03,organic_search,P017,Daily Lamp 17,true,false,false,133,,,
V006872,C00581,2025-12-16,direct,P013,Bright Organizer 13,true,false,false,22,,,
V006873,C00922,2025-06-09,direct,P003,Urban Bottle 03,true,true,true,109,,T003046,
V006874,C00842,2025-07-17,direct,P001,Daily Lamp 01,true,false,false,54,,,
V006875,C00191,2025-07-10,email,P025,Daily Lamp 25,true,false,false,14,,,
V006876,C00354,2025-05-19,paid_search,P008,Modern Serum 08,true,false,false,64,WEEKEND15,,
V006877,C00145,2025-01-19,paid_search,P029,Bright Organizer 29,true,false,false,148,,,
V006878,C00392,2025-04-27,organic_search,P019,Urban Bottle 19,true,false,false,95,,,
V006879,C00939,2025-07-16,paid_search,P020,Essential Bag 20,true,false,false,83,,,
V006880,C00143,2025-04-06,email,P009,Daily Lamp 09,true,false,false,15,LOYALTY10,,
V006881,C00499,2025-08-28,social,P029,Bright Organizer 29,true,false,false,16,,,
V006882,C00231,2025-05-22,social,P016,Modern Serum 16,true,false,false,272,,,
V006883,C00668,2025-12-26,email,P014,Active Mat 14,false,false,false,9,,,
V006884,C00475,2025-09-03,organic_search,P011,Urban Bottle 11,true,false,false,98,WEEKEND15,,
V006885,C00895,2025-08-07,paid_search,P017,Daily Lamp 17,true,false,false,84,,,
V006886,C00339,2025-03-03,organic_search,P004,Essential Bag 04,true,true,true,489,,T001165,
V006887,C00649,2025-07-16,direct,P006,Active Mat 06,true,false,true,179,,T003752,
V006888,C00392,2025-10-23,direct,P005,Bright Organizer 05,true,false,false,24,,,
V006889,C00626,2025-12-28,paid_search,P011,Urban Bottle 11,false,false,false,82,WEEKEND15,,
V006890,C00931,2025-03-02,direct,P005,Bright Organizer 05,true,true,false,129,,,
V006891,C00890,2025-05-10,email,P014,Active Mat 14,true,false,false,19,LOYALTY10,,
V006892,C00221,2025-10-28,organic_search,P014,Active Mat 14,false,false,false,18,,,
V006893,C00333,2025-03-14,referral,P030,Active Mat 30,true,false,false,26,,,
V006894,C00297,2025-07-16,organic_search,P009,Daily Lamp 09,true,false,true,126,LOYALTY10,T003749,
V006895,C00058,2025-11-03,organic_search,P007,Calm Cream 07,true,true,true,479,LOYALTY10,T005633,
V006896,C00049,2025-10-16,social,P006,Active Mat 06,true,false,false,31,WELCOME5,,
V006897,C00285,2025-10-07,organic_search,P023,Calm Cream 23,true,false,false,40,,,
V006898,C00172,2025-12-06,paid_search,P012,Essential Bag 12,true,false,false,60,,,
V006899,C00883,2025-10-27,referral,P011,Urban Bottle 11,false,false,false,55,,,
V006900,C00155,2025-03-03,organic_search,P005,Bright Organizer 05,true,false,false,16,,,
V006901,C00812,2025-01-27,organic_search,P004,Essential Bag 04,true,false,false,39,,,
V006902,C00960,2025-07-04,direct,P020,Essential Bag 20,true,false,false,131,,,
V006903,C00063,2025-06-25,organic_search,P019,Urban Bottle 19,true,false,false,29,,,
V006904,C00516,2025-08-08,social,P007,Calm Cream 07,true,false,false,36,,,
V006905,C00664,2025-09-02,organic_search,P026,Pure Band 26,true,false,false,73,LOYALTY10,,
V006906,C00039,2025-02-23,direct,P008,Modern Serum 08,true,false,false,142,WEEKEND15,,
V006907,C00973,2025-03-04,organic_search,P005,Bright Organizer 05,true,false,false,20,,,
V006908,C00021,2025-11-28,paid_search,P014,Active Mat 14,false,false,false,35,,,
V006909,C00241,2025-05-05,direct,P016,Modern Serum 16,true,false,false,34,,,
V006910,C00353,2025-06-09,organic_search,P011,Urban Bottle 11,true,false,false,14,,,
V006911,C00544,2025-03-09,direct,P003,Urban Bottle 03,true,true,false,28,,,
V006912,C00900,2025-09-01,organic_search,P019,Urban Bottle 19,true,false,false,35,,,
V006913,C00357,2025-01-01,organic_search,P017,Daily Lamp 17,true,false,false,53,,,
V006914,C00004,2025-07-23,referral,P024,Modern Serum 24,true,false,false,69,,,
V006915,C00121,2025-04-03,social,P002,Pure Band 02,true,false,false,12,,,
V006916,C00242,2025-12-14,social,P005,Bright Organizer 05,true,true,false,248,,,
V006917,C00879,2025-08-07,email,P028,Essential Bag 28,true,false,false,81,,,
V006918,C00824,2025-01-27,email,P024,Modern Serum 24,true,false,false,16,,,
V006919,C00911,2025-05-13,paid_search,P002,Pure Band 02,true,false,true,31,WEEKEND15,T002511,
V006920,C00001,2025-12-24,paid_search,P024,Modern Serum 24,false,false,false,119,,,
V006921,C00151,2025-09-26,organic_search,P006,Active Mat 06,false,false,false,117,,,
V006922,C00642,2025-10-03,organic_search,P001,Daily Lamp 01,true,false,false,70,,,
V006923,C00660,2025-08-24,social,P007,Calm Cream 07,true,false,false,54,,,
V006924,C00752,2025-12-13,paid_search,P002,Pure Band 02,true,false,false,76,,,
V006925,C00909,2025-06-18,direct,P026,Pure Band 26,true,false,false,96,,,
V006926,C00325,2025-02-14,organic_search,P001,Daily Lamp 01,true,false,false,236,,,
V006927,C00074,2025-03-02,organic_search,P009,Daily Lamp 09,true,false,false,43,WELCOME5,,
V006928,C00108,2025-12-29,social,P015,Calm Cream 15,true,false,false,14,LOYALTY10,,
V006929,C00993,2025-09-15,social,P017,Daily Lamp 17,true,false,false,195,,,
V006930,C00972,2025-08-23,social,P016,Modern Serum 16,true,false,false,50,LOYALTY10,,
V006931,C00805,2025-04-19,email,P023,Calm Cream 23,true,false,false,68,,,
V006932,C00329,2025-01-18,organic_search,P016,Modern Serum 16,true,true,false,292,,,
V006933,C00499,2025-08-30,paid_search,P027,Urban Bottle 27,true,false,false,23,,,
V006934,C00394,2025-10-02,organic_search,P028,Essential Bag 28,true,false,false,35,WELCOME5,,
V006935,C00866,2025-07-05,direct,P023,Calm Cream 23,true,false,false,177,WEEKEND15,,
V006936,C00346,2025-05-11,email,P025,Daily Lamp 25,true,false,false,56,,,
V006937,C00421,2025-08-31,direct,P005,Bright Organizer 05,false,false,false,14,,,
V006938,C00488,2025-11-28,organic_search,P002,Pure Band 02,true,false,true,66,,T006070,
V006939,C00504,2025-03-26,direct,P006,Active Mat 06,true,true,false,76,WEEKEND15,,
V006940,C00325,2025-06-12,social,P003,Urban Bottle 03,true,true,true,202,,T003112,
V006941,C00415,2025-02-01,paid_search,P017,Daily Lamp 17,true,false,false,107,WELCOME5,,
V006942,C00941,2025-11-21,organic_search,P011,Urban Bottle 11,true,false,false,50,WEEKEND15,,
V006943,C00106,2025-01-23,organic_search,P005,Bright Organizer 05,true,false,false,32,,,
V006944,C00484,2025-05-24,email,P009,Daily Lamp 09,true,false,false,41,,,
V006945,C00929,2025-04-01,social,P006,Active Mat 06,true,false,false,66,,,
V006946,C00996,2025-08-09,social,P024,Modern Serum 24,true,true,false,49,,,
V006947,C00334,2025-04-11,organic_search,P030,Active Mat 30,true,false,false,36,,,
V006948,C00994,2025-03-02,referral,P004,Essential Bag 04,true,false,false,14,,,
V006949,C00049,2025-05-10,email,P004,Essential Bag 04,true,false,false,184,,,
V006950,C00458,2025-10-19,paid_search,P024,Modern Serum 24,true,false,false,21,,,
V006951,C00270,2025-12-06,social,P012,Essential Bag 12,true,false,false,19,LOYALTY10,,
V006952,C00429,2025-04-16,paid_search,P017,Daily Lamp 17,true,false,false,24,,,
V006953,C00812,2025-12-23,direct,P003,Urban Bottle 03,true,true,true,126,LOYALTY10,T006473,
V006954,C00308,2025-08-04,paid_search,P029,Bright Organizer 29,true,false,false,32,,,
V006955,C00515,2025-11-19,social,P015,Calm Cream 15,true,false,false,60,,,
V006956,C00619,2025-06-13,organic_search,P012,Essential Bag 12,true,false,true,257,,T003117,
V006957,C00003,2025-08-03,paid_search,P005,Bright Organizer 05,true,false,false,169,,,
V006958,C00913,2025-10-08,direct,P028,Essential Bag 28,true,false,false,109,WEEKEND15,,
V006959,C00784,2025-08-14,organic_search,P025,Daily Lamp 25,true,false,false,21,WELCOME5,,
V006960,C00875,2025-12-10,organic_search,P006,Active Mat 06,true,false,false,244,,,
V006961,C00960,2025-10-02,organic_search,P011,Urban Bottle 11,true,false,false,36,,,
V006962,C00677,2025-10-07,direct,P016,Modern Serum 16,true,false,false,32,WEEKEND15,,
V006963,C00764,2025-10-30,email,P005,Bright Organizer 05,true,false,false,41,,,
V006964,C00216,2025-05-24,organic_search,P029,Bright Organizer 29,true,false,false,29,WEEKEND15,,
V006965,C00086,2025-07-10,referral,P009,Daily Lamp 09,true,false,false,21,,,
V006966,C00723,2025-06-25,direct,P012,Essential Bag 12,true,false,false,32,WEEKEND15,,
V006967,C00081,2025-01-06,social,P021,Bright Organizer 21,true,false,false,54,,,
V006968,C00992,2025-08-07,referral,P003,Urban Bottle 03,true,false,false,38,WEEKEND15,,
V006969,C00398,2025-01-29,social,P015,Calm Cream 15,true,false,false,231,,,
V006970,C00996,2025-12-31,social,P020,Essential Bag 20,true,false,false,21,,,
V006971,C00505,2025-08-03,direct,P004,Essential Bag 04,true,false,true,45,,T004035,
V006972,C00732,2025-06-25,paid_search,P024,Modern Serum 24,true,false,false,139,LOYALTY10,,
V006973,C00579,2025-07-13,direct,P029,Bright Organizer 29,true,false,false,41,,,
V006974,C00491,2025-01-09,paid_search,P015,Calm Cream 15,true,false,false,218,,,
V006975,C00544,2025-05-27,email,P030,Active Mat 30,true,false,false,58,,,
V006976,C00899,2025-05-08,paid_search,P025,Daily Lamp 25,true,false,false,14,,,
V006977,C00912,2025-01-07,social,P014,Active Mat 14,true,false,false,8,,,
V006978,C00662,2025-03-21,organic_search,P026,Pure Band 26,true,false,false,21,,,
V006979,C00607,2025-07-01,organic_search,P021,Bright Organizer 21,true,false,false,39,,,
V006980,C00086,2025-11-02,social,P002,Pure Band 02,true,false,false,33,,,
V006981,C00884,2025-03-26,organic_search,P024,Modern Serum 24,true,true,false,263,,,
V006982,C00260,2025-02-28,social,P019,Urban Bottle 19,true,false,false,105,,,
V006983,C00204,2025-08-07,email,P004,Essential Bag 04,true,true,false,158,,,
V006984,C00096,2025-01-09,paid_search,P015,Calm Cream 15,true,false,false,77,,,
V006985,C00239,2025-08-09,direct,P008,Modern Serum 08,true,true,false,45,,,
V006986,C00410,2025-06-15,social,P023,Calm Cream 23,true,false,false,27,,,
V006987,C00899,2025-06-26,direct,P018,Pure Band 18,true,false,false,17,,,
V006988,C00562,2025-09-06,email,P029,Bright Organizer 29,true,true,false,17,,,
V006989,C00298,2025-05-07,social,P014,Active Mat 14,true,false,false,36,,,
V006990,C00978,2025-04-09,social,P015,Calm Cream 15,true,false,false,71,WELCOME5,,
V006991,C00912,2025-01-16,social,P025,Daily Lamp 25,true,false,false,52,,,
V006992,C00960,2025-11-28,organic_search,P005,Bright Organizer 05,false,false,false,67,,,
V006993,C00178,2025-07-10,organic_search,P022,Active Mat 22,true,false,false,11,,,
V006994,C00236,2025-02-05,paid_search,P016,Modern Serum 16,true,false,false,47,,,
V006995,C00068,2025-03-18,paid_search,P013,Bright Organizer 13,true,false,false,44,,,
V006996,C00774,2025-07-26,social,P004,Essential Bag 04,false,false,false,56,,,
V006997,C00070,2025-10-06,paid_search,P025,Daily Lamp 25,true,false,false,374,,,
V006998,C00530,2025-09-30,social,P018,Pure Band 18,true,false,false,59,,,
V006999,C00315,2025-07-26,email,P006,Active Mat 06,false,false,false,46,,,
V007000,C00055,2025-10-07,organic_search,P017,Daily Lamp 17,true,true,false,103,,,
V007001,C00140,2025-06-27,email,P002,Pure Band 02,true,true,true,237,,T003399,
V007002,C00069,2025-03-03,direct,P026,Pure Band 26,true,false,false,17,,,
V007003,C00380,2025-07-07,paid_search,P014,Active Mat 14,true,false,false,57,WEEKEND15,,
V007004,C00631,2025-07-20,organic_search,P028,Essential Bag 28,true,false,false,24,,,
V007005,C00963,2025-06-01,direct,P028,Essential Bag 28,true,false,false,114,,,
V007006,C00728,2025-08-06,referral,P005,Bright Organizer 05,true,false,false,138,,,
V007007,C00222,2025-09-13,paid_search,P021,Bright Organizer 21,true,false,false,82,,,
V007008,C00619,2025-02-23,paid_search,P019,Urban Bottle 19,true,false,false,33,,,
V007009,C00994,2025-04-24,social,P016,Modern Serum 16,true,false,false,57,LOYALTY10,,
V007010,C00748,2025-01-09,organic_search,P011,Urban Bottle 11,true,false,false,49,,,
V007011,C00358,2025-12-01,paid_search,P016,Modern Serum 16,true,true,false,24,,,
V007012,C00650,2025-02-06,direct,P011,Urban Bottle 11,true,false,false,88,,,
V007013,C00189,2025-11-17,organic_search,P028,Essential Bag 28,true,false,false,110,,,
V007014,C00308,2025-10-24,paid_search,P002,Pure Band 02,true,false,true,60,,T005509,
V007015,C00416,2025-04-05,paid_search,P021,Bright Organizer 21,true,true,false,11,LOYALTY10,,
V007016,C00273,2025-06-03,direct,P012,Essential Bag 12,true,false,false,83,,,
V007017,C00567,2025-07-14,social,P026,Pure Band 26,true,false,false,70,,,
V007018,C00070,2025-03-07,organic_search,P008,Modern Serum 08,true,false,false,29,,,
V007019,C00864,2025-09-06,organic_search,P026,Pure Band 26,true,false,false,167,,,
V007020,C00288,2025-03-05,organic_search,P023,Calm Cream 23,true,false,true,36,,T001183,
V007021,C00258,2025-05-13,direct,P017,Daily Lamp 17,true,false,false,82,,,
V007022,C00878,2025-11-22,direct,P022,Active Mat 22,true,false,false,67,LOYALTY10,,
V007023,C00983,2025-07-18,direct,P006,Active Mat 06,false,false,false,103,,,
V007024,C00432,2025-10-08,organic_search,P028,Essential Bag 28,true,false,false,16,,,
V007025,C00992,2025-02-21,organic_search,P021,Bright Organizer 21,true,false,false,19,,,
V007026,C00591,2025-08-23,direct,P024,Modern Serum 24,true,false,false,138,,,
V007027,C00070,2025-04-03,email,P028,Essential Bag 28,true,false,false,26,WEEKEND15,,
V007028,C00242,2025-02-04,social,P021,Bright Organizer 21,true,false,false,16,WELCOME5,,
V007029,C00038,2025-01-07,email,P011,Urban Bottle 11,true,false,false,94,LOYALTY10,,
V007030,C00810,2025-03-08,direct,P004,Essential Bag 04,true,false,false,56,,,
V007031,C00301,2025-01-24,organic_search,P026,Pure Band 26,true,false,false,247,,,
V007032,C00772,2025-03-05,social,P021,Bright Organizer 21,true,true,false,64,,,
V007033,C00209,2025-08-02,direct,P020,Essential Bag 20,true,false,false,67,,,
V007034,C00280,2025-11-12,referral,P019,Urban Bottle 19,true,false,false,53,,,
V007035,C00681,2025-05-31,social,P001,Daily Lamp 01,false,false,false,72,LOYALTY10,,
V007036,C00894,2025-07-23,organic_search,P017,Daily Lamp 17,true,true,false,134,,,
V007037,C00127,2025-09-26,organic_search,P025,Daily Lamp 25,true,false,false,22,,,
V007038,C00936,2025-06-17,organic_search,P006,Active Mat 06,true,true,true,79,,T003209,
V007039,C00159,2025-04-08,paid_search,P029,Bright Organizer 29,true,false,false,16,,,
V007040,C00407,2025-09-12,social,P025,Daily Lamp 25,true,false,false,35,,,
V007041,C00864,2025-12-11,paid_search,P027,Urban Bottle 27,true,false,true,65,,T006288,
V007042,C00020,2025-07-27,social,P006,Active Mat 06,false,false,false,114,,,
V007043,C00001,2025-03-16,organic_search,P005,Bright Organizer 05,true,false,false,74,WELCOME5,,
V007044,C00252,2025-08-26,direct,P029,Bright Organizer 29,true,false,false,34,,,
V007045,C00541,2025-02-16,direct,P011,Urban Bottle 11,true,false,false,13,WEEKEND15,,
V007046,C00665,2025-09-29,organic_search,P010,Pure Band 10,true,false,false,247,,,
V007047,C00348,2025-10-30,social,P030,Active Mat 30,true,false,false,73,,,
V007048,C00356,2025-07-19,social,P013,Bright Organizer 13,true,false,false,17,,,
V007049,C00153,2025-09-15,paid_search,P023,Calm Cream 23,true,false,false,53,WEEKEND15,,
V007050,C00718,2025-07-22,direct,P024,Modern Serum 24,true,false,false,190,,,
V007051,C00929,2025-09-25,email,P028,Essential Bag 28,true,false,false,145,,,
V007052,C00075,2025-05-20,email,P006,Active Mat 06,true,false,false,247,,,
V007053,C00959,2025-07-03,referral,P021,Bright Organizer 21,true,false,false,48,,,
V007054,C00142,2025-09-01,social,P012,Essential Bag 12,true,true,false,59,,,
V007055,C00411,2025-01-27,organic_search,P009,Daily Lamp 09,true,false,false,46,,,
V007056,C00559,2025-01-10,organic_search,P013,Bright Organizer 13,true,false,false,59,WELCOME5,,
V007057,C00186,2025-09-28,organic_search,P013,Bright Organizer 13,true,false,false,33,,,
V007058,C00278,2025-10-11,organic_search,P019,Urban Bottle 19,true,false,false,27,LOYALTY10,,
V007059,C00235,2025-09-07,organic_search,P027,Urban Bottle 27,true,false,false,46,,,
V007060,C00501,2025-05-13,organic_search,P007,Calm Cream 07,true,false,false,48,,,
V007061,C00778,2025-04-20,referral,P003,Urban Bottle 03,true,true,false,205,,,
V007062,C00342,2025-05-24,direct,P004,Essential Bag 04,false,false,false,68,,,
V007063,C00787,2025-12-07,email,P003,Urban Bottle 03,true,false,false,52,WELCOME5,,
V007064,C00389,2025-12-25,social,P017,Daily Lamp 17,true,false,false,52,,,
V007065,C00779,2025-01-28,paid_search,P009,Daily Lamp 09,true,false,false,120,,,
V007066,C00603,2025-02-28,social,P008,Modern Serum 08,true,false,false,41,,,
V007067,C00692,2025-03-19,organic_search,P001,Daily Lamp 01,true,false,true,26,,T001482,
V007068,C00897,2025-04-08,email,P004,Essential Bag 04,true,false,false,60,,,
V007069,C00271,2025-10-19,social,P020,Essential Bag 20,true,false,false,80,,,
V007070,C00321,2025-03-24,paid_search,P005,Bright Organizer 05,true,false,false,7,,,
V007071,C00676,2025-10-27,social,P026,Pure Band 26,true,false,false,62,LOYALTY10,,
V007072,C00339,2025-06-21,email,P014,Active Mat 14,true,true,false,340,,,
V007073,C00620,2025-12-02,organic_search,P019,Urban Bottle 19,true,true,false,37,,,
V007074,C00028,2025-03-01,paid_search,P015,Calm Cream 15,true,false,false,84,,,
V007075,C00665,2025-09-25,social,P005,Bright Organizer 05,true,false,false,91,,,
V007076,C00689,2025-12-24,social,P030,Active Mat 30,true,false,false,295,,,
V007077,C00240,2025-03-11,email,P001,Daily Lamp 01,true,true,false,27,WEEKEND15,,
V007078,C00746,2025-10-23,social,P028,Essential Bag 28,true,false,false,84,,,
V007079,C00867,2025-10-14,direct,P026,Pure Band 26,true,false,false,49,,,
V007080,C00955,2025-03-22,paid_search,P023,Calm Cream 23,true,false,false,116,WELCOME5,,
V007081,C00461,2025-10-21,direct,P004,Essential Bag 04,false,false,false,203,,,
V007082,C00560,2025-06-14,organic_search,P020,Essential Bag 20,true,false,false,30,,,
V007083,C00169,2025-03-30,organic_search,P017,Daily Lamp 17,true,false,false,10,WELCOME5,,
V007084,C00167,2025-06-30,direct,P003,Urban Bottle 03,true,true,false,60,,,
V007085,C00995,2025-11-08,organic_search,P012,Essential Bag 12,true,false,false,154,,,
V007086,C00508,2025-02-02,social,P024,Modern Serum 24,true,false,false,184,WELCOME5,,
V007087,C00696,2025-04-06,paid_search,P020,Essential Bag 20,true,false,false,23,,,
V007088,C00391,2025-03-15,organic_search,P019,Urban Bottle 19,true,false,false,61,,,
V007089,C00214,2025-07-22,organic_search,P001,Daily Lamp 01,true,true,true,118,,T003851,
V007090,C00815,2025-01-29,paid_search,P027,Urban Bottle 27,true,false,false,66,,,
V007091,C00258,2025-09-24,organic_search,P008,Modern Serum 08,true,false,false,21,WEEKEND15,,
V007092,C00158,2025-11-10,referral,P015,Calm Cream 15,true,false,false,51,LOYALTY10,,
V007093,C00594,2025-03-06,email,P011,Urban Bottle 11,true,true,false,68,,,
V007094,C00290,2025-09-01,social,P012,Essential Bag 12,true,false,false,110,LOYALTY10,,
V007095,C00954,2025-05-24,email,P026,Pure Band 26,true,false,false,38,,,
V007096,C00893,2025-06-05,paid_search,P027,Urban Bottle 27,true,true,true,191,,T002974,
V007097,C00053,2025-05-16,paid_search,P012,Essential Bag 12,true,false,false,80,,,
V007098,C00578,2025-07-03,email,P029,Bright Organizer 29,true,true,false,135,,,
V007099,C00653,2025-02-07,social,P022,Active Mat 22,true,false,false,43,,,
V007100,C00373,2025-05-18,direct,P020,Essential Bag 20,true,false,false,61,,,
V007101,C00066,2025-07-02,referral,P030,Active Mat 30,true,false,false,9,,,
V007102,C00554,2025-10-06,direct,P030,Active Mat 30,true,false,false,34,,,
V007103,C00397,2025-01-17,referral,P019,Urban Bottle 19,true,false,false,54,,,
V007104,C00444,2025-11-14,email,P007,Calm Cream 07,true,false,false,13,,,
V007105,C00284,2025-03-27,email,P002,Pure Band 02,true,false,false,36,,,
V007106,C00034,2025-09-28,direct,P029,Bright Organizer 29,true,false,false,41,,,
V007107,C00778,2025-09-15,social,P010,Pure Band 10,true,true,false,23,,,
V007108,C00764,2025-04-18,organic_search,P027,Urban Bottle 27,true,false,false,58,,,
V007109,C00239,2025-06-17,email,P030,Active Mat 30,true,false,false,16,WEEKEND15,,
V007110,C00397,2025-06-24,organic_search,P025,Daily Lamp 25,true,true,false,66,,,
V007111,C00843,2025-02-22,direct,P026,Pure Band 26,true,false,false,57,WELCOME5,,
V007112,C00527,2025-02-17,paid_search,P023,Calm Cream 23,true,false,false,198,,,
V007113,C00873,2025-03-12,social,P002,Pure Band 02,true,false,false,29,,,
V007114,C00725,2025-11-07,direct,P017,Daily Lamp 17,true,false,false,17,,,
V007115,C00470,2025-06-21,organic_search,P011,Urban Bottle 11,true,true,false,112,,,
V007116,C00351,2025-04-10,paid_search,P021,Bright Organizer 21,true,true,false,20,,,
V007117,C00638,2025-09-30,social,P026,Pure Band 26,true,false,false,185,,,
V007118,C00572,2025-05-24,social,P006,Active Mat 06,false,false,false,17,WEEKEND15,,
V007119,C00919,2025-11-26,direct,P024,Modern Serum 24,false,false,false,58,,,
V007120,C00939,2025-03-25,paid_search,P025,Daily Lamp 25,true,false,false,46,WELCOME5,,
V007121,C00182,2025-09-22,email,P016,Modern Serum 16,false,false,false,37,,,
V007122,C00782,2025-05-05,social,P023,Calm Cream 23,true,false,false,217,,,
V007123,C00843,2025-02-13,organic_search,P013,Bright Organizer 13,true,false,false,27,,,
V007124,C00840,2025-10-07,direct,P001,Daily Lamp 01,true,false,false,68,WEEKEND15,,
V007125,C00961,2025-08-08,email,P022,Active Mat 22,true,false,false,37,,,
V007126,C00410,2025-12-01,organic_search,P014,Active Mat 14,true,false,false,19,,,
V007127,C00843,2025-08-29,referral,P013,Bright Organizer 13,true,false,false,25,,,
V007128,C00363,2025-10-29,paid_search,P011,Urban Bottle 11,false,false,false,76,LOYALTY10,,
V007129,C00854,2025-12-09,organic_search,P004,Essential Bag 04,true,false,false,14,LOYALTY10,,
V007130,C00790,2025-03-26,direct,P020,Essential Bag 20,true,false,false,145,,,
V007131,C00108,2025-02-16,organic_search,P017,Daily Lamp 17,true,false,false,17,,,
V007132,C00868,2025-02-05,paid_search,P006,Active Mat 06,true,true,true,80,,T000661,
V007133,C00766,2025-05-20,organic_search,P005,Bright Organizer 05,true,false,false,94,,,
V007134,C00441,2025-10-16,direct,P001,Daily Lamp 01,true,true,false,70,,,
V007135,C00392,2025-02-17,social,P018,Pure Band 18,true,false,false,67,,,
V007136,C00943,2025-05-11,organic_search,P026,Pure Band 26,true,false,false,52,,,
V007137,C00355,2025-10-03,social,P029,Bright Organizer 29,true,false,false,25,,,
V007138,C00513,2025-03-15,direct,P004,Essential Bag 04,true,true,false,61,,,
V007139,C00870,2025-11-14,organic_search,P014,Active Mat 14,true,true,false,57,,,
V007140,C00512,2025-10-19,direct,P009,Daily Lamp 09,true,false,false,136,WELCOME5,,
V007141,C00384,2025-08-24,social,P012,Essential Bag 12,false,false,false,55,,,
V007142,C00874,2025-06-02,direct,P027,Urban Bottle 27,true,false,false,113,,,
V007143,C00384,2025-10-27,direct,P002,Pure Band 02,true,false,false,74,LOYALTY10,,
V007144,C00956,2025-10-20,organic_search,P012,Essential Bag 12,false,false,false,85,,,
V007145,C00881,2025-10-08,social,P026,Pure Band 26,true,false,false,39,WEEKEND15,,
V007146,C00624,2025-09-04,organic_search,P018,Pure Band 18,true,false,false,42,,,
V007147,C00918,2025-10-19,referral,P020,Essential Bag 20,true,false,false,23,WELCOME5,,
V007148,C00268,2025-01-18,paid_search,P022,Active Mat 22,true,false,false,22,WEEKEND15,,
V007149,C00578,2025-05-18,social,P028,Essential Bag 28,true,true,false,71,WELCOME5,,
V007150,C00131,2025-05-21,email,P005,Bright Organizer 05,true,false,true,468,,T002703,
V007151,C00125,2025-11-18,social,P017,Daily Lamp 17,true,false,true,109,LOYALTY10,T005934,
V007152,C00500,2025-08-06,paid_search,P028,Essential Bag 28,true,false,false,73,,,
V007153,C00711,2025-11-30,email,P003,Urban Bottle 03,true,false,false,45,,,
V007154,C00594,2025-02-14,organic_search,P028,Essential Bag 28,true,false,false,105,,,
V007155,C00984,2025-06-19,social,P005,Bright Organizer 05,true,true,false,210,,,
V007156,C00855,2025-10-20,organic_search,P026,Pure Band 26,true,false,false,80,,,
V007157,C00822,2025-03-17,direct,P015,Calm Cream 15,true,false,false,46,,,
V007158,C00078,2025-02-23,email,P004,Essential Bag 04,true,false,true,413,,T000995,
V007159,C00842,2025-07-04,paid_search,P016,Modern Serum 16,true,false,false,12,,,
V007160,C00687,2025-02-23,direct,P019,Urban Bottle 19,true,false,false,126,,,
V007161,C00801,2025-01-16,email,P023,Calm Cream 23,true,false,true,173,,T000298,
V007162,C00142,2025-12-15,paid_search,P028,Essential Bag 28,true,true,true,219,WEEKEND15,T006360,
V007163,C00412,2025-12-08,social,P017,Daily Lamp 17,true,false,false,35,,,
V007164,C00925,2025-06-16,social,P012,Essential Bag 12,true,false,false,9,,,
V007165,C00111,2025-01-03,organic_search,P006,Active Mat 06,true,false,false,23,,,
V007166,C00144,2025-12-05,direct,P026,Pure Band 26,true,false,false,285,,,
V007167,C00088,2025-05-09,email,P008,Modern Serum 08,true,false,false,49,,,
V007168,C00870,2025-08-17,social,P013,Bright Organizer 13,true,false,false,61,WEEKEND15,,
V007169,C00609,2025-01-19,email,P009,Daily Lamp 09,true,false,false,58,WELCOME5,,
V007170,C00502,2025-01-08,social,P030,Active Mat 30,true,true,false,72,,,
V007171,C00856,2025-03-19,social,P001,Daily Lamp 01,true,false,false,50,,,
V007172,C00984,2025-05-03,social,P019,Urban Bottle 19,true,false,false,136,LOYALTY10,,
V007173,C00567,2025-01-04,paid_search,P004,Essential Bag 04,true,false,false,44,WEEKEND15,,
V007174,C00534,2025-04-30,paid_search,P025,Daily Lamp 25,true,false,false,50,,,
V007175,C00863,2025-05-19,paid_search,P013,Bright Organizer 13,true,false,false,48,WEEKEND15,,
V007176,C00191,2025-05-13,referral,P003,Urban Bottle 03,true,false,false,21,,,
V007177,C00547,2025-08-24,direct,P021,Bright Organizer 21,true,true,true,237,,T004451,
V007178,C00152,2025-05-12,organic_search,P005,Bright Organizer 05,true,false,false,58,,,
V007179,C00430,2025-03-03,organic_search,P004,Essential Bag 04,true,false,false,17,WEEKEND15,,
V007180,C00420,2025-02-17,referral,P011,Urban Bottle 11,true,false,false,11,,,
V007181,C00562,2025-10-20,paid_search,P002,Pure Band 02,true,false,false,49,,,
V007182,C00877,2025-12-01,email,P003,Urban Bottle 03,true,false,false,42,,,
V007183,C00010,2025-07-15,organic_search,P027,Urban Bottle 27,true,false,false,70,,,
V007184,C00178,2025-05-13,paid_search,P021,Bright Organizer 21,true,false,false,23,WELCOME5,,
V007185,C00916,2025-09-05,paid_search,P011,Urban Bottle 11,true,false,false,82,WELCOME5,,
V007186,C00201,2025-08-07,organic_search,P012,Essential Bag 12,true,true,false,186,,,
V007187,C00911,2025-11-12,social,P024,Modern Serum 24,true,false,false,25,WEEKEND15,,
V007188,C00075,2025-06-05,social,P012,Essential Bag 12,true,false,false,44,,,
V007189,C00720,2025-03-02,referral,P006,Active Mat 06,true,false,false,85,WEEKEND15,,
V007190,C00952,2025-06-27,paid_search,P024,Modern Serum 24,true,true,true,60,,T003400,
V007191,C00148,2025-08-24,organic_search,P024,Modern Serum 24,true,false,false,152,WELCOME5,,
V007192,C00213,2025-04-10,referral,P024,Modern Serum 24,true,false,false,46,,,
V007193,C00574,2025-09-12,direct,P008,Modern Serum 08,true,false,false,180,WEEKEND15,,
V007194,C00907,2025-10-14,social,P001,Daily Lamp 01,true,false,false,44,,,
V007195,C00118,2025-10-10,direct,P002,Pure Band 02,true,false,false,40,,,
V007196,C00357,2025-12-21,organic_search,P020,Essential Bag 20,true,false,false,18,,,
V007197,C00347,2025-01-15,social,P026,Pure Band 26,true,false,false,25,,,
V007198,C00910,2025-08-19,social,P029,Bright Organizer 29,true,false,false,12,WEEKEND15,,
V007199,C00746,2025-05-16,email,P004,Essential Bag 04,true,false,false,141,,,
V007200,C00641,2025-10-31,social,P003,Urban Bottle 03,true,false,false,144,,,
V007201,C00360,2025-07-18,referral,P011,Urban Bottle 11,true,false,false,20,,,
V007202,C00214,2025-09-24,referral,P006,Active Mat 06,false,false,false,33,,,
V007203,C00617,2025-05-02,organic_search,P027,Urban Bottle 27,true,false,false,36,,,
V007204,C00969,2025-09-06,paid_search,P018,Pure Band 18,true,false,false,203,WEEKEND15,,
V007205,C00311,2025-06-10,social,P024,Modern Serum 24,true,true,false,134,,,
V007206,C00309,2025-07-28,email,P002,Pure Band 02,true,false,false,20,,,
V007207,C00418,2025-11-27,organic_search,P021,Bright Organizer 21,true,false,false,120,,,
V007208,C00375,2025-06-29,paid_search,P024,Modern Serum 24,true,false,false,115,WELCOME5,,
V007209,C00753,2025-10-17,social,P007,Calm Cream 07,true,false,false,111,WELCOME5,,
V007210,C00309,2025-06-23,organic_search,P030,Active Mat 30,true,true,true,104,,T003319,
V007211,C00250,2025-05-31,organic_search,P027,Urban Bottle 27,true,false,false,24,,,
V007212,C00252,2025-08-05,direct,P012,Essential Bag 12,true,false,true,44,,T004070,
V007213,C00517,2025-04-12,organic_search,P019,Urban Bottle 19,true,false,false,22,WEEKEND15,,
V007214,C00766,2025-09-04,direct,P011,Urban Bottle 11,true,true,false,116,,,
V007215,C00065,2025-11-16,paid_search,P025,Daily Lamp 25,true,false,false,16,,,
V007216,C00774,2025-10-29,referral,P021,Bright Organizer 21,true,false,false,104,,,
V007217,C00307,2025-03-17,social,P008,Modern Serum 08,true,false,true,23,WEEKEND15,T001433,
V007218,C00416,2025-03-28,direct,P011,Urban Bottle 11,true,false,false,197,,,
V007219,C00530,2025-11-04,social,P007,Calm Cream 07,true,false,false,39,WEEKEND15,,
V007220,C00790,2025-05-17,direct,P019,Urban Bottle 19,true,false,false,22,,,
V007221,C00581,2025-11-09,social,P025,Daily Lamp 25,true,false,false,55,,,
V007222,C00583,2025-04-12,paid_search,P003,Urban Bottle 03,true,false,false,125,,,
V007223,C00226,2025-03-11,organic_search,P024,Modern Serum 24,true,false,false,39,,,
V007224,C00063,2025-01-22,direct,P021,Bright Organizer 21,true,false,false,12,,,
V007225,C00428,2025-02-05,email,P016,Modern Serum 16,true,false,false,44,,,
V007226,C00381,2025-07-06,direct,P008,Modern Serum 08,true,false,false,23,,,
V007227,C00570,2025-02-13,paid_search,P019,Urban Bottle 19,true,true,false,102,,,
V007228,C00977,2025-09-27,organic_search,P025,Daily Lamp 25,true,false,false,190,,,
V007229,C00482,2025-03-28,organic_search,P028,Essential Bag 28,true,false,false,81,,,
V007230,C00923,2025-05-28,social,P010,Pure Band 10,true,true,true,184,,T002818,
V007231,C00857,2025-04-15,direct,P005,Bright Organizer 05,true,false,true,40,,T002014,
V007232,C00872,2025-04-08,email,P004,Essential Bag 04,true,true,false,166,LOYALTY10,,
V007233,C00347,2025-01-12,referral,P029,Bright Organizer 29,true,false,false,128,,,
V007234,C00460,2025-07-02,email,P005,Bright Organizer 05,true,false,false,50,,,
V007235,C00206,2025-12-15,organic_search,P021,Bright Organizer 21,true,false,false,17,,,
V007236,C00603,2025-07-11,email,P023,Calm Cream 23,true,true,false,217,,,
V007237,C00004,2025-01-20,referral,P007,Calm Cream 07,true,false,false,109,WELCOME5,,
V007238,C00515,2025-02-16,direct,P003,Urban Bottle 03,true,false,false,37,,,
V007239,C00112,2025-10-15,direct,P006,Active Mat 06,true,true,false,130,,,
V007240,C00980,2025-09-06,organic_search,P006,Active Mat 06,true,false,false,306,,,
V007241,C00283,2025-04-11,organic_search,P017,Daily Lamp 17,true,true,false,190,,,
V007242,C00916,2025-12-25,organic_search,P002,Pure Band 02,true,false,false,21,,,
V007243,C00654,2025-05-16,direct,P006,Active Mat 06,true,true,false,58,,,
V007244,C00592,2025-10-18,organic_search,P028,Essential Bag 28,true,false,false,27,,,
V007245,C00111,2025-07-01,email,P023,Calm Cream 23,true,true,false,99,WEEKEND15,,
V007246,C00129,2025-03-12,organic_search,P005,Bright Organizer 05,true,false,false,128,LOYALTY10,,
V007247,C00679,2025-01-06,email,P009,Daily Lamp 09,true,false,false,35,LOYALTY10,,
V007248,C00156,2025-12-28,email,P005,Bright Organizer 05,false,false,false,44,,,
V007249,C00443,2025-01-10,social,P023,Calm Cream 23,true,false,false,154,,,
V007250,C00365,2025-07-08,referral,P025,Daily Lamp 25,true,false,false,107,,,
V007251,C00007,2025-06-25,organic_search,P006,Active Mat 06,false,false,false,10,,,
V007252,C00665,2025-06-04,social,P012,Essential Bag 12,true,false,false,88,,,
V007253,C00761,2025-05-02,direct,P022,Active Mat 22,true,false,false,37,,,
V007254,C00591,2025-06-27,organic_search,P007,Calm Cream 07,true,false,false,17,,,
V007255,C00821,2025-12-18,paid_search,P028,Essential Bag 28,true,true,true,62,,T006395,
V007256,C00022,2025-09-16,social,P023,Calm Cream 23,true,false,false,83,,,
V007257,C00894,2025-04-22,referral,P006,Active Mat 06,false,false,false,63,WELCOME5,,
V007258,C00776,2025-04-17,paid_search,P010,Pure Band 10,true,true,false,63,LOYALTY10,,
V007259,C00625,2025-06-02,email,P004,Essential Bag 04,true,true,false,95,,,
V007260,C00194,2025-02-16,social,P001,Daily Lamp 01,true,false,false,267,LOYALTY10,,
V007261,C00439,2025-03-13,paid_search,P019,Urban Bottle 19,true,false,false,118,,,
V007262,C00955,2025-04-11,organic_search,P011,Urban Bottle 11,true,false,false,55,LOYALTY10,,
V007263,C00335,2025-06-30,direct,P024,Modern Serum 24,true,false,false,204,,,
V007264,C00485,2025-08-07,direct,P004,Essential Bag 04,true,false,false,12,,,
V007265,C00170,2025-03-16,email,P006,Active Mat 06,true,true,false,100,,,
V007266,C00849,2025-01-25,direct,P009,Daily Lamp 09,true,false,false,74,,,
V007267,C00117,2025-02-15,referral,P010,Pure Band 10,true,true,true,437,,T000849,
V007268,C00606,2025-08-08,social,P012,Essential Bag 12,true,false,false,28,,,
V007269,C00291,2025-10-21,paid_search,P030,Active Mat 30,true,false,false,42,LOYALTY10,,
V007270,C00462,2025-03-08,direct,P030,Active Mat 30,true,false,false,21,,,
V007271,C00792,2025-01-25,organic_search,P007,Calm Cream 07,true,true,true,122,,T000460,
V007272,C00335,2025-04-09,direct,P007,Calm Cream 07,true,false,false,67,,,
V007273,C00535,2025-09-13,direct,P014,Active Mat 14,true,false,false,20,,,
V007274,C00840,2025-11-25,email,P026,Pure Band 26,true,false,false,85,WELCOME5,,
V007275,C00217,2025-02-24,paid_search,P004,Essential Bag 04,true,false,false,38,,,
V007276,C00395,2025-06-23,social,P014,Active Mat 14,true,false,false,91,LOYALTY10,,
V007277,C00034,2025-03-09,paid_search,P005,Bright Organizer 05,true,false,false,42,,,
V007278,C00215,2025-09-11,referral,P021,Bright Organizer 21,true,false,false,18,WEEKEND15,,
V007279,C00143,2025-12-10,organic_search,P003,Urban Bottle 03,true,false,false,41,WELCOME5,,
V007280,C00233,2025-02-13,organic_search,P006,Active Mat 06,true,true,true,155,WEEKEND15,T000809,
V007281,C00207,2025-06-23,organic_search,P012,Essential Bag 12,true,false,false,42,,,
V007282,C00238,2025-03-22,referral,P030,Active Mat 30,true,false,false,257,LOYALTY10,,
V007283,C00381,2025-07-05,paid_search,P029,Bright Organizer 29,true,false,false,54,WELCOME5,,
V007284,C00592,2025-01-26,direct,P019,Urban Bottle 19,true,true,false,129,,,
V007285,C00812,2025-08-30,paid_search,P018,Pure Band 18,true,false,true,128,WELCOME5,T004521,
V007286,C00632,2025-03-19,organic_search,P012,Essential Bag 12,true,false,false,27,,,
V007287,C00410,2025-01-05,paid_search,P022,Active Mat 22,true,true,true,445,,T000076,
V007288,C00617,2025-07-11,social,P012,Essential Bag 12,true,false,false,9,,,
V007289,C00586,2025-08-27,email,P025,Daily Lamp 25,true,false,false,39,,,
V007290,C00533,2025-03-18,organic_search,P025,Daily Lamp 25,true,false,false,30,,,
V007291,C00022,2025-11-01,organic_search,P029,Bright Organizer 29,true,false,false,21,,,
V007292,C00638,2025-03-21,organic_search,P024,Modern Serum 24,true,false,false,268,,,
V007293,C00872,2025-07-04,email,P014,Active Mat 14,true,true,false,73,,,
V007294,C00596,2025-01-10,direct,P018,Pure Band 18,true,false,false,96,,,
V007295,C00661,2025-11-03,organic_search,P026,Pure Band 26,true,false,false,108,WEEKEND15,,
V007296,C00886,2025-03-22,referral,P001,Daily Lamp 01,true,false,false,42,,,
V007297,C00075,2025-02-24,organic_search,P022,Active Mat 22,true,true,false,59,WEEKEND15,,
V007298,C00014,2025-03-20,direct,P024,Modern Serum 24,true,false,false,268,,,
V007299,C00865,2025-06-07,organic_search,P016,Modern Serum 16,true,false,false,71,WEEKEND15,,
V007300,C00980,2025-07-10,email,P028,Essential Bag 28,true,true,false,220,,,
V007301,C00284,2025-10-07,email,P014,Active Mat 14,true,false,false,27,,,
V007302,C00647,2025-03-07,paid_search,P021,Bright Organizer 21,true,false,false,65,,,
V007303,C00871,2025-08-11,social,P002,Pure Band 02,true,true,false,212,,,
V007304,C00982,2025-04-09,social,P015,Calm Cream 15,true,false,false,27,,,
V007305,C00425,2025-01-14,organic_search,P026,Pure Band 26,true,false,false,11,WEEKEND15,,
V007306,C00248,2025-01-17,paid_search,P012,Essential Bag 12,true,true,false,73,,,
V007307,C00847,2025-04-18,social,P027,Urban Bottle 27,true,false,false,31,WEEKEND15,,
V007308,C00096,2025-07-14,referral,P027,Urban Bottle 27,true,false,false,46,,,
V007309,C00485,2025-02-09,social,P019,Urban Bottle 19,true,false,false,46,,,
V007310,C00438,2025-03-10,email,P016,Modern Serum 16,true,false,false,48,LOYALTY10,,
V007311,C00071,2025-03-18,email,P006,Active Mat 06,true,false,false,28,,,
V007312,C00444,2025-05-11,organic_search,P007,Calm Cream 07,true,true,true,31,,T002484,
V007313,C00667,2025-08-09,organic_search,P011,Urban Bottle 11,true,true,true,47,,T004161,
V007314,C00661,2025-10-23,email,P011,Urban Bottle 11,true,false,false,84,LOYALTY10,,
V007315,C00008,2025-05-03,direct,P017,Daily Lamp 17,true,false,false,64,,,
V007316,C00077,2025-10-06,paid_search,P003,Urban Bottle 03,true,false,false,25,WELCOME5,,
V007317,C00678,2025-11-22,direct,P008,Modern Serum 08,true,false,false,55,,,
V007318,C00192,2025-04-18,organic_search,P019,Urban Bottle 19,true,false,false,13,,,
V007319,C00427,2025-01-02,organic_search,P011,Urban Bottle 11,true,false,false,126,LOYALTY10,,
V007320,C00239,2025-08-29,organic_search,P002,Pure Band 02,true,false,false,105,,,
V007321,C00082,2025-08-10,social,P026,Pure Band 26,true,false,true,316,,T004174,
V007322,C00536,2025-06-02,referral,P016,Modern Serum 16,true,false,false,79,,,
V007323,C00770,2025-07-07,social,P016,Modern Serum 16,true,true,true,187,WELCOME5,T003581,
V007324,C00236,2025-06-24,organic_search,P025,Daily Lamp 25,true,true,false,172,,,
V007325,C00542,2025-08-31,organic_search,P014,Active Mat 14,false,false,false,71,,,
V007326,C00046,2025-10-23,paid_search,P029,Bright Organizer 29,true,false,false,98,WELCOME5,,
V007327,C00717,2025-07-23,paid_search,P025,Daily Lamp 25,true,false,false,111,,,
V007328,C00609,2025-04-23,paid_search,P022,Active Mat 22,true,false,false,28,,,
V007329,C00983,2025-10-28,organic_search,P030,Active Mat 30,true,false,false,97,,,
V007330,C00733,2025-11-16,paid_search,P009,Daily Lamp 09,true,false,false,61,,,
V007331,C00575,2025-03-23,email,P024,Modern Serum 24,true,false,false,7,,,
V007332,C00573,2025-07-26,paid_search,P014,Active Mat 14,true,false,false,39,,,
V007333,C00302,2025-01-26,email,P027,Urban Bottle 27,true,false,false,16,,,
V007334,C00531,2025-07-10,paid_search,P022,Active Mat 22,true,false,false,83,,,
V007335,C00931,2025-01-13,social,P029,Bright Organizer 29,true,false,false,57,,,
V007336,C00551,2025-11-10,organic_search,P024,Modern Serum 24,true,false,false,97,,,
V007337,C00707,2025-10-19,email,P014,Active Mat 14,true,false,false,69,,,
V007338,C00547,2025-11-07,organic_search,P025,Daily Lamp 25,true,false,false,74,,,
V007339,C00001,2025-06-09,paid_search,P009,Daily Lamp 09,true,false,false,21,,,
V007340,C00832,2025-01-23,social,P006,Active Mat 06,true,true,true,22,,T000428,
V007341,C00131,2025-06-20,organic_search,P003,Urban Bottle 03,true,true,false,56,,,
V007342,C00260,2025-01-08,organic_search,P001,Daily Lamp 01,true,false,true,46,,T000150,
V007343,C00785,2025-12-28,paid_search,P018,Pure Band 18,false,false,false,9,,,
V007344,C00039,2025-10-09,organic_search,P008,Modern Serum 08,true,true,false,23,,,
V007345,C00902,2025-06-15,organic_search,P005,Bright Organizer 05,true,false,false,25,LOYALTY10,,
V007346,C00720,2025-11-29,direct,P018,Pure Band 18,false,false,false,87,,,
V007347,C00330,2025-12-22,email,P024,Modern Serum 24,false,false,false,32,,,
V007348,C00204,2025-03-30,organic_search,P017,Daily Lamp 17,true,false,false,21,LOYALTY10,,
V007349,C00364,2025-11-25,social,P029,Bright Organizer 29,true,false,false,52,WELCOME5,,
V007350,C00195,2025-05-25,organic_search,P010,Pure Band 10,true,false,false,27,,,
V007351,C00785,2025-12-26,organic_search,P005,Bright Organizer 05,false,false,false,39,,,
V007352,C00616,2025-01-15,social,P020,Essential Bag 20,true,true,false,69,,,
V007353,C00620,2025-03-29,social,P024,Modern Serum 24,true,false,false,70,,,
V007354,C00091,2025-04-10,email,P002,Pure Band 02,true,false,false,63,,,
V007355,C00928,2025-11-16,paid_search,P013,Bright Organizer 13,true,true,true,255,,T005900,
V007356,C00995,2025-12-17,organic_search,P026,Pure Band 26,false,false,false,147,,,
V007357,C00565,2025-08-17,organic_search,P014,Active Mat 14,true,false,false,100,WELCOME5,,
V007358,C00047,2025-06-24,social,P027,Urban Bottle 27,true,false,false,36,,,
V007359,C00102,2025-06-11,email,P007,Calm Cream 07,true,false,false,20,,,
V007360,C00937,2025-03-13,referral,P023,Calm Cream 23,true,true,false,140,,,
V007361,C00058,2025-09-30,email,P019,Urban Bottle 19,false,false,false,59,,,
V007362,C00306,2025-08-02,organic_search,P029,Bright Organizer 29,true,false,false,131,WEEKEND15,,
V007363,C00753,2025-04-07,referral,P021,Bright Organizer 21,true,false,false,19,,,
V007364,C00117,2025-06-17,organic_search,P004,Essential Bag 04,true,false,false,37,,,
V007365,C00910,2025-12-10,direct,P015,Calm Cream 15,true,false,false,7,,,
V007366,C00722,2025-03-20,organic_search,P022,Active Mat 22,true,true,false,29,,,
V007367,C00505,2025-07-17,organic_search,P023,Calm Cream 23,true,false,false,31,,,
V007368,C00884,2025-01-08,email,P002,Pure Band 02,true,false,false,275,,,
V007369,C00186,2025-02-08,direct,P010,Pure Band 10,true,false,true,104,,T000730,
V007370,C00199,2025-08-19,organic_search,P004,Essential Bag 04,false,false,false,51,,,
V007371,C00902,2025-08-27,paid_search,P010,Pure Band 10,true,true,true,83,LOYALTY10,T004480,
V007372,C00683,2025-02-23,paid_search,P030,Active Mat 30,true,false,false,23,WELCOME5,,
V007373,C00562,2025-10-17,paid_search,P013,Bright Organizer 13,true,false,false,13,,,
V007374,C00021,2025-06-06,organic_search,P014,Active Mat 14,true,false,false,161,,,
V007375,C00903,2025-12-03,referral,P029,Bright Organizer 29,true,false,false,109,,,
V007376,C00041,2025-08-12,organic_search,P011,Urban Bottle 11,true,true,false,132,WEEKEND15,,
V007377,C00794,2025-09-14,paid_search,P010,Pure Band 10,true,false,true,85,,T004816,
V007378,C00549,2025-05-23,paid_search,P001,Daily Lamp 01,false,false,false,63,,,
V007379,C00419,2025-01-06,paid_search,P021,Bright Organizer 21,true,true,false,161,,,
V007380,C00345,2025-11-15,social,P025,Daily Lamp 25,true,false,false,63,,,
V007381,C00176,2025-02-22,organic_search,P011,Urban Bottle 11,true,false,false,226,,,
V007382,C00633,2025-02-23,organic_search,P024,Modern Serum 24,true,false,false,86,WELCOME5,,
V007383,C00935,2025-10-27,paid_search,P020,Essential Bag 20,true,false,false,114,,,
V007384,C00008,2025-03-14,referral,P019,Urban Bottle 19,true,false,false,85,,,
V007385,C00819,2025-08-21,paid_search,P024,Modern Serum 24,true,false,false,212,,,
V007386,C00476,2025-04-11,referral,P018,Pure Band 18,true,false,false,13,,,
V007387,C00850,2025-10-01,direct,P017,Daily Lamp 17,true,true,true,178,,T005051,
V007388,C00428,2025-03-15,organic_search,P017,Daily Lamp 17,true,false,false,30,WEEKEND15,,
V007389,C00188,2025-08-08,social,P025,Daily Lamp 25,true,false,false,45,,,
V007390,C00078,2025-08-25,organic_search,P018,Pure Band 18,true,false,true,108,,T004461,
V007391,C00739,2025-10-02,direct,P023,Calm Cream 23,true,false,false,21,,,
V007392,C00994,2025-06-14,social,P021,Bright Organizer 21,true,false,false,65,,,
V007393,C00151,2025-01-19,paid_search,P029,Bright Organizer 29,true,false,true,85,,T000349,
V007394,C00108,2025-03-31,social,P014,Active Mat 14,true,true,false,204,WELCOME5,,
V007395,C00214,2025-06-27,email,P007,Calm Cream 07,true,false,false,81,LOYALTY10,,
V007396,C00058,2025-01-29,direct,P027,Urban Bottle 27,true,false,false,28,,,
V007397,C00798,2025-09-26,email,P006,Active Mat 06,false,false,false,89,,,
V007398,C00954,2025-10-28,organic_search,P005,Bright Organizer 05,true,false,false,18,,,
V007399,C00677,2025-04-23,organic_search,P029,Bright Organizer 29,true,false,false,26,,,
V007400,C00424,2025-03-11,direct,P008,Modern Serum 08,true,false,false,89,,,
V007401,C00634,2025-05-08,referral,P014,Active Mat 14,true,false,false,39,LOYALTY10,,
V007402,C00411,2025-05-18,organic_search,P026,Pure Band 26,true,false,false,35,,,
V007403,C00294,2025-11-04,paid_search,P019,Urban Bottle 19,true,false,false,122,,,
V007404,C00113,2025-12-12,paid_search,P008,Modern Serum 08,true,false,false,88,WELCOME5,,
V007405,C00527,2025-11-07,email,P022,Active Mat 22,true,false,false,18,WELCOME5,,
V007406,C00756,2025-04-01,referral,P025,Daily Lamp 25,true,true,false,29,,,
V007407,C00713,2025-08-29,paid_search,P001,Daily Lamp 01,false,false,false,50,,,
V007408,C00964,2025-01-22,paid_search,P023,Calm Cream 23,true,false,false,32,WEEKEND15,,
V007409,C00381,2025-04-08,referral,P011,Urban Bottle 11,true,false,false,15,,,
V007410,C00035,2025-11-22,email,P008,Modern Serum 08,true,false,false,34,,,
V007411,C00786,2025-02-21,organic_search,P004,Essential Bag 04,true,false,false,40,,,
V007412,C00625,2025-07-24,direct,P004,Essential Bag 04,false,false,false,25,,,
V007413,C00330,2025-11-26,organic_search,P006,Active Mat 06,false,false,false,117,,,
V007414,C00278,2025-03-11,email,P004,Essential Bag 04,true,false,false,45,,,
V007415,C00002,2025-03-18,paid_search,P019,Urban Bottle 19,true,false,true,40,WELCOME5,T001463,
V007416,C00547,2025-08-02,organic_search,P023,Calm Cream 23,true,false,false,18,,,
V007417,C00386,2025-11-18,organic_search,P028,Essential Bag 28,true,false,false,143,,,
V007418,C00986,2025-12-25,paid_search,P014,Active Mat 14,false,false,false,22,,,
V007419,C00565,2025-01-29,email,P019,Urban Bottle 19,true,false,false,140,,,
V007420,C00688,2025-04-19,social,P022,Active Mat 22,true,false,false,8,,,
V007421,C00633,2025-01-13,paid_search,P013,Bright Organizer 13,true,false,true,57,WEEKEND15,T000225,
V007422,C00231,2025-10-30,social,P020,Essential Bag 20,true,false,false,66,,,
V007423,C00588,2025-09-27,paid_search,P010,Pure Band 10,true,false,false,30,,,
V007424,C00463,2025-11-27,social,P019,Urban Bottle 19,false,false,false,151,,,
V007425,C00633,2025-11-24,email,P022,Active Mat 22,true,false,true,75,,T006012,
V007426,C00286,2025-05-04,referral,P020,Essential Bag 20,true,true,false,147,,,
V007427,C00069,2025-11-06,social,P021,Bright Organizer 21,true,false,false,72,,,
V007428,C00558,2025-01-02,organic_search,P018,Pure Band 18,true,false,false,77,,,
V007429,C00621,2025-08-20,paid_search,P021,Bright Organizer 21,true,false,false,67,,,
V007430,C00725,2025-08-10,organic_search,P011,Urban Bottle 11,true,false,false,462,,,
V007431,C00730,2025-04-07,social,P004,Essential Bag 04,true,false,false,57,,,
V007432,C00781,2025-04-18,social,P013,Bright Organizer 13,true,false,false,56,,,
V007433,C00684,2025-09-01,direct,P001,Daily Lamp 01,true,false,false,23,,,
V007434,C00075,2025-08-25,direct,P008,Modern Serum 08,true,false,false,70,,,
V007435,C00859,2025-04-24,social,P014,Active Mat 14,true,true,false,409,,,
V007436,C00079,2025-12-10,organic_search,P002,Pure Band 02,true,false,false,42,,,
V007437,C00929,2025-03-12,organic_search,P021,Bright Organizer 21,true,false,false,12,,,
V007438,C00415,2025-02-23,organic_search,P005,Bright Organizer 05,true,false,false,85,,,
V007439,C00219,2025-05-09,direct,P016,Modern Serum 16,true,false,false,37,,,
V007440,C00579,2025-05-04,direct,P015,Calm Cream 15,true,false,false,44,WEEKEND15,,
V007441,C00566,2025-12-10,organic_search,P023,Calm Cream 23,true,false,false,128,LOYALTY10,,
V007442,C00213,2025-12-27,paid_search,P021,Bright Organizer 21,true,false,false,95,,,
V007443,C00568,2025-05-29,paid_search,P013,Bright Organizer 13,true,true,false,41,,,
V007444,C00687,2025-10-08,paid_search,P008,Modern Serum 08,true,false,false,25,,,
V007445,C00204,2025-02-13,direct,P021,Bright Organizer 21,true,false,false,125,WELCOME5,,
V007446,C00979,2025-11-12,direct,P014,Active Mat 14,true,true,false,190,,,
V007447,C00937,2025-03-21,email,P026,Pure Band 26,true,false,false,157,,,
V007448,C00405,2025-08-03,social,P027,Urban Bottle 27,true,false,false,83,,,
V007449,C00094,2025-04-27,organic_search,P024,Modern Serum 24,true,false,false,272,,,
V007450,C00782,2025-03-12,social,P010,Pure Band 10,true,false,false,48,WEEKEND15,,
V007451,C00808,2025-04-26,paid_search,P014,Active Mat 14,true,false,false,66,WELCOME5,,
V007452,C00871,2025-06-25,organic_search,P025,Daily Lamp 25,true,true,true,286,,T003352,
V007453,C00121,2025-03-31,social,P022,Active Mat 22,true,true,false,21,,,
V007454,C00542,2025-04-30,social,P005,Bright Organizer 05,true,false,false,54,,,
V007455,C00975,2025-01-30,paid_search,P014,Active Mat 14,true,false,false,68,WELCOME5,,
V007456,C00659,2025-08-03,organic_search,P003,Urban Bottle 03,true,false,false,104,,,
V007457,C00068,2025-01-27,organic_search,P030,Active Mat 30,true,false,false,49,WEEKEND15,,
V007458,C00192,2025-12-23,email,P025,Daily Lamp 25,true,false,false,21,,,
V007459,C00233,2025-11-30,organic_search,P015,Calm Cream 15,true,false,false,68,,,
V007460,C00068,2025-04-03,email,P019,Urban Bottle 19,true,false,false,127,,,
V007461,C00732,2025-06-23,social,P011,Urban Bottle 11,true,false,true,12,WEEKEND15,T003320,
V007462,C00300,2025-01-23,organic_search,P027,Urban Bottle 27,true,true,true,98,,T000430,
V007463,C00189,2025-05-29,direct,P028,Essential Bag 28,true,false,false,120,,,
V007464,C00795,2025-04-08,paid_search,P029,Bright Organizer 29,true,false,true,256,,T001895,
V007465,C00158,2025-04-08,paid_search,P018,Pure Band 18,true,false,false,42,WEEKEND15,,
V007466,C00328,2025-02-04,paid_search,P027,Urban Bottle 27,true,false,false,68,,,
V007467,C00527,2025-11-12,direct,P028,Essential Bag 28,true,true,false,57,,,
V007468,C00619,2025-03-22,paid_search,P014,Active Mat 14,true,true,false,64,,,
V007469,C00358,2025-08-22,organic_search,P022,Active Mat 22,true,false,true,103,,T004408,
V007470,C00793,2025-03-10,email,P019,Urban Bottle 19,true,false,false,82,,,
V007471,C00403,2025-02-20,referral,P023,Calm Cream 23,true,false,false,18,,,
V007472,C00407,2025-02-05,paid_search,P024,Modern Serum 24,true,false,false,14,,,
V007473,C00230,2025-08-11,social,P023,Calm Cream 23,true,false,false,58,,,
V007474,C00768,2025-03-16,email,P005,Bright Organizer 05,true,false,false,49,,,
V007475,C00409,2025-02-09,social,P028,Essential Bag 28,true,false,false,41,,,
V007476,C00335,2025-06-20,organic_search,P005,Bright Organizer 05,true,false,false,121,,,
V007477,C00049,2025-01-16,organic_search,P024,Modern Serum 24,true,false,false,74,,,
V007478,C00066,2025-01-15,paid_search,P030,Active Mat 30,true,true,false,24,,,
V007479,C00115,2025-06-08,social,P012,Essential Bag 12,true,false,false,49,WEEKEND15,,
V007480,C00524,2025-12-07,organic_search,P005,Bright Organizer 05,true,true,false,28,,,
V007481,C00561,2025-04-09,organic_search,P027,Urban Bottle 27,true,false,false,42,,,
V007482,C00048,2025-10-20,social,P018,Pure Band 18,false,false,false,70,,,
V007483,C00731,2025-11-24,organic_search,P009,Daily Lamp 09,true,false,false,56,,,
V007484,C00715,2025-11-20,referral,P011,Urban Bottle 11,true,false,false,76,WELCOME5,,
V007485,C00367,2025-07-21,direct,P006,Active Mat 06,false,false,false,65,,,
V007486,C00249,2025-09-21,email,P021,Bright Organizer 21,true,false,false,30,,,
V007487,C00871,2025-02-24,paid_search,P027,Urban Bottle 27,true,false,false,155,,,
V007488,C00477,2025-11-12,organic_search,P014,Active Mat 14,true,false,false,52,WEEKEND15,,
V007489,C00490,2025-05-17,email,P025,Daily Lamp 25,true,false,false,102,,,
V007490,C00594,2025-04-06,direct,P006,Active Mat 06,true,false,false,73,,,
V007491,C00172,2025-10-13,email,P019,Urban Bottle 19,true,false,false,265,WEEKEND15,,
V007492,C00568,2025-05-08,direct,P028,Essential Bag 28,true,true,false,167,,,
V007493,C00444,2025-02-16,direct,P026,Pure Band 26,true,false,false,8,,,
V007494,C00310,2025-01-28,social,P028,Essential Bag 28,true,false,false,25,WEEKEND15,,
V007495,C00845,2025-06-07,organic_search,P005,Bright Organizer 05,true,true,false,59,,,
V007496,C00822,2025-08-28,organic_search,P024,Modern Serum 24,true,true,true,238,WELCOME5,T004493,
V007497,C00721,2025-03-14,social,P007,Calm Cream 07,true,true,false,52,,,
V007498,C00259,2025-04-16,social,P030,Active Mat 30,true,false,false,19,,,
V007499,C00071,2025-01-31,paid_search,P016,Modern Serum 16,true,true,false,84,,,
V007500,C00766,2025-09-19,paid_search,P007,Calm Cream 07,true,false,false,37,LOYALTY10,,
V007501,C00104,2025-05-11,paid_search,P022,Active Mat 22,true,false,false,81,,,
V007502,C00258,2025-03-12,social,P016,Modern Serum 16,true,false,false,13,,,
V007503,C00747,2025-12-02,direct,P017,Daily Lamp 17,true,true,true,101,,T006120,
V007504,C00317,2025-06-15,paid_search,P005,Bright Organizer 05,true,false,false,5,WELCOME5,,
V007505,C00447,2025-06-23,social,P009,Daily Lamp 09,true,false,false,32,,,
V007506,C00626,2025-03-30,direct,P021,Bright Organizer 21,true,false,false,38,LOYALTY10,,
V007507,C00184,2025-12-17,organic_search,P009,Daily Lamp 09,true,true,false,166,,,
V007508,C00132,2025-10-30,social,P012,Essential Bag 12,false,false,false,84,,,
V007509,C00902,2025-12-05,email,P005,Bright Organizer 05,true,false,false,47,,,
V007510,C00941,2025-04-18,direct,P001,Daily Lamp 01,true,false,false,25,WEEKEND15,,
V007511,C00609,2025-11-06,social,P013,Bright Organizer 13,true,false,false,32,,,
V007512,C00378,2025-09-22,organic_search,P027,Urban Bottle 27,true,false,false,36,LOYALTY10,,
V007513,C00185,2025-05-19,organic_search,P021,Bright Organizer 21,true,false,false,13,,,
V007514,C00282,2025-05-18,organic_search,P028,Essential Bag 28,true,true,false,13,,,
V007515,C00324,2025-01-10,referral,P014,Active Mat 14,true,false,false,73,WELCOME5,,
V007516,C00406,2025-11-02,paid_search,P016,Modern Serum 16,true,true,false,62,,,
V007517,C00565,2025-04-11,email,P006,Active Mat 06,true,true,false,31,LOYALTY10,,
V007518,C00400,2025-10-08,organic_search,P030,Active Mat 30,true,true,false,296,,,
V007519,C00987,2025-06-05,organic_search,P009,Daily Lamp 09,true,false,false,29,,,
V007520,C00543,2025-09-28,direct,P010,Pure Band 10,true,false,false,49,,,
V007521,C00015,2025-08-25,direct,P008,Modern Serum 08,true,false,false,149,LOYALTY10,,
V007522,C00097,2025-02-19,social,P022,Active Mat 22,true,false,false,70,WELCOME5,,
V007523,C00685,2025-05-19,organic_search,P014,Active Mat 14,true,false,true,61,,T002656,
V007524,C00484,2025-08-16,organic_search,P019,Urban Bottle 19,true,false,false,492,,,
V007525,C00842,2025-08-16,organic_search,P004,Essential Bag 04,true,false,false,84,WELCOME5,,
V007526,C00657,2025-12-20,paid_search,P026,Pure Band 26,false,false,false,54,WELCOME5,,
V007527,C00372,2025-06-02,organic_search,P011,Urban Bottle 11,true,false,false,104,WELCOME5,,
V007528,C00182,2025-04-18,social,P020,Essential Bag 20,true,false,false,53,LOYALTY10,,
V007529,C00228,2025-03-02,paid_search,P016,Modern Serum 16,true,false,false,47,,,
V007530,C00730,2025-10-08,referral,P020,Essential Bag 20,true,false,false,116,WELCOME5,,
V007531,C00274,2025-05-06,organic_search,P019,Urban Bottle 19,true,true,false,25,,,
V007532,C00667,2025-10-02,organic_search,P008,Modern Serum 08,true,false,false,50,,,
V007533,C00843,2025-08-01,social,P002,Pure Band 02,true,false,false,53,,,
V007534,C00169,2025-01-25,social,P013,Bright Organizer 13,true,false,false,84,,,
V007535,C00034,2025-03-25,referral,P018,Pure Band 18,true,false,false,7,,,
V007536,C00170,2025-09-13,email,P008,Modern Serum 08,true,false,false,15,WEEKEND15,,
V007537,C00803,2025-02-07,social,P019,Urban Bottle 19,true,false,false,48,WEEKEND15,,
V007538,C00965,2025-02-18,organic_search,P011,Urban Bottle 11,true,false,false,117,WEEKEND15,,
V007539,C00023,2025-11-17,direct,P011,Urban Bottle 11,true,false,false,144,,,
V007540,C00282,2025-06-05,organic_search,P028,Essential Bag 28,true,false,false,31,,,
V007541,C00844,2025-06-07,social,P027,Urban Bottle 27,true,true,false,124,,,
V007542,C00846,2025-08-06,organic_search,P007,Calm Cream 07,true,false,false,96,,,
V007543,C00550,2025-08-05,social,P006,Active Mat 06,true,false,false,148,,,
V007544,C00320,2025-11-27,direct,P027,Urban Bottle 27,true,false,false,187,,,
V007545,C00421,2025-11-07,social,P022,Active Mat 22,true,false,false,18,LOYALTY10,,
V007546,C00889,2025-03-19,email,P014,Active Mat 14,true,false,false,41,,,
V007547,C00207,2025-12-22,social,P016,Modern Serum 16,false,false,false,289,,,
V007548,C00373,2025-10-18,direct,P011,Urban Bottle 11,true,false,false,84,,,
V007549,C00430,2025-10-19,paid_search,P024,Modern Serum 24,true,false,false,14,,,
V007550,C00655,2025-07-07,social,P018,Pure Band 18,true,false,false,16,,,
V007551,C00704,2025-01-02,social,P018,Pure Band 18,true,false,false,23,WEEKEND15,,
V007552,C00825,2025-08-11,organic_search,P020,Essential Bag 20,true,false,false,22,,,
V007553,C00474,2025-09-06,direct,P010,Pure Band 10,true,false,false,22,,,
V007554,C00291,2025-12-11,email,P015,Calm Cream 15,true,true,true,182,,T006298,
V007555,C00717,2025-04-30,organic_search,P011,Urban Bottle 11,true,false,false,425,,,
V007556,C00006,2025-01-15,social,P027,Urban Bottle 27,true,false,false,35,LOYALTY10,,
V007557,C00092,2025-10-07,paid_search,P004,Essential Bag 04,true,false,false,75,,,
V007558,C00773,2025-06-26,direct,P006,Active Mat 06,false,false,false,65,,,
V007559,C00659,2025-02-27,organic_search,P008,Modern Serum 08,true,true,false,43,,,
V007560,C00779,2025-11-12,paid_search,P016,Modern Serum 16,true,false,false,16,,,
V007561,C00241,2025-01-19,organic_search,P025,Daily Lamp 25,true,false,false,30,,,
V007562,C00282,2025-07-31,referral,P014,Active Mat 14,true,true,false,73,,,
V007563,C00739,2025-03-24,social,P004,Essential Bag 04,true,false,false,67,,,
V007564,C00250,2025-01-29,email,P007,Calm Cream 07,true,true,false,21,,,
V007565,C00889,2025-05-04,social,P015,Calm Cream 15,true,false,false,43,,,
V007566,C00878,2025-11-15,email,P027,Urban Bottle 27,true,false,false,31,,,
V007567,C00090,2025-01-28,paid_search,P005,Bright Organizer 05,true,false,false,23,,,
V007568,C00682,2025-10-25,organic_search,P014,Active Mat 14,false,false,false,71,LOYALTY10,,
V007569,C00810,2025-09-25,organic_search,P018,Pure Band 18,true,false,false,88,WELCOME5,,
V007570,C00758,2025-07-02,social,P019,Urban Bottle 19,true,true,false,56,WELCOME5,,
V007571,C00787,2025-09-06,social,P005,Bright Organizer 05,true,false,false,20,,,
V007572,C00828,2025-11-29,social,P002,Pure Band 02,true,false,false,35,WEEKEND15,,
V007573,C00650,2025-07-14,email,P016,Modern Serum 16,true,false,false,30,,,
V007574,C00778,2025-01-10,social,P003,Urban Bottle 03,true,false,false,48,,,
V007575,C00349,2025-06-01,social,P025,Daily Lamp 25,true,false,false,30,,,
V007576,C00831,2025-11-05,paid_search,P009,Daily Lamp 09,true,false,false,103,WELCOME5,,
V007577,C00392,2025-09-20,paid_search,P011,Urban Bottle 11,true,false,false,17,WELCOME5,,
V007578,C00045,2025-01-16,social,P001,Daily Lamp 01,true,false,false,55,,,
V007579,C00645,2025-07-05,paid_search,P011,Urban Bottle 11,true,false,false,34,WEEKEND15,,
V007580,C00743,2025-01-04,email,P021,Bright Organizer 21,true,false,true,48,,T000071,
V007581,C00368,2025-11-16,email,P011,Urban Bottle 11,true,false,true,84,,T005890,
V007582,C00221,2025-04-12,organic_search,P004,Essential Bag 04,true,true,false,79,,,
V007583,C00761,2025-02-14,social,P016,Modern Serum 16,true,false,false,11,,,
V007584,C00029,2025-11-13,paid_search,P012,Essential Bag 12,true,false,false,56,,,
V007585,C00680,2025-10-21,email,P014,Active Mat 14,false,false,false,46,LOYALTY10,,
V007586,C00299,2025-03-27,referral,P010,Pure Band 10,true,false,false,27,,,
V007587,C00701,2025-10-17,social,P021,Bright Organizer 21,true,false,false,29,WEEKEND15,,
V007588,C00358,2025-06-07,paid_search,P008,Modern Serum 08,true,false,true,68,WEEKEND15,T003016,
V007589,C00218,2025-10-27,direct,P024,Modern Serum 24,true,true,false,89,,,
V007590,C00117,2025-05-27,paid_search,P006,Active Mat 06,false,false,false,55,,,
V007591,C00876,2025-09-25,email,P016,Modern Serum 16,false,false,false,83,,,
V007592,C00371,2025-05-25,paid_search,P021,Bright Organizer 21,true,false,false,25,WELCOME5,,
V007593,C00138,2025-08-20,organic_search,P027,Urban Bottle 27,true,false,false,24,,,
V007594,C00661,2025-08-12,referral,P028,Essential Bag 28,true,false,false,78,,,
V007595,C00003,2025-06-25,organic_search,P003,Urban Bottle 03,true,false,false,178,,,
V007596,C00647,2025-04-01,organic_search,P009,Daily Lamp 09,true,true,true,185,WELCOME5,T001728,
V007597,C00936,2025-01-22,paid_search,P001,Daily Lamp 01,true,true,false,133,LOYALTY10,,
V007598,C00488,2025-09-28,paid_search,P027,Urban Bottle 27,true,true,true,107,,T005010,
V007599,C00046,2025-11-30,email,P001,Daily Lamp 01,false,false,false,86,,,
V007600,C00599,2025-05-04,organic_search,P014,Active Mat 14,true,false,false,212,LOYALTY10,,
V007601,C00276,2025-07-03,social,P001,Daily Lamp 01,true,false,false,136,,,
V007602,C00328,2025-11-19,organic_search,P028,Essential Bag 28,true,false,false,43,WELCOME5,,
V007603,C00507,2025-09-02,paid_search,P003,Urban Bottle 03,true,false,true,15,,T004573,
V007604,C00908,2025-02-03,social,P026,Pure Band 26,true,false,false,180,,,
V007605,C00107,2025-07-08,email,P001,Daily Lamp 01,true,false,false,75,,,
V007606,C00568,2025-08-10,paid_search,P022,Active Mat 22,true,false,false,142,,,
V007607,C00968,2025-11-14,social,P025,Daily Lamp 25,true,false,false,38,,,
V007608,C00977,2025-04-05,organic_search,P019,Urban Bottle 19,true,false,false,21,LOYALTY10,,
V007609,C00689,2025-06-11,social,P015,Calm Cream 15,true,false,false,22,,,
V007610,C00639,2025-09-29,direct,P006,Active Mat 06,false,false,false,20,,,
V007611,C00713,2025-07-29,direct,P016,Modern Serum 16,false,false,false,94,WELCOME5,,
V007612,C00927,2025-12-18,social,P017,Daily Lamp 17,true,false,false,97,,,
V007613,C00080,2025-10-07,organic_search,P014,Active Mat 14,true,false,false,72,,,
V007614,C00513,2025-10-01,social,P010,Pure Band 10,true,false,false,80,,,
V007615,C00390,2025-07-08,paid_search,P009,Daily Lamp 09,true,false,false,35,,,
V007616,C00543,2025-10-28,paid_search,P016,Modern Serum 16,false,false,false,24,LOYALTY10,,
V007617,C00908,2025-03-15,organic_search,P026,Pure Band 26,true,false,false,149,,,
V007618,C00019,2025-11-28,direct,P014,Active Mat 14,false,false,false,174,,,
V007619,C00852,2025-05-22,paid_search,P022,Active Mat 22,true,false,false,69,,,
V007620,C00749,2025-07-10,organic_search,P011,Urban Bottle 11,true,false,false,87,,,
V007621,C00508,2025-06-21,direct,P009,Daily Lamp 09,true,false,false,168,,,
V007622,C00942,2025-09-23,referral,P007,Calm Cream 07,true,false,false,85,LOYALTY10,,
V007623,C00262,2025-01-04,organic_search,P006,Active Mat 06,true,false,false,96,,,
V007624,C00634,2025-06-02,paid_search,P009,Daily Lamp 09,true,false,false,67,,,
V007625,C00497,2025-05-24,organic_search,P027,Urban Bottle 27,true,true,true,95,LOYALTY10,T002756,
V007626,C00613,2025-02-23,organic_search,P012,Essential Bag 12,true,true,false,250,,,
V007627,C00950,2025-09-26,organic_search,P023,Calm Cream 23,false,false,false,94,,,
V007628,C00047,2025-09-02,paid_search,P016,Modern Serum 16,true,false,false,78,,,
V007629,C00170,2025-11-26,paid_search,P004,Essential Bag 04,false,false,false,33,,,
V007630,C00678,2025-02-03,paid_search,P012,Essential Bag 12,true,false,false,32,WELCOME5,,
V007631,C00368,2025-01-31,paid_search,P003,Urban Bottle 03,true,true,false,106,,,
V007632,C00589,2025-05-30,organic_search,P005,Bright Organizer 05,true,false,false,85,,,
V007633,C00905,2025-03-31,email,P019,Urban Bottle 19,true,false,false,46,WEEKEND15,,
V007634,C00649,2025-08-31,direct,P014,Active Mat 14,false,false,false,36,,,
V007635,C00838,2025-01-29,email,P016,Modern Serum 16,true,false,false,125,,,
V007636,C00952,2025-02-06,direct,P002,Pure Band 02,true,false,false,39,,,
V007637,C00834,2025-04-21,direct,P027,Urban Bottle 27,true,false,false,29,,,
V007638,C00858,2025-07-22,direct,P012,Essential Bag 12,false,false,false,209,,,
V007639,C00192,2025-12-23,paid_search,P025,Daily Lamp 25,true,false,false,98,,,
V007640,C00584,2025-02-03,email,P001,Daily Lamp 01,true,false,false,27,,,
V007641,C00825,2025-12-15,social,P007,Calm Cream 07,true,false,false,43,,,
V007642,C00120,2025-05-12,direct,P025,Daily Lamp 25,true,false,false,82,,,
V007643,C00692,2025-12-29,paid_search,P021,Bright Organizer 21,true,false,false,27,,,
V007644,C00879,2025-09-27,organic_search,P005,Bright Organizer 05,false,false,false,70,,,
V007645,C00408,2025-07-12,social,P015,Calm Cream 15,true,false,false,205,LOYALTY10,,
V007646,C00621,2025-07-15,social,P015,Calm Cream 15,true,true,true,343,,T003738,
V007647,C00728,2025-07-13,paid_search,P030,Active Mat 30,true,false,false,46,LOYALTY10,,
V007648,C00769,2025-10-27,organic_search,P015,Calm Cream 15,true,false,false,78,WEEKEND15,,
V007649,C00470,2025-03-27,direct,P017,Daily Lamp 17,true,false,false,28,,,
V007650,C00235,2025-05-11,email,P007,Calm Cream 07,true,false,false,73,,,
V007651,C00191,2025-04-17,email,P002,Pure Band 02,true,false,false,44,,,
V007652,C00464,2025-12-07,paid_search,P004,Essential Bag 04,true,true,false,61,WEEKEND15,,
V007653,C00118,2025-03-08,organic_search,P027,Urban Bottle 27,true,false,false,16,LOYALTY10,,
V007654,C00910,2025-03-30,email,P002,Pure Band 02,true,false,false,96,,,
V007655,C00909,2025-01-31,paid_search,P012,Essential Bag 12,true,false,false,16,,,
V007656,C00988,2025-04-07,paid_search,P019,Urban Bottle 19,true,false,false,119,,,
V007657,C00265,2025-11-01,organic_search,P018,Pure Band 18,true,false,false,63,WELCOME5,,
V007658,C00886,2025-02-06,paid_search,P030,Active Mat 30,true,false,false,36,,,
V007659,C00383,2025-12-23,paid_search,P029,Bright Organizer 29,true,false,false,19,WEEKEND15,,
V007660,C00441,2025-04-17,organic_search,P023,Calm Cream 23,true,false,false,57,,,
V007661,C00718,2025-06-05,organic_search,P016,Modern Serum 16,true,true,false,166,WEEKEND15,,
V007662,C00044,2025-06-20,direct,P028,Essential Bag 28,true,false,false,90,,,
V007663,C00943,2025-06-22,social,P019,Urban Bottle 19,true,true,false,33,WELCOME5,,
V007664,C00878,2025-08-05,direct,P002,Pure Band 02,true,false,false,30,LOYALTY10,,
V007665,C00218,2025-05-19,email,P030,Active Mat 30,true,false,false,132,,,
V007666,C00805,2025-01-10,social,P028,Essential Bag 28,true,false,false,80,,,
V007667,C00672,2025-09-30,email,P022,Active Mat 22,true,false,false,114,,,
V007668,C00244,2025-01-16,email,P002,Pure Band 02,true,true,false,35,,,
V007669,C00275,2025-05-02,direct,P025,Daily Lamp 25,true,true,false,161,,,
V007670,C00910,2025-04-04,social,P012,Essential Bag 12,true,false,false,17,,,
V007671,C00211,2025-01-07,paid_search,P016,Modern Serum 16,true,false,false,96,,,
V007672,C00481,2025-05-07,paid_search,P008,Modern Serum 08,true,false,false,59,,,
V007673,C00035,2025-09-30,email,P025,Daily Lamp 25,true,false,false,8,,,
V007674,C00705,2025-01-04,social,P026,Pure Band 26,true,false,false,47,,,
V007675,C00883,2025-07-10,organic_search,P012,Essential Bag 12,true,true,false,32,WELCOME5,,
V007676,C00749,2025-08-23,paid_search,P028,Essential Bag 28,true,false,false,16,,,
V007677,C00996,2025-09-06,organic_search,P003,Urban Bottle 03,true,false,false,42,,,
V007678,C00956,2025-11-13,direct,P021,Bright Organizer 21,true,false,false,112,WEEKEND15,,
V007679,C00585,2025-12-06,direct,P003,Urban Bottle 03,true,false,false,464,WEEKEND15,,
V007680,C00709,2025-06-02,direct,P025,Daily Lamp 25,true,false,false,21,,,
V007681,C00043,2025-12-12,email,P016,Modern Serum 16,true,false,false,46,,,
V007682,C00996,2025-03-10,direct,P027,Urban Bottle 27,true,false,false,53,,,
V007683,C00548,2025-11-25,email,P009,Daily Lamp 09,true,false,true,74,WEEKEND15,T006032,
V007684,C00903,2025-04-29,email,P006,Active Mat 06,false,false,false,228,LOYALTY10,,
V007685,C00715,2025-02-05,paid_search,P010,Pure Band 10,true,false,false,52,,,
V007686,C00060,2025-08-25,organic_search,P023,Calm Cream 23,false,false,false,30,,,
V007687,C00945,2025-08-11,organic_search,P006,Active Mat 06,true,false,false,86,,,
V007688,C00429,2025-01-28,direct,P008,Modern Serum 08,true,false,false,225,,,
V007689,C00826,2025-11-05,paid_search,P012,Essential Bag 12,true,false,false,50,LOYALTY10,,
V007690,C00842,2025-06-02,organic_search,P019,Urban Bottle 19,true,false,false,12,WELCOME5,,
V007691,C00959,2025-08-27,organic_search,P007,Calm Cream 07,true,false,true,22,,T004488,
V007692,C00573,2025-07-05,organic_search,P028,Essential Bag 28,true,false,false,6,,,
V007693,C00381,2025-06-05,paid_search,P012,Essential Bag 12,true,false,true,116,,T002972,
V007694,C00109,2025-11-27,paid_search,P022,Active Mat 22,true,false,false,60,,,
V007695,C00683,2025-08-04,organic_search,P014,Active Mat 14,true,true,false,351,LOYALTY10,,
V007696,C00962,2025-02-27,paid_search,P028,Essential Bag 28,true,false,false,37,,,
V007697,C00143,2025-08-12,email,P006,Active Mat 06,true,true,false,119,,,
V007698,C00397,2025-06-07,organic_search,P030,Active Mat 30,true,false,false,19,,,
V007699,C00664,2025-11-24,social,P001,Daily Lamp 01,false,false,false,120,,,
V007700,C00026,2025-11-29,direct,P028,Essential Bag 28,true,false,false,61,,,
V007701,C00900,2025-12-23,organic_search,P020,Essential Bag 20,true,false,false,40,,,
V007702,C00301,2025-06-01,direct,P012,Essential Bag 12,true,false,false,215,,,
V007703,C00266,2025-09-03,email,P009,Daily Lamp 09,true,false,false,60,WEEKEND15,,
V007704,C00770,2025-06-16,organic_search,P006,Active Mat 06,true,false,false,73,,,
V007705,C00540,2025-10-01,social,P015,Calm Cream 15,true,false,false,130,,,
V007706,C00357,2025-05-07,social,P006,Active Mat 06,true,true,false,267,WELCOME5,,
V007707,C00632,2025-06-04,social,P014,Active Mat 14,true,false,false,55,,,
V007708,C00077,2025-05-15,paid_search,P006,Active Mat 06,true,false,false,114,,,
V007709,C00547,2025-02-04,email,P021,Bright Organizer 21,true,false,false,16,,,
V007710,C00662,2025-10-20,organic_search,P021,Bright Organizer 21,true,false,true,160,,T005424,
V007711,C00561,2025-04-03,social,P025,Daily Lamp 25,true,false,false,43,,,
V007712,C00297,2025-02-22,paid_search,P014,Active Mat 14,true,false,false,109,,,
V007713,C00433,2025-10-16,social,P002,Pure Band 02,true,true,false,45,,,
V007714,C00718,2025-06-16,social,P022,Active Mat 22,true,false,false,40,,,
V007715,C00086,2025-07-16,email,P024,Modern Serum 24,true,false,false,177,,,
V007716,C00613,2025-06-02,paid_search,P026,Pure Band 26,true,false,false,58,,,
V007717,C00822,2025-06-22,referral,P029,Bright Organizer 29,true,true,false,171,,,
V007718,C00037,2025-06-11,organic_search,P007,Calm Cream 07,true,true,false,70,,,
V007719,C00538,2025-09-03,referral,P030,Active Mat 30,true,false,false,51,WELCOME5,,
V007720,C00835,2025-02-25,paid_search,P023,Calm Cream 23,true,false,false,17,,,
V007721,C00976,2025-03-14,paid_search,P012,Essential Bag 12,true,true,false,196,LOYALTY10,,
V007722,C00800,2025-02-24,direct,P010,Pure Band 10,true,false,false,36,,,
V007723,C00574,2025-05-21,paid_search,P014,Active Mat 14,true,false,false,163,WELCOME5,,
V007724,C00665,2025-11-03,referral,P013,Bright Organizer 13,true,false,false,179,,,
V007725,C00348,2025-10-01,organic_search,P003,Urban Bottle 03,true,false,false,16,,,
V007726,C00819,2025-09-01,paid_search,P006,Active Mat 06,true,false,false,140,,,
V007727,C00831,2025-09-25,organic_search,P010,Pure Band 10,true,true,false,71,,,
V007728,C00956,2025-03-13,social,P022,Active Mat 22,true,false,false,37,,,
V007729,C00045,2025-09-22,paid_search,P025,Daily Lamp 25,true,false,false,69,,,
V007730,C00644,2025-01-06,social,P007,Calm Cream 07,true,false,false,60,,,
V007731,C00174,2025-05-20,paid_search,P001,Daily Lamp 01,true,false,false,28,WEEKEND15,,
V007732,C00390,2025-08-23,direct,P025,Daily Lamp 25,true,false,false,57,WEEKEND15,,
V007733,C00851,2025-02-14,paid_search,P015,Calm Cream 15,true,false,false,93,,,
V007734,C00745,2025-06-19,organic_search,P022,Active Mat 22,true,false,false,17,,,
V007735,C00646,2025-09-30,paid_search,P013,Bright Organizer 13,true,false,true,112,,T005039,
V007736,C00077,2025-11-09,organic_search,P013,Bright Organizer 13,true,false,true,84,,T005778,
V007737,C00006,2025-01-05,direct,P023,Calm Cream 23,true,true,false,180,,,
V007738,C00297,2025-06-22,referral,P005,Bright Organizer 05,false,false,false,200,,,
V007739,C00678,2025-10-03,organic_search,P001,Daily Lamp 01,true,false,false,25,,,
V007740,C00101,2025-12-17,email,P027,Urban Bottle 27,true,false,false,120,,,
V007741,C00460,2025-07-01,social,P024,Modern Serum 24,true,false,false,22,,,
V007742,C00503,2025-06-22,social,P015,Calm Cream 15,true,false,false,23,,,
V007743,C00411,2025-11-22,organic_search,P025,Daily Lamp 25,true,true,false,43,LOYALTY10,,
V007744,C00914,2025-12-05,organic_search,P014,Active Mat 14,true,false,false,33,WELCOME5,,
V007745,C00537,2025-01-21,direct,P008,Modern Serum 08,true,true,false,156,,,
V007746,C00469,2025-03-13,organic_search,P001,Daily Lamp 01,true,false,false,31,,,
V007747,C00537,2025-08-13,direct,P027,Urban Bottle 27,true,false,false,76,LOYALTY10,,
V007748,C00171,2025-07-16,paid_search,P006,Active Mat 06,false,false,false,93,,,
V007749,C00353,2025-02-04,organic_search,P029,Bright Organizer 29,true,false,false,67,,,
V007750,C00294,2025-03-21,email,P019,Urban Bottle 19,true,false,false,30,,,
V007751,C00580,2025-04-30,social,P011,Urban Bottle 11,true,false,false,49,LOYALTY10,,
V007752,C00121,2025-05-04,organic_search,P007,Calm Cream 07,true,false,false,61,,,
V007753,C00874,2025-09-07,email,P006,Active Mat 06,true,false,false,33,WELCOME5,,
V007754,C00295,2025-02-14,paid_search,P029,Bright Organizer 29,true,false,false,23,,,
V007755,C00866,2025-03-26,social,P024,Modern Serum 24,true,false,false,54,LOYALTY10,,
V007756,C00323,2025-06-08,email,P017,Daily Lamp 17,true,false,false,27,WEEKEND15,,
V007757,C00194,2025-03-11,organic_search,P025,Daily Lamp 25,true,false,true,130,,T001316,
V007758,C00655,2025-06-07,organic_search,P020,Essential Bag 20,true,false,false,25,,,
V007759,C00124,2025-01-04,email,P030,Active Mat 30,true,false,false,10,,,
V007760,C00255,2025-08-23,organic_search,P021,Bright Organizer 21,true,false,false,76,LOYALTY10,,
V007761,C00014,2025-10-13,paid_search,P005,Bright Organizer 05,true,false,false,27,,,
V007762,C00492,2025-09-25,social,P013,Bright Organizer 13,true,false,false,45,,,
V007763,C00812,2025-03-17,referral,P001,Daily Lamp 01,true,false,false,48,,,
V007764,C00463,2025-01-04,organic_search,P026,Pure Band 26,true,false,false,17,,,
V007765,C00337,2025-12-10,organic_search,P005,Bright Organizer 05,true,false,false,93,,,
V007766,C00795,2025-09-09,direct,P021,Bright Organizer 21,true,false,false,12,,,
V007767,C00296,2025-09-06,paid_search,P023,Calm Cream 23,true,false,false,60,,,
V007768,C00442,2025-05-10,social,P001,Daily Lamp 01,true,true,false,60,,,
V007769,C00035,2025-05-07,email,P017,Daily Lamp 17,true,false,false,49,WELCOME5,,
V007770,C00688,2025-11-29,organic_search,P022,Active Mat 22,true,false,false,110,,,
V007771,C00994,2025-06-07,direct,P030,Active Mat 30,true,false,false,70,,,
V007772,C00253,2025-02-16,paid_search,P024,Modern Serum 24,true,false,false,107,,,
V007773,C00814,2025-03-21,referral,P023,Calm Cream 23,true,false,false,18,,,
V007774,C00209,2025-04-18,email,P010,Pure Band 10,true,false,false,48,WEEKEND15,,
V007775,C00983,2025-07-12,organic_search,P022,Active Mat 22,true,false,false,78,,,
V007776,C00509,2025-05-13,referral,P019,Urban Bottle 19,true,false,false,65,,,
V007777,C00240,2025-05-29,organic_search,P026,Pure Band 26,true,false,false,13,,,
V007778,C00331,2025-10-01,social,P001,Daily Lamp 01,true,false,false,37,,,
V007779,C00400,2025-04-04,paid_search,P026,Pure Band 26,true,false,false,18,,,
V007780,C00673,2025-02-26,social,P016,Modern Serum 16,true,false,false,161,,,
V007781,C00886,2025-06-29,direct,P011,Urban Bottle 11,true,false,false,41,,,
V007782,C00806,2025-08-30,social,P020,Essential Bag 20,true,false,false,66,,,
V007783,C00741,2025-05-27,direct,P004,Essential Bag 04,false,false,false,43,,,
V007784,C00253,2025-03-27,paid_search,P010,Pure Band 10,true,false,false,53,,,
V007785,C00574,2025-08-16,social,P017,Daily Lamp 17,true,false,false,80,LOYALTY10,,
V007786,C00286,2025-11-16,direct,P015,Calm Cream 15,true,true,false,19,WEEKEND15,,
V007787,C00748,2025-12-30,social,P018,Pure Band 18,false,false,false,39,,,
V007788,C00456,2025-10-08,paid_search,P011,Urban Bottle 11,true,true,true,286,,T005200,
V007789,C00955,2025-06-14,direct,P022,Active Mat 22,true,false,false,252,,,
V007790,C00306,2025-03-11,organic_search,P022,Active Mat 22,true,false,false,54,,,
V007791,C00129,2025-11-15,organic_search,P018,Pure Band 18,false,false,false,26,WELCOME5,,
V007792,C00998,2025-04-24,paid_search,P024,Modern Serum 24,true,false,false,22,,,
V007793,C00022,2025-10-31,organic_search,P009,Daily Lamp 09,false,false,false,59,,,
V007794,C00113,2025-05-27,organic_search,P002,Pure Band 02,true,true,false,75,,,
V007795,C00430,2025-01-25,social,P016,Modern Serum 16,true,true,false,95,,,
V007796,C00595,2025-01-09,paid_search,P002,Pure Band 02,true,false,false,74,,,
V007797,C00925,2025-04-17,referral,P014,Active Mat 14,true,true,false,117,,,
V007798,C00263,2025-09-11,email,P010,Pure Band 10,true,true,false,17,,,
V007799,C00363,2025-08-20,organic_search,P028,Essential Bag 28,true,false,false,127,,,
V007800,C00475,2025-01-06,email,P008,Modern Serum 08,true,false,false,29,,,
V007801,C00802,2025-11-15,paid_search,P023,Calm Cream 23,true,false,false,40,,,
V007802,C00506,2025-10-30,organic_search,P004,Essential Bag 04,false,false,false,68,WEEKEND15,,
V007803,C00452,2025-02-03,paid_search,P028,Essential Bag 28,true,false,false,54,,,
V007804,C00415,2025-01-14,organic_search,P019,Urban Bottle 19,true,false,false,18,,,
V007805,C00314,2025-02-07,social,P026,Pure Band 26,true,false,false,42,,,
V007806,C00769,2025-02-11,email,P027,Urban Bottle 27,true,true,false,137,WELCOME5,,
V007807,C00212,2025-01-29,paid_search,P025,Daily Lamp 25,true,false,false,12,,,
V007808,C00735,2025-09-28,organic_search,P005,Bright Organizer 05,false,false,false,107,,,
V007809,C00990,2025-09-13,direct,P015,Calm Cream 15,true,false,false,64,LOYALTY10,,
V007810,C00525,2025-01-14,social,P023,Calm Cream 23,true,true,false,96,WEEKEND15,,
V007811,C00962,2025-05-22,email,P006,Active Mat 06,false,false,false,60,,,
V007812,C00728,2025-07-31,social,P001,Daily Lamp 01,false,false,false,67,,,
V007813,C00315,2025-04-30,social,P001,Daily Lamp 01,true,true,true,62,,T002291,
V007814,C00951,2025-10-24,paid_search,P010,Pure Band 10,true,false,false,51,WELCOME5,,
V007815,C00590,2025-09-09,social,P025,Daily Lamp 25,true,false,false,20,,,
V007816,C00992,2025-03-08,direct,P003,Urban Bottle 03,true,false,false,19,WEEKEND15,,
V007817,C00302,2025-01-30,organic_search,P006,Active Mat 06,true,false,false,52,,,
V007818,C00494,2025-08-14,paid_search,P026,Pure Band 26,true,false,false,122,WEEKEND15,,
V007819,C00411,2025-11-05,paid_search,P009,Daily Lamp 09,true,false,false,47,LOYALTY10,,
V007820,C00772,2025-05-05,organic_search,P009,Daily Lamp 09,true,false,false,90,,,
V007821,C00096,2025-06-11,social,P003,Urban Bottle 03,true,false,false,5,,,
V007822,C00428,2025-01-22,direct,P022,Active Mat 22,true,false,false,46,,,
V007823,C00454,2025-03-31,direct,P024,Modern Serum 24,true,false,false,17,,,
V007824,C00943,2025-02-22,referral,P030,Active Mat 30,true,false,false,23,,,
V007825,C00257,2025-11-26,social,P008,Modern Serum 08,true,false,false,19,LOYALTY10,,
V007826,C00701,2025-06-08,social,P021,Bright Organizer 21,true,false,false,55,,,
V007827,C00006,2025-09-25,paid_search,P001,Daily Lamp 01,true,false,false,59,,,
V007828,C00747,2025-11-17,social,P021,Bright Organizer 21,true,false,false,14,,,
V007829,C00868,2025-08-14,paid_search,P002,Pure Band 02,true,false,false,187,,,
V007830,C00035,2025-02-08,organic_search,P026,Pure Band 26,true,false,false,29,,,
V007831,C00986,2025-08-10,social,P030,Active Mat 30,true,false,false,23,,,
V007832,C00028,2025-01-04,direct,P014,Active Mat 14,true,false,false,19,,,
V007833,C00637,2025-06-05,paid_search,P012,Essential Bag 12,true,false,false,20,LOYALTY10,,
V007834,C00909,2025-08-29,organic_search,P007,Calm Cream 07,true,false,false,30,,,
V007835,C00032,2025-07-10,paid_search,P010,Pure Band 10,true,false,false,171,,,
V007836,C00678,2025-01-12,email,P017,Daily Lamp 17,true,false,false,17,,,
V007837,C00931,2025-07-13,direct,P025,Daily Lamp 25,true,false,false,96,LOYALTY10,,
V007838,C00405,2025-12-12,email,P007,Calm Cream 07,true,false,false,21,LOYALTY10,,
V007839,C00028,2025-10-25,organic_search,P026,Pure Band 26,true,false,true,235,,T005520,
V007840,C00349,2025-10-31,direct,P027,Urban Bottle 27,true,false,false,108,WEEKEND15,,
V007841,C00716,2025-07-07,organic_search,P013,Bright Organizer 13,true,false,false,62,,,
V007842,C00855,2025-06-27,paid_search,P026,Pure Band 26,true,false,false,38,,,
V007843,C00998,2025-06-24,organic_search,P024,Modern Serum 24,true,false,false,40,WEEKEND15,,
V007844,C00921,2025-12-15,organic_search,P021,Bright Organizer 21,true,false,false,22,,,
V007845,C00214,2025-07-13,referral,P010,Pure Band 10,true,false,false,32,,,
V007846,C00601,2025-08-27,paid_search,P027,Urban Bottle 27,true,false,false,64,LOYALTY10,,
V007847,C00498,2025-07-17,paid_search,P006,Active Mat 06,false,false,false,37,,,
V007848,C00916,2025-07-20,paid_search,P007,Calm Cream 07,true,false,false,73,WELCOME5,,
V007849,C00328,2025-12-12,organic_search,P020,Essential Bag 20,true,false,false,61,,,
V007850,C00959,2025-07-02,email,P018,Pure Band 18,true,false,true,43,WEEKEND15,T003493,
V007851,C00029,2025-07-27,direct,P016,Modern Serum 16,false,false,false,66,LOYALTY10,,
V007852,C00188,2025-06-15,organic_search,P011,Urban Bottle 11,true,false,false,35,,,
V007853,C00981,2025-06-10,social,P001,Daily Lamp 01,true,false,false,31,LOYALTY10,,
V007854,C00351,2025-01-25,social,P021,Bright Organizer 21,true,true,true,151,WELCOME5,T000465,
V007855,C00834,2025-11-01,paid_search,P009,Daily Lamp 09,true,false,false,28,,,
V007856,C00822,2025-01-07,organic_search,P016,Modern Serum 16,true,false,false,22,,,
V007857,C00813,2025-08-14,social,P021,Bright Organizer 21,true,false,false,35,WEEKEND15,,
V007858,C00509,2025-08-01,paid_search,P013,Bright Organizer 13,true,true,true,298,,T003993,
V007859,C00169,2025-07-12,paid_search,P005,Bright Organizer 05,true,false,false,36,WELCOME5,,
V007860,C00379,2025-01-24,organic_search,P016,Modern Serum 16,true,false,false,83,,,
V007861,C00102,2025-12-19,social,P028,Essential Bag 28,true,false,false,59,,,
V007862,C00725,2025-08-08,social,P015,Calm Cream 15,true,false,false,36,LOYALTY10,,
V007863,C00658,2025-05-15,organic_search,P004,Essential Bag 04,true,false,false,21,,,
V007864,C00435,2025-02-22,organic_search,P009,Daily Lamp 09,true,false,false,544,,,
V007865,C00990,2025-02-17,paid_search,P011,Urban Bottle 11,true,false,false,23,,,
V007866,C00577,2025-12-02,organic_search,P018,Pure Band 18,true,false,false,9,,,
V007867,C00261,2025-09-10,organic_search,P025,Daily Lamp 25,true,false,false,46,,,
V007868,C00372,2025-10-03,paid_search,P011,Urban Bottle 11,true,false,false,27,,,
V007869,C00345,2025-08-17,direct,P028,Essential Bag 28,true,true,false,31,,,
V007870,C00376,2025-06-12,social,P017,Daily Lamp 17,true,false,false,43,,,
V007871,C00358,2025-10-14,referral,P026,Pure Band 26,true,true,false,32,,,
V007872,C00624,2025-10-12,direct,P003,Urban Bottle 03,true,false,false,50,LOYALTY10,,
V007873,C00442,2025-06-07,paid_search,P020,Essential Bag 20,true,false,false,66,,,
V007874,C00608,2025-08-25,email,P013,Bright Organizer 13,true,false,false,57,,,
V007875,C00841,2025-07-11,email,P019,Urban Bottle 19,true,false,false,194,,,
V007876,C00788,2025-09-01,organic_search,P023,Calm Cream 23,true,true,false,28,,,
V007877,C00603,2025-09-29,email,P004,Essential Bag 04,false,false,false,139,WEEKEND15,,
V007878,C00190,2025-10-16,direct,P004,Essential Bag 04,true,false,false,41,,,
V007879,C00109,2025-12-27,organic_search,P030,Active Mat 30,true,true,false,91,,,
V007880,C00570,2025-01-31,paid_search,P026,Pure Band 26,true,false,false,35,WELCOME5,,
V007881,C00665,2025-05-10,paid_search,P016,Modern Serum 16,true,false,false,50,,,
V007882,C00772,2025-06-26,organic_search,P020,Essential Bag 20,true,false,false,38,LOYALTY10,,
V007883,C00943,2025-08-27,paid_search,P022,Active Mat 22,true,false,false,14,,,
V007884,C00435,2025-01-23,email,P025,Daily Lamp 25,true,false,false,46,,,
V007885,C00262,2025-08-29,email,P030,Active Mat 30,true,false,false,48,,,
V007886,C00850,2025-06-16,organic_search,P007,Calm Cream 07,true,false,false,115,,,
V007887,C00803,2025-11-23,email,P030,Active Mat 30,true,false,false,8,,,
V007888,C00287,2025-01-05,organic_search,P007,Calm Cream 07,true,true,false,137,,,
V007889,C00503,2025-01-09,paid_search,P011,Urban Bottle 11,true,false,false,99,,,
V007890,C00765,2025-08-28,social,P030,Active Mat 30,true,false,false,98,,,
V007891,C00775,2025-08-04,organic_search,P009,Daily Lamp 09,true,false,false,121,,,
V007892,C00800,2025-04-10,direct,P025,Daily Lamp 25,true,false,false,30,,,
V007893,C00273,2025-07-14,organic_search,P015,Calm Cream 15,true,false,false,83,,,
V007894,C00328,2025-11-22,direct,P001,Daily Lamp 01,false,false,false,98,,,
V007895,C00019,2025-03-08,paid_search,P010,Pure Band 10,true,false,false,42,,,
V007896,C00375,2025-06-28,organic_search,P010,Pure Band 10,true,false,false,119,,,
V007897,C00786,2025-08-27,paid_search,P020,Essential Bag 20,true,false,false,29,,,
V007898,C00478,2025-06-26,paid_search,P019,Urban Bottle 19,true,false,false,116,,,
V007899,C00074,2025-11-14,paid_search,P015,Calm Cream 15,true,false,false,307,,,
V007900,C00563,2025-03-03,email,P029,Bright Organizer 29,true,false,false,40,,,
V007901,C00322,2025-06-17,social,P013,Bright Organizer 13,true,false,false,65,,,
V007902,C00019,2025-01-16,organic_search,P028,Essential Bag 28,true,false,false,13,WEEKEND15,,
V007903,C00016,2025-04-27,social,P023,Calm Cream 23,true,true,false,74,LOYALTY10,,
V007904,C00603,2025-12-25,organic_search,P029,Bright Organizer 29,true,true,true,82,,T006497,
V007905,C00619,2025-01-15,social,P021,Bright Organizer 21,true,false,false,367,,,
V007906,C00678,2025-03-06,social,P011,Urban Bottle 11,true,true,true,273,,T001210,
V007907,C00519,2025-08-04,email,P019,Urban Bottle 19,true,true,false,227,,,
V007908,C00734,2025-06-02,email,P013,Bright Organizer 13,true,false,false,33,WEEKEND15,,
V007909,C00039,2025-12-29,organic_search,P024,Modern Serum 24,false,false,false,46,,,
V007910,C00043,2025-06-05,paid_search,P019,Urban Bottle 19,true,false,true,199,,T002987,
V007911,C00238,2025-06-28,organic_search,P001,Daily Lamp 01,false,false,false,107,,,
V007912,C00351,2025-02-13,organic_search,P017,Daily Lamp 17,true,false,false,47,,,
V007913,C00140,2025-11-25,email,P004,Essential Bag 04,false,false,false,83,WEEKEND15,,
V007914,C00372,2025-03-08,organic_search,P016,Modern Serum 16,true,false,true,57,,T001245,
V007915,C00916,2025-02-21,email,P019,Urban Bottle 19,true,false,false,35,LOYALTY10,,
V007916,C00499,2025-09-05,social,P014,Active Mat 14,true,false,false,347,,,
V007917,C00140,2025-05-08,social,P009,Daily Lamp 09,true,true,false,35,WELCOME5,,
V007918,C00215,2025-03-21,referral,P027,Urban Bottle 27,true,false,false,158,,,
V007919,C00364,2025-03-12,organic_search,P001,Daily Lamp 01,true,false,false,200,,,
V007920,C00474,2025-09-19,paid_search,P028,Essential Bag 28,true,false,false,27,,,
V007921,C00823,2025-10-05,social,P025,Daily Lamp 25,true,true,false,39,,,
V007922,C00261,2025-12-18,organic_search,P011,Urban Bottle 11,true,false,false,30,,,
V007923,C00963,2025-05-23,social,P029,Bright Organizer 29,true,false,false,53,,,
V007924,C00303,2025-10-24,social,P025,Daily Lamp 25,true,true,false,88,,,
V007925,C00214,2025-12-03,paid_search,P005,Bright Organizer 05,true,true,true,222,,T006132,
V007926,C00343,2025-02-26,paid_search,P005,Bright Organizer 05,true,false,false,57,,,
V007927,C00305,2025-05-29,referral,P012,Essential Bag 12,true,true,false,93,LOYALTY10,,
V007928,C00825,2025-07-02,paid_search,P007,Calm Cream 07,true,true,false,44,,,
V007929,C00781,2025-05-17,email,P006,Active Mat 06,true,false,false,212,,,
V007930,C00104,2025-12-16,organic_search,P006,Active Mat 06,false,false,false,57,,,
V007931,C00696,2025-11-03,email,P013,Bright Organizer 13,true,false,false,106,,,
V007932,C00947,2025-08-02,direct,P026,Pure Band 26,true,false,false,99,WEEKEND15,,
V007933,C00267,2025-04-10,organic_search,P002,Pure Band 02,true,false,false,113,,,
V007934,C00101,2025-06-07,paid_search,P018,Pure Band 18,true,true,false,43,WEEKEND15,,
V007935,C00651,2025-01-28,organic_search,P013,Bright Organizer 13,true,false,false,60,,,
V007936,C00059,2025-11-08,paid_search,P030,Active Mat 30,true,false,false,78,,,
V007937,C00897,2025-03-06,referral,P030,Active Mat 30,true,false,false,10,LOYALTY10,,
V007938,C00588,2025-03-11,organic_search,P011,Urban Bottle 11,true,false,false,73,,,
V007939,C00842,2025-07-21,organic_search,P029,Bright Organizer 29,true,false,false,57,LOYALTY10,,
V007940,C00819,2025-01-06,paid_search,P028,Essential Bag 28,true,false,false,48,WEEKEND15,,
V007941,C00695,2025-01-28,social,P005,Bright Organizer 05,true,false,false,18,,,
V007942,C00984,2025-04-19,paid_search,P020,Essential Bag 20,true,true,false,50,,,
V007943,C00313,2025-11-05,direct,P004,Essential Bag 04,true,false,false,40,WEEKEND15,,
V007944,C00548,2025-07-06,social,P027,Urban Bottle 27,true,false,false,81,,,
V007945,C00350,2025-09-28,email,P024,Modern Serum 24,false,false,false,19,,,
V007946,C00120,2025-06-08,email,P009,Daily Lamp 09,true,false,false,11,,,
V007947,C00784,2025-10-16,organic_search,P016,Modern Serum 16,false,false,false,64,WELCOME5,,
V007948,C00311,2025-11-08,email,P003,Urban Bottle 03,true,false,false,67,,,
V007949,C00880,2025-09-23,organic_search,P028,Essential Bag 28,true,true,false,17,WEEKEND15,,
V007950,C00015,2025-02-05,paid_search,P006,Active Mat 06,true,false,false,251,WEEKEND15,,
V007951,C00241,2025-07-04,organic_search,P006,Active Mat 06,true,false,false,42,,,
V007952,C00053,2025-05-11,organic_search,P017,Daily Lamp 17,true,true,false,127,,,
V007953,C00737,2025-05-15,social,P006,Active Mat 06,true,true,true,82,,T002565,
V007954,C00348,2025-02-27,paid_search,P016,Modern Serum 16,true,false,true,88,LOYALTY10,T001081,
V007955,C00921,2025-07-23,email,P006,Active Mat 06,false,false,false,38,,,
V007956,C00944,2025-01-04,referral,P025,Daily Lamp 25,true,false,false,118,,,
V007957,C00586,2025-08-22,social,P028,Essential Bag 28,true,false,false,40,,,
V007958,C00627,2025-10-31,social,P002,Pure Band 02,true,false,false,37,WELCOME5,,
V007959,C00769,2025-11-25,organic_search,P013,Bright Organizer 13,true,false,false,16,,,
V007960,C00874,2025-06-12,social,P025,Daily Lamp 25,true,false,false,136,,,
V007961,C00350,2025-02-11,paid_search,P001,Daily Lamp 01,true,true,false,95,WEEKEND15,,
V007962,C00249,2025-11-06,email,P007,Calm Cream 07,true,false,false,44,,,
V007963,C00334,2025-06-18,organic_search,P001,Daily Lamp 01,true,true,false,187,,,
V007964,C00876,2025-08-29,social,P026,Pure Band 26,true,true,false,97,,,
V007965,C00935,2025-01-24,email,P020,Essential Bag 20,true,false,false,19,,,
V007966,C00624,2025-04-01,organic_search,P026,Pure Band 26,true,true,true,594,LOYALTY10,T001738,
V007967,C00896,2025-06-10,direct,P016,Modern Serum 16,true,false,true,147,WELCOME5,T003063,
V007968,C00936,2025-03-03,social,P025,Daily Lamp 25,true,false,false,43,,,
V007969,C00605,2025-04-18,email,P020,Essential Bag 20,true,true,false,46,,,
V007970,C00928,2025-12-11,organic_search,P025,Daily Lamp 25,true,false,false,110,,,
V007971,C00734,2025-09-08,paid_search,P029,Bright Organizer 29,true,false,false,47,,,
V007972,C00755,2025-09-22,organic_search,P030,Active Mat 30,true,true,false,86,LOYALTY10,,
V007973,C00956,2025-06-02,paid_search,P019,Urban Bottle 19,true,false,false,45,,,
V007974,C00687,2025-11-22,social,P026,Pure Band 26,true,false,false,238,WELCOME5,,
V007975,C00080,2025-02-24,organic_search,P001,Daily Lamp 01,true,false,false,94,WEEKEND15,,
V007976,C00174,2025-08-01,organic_search,P006,Active Mat 06,true,false,false,34,,,
V007977,C00988,2025-11-09,organic_search,P004,Essential Bag 04,true,false,false,25,WEEKEND15,,
V007978,C00327,2025-12-23,paid_search,P016,Modern Serum 16,false,false,false,40,,,
V007979,C00440,2025-07-13,email,P006,Active Mat 06,true,false,false,44,,,
V007980,C00724,2025-07-19,social,P013,Bright Organizer 13,true,false,false,38,LOYALTY10,,
V007981,C00233,2025-09-24,organic_search,P028,Essential Bag 28,true,false,false,29,,,
V007982,C00864,2025-12-04,email,P025,Daily Lamp 25,true,false,false,46,,,
V007983,C00086,2025-08-09,referral,P002,Pure Band 02,true,false,true,105,,T004162,
V007984,C00236,2025-08-19,organic_search,P019,Urban Bottle 19,false,false,false,219,,,
V007985,C00792,2025-06-25,referral,P002,Pure Band 02,true,false,false,40,,,
V007986,C00095,2025-01-15,email,P012,Essential Bag 12,true,false,false,129,,,
V007987,C00935,2025-05-24,paid_search,P022,Active Mat 22,true,false,false,48,,,
V007988,C00495,2025-10-13,paid_search,P027,Urban Bottle 27,true,false,true,29,,T005304,
V007989,C00668,2025-01-19,organic_search,P020,Essential Bag 20,true,false,false,32,,,
V007990,C00583,2025-05-15,direct,P027,Urban Bottle 27,true,false,true,55,,T002543,
V007991,C00639,2025-06-30,organic_search,P006,Active Mat 06,false,false,false,67,,,
V007992,C00855,2025-09-07,email,P022,Active Mat 22,true,false,false,53,WEEKEND15,,
V007993,C00670,2025-12-28,direct,P012,Essential Bag 12,false,false,false,11,,,
V007994,C00978,2025-10-29,organic_search,P004,Essential Bag 04,false,false,false,106,LOYALTY10,,
V007995,C00461,2025-06-19,social,P029,Bright Organizer 29,true,true,true,49,WELCOME5,T003244,
V007996,C00237,2025-04-22,social,P020,Essential Bag 20,true,false,false,7,LOYALTY10,,
V007997,C00740,2025-05-15,direct,P010,Pure Band 10,true,false,true,72,LOYALTY10,T002547,
V007998,C00559,2025-02-04,direct,P028,Essential Bag 28,true,false,false,38,,,
V007999,C00382,2025-08-31,organic_search,P012,Essential Bag 12,false,false,false,76,WEEKEND15,,
V008000,C00361,2025-03-16,direct,P027,Urban Bottle 27,true,false,false,190,WELCOME5,,
V008001,C00873,2025-10-24,organic_search,P024,Modern Serum 24,true,false,false,45,WEEKEND15,,
V008002,C00733,2025-10-31,email,P006,Active Mat 06,false,false,false,24,WELCOME5,,
V008003,C00245,2025-10-09,direct,P030,Active Mat 30,true,false,false,27,,,
V008004,C00624,2025-06-12,organic_search,P015,Calm Cream 15,true,false,false,46,WELCOME5,,
V008005,C00831,2025-01-16,social,P006,Active Mat 06,true,false,false,64,,,
V008006,C00736,2025-10-06,email,P009,Daily Lamp 09,true,true,true,68,,T005175,
V008007,C00556,2025-06-06,social,P023,Calm Cream 23,true,false,false,32,,,
V008008,C00358,2025-03-05,email,P030,Active Mat 30,true,true,false,67,,,
V008009,C00980,2025-12-25,paid_search,P017,Daily Lamp 17,true,false,false,30,WELCOME5,,
V008010,C00185,2025-11-21,email,P022,Active Mat 22,true,false,false,17,,,
V008011,C00069,2025-02-02,direct,P029,Bright Organizer 29,true,false,false,44,,,
V008012,C00559,2025-09-27,social,P029,Bright Organizer 29,true,false,false,31,,,
V008013,C00340,2025-09-01,social,P001,Daily Lamp 01,true,false,false,93,,,
V008014,C00995,2025-10-17,paid_search,P019,Urban Bottle 19,true,false,false,47,,,
V008015,C00321,2025-10-15,organic_search,P006,Active Mat 06,true,true,true,94,WEEKEND15,T005334,
V008016,C00944,2025-09-22,organic_search,P006,Active Mat 06,true,true,true,110,,T004926,
V008017,C00152,2025-02-26,organic_search,P021,Bright Organizer 21,true,true,false,155,,,
V008018,C00782,2025-08-03,organic_search,P027,Urban Bottle 27,true,false,false,124,WEEKEND15,,
V008019,C00655,2025-10-07,paid_search,P024,Modern Serum 24,true,false,false,40,,,
V008020,C00373,2025-04-07,social,P017,Daily Lamp 17,true,false,false,37,,,
V008021,C00976,2025-07-10,social,P015,Calm Cream 15,true,false,false,89,,,
V008022,C00211,2025-03-02,direct,P028,Essential Bag 28,true,false,false,29,,,
V008023,C00138,2025-08-05,social,P022,Active Mat 22,true,false,true,178,,T004056,
V008024,C00997,2025-06-16,paid_search,P029,Bright Organizer 29,true,false,false,24,,,
V008025,C00274,2025-12-20,organic_search,P023,Calm Cream 23,true,true,false,132,,,
V008026,C00428,2025-09-18,referral,P003,Urban Bottle 03,true,false,false,49,,,
V008027,C00312,2025-04-09,direct,P018,Pure Band 18,true,true,false,81,,,
V008028,C00510,2025-08-31,email,P028,Essential Bag 28,true,true,true,230,,T004538,
V008029,C00971,2025-12-26,social,P004,Essential Bag 04,false,false,false,33,,,
V008030,C00326,2025-08-26,paid_search,P012,Essential Bag 12,false,false,false,193,,,
V008031,C00571,2025-04-04,organic_search,P015,Calm Cream 15,true,false,false,62,,,
V008032,C00685,2025-03-06,organic_search,P006,Active Mat 06,true,false,false,29,,,
V008033,C00913,2025-07-21,social,P024,Modern Serum 24,true,false,false,70,WELCOME5,,
V008034,C00727,2025-09-19,email,P003,Urban Bottle 03,true,false,false,25,,,
V008035,C00933,2025-12-19,direct,P002,Pure Band 02,true,false,false,14,,,
V008036,C00975,2025-12-08,organic_search,P026,Pure Band 26,true,false,false,68,,,
V008037,C00510,2025-05-31,social,P018,Pure Band 18,true,false,false,92,,,
V008038,C00066,2025-09-26,social,P025,Daily Lamp 25,true,false,false,105,,,
V008039,C00191,2025-08-31,email,P024,Modern Serum 24,true,true,true,615,,T004539,
V008040,C00104,2025-07-06,organic_search,P012,Essential Bag 12,true,false,false,25,,,
V008041,C00552,2025-04-01,organic_search,P015,Calm Cream 15,true,false,false,70,,,
V008042,C00758,2025-08-13,direct,P006,Active Mat 06,true,false,false,143,,,
V008043,C00666,2025-08-27,paid_search,P015,Calm Cream 15,true,false,false,95,,,
V008044,C00570,2025-05-16,paid_search,P006,Active Mat 06,true,true,false,23,WEEKEND15,,
V008045,C00623,2025-03-14,direct,P005,Bright Organizer 05,true,false,false,30,,,
V008046,C00063,2025-01-29,organic_search,P011,Urban Bottle 11,true,false,false,110,,,
V008047,C00308,2025-08-07,organic_search,P015,Calm Cream 15,true,false,false,16,,,
V008048,C00465,2025-03-26,referral,P008,Modern Serum 08,true,false,true,102,,T001633,
V008049,C00477,2025-04-28,organic_search,P030,Active Mat 30,true,true,false,63,,,
V008050,C00361,2025-08-10,social,P004,Essential Bag 04,true,false,false,64,LOYALTY10,,
V008051,C00981,2025-05-29,social,P007,Calm Cream 07,true,false,false,19,,,
V008052,C00046,2025-12-02,social,P008,Modern Serum 08,true,true,false,285,WELCOME5,,
V008053,C00119,2025-03-30,social,P019,Urban Bottle 19,true,false,false,28,LOYALTY10,,
V008054,C00705,2025-03-04,email,P014,Active Mat 14,true,false,true,133,,T001167,
V008055,C00678,2025-09-23,email,P020,Essential Bag 20,true,false,false,66,,,
V008056,C00444,2025-07-04,social,P016,Modern Serum 16,true,false,false,54,WEEKEND15,,
V008057,C00432,2025-09-09,social,P020,Essential Bag 20,true,false,true,14,,T004711,
V008058,C00978,2025-07-17,email,P002,Pure Band 02,true,true,false,34,,,
V008059,C00319,2025-08-12,organic_search,P023,Calm Cream 23,true,false,false,54,,,
V008060,C00399,2025-12-04,social,P010,Pure Band 10,true,false,false,125,,,
V008061,C00658,2025-06-20,referral,P029,Bright Organizer 29,true,false,false,66,,,
V008062,C00536,2025-09-11,paid_search,P010,Pure Band 10,true,false,true,40,,T004748,
V008063,C00380,2025-05-15,organic_search,P028,Essential Bag 28,true,false,false,69,,,
V008064,C00227,2025-08-10,social,P009,Daily Lamp 09,true,false,false,220,WELCOME5,,
V008065,C00538,2025-12-09,email,P025,Daily Lamp 25,true,false,false,77,,,
V008066,C00562,2025-05-24,direct,P008,Modern Serum 08,true,false,false,83,WELCOME5,,
V008067,C00529,2025-03-15,paid_search,P014,Active Mat 14,true,false,false,103,WELCOME5,,
V008068,C00578,2025-01-31,direct,P002,Pure Band 02,true,true,true,208,,T000587,
V008069,C00206,2025-04-17,organic_search,P016,Modern Serum 16,true,false,false,85,,,
V008070,C00798,2025-10-08,email,P014,Active Mat 14,true,false,false,22,WELCOME5,,
V008071,C00308,2025-12-10,direct,P023,Calm Cream 23,true,false,false,26,,,
V008072,C00314,2025-04-15,email,P029,Bright Organizer 29,true,false,false,16,,,
V008073,C00291,2025-12-27,social,P007,Calm Cream 07,true,false,false,67,,,
V008074,C00995,2025-12-25,organic_search,P011,Urban Bottle 11,false,false,false,306,WELCOME5,,
V008075,C00606,2025-02-23,social,P017,Daily Lamp 17,true,false,false,24,,,
V008076,C00781,2025-01-11,paid_search,P027,Urban Bottle 27,true,false,false,15,WEEKEND15,,
V008077,C00005,2025-11-02,organic_search,P030,Active Mat 30,true,false,false,10,,,
V008078,C00353,2025-04-15,social,P012,Essential Bag 12,true,false,false,125,,,
V008079,C00369,2025-02-26,organic_search,P009,Daily Lamp 09,true,false,false,53,,,
V008080,C00110,2025-03-11,paid_search,P010,Pure Band 10,true,false,false,42,,,
V008081,C00530,2025-02-03,organic_search,P001,Daily Lamp 01,true,false,false,49,,,
V008082,C00777,2025-10-14,direct,P012,Essential Bag 12,true,false,false,35,,,
V008083,C00647,2025-08-30,direct,P030,Active Mat 30,true,false,false,30,WEEKEND15,,
V008084,C00442,2025-05-03,organic_search,P007,Calm Cream 07,true,false,false,162,,,
V008085,C00745,2025-03-27,paid_search,P029,Bright Organizer 29,true,false,true,8,,T001638,
V008086,C00445,2025-08-12,social,P016,Modern Serum 16,true,false,false,82,WELCOME5,,
V008087,C00378,2025-11-09,direct,P025,Daily Lamp 25,true,true,false,66,,,
V008088,C00743,2025-02-10,organic_search,P020,Essential Bag 20,true,false,false,39,,,
V008089,C00526,2025-03-08,email,P019,Urban Bottle 19,true,false,false,24,,,
V008090,C00275,2025-02-07,direct,P007,Calm Cream 07,true,true,false,49,,,
V008091,C00550,2025-05-23,direct,P002,Pure Band 02,true,false,false,70,,,
V008092,C00622,2025-04-21,organic_search,P019,Urban Bottle 19,true,false,false,31,,,
V008093,C00431,2025-06-30,referral,P029,Bright Organizer 29,true,false,false,54,,,
V008094,C00846,2025-04-10,organic_search,P017,Daily Lamp 17,true,false,false,43,,,
V008095,C00903,2025-05-23,email,P003,Urban Bottle 03,true,false,false,20,,,
V008096,C00498,2025-07-21,email,P025,Daily Lamp 25,true,false,false,44,,,
V008097,C00192,2025-07-30,organic_search,P008,Modern Serum 08,true,false,false,44,WELCOME5,,
V008098,C00624,2025-03-19,social,P026,Pure Band 26,true,false,false,69,,,
V008099,C00448,2025-10-31,organic_search,P024,Modern Serum 24,true,true,false,181,,,
V008100,C00405,2025-03-25,paid_search,P018,Pure Band 18,true,false,false,57,,,
V008101,C00972,2025-10-23,email,P011,Urban Bottle 11,true,true,false,118,,,
V008102,C00380,2025-07-12,paid_search,P011,Urban Bottle 11,true,false,false,44,,,
V008103,C00469,2025-10-09,organic_search,P018,Pure Band 18,true,false,false,12,WELCOME5,,
V008104,C00287,2025-08-06,email,P001,Daily Lamp 01,true,false,false,140,LOYALTY10,,
V008105,C00267,2025-12-15,referral,P030,Active Mat 30,true,false,false,102,,,
V008106,C00977,2025-10-01,direct,P022,Active Mat 22,true,false,false,112,,,
V008107,C00203,2025-04-22,direct,P030,Active Mat 30,true,false,false,20,,,
V008108,C00949,2025-12-14,paid_search,P012,Essential Bag 12,true,false,false,34,,,
V008109,C00371,2025-07-29,organic_search,P012,Essential Bag 12,false,false,false,61,LOYALTY10,,
V008110,C00938,2025-06-02,paid_search,P011,Urban Bottle 11,true,false,false,11,,,
V008111,C00532,2025-07-23,organic_search,P023,Calm Cream 23,true,false,false,38,WELCOME5,,
V008112,C00236,2025-06-16,email,P007,Calm Cream 07,true,false,false,31,,,
V008113,C00048,2025-03-08,direct,P024,Modern Serum 24,true,false,false,46,WEEKEND15,,
V008114,C00272,2025-07-28,direct,P023,Calm Cream 23,false,false,false,63,,,
V008115,C00835,2025-05-15,social,P006,Active Mat 06,true,true,false,64,,,
V008116,C00901,2025-11-18,social,P020,Essential Bag 20,true,false,false,71,,,
V008117,C00582,2025-04-20,organic_search,P009,Daily Lamp 09,true,false,false,74,,,
V008118,C00778,2025-12-01,organic_search,P002,Pure Band 02,true,false,false,203,,,
V008119,C00987,2025-07-15,paid_search,P012,Essential Bag 12,true,false,false,11,,,
V008120,C00608,2025-08-20,organic_search,P015,Calm Cream 15,true,true,false,79,,,
V008121,C00845,2025-06-01,organic_search,P019,Urban Bottle 19,true,false,false,117,,,
V008122,C00366,2025-05-04,paid_search,P002,Pure Band 02,true,false,false,42,,,
V008123,C00727,2025-11-13,direct,P026,Pure Band 26,true,false,false,25,,,
V008124,C00179,2025-09-24,social,P018,Pure Band 18,true,false,false,32,,,
V008125,C00951,2025-08-07,organic_search,P004,Essential Bag 04,true,false,false,149,,,
V008126,C00452,2025-09-04,social,P006,Active Mat 06,true,false,false,336,,,
V008127,C00813,2025-08-11,social,P006,Active Mat 06,true,true,false,56,,,
V008128,C00167,2025-10-14,paid_search,P028,Essential Bag 28,true,false,false,169,LOYALTY10,,
V008129,C00362,2025-12-09,social,P004,Essential Bag 04,true,false,false,67,,,
V008130,C00132,2025-12-22,paid_search,P004,Essential Bag 04,false,false,false,45,,,
V008131,C00096,2025-07-20,social,P013,Bright Organizer 13,true,false,false,160,WELCOME5,,
V008132,C00798,2025-03-17,organic_search,P030,Active Mat 30,true,false,false,37,,,
V008133,C00488,2025-04-16,paid_search,P024,Modern Serum 24,true,false,false,27,,,
V008134,C00745,2025-01-22,paid_search,P011,Urban Bottle 11,true,false,false,17,WELCOME5,,
V008135,C00470,2025-11-23,organic_search,P020,Essential Bag 20,true,false,false,162,,,
V008136,C00743,2025-03-14,organic_search,P029,Bright Organizer 29,true,false,false,43,,,
V008137,C00330,2025-09-03,email,P003,Urban Bottle 03,true,false,false,73,,,
V008138,C00144,2025-05-30,social,P028,Essential Bag 28,true,true,true,48,,T002876,
V008139,C00913,2025-03-03,social,P015,Calm Cream 15,true,false,false,41,,,
V008140,C00569,2025-02-28,paid_search,P016,Modern Serum 16,true,true,false,54,,,
V008141,C00222,2025-05-23,email,P009,Daily Lamp 09,true,false,false,88,,,
V008142,C00844,2025-04-18,email,P025,Daily Lamp 25,true,false,false,59,,,
V008143,C00980,2025-04-14,paid_search,P019,Urban Bottle 19,true,true,false,11,WEEKEND15,,
V008144,C00925,2025-08-29,email,P026,Pure Band 26,true,false,false,47,WEEKEND15,,
V008145,C00502,2025-02-08,organic_search,P027,Urban Bottle 27,true,true,false,32,,,
V008146,C00858,2025-11-14,organic_search,P005,Bright Organizer 05,true,true,false,76,,,
V008147,C00238,2025-03-28,paid_search,P008,Modern Serum 08,true,true,true,207,WEEKEND15,T001673,
V008148,C00538,2025-08-18,paid_search,P001,Daily Lamp 01,false,false,false,23,,,
V008149,C00988,2025-12-09,social,P014,Active Mat 14,true,false,false,93,,,
V008150,C00095,2025-05-11,direct,P011,Urban Bottle 11,true,false,false,222,,,
V008151,C00513,2025-08-12,paid_search,P026,Pure Band 26,true,false,true,193,,T004220,
V008152,C00165,2025-08-24,organic_search,P025,Daily Lamp 25,true,false,false,116,,,
V008153,C00925,2025-12-13,organic_search,P028,Essential Bag 28,true,false,false,89,,,
V008154,C00751,2025-09-23,email,P025,Daily Lamp 25,true,false,false,72,,,
V008155,C00363,2025-04-06,email,P007,Calm Cream 07,true,true,false,34,,,
V008156,C00950,2025-08-22,direct,P003,Urban Bottle 03,true,true,true,24,,T004417,
V008157,C00855,2025-03-25,organic_search,P023,Calm Cream 23,true,false,false,43,,,
V008158,C00967,2025-09-08,referral,P029,Bright Organizer 29,true,true,false,70,,,
V008159,C00864,2025-03-06,organic_search,P004,Essential Bag 04,true,true,false,77,,,
V008160,C00373,2025-12-09,referral,P005,Bright Organizer 05,true,false,false,382,,,
V008161,C00064,2025-06-07,paid_search,P011,Urban Bottle 11,true,true,false,70,,,
V008162,C00508,2025-05-08,direct,P019,Urban Bottle 19,true,false,false,54,,,
V008163,C00804,2025-06-28,direct,P018,Pure Band 18,true,false,false,54,,,
V008164,C00586,2025-04-12,social,P001,Daily Lamp 01,true,false,false,34,,,
V008165,C00064,2025-08-07,organic_search,P018,Pure Band 18,true,false,false,88,,,
V008166,C00497,2025-10-26,organic_search,P002,Pure Band 02,true,false,false,13,,,
V008167,C00001,2025-01-03,referral,P011,Urban Bottle 11,true,false,false,11,,,
V008168,C00530,2025-10-30,referral,P011,Urban Bottle 11,false,false,false,5,,,
V008169,C00748,2025-01-08,paid_search,P024,Modern Serum 24,true,true,false,28,,,
V008170,C00049,2025-08-19,organic_search,P001,Daily Lamp 01,false,false,false,94,,,
V008171,C00524,2025-12-28,direct,P016,Modern Serum 16,false,false,false,19,,,
V008172,C00770,2025-04-06,paid_search,P017,Daily Lamp 17,true,true,true,47,,T001848,
V008173,C00732,2025-12-04,paid_search,P022,Active Mat 22,true,false,false,74,,,
V008174,C00153,2025-08-22,social,P020,Essential Bag 20,true,true,false,119,,,
V008175,C00134,2025-08-09,paid_search,P011,Urban Bottle 11,true,true,false,79,,,
V008176,C00518,2025-03-25,direct,P027,Urban Bottle 27,true,true,true,27,,T001618,
V008177,C00629,2025-05-13,organic_search,P025,Daily Lamp 25,true,false,false,85,,,
V008178,C00007,2025-04-04,organic_search,P005,Bright Organizer 05,true,true,false,7,,,
V008179,C00564,2025-11-07,paid_search,P016,Modern Serum 16,true,true,false,396,,,
V008180,C00255,2025-04-30,referral,P011,Urban Bottle 11,true,true,true,262,,T002293,
V008181,C00679,2025-06-11,email,P006,Active Mat 06,true,false,false,45,,,
V008182,C00679,2025-01-20,direct,P022,Active Mat 22,true,false,false,31,,,
V008183,C00071,2025-08-05,email,P021,Bright Organizer 21,true,true,false,145,,,
V008184,C00794,2025-07-31,paid_search,P004,Essential Bag 04,false,false,false,80,,,
V008185,C00296,2025-12-21,referral,P020,Essential Bag 20,true,false,false,51,WELCOME5,,
V008186,C00595,2025-08-09,email,P003,Urban Bottle 03,true,false,false,55,,,
V008187,C00380,2025-04-02,organic_search,P005,Bright Organizer 05,true,false,false,118,,,
V008188,C00981,2025-10-25,direct,P005,Bright Organizer 05,true,true,false,230,,,
V008189,C00895,2025-07-27,organic_search,P015,Calm Cream 15,true,true,false,56,,,
V008190,C00077,2025-10-11,organic_search,P002,Pure Band 02,true,false,false,31,,,
V008191,C00986,2025-05-19,paid_search,P002,Pure Band 02,true,false,false,15,WEEKEND15,,
V008192,C00223,2025-11-25,organic_search,P019,Urban Bottle 19,false,false,false,32,,,
V008193,C00537,2025-02-07,direct,P015,Calm Cream 15,true,false,false,25,,,
V008194,C00749,2025-09-23,direct,P002,Pure Band 02,true,false,false,61,WELCOME5,,
V008195,C00850,2025-03-19,social,P013,Bright Organizer 13,true,false,false,115,,,
V008196,C00788,2025-02-04,organic_search,P020,Essential Bag 20,true,false,false,106,,,
V008197,C00461,2025-08-31,email,P004,Essential Bag 04,false,false,false,61,,,
V008198,C00323,2025-06-23,social,P025,Daily Lamp 25,true,false,false,36,,,
V008199,C00051,2025-01-03,social,P018,Pure Band 18,true,false,false,75,,,
V008200,C00843,2025-12-19,paid_search,P027,Urban Bottle 27,true,false,false,25,WELCOME5,,
V008201,C00191,2025-11-23,referral,P001,Daily Lamp 01,false,false,false,60,,,
V008202,C00991,2025-12-26,social,P027,Urban Bottle 27,true,false,false,68,,,
V008203,C00806,2025-06-09,direct,P008,Modern Serum 08,true,false,false,98,,,
V008204,C00599,2025-08-23,paid_search,P025,Daily Lamp 25,true,false,false,39,,,
V008205,C00942,2025-06-04,email,P012,Essential Bag 12,true,false,false,56,,,
V008206,C00842,2025-03-10,email,P025,Daily Lamp 25,true,false,false,34,,,
V008207,C00524,2025-02-06,direct,P013,Bright Organizer 13,true,false,false,69,LOYALTY10,,
V008208,C00705,2025-05-27,referral,P002,Pure Band 02,true,false,false,13,,,
V008209,C00124,2025-07-13,organic_search,P027,Urban Bottle 27,true,false,false,127,LOYALTY10,,
V008210,C00641,2025-04-19,paid_search,P015,Calm Cream 15,true,false,false,27,,,
V008211,C00467,2025-12-23,organic_search,P022,Active Mat 22,true,false,false,77,WEEKEND15,,
V008212,C00837,2025-11-11,email,P002,Pure Band 02,true,true,false,64,,,
V008213,C00589,2025-02-16,social,P023,Calm Cream 23,true,false,false,32,WELCOME5,,
V008214,C00540,2025-03-16,paid_search,P026,Pure Band 26,true,true,false,52,,,
V008215,C00831,2025-10-17,referral,P004,Essential Bag 04,true,true,false,35,LOYALTY10,,
V008216,C00339,2025-08-25,social,P030,Active Mat 30,true,false,false,52,,,
V008217,C00430,2025-08-03,social,P023,Calm Cream 23,true,false,false,128,,,
V008218,C00166,2025-08-16,organic_search,P019,Urban Bottle 19,true,false,false,651,,,
V008219,C00820,2025-02-10,paid_search,P001,Daily Lamp 01,true,false,false,111,,,
V008220,C00078,2025-06-12,organic_search,P014,Active Mat 14,true,false,true,220,WELCOME5,T003099,
V008221,C00156,2025-12-06,direct,P013,Bright Organizer 13,true,false,false,26,,,
V008222,C00152,2025-01-18,paid_search,P019,Urban Bottle 19,true,false,false,28,,,
V008223,C00519,2025-01-30,email,P015,Calm Cream 15,true,true,false,51,,,
V008224,C00629,2025-11-23,organic_search,P001,Daily Lamp 01,false,false,false,124,WELCOME5,,
V008225,C00593,2025-09-27,direct,P010,Pure Band 10,true,false,false,73,,,
V008226,C00726,2025-04-06,paid_search,P011,Urban Bottle 11,true,false,false,26,,,
V008227,C00200,2025-07-21,email,P007,Calm Cream 07,true,true,false,396,,,
V008228,C00962,2025-08-26,direct,P016,Modern Serum 16,false,false,false,20,,,
V008229,C00773,2025-05-20,social,P010,Pure Band 10,true,false,false,29,,,
V008230,C00460,2025-05-31,social,P016,Modern Serum 16,true,false,false,41,,,
V008231,C00494,2025-08-01,email,P017,Daily Lamp 17,true,false,false,63,,,
V008232,C00221,2025-10-29,email,P004,Essential Bag 04,false,false,false,289,WEEKEND15,,
V008233,C00713,2025-06-05,organic_search,P028,Essential Bag 28,true,false,false,113,,,
V008234,C00359,2025-02-20,paid_search,P002,Pure Band 02,true,false,false,102,,,
V008235,C00089,2025-02-04,email,P001,Daily Lamp 01,true,false,false,62,WELCOME5,,
V008236,C00835,2025-01-18,organic_search,P027,Urban Bottle 27,true,false,false,42,LOYALTY10,,
V008237,C00123,2025-09-16,organic_search,P013,Bright Organizer 13,true,false,false,63,WEEKEND15,,
V008238,C00628,2025-08-30,social,P017,Daily Lamp 17,true,false,false,82,,,
V008239,C00897,2025-03-04,social,P008,Modern Serum 08,true,false,false,12,,,
V008240,C00965,2025-02-12,referral,P025,Daily Lamp 25,true,false,false,109,WELCOME5,,
V008241,C00723,2025-04-28,paid_search,P006,Active Mat 06,false,false,false,70,,,
V008242,C00554,2025-01-19,email,P003,Urban Bottle 03,true,false,false,36,,,
V008243,C00449,2025-05-22,social,P018,Pure Band 18,true,false,false,127,,,
V008244,C00523,2025-09-23,direct,P015,Calm Cream 15,true,true,false,104,,,
V008245,C00627,2025-11-04,paid_search,P010,Pure Band 10,true,false,false,19,,,
V008246,C00540,2025-02-11,paid_search,P009,Daily Lamp 09,true,false,false,23,,,
V008247,C00186,2025-02-19,paid_search,P007,Calm Cream 07,true,false,false,134,WELCOME5,,
V008248,C00424,2025-03-15,organic_search,P008,Modern Serum 08,true,false,false,37,WELCOME5,,
V008249,C00104,2025-02-11,paid_search,P017,Daily Lamp 17,true,false,false,9,,,
V008250,C00090,2025-03-11,referral,P001,Daily Lamp 01,true,false,false,90,,,
V008251,C00364,2025-03-07,direct,P003,Urban Bottle 03,true,false,false,78,,,
V008252,C00284,2025-08-31,organic_search,P024,Modern Serum 24,true,false,false,17,WEEKEND15,,
V008253,C00388,2025-01-27,paid_search,P026,Pure Band 26,true,false,false,38,,,
V008254,C00788,2025-06-11,paid_search,P022,Active Mat 22,true,true,false,46,,,
V008255,C00153,2025-04-27,paid_search,P016,Modern Serum 16,true,false,false,166,,,
V008256,C00697,2025-02-26,paid_search,P026,Pure Band 26,true,false,false,20,,,
V008257,C00885,2025-03-16,email,P024,Modern Serum 24,true,true,false,132,,,
V008258,C00650,2025-04-11,organic_search,P016,Modern Serum 16,true,false,true,145,,T001954,
V008259,C00681,2025-07-10,paid_search,P003,Urban Bottle 03,true,true,false,67,,,
V008260,C00378,2025-02-16,referral,P029,Bright Organizer 29,true,false,false,95,LOYALTY10,,
V008261,C00104,2025-01-03,social,P019,Urban Bottle 19,true,false,false,41,,,
V008262,C00717,2025-12-30,social,P003,Urban Bottle 03,true,false,false,28,WELCOME5,,
V008263,C00288,2025-05-22,direct,P012,Essential Bag 12,true,false,false,40,,,
V008264,C00545,2025-05-17,direct,P011,Urban Bottle 11,true,false,false,22,,,
V008265,C00154,2025-10-18,email,P006,Active Mat 06,false,false,false,11,,,
V008266,C00032,2025-04-28,social,P016,Modern Serum 16,true,false,true,50,,T002248,
V008267,C00146,2025-05-27,referral,P004,Essential Bag 04,false,false,false,225,,,
V008268,C00767,2025-05-17,direct,P029,Bright Organizer 29,true,false,false,129,,,
V008269,C00718,2025-08-27,social,P008,Modern Serum 08,true,false,false,186,,,
V008270,C00402,2025-06-14,referral,P030,Active Mat 30,true,false,false,57,WELCOME5,,
V008271,C00802,2025-03-03,organic_search,P017,Daily Lamp 17,true,true,false,159,,,
V008272,C00034,2025-08-15,direct,P022,Active Mat 22,true,true,false,56,,,
V008273,C00907,2025-11-04,organic_search,P004,Essential Bag 04,true,false,false,31,,,
V008274,C00836,2025-02-06,organic_search,P006,Active Mat 06,true,false,false,36,,,
V008275,C00741,2025-02-10,direct,P017,Daily Lamp 17,true,false,false,89,WELCOME5,,
V008276,C00462,2025-09-08,organic_search,P018,Pure Band 18,true,false,false,54,LOYALTY10,,
V008277,C00188,2025-10-16,email,P004,Essential Bag 04,true,false,false,40,,,
V008278,C00889,2025-11-10,social,P006,Active Mat 06,true,false,false,90,,,
V008279,C00361,2025-10-31,organic_search,P012,Essential Bag 12,false,false,false,43,,,
V008280,C00600,2025-01-21,social,P016,Modern Serum 16,true,false,false,16,,,
V008281,C00349,2025-02-24,paid_search,P027,Urban Bottle 27,true,false,false,51,,,
V008282,C00830,2025-02-09,organic_search,P003,Urban Bottle 03,true,false,false,87,WEEKEND15,,
V008283,C00353,2025-05-16,organic_search,P016,Modern Serum 16,true,false,false,169,,,
V008284,C00011,2025-06-26,organic_search,P006,Active Mat 06,false,false,false,19,LOYALTY10,,
V008285,C00128,2025-10-25,referral,P003,Urban Bottle 03,true,false,false,19,,,
V008286,C00545,2025-08-02,social,P004,Essential Bag 04,true,false,false,62,,,
V008287,C00028,2025-12-08,direct,P003,Urban Bottle 03,true,false,false,156,,,
V008288,C00990,2025-06-24,social,P001,Daily Lamp 01,false,false,false,125,,,
V008289,C00171,2025-08-26,email,P030,Active Mat 30,true,false,false,28,WEEKEND15,,
V008290,C00252,2025-01-11,organic_search,P026,Pure Band 26,true,false,false,55,,,
V008291,C00888,2025-05-14,organic_search,P017,Daily Lamp 17,true,false,false,87,WEEKEND15,,
V008292,C00808,2025-08-13,social,P009,Daily Lamp 09,true,false,false,32,,,
V008293,C00814,2025-06-06,paid_search,P008,Modern Serum 08,true,false,false,150,,,
V008294,C00980,2025-06-12,email,P019,Urban Bottle 19,true,false,false,14,,,
V008295,C00803,2025-03-27,referral,P026,Pure Band 26,true,false,true,50,,T001647,
V008296,C00899,2025-08-24,organic_search,P001,Daily Lamp 01,false,false,false,236,,,
V008297,C00756,2025-12-12,email,P026,Pure Band 26,false,false,false,66,,,
V008298,C00447,2025-01-22,organic_search,P015,Calm Cream 15,true,false,false,95,LOYALTY10,,
V008299,C00121,2025-03-01,paid_search,P006,Active Mat 06,true,false,false,12,,,
V008300,C00141,2025-06-29,social,P011,Urban Bottle 11,true,false,false,133,,,
V008301,C00388,2025-06-19,paid_search,P008,Modern Serum 08,true,false,false,63,,,
V008302,C00122,2025-07-12,paid_search,P009,Daily Lamp 09,true,false,false,41,,,
V008303,C00802,2025-02-25,organic_search,P006,Active Mat 06,true,false,false,21,,,
V008304,C00426,2025-07-04,organic_search,P024,Modern Serum 24,true,true,false,46,,,
V008305,C00879,2025-02-11,paid_search,P001,Daily Lamp 01,true,true,false,221,WEEKEND15,,
V008306,C00193,2025-04-09,direct,P009,Daily Lamp 09,true,false,false,56,,,
V008307,C00628,2025-06-28,email,P013,Bright Organizer 13,true,false,false,85,,,
V008308,C00678,2025-06-26,paid_search,P026,Pure Band 26,true,false,false,104,,,
V008309,C00156,2025-04-10,email,P012,Essential Bag 12,true,false,false,185,WEEKEND15,,
V008310,C00239,2025-02-06,direct,P010,Pure Band 10,true,false,false,111,,,
V008311,C00073,2025-04-16,paid_search,P028,Essential Bag 28,true,false,false,51,,,
V008312,C00837,2025-11-29,direct,P006,Active Mat 06,false,false,false,85,,,
V008313,C00911,2025-05-03,social,P019,Urban Bottle 19,true,false,false,56,,,
V008314,C00729,2025-06-15,email,P009,Daily Lamp 09,true,false,false,44,,,
V008315,C00637,2025-01-25,direct,P022,Active Mat 22,true,false,false,18,,,
V008316,C00045,2025-05-24,social,P017,Daily Lamp 17,true,false,false,133,WELCOME5,,
V008317,C00403,2025-11-10,organic_search,P012,Essential Bag 12,true,false,false,34,,,
V008318,C00909,2025-05-13,social,P028,Essential Bag 28,true,true,false,88,,,
V008319,C00688,2025-07-12,email,P030,Active Mat 30,true,false,false,33,,,
V008320,C00619,2025-09-15,direct,P017,Daily Lamp 17,true,false,false,238,,,
V008321,C00022,2025-03-28,referral,P011,Urban Bottle 11,true,true,false,57,,,
V008322,C00749,2025-07-20,direct,P013,Bright Organizer 13,true,false,false,80,,,
V008323,C00963,2025-12-29,organic_search,P013,Bright Organizer 13,true,false,false,89,WEEKEND15,,
V008324,C00558,2025-10-29,paid_search,P012,Essential Bag 12,false,false,false,56,WELCOME5,,
V008325,C00222,2025-05-29,direct,P025,Daily Lamp 25,true,false,false,43,WELCOME5,,
V008326,C00309,2025-04-05,social,P012,Essential Bag 12,true,false,false,77,WEEKEND15,,
V008327,C00502,2025-08-22,paid_search,P011,Urban Bottle 11,true,true,false,73,,,
V008328,C00987,2025-03-31,social,P001,Daily Lamp 01,true,false,false,78,LOYALTY10,,
V008329,C00464,2025-02-14,paid_search,P030,Active Mat 30,true,false,false,21,,,
V008330,C00207,2025-05-19,social,P011,Urban Bottle 11,true,false,false,89,,,
V008331,C00829,2025-02-13,email,P030,Active Mat 30,true,true,false,29,WEEKEND15,,
V008332,C00842,2025-06-19,paid_search,P026,Pure Band 26,true,false,false,19,,,
V008333,C00873,2025-01-26,organic_search,P004,Essential Bag 04,true,false,false,43,,,
V008334,C00455,2025-03-05,organic_search,P010,Pure Band 10,true,true,false,56,,,
V008335,C00318,2025-05-10,email,P005,Bright Organizer 05,true,false,false,104,,,
V008336,C00914,2025-08-31,social,P012,Essential Bag 12,false,false,false,34,,,
V008337,C00461,2025-11-30,organic_search,P016,Modern Serum 16,false,false,false,121,,,
V008338,C00836,2025-02-09,paid_search,P026,Pure Band 26,true,false,false,5,LOYALTY10,,
V008339,C00964,2025-10-28,organic_search,P023,Calm Cream 23,true,false,false,42,,,
V008340,C00701,2025-08-03,organic_search,P027,Urban Bottle 27,true,true,false,74,,,
V008341,C00714,2025-07-25,paid_search,P009,Daily Lamp 09,true,false,false,20,LOYALTY10,,
V008342,C00041,2025-09-05,organic_search,P018,Pure Band 18,true,false,false,44,WELCOME5,,
V008343,C00539,2025-04-13,paid_search,P010,Pure Band 10,true,false,false,25,,,
V008344,C00301,2025-01-31,paid_search,P026,Pure Band 26,true,false,false,45,,,
V008345,C00628,2025-11-12,social,P025,Daily Lamp 25,true,true,false,131,WELCOME5,,
V008346,C00816,2025-09-22,direct,P016,Modern Serum 16,false,false,false,34,,,
V008347,C00258,2025-07-28,paid_search,P027,Urban Bottle 27,true,true,false,73,WEEKEND15,,
V008348,C00073,2025-08-11,paid_search,P017,Daily Lamp 17,true,true,false,78,,,
V008349,C00574,2025-08-15,organic_search,P023,Calm Cream 23,true,false,false,133,,,
V008350,C00503,2025-08-07,organic_search,P004,Essential Bag 04,true,false,true,93,WEEKEND15,T004110,
V008351,C00162,2025-04-08,organic_search,P028,Essential Bag 28,true,true,false,72,,,
V008352,C00612,2025-04-27,organic_search,P009,Daily Lamp 09,true,false,false,52,,,
V008353,C00556,2025-12-03,organic_search,P029,Bright Organizer 29,true,false,false,36,,,
V008354,C00981,2025-08-04,email,P030,Active Mat 30,true,false,false,27,,,
V008355,C00322,2025-07-13,organic_search,P024,Modern Serum 24,true,false,false,19,,,
V008356,C00572,2025-06-09,organic_search,P025,Daily Lamp 25,true,false,false,61,,,
V008357,C00628,2025-08-15,organic_search,P029,Bright Organizer 29,true,false,false,172,LOYALTY10,,
V008358,C00976,2025-08-21,organic_search,P006,Active Mat 06,false,false,false,12,,,
V008359,C00776,2025-12-06,organic_search,P013,Bright Organizer 13,true,false,false,62,,,
V008360,C00896,2025-07-02,organic_search,P026,Pure Band 26,true,false,false,349,,,
V008361,C00377,2025-01-15,organic_search,P019,Urban Bottle 19,true,false,false,11,LOYALTY10,,
V008362,C00932,2025-12-22,paid_search,P018,Pure Band 18,true,false,false,6,WEEKEND15,,
V008363,C00688,2025-03-21,direct,P018,Pure Band 18,true,false,false,8,,,
V008364,C00240,2025-07-11,organic_search,P023,Calm Cream 23,true,true,false,77,,,
V008365,C00133,2025-05-30,organic_search,P004,Essential Bag 04,false,false,false,82,,,
V008366,C00892,2025-03-30,social,P007,Calm Cream 07,true,false,false,41,,,
V008367,C00005,2025-12-04,social,P026,Pure Band 26,true,false,false,15,,,
V008368,C00630,2025-08-09,direct,P002,Pure Band 02,true,false,false,48,,,
V008369,C00827,2025-01-20,social,P019,Urban Bottle 19,true,false,false,123,WELCOME5,,
V008370,C00612,2025-11-06,organic_search,P014,Active Mat 14,true,false,false,16,,,
V008371,C00727,2025-06-18,referral,P020,Essential Bag 20,true,true,false,67,LOYALTY10,,
V008372,C00481,2025-02-07,social,P007,Calm Cream 07,true,false,false,138,WEEKEND15,,
V008373,C00883,2025-10-01,organic_search,P020,Essential Bag 20,true,false,true,201,LOYALTY10,T005070,
V008374,C00394,2025-11-14,paid_search,P021,Bright Organizer 21,true,false,false,24,,,
V008375,C00809,2025-02-12,paid_search,P019,Urban Bottle 19,true,false,false,22,WEEKEND15,,
V008376,C00506,2025-07-08,paid_search,P007,Calm Cream 07,true,false,false,44,,,
V008377,C00238,2025-04-30,direct,P025,Daily Lamp 25,true,false,false,18,,,
V008378,C00024,2025-09-07,email,P018,Pure Band 18,true,false,false,88,WELCOME5,,
V008379,C00144,2025-07-10,organic_search,P012,Essential Bag 12,true,true,false,27,,,
V008380,C00509,2025-11-05,paid_search,P010,Pure Band 10,true,true,false,168,WEEKEND15,,
V008381,C00822,2025-02-04,email,P006,Active Mat 06,true,false,false,55,,,
V008382,C00410,2025-12-06,organic_search,P005,Bright Organizer 05,true,false,true,150,,T006197,
V008383,C00708,2025-10-16,organic_search,P002,Pure Band 02,true,false,false,45,,,
V008384,C00955,2025-02-20,direct,P028,Essential Bag 28,true,false,false,49,,,
V008385,C00308,2025-04-13,organic_search,P014,Active Mat 14,true,false,false,26,,,
V008386,C00031,2025-05-22,direct,P019,Urban Bottle 19,true,false,false,19,,,
V008387,C00563,2025-07-04,organic_search,P027,Urban Bottle 27,true,false,false,67,,,
V008388,C00514,2025-04-10,email,P013,Bright Organizer 13,true,true,false,79,,,
V008389,C00721,2025-05-16,social,P016,Modern Serum 16,true,false,false,28,WELCOME5,,
V008390,C00507,2025-02-13,social,P024,Modern Serum 24,true,false,false,71,,,
V008391,C00730,2025-01-28,social,P016,Modern Serum 16,true,false,false,83,,,
V008392,C00198,2025-01-03,email,P006,Active Mat 06,true,false,false,16,WELCOME5,,
V008393,C00609,2025-11-30,direct,P024,Modern Serum 24,false,false,false,24,,,
V008394,C00193,2025-06-07,direct,P003,Urban Bottle 03,true,false,false,8,,,
V008395,C00088,2025-09-07,organic_search,P009,Daily Lamp 09,true,true,false,117,,,
V008396,C00828,2025-11-20,organic_search,P015,Calm Cream 15,true,false,false,8,,,
V008397,C00878,2025-02-14,paid_search,P004,Essential Bag 04,true,false,false,73,,,
V008398,C00144,2025-02-28,social,P012,Essential Bag 12,true,false,false,51,LOYALTY10,,
V008399,C00272,2025-04-05,organic_search,P006,Active Mat 06,true,false,false,27,,,
V008400,C00937,2025-06-21,paid_search,P005,Bright Organizer 05,true,true,true,56,,T003269,
V008401,C00498,2025-01-14,social,P018,Pure Band 18,true,false,false,50,,,
V008402,C00040,2025-04-04,direct,P024,Modern Serum 24,true,false,false,14,,,
V008403,C00208,2025-01-26,direct,P021,Bright Organizer 21,true,true,false,106,,,
V008404,C00130,2025-02-24,direct,P025,Daily Lamp 25,true,false,false,151,WELCOME5,,
V008405,C00892,2025-04-27,paid_search,P028,Essential Bag 28,true,false,false,31,,,
V008406,C00178,2025-03-06,organic_search,P008,Modern Serum 08,true,false,false,31,,,
V008407,C00251,2025-11-07,paid_search,P020,Essential Bag 20,true,false,false,10,,,
V008408,C00225,2025-12-22,organic_search,P001,Daily Lamp 01,true,false,false,42,WELCOME5,,
V008409,C00615,2025-03-15,paid_search,P019,Urban Bottle 19,true,false,false,40,,,
V008410,C00082,2025-03-06,email,P028,Essential Bag 28,true,false,false,66,,,
V008411,C00355,2025-10-11,social,P025,Daily Lamp 25,true,false,false,11,,,
V008412,C00407,2025-01-31,direct,P012,Essential Bag 12,true,false,false,202,LOYALTY10,,
V008413,C00625,2025-11-24,paid_search,P019,Urban Bottle 19,false,false,false,43,WEEKEND15,,
V008414,C00224,2025-06-17,paid_search,P005,Bright Organizer 05,true,false,true,57,,T003208,
V008415,C00657,2025-09-21,organic_search,P024,Modern Serum 24,true,false,false,46,,,
V008416,C00595,2025-08-13,organic_search,P028,Essential Bag 28,true,true,false,272,WELCOME5,,
V008417,C00813,2025-01-30,social,P009,Daily Lamp 09,true,false,false,31,,,
V008418,C00923,2025-04-02,social,P013,Bright Organizer 13,true,false,false,122,,,
V008419,C00234,2025-02-27,direct,P024,Modern Serum 24,true,false,false,39,,,
V008420,C00794,2025-03-27,organic_search,P006,Active Mat 06,true,true,false,108,,,
V008421,C00519,2025-03-01,organic_search,P026,Pure Band 26,true,false,false,25,,,
V008422,C00716,2025-09-01,direct,P016,Modern Serum 16,true,false,false,109,,,
V008423,C00094,2025-08-04,paid_search,P025,Daily Lamp 25,true,false,false,39,,,
V008424,C00661,2025-11-29,referral,P006,Active Mat 06,false,false,false,19,LOYALTY10,,
V008425,C00886,2025-01-30,paid_search,P017,Daily Lamp 17,true,true,false,70,,,
V008426,C00905,2025-01-07,social,P018,Pure Band 18,true,true,true,36,,T000129,
V008427,C00259,2025-01-18,organic_search,P001,Daily Lamp 01,true,false,false,42,LOYALTY10,,
V008428,C00653,2025-01-03,email,P007,Calm Cream 07,true,false,false,71,,,
V008429,C00707,2025-01-01,organic_search,P019,Urban Bottle 19,true,false,false,72,,,
V008430,C00043,2025-01-08,direct,P008,Modern Serum 08,true,false,false,17,,,
V008431,C00621,2025-08-13,organic_search,P001,Daily Lamp 01,true,true,false,51,,,
V008432,C00522,2025-06-20,social,P019,Urban Bottle 19,true,false,false,52,,,
V008433,C00734,2025-06-10,referral,P008,Modern Serum 08,true,false,false,33,,,
V008434,C00531,2025-08-03,organic_search,P001,Daily Lamp 01,true,false,false,110,WEEKEND15,,
V008435,C00650,2025-07-08,referral,P021,Bright Organizer 21,true,true,false,192,,,
V008436,C00732,2025-06-21,organic_search,P006,Active Mat 06,true,false,false,25,,,
V008437,C00107,2025-10-25,social,P015,Calm Cream 15,true,false,false,90,,,
V008438,C00392,2025-08-03,organic_search,P025,Daily Lamp 25,true,false,false,36,,,
V008439,C00206,2025-09-25,referral,P004,Essential Bag 04,false,false,false,129,,,
V008440,C00913,2025-09-28,email,P030,Active Mat 30,true,false,true,45,,T005012,
V008441,C00319,2025-10-21,social,P024,Modern Serum 24,true,false,false,24,WEEKEND15,,
V008442,C00541,2025-05-15,direct,P024,Modern Serum 24,true,false,false,68,,,
V008443,C00656,2025-11-13,paid_search,P017,Daily Lamp 17,true,true,false,99,,,
V008444,C00093,2025-06-08,paid_search,P008,Modern Serum 08,true,false,false,38,WEEKEND15,,
V008445,C00609,2025-07-21,social,P010,Pure Band 10,true,false,false,11,,,
V008446,C00011,2025-12-22,direct,P009,Daily Lamp 09,true,false,false,29,,,
V008447,C00099,2025-05-24,organic_search,P004,Essential Bag 04,false,false,false,57,WELCOME5,,
V008448,C00843,2025-01-31,email,P001,Daily Lamp 01,true,false,false,161,LOYALTY10,,
V008449,C00353,2025-12-16,paid_search,P010,Pure Band 10,true,true,false,15,,,
V008450,C00588,2025-04-16,direct,P029,Bright Organizer 29,true,false,false,9,,,
V008451,C00186,2025-06-06,paid_search,P025,Daily Lamp 25,true,false,false,51,,,
V008452,C00012,2025-11-13,paid_search,P029,Bright Organizer 29,true,false,false,66,,,
V008453,C00927,2025-12-10,paid_search,P011,Urban Bottle 11,true,false,false,28,,,
V008454,C00438,2025-12-07,referral,P016,Modern Serum 16,true,false,true,24,,T006220,
V008455,C00312,2025-02-05,email,P006,Active Mat 06,true,false,false,88,,,
V008456,C00614,2025-02-13,direct,P023,Calm Cream 23,true,true,false,31,,,
V008457,C00043,2025-06-23,direct,P028,Essential Bag 28,true,true,false,90,,,
V008458,C00053,2025-06-14,social,P017,Daily Lamp 17,true,false,false,33,LOYALTY10,,
V008459,C00939,2025-02-09,social,P021,Bright Organizer 21,true,false,false,82,,,
V008460,C00995,2025-06-25,email,P006,Active Mat 06,false,false,false,36,,,
V008461,C00198,2025-01-18,referral,P029,Bright Organizer 29,true,false,false,13,,,
V008462,C00757,2025-05-07,paid_search,P019,Urban Bottle 19,true,false,true,23,,T002411,
V008463,C00064,2025-12-15,email,P022,Active Mat 22,true,true,false,159,,,
V008464,C00640,2025-03-15,direct,P009,Daily Lamp 09,true,false,false,15,,,
V008465,C00110,2025-01-05,paid_search,P016,Modern Serum 16,true,true,false,45,,,
V008466,C00854,2025-07-26,paid_search,P026,Pure Band 26,true,false,false,30,,,
V008467,C00417,2025-03-25,social,P017,Daily Lamp 17,true,true,false,101,,,
V008468,C00502,2025-07-07,organic_search,P022,Active Mat 22,true,true,false,14,,,
V008469,C00320,2025-10-22,paid_search,P027,Urban Bottle 27,true,true,true,159,,T005469,
V008470,C00468,2025-07-16,organic_search,P027,Urban Bottle 27,true,false,false,18,,,
V008471,C00730,2025-04-28,email,P011,Urban Bottle 11,true,false,false,41,,,
V008472,C00594,2025-04-24,organic_search,P018,Pure Band 18,true,false,false,43,WELCOME5,,
V008473,C00519,2025-09-01,direct,P014,Active Mat 14,true,false,true,63,,T004557,
V008474,C00001,2025-07-16,paid_search,P030,Active Mat 30,true,false,false,112,,,
V008475,C00924,2025-07-04,organic_search,P030,Active Mat 30,true,false,false,53,,,
V008476,C00647,2025-06-04,social,P015,Calm Cream 15,true,true,false,138,,,
V008477,C00630,2025-11-06,organic_search,P007,Calm Cream 07,true,false,false,34,,,
V008478,C00132,2025-03-21,referral,P025,Daily Lamp 25,true,false,false,190,,,
V008479,C00439,2025-05-13,organic_search,P026,Pure Band 26,true,false,false,104,,,
V008480,C00159,2025-12-03,paid_search,P023,Calm Cream 23,true,true,false,63,,,
V008481,C00330,2025-04-04,email,P024,Modern Serum 24,true,true,false,21,,,
V008482,C00858,2025-05-11,referral,P015,Calm Cream 15,true,false,true,111,WEEKEND15,T002487,
V008483,C00192,2025-02-02,direct,P023,Calm Cream 23,true,false,false,45,,,
V008484,C00336,2025-07-25,referral,P004,Essential Bag 04,false,false,false,79,,,
V008485,C00764,2025-06-01,paid_search,P022,Active Mat 22,true,false,false,48,,,
V008486,C00980,2025-06-30,organic_search,P027,Urban Bottle 27,true,false,false,23,,,
V008487,C00292,2025-08-26,referral,P009,Daily Lamp 09,true,false,false,34,,,
V008488,C00596,2025-09-10,organic_search,P006,Active Mat 06,true,false,false,32,WELCOME5,,
V008489,C00642,2025-04-03,referral,P017,Daily Lamp 17,true,false,true,22,,T001776,
V008490,C00983,2025-01-13,organic_search,P004,Essential Bag 04,true,false,false,115,LOYALTY10,,
V008491,C00494,2025-08-15,organic_search,P001,Daily Lamp 01,false,false,false,65,,,
V008492,C00597,2025-01-22,paid_search,P004,Essential Bag 04,true,false,false,33,,,
V008493,C00004,2025-05-18,organic_search,P018,Pure Band 18,true,false,false,61,,,
V008494,C00690,2025-10-16,referral,P016,Modern Serum 16,false,false,false,39,,,
V008495,C00349,2025-02-27,organic_search,P024,Modern Serum 24,true,false,false,38,,,
V008496,C00004,2025-01-26,direct,P029,Bright Organizer 29,true,false,false,36,,,
V008497,C00595,2025-10-28,organic_search,P008,Modern Serum 08,true,false,false,17,,,
V008498,C00830,2025-11-21,organic_search,P011,Urban Bottle 11,true,false,false,173,WELCOME5,,
V008499,C00006,2025-08-11,email,P012,Essential Bag 12,true,true,true,75,,T004207,
V008500,C00994,2025-06-09,organic_search,P001,Daily Lamp 01,true,true,false,82,,,
V008501,C00978,2025-04-21,paid_search,P012,Essential Bag 12,true,false,true,37,WEEKEND15,T002125,
V008502,C00859,2025-02-25,direct,P021,Bright Organizer 21,true,true,false,48,,,
V008503,C00456,2025-02-02,organic_search,P014,Active Mat 14,true,true,false,25,,,
V008504,C00815,2025-09-26,paid_search,P015,Calm Cream 15,true,true,false,22,,,
V008505,C00517,2025-12-08,social,P028,Essential Bag 28,true,true,false,104,,,
V008506,C00893,2025-05-28,direct,P001,Daily Lamp 01,false,false,false,328,LOYALTY10,,
V008507,C00673,2025-10-04,direct,P011,Urban Bottle 11,true,false,false,72,,,
V008508,C00807,2025-04-09,direct,P018,Pure Band 18,true,false,true,22,,T001917,
V008509,C00472,2025-10-08,referral,P017,Daily Lamp 17,true,false,false,92,,,
V008510,C00220,2025-12-09,paid_search,P002,Pure Band 02,true,false,false,63,,,
V008511,C00894,2025-12-20,paid_search,P010,Pure Band 10,true,true,false,87,,,
V008512,C00576,2025-03-27,social,P029,Bright Organizer 29,true,false,false,53,,,
V008513,C00445,2025-05-16,paid_search,P017,Daily Lamp 17,true,false,false,27,,,
V008514,C00040,2025-03-17,organic_search,P023,Calm Cream 23,true,true,false,244,,,
V008515,C00591,2025-03-27,paid_search,P018,Pure Band 18,true,true,false,250,,,
V008516,C00467,2025-10-12,paid_search,P027,Urban Bottle 27,true,false,false,64,,,
V008517,C00897,2025-10-05,email,P026,Pure Band 26,true,false,false,79,,,
V008518,C00464,2025-12-31,organic_search,P026,Pure Band 26,false,false,false,50,,,
V008519,C00256,2025-10-07,referral,P003,Urban Bottle 03,true,false,false,49,,,
V008520,C00076,2025-01-11,social,P023,Calm Cream 23,true,false,false,46,,,
V008521,C00664,2025-10-07,paid_search,P029,Bright Organizer 29,true,false,false,52,,,
V008522,C00571,2025-03-07,email,P008,Modern Serum 08,true,true,false,125,,,
V008523,C00654,2025-10-27,referral,P029,Bright Organizer 29,true,false,false,73,,,
V008524,C00242,2025-08-04,organic_search,P004,Essential Bag 04,true,false,false,101,,,
V008525,C00150,2025-11-18,organic_search,P023,Calm Cream 23,true,false,false,130,,,
V008526,C00264,2025-05-19,referral,P028,Essential Bag 28,true,true,false,25,WELCOME5,,
V008527,C00928,2025-09-04,email,P007,Calm Cream 07,true,true,false,127,,,
V008528,C00624,2025-03-02,referral,P007,Calm Cream 07,true,true,false,63,,,
V008529,C00392,2025-09-06,direct,P005,Bright Organizer 05,true,false,false,11,,,
V008530,C00212,2025-07-15,social,P026,Pure Band 26,true,false,false,78,,,
V008531,C00335,2025-06-28,paid_search,P028,Essential Bag 28,true,false,false,132,WEEKEND15,,
V008532,C00311,2025-08-04,social,P002,Pure Band 02,true,false,false,9,,,
V008533,C00958,2025-08-04,paid_search,P016,Modern Serum 16,true,false,false,70,WEEKEND15,,
V008534,C00796,2025-08-22,direct,P005,Bright Organizer 05,false,false,false,70,,,
V008535,C00493,2025-06-24,organic_search,P015,Calm Cream 15,true,false,false,36,LOYALTY10,,
V008536,C00344,2025-08-25,email,P023,Calm Cream 23,false,false,false,75,,,
V008537,C00144,2025-08-17,organic_search,P027,Urban Bottle 27,true,false,false,92,,,
V008538,C00213,2025-05-20,email,P020,Essential Bag 20,true,false,false,42,,,
V008539,C00424,2025-05-06,social,P003,Urban Bottle 03,true,false,false,191,LOYALTY10,,
V008540,C00683,2025-03-07,social,P027,Urban Bottle 27,true,false,false,15,LOYALTY10,,
V008541,C00141,2025-04-12,email,P018,Pure Band 18,true,false,false,150,,,
V008542,C00306,2025-09-01,direct,P007,Calm Cream 07,true,false,false,86,WELCOME5,,
V008543,C00796,2025-03-30,social,P028,Essential Bag 28,true,false,true,65,,T001705,
V008544,C00718,2025-05-05,email,P004,Essential Bag 04,true,false,false,28,WELCOME5,,
V008545,C00467,2025-12-23,direct,P025,Daily Lamp 25,true,false,false,80,WEEKEND15,,
V008546,C00456,2025-11-24,organic_search,P017,Daily Lamp 17,true,false,true,94,,T006018,
V008547,C00144,2025-02-21,organic_search,P005,Bright Organizer 05,true,false,false,29,,,
V008548,C00646,2025-07-31,social,P011,Urban Bottle 11,true,true,false,48,,,
V008549,C00212,2025-10-04,paid_search,P004,Essential Bag 04,true,false,false,71,,,
V008550,C00497,2025-04-17,social,P025,Daily Lamp 25,true,false,false,19,,,
V008551,C00888,2025-01-02,paid_search,P028,Essential Bag 28,true,true,false,245,,,
V008552,C00966,2025-10-16,social,P020,Essential Bag 20,true,false,false,114,,,
V008553,C00225,2025-01-16,social,P029,Bright Organizer 29,true,false,false,64,,,
V008554,C00590,2025-04-06,email,P007,Calm Cream 07,true,true,false,89,,,
V008555,C00212,2025-02-18,organic_search,P025,Daily Lamp 25,true,false,false,78,,,
V008556,C00015,2025-01-15,direct,P026,Pure Band 26,true,false,false,99,WEEKEND15,,
V008557,C00888,2025-09-06,email,P019,Urban Bottle 19,true,true,true,254,,T004660,
V008558,C00762,2025-09-28,organic_search,P009,Daily Lamp 09,false,false,false,61,,,
V008559,C00869,2025-03-18,social,P022,Active Mat 22,true,false,false,53,,,
V008560,C00924,2025-03-25,email,P018,Pure Band 18,true,true,false,71,,,
V008561,C00034,2025-06-07,direct,P016,Modern Serum 16,true,false,false,66,LOYALTY10,,
V008562,C00026,2025-10-02,referral,P011,Urban Bottle 11,true,false,false,24,,,
V008563,C00699,2025-09-05,paid_search,P004,Essential Bag 04,true,true,false,124,,,
V008564,C00374,2025-05-02,paid_search,P015,Calm Cream 15,true,false,false,23,,,
V008565,C00885,2025-08-22,organic_search,P021,Bright Organizer 21,true,false,false,47,LOYALTY10,,
V008566,C00463,2025-12-23,social,P014,Active Mat 14,false,false,false,25,,,
V008567,C00009,2025-09-06,social,P008,Modern Serum 08,true,false,false,51,LOYALTY10,,
V008568,C00446,2025-05-08,organic_search,P026,Pure Band 26,true,true,false,80,,,
V008569,C00315,2025-07-11,organic_search,P027,Urban Bottle 27,true,false,false,19,,,
V008570,C00343,2025-03-24,social,P030,Active Mat 30,true,false,true,50,,T001585,
V008571,C00019,2025-07-16,organic_search,P005,Bright Organizer 05,true,false,false,38,,,
V008572,C00234,2025-08-11,organic_search,P001,Daily Lamp 01,true,false,true,27,,T004215,
V008573,C00011,2025-10-09,organic_search,P018,Pure Band 18,true,false,false,67,,,
V008574,C00337,2025-11-28,paid_search,P011,Urban Bottle 11,true,true,false,68,,,
V008575,C00579,2025-04-18,email,P002,Pure Band 02,true,false,false,77,,,
V008576,C00770,2025-09-21,direct,P002,Pure Band 02,true,false,false,10,,,
V008577,C00738,2025-01-01,direct,P012,Essential Bag 12,true,false,false,10,,,
V008578,C00555,2025-04-05,organic_search,P019,Urban Bottle 19,true,false,true,122,,T001825,
V008579,C00777,2025-12-12,organic_search,P012,Essential Bag 12,true,true,false,184,,,
V008580,C00045,2025-04-05,paid_search,P025,Daily Lamp 25,true,false,false,53,,,
V008581,C00062,2025-01-19,social,P002,Pure Band 02,true,false,false,75,LOYALTY10,,
V008582,C00720,2025-07-19,social,P015,Calm Cream 15,true,false,false,64,,,
V008583,C00527,2025-06-27,email,P026,Pure Band 26,true,true,false,40,,,
V008584,C00030,2025-06-03,organic_search,P001,Daily Lamp 01,true,false,false,41,,,
V008585,C00252,2025-02-14,referral,P011,Urban Bottle 11,true,false,false,65,,,
V008586,C00514,2025-07-17,email,P011,Urban Bottle 11,true,false,false,60,,,
V008587,C00204,2025-02-18,paid_search,P026,Pure Band 26,true,false,false,70,LOYALTY10,,
V008588,C00432,2025-10-03,direct,P029,Bright Organizer 29,true,false,false,95,,,
V008589,C00876,2025-08-06,email,P004,Essential Bag 04,true,true,true,331,,T004091,
V008590,C00104,2025-02-19,organic_search,P011,Urban Bottle 11,true,false,false,26,,,
V008591,C00161,2025-05-04,social,P009,Daily Lamp 09,true,false,false,40,WELCOME5,,
V008592,C00392,2025-01-21,email,P020,Essential Bag 20,true,false,true,206,WEEKEND15,T000383,
V008593,C00849,2025-09-06,email,P013,Bright Organizer 13,true,true,false,219,,,
V008594,C00588,2025-04-04,social,P024,Modern Serum 24,true,false,false,210,,,
V008595,C00682,2025-03-23,paid_search,P004,Essential Bag 04,true,false,false,46,,,
V008596,C00262,2025-10-21,direct,P028,Essential Bag 28,true,false,false,77,,,
V008597,C00218,2025-05-27,organic_search,P006,Active Mat 06,false,false,false,78,,,
V008598,C00215,2025-08-25,organic_search,P006,Active Mat 06,false,false,false,83,LOYALTY10,,
V008599,C00978,2025-11-21,organic_search,P010,Pure Band 10,true,false,false,28,,,
V008600,C00976,2025-05-17,social,P026,Pure Band 26,true,false,false,57,,,
V008601,C00132,2025-08-30,paid_search,P013,Bright Organizer 13,true,false,false,38,,,
V008602,C00050,2025-09-12,direct,P027,Urban Bottle 27,true,false,false,35,,,
V008603,C00824,2025-08-29,email,P029,Bright Organizer 29,true,true,true,134,WELCOME5,T004511,
V008604,C00847,2025-08-31,email,P024,Modern Serum 24,true,false,false,110,LOYALTY10,,
V008605,C00452,2025-05-17,social,P004,Essential Bag 04,true,false,false,110,,,
V008606,C00643,2025-01-19,paid_search,P017,Daily Lamp 17,true,false,false,78,,,
V008607,C00379,2025-02-02,paid_search,P030,Active Mat 30,true,false,false,38,,,
V008608,C00661,2025-12-21,social,P012,Essential Bag 12,false,false,false,129,,,
V008609,C00290,2025-03-14,organic_search,P015,Calm Cream 15,true,false,false,45,,,
V008610,C00755,2025-03-16,social,P006,Active Mat 06,true,false,false,24,,,
V008611,C00678,2025-01-05,email,P010,Pure Band 10,true,false,false,31,,,
V008612,C00725,2025-12-25,organic_search,P016,Modern Serum 16,false,false,false,84,,,
V008613,C00650,2025-09-29,organic_search,P020,Essential Bag 20,true,false,false,26,WEEKEND15,,
V008614,C00458,2025-08-11,paid_search,P008,Modern Serum 08,true,false,false,68,LOYALTY10,,
V008615,C00062,2025-10-02,direct,P028,Essential Bag 28,true,true,false,71,,,
V008616,C00543,2025-10-17,paid_search,P025,Daily Lamp 25,true,true,true,154,,T005372,
V008617,C00006,2025-12-16,social,P024,Modern Serum 24,false,false,false,40,WEEKEND15,,
V008618,C00713,2025-12-18,direct,P025,Daily Lamp 25,true,false,false,40,,,
V008619,C00301,2025-04-22,paid_search,P007,Calm Cream 07,true,false,false,6,,,
V008620,C00012,2025-09-27,paid_search,P004,Essential Bag 04,false,false,false,18,,,
V008621,C00729,2025-05-03,paid_search,P014,Active Mat 14,true,true,false,496,,,
V008622,C00953,2025-12-03,social,P011,Urban Bottle 11,true,false,false,27,,,
V008623,C00595,2025-04-02,email,P025,Daily Lamp 25,true,true,false,171,,,
V008624,C00982,2025-09-28,paid_search,P024,Modern Serum 24,false,false,false,126,,,
V008625,C00377,2025-02-10,direct,P025,Daily Lamp 25,true,false,false,20,LOYALTY10,,
V008626,C00397,2025-11-24,paid_search,P025,Daily Lamp 25,true,false,false,84,,,
V008627,C00825,2025-08-23,organic_search,P011,Urban Bottle 11,true,true,false,56,,,
V008628,C00997,2025-07-08,social,P029,Bright Organizer 29,true,false,false,34,,,
V008629,C00841,2025-09-09,organic_search,P002,Pure Band 02,true,false,false,18,,,
V008630,C00758,2025-01-13,paid_search,P019,Urban Bottle 19,true,true,false,208,LOYALTY10,,
V008631,C00847,2025-02-09,organic_search,P027,Urban Bottle 27,true,false,false,93,,,
V008632,C00193,2025-09-05,paid_search,P026,Pure Band 26,true,false,false,64,,,
V008633,C00714,2025-05-05,email,P002,Pure Band 02,true,false,false,31,,,
V008634,C00089,2025-05-05,paid_search,P028,Essential Bag 28,true,false,true,27,LOYALTY10,T002372,
V008635,C00768,2025-05-15,social,P001,Daily Lamp 01,true,false,false,29,,,
V008636,C00368,2025-04-30,organic_search,P020,Essential Bag 20,true,false,false,17,WELCOME5,,
V008637,C00297,2025-01-04,email,P016,Modern Serum 16,true,false,false,169,,,
V008638,C00538,2025-02-17,social,P002,Pure Band 02,true,false,false,26,,,
V008639,C00218,2025-05-15,social,P026,Pure Band 26,true,false,true,122,,T002556,
V008640,C00219,2025-03-17,paid_search,P030,Active Mat 30,true,false,false,18,,,
V008641,C00023,2025-07-27,paid_search,P007,Calm Cream 07,true,false,false,52,,,
V008642,C00332,2025-11-22,paid_search,P021,Bright Organizer 21,true,false,false,38,WELCOME5,,
V008643,C00019,2025-07-20,direct,P023,Calm Cream 23,true,false,false,48,,,
V008644,C00688,2025-01-12,organic_search,P019,Urban Bottle 19,true,false,false,45,,,
V008645,C00778,2025-11-20,referral,P007,Calm Cream 07,true,false,false,28,WELCOME5,,
V008646,C00100,2025-07-01,organic_search,P028,Essential Bag 28,true,true,false,210,,,
V008647,C00131,2025-02-24,direct,P011,Urban Bottle 11,true,false,false,24,,,
V008648,C00498,2025-03-27,social,P017,Daily Lamp 17,true,false,false,238,WEEKEND15,,
V008649,C00340,2025-10-19,direct,P026,Pure Band 26,true,false,false,50,,,
V008650,C00589,2025-07-30,direct,P029,Bright Organizer 29,true,false,false,21,,,
V008651,C00903,2025-12-07,organic_search,P006,Active Mat 06,true,false,false,49,LOYALTY10,,
V008652,C00158,2025-10-18,referral,P027,Urban Bottle 27,true,false,true,193,,T005388,
V008653,C00561,2025-07-30,paid_search,P002,Pure Band 02,true,false,false,70,,,
V008654,C00608,2025-11-10,email,P022,Active Mat 22,true,false,false,23,,,
V008655,C00601,2025-11-16,social,P018,Pure Band 18,false,false,false,91,,,
V008656,C00630,2025-11-16,social,P008,Modern Serum 08,true,false,false,37,,,
V008657,C00628,2025-10-09,organic_search,P013,Bright Organizer 13,true,false,false,60,,,
V008658,C00278,2025-09-10,referral,P013,Bright Organizer 13,true,true,false,69,,,
V008659,C00108,2025-11-26,organic_search,P008,Modern Serum 08,true,false,false,35,,,
V008660,C00543,2025-04-20,paid_search,P024,Modern Serum 24,true,true,true,72,,T002107,
V008661,C00482,2025-06-28,email,P017,Daily Lamp 17,true,false,false,14,,,
V008662,C00438,2025-08-25,paid_search,P004,Essential Bag 04,false,false,false,461,,,
V008663,C00928,2025-08-27,direct,P018,Pure Band 18,true,false,false,164,WELCOME5,,
V008664,C00966,2025-12-09,social,P022,Active Mat 22,true,true,false,185,,,
V008665,C00172,2025-09-15,social,P019,Urban Bottle 19,true,false,false,43,,,
V008666,C00894,2025-07-27,social,P014,Active Mat 14,true,false,false,97,,,
V008667,C00490,2025-11-04,direct,P017,Daily Lamp 17,true,false,false,99,,,
V008668,C00031,2025-04-06,email,P017,Daily Lamp 17,true,false,false,114,,,
V008669,C00604,2025-12-07,social,P030,Active Mat 30,true,false,false,55,,,
V008670,C00562,2025-10-30,paid_search,P015,Calm Cream 15,true,false,false,18,,,
V008671,C00897,2025-07-08,social,P022,Active Mat 22,true,false,true,59,,T003599,
V008672,C00921,2025-05-14,referral,P019,Urban Bottle 19,true,false,false,35,LOYALTY10,,
V008673,C00797,2025-10-20,organic_search,P011,Urban Bottle 11,true,false,false,61,WELCOME5,,
V008674,C00610,2025-09-18,organic_search,P023,Calm Cream 23,false,false,false,437,,,
V008675,C00778,2025-08-26,referral,P003,Urban Bottle 03,true,false,false,71,,,
V008676,C00705,2025-02-03,email,P016,Modern Serum 16,true,false,false,89,,,
V008677,C00966,2025-02-21,social,P019,Urban Bottle 19,true,false,false,103,,,
V008678,C00696,2025-11-04,direct,P008,Modern Serum 08,true,false,false,18,,,
V008679,C00703,2025-03-06,direct,P024,Modern Serum 24,true,false,false,42,,,
V008680,C00049,2025-05-01,referral,P009,Daily Lamp 09,true,false,false,20,,,
V008681,C00396,2025-10-04,social,P011,Urban Bottle 11,true,false,false,62,,,
V008682,C00366,2025-07-31,email,P011,Urban Bottle 11,true,false,false,36,,,
V008683,C00584,2025-11-20,organic_search,P001,Daily Lamp 01,true,false,true,74,,T005953,
V008684,C00546,2025-02-22,organic_search,P012,Essential Bag 12,true,true,true,104,,T000973,
V008685,C00463,2025-10-18,direct,P030,Active Mat 30,true,false,false,32,LOYALTY10,,
V008686,C00409,2025-05-18,direct,P029,Bright Organizer 29,true,false,false,17,,,
V008687,C00071,2025-04-27,direct,P017,Daily Lamp 17,true,false,false,51,,,
V008688,C00813,2025-04-03,email,P017,Daily Lamp 17,true,false,false,40,,,
V008689,C00380,2025-07-07,organic_search,P003,Urban Bottle 03,true,false,false,46,WELCOME5,,
V008690,C00836,2025-08-07,social,P012,Essential Bag 12,true,false,false,13,WELCOME5,,
V008691,C00015,2025-04-21,organic_search,P021,Bright Organizer 21,true,false,false,134,,,
V008692,C00703,2025-05-10,organic_search,P005,Bright Organizer 05,true,false,false,28,,,
V008693,C00138,2025-04-08,social,P004,Essential Bag 04,true,false,false,227,WELCOME5,,
V008694,C00060,2025-03-26,paid_search,P030,Active Mat 30,true,false,false,17,,,
V008695,C00220,2025-08-02,organic_search,P003,Urban Bottle 03,true,false,false,114,,,
V008696,C00662,2025-09-12,social,P014,Active Mat 14,true,false,false,17,WEEKEND15,,
V008697,C00933,2025-03-29,email,P001,Daily Lamp 01,true,false,false,91,,,
V008698,C00671,2025-05-04,organic_search,P021,Bright Organizer 21,true,false,false,16,,,
V008699,C00453,2025-01-02,organic_search,P005,Bright Organizer 05,true,false,false,298,,,
V008700,C00275,2025-10-25,email,P003,Urban Bottle 03,true,true,false,26,LOYALTY10,,
V008701,C00314,2025-07-20,organic_search,P019,Urban Bottle 19,false,false,false,30,,,
V008702,C00154,2025-08-15,paid_search,P011,Urban Bottle 11,true,false,false,23,WEEKEND15,,
V008703,C00742,2025-04-21,organic_search,P024,Modern Serum 24,true,false,false,34,,,
V008704,C00090,2025-11-07,social,P021,Bright Organizer 21,true,false,false,6,LOYALTY10,,
V008705,C00703,2025-09-26,direct,P014,Active Mat 14,false,false,false,17,,,
V008706,C00885,2025-04-28,direct,P016,Modern Serum 16,true,true,true,150,,T002261,
V008707,C00712,2025-12-27,email,P026,Pure Band 26,false,false,false,253,,,
V008708,C00938,2025-12-09,social,P020,Essential Bag 20,true,false,false,32,,,
V008709,C00142,2025-05-02,paid_search,P029,Bright Organizer 29,true,false,false,35,,,
V008710,C00665,2025-03-02,organic_search,P018,Pure Band 18,true,true,false,321,,,
V008711,C00363,2025-08-17,organic_search,P001,Daily Lamp 01,false,false,false,88,,,
V008712,C00212,2025-07-01,direct,P016,Modern Serum 16,true,true,false,60,WEEKEND15,,
V008713,C00755,2025-11-21,paid_search,P016,Modern Serum 16,false,false,false,340,,,
V008714,C00340,2025-03-21,referral,P026,Pure Band 26,true,false,false,31,,,
V008715,C00098,2025-03-01,email,P005,Bright Organizer 05,true,false,false,8,,,
V008716,C00261,2025-02-11,organic_search,P026,Pure Band 26,true,false,false,76,,,
V008717,C00895,2025-01-07,organic_search,P009,Daily Lamp 09,true,false,false,52,,,
V008718,C00559,2025-11-22,social,P022,Active Mat 22,true,false,false,68,,,
V008719,C00935,2025-07-14,paid_search,P028,Essential Bag 28,true,false,false,20,,,
V008720,C00709,2025-07-31,email,P028,Essential Bag 28,true,false,false,94,,,
V008721,C00400,2025-02-26,social,P017,Daily Lamp 17,true,true,true,115,,T001065,
V008722,C00632,2025-11-23,email,P018,Pure Band 18,false,false,false,150,,,
V008723,C00611,2025-07-10,referral,P017,Daily Lamp 17,true,false,false,333,,,
V008724,C00042,2025-06-25,social,P012,Essential Bag 12,true,false,false,126,,,
V008725,C00781,2025-09-17,social,P016,Modern Serum 16,false,false,false,7,,,
V008726,C00240,2025-07-04,social,P023,Calm Cream 23,true,false,false,110,,,
V008727,C00904,2025-07-04,paid_search,P019,Urban Bottle 19,true,false,false,187,,,
V008728,C00001,2025-04-11,email,P022,Active Mat 22,true,false,false,48,LOYALTY10,,
V008729,C00147,2025-01-28,organic_search,P022,Active Mat 22,true,false,false,47,,,
V008730,C00748,2025-04-10,organic_search,P004,Essential Bag 04,true,false,false,55,,,
V008731,C00733,2025-03-11,organic_search,P020,Essential Bag 20,true,false,false,47,,,
V008732,C00890,2025-05-31,organic_search,P030,Active Mat 30,true,false,false,15,WELCOME5,,
V008733,C00890,2025-12-01,email,P001,Daily Lamp 01,true,false,false,54,WELCOME5,,
V008734,C00096,2025-10-16,direct,P004,Essential Bag 04,true,false,false,315,,,
V008735,C00571,2025-12-06,direct,P007,Calm Cream 07,true,false,false,255,LOYALTY10,,
V008736,C00880,2025-10-04,paid_search,P011,Urban Bottle 11,true,false,false,13,,,
V008737,C00323,2025-02-17,organic_search,P013,Bright Organizer 13,true,false,false,39,,,
V008738,C00638,2025-10-01,direct,P029,Bright Organizer 29,true,false,false,54,,,
V008739,C00742,2025-09-27,direct,P017,Daily Lamp 17,true,false,false,82,,,
V008740,C00887,2025-05-28,email,P001,Daily Lamp 01,false,false,false,95,,,
V008741,C00575,2025-06-28,direct,P001,Daily Lamp 01,false,false,false,23,,,
V008742,C00932,2025-01-20,social,P028,Essential Bag 28,true,false,false,23,WEEKEND15,,
V008743,C00195,2025-09-21,social,P016,Modern Serum 16,false,false,false,23,,,
V008744,C00047,2025-11-07,paid_search,P020,Essential Bag 20,true,false,false,188,,,
V008745,C00571,2025-11-21,direct,P018,Pure Band 18,false,false,false,105,,,
V008746,C00515,2025-07-06,paid_search,P025,Daily Lamp 25,true,false,false,34,WEEKEND15,,
V008747,C00979,2025-07-31,organic_search,P016,Modern Serum 16,false,false,false,75,,,
V008748,C00040,2025-04-24,referral,P019,Urban Bottle 19,true,false,false,11,,,
V008749,C00718,2025-12-12,direct,P028,Essential Bag 28,true,false,true,258,,T006324,
V008750,C00532,2025-09-24,social,P001,Daily Lamp 01,true,false,false,34,WELCOME5,,
V008751,C00115,2025-04-16,email,P017,Daily Lamp 17,true,true,false,50,,,
V008752,C00956,2025-08-13,paid_search,P021,Bright Organizer 21,true,false,false,69,,,
V008753,C00199,2025-04-21,organic_search,P022,Active Mat 22,true,false,false,82,,,
V008754,C00459,2025-04-02,email,P023,Calm Cream 23,true,false,false,75,,,
V008755,C00480,2025-01-14,paid_search,P026,Pure Band 26,true,false,false,18,LOYALTY10,,
V008756,C00455,2025-12-26,direct,P007,Calm Cream 07,true,false,false,68,WEEKEND15,,
V008757,C00130,2025-01-09,direct,P029,Bright Organizer 29,true,false,true,47,,T000163,
V008758,C00923,2025-03-01,paid_search,P010,Pure Band 10,true,false,false,48,LOYALTY10,,
V008759,C00539,2025-10-08,paid_search,P007,Calm Cream 07,true,false,false,104,,,
V008760,C00312,2025-03-02,referral,P004,Essential Bag 04,true,false,true,14,,T001137,
V008761,C00848,2025-10-14,social,P005,Bright Organizer 05,true,false,false,75,,,
V008762,C00780,2025-06-04,organic_search,P025,Daily Lamp 25,true,true,false,98,,,
V008763,C00719,2025-08-21,social,P004,Essential Bag 04,false,false,false,121,WEEKEND15,,
V008764,C00247,2025-02-19,paid_search,P029,Bright Organizer 29,true,true,false,71,,,
V008765,C00281,2025-07-13,referral,P018,Pure Band 18,true,false,false,124,,,
V008766,C00694,2025-08-20,organic_search,P001,Daily Lamp 01,false,false,false,48,,,
V008767,C00037,2025-05-28,email,P021,Bright Organizer 21,true,false,false,49,,,
V008768,C00359,2025-03-28,direct,P016,Modern Serum 16,true,false,false,121,,,
V008769,C00442,2025-01-27,organic_search,P002,Pure Band 02,true,false,false,23,LOYALTY10,,
V008770,C00993,2025-10-24,direct,P018,Pure Band 18,false,false,false,61,,,
V008771,C00660,2025-11-16,organic_search,P007,Calm Cream 07,true,false,false,49,,,
V008772,C00678,2025-09-25,email,P020,Essential Bag 20,true,false,false,156,,,
V008773,C00667,2025-10-18,direct,P009,Daily Lamp 09,true,false,false,53,,,
V008774,C00547,2025-09-27,social,P022,Active Mat 22,true,false,false,115,,,
V008775,C00299,2025-01-12,referral,P018,Pure Band 18,true,false,false,64,,,
V008776,C00831,2025-05-03,organic_search,P011,Urban Bottle 11,true,false,false,87,,,
V008777,C00768,2025-10-09,direct,P001,Daily Lamp 01,true,false,false,72,,,
V008778,C00668,2025-07-04,social,P017,Daily Lamp 17,true,false,false,50,,,
V008779,C00254,2025-03-18,direct,P009,Daily Lamp 09,true,false,false,130,,,
V008780,C00265,2025-09-08,organic_search,P007,Calm Cream 07,true,false,false,34,WELCOME5,,
V008781,C00109,2025-02-28,direct,P002,Pure Band 02,true,false,false,44,,,
V008782,C00897,2025-02-12,social,P017,Daily Lamp 17,true,false,false,47,,,
V008783,C00107,2025-02-07,email,P021,Bright Organizer 21,true,false,false,181,,,
V008784,C00922,2025-08-03,paid_search,P005,Bright Organizer 05,true,false,true,162,,T004034,
V008785,C00813,2025-04-03,referral,P006,Active Mat 06,true,false,false,8,,,
V008786,C00197,2025-10-06,email,P018,Pure Band 18,true,false,false,26,,,
V008787,C00778,2025-09-26,paid_search,P005,Bright Organizer 05,true,true,true,154,,T004992,
V008788,C00249,2025-02-18,social,P029,Bright Organizer 29,true,false,false,12,,,
V008789,C00217,2025-08-23,organic_search,P011,Urban Bottle 11,true,false,false,26,,,
V008790,C00152,2025-07-05,direct,P013,Bright Organizer 13,true,false,false,46,,,
V008791,C00759,2025-04-01,direct,P012,Essential Bag 12,true,false,false,35,,,
V008792,C00174,2025-05-02,social,P016,Modern Serum 16,true,false,false,61,WELCOME5,,
V008793,C00960,2025-05-18,organic_search,P012,Essential Bag 12,true,false,true,836,,T002628,
V008794,C00189,2025-12-09,social,P016,Modern Serum 16,true,false,false,98,,,
V008795,C00762,2025-04-18,direct,P006,Active Mat 06,false,false,false,248,WELCOME5,,
V008796,C00463,2025-11-12,organic_search,P009,Daily Lamp 09,true,false,false,359,,,
V008797,C00268,2025-05-11,organic_search,P001,Daily Lamp 01,true,false,false,242,WELCOME5,,
V008798,C00964,2025-06-04,social,P001,Daily Lamp 01,true,false,false,26,,,
V008799,C00651,2025-01-14,social,P012,Essential Bag 12,true,false,false,13,,,
V008800,C00407,2025-03-05,organic_search,P009,Daily Lamp 09,true,false,true,141,,T001187,
V008801,C00960,2025-03-30,email,P005,Bright Organizer 05,true,false,true,246,,T001704,
V008802,C00479,2025-02-08,social,P007,Calm Cream 07,true,true,false,66,,,
V008803,C00900,2025-07-10,email,P026,Pure Band 26,true,false,false,156,WELCOME5,,
V008804,C00670,2025-08-08,paid_search,P030,Active Mat 30,true,false,false,95,,,
V008805,C00324,2025-12-27,paid_search,P002,Pure Band 02,true,false,false,99,,,
V008806,C00647,2025-06-25,direct,P005,Bright Organizer 05,false,false,false,151,,,
V008807,C00832,2025-05-19,direct,P021,Bright Organizer 21,true,false,false,62,,,
V008808,C00799,2025-12-02,referral,P024,Modern Serum 24,true,false,false,53,,,
V008809,C00854,2025-08-15,referral,P005,Bright Organizer 05,true,false,false,10,,,
V008810,C00622,2025-12-08,organic_search,P010,Pure Band 10,true,false,false,48,,,
V008811,C00899,2025-10-05,social,P008,Modern Serum 08,true,false,false,69,,,
V008812,C00092,2025-02-05,direct,P026,Pure Band 26,true,true,false,19,WEEKEND15,,
V008813,C00896,2025-11-23,email,P009,Daily Lamp 09,true,true,true,124,,T006002,
V008814,C00041,2025-09-18,email,P013,Bright Organizer 13,true,false,false,9,,,
V008815,C00617,2025-03-12,paid_search,P019,Urban Bottle 19,true,false,false,59,,,
V008816,C00965,2025-06-28,email,P013,Bright Organizer 13,true,false,false,16,,,
V008817,C00314,2025-07-20,email,P014,Active Mat 14,true,false,false,98,,,
V008818,C00979,2025-01-08,social,P001,Daily Lamp 01,true,true,true,96,,T000134,
V008819,C00846,2025-12-30,organic_search,P012,Essential Bag 12,false,false,false,97,,,
V008820,C00829,2025-08-14,direct,P019,Urban Bottle 19,true,false,false,95,LOYALTY10,,
V008821,C00707,2025-06-25,social,P022,Active Mat 22,true,false,false,223,WELCOME5,,
V008822,C00530,2025-06-14,paid_search,P004,Essential Bag 04,true,false,false,21,,,
V008823,C00011,2025-08-19,direct,P004,Essential Bag 04,false,false,false,37,,,
V008824,C00553,2025-12-04,direct,P013,Bright Organizer 13,true,false,false,81,,,
V008825,C00884,2025-12-18,email,P002,Pure Band 02,true,false,false,88,,,
V008826,C00393,2025-09-21,referral,P001,Daily Lamp 01,true,false,false,35,,,
V008827,C00802,2025-12-15,organic_search,P030,Active Mat 30,true,false,false,74,,,
V008828,C00736,2025-09-01,organic_search,P023,Calm Cream 23,true,false,false,31,,,
V008829,C00662,2025-07-20,referral,P017,Daily Lamp 17,true,false,false,65,,,
V008830,C00723,2025-03-06,social,P027,Urban Bottle 27,true,true,false,172,,,
V008831,C00665,2025-09-04,paid_search,P028,Essential Bag 28,true,false,false,22,,,
V008832,C00913,2025-05-06,direct,P014,Active Mat 14,true,true,false,43,,,
V008833,C00951,2025-04-15,email,P006,Active Mat 06,false,false,false,63,,,
V008834,C00465,2025-09-11,paid_search,P005,Bright Organizer 05,true,false,false,42,,,
V008835,C00006,2025-04-06,organic_search,P019,Urban Bottle 19,true,true,false,250,WELCOME5,,
V008836,C00127,2025-07-10,email,P024,Modern Serum 24,true,false,false,37,,,
V008837,C00274,2025-06-20,organic_search,P012,Essential Bag 12,true,false,false,92,WELCOME5,,
V008838,C00743,2025-08-10,email,P028,Essential Bag 28,true,false,false,138,,,
V008839,C00366,2025-07-12,social,P005,Bright Organizer 05,true,false,false,48,WEEKEND15,,
V008840,C00161,2025-10-11,referral,P009,Daily Lamp 09,true,false,false,61,WEEKEND15,,
V008841,C00658,2025-09-12,paid_search,P017,Daily Lamp 17,true,false,true,29,,T004769,
V008842,C00898,2025-01-27,social,P001,Daily Lamp 01,true,false,false,167,WELCOME5,,
V008843,C00795,2025-02-20,organic_search,P009,Daily Lamp 09,true,false,false,31,WELCOME5,,
V008844,C00708,2025-05-07,social,P004,Essential Bag 04,true,false,false,21,,,
V008845,C00690,2025-07-25,email,P007,Calm Cream 07,true,false,false,101,,,
V008846,C00652,2025-08-31,organic_search,P008,Modern Serum 08,true,false,false,45,,,
V008847,C00347,2025-05-18,direct,P019,Urban Bottle 19,true,false,false,24,,,
V008848,C00390,2025-01-14,social,P017,Daily Lamp 17,true,false,false,27,,,
V008849,C00245,2025-04-02,organic_search,P023,Calm Cream 23,true,false,false,91,,,
V008850,C00107,2025-04-12,paid_search,P030,Active Mat 30,true,false,false,82,,,
V008851,C00160,2025-08-08,email,P024,Modern Serum 24,true,false,false,92,,,
V008852,C00461,2025-07-16,organic_search,P015,Calm Cream 15,true,false,false,52,WELCOME5,,
V008853,C00864,2025-04-22,organic_search,P009,Daily Lamp 09,true,true,false,100,,,
V008854,C00127,2025-06-18,paid_search,P023,Calm Cream 23,true,false,false,45,,,
V008855,C00493,2025-06-04,direct,P020,Essential Bag 20,true,false,false,106,LOYALTY10,,
V008856,C00606,2025-03-20,paid_search,P013,Bright Organizer 13,true,false,false,15,,,
V008857,C00236,2025-10-03,organic_search,P021,Bright Organizer 21,true,true,true,170,,T005105,
V008858,C00096,2025-05-08,organic_search,P014,Active Mat 14,true,false,false,35,,,
V008859,C00799,2025-02-27,organic_search,P025,Daily Lamp 25,true,false,false,202,,,
V008860,C00272,2025-07-02,social,P012,Essential Bag 12,true,false,false,147,,,
V008861,C00430,2025-06-05,social,P021,Bright Organizer 21,true,false,false,62,,,
V008862,C00064,2025-07-13,organic_search,P017,Daily Lamp 17,true,false,false,33,,,
V008863,C00946,2025-06-03,organic_search,P030,Active Mat 30,true,false,false,35,,,
V008864,C00438,2025-07-15,referral,P002,Pure Band 02,true,true,true,128,,T003723,
V008865,C00804,2025-07-19,organic_search,P002,Pure Band 02,true,false,false,14,WEEKEND15,,
V008866,C00061,2025-07-06,social,P006,Active Mat 06,true,false,false,149,,,
V008867,C00220,2025-03-16,direct,P026,Pure Band 26,true,false,false,33,WELCOME5,,
V008868,C00861,2025-07-03,paid_search,P017,Daily Lamp 17,true,false,false,41,,,
V008869,C00999,2025-11-07,social,P022,Active Mat 22,true,false,false,17,,,
V008870,C00792,2025-12-18,direct,P003,Urban Bottle 03,true,false,false,95,,,
V008871,C00155,2025-07-23,referral,P012,Essential Bag 12,false,false,false,48,,,
V008872,C00133,2025-10-21,organic_search,P014,Active Mat 14,true,false,false,51,,,
V008873,C00318,2025-09-03,referral,P007,Calm Cream 07,true,false,false,51,LOYALTY10,,
V008874,C00449,2025-09-14,organic_search,P023,Calm Cream 23,true,false,false,30,,,
V008875,C00403,2025-03-13,paid_search,P005,Bright Organizer 05,true,true,true,51,,T001355,
V008876,C00995,2025-06-04,social,P023,Calm Cream 23,true,true,false,85,WEEKEND15,,
V008877,C00233,2025-05-11,organic_search,P024,Modern Serum 24,true,true,false,220,,,
V008878,C00382,2025-06-06,direct,P028,Essential Bag 28,true,false,false,134,,,
V008879,C00605,2025-12-08,social,P005,Bright Organizer 05,true,false,false,54,WEEKEND15,,
V008880,C00356,2025-02-26,direct,P030,Active Mat 30,true,false,false,21,WEEKEND15,,
V008881,C00071,2025-06-18,organic_search,P030,Active Mat 30,true,false,false,24,,,
V008882,C00866,2025-11-19,organic_search,P007,Calm Cream 07,true,false,false,83,LOYALTY10,,
V008883,C00940,2025-03-07,paid_search,P011,Urban Bottle 11,true,true,false,144,WEEKEND15,,
V008884,C00673,2025-09-09,organic_search,P027,Urban Bottle 27,true,false,false,123,,,
V008885,C00765,2025-06-23,social,P026,Pure Band 26,true,false,false,11,,,
V008886,C00941,2025-08-05,social,P020,Essential Bag 20,true,false,false,96,,,
V008887,C00188,2025-07-23,referral,P017,Daily Lamp 17,true,false,false,82,,,
V008888,C00449,2025-08-10,paid_search,P001,Daily Lamp 01,true,false,false,14,LOYALTY10,,
V008889,C00209,2025-07-24,email,P010,Pure Band 10,true,false,true,73,,T003897,
V008890,C00556,2025-07-23,social,P025,Daily Lamp 25,true,false,false,131,,,
V008891,C00205,2025-10-25,email,P005,Bright Organizer 05,true,true,false,64,WEEKEND15,,
V008892,C00670,2025-10-04,social,P010,Pure Band 10,true,false,false,13,,,
V008893,C00975,2025-11-06,social,P016,Modern Serum 16,true,false,false,71,,,
V008894,C00249,2025-11-20,paid_search,P003,Urban Bottle 03,true,false,false,19,WELCOME5,,
V008895,C00739,2025-08-03,referral,P009,Daily Lamp 09,true,false,false,74,,,
V008896,C00520,2025-12-11,direct,P005,Bright Organizer 05,true,false,false,66,,,
V008897,C00685,2025-10-25,email,P010,Pure Band 10,true,true,false,68,,,
V008898,C00498,2025-06-08,organic_search,P004,Essential Bag 04,true,false,false,85,WELCOME5,,
V008899,C00911,2025-12-03,paid_search,P030,Active Mat 30,true,false,false,20,,,
V008900,C00639,2025-11-24,social,P002,Pure Band 02,true,false,false,53,WELCOME5,,
V008901,C00446,2025-10-26,email,P028,Essential Bag 28,true,false,false,55,,,
V008902,C00040,2025-12-03,organic_search,P021,Bright Organizer 21,true,true,false,97,,,
V008903,C00160,2025-03-08,organic_search,P019,Urban Bottle 19,true,true,false,60,,,
V008904,C00123,2025-01-27,paid_search,P014,Active Mat 14,true,false,false,16,WELCOME5,,
V008905,C00810,2025-03-18,paid_search,P013,Bright Organizer 13,true,false,false,34,,,
V008906,C00975,2025-11-27,referral,P017,Daily Lamp 17,true,false,false,25,LOYALTY10,,
V008907,C00647,2025-12-03,email,P016,Modern Serum 16,true,false,false,30,,,
V008908,C00730,2025-12-07,direct,P026,Pure Band 26,true,false,false,31,,,
V008909,C00607,2025-05-07,paid_search,P012,Essential Bag 12,true,false,true,91,,T002403,
V008910,C00993,2025-02-26,organic_search,P011,Urban Bottle 11,true,false,false,34,,,
V008911,C00906,2025-06-24,organic_search,P002,Pure Band 02,true,false,false,75,WELCOME5,,
V008912,C00306,2025-03-02,referral,P022,Active Mat 22,true,false,false,40,,,
V008913,C00068,2025-09-05,social,P005,Bright Organizer 05,true,false,false,51,,,
V008914,C00791,2025-01-14,email,P009,Daily Lamp 09,true,false,false,77,,,
V008915,C00924,2025-01-11,paid_search,P020,Essential Bag 20,true,false,false,17,,,
V008916,C00010,2025-07-26,paid_search,P006,Active Mat 06,false,false,false,95,WEEKEND15,,
V008917,C00064,2025-01-15,email,P017,Daily Lamp 17,true,true,false,320,,,
V008918,C00973,2025-03-21,referral,P012,Essential Bag 12,true,false,false,80,,,
V008919,C00648,2025-05-07,direct,P009,Daily Lamp 09,true,false,false,14,WELCOME5,,
V008920,C00763,2025-02-08,referral,P027,Urban Bottle 27,true,false,false,60,WEEKEND15,,
V008921,C00130,2025-04-25,organic_search,P018,Pure Band 18,true,false,false,37,,,
V008922,C00641,2025-06-02,social,P014,Active Mat 14,true,true,false,189,,,
V008923,C00961,2025-07-02,organic_search,P005,Bright Organizer 05,true,false,false,52,,,
V008924,C00085,2025-06-21,paid_search,P006,Active Mat 06,true,false,false,47,,,
V008925,C00061,2025-06-15,referral,P001,Daily Lamp 01,true,false,false,179,,,
V008926,C00877,2025-09-29,organic_search,P016,Modern Serum 16,false,false,false,60,WELCOME5,,
V008927,C00450,2025-04-26,paid_search,P027,Urban Bottle 27,true,false,false,17,WEEKEND15,,
V008928,C00668,2025-06-16,paid_search,P023,Calm Cream 23,true,false,false,62,LOYALTY10,,
V008929,C00164,2025-09-14,social,P008,Modern Serum 08,true,false,false,68,,,
V008930,C00209,2025-09-24,organic_search,P010,Pure Band 10,true,true,false,33,,,
V008931,C00265,2025-07-01,direct,P016,Modern Serum 16,true,false,false,69,,,
V008932,C00141,2025-08-11,paid_search,P019,Urban Bottle 19,true,false,false,101,,,
V008933,C00383,2025-12-27,direct,P026,Pure Band 26,false,false,false,23,,,
V008934,C00455,2025-05-28,organic_search,P008,Modern Serum 08,true,false,false,131,,,
V008935,C00783,2025-09-02,direct,P008,Modern Serum 08,true,false,false,127,,,
V008936,C00270,2025-05-27,direct,P017,Daily Lamp 17,true,false,false,24,,,
V008937,C00335,2025-07-07,paid_search,P029,Bright Organizer 29,true,true,false,167,WEEKEND15,,
V008938,C00542,2025-11-12,paid_search,P020,Essential Bag 20,true,false,false,46,,,
V008939,C00437,2025-04-21,social,P024,Modern Serum 24,true,false,false,28,WEEKEND15,,
V008940,C00285,2025-05-03,organic_search,P021,Bright Organizer 21,true,false,false,40,,,
V008941,C00724,2025-03-20,social,P007,Calm Cream 07,true,false,false,140,,,
V008942,C00339,2025-11-07,organic_search,P024,Modern Serum 24,true,true,false,41,,,
V008943,C00501,2025-07-05,organic_search,P004,Essential Bag 04,true,false,false,193,,,
V008944,C00374,2025-02-12,organic_search,P025,Daily Lamp 25,true,false,true,131,,T000795,
V008945,C00634,2025-10-19,email,P030,Active Mat 30,true,true,false,321,,,
V008946,C00462,2025-09-16,paid_search,P007,Calm Cream 07,true,false,false,263,,,
V008947,C00293,2025-06-09,email,P026,Pure Band 26,true,false,false,54,WEEKEND15,,
V008948,C00813,2025-01-28,email,P019,Urban Bottle 19,true,false,false,49,,,
V008949,C00237,2025-08-09,email,P009,Daily Lamp 09,true,false,false,123,,,
V008950,C00273,2025-01-08,paid_search,P006,Active Mat 06,true,false,false,18,,,
V008951,C00295,2025-12-19,email,P013,Bright Organizer 13,true,false,false,236,,,
V008952,C00198,2025-04-27,direct,P024,Modern Serum 24,true,false,false,58,,,
V008953,C00087,2025-04-06,paid_search,P012,Essential Bag 12,true,true,false,146,LOYALTY10,,
V008954,C00243,2025-12-13,organic_search,P027,Urban Bottle 27,true,false,false,39,,,
V008955,C00188,2025-11-02,direct,P027,Urban Bottle 27,true,false,false,83,,,
V008956,C00508,2025-02-11,organic_search,P015,Calm Cream 15,true,false,false,17,,,
V008957,C00244,2025-12-25,organic_search,P030,Active Mat 30,true,false,true,149,,T006498,
V008958,C00598,2025-03-06,organic_search,P015,Calm Cream 15,true,false,false,29,,,
V008959,C00941,2025-06-18,paid_search,P016,Modern Serum 16,true,false,true,122,WELCOME5,T003224,
V008960,C00348,2025-12-12,paid_search,P018,Pure Band 18,true,true,true,54,LOYALTY10,T006322,
V008961,C00727,2025-12-02,organic_search,P021,Bright Organizer 21,true,false,false,41,,,
V008962,C00077,2025-06-07,direct,P025,Daily Lamp 25,true,false,false,65,,,
V008963,C00227,2025-11-02,paid_search,P004,Essential Bag 04,true,false,false,40,,,
V008964,C00221,2025-10-31,direct,P019,Urban Bottle 19,false,false,false,16,LOYALTY10,,
V008965,C00631,2025-01-06,direct,P028,Essential Bag 28,true,false,false,68,,,
V008966,C00027,2025-12-20,direct,P021,Bright Organizer 21,true,false,false,144,,,
V008967,C00740,2025-05-15,social,P024,Modern Serum 24,true,true,true,116,,T002549,
V008968,C00927,2025-07-18,organic_search,P008,Modern Serum 08,true,false,false,48,,,
V008969,C00928,2025-08-06,direct,P006,Active Mat 06,true,false,false,30,,,
V008970,C00871,2025-01-26,social,P029,Bright Organizer 29,true,false,false,51,WEEKEND15,,
V008971,C00063,2025-04-16,organic_search,P001,Daily Lamp 01,true,false,false,136,,,
V008972,C00813,2025-02-21,organic_search,P016,Modern Serum 16,true,false,false,53,,,
V008973,C00561,2025-08-20,email,P014,Active Mat 14,true,false,false,62,,,
V008974,C00260,2025-06-29,direct,P023,Calm Cream 23,false,false,false,40,LOYALTY10,,
V008975,C00182,2025-09-10,referral,P019,Urban Bottle 19,true,false,false,11,,,
V008976,C00838,2025-10-27,direct,P018,Pure Band 18,false,false,false,49,,,
V008977,C00862,2025-04-05,paid_search,P016,Modern Serum 16,true,false,false,29,,,
V008978,C00808,2025-05-29,email,P003,Urban Bottle 03,true,true,true,214,,T002838,
V008979,C00798,2025-06-13,paid_search,P015,Calm Cream 15,true,false,false,43,LOYALTY10,,
V008980,C00745,2025-11-11,social,P006,Active Mat 06,true,false,false,229,WELCOME5,,
V008981,C00999,2025-01-09,referral,P009,Daily Lamp 09,true,false,false,34,,,
V008982,C00469,2025-01-13,direct,P015,Calm Cream 15,true,true,false,108,,,
V008983,C00022,2025-06-30,organic_search,P003,Urban Bottle 03,true,false,false,154,WEEKEND15,,
V008984,C00262,2025-10-08,paid_search,P024,Modern Serum 24,true,false,false,41,,,
V008985,C00411,2025-12-22,social,P029,Bright Organizer 29,true,false,false,116,WELCOME5,,
V008986,C00918,2025-02-19,paid_search,P021,Bright Organizer 21,true,false,false,108,WEEKEND15,,
V008987,C00603,2025-06-27,organic_search,P019,Urban Bottle 19,true,true,false,136,WEEKEND15,,
V008988,C00242,2025-04-18,organic_search,P024,Modern Serum 24,true,false,false,37,,,
V008989,C00314,2025-09-29,paid_search,P016,Modern Serum 16,false,false,false,58,,,
V008990,C00207,2025-11-27,organic_search,P017,Daily Lamp 17,true,false,false,81,WEEKEND15,,
V008991,C00104,2025-12-27,social,P016,Modern Serum 16,false,false,false,37,,,
V008992,C00345,2025-11-01,paid_search,P016,Modern Serum 16,true,true,false,106,WEEKEND15,,
V008993,C00740,2025-11-07,social,P011,Urban Bottle 11,true,false,false,18,,,
V008994,C00981,2025-08-01,organic_search,P029,Bright Organizer 29,true,false,false,11,,,
V008995,C00285,2025-08-08,social,P005,Bright Organizer 05,true,false,false,80,,,
V008996,C00596,2025-04-26,paid_search,P012,Essential Bag 12,true,true,true,80,,T002210,
V008997,C00916,2025-12-31,direct,P007,Calm Cream 07,true,false,true,21,,T006542,
V008998,C00337,2025-06-13,paid_search,P010,Pure Band 10,true,false,true,78,,T003133,
V008999,C00285,2025-01-19,social,P016,Modern Serum 16,true,true,false,111,,,
V009000,C00200,2025-11-29,social,P006,Active Mat 06,false,false,false,9,,,
V009001,C00361,2025-06-03,paid_search,P001,Daily Lamp 01,true,false,false,27,,,
V009002,C00150,2025-03-02,organic_search,P018,Pure Band 18,true,false,true,99,,T001138,
V009003,C00626,2025-11-13,organic_search,P016,Modern Serum 16,true,false,false,12,,,
V009004,C00409,2025-03-07,paid_search,P011,Urban Bottle 11,true,true,false,214,,,
V009005,C00686,2025-02-24,social,P005,Bright Organizer 05,true,false,false,114,,,
V009006,C00394,2025-11-19,email,P012,Essential Bag 12,false,false,false,88,LOYALTY10,,
V009007,C00470,2025-03-13,paid_search,P029,Bright Organizer 29,true,false,false,48,,,
V009008,C00226,2025-04-08,paid_search,P026,Pure Band 26,true,true,false,42,,,
V009009,C00375,2025-09-19,organic_search,P024,Modern Serum 24,true,false,false,113,,,
V009010,C00373,2025-10-10,email,P007,Calm Cream 07,true,false,false,104,,,
V009011,C00022,2025-04-07,paid_search,P024,Modern Serum 24,true,true,false,111,LOYALTY10,,
V009012,C00365,2025-07-12,paid_search,P027,Urban Bottle 27,true,false,false,98,,,
V009013,C00045,2025-11-16,paid_search,P021,Bright Organizer 21,true,true,false,125,,,
V009014,C00618,2025-04-04,direct,P003,Urban Bottle 03,true,false,false,30,,,
V009015,C00434,2025-12-22,social,P025,Daily Lamp 25,true,true,false,36,,,
V009016,C00727,2025-01-31,direct,P005,Bright Organizer 05,true,true,false,60,,,
V009017,C00126,2025-03-18,paid_search,P024,Modern Serum 24,true,true,false,116,LOYALTY10,,
V009018,C00032,2025-02-13,organic_search,P016,Modern Serum 16,true,false,false,30,,,
V009019,C00383,2025-08-20,social,P011,Urban Bottle 11,true,false,false,37,,,
V009020,C00055,2025-04-21,direct,P021,Bright Organizer 21,true,false,false,60,,,
V009021,C00406,2025-07-26,social,P014,Active Mat 14,true,false,false,115,,,
V009022,C00094,2025-04-19,paid_search,P021,Bright Organizer 21,true,false,false,52,,,
V009023,C00290,2025-03-26,paid_search,P010,Pure Band 10,true,false,false,19,,,
V009024,C00790,2025-08-27,email,P030,Active Mat 30,true,false,false,11,WELCOME5,,
V009025,C00010,2025-09-26,email,P002,Pure Band 02,true,true,false,244,,,
V009026,C00312,2025-09-16,direct,P004,Essential Bag 04,true,false,true,30,,T004838,
V009027,C00605,2025-09-05,organic_search,P003,Urban Bottle 03,true,false,false,46,,,
V009028,C00287,2025-03-13,referral,P016,Modern Serum 16,true,false,false,42,,,
V009029,C00888,2025-01-08,referral,P008,Modern Serum 08,true,false,false,39,,,
V009030,C00110,2025-12-18,organic_search,P001,Daily Lamp 01,true,false,false,200,,,
V009031,C00458,2025-04-09,paid_search,P017,Daily Lamp 17,true,false,false,35,,,
V009032,C00120,2025-08-25,organic_search,P007,Calm Cream 07,true,false,false,75,WELCOME5,,
V009033,C00511,2025-12-21,organic_search,P011,Urban Bottle 11,true,true,false,110,,,
V009034,C00679,2025-12-06,social,P005,Bright Organizer 05,true,false,false,29,,,
V009035,C00076,2025-09-08,organic_search,P019,Urban Bottle 19,true,false,false,13,,,
V009036,C00582,2025-12-16,paid_search,P030,Active Mat 30,true,false,false,13,LOYALTY10,,
V009037,C00964,2025-02-08,paid_search,P005,Bright Organizer 05,true,false,false,8,,,
V009038,C00069,2025-08-17,email,P023,Calm Cream 23,true,true,false,13,,,
V009039,C00754,2025-04-07,organic_search,P027,Urban Bottle 27,true,false,false,115,,,
V009040,C00684,2025-04-13,social,P011,Urban Bottle 11,true,false,false,201,,,
V009041,C00833,2025-06-25,email,P021,Bright Organizer 21,true,true,false,113,LOYALTY10,,
V009042,C00567,2025-06-07,organic_search,P030,Active Mat 30,true,false,false,51,WEEKEND15,,
V009043,C00681,2025-11-04,social,P025,Daily Lamp 25,true,false,false,88,,,
V009044,C00127,2025-09-01,social,P019,Urban Bottle 19,true,false,false,40,,,
V009045,C00021,2025-04-17,organic_search,P017,Daily Lamp 17,true,false,false,69,,,
V009046,C00228,2025-07-04,social,P007,Calm Cream 07,true,false,false,58,,,
V009047,C00407,2025-02-18,social,P012,Essential Bag 12,true,false,false,40,,,
V009048,C00743,2025-11-28,organic_search,P014,Active Mat 14,false,false,false,54,,,
V009049,C00441,2025-06-15,paid_search,P016,Modern Serum 16,true,false,false,21,,,
V009050,C00315,2025-01-18,email,P022,Active Mat 22,true,true,false,227,WELCOME5,,
V009051,C00900,2025-02-28,organic_search,P026,Pure Band 26,true,false,false,56,,,
V009052,C00781,2025-10-14,direct,P011,Urban Bottle 11,true,true,true,34,,T005308,
V009053,C00787,2025-06-07,direct,P028,Essential Bag 28,true,false,false,70,LOYALTY10,,
V009054,C00015,2025-08-21,organic_search,P019,Urban Bottle 19,false,false,false,10,,,
V009055,C00629,2025-07-23,organic_search,P017,Daily Lamp 17,true,false,false,39,LOYALTY10,,
V009056,C00891,2025-09-01,organic_search,P007,Calm Cream 07,true,false,false,87,,,
V009057,C00717,2025-05-03,email,P026,Pure Band 26,true,false,false,122,,,
V009058,C00259,2025-08-04,social,P005,Bright Organizer 05,true,false,false,65,,,
V009059,C00660,2025-01-21,organic_search,P029,Bright Organizer 29,true,false,false,48,,,
V009060,C00415,2025-07-22,organic_search,P015,Calm Cream 15,true,false,false,68,,,
V009061,C00171,2025-07-25,direct,P023,Calm Cream 23,false,false,false,62,,,
V009062,C00366,2025-10-17,referral,P020,Essential Bag 20,true,false,true,82,,T005379,
V009063,C00522,2025-09-05,organic_search,P024,Modern Serum 24,true,true,false,156,WELCOME5,,
V009064,C00053,2025-03-08,social,P007,Calm Cream 07,true,false,false,34,,,
V009065,C00589,2025-01-28,organic_search,P023,Calm Cream 23,true,false,false,60,,,
V009066,C00568,2025-09-02,social,P009,Daily Lamp 09,true,true,false,71,,,
V009067,C00844,2025-01-18,paid_search,P028,Essential Bag 28,true,false,false,75,LOYALTY10,,
V009068,C00816,2025-10-28,organic_search,P029,Bright Organizer 29,true,false,false,210,WEEKEND15,,
V009069,C00612,2025-02-19,email,P002,Pure Band 02,true,false,false,32,,,
V009070,C00863,2025-11-21,paid_search,P003,Urban Bottle 03,true,false,false,34,,,
V009071,C00326,2025-09-27,organic_search,P028,Essential Bag 28,true,false,false,114,,,
V009072,C00168,2025-10-16,organic_search,P010,Pure Band 10,true,false,false,58,,,
V009073,C00483,2025-09-21,direct,P001,Daily Lamp 01,true,false,false,38,WELCOME5,,
V009074,C00861,2025-06-01,organic_search,P021,Bright Organizer 21,true,false,false,65,,,
V009075,C00098,2025-11-07,email,P003,Urban Bottle 03,true,false,false,26,,,
V009076,C00080,2025-08-09,direct,P022,Active Mat 22,true,false,false,29,,,
V009077,C00235,2025-12-03,paid_search,P011,Urban Bottle 11,true,false,false,56,,,
V009078,C00259,2025-04-29,paid_search,P009,Daily Lamp 09,true,false,false,26,,,
V009079,C00062,2025-07-27,direct,P028,Essential Bag 28,true,false,false,39,,,
V009080,C00217,2025-04-09,paid_search,P019,Urban Bottle 19,true,false,false,80,,,
V009081,C00309,2025-10-14,paid_search,P010,Pure Band 10,true,false,false,127,WEEKEND15,,
V009082,C00353,2025-01-05,organic_search,P023,Calm Cream 23,true,false,false,89,,,
V009083,C00254,2025-02-15,social,P026,Pure Band 26,true,false,false,50,,,
V009084,C00090,2025-08-25,organic_search,P015,Calm Cream 15,true,false,false,31,,,
V009085,C00165,2025-02-03,email,P004,Essential Bag 04,true,false,false,111,,,
V009086,C00598,2025-10-19,direct,P028,Essential Bag 28,true,false,false,128,,,
V009087,C00248,2025-04-21,direct,P009,Daily Lamp 09,true,false,true,150,LOYALTY10,T002123,
V009088,C00639,2025-04-25,email,P027,Urban Bottle 27,true,false,false,10,WELCOME5,,
V009089,C00361,2025-12-19,email,P002,Pure Band 02,true,false,false,49,,,
V009090,C00081,2025-06-20,organic_search,P016,Modern Serum 16,true,false,false,18,,,
V009091,C00512,2025-01-17,paid_search,P021,Bright Organizer 21,true,false,true,72,,T000313,
V009092,C00927,2025-05-22,social,P001,Daily Lamp 01,false,false,false,37,,,
V009093,C00564,2025-12-12,email,P023,Calm Cream 23,true,false,false,35,WEEKEND15,,
V009094,C00517,2025-10-10,email,P008,Modern Serum 08,true,true,false,49,,,
V009095,C00095,2025-06-06,email,P013,Bright Organizer 13,true,false,false,32,,,
V009096,C00390,2025-03-02,social,P023,Calm Cream 23,true,false,false,26,,,
V009097,C00762,2025-04-05,organic_search,P002,Pure Band 02,true,false,false,20,,,
V009098,C00371,2025-06-25,organic_search,P029,Bright Organizer 29,true,false,false,280,,,
V009099,C00127,2025-06-28,paid_search,P006,Active Mat 06,false,false,false,38,WEEKEND15,,
V009100,C00387,2025-08-18,email,P029,Bright Organizer 29,true,true,false,24,LOYALTY10,,
V009101,C00754,2025-07-26,referral,P019,Urban Bottle 19,false,false,false,15,,,
V009102,C00156,2025-07-04,social,P023,Calm Cream 23,true,false,false,194,,,
V009103,C00409,2025-08-27,paid_search,P026,Pure Band 26,true,false,false,156,,,
V009104,C00194,2025-01-17,direct,P003,Urban Bottle 03,true,false,false,52,,,
V009105,C00063,2025-04-06,organic_search,P030,Active Mat 30,true,false,false,34,LOYALTY10,,
V009106,C00306,2025-12-04,organic_search,P001,Daily Lamp 01,true,false,false,88,,,
V009107,C00125,2025-12-07,organic_search,P025,Daily Lamp 25,true,true,true,82,,T006227,
V009108,C00249,2025-09-14,social,P029,Bright Organizer 29,true,false,false,37,,,
V009109,C00648,2025-03-18,direct,P013,Bright Organizer 13,true,false,false,116,,,
V009110,C00151,2025-09-12,email,P004,Essential Bag 04,true,true,false,14,,,
V009111,C00915,2025-07-10,paid_search,P002,Pure Band 02,true,true,false,53,,,
V009112,C00005,2025-10-10,organic_search,P016,Modern Serum 16,true,false,false,86,LOYALTY10,,
V009113,C00260,2025-12-12,direct,P009,Daily Lamp 09,true,false,false,26,,,
V009114,C00529,2025-08-12,paid_search,P012,Essential Bag 12,true,false,false,5,,,
V009115,C00596,2025-04-21,email,P001,Daily Lamp 01,true,false,false,46,WEEKEND15,,
V009116,C00725,2025-03-01,direct,P003,Urban Bottle 03,true,false,false,64,,,
V009117,C00067,2025-12-14,organic_search,P008,Modern Serum 08,true,false,false,164,,,
V009118,C00053,2025-11-18,direct,P030,Active Mat 30,true,false,false,64,,,
V009119,C00197,2025-02-24,paid_search,P028,Essential Bag 28,true,false,false,92,,,
V009120,C00690,2025-12-10,social,P022,Active Mat 22,true,false,false,54,,,
V009121,C00267,2025-01-25,organic_search,P002,Pure Band 02,true,false,false,36,,,
V009122,C00204,2025-04-03,organic_search,P025,Daily Lamp 25,true,false,false,62,,,
V009123,C00108,2025-02-24,social,P014,Active Mat 14,true,false,false,55,WELCOME5,,
V009124,C00706,2025-03-08,email,P019,Urban Bottle 19,true,false,false,65,,,
V009125,C00709,2025-12-23,organic_search,P026,Pure Band 26,false,false,false,51,,,
V009126,C00161,2025-03-02,organic_search,P013,Bright Organizer 13,true,false,false,13,,,
V009127,C00171,2025-07-03,email,P022,Active Mat 22,true,false,false,39,,,
V009128,C00143,2025-05-12,paid_search,P008,Modern Serum 08,true,false,true,287,,T002501,
V009129,C00182,2025-07-11,social,P022,Active Mat 22,true,false,false,133,WEEKEND15,,
V009130,C00867,2025-03-22,organic_search,P022,Active Mat 22,true,false,false,117,WELCOME5,,
V009131,C00228,2025-10-23,organic_search,P007,Calm Cream 07,true,false,false,43,,,
V009132,C00449,2025-04-22,paid_search,P015,Calm Cream 15,true,false,false,13,,,
V009133,C00880,2025-05-06,organic_search,P027,Urban Bottle 27,true,false,false,66,,,
V009134,C00995,2025-07-19,paid_search,P012,Essential Bag 12,false,false,false,18,,,
V009135,C00981,2025-01-27,email,P006,Active Mat 06,true,false,false,65,WEEKEND15,,
V009136,C00782,2025-02-15,email,P003,Urban Bottle 03,true,false,false,38,,,
V009137,C00943,2025-02-12,direct,P027,Urban Bottle 27,true,false,false,63,,,
V009138,C00886,2025-05-15,paid_search,P004,Essential Bag 04,true,true,false,251,,,
V009139,C00095,2025-04-02,social,P003,Urban Bottle 03,true,false,false,11,,,
V009140,C00392,2025-05-01,organic_search,P028,Essential Bag 28,true,false,false,18,,,
V009141,C00708,2025-12-25,organic_search,P016,Modern Serum 16,false,false,false,26,,,
V009142,C00930,2025-06-17,direct,P004,Essential Bag 04,true,false,false,71,LOYALTY10,,
V009143,C00323,2025-04-12,organic_search,P008,Modern Serum 08,true,false,false,83,,,
V009144,C00251,2025-03-30,paid_search,P015,Calm Cream 15,true,true,true,104,,T001696,
V009145,C00957,2025-01-19,organic_search,P001,Daily Lamp 01,true,false,false,64,,,
V009146,C00092,2025-12-08,organic_search,P020,Essential Bag 20,true,false,false,11,,,
V009147,C00308,2025-06-25,paid_search,P021,Bright Organizer 21,true,false,true,35,,T003358,
V009148,C00198,2025-08-13,referral,P013,Bright Organizer 13,true,false,false,99,,,
V009149,C00926,2025-05-15,paid_search,P001,Daily Lamp 01,true,true,false,67,,,
V009150,C00171,2025-06-09,paid_search,P002,Pure Band 02,true,false,false,72,WEEKEND15,,
V009151,C00761,2025-11-24,paid_search,P019,Urban Bottle 19,false,false,false,83,WEEKEND15,,
V009152,C00327,2025-12-26,paid_search,P004,Essential Bag 04,false,false,false,44,,,
V009153,C00763,2025-01-23,social,P019,Urban Bottle 19,true,false,false,37,LOYALTY10,,
V009154,C00764,2025-05-20,referral,P020,Essential Bag 20,true,false,false,30,,,
V009155,C00411,2025-10-01,direct,P028,Essential Bag 28,true,false,false,132,LOYALTY10,,
V009156,C00484,2025-08-03,organic_search,P019,Urban Bottle 19,true,false,false,18,LOYALTY10,,
V009157,C00900,2025-12-22,direct,P007,Calm Cream 07,true,false,false,120,,,
V009158,C00775,2025-11-25,organic_search,P002,Pure Band 02,true,false,false,89,WELCOME5,,
V009159,C00153,2025-11-21,social,P020,Essential Bag 20,true,false,true,170,,T005975,
V009160,C00096,2025-05-10,social,P022,Active Mat 22,true,false,false,10,,,
V009161,C00347,2025-11-19,organic_search,P016,Modern Serum 16,false,false,false,53,,,
V009162,C00749,2025-10-21,email,P017,Daily Lamp 17,true,false,false,5,,,
V009163,C00977,2025-01-18,social,P011,Urban Bottle 11,true,false,false,78,,,
V009164,C00657,2025-03-05,direct,P002,Pure Band 02,true,false,false,61,,,
V009165,C00959,2025-12-29,organic_search,P001,Daily Lamp 01,false,false,false,80,,,
V009166,C00368,2025-02-13,paid_search,P028,Essential Bag 28,true,false,false,43,WEEKEND15,,
V009167,C00939,2025-06-16,referral,P003,Urban Bottle 03,true,false,false,42,,,
V009168,C00321,2025-05-14,email,P029,Bright Organizer 29,true,false,false,169,,,
V009169,C00940,2025-11-15,direct,P013,Bright Organizer 13,true,false,false,39,,,
V009170,C00550,2025-07-13,paid_search,P016,Modern Serum 16,true,false,false,24,,,
V009171,C00925,2025-06-27,referral,P022,Active Mat 22,true,false,false,133,,,
V009172,C00499,2025-07-04,email,P028,Essential Bag 28,true,false,false,33,,,
V009173,C00284,2025-02-28,paid_search,P021,Bright Organizer 21,true,false,false,37,,,
V009174,C00952,2025-08-18,social,P027,Urban Bottle 27,true,false,false,38,,,
V009175,C00800,2025-12-23,email,P020,Essential Bag 20,true,true,false,72,WEEKEND15,,
V009176,C00333,2025-12-15,organic_search,P010,Pure Band 10,true,true,false,76,,,
V009177,C00247,2025-05-10,social,P009,Daily Lamp 09,true,true,false,53,,,
V009178,C00700,2025-10-26,paid_search,P027,Urban Bottle 27,true,false,false,67,,,
V009179,C00042,2025-05-05,organic_search,P020,Essential Bag 20,true,false,false,34,,,
V009180,C00165,2025-08-08,organic_search,P006,Active Mat 06,true,false,false,117,,,
V009181,C00577,2025-07-25,organic_search,P024,Modern Serum 24,true,true,false,34,,,
V009182,C00528,2025-11-02,direct,P010,Pure Band 10,true,false,false,82,,,
V009183,C00901,2025-03-05,direct,P009,Daily Lamp 09,true,true,true,218,,T001189,
V009184,C00224,2025-08-10,organic_search,P014,Active Mat 14,true,false,true,25,WEEKEND15,T004190,
V009185,C00210,2025-07-26,social,P001,Daily Lamp 01,false,false,false,46,WEEKEND15,,
V009186,C00665,2025-04-02,paid_search,P029,Bright Organizer 29,true,false,false,30,,,
V009187,C00237,2025-10-04,email,P008,Modern Serum 08,true,false,true,47,,T005122,
V009188,C00915,2025-09-14,paid_search,P016,Modern Serum 16,false,false,false,29,WELCOME5,,
V009189,C00741,2025-11-16,email,P020,Essential Bag 20,true,false,false,355,,,
V009190,C00105,2025-12-17,organic_search,P004,Essential Bag 04,true,false,false,51,,,
V009191,C00826,2025-04-02,email,P001,Daily Lamp 01,true,false,false,42,WEEKEND15,,
V009192,C00929,2025-11-20,organic_search,P012,Essential Bag 12,false,false,false,117,,,
V009193,C00572,2025-07-23,direct,P013,Bright Organizer 13,true,false,false,115,WELCOME5,,
V009194,C00348,2025-04-02,paid_search,P011,Urban Bottle 11,true,false,false,50,,,
V009195,C00892,2025-11-05,direct,P023,Calm Cream 23,true,false,false,23,,,
V009196,C00750,2025-03-22,social,P025,Daily Lamp 25,true,false,false,57,WELCOME5,,
V009197,C00189,2025-03-31,social,P030,Active Mat 30,true,false,false,389,,,
V009198,C00183,2025-03-23,organic_search,P007,Calm Cream 07,true,false,false,168,WEEKEND15,,
V009199,C00784,2025-05-24,organic_search,P007,Calm Cream 07,true,false,false,10,,,
V009200,C00155,2025-11-03,direct,P016,Modern Serum 16,true,false,false,40,,,
V009201,C00870,2025-09-09,organic_search,P010,Pure Band 10,true,false,false,321,,,
V009202,C00559,2025-12-12,direct,P005,Bright Organizer 05,true,true,false,28,WEEKEND15,,
V009203,C00316,2025-04-03,email,P024,Modern Serum 24,true,true,false,47,,,
V009204,C00798,2025-11-25,organic_search,P002,Pure Band 02,true,true,false,41,,,
V009205,C00948,2025-12-18,organic_search,P028,Essential Bag 28,true,false,false,19,,,
V009206,C00213,2025-01-01,social,P011,Urban Bottle 11,true,false,false,5,,,
V009207,C00501,2025-04-19,organic_search,P017,Daily Lamp 17,true,false,false,94,,,
V009208,C00799,2025-09-01,email,P022,Active Mat 22,true,false,true,50,,T004549,
V009209,C00368,2025-11-22,organic_search,P015,Calm Cream 15,true,false,false,80,,,
V009210,C00601,2025-03-25,organic_search,P005,Bright Organizer 05,true,true,true,103,,T001610,
V009211,C00097,2025-02-06,paid_search,P028,Essential Bag 28,true,true,false,98,,,
V009212,C00386,2025-07-16,paid_search,P014,Active Mat 14,true,false,false,153,,,
V009213,C00947,2025-05-14,organic_search,P013,Bright Organizer 13,true,false,false,19,,,
V009214,C00937,2025-11-13,direct,P006,Active Mat 06,true,true,false,68,,,
V009215,C00278,2025-05-02,organic_search,P013,Bright Organizer 13,true,false,false,26,WEEKEND15,,
V009216,C00516,2025-03-09,direct,P022,Active Mat 22,true,false,false,92,,,
V009217,C00014,2025-02-12,organic_search,P006,Active Mat 06,true,false,false,54,,,
V009218,C00612,2025-10-07,referral,P028,Essential Bag 28,true,false,false,24,,,
V009219,C00931,2025-06-05,social,P016,Modern Serum 16,true,true,false,66,,,
V009220,C00793,2025-07-14,social,P006,Active Mat 06,true,false,false,27,,,
V009221,C00284,2025-08-06,email,P026,Pure Band 26,true,false,false,20,,,
V009222,C00174,2025-05-17,social,P014,Active Mat 14,true,false,false,32,,,
V009223,C00667,2025-04-06,paid_search,P016,Modern Serum 16,true,false,false,201,,,
V009224,C00388,2025-01-15,referral,P002,Pure Band 02,true,true,false,176,,,
V009225,C00379,2025-12-01,social,P007,Calm Cream 07,true,false,false,16,WELCOME5,,
V009226,C00691,2025-01-26,organic_search,P005,Bright Organizer 05,true,false,false,21,LOYALTY10,,
V009227,C00651,2025-06-01,organic_search,P013,Bright Organizer 13,true,false,false,90,,,
V009228,C00878,2025-08-26,organic_search,P015,Calm Cream 15,true,true,false,28,,,
V009229,C00653,2025-10-27,social,P004,Essential Bag 04,false,false,false,117,WEEKEND15,,
V009230,C00831,2025-04-07,social,P023,Calm Cream 23,true,false,false,64,,,
V009231,C00767,2025-02-21,paid_search,P006,Active Mat 06,true,false,false,5,WELCOME5,,
V009232,C00967,2025-06-29,direct,P007,Calm Cream 07,true,true,false,42,WEEKEND15,,
V009233,C00690,2025-03-06,organic_search,P009,Daily Lamp 09,true,true,false,55,,,
V009234,C00463,2025-02-01,social,P010,Pure Band 10,true,true,false,48,,,
V009235,C00083,2025-05-20,paid_search,P020,Essential Bag 20,true,false,false,52,,,
V009236,C00386,2025-09-08,paid_search,P025,Daily Lamp 25,true,false,false,16,WELCOME5,,
V009237,C00944,2025-04-09,referral,P019,Urban Bottle 19,true,false,false,40,,,
V009238,C00291,2025-05-15,social,P010,Pure Band 10,true,false,false,55,,,
V009239,C00321,2025-01-13,email,P005,Bright Organizer 05,true,true,true,121,,T000235,
V009240,C00160,2025-12-24,paid_search,P030,Active Mat 30,true,true,false,16,,,
V009241,C00888,2025-05-11,organic_search,P024,Modern Serum 24,true,false,true,16,,T002480,
V009242,C00906,2025-07-16,social,P018,Pure Band 18,true,false,false,32,,,
V009243,C00754,2025-02-06,email,P007,Calm Cream 07,true,true,false,257,LOYALTY10,,
V009244,C00952,2025-12-05,organic_search,P028,Essential Bag 28,true,false,false,67,WELCOME5,,
V009245,C00795,2025-12-05,organic_search,P029,Bright Organizer 29,true,false,false,32,,,
V009246,C00639,2025-03-14,organic_search,P009,Daily Lamp 09,true,false,false,27,,,
V009247,C00117,2025-04-11,email,P006,Active Mat 06,true,true,false,30,,,
V009248,C00705,2025-04-23,organic_search,P014,Active Mat 14,true,false,false,25,,,
V009249,C00735,2025-09-23,organic_search,P009,Daily Lamp 09,true,true,false,109,,,
V009250,C00924,2025-02-12,direct,P027,Urban Bottle 27,true,true,false,22,LOYALTY10,,
V009251,C00230,2025-04-24,email,P017,Daily Lamp 17,true,false,false,20,,,
V009252,C00674,2025-02-14,social,P021,Bright Organizer 21,true,false,false,58,,,
V009253,C00610,2025-01-22,organic_search,P026,Pure Band 26,true,false,true,24,,T000413,
V009254,C00154,2025-11-04,organic_search,P011,Urban Bottle 11,true,false,false,92,,,
V009255,C00397,2025-01-23,direct,P002,Pure Band 02,true,false,false,38,,,
V009256,C00345,2025-05-30,organic_search,P008,Modern Serum 08,true,false,true,56,,T002863,
V009257,C00128,2025-04-23,email,P029,Bright Organizer 29,true,false,false,26,,,
V009258,C00027,2025-01-25,organic_search,P030,Active Mat 30,true,false,false,26,,,
V009259,C00859,2025-09-07,referral,P005,Bright Organizer 05,true,false,false,45,,,
V009260,C00598,2025-12-02,social,P009,Daily Lamp 09,true,false,true,103,,T006123,
V009261,C00620,2025-03-25,direct,P012,Essential Bag 12,true,false,false,25,,,
V009262,C00290,2025-10-04,paid_search,P004,Essential Bag 04,true,false,false,147,,,
V009263,C00490,2025-11-17,paid_search,P019,Urban Bottle 19,false,false,false,44,WELCOME5,,
V009264,C00426,2025-01-19,organic_search,P025,Daily Lamp 25,true,false,true,28,,T000358,
V009265,C00477,2025-12-15,direct,P026,Pure Band 26,false,false,false,106,,,
V009266,C00606,2025-01-05,paid_search,P025,Daily Lamp 25,true,false,false,116,,,
V009267,C00095,2025-02-12,paid_search,P001,Daily Lamp 01,true,false,false,162,,,
V009268,C00848,2025-09-20,email,P014,Active Mat 14,false,false,false,44,,,
V009269,C00789,2025-10-27,email,P016,Modern Serum 16,false,false,false,36,WELCOME5,,
V009270,C00448,2025-09-08,social,P003,Urban Bottle 03,true,true,false,45,WELCOME5,,
V009271,C00597,2025-03-01,paid_search,P015,Calm Cream 15,true,false,false,42,,,
V009272,C00593,2025-04-09,organic_search,P008,Modern Serum 08,true,false,false,123,,,
V009273,C00974,2025-01-03,email,P010,Pure Band 10,true,false,false,184,WEEKEND15,,
V009274,C00989,2025-07-04,email,P011,Urban Bottle 11,true,false,false,204,,,
V009275,C00974,2025-02-18,organic_search,P016,Modern Serum 16,true,false,false,14,,,
V009276,C00309,2025-04-09,direct,P030,Active Mat 30,true,false,false,26,,,
V009277,C00836,2025-02-03,social,P021,Bright Organizer 21,true,false,false,41,,,
V009278,C00997,2025-06-19,direct,P007,Calm Cream 07,true,true,false,71,WELCOME5,,
V009279,C00669,2025-12-01,organic_search,P014,Active Mat 14,true,false,false,19,,,
V009280,C00191,2025-01-02,paid_search,P001,Daily Lamp 01,true,false,false,83,,,
V009281,C00619,2025-09-29,email,P013,Bright Organizer 13,true,false,false,75,,,
V009282,C00150,2025-09-25,referral,P024,Modern Serum 24,true,false,false,32,,,
V009283,C00922,2025-08-22,email,P007,Calm Cream 07,true,true,true,318,,T004411,
V009284,C00663,2025-12-15,email,P021,Bright Organizer 21,true,false,false,14,,,
V009285,C00600,2025-01-08,social,P029,Bright Organizer 29,true,true,false,30,,,
V009286,C00773,2025-09-30,paid_search,P003,Urban Bottle 03,true,false,false,188,,,
V009287,C00103,2025-06-10,email,P017,Daily Lamp 17,true,false,false,161,,,
V009288,C00614,2025-11-05,organic_search,P021,Bright Organizer 21,true,false,false,53,,,
V009289,C00258,2025-09-16,social,P026,Pure Band 26,true,false,false,29,,,
V009290,C00749,2025-03-06,organic_search,P008,Modern Serum 08,true,false,false,37,,,
V009291,C00563,2025-02-12,direct,P024,Modern Serum 24,true,false,false,65,,,
V009292,C00874,2025-07-07,direct,P001,Daily Lamp 01,true,false,false,5,,,
V009293,C00186,2025-12-24,paid_search,P005,Bright Organizer 05,false,false,false,23,,,
V009294,C00798,2025-01-20,social,P016,Modern Serum 16,true,false,false,26,WELCOME5,,
V009295,C00139,2025-01-21,direct,P005,Bright Organizer 05,true,false,false,9,,,
V009296,C00431,2025-11-27,organic_search,P017,Daily Lamp 17,true,false,false,12,,,
V009297,C00538,2025-10-04,organic_search,P010,Pure Band 10,true,false,false,26,,,
V009298,C00659,2025-03-12,paid_search,P030,Active Mat 30,true,false,false,9,,,
V009299,C00533,2025-01-11,paid_search,P010,Pure Band 10,true,true,false,121,,,
V009300,C00986,2025-09-18,email,P023,Calm Cream 23,false,false,false,236,,,
V009301,C00037,2025-08-01,paid_search,P018,Pure Band 18,true,false,false,30,,,
V009302,C00912,2025-02-27,social,P008,Modern Serum 08,true,false,false,26,,,
V009303,C00399,2025-06-04,paid_search,P014,Active Mat 14,true,false,false,44,,,
V009304,C00064,2025-06-12,email,P014,Active Mat 14,true,false,false,173,,,
V009305,C00926,2025-10-14,organic_search,P009,Daily Lamp 09,true,false,false,66,,,
V009306,C00046,2025-12-01,email,P010,Pure Band 10,true,true,false,71,,,
V009307,C00349,2025-09-05,email,P015,Calm Cream 15,true,true,true,119,,T004627,
V009308,C00810,2025-06-26,organic_search,P020,Essential Bag 20,true,false,false,17,,,
V009309,C00836,2025-05-11,organic_search,P002,Pure Band 02,true,true,false,152,,,
V009310,C00016,2025-08-05,paid_search,P017,Daily Lamp 17,true,true,true,97,,T004069,
V009311,C00369,2025-08-22,referral,P028,Essential Bag 28,true,false,false,35,,,
V009312,C00282,2025-03-06,referral,P006,Active Mat 06,true,true,false,212,,,
V009313,C00885,2025-05-30,social,P010,Pure Band 10,true,false,false,32,LOYALTY10,,
V009314,C00951,2025-02-08,email,P024,Modern Serum 24,true,true,false,76,,,
V009315,C00818,2025-06-16,email,P003,Urban Bottle 03,true,false,false,40,,,
V009316,C00474,2025-11-01,organic_search,P019,Urban Bottle 19,true,true,false,270,,,
V009317,C00726,2025-05-25,social,P023,Calm Cream 23,true,false,false,64,,,
V009318,C00535,2025-08-12,direct,P002,Pure Band 02,true,true,true,256,LOYALTY10,T004221,
V009319,C00981,2025-05-16,social,P009,Daily Lamp 09,true,true,false,132,,,
V009320,C00702,2025-09-10,organic_search,P005,Bright Organizer 05,true,false,false,41,,,
V009321,C00610,2025-12-11,social,P006,Active Mat 06,true,false,false,92,,,
V009322,C00900,2025-06-14,social,P012,Essential Bag 12,true,false,false,95,LOYALTY10,,
V009323,C00028,2025-05-23,social,P027,Urban Bottle 27,true,false,false,73,,,
V009324,C00318,2025-07-13,direct,P002,Pure Band 02,true,false,false,116,,,
V009325,C00281,2025-07-08,paid_search,P020,Essential Bag 20,true,false,false,91,,,
V009326,C00987,2025-03-09,social,P019,Urban Bottle 19,true,false,false,15,,,
V009327,C00683,2025-04-18,paid_search,P008,Modern Serum 08,true,false,false,79,,,
V009328,C00445,2025-08-07,organic_search,P010,Pure Band 10,true,false,false,79,,,
V009329,C00930,2025-03-18,social,P005,Bright Organizer 05,true,false,false,33,,,
V009330,C00222,2025-11-20,email,P013,Bright Organizer 13,true,false,false,80,,,
V009331,C00540,2025-11-13,social,P027,Urban Bottle 27,true,true,false,143,,,
V009332,C00630,2025-05-05,paid_search,P028,Essential Bag 28,true,false,false,29,,,
V009333,C00571,2025-06-15,referral,P014,Active Mat 14,true,false,false,27,,,
V009334,C00291,2025-09-06,direct,P013,Bright Organizer 13,true,false,false,6,,,
V009335,C00517,2025-08-09,referral,P011,Urban Bottle 11,true,false,false,12,,,
V009336,C00126,2025-01-30,paid_search,P008,Modern Serum 08,true,false,false,31,WELCOME5,,
V009337,C00796,2025-05-10,referral,P012,Essential Bag 12,true,true,true,86,,T002460,
V009338,C00322,2025-05-06,organic_search,P004,Essential Bag 04,true,false,false,45,,,
V009339,C00838,2025-05-10,social,P004,Essential Bag 04,true,false,false,30,,,
V009340,C00944,2025-05-30,direct,P016,Modern Serum 16,true,false,false,31,,,
V009341,C00243,2025-01-11,organic_search,P013,Bright Organizer 13,true,false,false,41,,,
V009342,C00593,2025-06-30,social,P016,Modern Serum 16,true,false,false,92,,,
V009343,C00635,2025-04-11,paid_search,P020,Essential Bag 20,true,true,false,92,LOYALTY10,,
V009344,C00215,2025-01-21,social,P012,Essential Bag 12,true,false,false,16,,,
V009345,C00667,2025-10-29,organic_search,P010,Pure Band 10,true,false,false,113,,,
V009346,C00501,2025-09-23,direct,P007,Calm Cream 07,true,false,false,50,,,
V009347,C00601,2025-08-31,organic_search,P014,Active Mat 14,false,false,false,133,,,
V009348,C00292,2025-10-31,email,P001,Daily Lamp 01,false,false,false,58,,,
V009349,C00724,2025-06-11,paid_search,P025,Daily Lamp 25,true,false,false,50,,,
V009350,C00533,2025-12-04,organic_search,P003,Urban Bottle 03,true,false,false,37,WELCOME5,,
V009351,C00027,2025-06-12,email,P010,Pure Band 10,true,false,false,858,,,
V009352,C00176,2025-01-06,paid_search,P005,Bright Organizer 05,true,false,false,108,,,
V009353,C00667,2025-07-14,organic_search,P019,Urban Bottle 19,true,false,false,32,,,
V009354,C00928,2025-07-22,social,P025,Daily Lamp 25,true,true,false,62,LOYALTY10,,
V009355,C00226,2025-04-13,organic_search,P027,Urban Bottle 27,true,false,false,8,,,
V009356,C00640,2025-08-17,direct,P016,Modern Serum 16,true,false,false,181,,,
V009357,C00847,2025-10-12,email,P030,Active Mat 30,true,true,true,50,,T005289,
V009358,C00694,2025-09-10,organic_search,P006,Active Mat 06,true,false,false,68,,,
V009359,C00799,2025-01-23,email,P002,Pure Band 02,true,false,false,74,WEEKEND15,,
V009360,C00247,2025-09-10,social,P021,Bright Organizer 21,true,false,false,43,WELCOME5,,
V009361,C00057,2025-09-30,referral,P005,Bright Organizer 05,false,false,false,49,,,
V009362,C00571,2025-05-22,email,P014,Active Mat 14,true,true,false,139,,,
V009363,C00782,2025-07-11,direct,P008,Modern Serum 08,true,false,false,21,,,
V009364,C00321,2025-11-09,email,P015,Calm Cream 15,true,false,false,225,LOYALTY10,,
V009365,C00573,2025-08-16,organic_search,P028,Essential Bag 28,true,false,false,68,,,
V009366,C00670,2025-07-28,referral,P005,Bright Organizer 05,false,false,false,159,,,
V009367,C00121,2025-10-29,organic_search,P013,Bright Organizer 13,true,false,false,99,,,
V009368,C00684,2025-02-28,paid_search,P030,Active Mat 30,true,true,false,216,,,
V009369,C00818,2025-03-19,direct,P024,Modern Serum 24,true,false,true,51,,T001484,
V009370,C00839,2025-12-22,email,P026,Pure Band 26,false,false,false,49,,,
V009371,C00072,2025-01-29,email,P028,Essential Bag 28,true,false,false,26,,,
V009372,C00105,2025-08-28,social,P030,Active Mat 30,true,false,false,45,WEEKEND15,,
V009373,C00848,2025-12-02,paid_search,P029,Bright Organizer 29,true,false,false,71,,,
V009374,C00919,2025-05-09,paid_search,P027,Urban Bottle 27,true,false,false,32,,,
V009375,C00195,2025-03-17,referral,P029,Bright Organizer 29,true,true,true,167,,T001425,
V009376,C00463,2025-08-20,paid_search,P001,Daily Lamp 01,false,false,false,55,WEEKEND15,,
V009377,C00680,2025-11-03,email,P017,Daily Lamp 17,true,false,false,68,,,
V009378,C00217,2025-04-07,paid_search,P016,Modern Serum 16,true,false,false,28,WELCOME5,,
V009379,C00538,2025-01-25,social,P023,Calm Cream 23,true,false,false,31,,,
V009380,C00490,2025-04-17,direct,P013,Bright Organizer 13,true,true,false,318,,,
V009381,C00967,2025-09-16,paid_search,P026,Pure Band 26,true,false,true,180,,T004848,
V009382,C00895,2025-11-19,social,P030,Active Mat 30,true,true,false,97,,,
V009383,C00706,2025-09-23,email,P026,Pure Band 26,true,false,false,9,,,
V009384,C00231,2025-03-30,paid_search,P029,Bright Organizer 29,true,true,false,160,,,
V009385,C00526,2025-12-02,paid_search,P025,Daily Lamp 25,true,true,false,53,LOYALTY10,,
V009386,C00685,2025-09-02,social,P001,Daily Lamp 01,true,false,false,22,,,
V009387,C00887,2025-07-29,direct,P016,Modern Serum 16,false,false,false,118,WELCOME5,,
V009388,C00898,2025-07-30,paid_search,P005,Bright Organizer 05,false,false,false,47,,,
V009389,C00618,2025-05-04,organic_search,P028,Essential Bag 28,true,false,false,25,,,
V009390,C00369,2025-03-16,paid_search,P007,Calm Cream 07,true,false,false,173,,,
V009391,C00135,2025-10-12,direct,P003,Urban Bottle 03,true,false,false,32,,,
V009392,C00136,2025-01-03,email,P020,Essential Bag 20,true,false,false,146,,,
V009393,C00508,2025-10-30,organic_search,P020,Essential Bag 20,true,false,false,76,,,
V009394,C00730,2025-07-07,direct,P027,Urban Bottle 27,true,false,false,28,WEEKEND15,,
V009395,C00798,2025-11-02,social,P014,Active Mat 14,true,true,false,21,LOYALTY10,,
V009396,C00448,2025-03-14,organic_search,P010,Pure Band 10,true,true,false,75,,,
V009397,C00823,2025-02-15,organic_search,P016,Modern Serum 16,true,false,false,65,,,
V009398,C00661,2025-02-23,social,P014,Active Mat 14,true,false,false,44,,,
V009399,C00826,2025-02-03,paid_search,P017,Daily Lamp 17,true,true,false,67,,,
V009400,C00684,2025-04-17,social,P012,Essential Bag 12,true,false,false,33,,,
V009401,C00193,2025-10-07,organic_search,P016,Modern Serum 16,true,true,false,180,WEEKEND15,,
V009402,C00380,2025-03-14,email,P008,Modern Serum 08,true,true,true,91,,T001373,
V009403,C00659,2025-10-20,paid_search,P002,Pure Band 02,true,false,false,48,LOYALTY10,,
V009404,C00750,2025-05-15,direct,P026,Pure Band 26,true,false,false,10,,,
V009405,C00788,2025-04-23,social,P020,Essential Bag 20,true,false,false,51,LOYALTY10,,
V009406,C00642,2025-12-16,paid_search,P012,Essential Bag 12,false,false,false,34,WEEKEND15,,
V009407,C00536,2025-05-21,direct,P020,Essential Bag 20,true,true,false,162,,,
V009408,C00122,2025-09-06,social,P026,Pure Band 26,true,false,false,27,,,
V009409,C00985,2025-01-06,direct,P020,Essential Bag 20,true,false,false,64,,,
V009410,C00031,2025-09-20,organic_search,P014,Active Mat 14,false,false,false,31,,,
V009411,C00589,2025-06-02,email,P019,Urban Bottle 19,true,false,false,20,WELCOME5,,
V009412,C00731,2025-10-12,organic_search,P013,Bright Organizer 13,true,false,false,87,,,
V009413,C00293,2025-02-03,email,P009,Daily Lamp 09,true,false,false,9,WEEKEND15,,
V009414,C00158,2025-09-03,social,P025,Daily Lamp 25,true,false,false,10,,,
V009415,C00440,2025-07-26,organic_search,P023,Calm Cream 23,false,false,false,130,,,
V009416,C00699,2025-10-03,paid_search,P020,Essential Bag 20,true,false,false,67,,,
V009417,C00366,2025-11-07,email,P003,Urban Bottle 03,true,true,false,74,,,
V009418,C00266,2025-05-25,email,P029,Bright Organizer 29,true,false,false,489,,,
V009419,C00420,2025-04-28,organic_search,P016,Modern Serum 16,true,false,false,105,,,
V009420,C00680,2025-10-20,direct,P006,Active Mat 06,false,false,false,321,,,
V009421,C00323,2025-03-27,organic_search,P027,Urban Bottle 27,true,false,false,14,,,
V009422,C00059,2025-05-11,paid_search,P017,Daily Lamp 17,true,false,false,80,,,
V009423,C00410,2025-03-08,paid_search,P008,Modern Serum 08,true,true,false,126,WEEKEND15,,
V009424,C00549,2025-09-06,social,P024,Modern Serum 24,true,false,false,42,,,
V009425,C00430,2025-05-15,organic_search,P006,Active Mat 06,true,false,false,14,,,
V009426,C00468,2025-10-08,social,P009,Daily Lamp 09,true,false,false,46,,,
V009427,C00945,2025-04-09,social,P012,Essential Bag 12,true,false,false,82,,,
V009428,C00245,2025-11-07,direct,P019,Urban Bottle 19,true,true,false,72,,,
V009429,C00336,2025-05-13,organic_search,P017,Daily Lamp 17,true,false,false,26,,,
V009430,C00605,2025-04-17,email,P009,Daily Lamp 09,true,false,false,73,,,
V009431,C00468,2025-09-17,referral,P026,Pure Band 26,true,false,true,227,,T004862,
V009432,C00620,2025-06-09,organic_search,P001,Daily Lamp 01,true,true,true,274,,T003058,
V009433,C00396,2025-03-04,organic_search,P010,Pure Band 10,true,true,false,118,,,
V009434,C00589,2025-09-08,email,P015,Calm Cream 15,true,false,false,32,,,
V009435,C00499,2025-09-13,email,P015,Calm Cream 15,true,true,false,151,WEEKEND15,,
V009436,C00838,2025-06-29,direct,P019,Urban Bottle 19,true,false,false,10,,,
V009437,C00504,2025-05-23,social,P026,Pure Band 26,true,false,false,222,,,
V009438,C00705,2025-03-23,organic_search,P021,Bright Organizer 21,true,false,false,152,,,
V009439,C00260,2025-08-26,organic_search,P025,Daily Lamp 25,true,true,false,21,,,
V009440,C00055,2025-10-16,organic_search,P008,Modern Serum 08,true,false,false,26,,,
V009441,C00775,2025-03-14,email,P006,Active Mat 06,true,true,false,46,,,
V009442,C00741,2025-01-29,organic_search,P005,Bright Organizer 05,true,false,false,19,,,
V009443,C00037,2025-03-03,organic_search,P026,Pure Band 26,true,false,false,28,,,
V009444,C00649,2025-01-16,direct,P013,Bright Organizer 13,true,false,false,39,WELCOME5,,
V009445,C00806,2025-02-13,direct,P016,Modern Serum 16,true,true,false,46,,,
V009446,C00819,2025-12-05,social,P024,Modern Serum 24,true,false,false,56,,,
V009447,C00383,2025-11-04,paid_search,P026,Pure Band 26,true,false,false,54,WEEKEND15,,
V009448,C00743,2025-01-31,direct,P023,Calm Cream 23,true,false,false,37,,,
V009449,C00854,2025-11-18,paid_search,P027,Urban Bottle 27,true,false,false,15,,,
V009450,C00152,2025-03-10,email,P016,Modern Serum 16,true,false,false,24,LOYALTY10,,
V009451,C00006,2025-06-29,direct,P018,Pure Band 18,true,false,false,77,,,
V009452,C00354,2025-06-14,email,P020,Essential Bag 20,true,false,false,36,,,
V009453,C00381,2025-04-03,social,P025,Daily Lamp 25,true,false,false,68,,,
V009454,C00899,2025-02-18,organic_search,P003,Urban Bottle 03,true,true,false,268,,,
V009455,C00320,2025-02-12,direct,P028,Essential Bag 28,true,false,false,28,,,
V009456,C00309,2025-02-15,organic_search,P016,Modern Serum 16,true,false,false,34,,,
V009457,C00971,2025-08-07,organic_search,P018,Pure Band 18,true,false,false,58,,,
V009458,C00832,2025-05-01,paid_search,P003,Urban Bottle 03,true,true,false,151,,,
V009459,C00069,2025-03-26,social,P020,Essential Bag 20,true,false,false,140,,,
V009460,C00402,2025-01-18,direct,P014,Active Mat 14,true,false,false,60,,,
V009461,C00053,2025-11-13,paid_search,P008,Modern Serum 08,true,false,true,88,LOYALTY10,T005851,
V009462,C00368,2025-09-19,direct,P011,Urban Bottle 11,true,false,false,94,,,
V009463,C00345,2025-08-08,paid_search,P016,Modern Serum 16,true,false,false,83,,,
V009464,C00694,2025-05-20,organic_search,P003,Urban Bottle 03,true,false,false,61,,,
V009465,C00122,2025-06-05,social,P021,Bright Organizer 21,true,false,false,33,,,
V009466,C00577,2025-03-26,direct,P007,Calm Cream 07,true,false,false,226,,,
V009467,C00001,2025-07-24,direct,P011,Urban Bottle 11,true,false,false,17,,,
V009468,C00400,2025-12-23,social,P023,Calm Cream 23,true,false,true,109,,T006479,
V009469,C00897,2025-10-01,social,P001,Daily Lamp 01,true,true,false,141,,,
V009470,C00622,2025-06-14,direct,P013,Bright Organizer 13,true,false,false,31,WEEKEND15,,
V009471,C00488,2025-06-20,paid_search,P027,Urban Bottle 27,true,false,false,37,,,
V009472,C00965,2025-11-26,organic_search,P004,Essential Bag 04,false,false,false,45,,,
V009473,C00354,2025-12-14,organic_search,P018,Pure Band 18,true,true,false,161,,,
V009474,C00245,2025-02-07,direct,P006,Active Mat 06,true,false,false,109,,,
V009475,C00746,2025-12-21,social,P011,Urban Bottle 11,true,false,false,7,,,
V009476,C00585,2025-04-21,paid_search,P002,Pure Band 02,true,false,false,34,,,
V009477,C00060,2025-02-13,social,P016,Modern Serum 16,true,false,false,43,,,
V009478,C00290,2025-12-26,paid_search,P002,Pure Band 02,true,false,false,99,,,
V009479,C00589,2025-02-21,email,P025,Daily Lamp 25,true,false,false,119,LOYALTY10,,
V009480,C00455,2025-02-19,social,P023,Calm Cream 23,true,false,false,21,,,
V009481,C00946,2025-10-16,organic_search,P006,Active Mat 06,true,false,false,18,LOYALTY10,,
V009482,C00594,2025-12-10,organic_search,P010,Pure Band 10,true,false,false,19,,,
V009483,C00597,2025-03-26,paid_search,P030,Active Mat 30,true,false,false,47,,,
V009484,C00276,2025-08-11,paid_search,P016,Modern Serum 16,true,true,true,157,WELCOME5,T004196,
V009485,C00557,2025-06-06,social,P013,Bright Organizer 13,true,false,false,94,WELCOME5,,
V009486,C00404,2025-02-09,organic_search,P010,Pure Band 10,true,true,true,157,WELCOME5,T000759,
V009487,C00990,2025-02-01,organic_search,P020,Essential Bag 20,true,false,false,20,,,
V009488,C00501,2025-07-05,direct,P010,Pure Band 10,true,true,false,37,,,
V009489,C00459,2025-11-23,social,P017,Daily Lamp 17,true,false,false,32,,,
V009490,C00819,2025-09-27,email,P026,Pure Band 26,true,false,false,66,,,
V009491,C00096,2025-08-29,organic_search,P012,Essential Bag 12,false,false,false,49,,,
V009492,C00843,2025-02-18,organic_search,P030,Active Mat 30,true,true,false,118,LOYALTY10,,
V009493,C00093,2025-01-18,paid_search,P013,Bright Organizer 13,true,true,false,183,,,
V009494,C00842,2025-05-11,paid_search,P002,Pure Band 02,true,false,false,15,WELCOME5,,
V009495,C00879,2025-09-14,paid_search,P026,Pure Band 26,true,false,false,16,WELCOME5,,
V009496,C00494,2025-07-30,social,P029,Bright Organizer 29,true,false,false,11,,,
V009497,C00638,2025-12-15,paid_search,P009,Daily Lamp 09,true,false,false,95,,,
V009498,C00088,2025-07-12,direct,P014,Active Mat 14,true,false,false,32,,,
V009499,C00477,2025-12-09,referral,P018,Pure Band 18,true,false,false,31,WEEKEND15,,
V009500,C00114,2025-10-13,organic_search,P004,Essential Bag 04,true,true,false,170,,,
V009501,C00467,2025-08-05,email,P014,Active Mat 14,true,false,false,391,LOYALTY10,,
V009502,C00790,2025-05-11,social,P017,Daily Lamp 17,true,false,false,83,,,
V009503,C00551,2025-06-21,social,P016,Modern Serum 16,true,false,true,124,WEEKEND15,T003272,
V009504,C00891,2025-01-06,email,P016,Modern Serum 16,true,true,false,78,,,
V009505,C00686,2025-12-25,social,P025,Daily Lamp 25,true,false,false,48,,,
V009506,C00262,2025-08-18,referral,P012,Essential Bag 12,true,false,false,19,,,
V009507,C00845,2025-06-23,referral,P019,Urban Bottle 19,true,true,false,95,,,
V009508,C00196,2025-03-20,organic_search,P007,Calm Cream 07,true,false,false,77,,,
V009509,C00348,2025-06-24,paid_search,P021,Bright Organizer 21,true,false,false,71,,,
V009510,C00787,2025-04-22,social,P017,Daily Lamp 17,true,false,false,38,,,
V009511,C00930,2025-07-03,direct,P025,Daily Lamp 25,true,false,false,63,LOYALTY10,,
V009512,C00465,2025-12-07,direct,P014,Active Mat 14,true,false,false,87,,,
V009513,C00315,2025-08-17,paid_search,P001,Daily Lamp 01,false,false,false,56,,,
V009514,C00411,2025-10-08,organic_search,P022,Active Mat 22,true,false,false,44,,,
V009515,C00733,2025-10-07,paid_search,P004,Essential Bag 04,true,false,false,76,,,
V009516,C00756,2025-01-29,email,P024,Modern Serum 24,true,true,false,75,,,
V009517,C00868,2025-03-27,email,P002,Pure Band 02,true,false,false,106,,,
V009518,C00566,2025-07-16,organic_search,P020,Essential Bag 20,true,false,false,97,,,
V009519,C00555,2025-05-21,organic_search,P008,Modern Serum 08,true,false,false,100,LOYALTY10,,
V009520,C00327,2025-05-12,organic_search,P008,Modern Serum 08,true,false,false,43,,,
V009521,C00789,2025-05-28,social,P021,Bright Organizer 21,true,false,false,334,WEEKEND15,,
V009522,C00917,2025-11-04,email,P013,Bright Organizer 13,true,false,false,27,,,
V009523,C00110,2025-03-05,paid_search,P007,Calm Cream 07,true,false,false,82,,,
V009524,C00018,2025-08-25,organic_search,P029,Bright Organizer 29,true,false,false,45,,,
V009525,C00570,2025-11-24,social,P026,Pure Band 26,true,false,false,48,WELCOME5,,
V009526,C00031,2025-06-26,organic_search,P029,Bright Organizer 29,true,false,false,42,,,
V009527,C00169,2025-11-08,organic_search,P027,Urban Bottle 27,true,false,false,94,WEEKEND15,,
V009528,C00455,2025-09-21,organic_search,P030,Active Mat 30,true,true,false,183,LOYALTY10,,
V009529,C00157,2025-03-18,direct,P010,Pure Band 10,true,false,false,103,WELCOME5,,
V009530,C00681,2025-10-02,organic_search,P002,Pure Band 02,true,false,false,17,,,
V009531,C00566,2025-11-06,paid_search,P018,Pure Band 18,true,false,false,167,,,
V009532,C00958,2025-11-26,organic_search,P016,Modern Serum 16,false,false,false,22,,,
V009533,C00345,2025-05-09,organic_search,P006,Active Mat 06,true,false,true,61,,T002444,
V009534,C00394,2025-10-05,email,P004,Essential Bag 04,true,true,true,92,,T005161,
V009535,C00560,2025-11-10,social,P029,Bright Organizer 29,true,false,true,93,,T005780,
V009536,C00006,2025-10-22,organic_search,P012,Essential Bag 12,false,false,false,37,,,
V009537,C00013,2025-09-19,email,P004,Essential Bag 04,false,false,false,66,,,
V009538,C00438,2025-02-28,paid_search,P015,Calm Cream 15,true,false,false,26,,,
V009539,C00888,2025-07-07,paid_search,P014,Active Mat 14,true,true,false,26,WEEKEND15,,
V009540,C00532,2025-11-17,referral,P028,Essential Bag 28,true,false,false,95,WEEKEND15,,
V009541,C00740,2025-11-26,direct,P023,Calm Cream 23,true,true,false,272,,,
V009542,C00801,2025-12-03,social,P015,Calm Cream 15,true,false,false,84,,,
V009543,C00525,2025-04-05,social,P015,Calm Cream 15,true,false,false,94,,,
V009544,C00444,2025-04-29,social,P015,Calm Cream 15,true,true,true,27,,T002280,
V009545,C00232,2025-12-18,referral,P001,Daily Lamp 01,true,false,false,92,,,
V009546,C00763,2025-02-03,email,P004,Essential Bag 04,true,false,false,11,,,
V009547,C00125,2025-09-19,paid_search,P029,Bright Organizer 29,true,true,true,269,,T004886,
V009548,C00325,2025-06-28,social,P024,Modern Serum 24,true,false,false,60,,,
V009549,C00695,2025-02-12,paid_search,P008,Modern Serum 08,true,false,false,44,LOYALTY10,,
V009550,C00760,2025-10-14,paid_search,P008,Modern Serum 08,true,false,false,28,,,
V009551,C00598,2025-03-19,social,P024,Modern Serum 24,true,false,false,28,,,
V009552,C00078,2025-09-24,paid_search,P028,Essential Bag 28,true,false,false,27,,,
V009553,C00410,2025-05-28,organic_search,P020,Essential Bag 20,true,false,false,51,WELCOME5,,
V009554,C00227,2025-07-03,organic_search,P001,Daily Lamp 01,true,false,false,81,,,
V009555,C00818,2025-08-22,direct,P015,Calm Cream 15,true,false,false,12,,,
V009556,C00207,2025-09-11,social,P023,Calm Cream 23,true,false,false,18,,,
V009557,C00947,2025-08-02,organic_search,P027,Urban Bottle 27,true,false,false,35,,,
V009558,C00282,2025-03-07,paid_search,P028,Essential Bag 28,true,false,false,71,,,
V009559,C00720,2025-05-01,organic_search,P023,Calm Cream 23,true,false,false,59,,,
V009560,C00869,2025-06-10,organic_search,P030,Active Mat 30,true,false,false,45,,,
V009561,C00814,2025-06-11,direct,P023,Calm Cream 23,true,false,false,35,,,
V009562,C00583,2025-11-18,direct,P029,Bright Organizer 29,true,false,false,11,,,
V009563,C00355,2025-04-04,paid_search,P007,Calm Cream 07,true,false,false,39,WEEKEND15,,
V009564,C00163,2025-07-03,paid_search,P004,Essential Bag 04,true,false,false,12,,,
V009565,C00371,2025-03-21,social,P022,Active Mat 22,true,false,false,5,,,
V009566,C00684,2025-02-08,email,P024,Modern Serum 24,true,false,false,112,,,
V009567,C00038,2025-11-22,paid_search,P011,Urban Bottle 11,true,false,false,23,,,
V009568,C00963,2025-03-12,email,P029,Bright Organizer 29,true,false,false,8,,,
V009569,C00308,2025-11-12,social,P023,Calm Cream 23,true,true,true,158,,T005833,
V009570,C00597,2025-07-09,organic_search,P020,Essential Bag 20,true,false,false,168,,,
V009571,C00613,2025-06-26,direct,P012,Essential Bag 12,true,false,false,47,,,
V009572,C00487,2025-12-15,paid_search,P027,Urban Bottle 27,true,true,false,95,LOYALTY10,,
V009573,C00429,2025-08-16,organic_search,P007,Calm Cream 07,true,false,false,41,,,
V009574,C00293,2025-07-06,direct,P019,Urban Bottle 19,true,false,false,128,,,
V009575,C00809,2025-03-03,paid_search,P026,Pure Band 26,true,false,false,152,,,
V009576,C00659,2025-07-15,organic_search,P014,Active Mat 14,true,false,true,173,,T003726,
V009577,C00738,2025-11-05,paid_search,P028,Essential Bag 28,true,false,false,25,,,
V009578,C00984,2025-01-09,direct,P008,Modern Serum 08,true,false,false,94,,,
V009579,C00283,2025-08-28,direct,P018,Pure Band 18,true,true,false,76,LOYALTY10,,
V009580,C00956,2025-07-28,paid_search,P001,Daily Lamp 01,false,false,false,19,WELCOME5,,
V009581,C00937,2025-05-16,referral,P015,Calm Cream 15,true,false,false,198,,,
V009582,C00647,2025-08-13,direct,P019,Urban Bottle 19,true,false,false,44,WEEKEND15,,
V009583,C00800,2025-02-28,email,P009,Daily Lamp 09,true,false,false,17,LOYALTY10,,
V009584,C00192,2025-11-25,direct,P019,Urban Bottle 19,false,false,false,27,,,
V009585,C00600,2025-12-08,social,P017,Daily Lamp 17,true,false,false,41,,,
V009586,C00298,2025-01-03,social,P012,Essential Bag 12,true,false,false,120,,,
V009587,C00714,2025-01-04,referral,P007,Calm Cream 07,true,false,false,154,,,
V009588,C00690,2025-07-23,direct,P005,Bright Organizer 05,false,false,false,47,,,
V009589,C00801,2025-02-09,paid_search,P006,Active Mat 06,true,false,false,61,WEEKEND15,,
V009590,C00901,2025-03-31,direct,P006,Active Mat 06,false,false,false,156,,,
V009591,C00793,2025-09-17,paid_search,P022,Active Mat 22,true,false,false,158,,,
V009592,C00076,2025-06-20,paid_search,P016,Modern Serum 16,true,false,false,46,,,
V009593,C00109,2025-11-05,direct,P013,Bright Organizer 13,true,false,false,79,,,
V009594,C00841,2025-05-20,paid_search,P026,Pure Band 26,true,false,false,45,,,
V009595,C00477,2025-12-03,paid_search,P009,Daily Lamp 09,true,false,false,43,,,
V009596,C00588,2025-06-22,organic_search,P004,Essential Bag 04,true,false,false,89,,,
V009597,C00537,2025-03-25,email,P014,Active Mat 14,true,false,false,54,,,
V009598,C00592,2025-04-01,referral,P011,Urban Bottle 11,true,true,true,33,,T001732,
V009599,C00661,2025-11-20,direct,P010,Pure Band 10,true,false,true,74,,T005963,
V009600,C00872,2025-02-06,direct,P023,Calm Cream 23,true,true,false,54,,,
V009601,C00745,2025-12-21,paid_search,P026,Pure Band 26,false,false,false,29,,,
V009602,C00529,2025-11-09,referral,P024,Modern Serum 24,true,false,false,20,,,
V009603,C00640,2025-03-08,organic_search,P017,Daily Lamp 17,true,false,false,30,,,
V009604,C00595,2025-04-25,organic_search,P023,Calm Cream 23,true,false,false,173,,,
V009605,C00206,2025-08-27,paid_search,P030,Active Mat 30,true,false,false,91,,,
V009606,C00907,2025-01-11,social,P019,Urban Bottle 19,true,false,false,37,,,
V009607,C00300,2025-04-04,social,P025,Daily Lamp 25,true,false,false,121,,,
V009608,C00269,2025-04-06,organic_search,P017,Daily Lamp 17,true,false,false,83,,,
V009609,C00113,2025-06-20,social,P014,Active Mat 14,true,false,false,129,WEEKEND15,,
V009610,C00249,2025-03-29,organic_search,P021,Bright Organizer 21,true,false,false,35,,,
V009611,C00475,2025-04-30,referral,P019,Urban Bottle 19,true,false,false,65,,,
V009612,C00603,2025-03-16,email,P005,Bright Organizer 05,true,true,true,172,,T001418,
V009613,C00761,2025-09-21,organic_search,P028,Essential Bag 28,true,false,false,25,,,
V009614,C00740,2025-12-01,email,P018,Pure Band 18,true,false,false,81,,,
V009615,C00403,2025-04-22,email,P010,Pure Band 10,true,false,false,109,LOYALTY10,,
V009616,C00041,2025-09-15,organic_search,P003,Urban Bottle 03,true,false,false,49,,,
V009617,C00219,2025-09-01,paid_search,P017,Daily Lamp 17,true,true,true,47,,T004550,
V009618,C00540,2025-04-13,email,P006,Active Mat 06,false,false,false,20,,,
V009619,C00436,2025-07-02,direct,P023,Calm Cream 23,true,false,false,68,,,
V009620,C00435,2025-04-03,social,P022,Active Mat 22,true,false,false,105,,,
V009621,C00070,2025-04-08,social,P014,Active Mat 14,true,false,false,125,,,
V009622,C00896,2025-10-01,referral,P003,Urban Bottle 03,true,true,false,14,,,
V009623,C00692,2025-02-18,organic_search,P007,Calm Cream 07,true,false,false,23,,,
V009624,C00134,2025-08-21,referral,P025,Daily Lamp 25,true,false,false,101,,,
V009625,C00490,2025-04-14,direct,P020,Essential Bag 20,true,false,false,52,,,
V009626,C00708,2025-02-04,organic_search,P025,Daily Lamp 25,true,false,false,41,,,
V009627,C00339,2025-08-21,social,P009,Daily Lamp 09,true,false,false,145,,,
V009628,C00932,2025-06-08,social,P017,Daily Lamp 17,true,true,true,316,WELCOME5,T003038,
V009629,C00514,2025-03-06,paid_search,P011,Urban Bottle 11,true,false,false,18,LOYALTY10,,
V009630,C00806,2025-06-20,direct,P012,Essential Bag 12,true,false,false,16,WEEKEND15,,
V009631,C00757,2025-10-28,direct,P014,Active Mat 14,false,false,false,187,WELCOME5,,
V009632,C00908,2025-06-04,email,P026,Pure Band 26,true,false,false,104,,,
V009633,C00859,2025-01-26,social,P002,Pure Band 02,true,false,false,51,,,
V009634,C00317,2025-09-19,referral,P004,Essential Bag 04,false,false,false,59,,,
V009635,C00578,2025-07-31,social,P026,Pure Band 26,true,false,false,75,,,
V009636,C00140,2025-05-10,social,P011,Urban Bottle 11,true,false,false,56,WELCOME5,,
V009637,C00127,2025-08-01,social,P006,Active Mat 06,true,false,false,120,,,
V009638,C00667,2025-06-26,social,P002,Pure Band 02,true,false,false,25,WELCOME5,,
V009639,C00165,2025-09-15,direct,P023,Calm Cream 23,true,false,false,54,,,
V009640,C00688,2025-05-30,direct,P019,Urban Bottle 19,true,false,false,71,,,
V009641,C00574,2025-05-05,organic_search,P006,Active Mat 06,true,false,false,45,,,
V009642,C00207,2025-03-18,direct,P021,Bright Organizer 21,true,false,true,48,,T001452,
V009643,C00325,2025-02-19,organic_search,P024,Modern Serum 24,true,false,false,38,WEEKEND15,,
V009644,C00172,2025-06-08,organic_search,P023,Calm Cream 23,true,false,false,34,,,
V009645,C00943,2025-06-28,organic_search,P013,Bright Organizer 13,true,true,true,40,,T003413,
V009646,C00857,2025-04-01,organic_search,P013,Bright Organizer 13,true,false,false,48,,,
V009647,C00828,2025-01-27,organic_search,P024,Modern Serum 24,true,false,false,119,,,
V009648,C00891,2025-06-14,referral,P019,Urban Bottle 19,true,false,false,31,,,
V009649,C00208,2025-04-03,paid_search,P015,Calm Cream 15,true,false,false,16,,,
V009650,C00634,2025-04-27,social,P006,Active Mat 06,false,false,false,25,,,
V009651,C00116,2025-09-02,organic_search,P017,Daily Lamp 17,true,false,false,86,,,
V009652,C00562,2025-06-05,email,P012,Essential Bag 12,true,false,false,56,,,
V009653,C00437,2025-10-31,social,P027,Urban Bottle 27,true,false,false,26,,,
V009654,C00688,2025-06-23,paid_search,P010,Pure Band 10,true,true,false,59,WELCOME5,,
V009655,C00674,2025-09-09,direct,P017,Daily Lamp 17,true,false,false,92,,,
V009656,C00124,2025-08-10,organic_search,P029,Bright Organizer 29,true,false,false,32,,,
V009657,C00827,2025-08-11,direct,P006,Active Mat 06,true,false,false,32,,,
V009658,C00665,2025-06-15,email,P014,Active Mat 14,true,true,false,52,WELCOME5,,
V009659,C00159,2025-03-31,paid_search,P010,Pure Band 10,true,false,false,9,,,
V009660,C00013,2025-11-30,email,P025,Daily Lamp 25,true,false,false,32,,,
V009661,C00202,2025-04-29,social,P001,Daily Lamp 01,true,true,false,95,,,
V009662,C00526,2025-12-19,organic_search,P019,Urban Bottle 19,false,false,false,54,,,
V009663,C00864,2025-12-12,organic_search,P009,Daily Lamp 09,true,false,false,32,LOYALTY10,,
V009664,C00158,2025-12-07,organic_search,P011,Urban Bottle 11,true,false,false,57,,,
V009665,C00617,2025-10-18,paid_search,P006,Active Mat 06,false,false,false,45,,,
V009666,C00903,2025-06-03,social,P017,Daily Lamp 17,true,false,false,61,WEEKEND15,,
V009667,C00690,2025-10-08,paid_search,P009,Daily Lamp 09,true,false,false,12,,,
V009668,C00251,2025-02-25,organic_search,P002,Pure Band 02,true,false,false,54,,,
V009669,C00194,2025-02-16,email,P013,Bright Organizer 13,true,false,false,91,WEEKEND15,,
V009670,C00192,2025-04-06,email,P024,Modern Serum 24,true,false,false,67,,,
V009671,C00014,2025-04-28,email,P006,Active Mat 06,false,false,false,84,,,
V009672,C00791,2025-10-20,email,P011,Urban Bottle 11,true,false,false,133,,,
V009673,C00885,2025-02-22,social,P018,Pure Band 18,true,false,false,80,,,
V009674,C00234,2025-05-09,email,P022,Active Mat 22,true,false,false,78,WELCOME5,,
V009675,C00883,2025-02-20,organic_search,P001,Daily Lamp 01,true,false,false,67,,,
V009676,C00184,2025-04-02,email,P001,Daily Lamp 01,true,true,true,35,,T001761,
V009677,C00145,2025-04-18,social,P021,Bright Organizer 21,true,false,false,32,,,
V009678,C00328,2025-01-13,organic_search,P024,Modern Serum 24,true,false,false,16,WEEKEND15,,
V009679,C00228,2025-02-02,organic_search,P014,Active Mat 14,true,false,false,21,,,
V009680,C00772,2025-10-11,direct,P029,Bright Organizer 29,true,false,false,70,LOYALTY10,,
V009681,C00265,2025-11-29,organic_search,P023,Calm Cream 23,true,false,false,18,WELCOME5,,
V009682,C00704,2025-01-26,paid_search,P004,Essential Bag 04,true,true,true,171,WEEKEND15,T000490,
V009683,C00721,2025-06-15,organic_search,P004,Essential Bag 04,true,false,true,62,,T003171,
V009684,C00434,2025-09-04,direct,P029,Bright Organizer 29,true,true,true,461,,T004613,
V009685,C00138,2025-11-24,email,P007,Calm Cream 07,true,false,false,23,,,
V009686,C00194,2025-02-18,direct,P017,Daily Lamp 17,true,false,false,118,,,
V009687,C00022,2025-06-20,paid_search,P018,Pure Band 18,true,true,false,167,,,
V009688,C00947,2025-04-12,direct,P019,Urban Bottle 19,true,false,false,32,,,
V009689,C00369,2025-07-24,organic_search,P018,Pure Band 18,true,false,false,69,,,
V009690,C00790,2025-09-21,social,P018,Pure Band 18,true,false,false,68,WELCOME5,,
V009691,C00386,2025-03-06,organic_search,P024,Modern Serum 24,true,true,false,147,,,
V009692,C00863,2025-05-13,referral,P017,Daily Lamp 17,true,false,false,25,WELCOME5,,
V009693,C00615,2025-07-07,organic_search,P022,Active Mat 22,true,false,false,29,,,
V009694,C00098,2025-11-06,organic_search,P023,Calm Cream 23,true,false,true,67,,T005718,
V009695,C00573,2025-02-17,organic_search,P015,Calm Cream 15,true,false,false,233,WELCOME5,,
V009696,C00466,2025-09-12,organic_search,P007,Calm Cream 07,true,true,false,33,,,
V009697,C00759,2025-05-04,referral,P010,Pure Band 10,true,false,false,28,,,
V009698,C00184,2025-10-01,paid_search,P009,Daily Lamp 09,true,false,false,257,,,
V009699,C00063,2025-12-10,organic_search,P002,Pure Band 02,true,false,false,63,,,
V009700,C00590,2025-11-09,paid_search,P008,Modern Serum 08,true,true,false,38,,,
V009701,C00382,2025-12-06,organic_search,P024,Modern Serum 24,true,false,true,148,,T006203,
V009702,C00603,2025-01-22,social,P019,Urban Bottle 19,true,false,false,51,,,
V009703,C00682,2025-04-05,social,P004,Essential Bag 04,true,false,false,47,,,
V009704,C00499,2025-03-20,organic_search,P022,Active Mat 22,true,false,false,86,,,
V009705,C00651,2025-12-18,organic_search,P012,Essential Bag 12,false,false,false,66,,,
V009706,C00746,2025-01-13,direct,P006,Active Mat 06,true,false,false,80,,,
V009707,C00971,2025-11-14,email,P016,Modern Serum 16,true,true,false,44,,,
V009708,C00670,2025-09-04,paid_search,P020,Essential Bag 20,true,true,false,71,,,
V009709,C00706,2025-07-10,organic_search,P005,Bright Organizer 05,true,false,false,41,WELCOME5,,
V009710,C00574,2025-01-23,paid_search,P001,Daily Lamp 01,true,false,false,55,,,
V009711,C00573,2025-10-30,organic_search,P011,Urban Bottle 11,false,false,false,14,WELCOME5,,
V009712,C00704,2025-10-12,paid_search,P018,Pure Band 18,true,false,false,109,,,
V009713,C00799,2025-02-21,organic_search,P026,Pure Band 26,true,true,false,57,WELCOME5,,
V009714,C00937,2025-12-12,paid_search,P003,Urban Bottle 03,true,false,false,54,,,
V009715,C00979,2025-07-18,organic_search,P019,Urban Bottle 19,false,false,false,66,,,
V009716,C00398,2025-10-29,organic_search,P024,Modern Serum 24,true,false,false,25,,,
V009717,C00422,2025-04-23,referral,P011,Urban Bottle 11,true,false,false,26,,,
V009718,C00489,2025-11-25,email,P021,Bright Organizer 21,true,true,true,53,WELCOME5,T006039,
V009719,C00758,2025-01-14,organic_search,P017,Daily Lamp 17,true,false,false,44,,,
V009720,C00824,2025-07-05,referral,P017,Daily Lamp 17,true,true,false,183,,,
V009721,C00416,2025-04-04,paid_search,P002,Pure Band 02,true,false,false,62,,,
V009722,C00786,2025-02-18,organic_search,P029,Bright Organizer 29,true,false,false,19,,,
V009723,C00936,2025-06-17,paid_search,P017,Daily Lamp 17,true,false,false,36,,,
V009724,C00671,2025-02-12,organic_search,P024,Modern Serum 24,true,true,false,106,,,
V009725,C00834,2025-02-16,direct,P028,Essential Bag 28,true,false,false,254,,,
V009726,C00718,2025-01-17,social,P030,Active Mat 30,true,true,false,79,,,
V009727,C00119,2025-07-28,organic_search,P011,Urban Bottle 11,true,false,false,37,,,
V009728,C00875,2025-02-14,social,P001,Daily Lamp 01,true,false,false,38,,,
V009729,C00434,2025-10-10,email,P010,Pure Band 10,true,false,false,28,WEEKEND15,,
V009730,C00878,2025-07-18,organic_search,P003,Urban Bottle 03,true,false,false,67,,,
V009731,C00678,2025-10-25,paid_search,P010,Pure Band 10,true,false,false,76,,,
V009732,C00666,2025-03-04,organic_search,P003,Urban Bottle 03,true,false,false,36,WELCOME5,,
V009733,C00114,2025-09-05,direct,P007,Calm Cream 07,true,false,false,119,,,
V009734,C00551,2025-02-23,organic_search,P003,Urban Bottle 03,true,true,true,354,,T001000,
V009735,C00280,2025-02-17,paid_search,P018,Pure Band 18,true,true,true,108,,T000893,
V009736,C00286,2025-04-13,social,P017,Daily Lamp 17,true,false,false,77,,,
V009737,C00548,2025-05-18,email,P028,Essential Bag 28,true,false,false,47,,,
V009738,C00185,2025-03-04,referral,P021,Bright Organizer 21,true,false,false,117,,,
V009739,C00752,2025-02-18,organic_search,P026,Pure Band 26,true,false,false,83,,,
V009740,C00373,2025-07-31,social,P018,Pure Band 18,true,false,false,29,,,
V009741,C00864,2025-10-23,social,P029,Bright Organizer 29,true,false,false,26,,,
V009742,C00611,2025-06-10,organic_search,P010,Pure Band 10,true,false,false,45,,,
V009743,C00139,2025-09-20,organic_search,P021,Bright Organizer 21,true,false,false,36,LOYALTY10,,
V009744,C00222,2025-01-01,organic_search,P013,Bright Organizer 13,true,false,true,15,,T000004,
V009745,C00681,2025-01-24,organic_search,P018,Pure Band 18,true,true,false,134,,,
V009746,C00792,2025-04-29,social,P016,Modern Serum 16,true,false,false,44,WEEKEND15,,
V009747,C00997,2025-01-27,social,P028,Essential Bag 28,true,false,false,47,,,
V009748,C00922,2025-04-30,social,P004,Essential Bag 04,false,false,false,208,,,
V009749,C00456,2025-03-08,organic_search,P011,Urban Bottle 11,true,false,false,52,,,
V009750,C00603,2025-03-17,social,P011,Urban Bottle 11,true,false,false,63,,,
V009751,C00600,2025-08-08,referral,P005,Bright Organizer 05,true,false,false,12,WELCOME5,,
V009752,C00388,2025-09-13,paid_search,P012,Essential Bag 12,true,false,false,184,,,
V009753,C00558,2025-03-18,direct,P003,Urban Bottle 03,true,true,true,126,WELCOME5,T001473,
V009754,C00355,2025-10-29,organic_search,P013,Bright Organizer 13,true,false,false,38,,,
V009755,C00350,2025-02-04,organic_search,P023,Calm Cream 23,true,false,false,12,,,
V009756,C00596,2025-10-27,direct,P007,Calm Cream 07,true,false,false,42,,,
V009757,C00938,2025-04-20,social,P027,Urban Bottle 27,true,false,false,15,,,
V009758,C00366,2025-06-18,paid_search,P018,Pure Band 18,true,false,false,197,,,
V009759,C00407,2025-08-22,direct,P006,Active Mat 06,false,false,false,56,,,
V009760,C00527,2025-12-20,paid_search,P008,Modern Serum 08,true,false,false,30,,,
V009761,C00521,2025-11-14,direct,P023,Calm Cream 23,true,true,false,96,,,
V009762,C00520,2025-04-08,direct,P007,Calm Cream 07,true,false,false,424,,,
V009763,C00926,2025-10-12,social,P007,Calm Cream 07,true,false,false,12,,,
V009764,C00439,2025-11-12,social,P019,Urban Bottle 19,true,true,false,118,,,
V009765,C00186,2025-11-21,direct,P003,Urban Bottle 03,true,false,false,44,WELCOME5,,
V009766,C00893,2025-05-17,organic_search,P001,Daily Lamp 01,true,false,false,50,WEEKEND15,,
V009767,C00279,2025-01-31,email,P009,Daily Lamp 09,true,false,false,20,WELCOME5,,
V009768,C00957,2025-02-22,email,P026,Pure Band 26,true,false,false,80,,,
V009769,C00517,2025-10-23,organic_search,P021,Bright Organizer 21,true,false,false,36,,,
V009770,C00257,2025-07-16,social,P011,Urban Bottle 11,true,true,false,33,,,
V009771,C00437,2025-04-28,paid_search,P028,Essential Bag 28,true,false,false,135,WELCOME5,,
V009772,C00657,2025-09-01,email,P030,Active Mat 30,true,false,false,103,,,
V009773,C00586,2025-03-16,organic_search,P004,Essential Bag 04,true,false,false,116,,,
V009774,C00043,2025-01-24,paid_search,P029,Bright Organizer 29,true,false,true,42,WEEKEND15,T000454,
V009775,C00883,2025-12-31,paid_search,P015,Calm Cream 15,true,true,false,42,,,
V009776,C00962,2025-06-02,social,P022,Active Mat 22,true,false,false,85,,,
V009777,C00462,2025-02-04,email,P026,Pure Band 26,true,false,false,133,,,
V009778,C00484,2025-06-21,organic_search,P007,Calm Cream 07,true,false,false,236,,,
V009779,C00607,2025-11-21,paid_search,P023,Calm Cream 23,true,false,false,125,,,
V009780,C00236,2025-08-15,social,P009,Daily Lamp 09,true,false,false,14,,,
V009781,C00626,2025-01-28,direct,P019,Urban Bottle 19,true,false,false,11,,,
V009782,C00511,2025-11-28,paid_search,P010,Pure Band 10,true,false,true,90,,T006063,
V009783,C00232,2025-05-26,social,P014,Active Mat 14,true,false,false,14,,,
V009784,C00175,2025-01-21,paid_search,P029,Bright Organizer 29,true,false,false,64,,,
V009785,C00465,2025-08-31,organic_search,P011,Urban Bottle 11,true,false,false,42,WELCOME5,,
V009786,C00563,2025-02-09,email,P025,Daily Lamp 25,true,false,false,20,,,
V009787,C00760,2025-04-23,organic_search,P001,Daily Lamp 01,true,false,false,64,,,
V009788,C00445,2025-12-29,paid_search,P001,Daily Lamp 01,false,false,false,399,LOYALTY10,,
V009789,C00170,2025-04-12,paid_search,P027,Urban Bottle 27,true,false,false,14,,,
V009790,C00811,2025-07-23,paid_search,P024,Modern Serum 24,true,true,false,21,,,
V009791,C00699,2025-08-15,paid_search,P008,Modern Serum 08,true,false,false,44,,,
V009792,C00514,2025-10-30,organic_search,P012,Essential Bag 12,false,false,false,70,,,
V009793,C00947,2025-09-20,paid_search,P008,Modern Serum 08,true,false,false,26,,,
V009794,C00567,2025-12-27,organic_search,P019,Urban Bottle 19,false,false,false,111,,,
V009795,C00437,2025-09-11,email,P029,Bright Organizer 29,true,false,false,123,WELCOME5,,
V009796,C00717,2025-04-06,organic_search,P029,Bright Organizer 29,true,false,false,23,,,
V009797,C00049,2025-11-28,organic_search,P004,Essential Bag 04,false,false,false,202,,,
V009798,C00382,2025-10-09,referral,P021,Bright Organizer 21,true,false,false,119,,,
V009799,C00975,2025-12-26,paid_search,P029,Bright Organizer 29,true,false,false,19,,,
V009800,C00810,2025-01-30,organic_search,P025,Daily Lamp 25,true,false,false,49,WELCOME5,,
V009801,C00815,2025-12-13,social,P017,Daily Lamp 17,true,false,false,54,WELCOME5,,
V009802,C00631,2025-06-19,organic_search,P019,Urban Bottle 19,true,false,false,44,LOYALTY10,,
V009803,C00605,2025-11-30,email,P005,Bright Organizer 05,false,false,false,8,,,
V009804,C00810,2025-08-14,direct,P015,Calm Cream 15,true,false,false,94,,,
V009805,C00353,2025-07-10,organic_search,P026,Pure Band 26,true,true,false,340,,,
V009806,C00763,2025-03-09,organic_search,P026,Pure Band 26,true,false,false,211,,,
V009807,C00189,2025-02-23,paid_search,P024,Modern Serum 24,true,false,false,42,,,
V009808,C00599,2025-09-05,organic_search,P026,Pure Band 26,true,false,false,36,,,
V009809,C00172,2025-12-16,referral,P002,Pure Band 02,true,false,false,76,,,
V009810,C00972,2025-12-20,direct,P022,Active Mat 22,true,false,false,155,,,
V009811,C00315,2025-10-18,organic_search,P021,Bright Organizer 21,true,false,false,54,,,
V009812,C00281,2025-01-06,email,P005,Bright Organizer 05,true,false,false,41,LOYALTY10,,
V009813,C00607,2025-04-18,organic_search,P009,Daily Lamp 09,true,false,false,46,,,
V009814,C00882,2025-04-29,organic_search,P017,Daily Lamp 17,true,false,false,63,,,
V009815,C00733,2025-11-30,organic_search,P023,Calm Cream 23,true,false,false,90,,,
V009816,C00979,2025-06-17,direct,P001,Daily Lamp 01,true,false,false,62,WEEKEND15,,
V009817,C00939,2025-05-04,paid_search,P014,Active Mat 14,true,false,false,53,WEEKEND15,,
V009818,C00904,2025-06-18,direct,P001,Daily Lamp 01,true,false,false,52,WEEKEND15,,
V009819,C00197,2025-10-19,email,P006,Active Mat 06,false,false,false,16,WELCOME5,,
V009820,C00925,2025-07-13,organic_search,P011,Urban Bottle 11,true,false,false,61,,,
V009821,C00941,2025-05-29,direct,P029,Bright Organizer 29,true,true,false,156,,,
V009822,C00510,2025-08-31,organic_search,P017,Daily Lamp 17,true,false,false,13,,,
V009823,C00908,2025-03-07,paid_search,P028,Essential Bag 28,true,true,true,116,,T001225,
V009824,C00858,2025-09-22,organic_search,P030,Active Mat 30,true,false,false,92,,,
V009825,C00258,2025-05-13,organic_search,P012,Essential Bag 12,true,false,false,57,,,
V009826,C00797,2025-02-26,email,P008,Modern Serum 08,true,false,false,155,WELCOME5,,
V009827,C00419,2025-07-01,email,P009,Daily Lamp 09,true,false,false,154,WEEKEND15,,
V009828,C00921,2025-01-06,email,P014,Active Mat 14,true,false,false,34,WELCOME5,,
V009829,C00967,2025-06-17,referral,P013,Bright Organizer 13,true,false,false,55,,,
V009830,C00176,2025-10-31,referral,P022,Active Mat 22,true,true,true,44,WEEKEND15,T005596,
V009831,C00544,2025-02-07,direct,P025,Daily Lamp 25,true,false,false,44,,,
V009832,C00372,2025-01-14,paid_search,P007,Calm Cream 07,true,false,false,44,LOYALTY10,,
V009833,C00847,2025-07-18,organic_search,P019,Urban Bottle 19,false,false,false,103,,,
V009834,C00875,2025-01-03,direct,P004,Essential Bag 04,true,false,false,34,,,
V009835,C00344,2025-04-23,social,P021,Bright Organizer 21,true,false,false,120,WELCOME5,,
V009836,C00148,2025-08-06,direct,P014,Active Mat 14,true,false,false,48,,,
V009837,C00899,2025-09-07,organic_search,P012,Essential Bag 12,true,false,false,299,WELCOME5,,
V009838,C00186,2025-06-25,organic_search,P002,Pure Band 02,true,false,false,85,WEEKEND15,,
V009839,C00367,2025-12-25,referral,P020,Essential Bag 20,true,false,false,55,WELCOME5,,
V009840,C00754,2025-10-10,social,P026,Pure Band 26,true,false,false,66,,,
V009841,C00911,2025-07-18,social,P028,Essential Bag 28,true,false,false,19,LOYALTY10,,
V009842,C00404,2025-01-02,email,P001,Daily Lamp 01,true,false,false,5,LOYALTY10,,
V009843,C00464,2025-08-24,organic_search,P020,Essential Bag 20,true,true,false,25,,,
V009844,C00860,2025-05-04,organic_search,P001,Daily Lamp 01,true,false,false,21,LOYALTY10,,
V009845,C00810,2025-08-12,paid_search,P023,Calm Cream 23,true,false,false,51,,,
V009846,C00658,2025-09-13,direct,P004,Essential Bag 04,true,false,false,157,,,
V009847,C00678,2025-05-27,referral,P029,Bright Organizer 29,true,false,false,11,WELCOME5,,
V009848,C00538,2025-11-24,organic_search,P016,Modern Serum 16,false,false,false,64,,,
V009849,C00705,2025-05-18,organic_search,P001,Daily Lamp 01,true,false,false,31,LOYALTY10,,
V009850,C00954,2025-08-03,social,P026,Pure Band 26,true,false,false,46,,,
V009851,C00976,2025-08-07,social,P028,Essential Bag 28,true,false,false,47,WELCOME5,,
V009852,C00069,2025-07-13,organic_search,P029,Bright Organizer 29,true,false,false,144,WELCOME5,,
V009853,C00975,2025-02-20,paid_search,P024,Modern Serum 24,true,false,false,34,,,
V009854,C00425,2025-12-19,social,P003,Urban Bottle 03,true,false,false,23,LOYALTY10,,
V009855,C00490,2025-10-04,social,P030,Active Mat 30,true,true,false,397,WEEKEND15,,
V009856,C00293,2025-12-09,organic_search,P006,Active Mat 06,true,false,false,20,WELCOME5,,
V009857,C00167,2025-06-04,organic_search,P021,Bright Organizer 21,true,false,false,25,,,
V009858,C00379,2025-10-19,direct,P011,Urban Bottle 11,true,false,false,36,,,
V009859,C00340,2025-12-26,organic_search,P025,Daily Lamp 25,true,false,false,18,,,
V009860,C00041,2025-07-13,social,P007,Calm Cream 07,true,false,false,31,,,
V009861,C00750,2025-12-01,organic_search,P009,Daily Lamp 09,true,true,true,281,WEEKEND15,T006097,
V009862,C00094,2025-11-16,social,P023,Calm Cream 23,true,false,false,34,,,
V009863,C00222,2025-06-20,organic_search,P007,Calm Cream 07,true,false,true,46,,T003255,
V009864,C00222,2025-09-12,organic_search,P026,Pure Band 26,true,false,false,53,WELCOME5,,
V009865,C00577,2025-06-06,organic_search,P002,Pure Band 02,true,false,false,37,,,
V009866,C00387,2025-06-07,email,P016,Modern Serum 16,true,false,false,47,,,
V009867,C00131,2025-10-17,paid_search,P011,Urban Bottle 11,true,false,false,51,,,
V009868,C00780,2025-12-10,organic_search,P004,Essential Bag 04,true,false,false,48,,,
V009869,C00896,2025-09-07,direct,P003,Urban Bottle 03,true,true,true,109,,T004672,
V009870,C00413,2025-12-09,referral,P009,Daily Lamp 09,true,false,false,15,,,
V009871,C00787,2025-04-03,paid_search,P030,Active Mat 30,true,false,false,37,,,
V009872,C00345,2025-07-11,organic_search,P014,Active Mat 14,true,true,true,58,,T003637,
V009873,C00748,2025-04-12,paid_search,P020,Essential Bag 20,true,true,false,96,,,
V009874,C00580,2025-01-07,paid_search,P012,Essential Bag 12,true,false,false,32,,,
V009875,C00588,2025-06-18,direct,P029,Bright Organizer 29,true,false,false,11,,,
V009876,C00476,2025-04-27,email,P004,Essential Bag 04,false,false,false,48,WEEKEND15,,
V009877,C00716,2025-05-25,organic_search,P018,Pure Band 18,true,false,false,72,,,
V009878,C00695,2025-09-15,organic_search,P020,Essential Bag 20,true,false,false,161,,,
V009879,C00484,2025-03-27,direct,P012,Essential Bag 12,true,true,false,84,,,
V009880,C00341,2025-01-06,organic_search,P009,Daily Lamp 09,true,false,false,110,,,
V009881,C00768,2025-01-18,paid_search,P016,Modern Serum 16,true,false,false,93,WEEKEND15,,
V009882,C00898,2025-10-08,email,P023,Calm Cream 23,true,true,false,100,,,
V009883,C00747,2025-07-15,organic_search,P024,Modern Serum 24,true,false,false,74,,,
V009884,C00310,2025-04-09,email,P024,Modern Serum 24,true,false,false,120,WEEKEND15,,
V009885,C00003,2025-06-14,paid_search,P001,Daily Lamp 01,true,false,false,18,WELCOME5,,
V009886,C00186,2025-09-03,direct,P022,Active Mat 22,true,true,true,74,,T004599,
V009887,C00398,2025-11-26,referral,P015,Calm Cream 15,true,false,false,33,LOYALTY10,,
V009888,C00519,2025-09-09,organic_search,P006,Active Mat 06,true,false,false,33,,,
V009889,C00492,2025-12-08,paid_search,P023,Calm Cream 23,true,true,false,46,,,
V009890,C00353,2025-09-28,direct,P011,Urban Bottle 11,true,false,false,98,,,
V009891,C00760,2025-12-17,direct,P021,Bright Organizer 21,true,true,true,197,,T006387,
V009892,C00932,2025-07-28,organic_search,P029,Bright Organizer 29,true,false,false,82,WEEKEND15,,
V009893,C00669,2025-09-04,social,P019,Urban Bottle 19,true,false,false,21,WEEKEND15,,
V009894,C00518,2025-08-08,social,P021,Bright Organizer 21,true,false,false,89,LOYALTY10,,
V009895,C00322,2025-06-16,organic_search,P005,Bright Organizer 05,true,true,true,867,,T003192,
V009896,C00499,2025-12-05,paid_search,P009,Daily Lamp 09,true,false,false,82,,,
V009897,C00764,2025-01-14,paid_search,P028,Essential Bag 28,true,true,false,57,,,
V009898,C00360,2025-08-12,organic_search,P004,Essential Bag 04,true,false,false,25,WELCOME5,,
V009899,C00367,2025-01-04,email,P007,Calm Cream 07,true,false,false,13,LOYALTY10,,
V009900,C00621,2025-12-21,social,P001,Daily Lamp 01,true,false,false,214,,,
V009901,C00204,2025-01-19,social,P016,Modern Serum 16,true,false,false,11,,,
V009902,C00861,2025-08-04,direct,P011,Urban Bottle 11,true,false,false,60,WEEKEND15,,
V009903,C00684,2025-10-18,email,P011,Urban Bottle 11,true,true,false,79,WELCOME5,,
V009904,C00315,2025-07-02,organic_search,P003,Urban Bottle 03,true,false,false,77,,,
V009905,C00083,2025-06-09,organic_search,P024,Modern Serum 24,true,false,false,23,,,
V009906,C00878,2025-04-01,organic_search,P005,Bright Organizer 05,true,false,false,47,,,
V009907,C00976,2025-12-26,direct,P025,Daily Lamp 25,true,false,false,8,,,
V009908,C00257,2025-10-17,email,P016,Modern Serum 16,false,false,false,54,,,
V009909,C00384,2025-10-05,organic_search,P007,Calm Cream 07,true,true,false,183,,,
V009910,C00736,2025-05-23,paid_search,P007,Calm Cream 07,true,false,false,25,,,
V009911,C00508,2025-08-30,paid_search,P017,Daily Lamp 17,true,true,true,95,LOYALTY10,T004520,
V009912,C00036,2025-10-12,paid_search,P004,Essential Bag 04,true,true,false,12,,,
V009913,C00323,2025-10-02,social,P018,Pure Band 18,true,false,false,59,,,
V009914,C00633,2025-01-07,email,P001,Daily Lamp 01,true,false,false,22,,,
V009915,C00035,2025-11-28,direct,P007,Calm Cream 07,true,false,false,140,,,
V009916,C00623,2025-09-11,email,P030,Active Mat 30,true,true,false,111,WEEKEND15,,
V009917,C00755,2025-04-13,organic_search,P013,Bright Organizer 13,true,false,false,159,,,
V009918,C00379,2025-10-11,social,P019,Urban Bottle 19,true,true,false,16,,,
V009919,C00530,2025-01-22,paid_search,P020,Essential Bag 20,true,false,false,240,WEEKEND15,,
V009920,C00207,2025-01-23,paid_search,P021,Bright Organizer 21,true,false,false,31,,,
V009921,C00242,2025-08-06,direct,P009,Daily Lamp 09,true,false,false,21,,,
V009922,C00703,2025-09-17,paid_search,P009,Daily Lamp 09,true,false,false,42,,,
V009923,C00698,2025-02-09,email,P008,Modern Serum 08,true,false,false,31,,,
V009924,C00543,2025-01-24,paid_search,P019,Urban Bottle 19,true,false,false,48,,,
V009925,C00045,2025-03-27,direct,P014,Active Mat 14,true,true,false,300,LOYALTY10,,
V009926,C00679,2025-10-25,organic_search,P021,Bright Organizer 21,true,false,true,19,LOYALTY10,T005523,
V009927,C00922,2025-05-24,social,P005,Bright Organizer 05,true,false,false,18,LOYALTY10,,
V009928,C00201,2025-07-13,organic_search,P011,Urban Bottle 11,true,false,false,68,,,
V009929,C00696,2025-06-23,email,P018,Pure Band 18,true,true,true,39,,T003314,
V009930,C00254,2025-02-02,email,P023,Calm Cream 23,true,false,false,86,WEEKEND15,,
V009931,C00759,2025-04-04,organic_search,P022,Active Mat 22,true,true,false,74,,,
V009932,C00458,2025-09-09,social,P024,Modern Serum 24,true,false,false,103,,,
V009933,C00701,2025-06-13,organic_search,P027,Urban Bottle 27,true,false,false,24,LOYALTY10,,
V009934,C00479,2025-09-02,social,P012,Essential Bag 12,true,false,false,63,LOYALTY10,,
V009935,C00940,2025-02-15,organic_search,P011,Urban Bottle 11,true,true,false,30,,,
V009936,C00105,2025-04-04,social,P005,Bright Organizer 05,true,false,false,24,,,
V009937,C00985,2025-03-29,organic_search,P003,Urban Bottle 03,true,false,true,21,WELCOME5,T001690,
V009938,C00944,2025-01-15,direct,P025,Daily Lamp 25,true,false,false,58,,,
V009939,C00112,2025-08-13,paid_search,P007,Calm Cream 07,true,true,true,205,,T004236,
V009940,C00029,2025-05-23,paid_search,P006,Active Mat 06,false,false,false,21,,,
V009941,C00995,2025-03-26,paid_search,P010,Pure Band 10,true,false,false,16,,,
V009942,C00699,2025-01-27,email,P001,Daily Lamp 01,true,false,false,39,,,
V009943,C00073,2025-03-24,direct,P023,Calm Cream 23,true,false,false,102,LOYALTY10,,
V009944,C00814,2025-07-14,paid_search,P002,Pure Band 02,true,true,true,146,LOYALTY10,T003706,
V009945,C00587,2025-12-12,social,P028,Essential Bag 28,true,false,false,71,,,
V009946,C00730,2025-10-10,direct,P003,Urban Bottle 03,true,false,false,35,,,
V009947,C00152,2025-11-22,referral,P029,Bright Organizer 29,true,true,false,106,,,
V009948,C00487,2025-05-27,paid_search,P008,Modern Serum 08,true,false,false,45,,,
V009949,C00633,2025-05-15,organic_search,P021,Bright Organizer 21,true,true,true,215,,T002564,
V009950,C00604,2025-10-31,organic_search,P020,Essential Bag 20,true,true,true,131,,T005601,
V009951,C00614,2025-07-05,paid_search,P030,Active Mat 30,true,false,false,201,,,
V009952,C00881,2025-03-06,organic_search,P021,Bright Organizer 21,true,false,false,62,,,
V009953,C00807,2025-12-23,social,P021,Bright Organizer 21,true,false,false,21,LOYALTY10,,
V009954,C00218,2025-08-21,organic_search,P012,Essential Bag 12,true,false,false,31,,,
V009955,C00721,2025-11-08,organic_search,P024,Modern Serum 24,true,false,true,51,,T005743,
V009956,C00576,2025-07-07,paid_search,P009,Daily Lamp 09,true,true,false,43,,,
V009957,C00582,2025-07-15,paid_search,P006,Active Mat 06,true,false,false,76,,,
V009958,C00809,2025-10-18,organic_search,P024,Modern Serum 24,true,false,false,30,,,
V009959,C00136,2025-02-02,direct,P022,Active Mat 22,true,false,false,88,,,
V009960,C00671,2025-04-08,paid_search,P004,Essential Bag 04,true,false,false,60,,,
V009961,C00729,2025-08-12,direct,P028,Essential Bag 28,true,false,false,52,,,
V009962,C00081,2025-04-10,social,P004,Essential Bag 04,true,true,false,78,LOYALTY10,,
V009963,C00690,2025-06-14,paid_search,P004,Essential Bag 04,true,false,false,33,,,
V009964,C00106,2025-03-30,organic_search,P003,Urban Bottle 03,true,false,false,140,,,
V009965,C00174,2025-11-21,organic_search,P025,Daily Lamp 25,true,false,false,41,,,
V009966,C00382,2025-03-14,organic_search,P014,Active Mat 14,true,false,false,78,,,
V009967,C00626,2025-02-13,paid_search,P023,Calm Cream 23,true,false,false,47,,,
V009968,C00967,2025-03-11,paid_search,P013,Bright Organizer 13,true,false,true,62,,T001309,
V009969,C00466,2025-11-03,social,P003,Urban Bottle 03,true,false,false,43,,,
V009970,C00584,2025-07-14,organic_search,P004,Essential Bag 04,true,false,false,64,,,
V009971,C00255,2025-11-26,social,P006,Active Mat 06,false,false,false,84,,,
V009972,C00722,2025-01-01,email,P005,Bright Organizer 05,true,false,false,65,,,
V009973,C00914,2025-09-24,paid_search,P006,Active Mat 06,false,false,false,81,LOYALTY10,,
V009974,C00032,2025-05-17,organic_search,P013,Bright Organizer 13,true,false,false,13,WEEKEND15,,
V009975,C00901,2025-07-25,email,P002,Pure Band 02,true,true,false,63,,,
V009976,C00651,2025-09-05,organic_search,P009,Daily Lamp 09,true,true,false,21,,,
V009977,C00875,2025-06-24,social,P003,Urban Bottle 03,true,false,false,107,WEEKEND15,,
V009978,C00885,2025-05-24,email,P025,Daily Lamp 25,true,false,false,29,,,
V009979,C00810,2025-03-25,direct,P001,Daily Lamp 01,true,false,false,62,,,
V009980,C00238,2025-02-09,referral,P023,Calm Cream 23,true,true,true,181,,T000755,
V009981,C00131,2025-08-07,direct,P003,Urban Bottle 03,true,true,true,66,,T004114,
V009982,C00018,2025-02-08,paid_search,P004,Essential Bag 04,true,true,false,135,,,
V009983,C00442,2025-09-02,paid_search,P023,Calm Cream 23,true,false,false,83,,,
V009984,C00763,2025-04-11,paid_search,P012,Essential Bag 12,true,true,false,180,,,
V009985,C00505,2025-08-04,organic_search,P002,Pure Band 02,true,false,false,116,WELCOME5,,
V009986,C00881,2025-12-15,direct,P018,Pure Band 18,true,false,false,41,,,
V009987,C00496,2025-12-06,organic_search,P030,Active Mat 30,true,false,false,31,,,
V009988,C00006,2025-09-03,email,P025,Daily Lamp 25,true,true,false,570,,,
V009989,C00826,2025-05-22,social,P006,Active Mat 06,false,false,false,70,,,
V009990,C00557,2025-09-15,referral,P011,Urban Bottle 11,true,false,false,79,,,
V009991,C00581,2025-04-15,paid_search,P005,Bright Organizer 05,true,false,false,34,,,
V009992,C00011,2025-10-11,social,P015,Calm Cream 15,true,false,false,28,LOYALTY10,,
V009993,C00345,2025-09-16,referral,P023,Calm Cream 23,true,false,false,38,,,
V009994,C00241,2025-04-20,direct,P006,Active Mat 06,false,false,false,67,,,
V009995,C00284,2025-05-14,social,P002,Pure Band 02,true,false,false,97,,,
V009996,C00610,2025-04-14,paid_search,P026,Pure Band 26,true,false,false,23,,,
V009997,C00121,2025-12-22,paid_search,P001,Daily Lamp 01,true,false,false,113,WELCOME5,,
V009998,C00792,2025-12-29,organic_search,P023,Calm Cream 23,false,false,false,20,,,
V009999,C00402,2025-11-30,organic_search,P014,Active Mat 14,false,false,false,305,,,
V010000,C00197,2025-08-17,email,P010,Pure Band 10,true,false,false,94,,,
