send_id,campaign_id,campaign_name,customer_id,channel,message,sent_date,clicked,time_spent,purchased,visit_id,transaction_id,amount_purchased
SEND000001,CMP04,Summer Essentials,C00725,ads,Simple essentials for warmer days.,2025-08-26,false,,false,,,
SEND000002,CMP06,Autumn Edit,C00254,ads,Discover this season's useful upgrades.,2025-09-11,false,,false,,,
SEND000003,CMP07,Early Holiday,C00741,email,A head start on thoughtful gifting.,2025-11-24,false,,false,,,
SEND000004,CMP01,New Year Reset,C00145,email,Start fresh with practical favorites.,2025-01-26,false,,false,,,
SEND000005,CMP02,Spring Refresh,C00079,ads,Refresh your routine for spring.,2025-04-03,false,,false,,,
SEND000006,CMP03,Member Picks,C00148,email,Popular picks selected for you.,2025-06-11,false,,false,,,
SEND000007,CMP04,Summer Essentials,C00851,ads,Simple essentials for warmer days.,2025-08-24,false,,false,,,
SEND000008,CMP02,Spring Refresh,C00729,ads,Refresh your routine for spring.,2025-03-31,false,,false,,,
SEND000009,CMP04,Summer Essentials,C00252,ads,Simple essentials for warmer days.,2025-08-26,false,,false,,,
SEND000010,CMP02,Spring Refresh,C00289,ads,Refresh your routine for spring.,2025-04-03,false,,false,,,
SEND000011,CMP07,Early Holiday,C00886,email,A head start on thoughtful gifting.,2025-11-02,false,,false,,,
SEND000012,CMP04,Summer Essentials,C00941,ads,Simple essentials for warmer days.,2025-06-12,false,,false,,,
SEND000013,CMP03,Member Picks,C00749,email,Popular picks selected for you.,2025-06-13,true,48,false,V010001,,
SEND000014,CMP04,Summer Essentials,C00466,ads,Simple essentials for warmer days.,2025-07-24,false,,false,,,
SEND000015,CMP06,Autumn Edit,C00366,ads,Discover this season's useful upgrades.,2025-09-20,false,,false,,,
SEND000016,CMP02,Spring Refresh,C00922,ads,Refresh your routine for spring.,2025-04-09,false,,false,,,
SEND000017,CMP02,Spring Refresh,C00367,ads,Refresh your routine for spring.,2025-03-07,false,,false,,,
SEND000018,CMP06,Autumn Edit,C00588,ads,Discover this season's useful upgrades.,2025-09-24,false,,false,,,
SEND000019,CMP03,Member Picks,C00750,email,Popular picks selected for you.,2025-05-13,false,,false,,,
SEND000020,CMP04,Summer Essentials,C00085,ads,Simple essentials for warmer days.,2025-07-17,false,,false,,,
SEND000021,CMP06,Autumn Edit,C00671,ads,Discover this season's useful upgrades.,2025-09-22,true,31,true,V010002,T006001,91.32
SEND000022,CMP02,Spring Refresh,C00648,ads,Refresh your routine for spring.,2025-04-17,false,,false,,,
SEND000023,CMP03,Member Picks,C00448,email,Popular picks selected for you.,2025-05-07,false,,false,,,
SEND000024,CMP04,Summer Essentials,C00293,ads,Simple essentials for warmer days.,2025-07-03,false,,false,,,
SEND000025,CMP08,Holiday Highlights,C00913,ads,Explore customer favorites this holiday.,2025-11-16,false,,false,,,
SEND000026,CMP06,Autumn Edit,C00581,ads,Discover this season's useful upgrades.,2025-10-23,false,,false,,,
SEND000027,CMP03,Member Picks,C00035,email,Popular picks selected for you.,2025-05-15,false,,false,,,
SEND000028,CMP04,Summer Essentials,C00635,ads,Simple essentials for warmer days.,2025-07-29,false,,false,,,
SEND000029,CMP05,Back to Routine,C00186,email,Get back into your everyday rhythm.,2025-09-03,false,,false,,,
SEND000030,CMP05,Back to Routine,C00606,email,Get back into your everyday rhythm.,2025-09-23,false,,false,,,
SEND000031,CMP06,Autumn Edit,C00743,ads,Discover this season's useful upgrades.,2025-10-10,false,,false,,,
SEND000032,CMP06,Autumn Edit,C00283,ads,Discover this season's useful upgrades.,2025-10-24,false,,false,,,
SEND000033,CMP07,Early Holiday,C00306,email,A head start on thoughtful gifting.,2025-11-09,true,151,false,V010003,,
SEND000034,CMP08,Holiday Highlights,C00515,ads,Explore customer favorites this holiday.,2025-12-19,false,,false,,,
SEND000035,CMP05,Back to Routine,C00128,email,Get back into your everyday rhythm.,2025-08-25,true,43,false,V010004,,
SEND000036,CMP01,New Year Reset,C00516,email,Start fresh with practical favorites.,2025-01-04,false,,false,,,
SEND000037,CMP01,New Year Reset,C00496,email,Start fresh with practical favorites.,2025-02-23,false,,false,,,
SEND000038,CMP01,New Year Reset,C00434,email,Start fresh with practical favorites.,2025-02-13,false,,false,,,
SEND000039,CMP01,New Year Reset,C00306,email,Start fresh with practical favorites.,2025-02-17,false,,false,,,
SEND000040,CMP02,Spring Refresh,C00764,ads,Refresh your routine for spring.,2025-03-25,false,,false,,,
SEND000041,CMP08,Holiday Highlights,C00182,ads,Explore customer favorites this holiday.,2025-11-23,false,,false,,,
SEND000042,CMP04,Summer Essentials,C00944,ads,Simple essentials for warmer days.,2025-06-17,false,,false,,,
SEND000043,CMP06,Autumn Edit,C00921,ads,Discover this season's useful upgrades.,2025-10-29,false,,false,,,
SEND000044,CMP07,Early Holiday,C00930,email,A head start on thoughtful gifting.,2025-11-17,true,62,false,V010005,,
SEND000045,CMP07,Early Holiday,C00432,email,A head start on thoughtful gifting.,2025-11-18,false,,false,,,
SEND000046,CMP04,Summer Essentials,C00580,ads,Simple essentials for warmer days.,2025-07-24,false,,false,,,
SEND000047,CMP01,New Year Reset,C00655,email,Start fresh with practical favorites.,2025-01-22,false,,false,,,
SEND000048,CMP02,Spring Refresh,C00424,ads,Refresh your routine for spring.,2025-04-25,false,,false,,,
SEND000049,CMP04,Summer Essentials,C00426,ads,Simple essentials for warmer days.,2025-06-24,false,,false,,,
SEND000050,CMP03,Member Picks,C00524,email,Popular picks selected for you.,2025-05-24,false,,false,,,
SEND000051,CMP03,Member Picks,C00084,email,Popular picks selected for you.,2025-06-11,false,,false,,,
SEND000052,CMP05,Back to Routine,C00757,email,Get back into your everyday rhythm.,2025-09-05,false,,false,,,
SEND000053,CMP05,Back to Routine,C00498,email,Get back into your everyday rhythm.,2025-09-03,false,,false,,,
SEND000054,CMP07,Early Holiday,C00622,email,A head start on thoughtful gifting.,2025-11-24,false,,false,,,
SEND000055,CMP06,Autumn Edit,C00060,ads,Discover this season's useful upgrades.,2025-09-11,true,143,false,V010006,,
SEND000056,CMP02,Spring Refresh,C00750,ads,Refresh your routine for spring.,2025-03-28,false,,false,,,
SEND000057,CMP08,Holiday Highlights,C00138,ads,Explore customer favorites this holiday.,2025-11-19,false,,false,,,
SEND000058,CMP08,Holiday Highlights,C00114,ads,Explore customer favorites this holiday.,2025-11-25,true,126,false,V010007,,
SEND000059,CMP06,Autumn Edit,C00857,ads,Discover this season's useful upgrades.,2025-10-13,false,,false,,,
SEND000060,CMP03,Member Picks,C00808,email,Popular picks selected for you.,2025-05-12,false,,false,,,
SEND000061,CMP04,Summer Essentials,C00482,ads,Simple essentials for warmer days.,2025-08-22,false,,false,,,
SEND000062,CMP05,Back to Routine,C00636,email,Get back into your everyday rhythm.,2025-08-11,false,,false,,,
SEND000063,CMP05,Back to Routine,C00002,email,Get back into your everyday rhythm.,2025-09-26,false,,false,,,
SEND000064,CMP03,Member Picks,C00876,email,Popular picks selected for you.,2025-05-31,false,,false,,,
SEND000065,CMP03,Member Picks,C00786,email,Popular picks selected for you.,2025-06-15,false,,false,,,
SEND000066,CMP06,Autumn Edit,C00212,ads,Discover this season's useful upgrades.,2025-09-09,false,,false,,,
SEND000067,CMP02,Spring Refresh,C00424,ads,Refresh your routine for spring.,2025-03-08,false,,false,,,
SEND000068,CMP04,Summer Essentials,C00989,ads,Simple essentials for warmer days.,2025-08-09,false,,false,,,
SEND000069,CMP06,Autumn Edit,C00689,ads,Discover this season's useful upgrades.,2025-10-03,false,,false,,,
SEND000070,CMP06,Autumn Edit,C00069,ads,Discover this season's useful upgrades.,2025-09-13,false,,false,,,
SEND000071,CMP02,Spring Refresh,C00728,ads,Refresh your routine for spring.,2025-03-07,false,,false,,,
SEND000072,CMP08,Holiday Highlights,C00478,ads,Explore customer favorites this holiday.,2025-12-21,false,,false,,,
SEND000073,CMP07,Early Holiday,C00401,email,A head start on thoughtful gifting.,2025-11-13,false,,false,,,
SEND000074,CMP05,Back to Routine,C00632,email,Get back into your everyday rhythm.,2025-08-31,true,49,false,V010008,,
SEND000075,CMP08,Holiday Highlights,C00701,ads,Explore customer favorites this holiday.,2025-12-10,false,,false,,,
SEND000076,CMP01,New Year Reset,C00285,email,Start fresh with practical favorites.,2025-02-23,false,,false,,,
SEND000077,CMP04,Summer Essentials,C00706,ads,Simple essentials for warmer days.,2025-08-25,false,,false,,,
SEND000078,CMP06,Autumn Edit,C00257,ads,Discover this season's useful upgrades.,2025-09-09,false,,false,,,
SEND000079,CMP08,Holiday Highlights,C00425,ads,Explore customer favorites this holiday.,2025-12-24,false,,false,,,
SEND000080,CMP04,Summer Essentials,C00826,ads,Simple essentials for warmer days.,2025-06-07,false,,false,,,
SEND000081,CMP02,Spring Refresh,C00468,ads,Refresh your routine for spring.,2025-03-09,false,,false,,,
SEND000082,CMP05,Back to Routine,C00291,email,Get back into your everyday rhythm.,2025-09-20,true,33,false,V010009,,
SEND000083,CMP02,Spring Refresh,C00005,ads,Refresh your routine for spring.,2025-03-21,false,,false,,,
SEND000084,CMP05,Back to Routine,C00424,email,Get back into your everyday rhythm.,2025-09-06,false,,false,,,
SEND000085,CMP06,Autumn Edit,C00878,ads,Discover this season's useful upgrades.,2025-09-29,false,,false,,,
SEND000086,CMP03,Member Picks,C00171,email,Popular picks selected for you.,2025-06-15,false,,false,,,
SEND000087,CMP06,Autumn Edit,C00582,ads,Discover this season's useful upgrades.,2025-10-13,false,,false,,,
SEND000088,CMP03,Member Picks,C00025,email,Popular picks selected for you.,2025-06-06,false,,false,,,
SEND000089,CMP04,Summer Essentials,C00304,ads,Simple essentials for warmer days.,2025-08-25,false,,false,,,
SEND000090,CMP08,Holiday Highlights,C00328,ads,Explore customer favorites this holiday.,2025-12-01,false,,false,,,
SEND000091,CMP04,Summer Essentials,C00079,ads,Simple essentials for warmer days.,2025-08-09,false,,false,,,
SEND000092,CMP01,New Year Reset,C00017,email,Start fresh with practical favorites.,2025-02-15,false,,false,,,
SEND000093,CMP06,Autumn Edit,C00609,ads,Discover this season's useful upgrades.,2025-10-17,false,,false,,,
SEND000094,CMP04,Summer Essentials,C00969,ads,Simple essentials for warmer days.,2025-08-12,false,,false,,,
SEND000095,CMP04,Summer Essentials,C00374,ads,Simple essentials for warmer days.,2025-07-20,false,,false,,,
SEND000096,CMP02,Spring Refresh,C00292,ads,Refresh your routine for spring.,2025-03-10,true,62,false,V010010,,
SEND000097,CMP08,Holiday Highlights,C00043,ads,Explore customer favorites this holiday.,2025-11-09,true,105,true,V010011,T006002,71.18
SEND000098,CMP08,Holiday Highlights,C00226,ads,Explore customer favorites this holiday.,2025-11-11,false,,false,,,
SEND000099,CMP05,Back to Routine,C00303,email,Get back into your everyday rhythm.,2025-09-02,false,,false,,,
SEND000100,CMP01,New Year Reset,C00495,email,Start fresh with practical favorites.,2025-01-30,false,,false,,,
SEND000101,CMP07,Early Holiday,C00356,email,A head start on thoughtful gifting.,2025-11-22,false,,false,,,
SEND000102,CMP04,Summer Essentials,C00883,ads,Simple essentials for warmer days.,2025-08-15,false,,false,,,
SEND000103,CMP08,Holiday Highlights,C00401,ads,Explore customer favorites this holiday.,2025-11-13,true,38,false,V010012,,
SEND000104,CMP08,Holiday Highlights,C00670,ads,Explore customer favorites this holiday.,2025-12-18,false,,false,,,
SEND000105,CMP07,Early Holiday,C00363,email,A head start on thoughtful gifting.,2025-11-18,false,,false,,,
SEND000106,CMP03,Member Picks,C00097,email,Popular picks selected for you.,2025-06-07,false,,false,,,
SEND000107,CMP06,Autumn Edit,C00131,ads,Discover this season's useful upgrades.,2025-09-18,false,,false,,,
SEND000108,CMP01,New Year Reset,C00703,email,Start fresh with practical favorites.,2025-02-06,true,65,false,V010013,,
SEND000109,CMP01,New Year Reset,C00073,email,Start fresh with practical favorites.,2025-02-26,false,,false,,,
SEND000110,CMP06,Autumn Edit,C00961,ads,Discover this season's useful upgrades.,2025-09-17,false,,false,,,
SEND000111,CMP05,Back to Routine,C00646,email,Get back into your everyday rhythm.,2025-09-16,false,,false,,,
SEND000112,CMP04,Summer Essentials,C00587,ads,Simple essentials for warmer days.,2025-08-13,true,105,false,V010014,,
SEND000113,CMP04,Summer Essentials,C00537,ads,Simple essentials for warmer days.,2025-06-19,false,,false,,,
SEND000114,CMP05,Back to Routine,C00129,email,Get back into your everyday rhythm.,2025-09-11,false,,false,,,
SEND000115,CMP02,Spring Refresh,C00107,ads,Refresh your routine for spring.,2025-04-27,true,216,true,V010015,T006003,21.45
SEND000116,CMP08,Holiday Highlights,C00579,ads,Explore customer favorites this holiday.,2025-12-10,false,,false,,,
SEND000117,CMP04,Summer Essentials,C00700,ads,Simple essentials for warmer days.,2025-06-18,false,,false,,,
SEND000118,CMP08,Holiday Highlights,C00429,ads,Explore customer favorites this holiday.,2025-11-25,true,265,false,V010016,,
SEND000119,CMP04,Summer Essentials,C00073,ads,Simple essentials for warmer days.,2025-07-10,false,,false,,,
SEND000120,CMP08,Holiday Highlights,C00998,ads,Explore customer favorites this holiday.,2025-12-06,false,,false,,,
SEND000121,CMP04,Summer Essentials,C00717,ads,Simple essentials for warmer days.,2025-06-03,false,,false,,,
SEND000122,CMP04,Summer Essentials,C00165,ads,Simple essentials for warmer days.,2025-08-21,false,,false,,,
SEND000123,CMP03,Member Picks,C00009,email,Popular picks selected for you.,2025-05-25,false,,false,,,
SEND000124,CMP08,Holiday Highlights,C00005,ads,Explore customer favorites this holiday.,2025-11-08,false,,false,,,
SEND000125,CMP02,Spring Refresh,C00334,ads,Refresh your routine for spring.,2025-03-15,false,,false,,,
SEND000126,CMP07,Early Holiday,C00482,email,A head start on thoughtful gifting.,2025-11-02,false,,false,,,
SEND000127,CMP08,Holiday Highlights,C00464,ads,Explore customer favorites this holiday.,2025-11-05,false,,false,,,
SEND000128,CMP03,Member Picks,C00833,email,Popular picks selected for you.,2025-06-18,false,,false,,,
SEND000129,CMP08,Holiday Highlights,C00544,ads,Explore customer favorites this holiday.,2025-11-21,false,,false,,,
SEND000130,CMP03,Member Picks,C00640,email,Popular picks selected for you.,2025-05-16,true,75,false,V010017,,
SEND000131,CMP08,Holiday Highlights,C00778,ads,Explore customer favorites this holiday.,2025-12-13,false,,false,,,
SEND000132,CMP08,Holiday Highlights,C00902,ads,Explore customer favorites this holiday.,2025-11-05,false,,false,,,
SEND000133,CMP08,Holiday Highlights,C00425,ads,Explore customer favorites this holiday.,2025-12-31,false,,false,,,
SEND000134,CMP06,Autumn Edit,C00317,ads,Discover this season's useful upgrades.,2025-09-15,false,,false,,,
SEND000135,CMP05,Back to Routine,C00737,email,Get back into your everyday rhythm.,2025-09-21,false,,false,,,
SEND000136,CMP03,Member Picks,C00545,email,Popular picks selected for you.,2025-06-24,false,,false,,,
SEND000137,CMP01,New Year Reset,C00971,email,Start fresh with practical favorites.,2025-02-15,false,,false,,,
SEND000138,CMP02,Spring Refresh,C00781,ads,Refresh your routine for spring.,2025-04-22,false,,false,,,
SEND000139,CMP04,Summer Essentials,C00256,ads,Simple essentials for warmer days.,2025-08-09,true,83,false,V010018,,
SEND000140,CMP01,New Year Reset,C00769,email,Start fresh with practical favorites.,2025-02-08,false,,false,,,
SEND000141,CMP04,Summer Essentials,C00070,ads,Simple essentials for warmer days.,2025-07-04,false,,false,,,
SEND000142,CMP06,Autumn Edit,C00497,ads,Discover this season's useful upgrades.,2025-10-03,true,205,false,V010019,,
SEND000143,CMP03,Member Picks,C00797,email,Popular picks selected for you.,2025-05-16,false,,false,,,
SEND000144,CMP06,Autumn Edit,C00286,ads,Discover this season's useful upgrades.,2025-09-29,true,720,false,V010020,,
SEND000145,CMP04,Summer Essentials,C00844,ads,Simple essentials for warmer days.,2025-06-22,false,,false,,,
SEND000146,CMP03,Member Picks,C00930,email,Popular picks selected for you.,2025-05-30,false,,false,,,
SEND000147,CMP07,Early Holiday,C00688,email,A head start on thoughtful gifting.,2025-11-25,false,,false,,,
SEND000148,CMP07,Early Holiday,C00648,email,A head start on thoughtful gifting.,2025-11-19,false,,false,,,
SEND000149,CMP03,Member Picks,C00428,email,Popular picks selected for you.,2025-06-30,false,,false,,,
SEND000150,CMP06,Autumn Edit,C00215,ads,Discover this season's useful upgrades.,2025-10-12,false,,false,,,
SEND000151,CMP03,Member Picks,C00771,email,Popular picks selected for you.,2025-05-27,false,,false,,,
SEND000152,CMP02,Spring Refresh,C00941,ads,Refresh your routine for spring.,2025-04-20,false,,false,,,
SEND000153,CMP02,Spring Refresh,C00288,ads,Refresh your routine for spring.,2025-04-19,false,,false,,,
SEND000154,CMP04,Summer Essentials,C00719,ads,Simple essentials for warmer days.,2025-06-18,false,,false,,,
SEND000155,CMP07,Early Holiday,C00783,email,A head start on thoughtful gifting.,2025-11-06,false,,false,,,
SEND000156,CMP02,Spring Refresh,C00750,ads,Refresh your routine for spring.,2025-04-28,false,,false,,,
SEND000157,CMP03,Member Picks,C00066,email,Popular picks selected for you.,2025-05-21,false,,false,,,
SEND000158,CMP02,Spring Refresh,C00245,ads,Refresh your routine for spring.,2025-03-17,true,48,false,V010021,,
SEND000159,CMP06,Autumn Edit,C00196,ads,Discover this season's useful upgrades.,2025-10-13,false,,false,,,
SEND000160,CMP07,Early Holiday,C00458,email,A head start on thoughtful gifting.,2025-11-12,false,,false,,,
SEND000161,CMP07,Early Holiday,C00599,email,A head start on thoughtful gifting.,2025-11-21,false,,false,,,
SEND000162,CMP06,Autumn Edit,C00813,ads,Discover this season's useful upgrades.,2025-09-04,false,,false,,,
SEND000163,CMP06,Autumn Edit,C00929,ads,Discover this season's useful upgrades.,2025-09-25,false,,false,,,
SEND000164,CMP01,New Year Reset,C00396,email,Start fresh with practical favorites.,2025-02-13,false,,false,,,
SEND000165,CMP04,Summer Essentials,C00180,ads,Simple essentials for warmer days.,2025-06-03,false,,false,,,
SEND000166,CMP05,Back to Routine,C00182,email,Get back into your everyday rhythm.,2025-08-26,false,,false,,,
SEND000167,CMP02,Spring Refresh,C00215,ads,Refresh your routine for spring.,2025-03-26,true,101,false,V010022,,
SEND000168,CMP01,New Year Reset,C00788,email,Start fresh with practical favorites.,2025-01-16,false,,false,,,
SEND000169,CMP01,New Year Reset,C00624,email,Start fresh with practical favorites.,2025-02-02,false,,false,,,
SEND000170,CMP05,Back to Routine,C00512,email,Get back into your everyday rhythm.,2025-09-06,true,156,false,V010023,,
SEND000171,CMP02,Spring Refresh,C00966,ads,Refresh your routine for spring.,2025-03-04,false,,false,,,
SEND000172,CMP07,Early Holiday,C00241,email,A head start on thoughtful gifting.,2025-11-14,false,,false,,,
SEND000173,CMP06,Autumn Edit,C00281,ads,Discover this season's useful upgrades.,2025-10-24,true,187,false,V010024,,
SEND000174,CMP06,Autumn Edit,C00917,ads,Discover this season's useful upgrades.,2025-09-05,true,81,false,V010025,,
SEND000175,CMP03,Member Picks,C00062,email,Popular picks selected for you.,2025-06-25,true,80,false,V010026,,
SEND000176,CMP02,Spring Refresh,C00650,ads,Refresh your routine for spring.,2025-04-28,false,,false,,,
SEND000177,CMP05,Back to Routine,C00924,email,Get back into your everyday rhythm.,2025-08-18,true,66,false,V010027,,
SEND000178,CMP03,Member Picks,C00848,email,Popular picks selected for you.,2025-06-28,false,,false,,,
SEND000179,CMP05,Back to Routine,C00934,email,Get back into your everyday rhythm.,2025-08-10,false,,false,,,
SEND000180,CMP05,Back to Routine,C00355,email,Get back into your everyday rhythm.,2025-09-17,false,,false,,,
SEND000181,CMP02,Spring Refresh,C00820,ads,Refresh your routine for spring.,2025-04-11,false,,false,,,
SEND000182,CMP06,Autumn Edit,C00632,ads,Discover this season's useful upgrades.,2025-09-02,false,,false,,,
SEND000183,CMP01,New Year Reset,C00355,email,Start fresh with practical favorites.,2025-02-23,false,,false,,,
SEND000184,CMP04,Summer Essentials,C00348,ads,Simple essentials for warmer days.,2025-06-29,false,,false,,,
SEND000185,CMP05,Back to Routine,C00083,email,Get back into your everyday rhythm.,2025-08-30,false,,false,,,
SEND000186,CMP02,Spring Refresh,C00830,ads,Refresh your routine for spring.,2025-03-11,false,,false,,,
SEND000187,CMP05,Back to Routine,C00170,email,Get back into your everyday rhythm.,2025-09-18,false,,false,,,
SEND000188,CMP03,Member Picks,C00802,email,Popular picks selected for you.,2025-06-02,false,,false,,,
SEND000189,CMP03,Member Picks,C00806,email,Popular picks selected for you.,2025-05-04,false,,false,,,
SEND000190,CMP02,Spring Refresh,C00143,ads,Refresh your routine for spring.,2025-04-24,false,,false,,,
SEND000191,CMP03,Member Picks,C00996,email,Popular picks selected for you.,2025-05-27,false,,false,,,
SEND000192,CMP06,Autumn Edit,C00872,ads,Discover this season's useful upgrades.,2025-10-19,false,,false,,,
SEND000193,CMP05,Back to Routine,C00140,email,Get back into your everyday rhythm.,2025-09-17,true,191,false,V010028,,
SEND000194,CMP03,Member Picks,C00760,email,Popular picks selected for you.,2025-06-01,false,,false,,,
SEND000195,CMP04,Summer Essentials,C00997,ads,Simple essentials for warmer days.,2025-08-11,false,,false,,,
SEND000196,CMP04,Summer Essentials,C00777,ads,Simple essentials for warmer days.,2025-08-01,false,,false,,,
SEND000197,CMP05,Back to Routine,C00599,email,Get back into your everyday rhythm.,2025-08-10,false,,false,,,
SEND000198,CMP01,New Year Reset,C00538,email,Start fresh with practical favorites.,2025-01-13,true,76,false,V010029,,
SEND000199,CMP01,New Year Reset,C00665,email,Start fresh with practical favorites.,2025-02-02,true,34,false,V010030,,
SEND000200,CMP03,Member Picks,C00121,email,Popular picks selected for you.,2025-06-28,false,,false,,,
SEND000201,CMP01,New Year Reset,C00630,email,Start fresh with practical favorites.,2025-01-31,false,,false,,,
SEND000202,CMP02,Spring Refresh,C00238,ads,Refresh your routine for spring.,2025-04-14,true,51,false,V010031,,
SEND000203,CMP08,Holiday Highlights,C00691,ads,Explore customer favorites this holiday.,2025-12-19,false,,false,,,
SEND000204,CMP07,Early Holiday,C00388,email,A head start on thoughtful gifting.,2025-11-13,false,,false,,,
SEND000205,CMP01,New Year Reset,C00388,email,Start fresh with practical favorites.,2025-02-19,false,,false,,,
SEND000206,CMP03,Member Picks,C00107,email,Popular picks selected for you.,2025-05-01,false,,false,,,
SEND000207,CMP04,Summer Essentials,C00530,ads,Simple essentials for warmer days.,2025-08-04,false,,false,,,
SEND000208,CMP05,Back to Routine,C00810,email,Get back into your everyday rhythm.,2025-08-01,false,,false,,,
SEND000209,CMP07,Early Holiday,C00120,email,A head start on thoughtful gifting.,2025-11-01,false,,false,,,
SEND000210,CMP08,Holiday Highlights,C00495,ads,Explore customer favorites this holiday.,2025-11-24,false,,false,,,
SEND000211,CMP01,New Year Reset,C00297,email,Start fresh with practical favorites.,2025-01-14,true,41,false,V010032,,
SEND000212,CMP06,Autumn Edit,C00255,ads,Discover this season's useful upgrades.,2025-09-16,false,,false,,,
SEND000213,CMP04,Summer Essentials,C00850,ads,Simple essentials for warmer days.,2025-08-18,false,,false,,,
SEND000214,CMP04,Summer Essentials,C00367,ads,Simple essentials for warmer days.,2025-08-16,false,,false,,,
SEND000215,CMP01,New Year Reset,C00407,email,Start fresh with practical favorites.,2025-02-03,false,,false,,,
SEND000216,CMP08,Holiday Highlights,C00615,ads,Explore customer favorites this holiday.,2025-12-27,false,,false,,,
SEND000217,CMP05,Back to Routine,C00087,email,Get back into your everyday rhythm.,2025-09-09,false,,false,,,
SEND000218,CMP06,Autumn Edit,C00467,ads,Discover this season's useful upgrades.,2025-09-18,false,,false,,,
SEND000219,CMP08,Holiday Highlights,C00461,ads,Explore customer favorites this holiday.,2025-11-03,false,,false,,,
SEND000220,CMP07,Early Holiday,C00590,email,A head start on thoughtful gifting.,2025-11-15,false,,false,,,
SEND000221,CMP07,Early Holiday,C00811,email,A head start on thoughtful gifting.,2025-11-28,false,,false,,,
SEND000222,CMP07,Early Holiday,C00625,email,A head start on thoughtful gifting.,2025-11-04,true,24,false,V010033,,
SEND000223,CMP02,Spring Refresh,C00870,ads,Refresh your routine for spring.,2025-04-29,false,,false,,,
SEND000224,CMP02,Spring Refresh,C00830,ads,Refresh your routine for spring.,2025-04-15,false,,false,,,
SEND000225,CMP05,Back to Routine,C00640,email,Get back into your everyday rhythm.,2025-09-26,false,,false,,,
SEND000226,CMP02,Spring Refresh,C00166,ads,Refresh your routine for spring.,2025-04-27,false,,false,,,
SEND000227,CMP08,Holiday Highlights,C00678,ads,Explore customer favorites this holiday.,2025-12-22,false,,false,,,
SEND000228,CMP02,Spring Refresh,C00591,ads,Refresh your routine for spring.,2025-03-25,false,,false,,,
SEND000229,CMP05,Back to Routine,C00254,email,Get back into your everyday rhythm.,2025-09-18,true,97,false,V010034,,
SEND000230,CMP03,Member Picks,C00964,email,Popular picks selected for you.,2025-05-25,false,,false,,,
SEND000231,CMP02,Spring Refresh,C00852,ads,Refresh your routine for spring.,2025-04-05,false,,false,,,
SEND000232,CMP03,Member Picks,C00121,email,Popular picks selected for you.,2025-06-24,false,,false,,,
SEND000233,CMP06,Autumn Edit,C00547,ads,Discover this season's useful upgrades.,2025-10-29,false,,false,,,
SEND000234,CMP02,Spring Refresh,C00597,ads,Refresh your routine for spring.,2025-04-09,true,94,false,V010035,,
SEND000235,CMP08,Holiday Highlights,C00198,ads,Explore customer favorites this holiday.,2025-12-16,false,,false,,,
SEND000236,CMP07,Early Holiday,C00467,email,A head start on thoughtful gifting.,2025-11-07,false,,false,,,
SEND000237,CMP08,Holiday Highlights,C00995,ads,Explore customer favorites this holiday.,2025-11-02,true,724,false,V010036,,
SEND000238,CMP01,New Year Reset,C00003,email,Start fresh with practical favorites.,2025-01-04,false,,false,,,
SEND000239,CMP07,Early Holiday,C00379,email,A head start on thoughtful gifting.,2025-11-02,false,,false,,,
SEND000240,CMP07,Early Holiday,C00053,email,A head start on thoughtful gifting.,2025-11-10,true,230,false,V010037,,
SEND000241,CMP06,Autumn Edit,C00516,ads,Discover this season's useful upgrades.,2025-10-18,false,,false,,,
SEND000242,CMP05,Back to Routine,C00761,email,Get back into your everyday rhythm.,2025-08-17,false,,false,,,
SEND000243,CMP03,Member Picks,C00759,email,Popular picks selected for you.,2025-06-27,true,87,false,V010038,,
SEND000244,CMP06,Autumn Edit,C00963,ads,Discover this season's useful upgrades.,2025-10-03,false,,false,,,
SEND000245,CMP04,Summer Essentials,C00963,ads,Simple essentials for warmer days.,2025-08-25,true,31,false,V010039,,
SEND000246,CMP08,Holiday Highlights,C00710,ads,Explore customer favorites this holiday.,2025-11-30,false,,false,,,
SEND000247,CMP02,Spring Refresh,C00003,ads,Refresh your routine for spring.,2025-03-31,false,,false,,,
SEND000248,CMP03,Member Picks,C00063,email,Popular picks selected for you.,2025-05-23,false,,false,,,
SEND000249,CMP04,Summer Essentials,C00124,ads,Simple essentials for warmer days.,2025-06-13,false,,false,,,
SEND000250,CMP03,Member Picks,C00361,email,Popular picks selected for you.,2025-05-31,true,47,false,V010040,,
SEND000251,CMP04,Summer Essentials,C00441,ads,Simple essentials for warmer days.,2025-07-12,false,,false,,,
SEND000252,CMP08,Holiday Highlights,C00183,ads,Explore customer favorites this holiday.,2025-11-11,false,,false,,,
SEND000253,CMP04,Summer Essentials,C00302,ads,Simple essentials for warmer days.,2025-08-05,false,,false,,,
SEND000254,CMP08,Holiday Highlights,C00417,ads,Explore customer favorites this holiday.,2025-11-26,false,,false,,,
SEND000255,CMP01,New Year Reset,C00449,email,Start fresh with practical favorites.,2025-01-10,false,,false,,,
SEND000256,CMP04,Summer Essentials,C00406,ads,Simple essentials for warmer days.,2025-08-13,false,,false,,,
SEND000257,CMP08,Holiday Highlights,C00280,ads,Explore customer favorites this holiday.,2025-11-09,true,19,false,V010041,,
SEND000258,CMP01,New Year Reset,C00447,email,Start fresh with practical favorites.,2025-01-26,true,237,false,V010042,,
SEND000259,CMP08,Holiday Highlights,C00031,ads,Explore customer favorites this holiday.,2025-11-15,false,,false,,,
SEND000260,CMP01,New Year Reset,C00689,email,Start fresh with practical favorites.,2025-02-22,false,,false,,,
SEND000261,CMP06,Autumn Edit,C00416,ads,Discover this season's useful upgrades.,2025-09-19,false,,false,,,
SEND000262,CMP05,Back to Routine,C00184,email,Get back into your everyday rhythm.,2025-08-11,false,,false,,,
SEND000263,CMP05,Back to Routine,C00422,email,Get back into your everyday rhythm.,2025-08-15,false,,false,,,
SEND000264,CMP07,Early Holiday,C00513,email,A head start on thoughtful gifting.,2025-11-30,false,,false,,,
SEND000265,CMP02,Spring Refresh,C00568,ads,Refresh your routine for spring.,2025-03-16,false,,false,,,
SEND000266,CMP04,Summer Essentials,C00464,ads,Simple essentials for warmer days.,2025-06-24,false,,false,,,
SEND000267,CMP07,Early Holiday,C00878,email,A head start on thoughtful gifting.,2025-11-10,false,,false,,,
SEND000268,CMP06,Autumn Edit,C00113,ads,Discover this season's useful upgrades.,2025-09-08,true,236,true,V010043,T006004,91.1
SEND000269,CMP08,Holiday Highlights,C00545,ads,Explore customer favorites this holiday.,2025-12-27,false,,false,,,
SEND000270,CMP06,Autumn Edit,C00196,ads,Discover this season's useful upgrades.,2025-10-30,false,,false,,,
SEND000271,CMP07,Early Holiday,C00716,email,A head start on thoughtful gifting.,2025-11-21,false,,false,,,
SEND000272,CMP03,Member Picks,C00612,email,Popular picks selected for you.,2025-06-25,false,,false,,,
SEND000273,CMP03,Member Picks,C00393,email,Popular picks selected for you.,2025-05-22,true,19,false,V010044,,
SEND000274,CMP04,Summer Essentials,C00343,ads,Simple essentials for warmer days.,2025-06-09,false,,false,,,
SEND000275,CMP05,Back to Routine,C00274,email,Get back into your everyday rhythm.,2025-09-21,false,,false,,,
SEND000276,CMP08,Holiday Highlights,C00068,ads,Explore customer favorites this holiday.,2025-11-28,true,252,false,V010045,,
SEND000277,CMP07,Early Holiday,C00717,email,A head start on thoughtful gifting.,2025-11-25,false,,false,,,
SEND000278,CMP05,Back to Routine,C00868,email,Get back into your everyday rhythm.,2025-09-27,false,,false,,,
SEND000279,CMP02,Spring Refresh,C00523,ads,Refresh your routine for spring.,2025-03-01,false,,false,,,
SEND000280,CMP08,Holiday Highlights,C00597,ads,Explore customer favorites this holiday.,2025-11-05,false,,false,,,
SEND000281,CMP05,Back to Routine,C00861,email,Get back into your everyday rhythm.,2025-08-16,false,,false,,,
SEND000282,CMP02,Spring Refresh,C00683,ads,Refresh your routine for spring.,2025-04-21,false,,false,,,
SEND000283,CMP04,Summer Essentials,C00773,ads,Simple essentials for warmer days.,2025-06-02,false,,false,,,
SEND000284,CMP01,New Year Reset,C00528,email,Start fresh with practical favorites.,2025-01-22,false,,false,,,
SEND000285,CMP02,Spring Refresh,C00560,ads,Refresh your routine for spring.,2025-03-18,false,,false,,,
SEND000286,CMP06,Autumn Edit,C00026,ads,Discover this season's useful upgrades.,2025-09-03,false,,false,,,
SEND000287,CMP01,New Year Reset,C00915,email,Start fresh with practical favorites.,2025-01-22,false,,false,,,
SEND000288,CMP07,Early Holiday,C00981,email,A head start on thoughtful gifting.,2025-11-26,false,,false,,,
SEND000289,CMP02,Spring Refresh,C00985,ads,Refresh your routine for spring.,2025-04-19,true,73,true,V010046,T006005,17.45
SEND000290,CMP07,Early Holiday,C00928,email,A head start on thoughtful gifting.,2025-11-15,false,,false,,,
SEND000291,CMP03,Member Picks,C00118,email,Popular picks selected for you.,2025-06-15,false,,false,,,
SEND000292,CMP04,Summer Essentials,C00885,ads,Simple essentials for warmer days.,2025-07-21,true,163,false,V010047,,
SEND000293,CMP06,Autumn Edit,C00742,ads,Discover this season's useful upgrades.,2025-10-09,false,,false,,,
SEND000294,CMP03,Member Picks,C00593,email,Popular picks selected for you.,2025-05-01,true,571,false,V010048,,
SEND000295,CMP07,Early Holiday,C00123,email,A head start on thoughtful gifting.,2025-11-13,false,,false,,,
SEND000296,CMP02,Spring Refresh,C00647,ads,Refresh your routine for spring.,2025-03-14,false,,false,,,
SEND000297,CMP01,New Year Reset,C00870,email,Start fresh with practical favorites.,2025-01-20,false,,false,,,
SEND000298,CMP05,Back to Routine,C00406,email,Get back into your everyday rhythm.,2025-09-11,false,,false,,,
SEND000299,CMP03,Member Picks,C00395,email,Popular picks selected for you.,2025-06-26,false,,false,,,
SEND000300,CMP03,Member Picks,C00195,email,Popular picks selected for you.,2025-06-19,false,,false,,,
SEND000301,CMP05,Back to Routine,C00152,email,Get back into your everyday rhythm.,2025-09-27,false,,false,,,
SEND000302,CMP05,Back to Routine,C00395,email,Get back into your everyday rhythm.,2025-08-07,false,,false,,,
SEND000303,CMP06,Autumn Edit,C00686,ads,Discover this season's useful upgrades.,2025-10-23,false,,false,,,
SEND000304,CMP07,Early Holiday,C00329,email,A head start on thoughtful gifting.,2025-11-04,true,55,false,V010049,,
SEND000305,CMP05,Back to Routine,C00278,email,Get back into your everyday rhythm.,2025-09-23,false,,false,,,
SEND000306,CMP02,Spring Refresh,C00362,ads,Refresh your routine for spring.,2025-04-07,false,,false,,,
SEND000307,CMP04,Summer Essentials,C00391,ads,Simple essentials for warmer days.,2025-06-23,false,,false,,,
SEND000308,CMP08,Holiday Highlights,C00146,ads,Explore customer favorites this holiday.,2025-11-28,false,,false,,,
SEND000309,CMP02,Spring Refresh,C00242,ads,Refresh your routine for spring.,2025-04-21,false,,false,,,
SEND000310,CMP04,Summer Essentials,C00126,ads,Simple essentials for warmer days.,2025-08-18,false,,false,,,
SEND000311,CMP06,Autumn Edit,C00989,ads,Discover this season's useful upgrades.,2025-10-11,false,,false,,,
SEND000312,CMP01,New Year Reset,C00798,email,Start fresh with practical favorites.,2025-01-11,false,,false,,,
SEND000313,CMP03,Member Picks,C00865,email,Popular picks selected for you.,2025-06-27,true,84,false,V010050,,
SEND000314,CMP03,Member Picks,C00019,email,Popular picks selected for you.,2025-06-17,false,,false,,,
SEND000315,CMP04,Summer Essentials,C00466,ads,Simple essentials for warmer days.,2025-07-17,false,,false,,,
SEND000316,CMP05,Back to Routine,C00860,email,Get back into your everyday rhythm.,2025-09-14,true,135,false,V010051,,
SEND000317,CMP07,Early Holiday,C00767,email,A head start on thoughtful gifting.,2025-11-15,false,,false,,,
SEND000318,CMP08,Holiday Highlights,C00433,ads,Explore customer favorites this holiday.,2025-12-18,false,,false,,,
SEND000319,CMP01,New Year Reset,C00770,email,Start fresh with practical favorites.,2025-02-15,true,185,false,V010052,,
SEND000320,CMP07,Early Holiday,C00178,email,A head start on thoughtful gifting.,2025-11-01,false,,false,,,
SEND000321,CMP08,Holiday Highlights,C00729,ads,Explore customer favorites this holiday.,2025-12-21,false,,false,,,
SEND000322,CMP05,Back to Routine,C00888,email,Get back into your everyday rhythm.,2025-08-10,false,,false,,,
SEND000323,CMP03,Member Picks,C00631,email,Popular picks selected for you.,2025-05-09,false,,false,,,
SEND000324,CMP08,Holiday Highlights,C00489,ads,Explore customer favorites this holiday.,2025-12-20,false,,false,,,
SEND000325,CMP06,Autumn Edit,C00691,ads,Discover this season's useful upgrades.,2025-09-04,true,217,true,V010053,T006006,80.84
SEND000326,CMP07,Early Holiday,C00729,email,A head start on thoughtful gifting.,2025-11-07,false,,false,,,
SEND000327,CMP08,Holiday Highlights,C00785,ads,Explore customer favorites this holiday.,2025-12-05,false,,false,,,
SEND000328,CMP01,New Year Reset,C00803,email,Start fresh with practical favorites.,2025-02-18,false,,false,,,
SEND000329,CMP04,Summer Essentials,C00922,ads,Simple essentials for warmer days.,2025-07-18,false,,false,,,
SEND000330,CMP08,Holiday Highlights,C00771,ads,Explore customer favorites this holiday.,2025-11-04,false,,false,,,
SEND000331,CMP04,Summer Essentials,C00850,ads,Simple essentials for warmer days.,2025-08-27,false,,false,,,
SEND000332,CMP01,New Year Reset,C00661,email,Start fresh with practical favorites.,2025-01-10,false,,false,,,
SEND000333,CMP07,Early Holiday,C00084,email,A head start on thoughtful gifting.,2025-11-23,false,,false,,,
SEND000334,CMP07,Early Holiday,C00297,email,A head start on thoughtful gifting.,2025-11-24,false,,false,,,
SEND000335,CMP02,Spring Refresh,C00813,ads,Refresh your routine for spring.,2025-04-03,false,,false,,,
SEND000336,CMP07,Early Holiday,C00221,email,A head start on thoughtful gifting.,2025-11-24,false,,false,,,
SEND000337,CMP05,Back to Routine,C00334,email,Get back into your everyday rhythm.,2025-09-19,false,,false,,,
SEND000338,CMP02,Spring Refresh,C00722,ads,Refresh your routine for spring.,2025-03-08,false,,false,,,
SEND000339,CMP06,Autumn Edit,C00236,ads,Discover this season's useful upgrades.,2025-10-11,false,,false,,,
SEND000340,CMP08,Holiday Highlights,C00507,ads,Explore customer favorites this holiday.,2025-12-07,false,,false,,,
SEND000341,CMP07,Early Holiday,C00938,email,A head start on thoughtful gifting.,2025-11-29,false,,false,,,
SEND000342,CMP08,Holiday Highlights,C00967,ads,Explore customer favorites this holiday.,2025-12-14,true,83,false,V010054,,
SEND000343,CMP02,Spring Refresh,C00661,ads,Refresh your routine for spring.,2025-03-02,false,,false,,,
SEND000344,CMP07,Early Holiday,C00517,email,A head start on thoughtful gifting.,2025-11-22,true,55,false,V010055,,
SEND000345,CMP01,New Year Reset,C00773,email,Start fresh with practical favorites.,2025-02-06,false,,false,,,
SEND000346,CMP01,New Year Reset,C00804,email,Start fresh with practical favorites.,2025-02-12,true,93,false,V010056,,
SEND000347,CMP05,Back to Routine,C00657,email,Get back into your everyday rhythm.,2025-09-26,false,,false,,,
SEND000348,CMP06,Autumn Edit,C00434,ads,Discover this season's useful upgrades.,2025-10-16,false,,false,,,
SEND000349,CMP01,New Year Reset,C00204,email,Start fresh with practical favorites.,2025-01-23,true,74,false,V010057,,
SEND000350,CMP04,Summer Essentials,C00966,ads,Simple essentials for warmer days.,2025-07-12,false,,false,,,
SEND000351,CMP08,Holiday Highlights,C00459,ads,Explore customer favorites this holiday.,2025-12-02,false,,false,,,
SEND000352,CMP03,Member Picks,C00841,email,Popular picks selected for you.,2025-05-25,false,,false,,,
SEND000353,CMP06,Autumn Edit,C00494,ads,Discover this season's useful upgrades.,2025-09-04,true,41,true,V010058,T006007,97.97
SEND000354,CMP01,New Year Reset,C00187,email,Start fresh with practical favorites.,2025-02-20,false,,false,,,
SEND000355,CMP01,New Year Reset,C00611,email,Start fresh with practical favorites.,2025-01-31,false,,false,,,
SEND000356,CMP07,Early Holiday,C00725,email,A head start on thoughtful gifting.,2025-11-20,false,,false,,,
SEND000357,CMP02,Spring Refresh,C00156,ads,Refresh your routine for spring.,2025-03-30,false,,false,,,
SEND000358,CMP06,Autumn Edit,C00236,ads,Discover this season's useful upgrades.,2025-09-25,false,,false,,,
SEND000359,CMP01,New Year Reset,C00753,email,Start fresh with practical favorites.,2025-01-14,false,,false,,,
SEND000360,CMP06,Autumn Edit,C00868,ads,Discover this season's useful upgrades.,2025-10-16,false,,false,,,
SEND000361,CMP07,Early Holiday,C00746,email,A head start on thoughtful gifting.,2025-11-16,false,,false,,,
SEND000362,CMP02,Spring Refresh,C00574,ads,Refresh your routine for spring.,2025-04-17,false,,false,,,
SEND000363,CMP05,Back to Routine,C00230,email,Get back into your everyday rhythm.,2025-09-21,false,,false,,,
SEND000364,CMP02,Spring Refresh,C00426,ads,Refresh your routine for spring.,2025-03-12,true,136,false,V010059,,
SEND000365,CMP07,Early Holiday,C00587,email,A head start on thoughtful gifting.,2025-11-06,false,,false,,,
SEND000366,CMP05,Back to Routine,C00715,email,Get back into your everyday rhythm.,2025-08-17,false,,false,,,
SEND000367,CMP02,Spring Refresh,C00327,ads,Refresh your routine for spring.,2025-04-10,false,,false,,,
SEND000368,CMP04,Summer Essentials,C00411,ads,Simple essentials for warmer days.,2025-06-03,false,,false,,,
SEND000369,CMP02,Spring Refresh,C00729,ads,Refresh your routine for spring.,2025-04-20,false,,false,,,
SEND000370,CMP01,New Year Reset,C00266,email,Start fresh with practical favorites.,2025-01-29,false,,false,,,
SEND000371,CMP01,New Year Reset,C00830,email,Start fresh with practical favorites.,2025-02-25,false,,false,,,
SEND000372,CMP06,Autumn Edit,C00210,ads,Discover this season's useful upgrades.,2025-10-19,false,,false,,,
SEND000373,CMP08,Holiday Highlights,C00705,ads,Explore customer favorites this holiday.,2025-12-18,false,,false,,,
SEND000374,CMP06,Autumn Edit,C00426,ads,Discover this season's useful upgrades.,2025-10-30,false,,false,,,
SEND000375,CMP06,Autumn Edit,C00784,ads,Discover this season's useful upgrades.,2025-10-08,false,,false,,,
SEND000376,CMP01,New Year Reset,C00714,email,Start fresh with practical favorites.,2025-01-22,false,,false,,,
SEND000377,CMP01,New Year Reset,C00789,email,Start fresh with practical favorites.,2025-01-31,false,,false,,,
SEND000378,CMP07,Early Holiday,C00620,email,A head start on thoughtful gifting.,2025-11-20,false,,false,,,
SEND000379,CMP03,Member Picks,C00721,email,Popular picks selected for you.,2025-06-22,true,149,false,V010060,,
SEND000380,CMP04,Summer Essentials,C00586,ads,Simple essentials for warmer days.,2025-07-31,false,,false,,,
SEND000381,CMP07,Early Holiday,C00256,email,A head start on thoughtful gifting.,2025-11-25,false,,false,,,
SEND000382,CMP08,Holiday Highlights,C00512,ads,Explore customer favorites this holiday.,2025-11-06,false,,false,,,
SEND000383,CMP05,Back to Routine,C00539,email,Get back into your everyday rhythm.,2025-08-12,false,,false,,,
SEND000384,CMP06,Autumn Edit,C00605,ads,Discover this season's useful upgrades.,2025-10-21,true,59,false,V010061,,
SEND000385,CMP06,Autumn Edit,C00560,ads,Discover this season's useful upgrades.,2025-10-06,true,296,false,V010062,,
SEND000386,CMP03,Member Picks,C00731,email,Popular picks selected for you.,2025-06-08,false,,false,,,
SEND000387,CMP08,Holiday Highlights,C00148,ads,Explore customer favorites this holiday.,2025-12-04,true,132,false,V010063,,
SEND000388,CMP05,Back to Routine,C00421,email,Get back into your everyday rhythm.,2025-09-24,false,,false,,,
SEND000389,CMP06,Autumn Edit,C00369,ads,Discover this season's useful upgrades.,2025-09-03,false,,false,,,
SEND000390,CMP01,New Year Reset,C00106,email,Start fresh with practical favorites.,2025-01-08,false,,false,,,
SEND000391,CMP01,New Year Reset,C00051,email,Start fresh with practical favorites.,2025-02-04,false,,false,,,
SEND000392,CMP06,Autumn Edit,C00959,ads,Discover this season's useful upgrades.,2025-10-19,false,,false,,,
SEND000393,CMP01,New Year Reset,C00667,email,Start fresh with practical favorites.,2025-01-21,true,114,false,V010064,,
SEND000394,CMP05,Back to Routine,C00267,email,Get back into your everyday rhythm.,2025-09-01,false,,false,,,
SEND000395,CMP07,Early Holiday,C00831,email,A head start on thoughtful gifting.,2025-11-13,false,,false,,,
SEND000396,CMP06,Autumn Edit,C00398,ads,Discover this season's useful upgrades.,2025-09-16,false,,false,,,
SEND000397,CMP05,Back to Routine,C00454,email,Get back into your everyday rhythm.,2025-09-17,false,,false,,,
SEND000398,CMP03,Member Picks,C00492,email,Popular picks selected for you.,2025-05-10,false,,false,,,
SEND000399,CMP03,Member Picks,C00914,email,Popular picks selected for you.,2025-06-02,false,,false,,,
SEND000400,CMP04,Summer Essentials,C00186,ads,Simple essentials for warmer days.,2025-08-02,false,,false,,,
SEND000401,CMP05,Back to Routine,C00251,email,Get back into your everyday rhythm.,2025-08-21,false,,false,,,
SEND000402,CMP01,New Year Reset,C00297,email,Start fresh with practical favorites.,2025-01-21,true,77,false,V010065,,
SEND000403,CMP02,Spring Refresh,C00610,ads,Refresh your routine for spring.,2025-03-18,false,,false,,,
SEND000404,CMP07,Early Holiday,C01000,email,A head start on thoughtful gifting.,2025-11-13,false,,false,,,
SEND000405,CMP02,Spring Refresh,C00325,ads,Refresh your routine for spring.,2025-04-08,false,,false,,,
SEND000406,CMP04,Summer Essentials,C00738,ads,Simple essentials for warmer days.,2025-07-20,false,,false,,,
SEND000407,CMP06,Autumn Edit,C00542,ads,Discover this season's useful upgrades.,2025-10-04,false,,false,,,
SEND000408,CMP06,Autumn Edit,C00700,ads,Discover this season's useful upgrades.,2025-10-28,false,,false,,,
SEND000409,CMP05,Back to Routine,C00116,email,Get back into your everyday rhythm.,2025-08-17,false,,false,,,
SEND000410,CMP02,Spring Refresh,C00400,ads,Refresh your routine for spring.,2025-04-28,false,,false,,,
SEND000411,CMP08,Holiday Highlights,C00348,ads,Explore customer favorites this holiday.,2025-11-17,false,,false,,,
SEND000412,CMP03,Member Picks,C00656,email,Popular picks selected for you.,2025-05-06,false,,false,,,
SEND000413,CMP06,Autumn Edit,C00456,ads,Discover this season's useful upgrades.,2025-09-25,true,327,false,V010066,,
SEND000414,CMP04,Summer Essentials,C00505,ads,Simple essentials for warmer days.,2025-06-17,false,,false,,,
SEND000415,CMP01,New Year Reset,C00798,email,Start fresh with practical favorites.,2025-02-28,false,,false,,,
SEND000416,CMP02,Spring Refresh,C00360,ads,Refresh your routine for spring.,2025-03-29,false,,false,,,
SEND000417,CMP06,Autumn Edit,C00034,ads,Discover this season's useful upgrades.,2025-10-17,false,,false,,,
SEND000418,CMP03,Member Picks,C00948,email,Popular picks selected for you.,2025-05-19,false,,false,,,
SEND000419,CMP02,Spring Refresh,C00481,ads,Refresh your routine for spring.,2025-03-09,false,,false,,,
SEND000420,CMP01,New Year Reset,C00933,email,Start fresh with practical favorites.,2025-02-19,false,,false,,,
SEND000421,CMP04,Summer Essentials,C00381,ads,Simple essentials for warmer days.,2025-08-31,false,,false,,,
SEND000422,CMP01,New Year Reset,C00929,email,Start fresh with practical favorites.,2025-02-06,false,,false,,,
SEND000423,CMP02,Spring Refresh,C00748,ads,Refresh your routine for spring.,2025-04-08,true,87,false,V010067,,
SEND000424,CMP08,Holiday Highlights,C00797,ads,Explore customer favorites this holiday.,2025-11-13,false,,false,,,
SEND000425,CMP08,Holiday Highlights,C00603,ads,Explore customer favorites this holiday.,2025-11-30,false,,false,,,
SEND000426,CMP07,Early Holiday,C00254,email,A head start on thoughtful gifting.,2025-11-28,true,89,false,V010068,,
SEND000427,CMP01,New Year Reset,C00773,email,Start fresh with practical favorites.,2025-02-13,false,,false,,,
SEND000428,CMP08,Holiday Highlights,C00048,ads,Explore customer favorites this holiday.,2025-12-16,false,,false,,,
SEND000429,CMP01,New Year Reset,C00917,email,Start fresh with practical favorites.,2025-02-13,false,,false,,,
SEND000430,CMP03,Member Picks,C00728,email,Popular picks selected for you.,2025-06-14,false,,false,,,
SEND000431,CMP03,Member Picks,C00530,email,Popular picks selected for you.,2025-05-23,false,,false,,,
SEND000432,CMP02,Spring Refresh,C00312,ads,Refresh your routine for spring.,2025-04-17,false,,false,,,
SEND000433,CMP06,Autumn Edit,C00453,ads,Discover this season's useful upgrades.,2025-09-14,false,,false,,,
SEND000434,CMP08,Holiday Highlights,C00969,ads,Explore customer favorites this holiday.,2025-11-11,false,,false,,,
SEND000435,CMP08,Holiday Highlights,C00734,ads,Explore customer favorites this holiday.,2025-12-13,false,,false,,,
SEND000436,CMP08,Holiday Highlights,C00008,ads,Explore customer favorites this holiday.,2025-11-22,false,,false,,,
SEND000437,CMP01,New Year Reset,C00826,email,Start fresh with practical favorites.,2025-01-24,false,,false,,,
SEND000438,CMP03,Member Picks,C00489,email,Popular picks selected for you.,2025-05-28,false,,false,,,
SEND000439,CMP08,Holiday Highlights,C00035,ads,Explore customer favorites this holiday.,2025-12-18,true,44,false,V010069,,
SEND000440,CMP02,Spring Refresh,C00548,ads,Refresh your routine for spring.,2025-03-21,false,,false,,,
SEND000441,CMP03,Member Picks,C00029,email,Popular picks selected for you.,2025-05-31,false,,false,,,
SEND000442,CMP03,Member Picks,C00461,email,Popular picks selected for you.,2025-05-08,false,,false,,,
SEND000443,CMP02,Spring Refresh,C00318,ads,Refresh your routine for spring.,2025-03-15,false,,false,,,
SEND000444,CMP07,Early Holiday,C00908,email,A head start on thoughtful gifting.,2025-11-23,true,244,false,V010070,,
SEND000445,CMP07,Early Holiday,C00882,email,A head start on thoughtful gifting.,2025-11-25,false,,false,,,
SEND000446,CMP03,Member Picks,C00454,email,Popular picks selected for you.,2025-05-13,false,,false,,,
SEND000447,CMP07,Early Holiday,C00048,email,A head start on thoughtful gifting.,2025-11-16,false,,false,,,
SEND000448,CMP08,Holiday Highlights,C00365,ads,Explore customer favorites this holiday.,2025-12-21,false,,false,,,
SEND000449,CMP02,Spring Refresh,C00298,ads,Refresh your routine for spring.,2025-04-21,false,,false,,,
SEND000450,CMP08,Holiday Highlights,C00686,ads,Explore customer favorites this holiday.,2025-12-01,false,,false,,,
SEND000451,CMP01,New Year Reset,C00301,email,Start fresh with practical favorites.,2025-01-12,false,,false,,,
SEND000452,CMP02,Spring Refresh,C00667,ads,Refresh your routine for spring.,2025-03-02,false,,false,,,
SEND000453,CMP08,Holiday Highlights,C00542,ads,Explore customer favorites this holiday.,2025-11-10,false,,false,,,
SEND000454,CMP08,Holiday Highlights,C00369,ads,Explore customer favorites this holiday.,2025-12-11,false,,false,,,
SEND000455,CMP02,Spring Refresh,C00964,ads,Refresh your routine for spring.,2025-03-02,true,28,false,V010071,,
SEND000456,CMP02,Spring Refresh,C00015,ads,Refresh your routine for spring.,2025-03-28,false,,false,,,
SEND000457,CMP06,Autumn Edit,C00651,ads,Discover this season's useful upgrades.,2025-10-11,false,,false,,,
SEND000458,CMP01,New Year Reset,C00292,email,Start fresh with practical favorites.,2025-02-15,false,,false,,,
SEND000459,CMP01,New Year Reset,C00044,email,Start fresh with practical favorites.,2025-02-25,false,,false,,,
SEND000460,CMP03,Member Picks,C00972,email,Popular picks selected for you.,2025-05-09,true,297,false,V010072,,
SEND000461,CMP04,Summer Essentials,C00639,ads,Simple essentials for warmer days.,2025-07-13,false,,false,,,
SEND000462,CMP01,New Year Reset,C00918,email,Start fresh with practical favorites.,2025-02-28,false,,false,,,
SEND000463,CMP04,Summer Essentials,C00576,ads,Simple essentials for warmer days.,2025-07-22,false,,false,,,
SEND000464,CMP06,Autumn Edit,C00372,ads,Discover this season's useful upgrades.,2025-10-20,false,,false,,,
SEND000465,CMP04,Summer Essentials,C00537,ads,Simple essentials for warmer days.,2025-07-01,false,,false,,,
SEND000466,CMP03,Member Picks,C00893,email,Popular picks selected for you.,2025-05-17,false,,false,,,
SEND000467,CMP07,Early Holiday,C00646,email,A head start on thoughtful gifting.,2025-11-13,false,,false,,,
SEND000468,CMP01,New Year Reset,C00042,email,Start fresh with practical favorites.,2025-01-17,false,,false,,,
SEND000469,CMP01,New Year Reset,C00562,email,Start fresh with practical favorites.,2025-01-18,false,,false,,,
SEND000470,CMP07,Early Holiday,C00889,email,A head start on thoughtful gifting.,2025-11-16,false,,false,,,
SEND000471,CMP07,Early Holiday,C00011,email,A head start on thoughtful gifting.,2025-11-04,true,660,false,V010073,,
SEND000472,CMP07,Early Holiday,C00119,email,A head start on thoughtful gifting.,2025-11-14,false,,false,,,
SEND000473,CMP01,New Year Reset,C00915,email,Start fresh with practical favorites.,2025-01-15,false,,false,,,
SEND000474,CMP03,Member Picks,C00112,email,Popular picks selected for you.,2025-06-05,true,70,false,V010074,,
SEND000475,CMP06,Autumn Edit,C00159,ads,Discover this season's useful upgrades.,2025-09-15,true,68,false,V010075,,
SEND000476,CMP06,Autumn Edit,C00599,ads,Discover this season's useful upgrades.,2025-10-30,false,,false,,,
SEND000477,CMP08,Holiday Highlights,C00317,ads,Explore customer favorites this holiday.,2025-11-18,false,,false,,,
SEND000478,CMP08,Holiday Highlights,C00664,ads,Explore customer favorites this holiday.,2025-11-08,false,,false,,,
SEND000479,CMP06,Autumn Edit,C00777,ads,Discover this season's useful upgrades.,2025-10-20,false,,false,,,
SEND000480,CMP03,Member Picks,C00285,email,Popular picks selected for you.,2025-05-25,false,,false,,,
SEND000481,CMP05,Back to Routine,C00931,email,Get back into your everyday rhythm.,2025-08-29,false,,false,,,
SEND000482,CMP05,Back to Routine,C00272,email,Get back into your everyday rhythm.,2025-09-19,false,,false,,,
SEND000483,CMP06,Autumn Edit,C00992,ads,Discover this season's useful upgrades.,2025-10-14,false,,false,,,
SEND000484,CMP07,Early Holiday,C00925,email,A head start on thoughtful gifting.,2025-11-24,false,,false,,,
SEND000485,CMP02,Spring Refresh,C00089,ads,Refresh your routine for spring.,2025-04-23,false,,false,,,
SEND000486,CMP05,Back to Routine,C00046,email,Get back into your everyday rhythm.,2025-09-08,false,,false,,,
SEND000487,CMP04,Summer Essentials,C00618,ads,Simple essentials for warmer days.,2025-08-10,false,,false,,,
SEND000488,CMP06,Autumn Edit,C00954,ads,Discover this season's useful upgrades.,2025-10-18,false,,false,,,
SEND000489,CMP07,Early Holiday,C00687,email,A head start on thoughtful gifting.,2025-11-01,false,,false,,,
SEND000490,CMP05,Back to Routine,C00124,email,Get back into your everyday rhythm.,2025-08-28,false,,false,,,
SEND000491,CMP03,Member Picks,C00816,email,Popular picks selected for you.,2025-05-28,false,,false,,,
SEND000492,CMP06,Autumn Edit,C00159,ads,Discover this season's useful upgrades.,2025-09-23,true,80,false,V010076,,
SEND000493,CMP02,Spring Refresh,C00353,ads,Refresh your routine for spring.,2025-04-23,false,,false,,,
SEND000494,CMP06,Autumn Edit,C00136,ads,Discover this season's useful upgrades.,2025-10-20,false,,false,,,
SEND000495,CMP01,New Year Reset,C00412,email,Start fresh with practical favorites.,2025-02-02,false,,false,,,
SEND000496,CMP01,New Year Reset,C00177,email,Start fresh with practical favorites.,2025-01-29,true,74,false,V010077,,
SEND000497,CMP02,Spring Refresh,C00959,ads,Refresh your routine for spring.,2025-04-16,false,,false,,,
SEND000498,CMP04,Summer Essentials,C00463,ads,Simple essentials for warmer days.,2025-07-02,false,,false,,,
SEND000499,CMP07,Early Holiday,C00938,email,A head start on thoughtful gifting.,2025-11-15,false,,false,,,
SEND000500,CMP02,Spring Refresh,C00519,ads,Refresh your routine for spring.,2025-04-07,false,,false,,,
SEND000501,CMP08,Holiday Highlights,C00993,ads,Explore customer favorites this holiday.,2025-12-11,false,,false,,,
SEND000502,CMP05,Back to Routine,C00155,email,Get back into your everyday rhythm.,2025-08-18,false,,false,,,
SEND000503,CMP08,Holiday Highlights,C00428,ads,Explore customer favorites this holiday.,2025-11-23,false,,false,,,
SEND000504,CMP07,Early Holiday,C00850,email,A head start on thoughtful gifting.,2025-11-14,false,,false,,,
SEND000505,CMP01,New Year Reset,C00898,email,Start fresh with practical favorites.,2025-02-28,false,,false,,,
SEND000506,CMP08,Holiday Highlights,C00920,ads,Explore customer favorites this holiday.,2025-12-12,false,,false,,,
SEND000507,CMP07,Early Holiday,C00078,email,A head start on thoughtful gifting.,2025-11-04,false,,false,,,
SEND000508,CMP08,Holiday Highlights,C00110,ads,Explore customer favorites this holiday.,2025-11-29,false,,false,,,
SEND000509,CMP04,Summer Essentials,C00938,ads,Simple essentials for warmer days.,2025-08-10,false,,false,,,
SEND000510,CMP06,Autumn Edit,C00670,ads,Discover this season's useful upgrades.,2025-10-21,false,,false,,,
SEND000511,CMP01,New Year Reset,C00525,email,Start fresh with practical favorites.,2025-01-07,false,,false,,,
SEND000512,CMP04,Summer Essentials,C00162,ads,Simple essentials for warmer days.,2025-07-25,true,24,false,V010078,,
SEND000513,CMP04,Summer Essentials,C00375,ads,Simple essentials for warmer days.,2025-06-10,false,,false,,,
SEND000514,CMP04,Summer Essentials,C00916,ads,Simple essentials for warmer days.,2025-08-12,false,,false,,,
SEND000515,CMP05,Back to Routine,C00252,email,Get back into your everyday rhythm.,2025-09-21,false,,false,,,
SEND000516,CMP07,Early Holiday,C00023,email,A head start on thoughtful gifting.,2025-11-25,false,,false,,,
SEND000517,CMP07,Early Holiday,C00242,email,A head start on thoughtful gifting.,2025-11-12,false,,false,,,
SEND000518,CMP03,Member Picks,C00421,email,Popular picks selected for you.,2025-06-21,false,,false,,,
SEND000519,CMP03,Member Picks,C00655,email,Popular picks selected for you.,2025-05-10,false,,false,,,
SEND000520,CMP03,Member Picks,C00801,email,Popular picks selected for you.,2025-06-25,false,,false,,,
SEND000521,CMP04,Summer Essentials,C00966,ads,Simple essentials for warmer days.,2025-07-14,false,,false,,,
SEND000522,CMP05,Back to Routine,C00543,email,Get back into your everyday rhythm.,2025-08-03,false,,false,,,
SEND000523,CMP08,Holiday Highlights,C00912,ads,Explore customer favorites this holiday.,2025-12-30,false,,false,,,
SEND000524,CMP02,Spring Refresh,C00906,ads,Refresh your routine for spring.,2025-03-03,false,,false,,,
SEND000525,CMP07,Early Holiday,C00189,email,A head start on thoughtful gifting.,2025-11-17,false,,false,,,
SEND000526,CMP04,Summer Essentials,C00547,ads,Simple essentials for warmer days.,2025-07-24,false,,false,,,
SEND000527,CMP03,Member Picks,C00829,email,Popular picks selected for you.,2025-05-08,false,,false,,,
SEND000528,CMP01,New Year Reset,C00201,email,Start fresh with practical favorites.,2025-02-03,false,,false,,,
SEND000529,CMP04,Summer Essentials,C00773,ads,Simple essentials for warmer days.,2025-08-14,false,,false,,,
SEND000530,CMP03,Member Picks,C00977,email,Popular picks selected for you.,2025-05-02,false,,false,,,
SEND000531,CMP07,Early Holiday,C00681,email,A head start on thoughtful gifting.,2025-11-06,true,120,false,V010079,,
SEND000532,CMP03,Member Picks,C00734,email,Popular picks selected for you.,2025-05-05,false,,false,,,
SEND000533,CMP06,Autumn Edit,C00912,ads,Discover this season's useful upgrades.,2025-10-31,false,,false,,,
SEND000534,CMP03,Member Picks,C00178,email,Popular picks selected for you.,2025-06-06,false,,false,,,
SEND000535,CMP05,Back to Routine,C00336,email,Get back into your everyday rhythm.,2025-08-03,false,,false,,,
SEND000536,CMP05,Back to Routine,C00255,email,Get back into your everyday rhythm.,2025-09-01,false,,false,,,
SEND000537,CMP07,Early Holiday,C00088,email,A head start on thoughtful gifting.,2025-11-26,false,,false,,,
SEND000538,CMP01,New Year Reset,C00054,email,Start fresh with practical favorites.,2025-01-31,false,,false,,,
SEND000539,CMP05,Back to Routine,C00755,email,Get back into your everyday rhythm.,2025-09-18,false,,false,,,
SEND000540,CMP04,Summer Essentials,C00856,ads,Simple essentials for warmer days.,2025-08-01,false,,false,,,
SEND000541,CMP01,New Year Reset,C00375,email,Start fresh with practical favorites.,2025-01-18,false,,false,,,
SEND000542,CMP06,Autumn Edit,C00505,ads,Discover this season's useful upgrades.,2025-09-03,false,,false,,,
SEND000543,CMP01,New Year Reset,C00993,email,Start fresh with practical favorites.,2025-02-09,false,,false,,,
SEND000544,CMP03,Member Picks,C00809,email,Popular picks selected for you.,2025-05-07,true,50,false,V010080,,
SEND000545,CMP06,Autumn Edit,C00826,ads,Discover this season's useful upgrades.,2025-10-14,false,,false,,,
SEND000546,CMP02,Spring Refresh,C00050,ads,Refresh your routine for spring.,2025-03-20,false,,false,,,
SEND000547,CMP04,Summer Essentials,C00205,ads,Simple essentials for warmer days.,2025-07-12,false,,false,,,
SEND000548,CMP07,Early Holiday,C00179,email,A head start on thoughtful gifting.,2025-11-02,false,,false,,,
SEND000549,CMP05,Back to Routine,C00762,email,Get back into your everyday rhythm.,2025-08-09,false,,false,,,
SEND000550,CMP02,Spring Refresh,C00237,ads,Refresh your routine for spring.,2025-03-25,true,97,true,V010081,T006008,38.26
SEND000551,CMP05,Back to Routine,C00477,email,Get back into your everyday rhythm.,2025-08-03,false,,false,,,
SEND000552,CMP06,Autumn Edit,C00587,ads,Discover this season's useful upgrades.,2025-09-02,false,,false,,,
SEND000553,CMP06,Autumn Edit,C00006,ads,Discover this season's useful upgrades.,2025-09-27,false,,false,,,
SEND000554,CMP03,Member Picks,C00367,email,Popular picks selected for you.,2025-06-21,false,,false,,,
SEND000555,CMP08,Holiday Highlights,C00090,ads,Explore customer favorites this holiday.,2025-12-22,false,,false,,,
SEND000556,CMP01,New Year Reset,C00246,email,Start fresh with practical favorites.,2025-01-10,false,,false,,,
SEND000557,CMP07,Early Holiday,C00803,email,A head start on thoughtful gifting.,2025-11-16,true,56,false,V010082,,
SEND000558,CMP08,Holiday Highlights,C00457,ads,Explore customer favorites this holiday.,2025-11-29,false,,false,,,
SEND000559,CMP08,Holiday Highlights,C00377,ads,Explore customer favorites this holiday.,2025-11-06,false,,false,,,
SEND000560,CMP08,Holiday Highlights,C00508,ads,Explore customer favorites this holiday.,2025-12-15,false,,false,,,
SEND000561,CMP06,Autumn Edit,C00125,ads,Discover this season's useful upgrades.,2025-10-04,false,,false,,,
SEND000562,CMP02,Spring Refresh,C00932,ads,Refresh your routine for spring.,2025-03-26,false,,false,,,
SEND000563,CMP02,Spring Refresh,C00489,ads,Refresh your routine for spring.,2025-03-21,false,,false,,,
SEND000564,CMP05,Back to Routine,C00167,email,Get back into your everyday rhythm.,2025-08-08,false,,false,,,
SEND000565,CMP05,Back to Routine,C00374,email,Get back into your everyday rhythm.,2025-08-27,true,121,false,V010083,,
SEND000566,CMP01,New Year Reset,C00095,email,Start fresh with practical favorites.,2025-02-13,false,,false,,,
SEND000567,CMP06,Autumn Edit,C00967,ads,Discover this season's useful upgrades.,2025-10-12,false,,false,,,
SEND000568,CMP04,Summer Essentials,C00006,ads,Simple essentials for warmer days.,2025-07-03,false,,false,,,
SEND000569,CMP08,Holiday Highlights,C00093,ads,Explore customer favorites this holiday.,2025-11-26,true,111,true,V010084,T006009,43.14
SEND000570,CMP02,Spring Refresh,C00849,ads,Refresh your routine for spring.,2025-03-30,false,,false,,,
SEND000571,CMP07,Early Holiday,C00482,email,A head start on thoughtful gifting.,2025-11-12,false,,false,,,
SEND000572,CMP02,Spring Refresh,C00066,ads,Refresh your routine for spring.,2025-04-12,false,,false,,,
SEND000573,CMP05,Back to Routine,C00325,email,Get back into your everyday rhythm.,2025-09-24,false,,false,,,
SEND000574,CMP08,Holiday Highlights,C00916,ads,Explore customer favorites this holiday.,2025-12-06,true,64,true,V010085,T006010,72.56
SEND000575,CMP02,Spring Refresh,C00072,ads,Refresh your routine for spring.,2025-03-17,false,,false,,,
SEND000576,CMP07,Early Holiday,C00675,email,A head start on thoughtful gifting.,2025-11-14,false,,false,,,
SEND000577,CMP04,Summer Essentials,C00130,ads,Simple essentials for warmer days.,2025-06-08,false,,false,,,
SEND000578,CMP02,Spring Refresh,C00130,ads,Refresh your routine for spring.,2025-04-20,false,,false,,,
SEND000579,CMP04,Summer Essentials,C00057,ads,Simple essentials for warmer days.,2025-08-06,false,,false,,,
SEND000580,CMP06,Autumn Edit,C00101,ads,Discover this season's useful upgrades.,2025-10-10,false,,false,,,
SEND000581,CMP06,Autumn Edit,C00401,ads,Discover this season's useful upgrades.,2025-09-10,false,,false,,,
SEND000582,CMP06,Autumn Edit,C00264,ads,Discover this season's useful upgrades.,2025-09-13,false,,false,,,
SEND000583,CMP05,Back to Routine,C00771,email,Get back into your everyday rhythm.,2025-09-07,true,34,true,V010086,T006011,73.66
SEND000584,CMP04,Summer Essentials,C00954,ads,Simple essentials for warmer days.,2025-08-22,false,,false,,,
SEND000585,CMP04,Summer Essentials,C00809,ads,Simple essentials for warmer days.,2025-08-20,false,,false,,,
SEND000586,CMP01,New Year Reset,C00557,email,Start fresh with practical favorites.,2025-02-10,false,,false,,,
SEND000587,CMP06,Autumn Edit,C00768,ads,Discover this season's useful upgrades.,2025-09-29,true,126,true,V010087,T006012,36.77
SEND000588,CMP08,Holiday Highlights,C00291,ads,Explore customer favorites this holiday.,2025-11-20,false,,false,,,
SEND000589,CMP06,Autumn Edit,C00229,ads,Discover this season's useful upgrades.,2025-10-12,false,,false,,,
SEND000590,CMP08,Holiday Highlights,C00443,ads,Explore customer favorites this holiday.,2025-11-03,false,,false,,,
SEND000591,CMP06,Autumn Edit,C00160,ads,Discover this season's useful upgrades.,2025-10-24,false,,false,,,
SEND000592,CMP06,Autumn Edit,C00496,ads,Discover this season's useful upgrades.,2025-09-04,true,106,false,V010088,,
SEND000593,CMP08,Holiday Highlights,C00587,ads,Explore customer favorites this holiday.,2025-11-18,false,,false,,,
SEND000594,CMP01,New Year Reset,C00579,email,Start fresh with practical favorites.,2025-01-21,false,,false,,,
SEND000595,CMP06,Autumn Edit,C00614,ads,Discover this season's useful upgrades.,2025-10-01,false,,false,,,
SEND000596,CMP08,Holiday Highlights,C00274,ads,Explore customer favorites this holiday.,2025-12-17,false,,false,,,
SEND000597,CMP04,Summer Essentials,C00970,ads,Simple essentials for warmer days.,2025-08-17,false,,false,,,
SEND000598,CMP02,Spring Refresh,C00437,ads,Refresh your routine for spring.,2025-03-06,false,,false,,,
SEND000599,CMP07,Early Holiday,C00707,email,A head start on thoughtful gifting.,2025-11-06,false,,false,,,
SEND000600,CMP01,New Year Reset,C00627,email,Start fresh with practical favorites.,2025-02-02,false,,false,,,
SEND000601,CMP07,Early Holiday,C00056,email,A head start on thoughtful gifting.,2025-11-17,true,203,false,V010089,,
SEND000602,CMP03,Member Picks,C00902,email,Popular picks selected for you.,2025-05-14,true,57,true,V010090,T006013,77.84
SEND000603,CMP07,Early Holiday,C00914,email,A head start on thoughtful gifting.,2025-11-04,false,,false,,,
SEND000604,CMP05,Back to Routine,C00981,email,Get back into your everyday rhythm.,2025-08-06,false,,false,,,
SEND000605,CMP08,Holiday Highlights,C00726,ads,Explore customer favorites this holiday.,2025-11-13,false,,false,,,
SEND000606,CMP08,Holiday Highlights,C00717,ads,Explore customer favorites this holiday.,2025-12-26,false,,false,,,
SEND000607,CMP05,Back to Routine,C00918,email,Get back into your everyday rhythm.,2025-09-16,false,,false,,,
SEND000608,CMP04,Summer Essentials,C00450,ads,Simple essentials for warmer days.,2025-08-01,false,,false,,,
SEND000609,CMP05,Back to Routine,C00068,email,Get back into your everyday rhythm.,2025-08-10,false,,false,,,
SEND000610,CMP03,Member Picks,C00581,email,Popular picks selected for you.,2025-06-12,false,,false,,,
SEND000611,CMP01,New Year Reset,C00891,email,Start fresh with practical favorites.,2025-02-25,false,,false,,,
SEND000612,CMP08,Holiday Highlights,C00757,ads,Explore customer favorites this holiday.,2025-12-02,false,,false,,,
SEND000613,CMP05,Back to Routine,C00405,email,Get back into your everyday rhythm.,2025-09-12,false,,false,,,
SEND000614,CMP08,Holiday Highlights,C00357,ads,Explore customer favorites this holiday.,2025-11-10,false,,false,,,
SEND000615,CMP02,Spring Refresh,C00984,ads,Refresh your routine for spring.,2025-03-09,true,68,true,V010091,T006014,54.75
SEND000616,CMP01,New Year Reset,C00969,email,Start fresh with practical favorites.,2025-01-12,false,,false,,,
SEND000617,CMP05,Back to Routine,C00978,email,Get back into your everyday rhythm.,2025-09-15,false,,false,,,
SEND000618,CMP03,Member Picks,C00843,email,Popular picks selected for you.,2025-05-12,false,,false,,,
SEND000619,CMP04,Summer Essentials,C00496,ads,Simple essentials for warmer days.,2025-08-07,false,,false,,,
SEND000620,CMP01,New Year Reset,C00486,email,Start fresh with practical favorites.,2025-02-19,false,,false,,,
SEND000621,CMP02,Spring Refresh,C00599,ads,Refresh your routine for spring.,2025-03-16,false,,false,,,
SEND000622,CMP08,Holiday Highlights,C00576,ads,Explore customer favorites this holiday.,2025-12-04,false,,false,,,
SEND000623,CMP02,Spring Refresh,C00973,ads,Refresh your routine for spring.,2025-03-28,false,,false,,,
SEND000624,CMP01,New Year Reset,C00385,email,Start fresh with practical favorites.,2025-02-03,false,,false,,,
SEND000625,CMP02,Spring Refresh,C00458,ads,Refresh your routine for spring.,2025-03-24,false,,false,,,
SEND000626,CMP05,Back to Routine,C00863,email,Get back into your everyday rhythm.,2025-08-18,false,,false,,,
SEND000627,CMP04,Summer Essentials,C00824,ads,Simple essentials for warmer days.,2025-08-09,false,,false,,,
SEND000628,CMP08,Holiday Highlights,C00666,ads,Explore customer favorites this holiday.,2025-12-27,false,,false,,,
SEND000629,CMP04,Summer Essentials,C00229,ads,Simple essentials for warmer days.,2025-07-28,false,,false,,,
SEND000630,CMP05,Back to Routine,C00174,email,Get back into your everyday rhythm.,2025-09-23,false,,false,,,
SEND000631,CMP01,New Year Reset,C00500,email,Start fresh with practical favorites.,2025-01-01,false,,false,,,
SEND000632,CMP03,Member Picks,C00666,email,Popular picks selected for you.,2025-06-24,false,,false,,,
SEND000633,CMP02,Spring Refresh,C00684,ads,Refresh your routine for spring.,2025-04-19,false,,false,,,
SEND000634,CMP04,Summer Essentials,C00579,ads,Simple essentials for warmer days.,2025-08-06,true,98,false,V010092,,
SEND000635,CMP06,Autumn Edit,C00754,ads,Discover this season's useful upgrades.,2025-09-15,false,,false,,,
SEND000636,CMP02,Spring Refresh,C00302,ads,Refresh your routine for spring.,2025-03-21,false,,false,,,
SEND000637,CMP01,New Year Reset,C00762,email,Start fresh with practical favorites.,2025-01-29,false,,false,,,
SEND000638,CMP08,Holiday Highlights,C00914,ads,Explore customer favorites this holiday.,2025-11-04,false,,false,,,
SEND000639,CMP04,Summer Essentials,C00784,ads,Simple essentials for warmer days.,2025-06-12,false,,false,,,
SEND000640,CMP02,Spring Refresh,C00442,ads,Refresh your routine for spring.,2025-03-07,false,,false,,,
SEND000641,CMP01,New Year Reset,C00226,email,Start fresh with practical favorites.,2025-02-08,false,,false,,,
SEND000642,CMP05,Back to Routine,C00195,email,Get back into your everyday rhythm.,2025-09-13,false,,false,,,
SEND000643,CMP08,Holiday Highlights,C00996,ads,Explore customer favorites this holiday.,2025-11-01,false,,false,,,
SEND000644,CMP04,Summer Essentials,C00668,ads,Simple essentials for warmer days.,2025-06-04,false,,false,,,
SEND000645,CMP01,New Year Reset,C00901,email,Start fresh with practical favorites.,2025-02-27,false,,false,,,
SEND000646,CMP01,New Year Reset,C00133,email,Start fresh with practical favorites.,2025-01-31,true,49,false,V010093,,
SEND000647,CMP04,Summer Essentials,C00490,ads,Simple essentials for warmer days.,2025-06-19,false,,false,,,
SEND000648,CMP07,Early Holiday,C00787,email,A head start on thoughtful gifting.,2025-11-11,false,,false,,,
SEND000649,CMP04,Summer Essentials,C00344,ads,Simple essentials for warmer days.,2025-07-20,false,,false,,,
SEND000650,CMP03,Member Picks,C00123,email,Popular picks selected for you.,2025-05-02,false,,false,,,
SEND000651,CMP01,New Year Reset,C00766,email,Start fresh with practical favorites.,2025-02-09,false,,false,,,
SEND000652,CMP01,New Year Reset,C00620,email,Start fresh with practical favorites.,2025-02-24,false,,false,,,
SEND000653,CMP02,Spring Refresh,C00012,ads,Refresh your routine for spring.,2025-04-06,false,,false,,,
SEND000654,CMP05,Back to Routine,C00425,email,Get back into your everyday rhythm.,2025-08-18,false,,false,,,
SEND000655,CMP02,Spring Refresh,C00762,ads,Refresh your routine for spring.,2025-04-22,false,,false,,,
SEND000656,CMP06,Autumn Edit,C00035,ads,Discover this season's useful upgrades.,2025-09-17,false,,false,,,
SEND000657,CMP06,Autumn Edit,C00087,ads,Discover this season's useful upgrades.,2025-10-30,false,,false,,,
SEND000658,CMP01,New Year Reset,C00288,email,Start fresh with practical favorites.,2025-02-06,true,219,false,V010094,,
SEND000659,CMP02,Spring Refresh,C00025,ads,Refresh your routine for spring.,2025-03-15,false,,false,,,
SEND000660,CMP01,New Year Reset,C00895,email,Start fresh with practical favorites.,2025-01-23,false,,false,,,
SEND000661,CMP01,New Year Reset,C00491,email,Start fresh with practical favorites.,2025-02-06,false,,false,,,
SEND000662,CMP07,Early Holiday,C00977,email,A head start on thoughtful gifting.,2025-11-12,false,,false,,,
SEND000663,CMP01,New Year Reset,C00014,email,Start fresh with practical favorites.,2025-02-26,true,133,false,V010095,,
SEND000664,CMP08,Holiday Highlights,C00750,ads,Explore customer favorites this holiday.,2025-11-23,false,,false,,,
SEND000665,CMP03,Member Picks,C00917,email,Popular picks selected for you.,2025-06-25,false,,false,,,
SEND000666,CMP01,New Year Reset,C00433,email,Start fresh with practical favorites.,2025-01-06,false,,false,,,
SEND000667,CMP06,Autumn Edit,C00617,ads,Discover this season's useful upgrades.,2025-10-18,false,,false,,,
SEND000668,CMP02,Spring Refresh,C00684,ads,Refresh your routine for spring.,2025-04-20,false,,false,,,
SEND000669,CMP01,New Year Reset,C00382,email,Start fresh with practical favorites.,2025-02-05,false,,false,,,
SEND000670,CMP05,Back to Routine,C00024,email,Get back into your everyday rhythm.,2025-08-16,false,,false,,,
SEND000671,CMP02,Spring Refresh,C00859,ads,Refresh your routine for spring.,2025-04-19,true,79,false,V010096,,
SEND000672,CMP04,Summer Essentials,C00900,ads,Simple essentials for warmer days.,2025-06-13,false,,false,,,
SEND000673,CMP03,Member Picks,C00796,email,Popular picks selected for you.,2025-06-14,false,,false,,,
SEND000674,CMP03,Member Picks,C00060,email,Popular picks selected for you.,2025-05-24,false,,false,,,
SEND000675,CMP05,Back to Routine,C00261,email,Get back into your everyday rhythm.,2025-08-18,false,,false,,,
SEND000676,CMP03,Member Picks,C00972,email,Popular picks selected for you.,2025-05-17,true,120,false,V010097,,
SEND000677,CMP08,Holiday Highlights,C00248,ads,Explore customer favorites this holiday.,2025-12-11,false,,false,,,
SEND000678,CMP08,Holiday Highlights,C00286,ads,Explore customer favorites this holiday.,2025-12-30,false,,false,,,
SEND000679,CMP08,Holiday Highlights,C00593,ads,Explore customer favorites this holiday.,2025-12-18,false,,false,,,
SEND000680,CMP05,Back to Routine,C00880,email,Get back into your everyday rhythm.,2025-09-28,false,,false,,,
SEND000681,CMP05,Back to Routine,C00590,email,Get back into your everyday rhythm.,2025-08-02,false,,false,,,
SEND000682,CMP05,Back to Routine,C00348,email,Get back into your everyday rhythm.,2025-09-27,false,,false,,,
SEND000683,CMP05,Back to Routine,C00159,email,Get back into your everyday rhythm.,2025-09-05,false,,false,,,
SEND000684,CMP08,Holiday Highlights,C00019,ads,Explore customer favorites this holiday.,2025-12-19,false,,false,,,
SEND000685,CMP08,Holiday Highlights,C00825,ads,Explore customer favorites this holiday.,2025-11-27,false,,false,,,
SEND000686,CMP08,Holiday Highlights,C00211,ads,Explore customer favorites this holiday.,2025-12-04,false,,false,,,
SEND000687,CMP02,Spring Refresh,C00360,ads,Refresh your routine for spring.,2025-04-06,false,,false,,,
SEND000688,CMP08,Holiday Highlights,C00130,ads,Explore customer favorites this holiday.,2025-11-20,false,,false,,,
SEND000689,CMP07,Early Holiday,C00711,email,A head start on thoughtful gifting.,2025-11-25,false,,false,,,
SEND000690,CMP04,Summer Essentials,C00616,ads,Simple essentials for warmer days.,2025-07-17,false,,false,,,
SEND000691,CMP04,Summer Essentials,C00591,ads,Simple essentials for warmer days.,2025-06-15,false,,false,,,
SEND000692,CMP01,New Year Reset,C00951,email,Start fresh with practical favorites.,2025-02-03,false,,false,,,
SEND000693,CMP02,Spring Refresh,C00327,ads,Refresh your routine for spring.,2025-03-02,false,,false,,,
SEND000694,CMP04,Summer Essentials,C00806,ads,Simple essentials for warmer days.,2025-08-15,false,,false,,,
SEND000695,CMP05,Back to Routine,C00048,email,Get back into your everyday rhythm.,2025-09-24,false,,false,,,
SEND000696,CMP02,Spring Refresh,C00939,ads,Refresh your routine for spring.,2025-03-18,false,,false,,,
SEND000697,CMP01,New Year Reset,C00480,email,Start fresh with practical favorites.,2025-01-09,false,,false,,,
SEND000698,CMP02,Spring Refresh,C00714,ads,Refresh your routine for spring.,2025-03-24,false,,false,,,
SEND000699,CMP06,Autumn Edit,C00037,ads,Discover this season's useful upgrades.,2025-09-30,true,59,false,V010098,,
SEND000700,CMP06,Autumn Edit,C00366,ads,Discover this season's useful upgrades.,2025-10-17,false,,false,,,
SEND000701,CMP07,Early Holiday,C00965,email,A head start on thoughtful gifting.,2025-11-07,false,,false,,,
SEND000702,CMP01,New Year Reset,C00189,email,Start fresh with practical favorites.,2025-02-15,false,,false,,,
SEND000703,CMP06,Autumn Edit,C00921,ads,Discover this season's useful upgrades.,2025-10-31,true,78,true,V010099,T006015,61.68
SEND000704,CMP08,Holiday Highlights,C00689,ads,Explore customer favorites this holiday.,2025-11-04,false,,false,,,
SEND000705,CMP03,Member Picks,C00862,email,Popular picks selected for you.,2025-06-17,false,,false,,,
SEND000706,CMP04,Summer Essentials,C00024,ads,Simple essentials for warmer days.,2025-07-23,false,,false,,,
SEND000707,CMP03,Member Picks,C00807,email,Popular picks selected for you.,2025-06-19,false,,false,,,
SEND000708,CMP03,Member Picks,C00554,email,Popular picks selected for you.,2025-06-11,false,,false,,,
SEND000709,CMP04,Summer Essentials,C00293,ads,Simple essentials for warmer days.,2025-08-28,true,77,false,V010100,,
SEND000710,CMP05,Back to Routine,C00479,email,Get back into your everyday rhythm.,2025-08-09,true,24,true,V010101,T006016,191.64
SEND000711,CMP02,Spring Refresh,C00037,ads,Refresh your routine for spring.,2025-03-25,false,,false,,,
SEND000712,CMP01,New Year Reset,C00543,email,Start fresh with practical favorites.,2025-01-31,false,,false,,,
SEND000713,CMP01,New Year Reset,C00686,email,Start fresh with practical favorites.,2025-01-02,false,,false,,,
SEND000714,CMP05,Back to Routine,C00768,email,Get back into your everyday rhythm.,2025-09-22,true,15,false,V010102,,
SEND000715,CMP05,Back to Routine,C00180,email,Get back into your everyday rhythm.,2025-09-09,false,,false,,,
SEND000716,CMP06,Autumn Edit,C00389,ads,Discover this season's useful upgrades.,2025-10-29,false,,false,,,
SEND000717,CMP05,Back to Routine,C00179,email,Get back into your everyday rhythm.,2025-08-27,true,37,true,V010103,T006017,26.69
SEND000718,CMP01,New Year Reset,C00149,email,Start fresh with practical favorites.,2025-02-21,false,,false,,,
SEND000719,CMP01,New Year Reset,C00768,email,Start fresh with practical favorites.,2025-01-24,false,,false,,,
SEND000720,CMP05,Back to Routine,C00444,email,Get back into your everyday rhythm.,2025-08-10,false,,false,,,
SEND000721,CMP04,Summer Essentials,C00194,ads,Simple essentials for warmer days.,2025-08-01,false,,false,,,
SEND000722,CMP03,Member Picks,C00294,email,Popular picks selected for you.,2025-06-03,false,,false,,,
SEND000723,CMP04,Summer Essentials,C00491,ads,Simple essentials for warmer days.,2025-07-10,false,,false,,,
SEND000724,CMP04,Summer Essentials,C00753,ads,Simple essentials for warmer days.,2025-06-02,false,,false,,,
SEND000725,CMP03,Member Picks,C00487,email,Popular picks selected for you.,2025-06-13,false,,false,,,
SEND000726,CMP02,Spring Refresh,C00834,ads,Refresh your routine for spring.,2025-03-26,true,185,false,V010104,,
SEND000727,CMP05,Back to Routine,C00671,email,Get back into your everyday rhythm.,2025-09-13,false,,false,,,
SEND000728,CMP07,Early Holiday,C00148,email,A head start on thoughtful gifting.,2025-11-18,false,,false,,,
SEND000729,CMP04,Summer Essentials,C00907,ads,Simple essentials for warmer days.,2025-08-05,false,,false,,,
SEND000730,CMP02,Spring Refresh,C00882,ads,Refresh your routine for spring.,2025-04-21,false,,false,,,
SEND000731,CMP08,Holiday Highlights,C00170,ads,Explore customer favorites this holiday.,2025-12-01,false,,false,,,
SEND000732,CMP02,Spring Refresh,C00632,ads,Refresh your routine for spring.,2025-03-04,false,,false,,,
SEND000733,CMP03,Member Picks,C00878,email,Popular picks selected for you.,2025-06-08,false,,false,,,
SEND000734,CMP03,Member Picks,C00322,email,Popular picks selected for you.,2025-06-23,true,65,true,V010105,T006018,89.46
SEND000735,CMP02,Spring Refresh,C00826,ads,Refresh your routine for spring.,2025-04-06,false,,false,,,
SEND000736,CMP04,Summer Essentials,C00256,ads,Simple essentials for warmer days.,2025-07-29,false,,false,,,
SEND000737,CMP02,Spring Refresh,C00449,ads,Refresh your routine for spring.,2025-03-19,false,,false,,,
SEND000738,CMP02,Spring Refresh,C00031,ads,Refresh your routine for spring.,2025-04-07,false,,false,,,
SEND000739,CMP01,New Year Reset,C00082,email,Start fresh with practical favorites.,2025-02-26,false,,false,,,
SEND000740,CMP08,Holiday Highlights,C00406,ads,Explore customer favorites this holiday.,2025-12-24,false,,false,,,
SEND000741,CMP01,New Year Reset,C00489,email,Start fresh with practical favorites.,2025-02-14,false,,false,,,
SEND000742,CMP08,Holiday Highlights,C00681,ads,Explore customer favorites this holiday.,2025-11-18,true,236,false,V010106,,
SEND000743,CMP08,Holiday Highlights,C00107,ads,Explore customer favorites this holiday.,2025-11-14,false,,false,,,
SEND000744,CMP01,New Year Reset,C00831,email,Start fresh with practical favorites.,2025-01-06,false,,false,,,
SEND000745,CMP05,Back to Routine,C00903,email,Get back into your everyday rhythm.,2025-09-06,false,,false,,,
SEND000746,CMP03,Member Picks,C00565,email,Popular picks selected for you.,2025-06-28,false,,false,,,
SEND000747,CMP01,New Year Reset,C00268,email,Start fresh with practical favorites.,2025-01-01,false,,false,,,
SEND000748,CMP07,Early Holiday,C00277,email,A head start on thoughtful gifting.,2025-11-30,true,374,false,V010107,,
SEND000749,CMP08,Holiday Highlights,C00284,ads,Explore customer favorites this holiday.,2025-11-06,false,,false,,,
SEND000750,CMP01,New Year Reset,C00806,email,Start fresh with practical favorites.,2025-01-20,true,64,true,V010108,T006019,248.64
SEND000751,CMP07,Early Holiday,C00643,email,A head start on thoughtful gifting.,2025-11-02,true,50,false,V010109,,
SEND000752,CMP08,Holiday Highlights,C00507,ads,Explore customer favorites this holiday.,2025-12-09,true,182,false,V010110,,
SEND000753,CMP07,Early Holiday,C00318,email,A head start on thoughtful gifting.,2025-11-28,true,106,false,V010111,,
SEND000754,CMP06,Autumn Edit,C00504,ads,Discover this season's useful upgrades.,2025-10-25,true,94,false,V010112,,
SEND000755,CMP07,Early Holiday,C00100,email,A head start on thoughtful gifting.,2025-11-02,false,,false,,,
SEND000756,CMP08,Holiday Highlights,C00582,ads,Explore customer favorites this holiday.,2025-12-13,false,,false,,,
SEND000757,CMP03,Member Picks,C00044,email,Popular picks selected for you.,2025-05-26,false,,false,,,
SEND000758,CMP01,New Year Reset,C00334,email,Start fresh with practical favorites.,2025-01-17,false,,false,,,
SEND000759,CMP05,Back to Routine,C00928,email,Get back into your everyday rhythm.,2025-09-17,false,,false,,,
SEND000760,CMP07,Early Holiday,C00149,email,A head start on thoughtful gifting.,2025-11-16,true,107,true,V010113,T006020,93.8
SEND000761,CMP03,Member Picks,C00790,email,Popular picks selected for you.,2025-05-27,false,,false,,,
SEND000762,CMP01,New Year Reset,C00455,email,Start fresh with practical favorites.,2025-01-19,true,227,false,V010114,,
SEND000763,CMP02,Spring Refresh,C00392,ads,Refresh your routine for spring.,2025-03-29,true,146,false,V010115,,
SEND000764,CMP08,Holiday Highlights,C00611,ads,Explore customer favorites this holiday.,2025-11-26,true,39,false,V010116,,
SEND000765,CMP01,New Year Reset,C00443,email,Start fresh with practical favorites.,2025-01-06,false,,false,,,
SEND000766,CMP02,Spring Refresh,C00985,ads,Refresh your routine for spring.,2025-04-15,false,,false,,,
SEND000767,CMP08,Holiday Highlights,C00460,ads,Explore customer favorites this holiday.,2025-12-06,false,,false,,,
SEND000768,CMP08,Holiday Highlights,C00372,ads,Explore customer favorites this holiday.,2025-11-28,false,,false,,,
SEND000769,CMP01,New Year Reset,C00494,email,Start fresh with practical favorites.,2025-01-28,true,148,false,V010117,,
SEND000770,CMP03,Member Picks,C00974,email,Popular picks selected for you.,2025-05-08,false,,false,,,
SEND000771,CMP08,Holiday Highlights,C00373,ads,Explore customer favorites this holiday.,2025-12-05,false,,false,,,
SEND000772,CMP05,Back to Routine,C00934,email,Get back into your everyday rhythm.,2025-09-20,false,,false,,,
SEND000773,CMP03,Member Picks,C00105,email,Popular picks selected for you.,2025-06-13,false,,false,,,
SEND000774,CMP05,Back to Routine,C00275,email,Get back into your everyday rhythm.,2025-09-14,false,,false,,,
SEND000775,CMP01,New Year Reset,C00753,email,Start fresh with practical favorites.,2025-01-06,false,,false,,,
SEND000776,CMP03,Member Picks,C00415,email,Popular picks selected for you.,2025-05-04,false,,false,,,
SEND000777,CMP01,New Year Reset,C00881,email,Start fresh with practical favorites.,2025-01-10,false,,false,,,
SEND000778,CMP07,Early Holiday,C00072,email,A head start on thoughtful gifting.,2025-11-28,false,,false,,,
SEND000779,CMP04,Summer Essentials,C00408,ads,Simple essentials for warmer days.,2025-07-29,false,,false,,,
SEND000780,CMP06,Autumn Edit,C00634,ads,Discover this season's useful upgrades.,2025-10-27,false,,false,,,
SEND000781,CMP07,Early Holiday,C00449,email,A head start on thoughtful gifting.,2025-11-25,false,,false,,,
SEND000782,CMP07,Early Holiday,C00587,email,A head start on thoughtful gifting.,2025-11-29,false,,false,,,
SEND000783,CMP04,Summer Essentials,C00946,ads,Simple essentials for warmer days.,2025-07-20,true,149,false,V010118,,
SEND000784,CMP03,Member Picks,C00634,email,Popular picks selected for you.,2025-05-12,false,,false,,,
SEND000785,CMP01,New Year Reset,C00563,email,Start fresh with practical favorites.,2025-01-25,true,59,false,V010119,,
SEND000786,CMP02,Spring Refresh,C00510,ads,Refresh your routine for spring.,2025-04-22,false,,false,,,
SEND000787,CMP02,Spring Refresh,C00295,ads,Refresh your routine for spring.,2025-04-18,true,29,false,V010120,,
SEND000788,CMP04,Summer Essentials,C00774,ads,Simple essentials for warmer days.,2025-06-04,false,,false,,,
SEND000789,CMP06,Autumn Edit,C00719,ads,Discover this season's useful upgrades.,2025-10-24,false,,false,,,
SEND000790,CMP08,Holiday Highlights,C00624,ads,Explore customer favorites this holiday.,2025-12-27,false,,false,,,
SEND000791,CMP04,Summer Essentials,C00700,ads,Simple essentials for warmer days.,2025-07-31,false,,false,,,
SEND000792,CMP01,New Year Reset,C00479,email,Start fresh with practical favorites.,2025-02-10,false,,false,,,
SEND000793,CMP01,New Year Reset,C00249,email,Start fresh with practical favorites.,2025-01-17,true,148,false,V010121,,
SEND000794,CMP01,New Year Reset,C00005,email,Start fresh with practical favorites.,2025-01-21,false,,false,,,
SEND000795,CMP06,Autumn Edit,C00122,ads,Discover this season's useful upgrades.,2025-10-29,false,,false,,,
SEND000796,CMP01,New Year Reset,C00556,email,Start fresh with practical favorites.,2025-02-04,false,,false,,,
SEND000797,CMP03,Member Picks,C00164,email,Popular picks selected for you.,2025-06-02,true,45,false,V010122,,
SEND000798,CMP06,Autumn Edit,C00328,ads,Discover this season's useful upgrades.,2025-10-28,false,,false,,,
SEND000799,CMP02,Spring Refresh,C00480,ads,Refresh your routine for spring.,2025-03-06,false,,false,,,
SEND000800,CMP06,Autumn Edit,C00780,ads,Discover this season's useful upgrades.,2025-09-01,true,766,true,V010123,T006021,95.72
SEND000801,CMP01,New Year Reset,C00992,email,Start fresh with practical favorites.,2025-02-01,false,,false,,,
SEND000802,CMP06,Autumn Edit,C00753,ads,Discover this season's useful upgrades.,2025-09-05,false,,false,,,
SEND000803,CMP04,Summer Essentials,C00218,ads,Simple essentials for warmer days.,2025-06-20,false,,false,,,
SEND000804,CMP07,Early Holiday,C00793,email,A head start on thoughtful gifting.,2025-11-18,false,,false,,,
SEND000805,CMP08,Holiday Highlights,C00232,ads,Explore customer favorites this holiday.,2025-12-24,true,51,false,V010124,,
SEND000806,CMP08,Holiday Highlights,C00047,ads,Explore customer favorites this holiday.,2025-11-06,false,,false,,,
SEND000807,CMP08,Holiday Highlights,C00209,ads,Explore customer favorites this holiday.,2025-11-14,false,,false,,,
SEND000808,CMP06,Autumn Edit,C00661,ads,Discover this season's useful upgrades.,2025-10-05,true,46,false,V010125,,
SEND000809,CMP04,Summer Essentials,C00359,ads,Simple essentials for warmer days.,2025-06-11,false,,false,,,
SEND000810,CMP05,Back to Routine,C00710,email,Get back into your everyday rhythm.,2025-08-24,false,,false,,,
SEND000811,CMP06,Autumn Edit,C00033,ads,Discover this season's useful upgrades.,2025-09-07,false,,false,,,
SEND000812,CMP02,Spring Refresh,C00669,ads,Refresh your routine for spring.,2025-04-04,false,,false,,,
SEND000813,CMP04,Summer Essentials,C00421,ads,Simple essentials for warmer days.,2025-07-01,false,,false,,,
SEND000814,CMP05,Back to Routine,C00009,email,Get back into your everyday rhythm.,2025-08-10,false,,false,,,
SEND000815,CMP04,Summer Essentials,C00709,ads,Simple essentials for warmer days.,2025-06-14,false,,false,,,
SEND000816,CMP01,New Year Reset,C00333,email,Start fresh with practical favorites.,2025-02-09,false,,false,,,
SEND000817,CMP01,New Year Reset,C00265,email,Start fresh with practical favorites.,2025-01-02,false,,false,,,
SEND000818,CMP07,Early Holiday,C00939,email,A head start on thoughtful gifting.,2025-11-30,false,,false,,,
SEND000819,CMP08,Holiday Highlights,C00832,ads,Explore customer favorites this holiday.,2025-12-12,true,45,false,V010126,,
SEND000820,CMP06,Autumn Edit,C00030,ads,Discover this season's useful upgrades.,2025-09-14,false,,false,,,
SEND000821,CMP03,Member Picks,C00864,email,Popular picks selected for you.,2025-05-13,false,,false,,,
SEND000822,CMP02,Spring Refresh,C00031,ads,Refresh your routine for spring.,2025-04-08,false,,false,,,
SEND000823,CMP08,Holiday Highlights,C00476,ads,Explore customer favorites this holiday.,2025-11-04,false,,false,,,
SEND000824,CMP07,Early Holiday,C00710,email,A head start on thoughtful gifting.,2025-11-05,false,,false,,,
SEND000825,CMP07,Early Holiday,C00898,email,A head start on thoughtful gifting.,2025-11-27,false,,false,,,
SEND000826,CMP03,Member Picks,C00703,email,Popular picks selected for you.,2025-06-02,true,12,true,V010127,T006022,66.3
SEND000827,CMP02,Spring Refresh,C00537,ads,Refresh your routine for spring.,2025-04-26,false,,false,,,
SEND000828,CMP03,Member Picks,C00745,email,Popular picks selected for you.,2025-05-24,false,,false,,,
SEND000829,CMP01,New Year Reset,C00516,email,Start fresh with practical favorites.,2025-01-28,true,83,true,V010128,T006023,29.52
SEND000830,CMP01,New Year Reset,C00127,email,Start fresh with practical favorites.,2025-02-05,false,,false,,,
SEND000831,CMP06,Autumn Edit,C00005,ads,Discover this season's useful upgrades.,2025-10-27,false,,false,,,
SEND000832,CMP01,New Year Reset,C00467,email,Start fresh with practical favorites.,2025-02-22,false,,false,,,
SEND000833,CMP04,Summer Essentials,C00253,ads,Simple essentials for warmer days.,2025-07-03,false,,false,,,
SEND000834,CMP08,Holiday Highlights,C00940,ads,Explore customer favorites this holiday.,2025-12-29,false,,false,,,
SEND000835,CMP04,Summer Essentials,C00103,ads,Simple essentials for warmer days.,2025-06-09,false,,false,,,
SEND000836,CMP07,Early Holiday,C00721,email,A head start on thoughtful gifting.,2025-11-24,false,,false,,,
SEND000837,CMP08,Holiday Highlights,C00656,ads,Explore customer favorites this holiday.,2025-12-11,false,,false,,,
SEND000838,CMP01,New Year Reset,C00511,email,Start fresh with practical favorites.,2025-02-23,false,,false,,,
SEND000839,CMP06,Autumn Edit,C01000,ads,Discover this season's useful upgrades.,2025-10-16,false,,false,,,
SEND000840,CMP08,Holiday Highlights,C00429,ads,Explore customer favorites this holiday.,2025-11-02,false,,false,,,
SEND000841,CMP06,Autumn Edit,C00978,ads,Discover this season's useful upgrades.,2025-10-02,false,,false,,,
SEND000842,CMP08,Holiday Highlights,C00752,ads,Explore customer favorites this holiday.,2025-11-13,false,,false,,,
SEND000843,CMP02,Spring Refresh,C00994,ads,Refresh your routine for spring.,2025-04-23,false,,false,,,
SEND000844,CMP08,Holiday Highlights,C00277,ads,Explore customer favorites this holiday.,2025-12-09,false,,false,,,
SEND000845,CMP02,Spring Refresh,C00202,ads,Refresh your routine for spring.,2025-04-01,false,,false,,,
SEND000846,CMP01,New Year Reset,C00827,email,Start fresh with practical favorites.,2025-01-23,false,,false,,,
SEND000847,CMP01,New Year Reset,C00139,email,Start fresh with practical favorites.,2025-02-03,true,291,false,V010129,,
SEND000848,CMP08,Holiday Highlights,C00453,ads,Explore customer favorites this holiday.,2025-11-19,false,,false,,,
SEND000849,CMP08,Holiday Highlights,C00630,ads,Explore customer favorites this holiday.,2025-12-03,false,,false,,,
SEND000850,CMP06,Autumn Edit,C00129,ads,Discover this season's useful upgrades.,2025-10-28,false,,false,,,
SEND000851,CMP07,Early Holiday,C00343,email,A head start on thoughtful gifting.,2025-11-13,false,,false,,,
SEND000852,CMP08,Holiday Highlights,C00057,ads,Explore customer favorites this holiday.,2025-11-11,false,,false,,,
SEND000853,CMP01,New Year Reset,C00278,email,Start fresh with practical favorites.,2025-01-28,true,57,false,V010130,,
SEND000854,CMP04,Summer Essentials,C00224,ads,Simple essentials for warmer days.,2025-08-18,false,,false,,,
SEND000855,CMP07,Early Holiday,C00769,email,A head start on thoughtful gifting.,2025-11-05,false,,false,,,
SEND000856,CMP07,Early Holiday,C00665,email,A head start on thoughtful gifting.,2025-11-06,false,,false,,,
SEND000857,CMP04,Summer Essentials,C00062,ads,Simple essentials for warmer days.,2025-07-17,false,,false,,,
SEND000858,CMP05,Back to Routine,C00054,email,Get back into your everyday rhythm.,2025-08-13,false,,false,,,
SEND000859,CMP03,Member Picks,C00853,email,Popular picks selected for you.,2025-05-27,false,,false,,,
SEND000860,CMP07,Early Holiday,C00664,email,A head start on thoughtful gifting.,2025-11-02,true,190,false,V010131,,
SEND000861,CMP05,Back to Routine,C00078,email,Get back into your everyday rhythm.,2025-09-08,false,,false,,,
SEND000862,CMP01,New Year Reset,C00007,email,Start fresh with practical favorites.,2025-02-08,false,,false,,,
SEND000863,CMP06,Autumn Edit,C00608,ads,Discover this season's useful upgrades.,2025-09-20,false,,false,,,
SEND000864,CMP01,New Year Reset,C00040,email,Start fresh with practical favorites.,2025-01-07,false,,false,,,
SEND000865,CMP03,Member Picks,C00410,email,Popular picks selected for you.,2025-06-11,false,,false,,,
SEND000866,CMP03,Member Picks,C00778,email,Popular picks selected for you.,2025-06-21,false,,false,,,
SEND000867,CMP03,Member Picks,C00842,email,Popular picks selected for you.,2025-05-22,false,,false,,,
SEND000868,CMP08,Holiday Highlights,C00915,ads,Explore customer favorites this holiday.,2025-12-14,false,,false,,,
SEND000869,CMP04,Summer Essentials,C00982,ads,Simple essentials for warmer days.,2025-06-21,false,,false,,,
SEND000870,CMP07,Early Holiday,C00793,email,A head start on thoughtful gifting.,2025-11-19,true,74,false,V010132,,
SEND000871,CMP02,Spring Refresh,C00507,ads,Refresh your routine for spring.,2025-03-14,false,,false,,,
SEND000872,CMP01,New Year Reset,C00367,email,Start fresh with practical favorites.,2025-01-02,false,,false,,,
SEND000873,CMP05,Back to Routine,C00431,email,Get back into your everyday rhythm.,2025-08-16,false,,false,,,
SEND000874,CMP07,Early Holiday,C00688,email,A head start on thoughtful gifting.,2025-11-11,false,,false,,,
SEND000875,CMP01,New Year Reset,C00365,email,Start fresh with practical favorites.,2025-02-24,false,,false,,,
SEND000876,CMP05,Back to Routine,C00503,email,Get back into your everyday rhythm.,2025-08-06,false,,false,,,
SEND000877,CMP06,Autumn Edit,C00383,ads,Discover this season's useful upgrades.,2025-09-13,false,,false,,,
SEND000878,CMP08,Holiday Highlights,C00551,ads,Explore customer favorites this holiday.,2025-11-22,false,,false,,,
SEND000879,CMP06,Autumn Edit,C00946,ads,Discover this season's useful upgrades.,2025-10-07,false,,false,,,
SEND000880,CMP06,Autumn Edit,C00072,ads,Discover this season's useful upgrades.,2025-10-27,false,,false,,,
SEND000881,CMP03,Member Picks,C00756,email,Popular picks selected for you.,2025-06-18,false,,false,,,
SEND000882,CMP05,Back to Routine,C00946,email,Get back into your everyday rhythm.,2025-09-16,false,,false,,,
SEND000883,CMP03,Member Picks,C00990,email,Popular picks selected for you.,2025-06-08,false,,false,,,
SEND000884,CMP05,Back to Routine,C00659,email,Get back into your everyday rhythm.,2025-08-15,false,,false,,,
SEND000885,CMP05,Back to Routine,C00720,email,Get back into your everyday rhythm.,2025-08-23,false,,false,,,
SEND000886,CMP08,Holiday Highlights,C00938,ads,Explore customer favorites this holiday.,2025-12-15,false,,false,,,
SEND000887,CMP08,Holiday Highlights,C00303,ads,Explore customer favorites this holiday.,2025-12-31,false,,false,,,
SEND000888,CMP05,Back to Routine,C00403,email,Get back into your everyday rhythm.,2025-09-28,false,,false,,,
SEND000889,CMP04,Summer Essentials,C00757,ads,Simple essentials for warmer days.,2025-08-24,false,,false,,,
SEND000890,CMP08,Holiday Highlights,C00420,ads,Explore customer favorites this holiday.,2025-12-11,false,,false,,,
SEND000891,CMP08,Holiday Highlights,C00033,ads,Explore customer favorites this holiday.,2025-12-06,false,,false,,,
SEND000892,CMP04,Summer Essentials,C00170,ads,Simple essentials for warmer days.,2025-06-09,false,,false,,,
SEND000893,CMP03,Member Picks,C00515,email,Popular picks selected for you.,2025-05-28,false,,false,,,
SEND000894,CMP01,New Year Reset,C00993,email,Start fresh with practical favorites.,2025-02-28,true,92,false,V010133,,
SEND000895,CMP05,Back to Routine,C00786,email,Get back into your everyday rhythm.,2025-08-15,false,,false,,,
SEND000896,CMP02,Spring Refresh,C00359,ads,Refresh your routine for spring.,2025-04-11,false,,false,,,
SEND000897,CMP05,Back to Routine,C00942,email,Get back into your everyday rhythm.,2025-08-18,false,,false,,,
SEND000898,CMP01,New Year Reset,C00527,email,Start fresh with practical favorites.,2025-01-27,false,,false,,,
SEND000899,CMP06,Autumn Edit,C00246,ads,Discover this season's useful upgrades.,2025-10-10,false,,false,,,
SEND000900,CMP05,Back to Routine,C00553,email,Get back into your everyday rhythm.,2025-09-24,true,128,true,V010134,T006024,40.6
SEND000901,CMP02,Spring Refresh,C00996,ads,Refresh your routine for spring.,2025-03-21,false,,false,,,
SEND000902,CMP04,Summer Essentials,C00518,ads,Simple essentials for warmer days.,2025-07-30,false,,false,,,
SEND000903,CMP01,New Year Reset,C00379,email,Start fresh with practical favorites.,2025-01-29,false,,false,,,
SEND000904,CMP07,Early Holiday,C00021,email,A head start on thoughtful gifting.,2025-11-30,false,,false,,,
SEND000905,CMP03,Member Picks,C00415,email,Popular picks selected for you.,2025-06-29,false,,false,,,
SEND000906,CMP03,Member Picks,C00208,email,Popular picks selected for you.,2025-05-28,false,,false,,,
SEND000907,CMP01,New Year Reset,C00508,email,Start fresh with practical favorites.,2025-01-17,true,227,false,V010135,,
SEND000908,CMP04,Summer Essentials,C00718,ads,Simple essentials for warmer days.,2025-08-19,false,,false,,,
SEND000909,CMP02,Spring Refresh,C00399,ads,Refresh your routine for spring.,2025-04-21,false,,false,,,
SEND000910,CMP04,Summer Essentials,C00888,ads,Simple essentials for warmer days.,2025-08-04,false,,false,,,
SEND000911,CMP03,Member Picks,C00583,email,Popular picks selected for you.,2025-06-03,false,,false,,,
SEND000912,CMP02,Spring Refresh,C00019,ads,Refresh your routine for spring.,2025-03-27,false,,false,,,
SEND000913,CMP06,Autumn Edit,C00741,ads,Discover this season's useful upgrades.,2025-09-11,false,,false,,,
SEND000914,CMP08,Holiday Highlights,C00557,ads,Explore customer favorites this holiday.,2025-11-07,false,,false,,,
SEND000915,CMP04,Summer Essentials,C00985,ads,Simple essentials for warmer days.,2025-06-10,false,,false,,,
SEND000916,CMP02,Spring Refresh,C00234,ads,Refresh your routine for spring.,2025-04-20,false,,false,,,
SEND000917,CMP07,Early Holiday,C00338,email,A head start on thoughtful gifting.,2025-11-29,false,,false,,,
SEND000918,CMP08,Holiday Highlights,C00880,ads,Explore customer favorites this holiday.,2025-11-25,true,89,false,V010136,,
SEND000919,CMP08,Holiday Highlights,C00687,ads,Explore customer favorites this holiday.,2025-11-04,false,,false,,,
SEND000920,CMP06,Autumn Edit,C00965,ads,Discover this season's useful upgrades.,2025-09-15,false,,false,,,
SEND000921,CMP07,Early Holiday,C00805,email,A head start on thoughtful gifting.,2025-11-07,false,,false,,,
SEND000922,CMP08,Holiday Highlights,C00221,ads,Explore customer favorites this holiday.,2025-12-24,false,,false,,,
SEND000923,CMP08,Holiday Highlights,C00748,ads,Explore customer favorites this holiday.,2025-12-11,false,,false,,,
SEND000924,CMP08,Holiday Highlights,C00892,ads,Explore customer favorites this holiday.,2025-11-19,false,,false,,,
SEND000925,CMP07,Early Holiday,C00184,email,A head start on thoughtful gifting.,2025-11-30,false,,false,,,
SEND000926,CMP02,Spring Refresh,C00091,ads,Refresh your routine for spring.,2025-04-17,false,,false,,,
SEND000927,CMP04,Summer Essentials,C00813,ads,Simple essentials for warmer days.,2025-08-08,false,,false,,,
SEND000928,CMP08,Holiday Highlights,C00333,ads,Explore customer favorites this holiday.,2025-12-09,true,182,false,V010137,,
SEND000929,CMP07,Early Holiday,C00579,email,A head start on thoughtful gifting.,2025-11-22,false,,false,,,
SEND000930,CMP07,Early Holiday,C00996,email,A head start on thoughtful gifting.,2025-11-06,false,,false,,,
SEND000931,CMP03,Member Picks,C00007,email,Popular picks selected for you.,2025-06-19,false,,false,,,
SEND000932,CMP08,Holiday Highlights,C00364,ads,Explore customer favorites this holiday.,2025-12-25,false,,false,,,
SEND000933,CMP01,New Year Reset,C00340,email,Start fresh with practical favorites.,2025-02-11,false,,false,,,
SEND000934,CMP03,Member Picks,C00555,email,Popular picks selected for you.,2025-05-23,false,,false,,,
SEND000935,CMP04,Summer Essentials,C00961,ads,Simple essentials for warmer days.,2025-06-12,false,,false,,,
SEND000936,CMP08,Holiday Highlights,C00020,ads,Explore customer favorites this holiday.,2025-11-23,false,,false,,,
SEND000937,CMP07,Early Holiday,C00383,email,A head start on thoughtful gifting.,2025-11-14,true,72,false,V010138,,
SEND000938,CMP05,Back to Routine,C00056,email,Get back into your everyday rhythm.,2025-08-16,true,71,false,V010139,,
SEND000939,CMP07,Early Holiday,C00867,email,A head start on thoughtful gifting.,2025-11-12,false,,false,,,
SEND000940,CMP08,Holiday Highlights,C00603,ads,Explore customer favorites this holiday.,2025-12-01,true,96,false,V010140,,
SEND000941,CMP05,Back to Routine,C00803,email,Get back into your everyday rhythm.,2025-09-27,false,,false,,,
SEND000942,CMP08,Holiday Highlights,C00319,ads,Explore customer favorites this holiday.,2025-12-11,false,,false,,,
SEND000943,CMP06,Autumn Edit,C00385,ads,Discover this season's useful upgrades.,2025-09-15,false,,false,,,
SEND000944,CMP01,New Year Reset,C00856,email,Start fresh with practical favorites.,2025-01-21,false,,false,,,
SEND000945,CMP01,New Year Reset,C00557,email,Start fresh with practical favorites.,2025-02-01,true,226,true,V010141,T006025,75.36
SEND000946,CMP01,New Year Reset,C00115,email,Start fresh with practical favorites.,2025-01-28,false,,false,,,
SEND000947,CMP08,Holiday Highlights,C00444,ads,Explore customer favorites this holiday.,2025-11-04,true,34,false,V010142,,
SEND000948,CMP04,Summer Essentials,C00691,ads,Simple essentials for warmer days.,2025-06-14,false,,false,,,
SEND000949,CMP07,Early Holiday,C00034,email,A head start on thoughtful gifting.,2025-11-22,false,,false,,,
SEND000950,CMP02,Spring Refresh,C00848,ads,Refresh your routine for spring.,2025-04-25,false,,false,,,
SEND000951,CMP01,New Year Reset,C00225,email,Start fresh with practical favorites.,2025-02-02,false,,false,,,
SEND000952,CMP08,Holiday Highlights,C00730,ads,Explore customer favorites this holiday.,2025-11-29,false,,false,,,
SEND000953,CMP05,Back to Routine,C00157,email,Get back into your everyday rhythm.,2025-09-19,false,,false,,,
SEND000954,CMP07,Early Holiday,C00544,email,A head start on thoughtful gifting.,2025-11-18,false,,false,,,
SEND000955,CMP03,Member Picks,C00260,email,Popular picks selected for you.,2025-06-30,true,123,false,V010143,,
SEND000956,CMP04,Summer Essentials,C00832,ads,Simple essentials for warmer days.,2025-06-28,false,,false,,,
SEND000957,CMP02,Spring Refresh,C00090,ads,Refresh your routine for spring.,2025-04-23,false,,false,,,
SEND000958,CMP02,Spring Refresh,C00991,ads,Refresh your routine for spring.,2025-03-18,false,,false,,,
SEND000959,CMP05,Back to Routine,C00971,email,Get back into your everyday rhythm.,2025-09-18,false,,false,,,
SEND000960,CMP02,Spring Refresh,C00850,ads,Refresh your routine for spring.,2025-04-11,true,38,false,V010144,,
SEND000961,CMP04,Summer Essentials,C00419,ads,Simple essentials for warmer days.,2025-07-31,true,143,true,V010145,T006026,28.43
SEND000962,CMP05,Back to Routine,C00289,email,Get back into your everyday rhythm.,2025-08-04,false,,false,,,
SEND000963,CMP02,Spring Refresh,C00337,ads,Refresh your routine for spring.,2025-04-08,false,,false,,,
SEND000964,CMP02,Spring Refresh,C00507,ads,Refresh your routine for spring.,2025-04-25,false,,false,,,
SEND000965,CMP03,Member Picks,C00703,email,Popular picks selected for you.,2025-05-28,false,,false,,,
SEND000966,CMP07,Early Holiday,C00639,email,A head start on thoughtful gifting.,2025-11-22,false,,false,,,
SEND000967,CMP05,Back to Routine,C00075,email,Get back into your everyday rhythm.,2025-08-20,false,,false,,,
SEND000968,CMP07,Early Holiday,C00892,email,A head start on thoughtful gifting.,2025-11-04,false,,false,,,
SEND000969,CMP05,Back to Routine,C00856,email,Get back into your everyday rhythm.,2025-08-11,false,,false,,,
SEND000970,CMP01,New Year Reset,C00052,email,Start fresh with practical favorites.,2025-01-22,false,,false,,,
SEND000971,CMP05,Back to Routine,C00158,email,Get back into your everyday rhythm.,2025-09-13,false,,false,,,
SEND000972,CMP06,Autumn Edit,C00729,ads,Discover this season's useful upgrades.,2025-10-15,false,,false,,,
SEND000973,CMP01,New Year Reset,C00237,email,Start fresh with practical favorites.,2025-01-13,true,38,false,V010146,,
SEND000974,CMP08,Holiday Highlights,C00312,ads,Explore customer favorites this holiday.,2025-11-27,false,,false,,,
SEND000975,CMP06,Autumn Edit,C00604,ads,Discover this season's useful upgrades.,2025-10-26,false,,false,,,
SEND000976,CMP01,New Year Reset,C00078,email,Start fresh with practical favorites.,2025-01-06,false,,false,,,
SEND000977,CMP04,Summer Essentials,C00238,ads,Simple essentials for warmer days.,2025-07-04,false,,false,,,
SEND000978,CMP08,Holiday Highlights,C00454,ads,Explore customer favorites this holiday.,2025-12-15,true,63,false,V010147,,
SEND000979,CMP06,Autumn Edit,C00370,ads,Discover this season's useful upgrades.,2025-09-17,false,,false,,,
SEND000980,CMP02,Spring Refresh,C00187,ads,Refresh your routine for spring.,2025-03-16,true,20,false,V010148,,
SEND000981,CMP02,Spring Refresh,C00380,ads,Refresh your routine for spring.,2025-03-14,false,,false,,,
SEND000982,CMP04,Summer Essentials,C00378,ads,Simple essentials for warmer days.,2025-06-21,false,,false,,,
SEND000983,CMP04,Summer Essentials,C00517,ads,Simple essentials for warmer days.,2025-08-18,true,66,false,V010149,,
SEND000984,CMP03,Member Picks,C00258,email,Popular picks selected for you.,2025-05-07,false,,false,,,
SEND000985,CMP07,Early Holiday,C00495,email,A head start on thoughtful gifting.,2025-11-11,true,77,false,V010150,,
SEND000986,CMP03,Member Picks,C00313,email,Popular picks selected for you.,2025-06-09,true,262,true,V010151,T006027,44.81
SEND000987,CMP08,Holiday Highlights,C00751,ads,Explore customer favorites this holiday.,2025-11-02,false,,false,,,
SEND000988,CMP06,Autumn Edit,C00656,ads,Discover this season's useful upgrades.,2025-10-26,false,,false,,,
SEND000989,CMP01,New Year Reset,C00020,email,Start fresh with practical favorites.,2025-01-24,false,,false,,,
SEND000990,CMP03,Member Picks,C00429,email,Popular picks selected for you.,2025-06-18,false,,false,,,
SEND000991,CMP08,Holiday Highlights,C00419,ads,Explore customer favorites this holiday.,2025-11-24,true,27,false,V010152,,
SEND000992,CMP02,Spring Refresh,C00308,ads,Refresh your routine for spring.,2025-04-23,false,,false,,,
SEND000993,CMP06,Autumn Edit,C00489,ads,Discover this season's useful upgrades.,2025-10-19,false,,false,,,
SEND000994,CMP07,Early Holiday,C00692,email,A head start on thoughtful gifting.,2025-11-07,true,113,false,V010153,,
SEND000995,CMP03,Member Picks,C00519,email,Popular picks selected for you.,2025-06-04,false,,false,,,
SEND000996,CMP03,Member Picks,C00818,email,Popular picks selected for you.,2025-06-15,false,,false,,,
SEND000997,CMP07,Early Holiday,C00675,email,A head start on thoughtful gifting.,2025-11-26,false,,false,,,
SEND000998,CMP04,Summer Essentials,C00866,ads,Simple essentials for warmer days.,2025-08-22,false,,false,,,
SEND000999,CMP06,Autumn Edit,C00296,ads,Discover this season's useful upgrades.,2025-09-08,false,,false,,,
SEND001000,CMP03,Member Picks,C00962,email,Popular picks selected for you.,2025-05-10,false,,false,,,
SEND001001,CMP05,Back to Routine,C00804,email,Get back into your everyday rhythm.,2025-09-19,false,,false,,,
SEND001002,CMP07,Early Holiday,C00135,email,A head start on thoughtful gifting.,2025-11-04,true,186,true,V010154,T006028,67.05
SEND001003,CMP04,Summer Essentials,C00542,ads,Simple essentials for warmer days.,2025-08-06,false,,false,,,
SEND001004,CMP07,Early Holiday,C00150,email,A head start on thoughtful gifting.,2025-11-01,false,,false,,,
SEND001005,CMP08,Holiday Highlights,C00718,ads,Explore customer favorites this holiday.,2025-12-21,false,,false,,,
SEND001006,CMP04,Summer Essentials,C00667,ads,Simple essentials for warmer days.,2025-08-21,false,,false,,,
SEND001007,CMP07,Early Holiday,C00977,email,A head start on thoughtful gifting.,2025-11-30,false,,false,,,
SEND001008,CMP05,Back to Routine,C00393,email,Get back into your everyday rhythm.,2025-08-05,false,,false,,,
SEND001009,CMP01,New Year Reset,C00560,email,Start fresh with practical favorites.,2025-02-13,false,,false,,,
SEND001010,CMP07,Early Holiday,C00782,email,A head start on thoughtful gifting.,2025-11-25,true,23,false,V010155,,
SEND001011,CMP07,Early Holiday,C00997,email,A head start on thoughtful gifting.,2025-11-17,false,,false,,,
SEND001012,CMP05,Back to Routine,C00679,email,Get back into your everyday rhythm.,2025-08-17,false,,false,,,
SEND001013,CMP03,Member Picks,C00500,email,Popular picks selected for you.,2025-06-19,false,,false,,,
SEND001014,CMP08,Holiday Highlights,C00810,ads,Explore customer favorites this holiday.,2025-12-02,false,,false,,,
SEND001015,CMP04,Summer Essentials,C00976,ads,Simple essentials for warmer days.,2025-06-10,true,51,false,V010156,,
SEND001016,CMP06,Autumn Edit,C00500,ads,Discover this season's useful upgrades.,2025-10-20,false,,false,,,
SEND001017,CMP02,Spring Refresh,C00121,ads,Refresh your routine for spring.,2025-04-05,true,83,false,V010157,,
SEND001018,CMP07,Early Holiday,C00164,email,A head start on thoughtful gifting.,2025-11-12,false,,false,,,
SEND001019,CMP01,New Year Reset,C00223,email,Start fresh with practical favorites.,2025-01-09,true,25,false,V010158,,
SEND001020,CMP08,Holiday Highlights,C00144,ads,Explore customer favorites this holiday.,2025-12-25,false,,false,,,
SEND001021,CMP06,Autumn Edit,C00082,ads,Discover this season's useful upgrades.,2025-10-10,true,40,false,V010159,,
SEND001022,CMP01,New Year Reset,C00106,email,Start fresh with practical favorites.,2025-02-06,true,205,false,V010160,,
SEND001023,CMP03,Member Picks,C00653,email,Popular picks selected for you.,2025-05-10,false,,false,,,
SEND001024,CMP08,Holiday Highlights,C00679,ads,Explore customer favorites this holiday.,2025-11-03,false,,false,,,
SEND001025,CMP02,Spring Refresh,C00574,ads,Refresh your routine for spring.,2025-04-23,true,70,false,V010161,,
SEND001026,CMP08,Holiday Highlights,C00147,ads,Explore customer favorites this holiday.,2025-11-11,false,,false,,,
SEND001027,CMP01,New Year Reset,C00713,email,Start fresh with practical favorites.,2025-01-28,false,,false,,,
SEND001028,CMP06,Autumn Edit,C00909,ads,Discover this season's useful upgrades.,2025-09-15,false,,false,,,
SEND001029,CMP07,Early Holiday,C00978,email,A head start on thoughtful gifting.,2025-11-23,false,,false,,,
SEND001030,CMP05,Back to Routine,C00037,email,Get back into your everyday rhythm.,2025-09-23,false,,false,,,
SEND001031,CMP04,Summer Essentials,C00497,ads,Simple essentials for warmer days.,2025-06-05,false,,false,,,
SEND001032,CMP06,Autumn Edit,C00747,ads,Discover this season's useful upgrades.,2025-09-07,false,,false,,,
SEND001033,CMP08,Holiday Highlights,C00406,ads,Explore customer favorites this holiday.,2025-11-13,false,,false,,,
SEND001034,CMP03,Member Picks,C00960,email,Popular picks selected for you.,2025-05-19,false,,false,,,
SEND001035,CMP04,Summer Essentials,C00863,ads,Simple essentials for warmer days.,2025-07-14,false,,false,,,
SEND001036,CMP04,Summer Essentials,C00245,ads,Simple essentials for warmer days.,2025-08-12,false,,false,,,
SEND001037,CMP06,Autumn Edit,C00530,ads,Discover this season's useful upgrades.,2025-10-01,false,,false,,,
SEND001038,CMP01,New Year Reset,C00328,email,Start fresh with practical favorites.,2025-02-14,false,,false,,,
SEND001039,CMP03,Member Picks,C00402,email,Popular picks selected for you.,2025-06-13,false,,false,,,
SEND001040,CMP07,Early Holiday,C00318,email,A head start on thoughtful gifting.,2025-11-17,true,142,false,V010162,,
SEND001041,CMP05,Back to Routine,C00744,email,Get back into your everyday rhythm.,2025-08-25,false,,false,,,
SEND001042,CMP02,Spring Refresh,C00101,ads,Refresh your routine for spring.,2025-04-18,false,,false,,,
SEND001043,CMP01,New Year Reset,C00174,email,Start fresh with practical favorites.,2025-01-07,false,,false,,,
SEND001044,CMP01,New Year Reset,C00561,email,Start fresh with practical favorites.,2025-01-26,false,,false,,,
SEND001045,CMP06,Autumn Edit,C00499,ads,Discover this season's useful upgrades.,2025-09-03,false,,false,,,
SEND001046,CMP03,Member Picks,C00761,email,Popular picks selected for you.,2025-05-25,false,,false,,,
SEND001047,CMP01,New Year Reset,C00822,email,Start fresh with practical favorites.,2025-01-18,false,,false,,,
SEND001048,CMP03,Member Picks,C00678,email,Popular picks selected for you.,2025-06-13,false,,false,,,
SEND001049,CMP07,Early Holiday,C00201,email,A head start on thoughtful gifting.,2025-11-12,false,,false,,,
SEND001050,CMP08,Holiday Highlights,C00572,ads,Explore customer favorites this holiday.,2025-12-21,true,184,false,V010163,,
SEND001051,CMP07,Early Holiday,C00233,email,A head start on thoughtful gifting.,2025-11-26,false,,false,,,
SEND001052,CMP05,Back to Routine,C00771,email,Get back into your everyday rhythm.,2025-08-06,false,,false,,,
SEND001053,CMP08,Holiday Highlights,C00728,ads,Explore customer favorites this holiday.,2025-11-08,false,,false,,,
SEND001054,CMP06,Autumn Edit,C00303,ads,Discover this season's useful upgrades.,2025-09-14,false,,false,,,
SEND001055,CMP01,New Year Reset,C00364,email,Start fresh with practical favorites.,2025-02-05,true,502,false,V010164,,
SEND001056,CMP07,Early Holiday,C00323,email,A head start on thoughtful gifting.,2025-11-30,true,82,false,V010165,,
SEND001057,CMP03,Member Picks,C00580,email,Popular picks selected for you.,2025-05-17,false,,false,,,
SEND001058,CMP07,Early Holiday,C00727,email,A head start on thoughtful gifting.,2025-11-22,true,198,true,V010166,T006029,28.13
SEND001059,CMP04,Summer Essentials,C00331,ads,Simple essentials for warmer days.,2025-08-24,false,,false,,,
SEND001060,CMP07,Early Holiday,C00461,email,A head start on thoughtful gifting.,2025-11-06,false,,false,,,
SEND001061,CMP05,Back to Routine,C00355,email,Get back into your everyday rhythm.,2025-09-29,false,,false,,,
SEND001062,CMP07,Early Holiday,C00099,email,A head start on thoughtful gifting.,2025-11-08,false,,false,,,
SEND001063,CMP05,Back to Routine,C00790,email,Get back into your everyday rhythm.,2025-09-05,true,52,false,V010167,,
SEND001064,CMP03,Member Picks,C00027,email,Popular picks selected for you.,2025-06-21,false,,false,,,
SEND001065,CMP02,Spring Refresh,C00445,ads,Refresh your routine for spring.,2025-03-09,false,,false,,,
SEND001066,CMP07,Early Holiday,C00292,email,A head start on thoughtful gifting.,2025-11-09,false,,false,,,
SEND001067,CMP05,Back to Routine,C00386,email,Get back into your everyday rhythm.,2025-08-30,false,,false,,,
SEND001068,CMP01,New Year Reset,C00921,email,Start fresh with practical favorites.,2025-02-05,false,,false,,,
SEND001069,CMP05,Back to Routine,C00080,email,Get back into your everyday rhythm.,2025-08-16,false,,false,,,
SEND001070,CMP03,Member Picks,C00579,email,Popular picks selected for you.,2025-05-23,true,232,false,V010168,,
SEND001071,CMP02,Spring Refresh,C00784,ads,Refresh your routine for spring.,2025-03-17,false,,false,,,
SEND001072,CMP06,Autumn Edit,C00700,ads,Discover this season's useful upgrades.,2025-09-10,false,,false,,,
SEND001073,CMP07,Early Holiday,C00890,email,A head start on thoughtful gifting.,2025-11-11,true,135,false,V010169,,
SEND001074,CMP04,Summer Essentials,C00543,ads,Simple essentials for warmer days.,2025-08-17,false,,false,,,
SEND001075,CMP04,Summer Essentials,C00347,ads,Simple essentials for warmer days.,2025-06-02,false,,false,,,
SEND001076,CMP04,Summer Essentials,C00752,ads,Simple essentials for warmer days.,2025-06-07,false,,false,,,
SEND001077,CMP07,Early Holiday,C00108,email,A head start on thoughtful gifting.,2025-11-21,false,,false,,,
SEND001078,CMP02,Spring Refresh,C00713,ads,Refresh your routine for spring.,2025-04-07,false,,false,,,
SEND001079,CMP08,Holiday Highlights,C00014,ads,Explore customer favorites this holiday.,2025-12-27,false,,false,,,
SEND001080,CMP05,Back to Routine,C00497,email,Get back into your everyday rhythm.,2025-09-28,false,,false,,,
SEND001081,CMP07,Early Holiday,C00026,email,A head start on thoughtful gifting.,2025-11-19,false,,false,,,
SEND001082,CMP08,Holiday Highlights,C00254,ads,Explore customer favorites this holiday.,2025-12-22,false,,false,,,
SEND001083,CMP02,Spring Refresh,C00252,ads,Refresh your routine for spring.,2025-04-19,false,,false,,,
SEND001084,CMP07,Early Holiday,C00382,email,A head start on thoughtful gifting.,2025-11-16,false,,false,,,
SEND001085,CMP03,Member Picks,C00640,email,Popular picks selected for you.,2025-06-06,false,,false,,,
SEND001086,CMP08,Holiday Highlights,C00734,ads,Explore customer favorites this holiday.,2025-11-14,false,,false,,,
SEND001087,CMP01,New Year Reset,C00775,email,Start fresh with practical favorites.,2025-01-13,false,,false,,,
SEND001088,CMP01,New Year Reset,C00683,email,Start fresh with practical favorites.,2025-01-21,false,,false,,,
SEND001089,CMP02,Spring Refresh,C01000,ads,Refresh your routine for spring.,2025-04-29,true,57,false,V010170,,
SEND001090,CMP08,Holiday Highlights,C00592,ads,Explore customer favorites this holiday.,2025-11-25,false,,false,,,
SEND001091,CMP07,Early Holiday,C00767,email,A head start on thoughtful gifting.,2025-11-02,false,,false,,,
SEND001092,CMP02,Spring Refresh,C00598,ads,Refresh your routine for spring.,2025-03-31,false,,false,,,
SEND001093,CMP04,Summer Essentials,C00887,ads,Simple essentials for warmer days.,2025-07-25,false,,false,,,
SEND001094,CMP08,Holiday Highlights,C00221,ads,Explore customer favorites this holiday.,2025-11-16,true,350,false,V010171,,
SEND001095,CMP02,Spring Refresh,C00733,ads,Refresh your routine for spring.,2025-04-21,false,,false,,,
SEND001096,CMP02,Spring Refresh,C00067,ads,Refresh your routine for spring.,2025-04-17,false,,false,,,
SEND001097,CMP01,New Year Reset,C00175,email,Start fresh with practical favorites.,2025-01-29,false,,false,,,
SEND001098,CMP04,Summer Essentials,C00811,ads,Simple essentials for warmer days.,2025-07-15,false,,false,,,
SEND001099,CMP06,Autumn Edit,C00955,ads,Discover this season's useful upgrades.,2025-10-21,false,,false,,,
SEND001100,CMP04,Summer Essentials,C00960,ads,Simple essentials for warmer days.,2025-06-09,false,,false,,,
SEND001101,CMP03,Member Picks,C00335,email,Popular picks selected for you.,2025-05-26,false,,false,,,
SEND001102,CMP05,Back to Routine,C00015,email,Get back into your everyday rhythm.,2025-08-15,true,39,false,V010172,,
SEND001103,CMP01,New Year Reset,C00444,email,Start fresh with practical favorites.,2025-02-03,true,272,false,V010173,,
SEND001104,CMP03,Member Picks,C00412,email,Popular picks selected for you.,2025-06-05,false,,false,,,
SEND001105,CMP05,Back to Routine,C00211,email,Get back into your everyday rhythm.,2025-09-14,false,,false,,,
SEND001106,CMP04,Summer Essentials,C00469,ads,Simple essentials for warmer days.,2025-07-26,true,119,false,V010174,,
SEND001107,CMP04,Summer Essentials,C00756,ads,Simple essentials for warmer days.,2025-08-06,true,47,false,V010175,,
SEND001108,CMP02,Spring Refresh,C00582,ads,Refresh your routine for spring.,2025-04-11,false,,false,,,
SEND001109,CMP03,Member Picks,C00595,email,Popular picks selected for you.,2025-06-16,false,,false,,,
SEND001110,CMP02,Spring Refresh,C00569,ads,Refresh your routine for spring.,2025-03-14,false,,false,,,
SEND001111,CMP03,Member Picks,C00135,email,Popular picks selected for you.,2025-06-10,false,,false,,,
SEND001112,CMP02,Spring Refresh,C00572,ads,Refresh your routine for spring.,2025-03-24,false,,false,,,
SEND001113,CMP04,Summer Essentials,C00374,ads,Simple essentials for warmer days.,2025-06-05,true,77,false,V010176,,
SEND001114,CMP08,Holiday Highlights,C00485,ads,Explore customer favorites this holiday.,2025-11-26,false,,false,,,
SEND001115,CMP08,Holiday Highlights,C00015,ads,Explore customer favorites this holiday.,2025-11-11,false,,false,,,
SEND001116,CMP02,Spring Refresh,C00522,ads,Refresh your routine for spring.,2025-03-01,true,110,true,V010177,T006030,40.61
SEND001117,CMP06,Autumn Edit,C00554,ads,Discover this season's useful upgrades.,2025-10-28,false,,false,,,
SEND001118,CMP03,Member Picks,C00060,email,Popular picks selected for you.,2025-06-20,false,,false,,,
SEND001119,CMP05,Back to Routine,C00099,email,Get back into your everyday rhythm.,2025-08-28,false,,false,,,
SEND001120,CMP07,Early Holiday,C00848,email,A head start on thoughtful gifting.,2025-11-19,false,,false,,,
SEND001121,CMP03,Member Picks,C00795,email,Popular picks selected for you.,2025-05-03,false,,false,,,
SEND001122,CMP02,Spring Refresh,C00425,ads,Refresh your routine for spring.,2025-04-25,false,,false,,,
SEND001123,CMP03,Member Picks,C00689,email,Popular picks selected for you.,2025-05-15,false,,false,,,
SEND001124,CMP01,New Year Reset,C00566,email,Start fresh with practical favorites.,2025-01-05,false,,false,,,
SEND001125,CMP05,Back to Routine,C00087,email,Get back into your everyday rhythm.,2025-09-15,false,,false,,,
SEND001126,CMP05,Back to Routine,C00001,email,Get back into your everyday rhythm.,2025-08-19,false,,false,,,
SEND001127,CMP01,New Year Reset,C00163,email,Start fresh with practical favorites.,2025-02-05,false,,false,,,
SEND001128,CMP05,Back to Routine,C00458,email,Get back into your everyday rhythm.,2025-09-02,false,,false,,,
SEND001129,CMP07,Early Holiday,C00558,email,A head start on thoughtful gifting.,2025-11-23,false,,false,,,
SEND001130,CMP08,Holiday Highlights,C00134,ads,Explore customer favorites this holiday.,2025-11-30,true,55,false,V010178,,
SEND001131,CMP01,New Year Reset,C00418,email,Start fresh with practical favorites.,2025-01-28,false,,false,,,
SEND001132,CMP05,Back to Routine,C00423,email,Get back into your everyday rhythm.,2025-09-11,false,,false,,,
SEND001133,CMP04,Summer Essentials,C00726,ads,Simple essentials for warmer days.,2025-08-26,false,,false,,,
SEND001134,CMP02,Spring Refresh,C00427,ads,Refresh your routine for spring.,2025-04-27,false,,false,,,
SEND001135,CMP08,Holiday Highlights,C00494,ads,Explore customer favorites this holiday.,2025-12-01,false,,false,,,
SEND001136,CMP05,Back to Routine,C00142,email,Get back into your everyday rhythm.,2025-08-22,false,,false,,,
SEND001137,CMP04,Summer Essentials,C00698,ads,Simple essentials for warmer days.,2025-07-27,false,,false,,,
SEND001138,CMP04,Summer Essentials,C00171,ads,Simple essentials for warmer days.,2025-08-19,false,,false,,,
SEND001139,CMP05,Back to Routine,C00276,email,Get back into your everyday rhythm.,2025-08-21,false,,false,,,
SEND001140,CMP01,New Year Reset,C00509,email,Start fresh with practical favorites.,2025-01-10,false,,false,,,
SEND001141,CMP06,Autumn Edit,C00633,ads,Discover this season's useful upgrades.,2025-10-21,false,,false,,,
SEND001142,CMP07,Early Holiday,C00936,email,A head start on thoughtful gifting.,2025-11-25,true,24,true,V010179,T006031,45.3
SEND001143,CMP01,New Year Reset,C00980,email,Start fresh with practical favorites.,2025-01-20,false,,false,,,
SEND001144,CMP01,New Year Reset,C00448,email,Start fresh with practical favorites.,2025-02-02,false,,false,,,
SEND001145,CMP07,Early Holiday,C00016,email,A head start on thoughtful gifting.,2025-11-25,false,,false,,,
SEND001146,CMP01,New Year Reset,C00940,email,Start fresh with practical favorites.,2025-02-25,false,,false,,,
SEND001147,CMP04,Summer Essentials,C00640,ads,Simple essentials for warmer days.,2025-08-26,false,,false,,,
SEND001148,CMP08,Holiday Highlights,C00171,ads,Explore customer favorites this holiday.,2025-12-21,false,,false,,,
SEND001149,CMP02,Spring Refresh,C00044,ads,Refresh your routine for spring.,2025-04-26,false,,false,,,
SEND001150,CMP08,Holiday Highlights,C00328,ads,Explore customer favorites this holiday.,2025-11-20,false,,false,,,
SEND001151,CMP01,New Year Reset,C00073,email,Start fresh with practical favorites.,2025-02-13,false,,false,,,
SEND001152,CMP06,Autumn Edit,C00004,ads,Discover this season's useful upgrades.,2025-09-26,false,,false,,,
SEND001153,CMP04,Summer Essentials,C00491,ads,Simple essentials for warmer days.,2025-08-06,false,,false,,,
SEND001154,CMP01,New Year Reset,C00119,email,Start fresh with practical favorites.,2025-02-06,false,,false,,,
SEND001155,CMP07,Early Holiday,C00951,email,A head start on thoughtful gifting.,2025-11-27,false,,false,,,
SEND001156,CMP02,Spring Refresh,C00883,ads,Refresh your routine for spring.,2025-04-12,false,,false,,,
SEND001157,CMP01,New Year Reset,C00416,email,Start fresh with practical favorites.,2025-02-21,false,,false,,,
SEND001158,CMP08,Holiday Highlights,C00386,ads,Explore customer favorites this holiday.,2025-12-15,false,,false,,,
SEND001159,CMP07,Early Holiday,C00236,email,A head start on thoughtful gifting.,2025-11-28,false,,false,,,
SEND001160,CMP06,Autumn Edit,C00868,ads,Discover this season's useful upgrades.,2025-09-17,true,100,false,V010180,,
SEND001161,CMP03,Member Picks,C00560,email,Popular picks selected for you.,2025-06-22,false,,false,,,
SEND001162,CMP07,Early Holiday,C00446,email,A head start on thoughtful gifting.,2025-11-13,false,,false,,,
SEND001163,CMP02,Spring Refresh,C00960,ads,Refresh your routine for spring.,2025-04-02,false,,false,,,
SEND001164,CMP02,Spring Refresh,C00296,ads,Refresh your routine for spring.,2025-03-19,false,,false,,,
SEND001165,CMP05,Back to Routine,C00961,email,Get back into your everyday rhythm.,2025-09-03,false,,false,,,
SEND001166,CMP07,Early Holiday,C00761,email,A head start on thoughtful gifting.,2025-11-04,false,,false,,,
SEND001167,CMP01,New Year Reset,C00628,email,Start fresh with practical favorites.,2025-02-25,false,,false,,,
SEND001168,CMP01,New Year Reset,C00214,email,Start fresh with practical favorites.,2025-02-08,false,,false,,,
SEND001169,CMP02,Spring Refresh,C00963,ads,Refresh your routine for spring.,2025-04-13,false,,false,,,
SEND001170,CMP06,Autumn Edit,C00871,ads,Discover this season's useful upgrades.,2025-09-22,false,,false,,,
SEND001171,CMP01,New Year Reset,C00942,email,Start fresh with practical favorites.,2025-01-31,false,,false,,,
SEND001172,CMP08,Holiday Highlights,C00874,ads,Explore customer favorites this holiday.,2025-11-09,true,19,false,V010181,,
SEND001173,CMP01,New Year Reset,C00989,email,Start fresh with practical favorites.,2025-01-19,false,,false,,,
SEND001174,CMP07,Early Holiday,C00978,email,A head start on thoughtful gifting.,2025-11-16,false,,false,,,
SEND001175,CMP04,Summer Essentials,C00660,ads,Simple essentials for warmer days.,2025-06-17,false,,false,,,
SEND001176,CMP08,Holiday Highlights,C00393,ads,Explore customer favorites this holiday.,2025-11-14,false,,false,,,
SEND001177,CMP08,Holiday Highlights,C00337,ads,Explore customer favorites this holiday.,2025-12-08,false,,false,,,
SEND001178,CMP05,Back to Routine,C00620,email,Get back into your everyday rhythm.,2025-08-22,true,18,false,V010182,,
SEND001179,CMP03,Member Picks,C00542,email,Popular picks selected for you.,2025-05-25,false,,false,,,
SEND001180,CMP02,Spring Refresh,C00979,ads,Refresh your routine for spring.,2025-03-16,false,,false,,,
SEND001181,CMP07,Early Holiday,C00560,email,A head start on thoughtful gifting.,2025-11-27,false,,false,,,
SEND001182,CMP01,New Year Reset,C00893,email,Start fresh with practical favorites.,2025-02-03,false,,false,,,
SEND001183,CMP02,Spring Refresh,C00935,ads,Refresh your routine for spring.,2025-03-20,false,,false,,,
SEND001184,CMP05,Back to Routine,C00040,email,Get back into your everyday rhythm.,2025-09-09,false,,false,,,
SEND001185,CMP05,Back to Routine,C00478,email,Get back into your everyday rhythm.,2025-08-12,false,,false,,,
SEND001186,CMP06,Autumn Edit,C00280,ads,Discover this season's useful upgrades.,2025-10-17,false,,false,,,
SEND001187,CMP06,Autumn Edit,C00617,ads,Discover this season's useful upgrades.,2025-09-17,false,,false,,,
SEND001188,CMP01,New Year Reset,C00284,email,Start fresh with practical favorites.,2025-01-30,true,134,false,V010183,,
SEND001189,CMP01,New Year Reset,C00573,email,Start fresh with practical favorites.,2025-01-15,false,,false,,,
SEND001190,CMP02,Spring Refresh,C00706,ads,Refresh your routine for spring.,2025-04-13,false,,false,,,
SEND001191,CMP08,Holiday Highlights,C00548,ads,Explore customer favorites this holiday.,2025-12-01,false,,false,,,
SEND001192,CMP02,Spring Refresh,C00031,ads,Refresh your routine for spring.,2025-03-13,false,,false,,,
SEND001193,CMP03,Member Picks,C00822,email,Popular picks selected for you.,2025-05-21,false,,false,,,
SEND001194,CMP08,Holiday Highlights,C00953,ads,Explore customer favorites this holiday.,2025-12-15,false,,false,,,
SEND001195,CMP04,Summer Essentials,C00835,ads,Simple essentials for warmer days.,2025-06-12,false,,false,,,
SEND001196,CMP07,Early Holiday,C00532,email,A head start on thoughtful gifting.,2025-11-06,false,,false,,,
SEND001197,CMP07,Early Holiday,C00872,email,A head start on thoughtful gifting.,2025-11-03,false,,false,,,
SEND001198,CMP07,Early Holiday,C00576,email,A head start on thoughtful gifting.,2025-11-07,true,158,false,V010184,,
SEND001199,CMP07,Early Holiday,C00259,email,A head start on thoughtful gifting.,2025-11-13,false,,false,,,
SEND001200,CMP01,New Year Reset,C00464,email,Start fresh with practical favorites.,2025-02-19,false,,false,,,
SEND001201,CMP04,Summer Essentials,C00979,ads,Simple essentials for warmer days.,2025-07-03,false,,false,,,
SEND001202,CMP02,Spring Refresh,C00136,ads,Refresh your routine for spring.,2025-04-11,false,,false,,,
SEND001203,CMP01,New Year Reset,C00668,email,Start fresh with practical favorites.,2025-02-24,false,,false,,,
SEND001204,CMP05,Back to Routine,C00256,email,Get back into your everyday rhythm.,2025-09-28,false,,false,,,
SEND001205,CMP03,Member Picks,C00809,email,Popular picks selected for you.,2025-06-22,false,,false,,,
SEND001206,CMP05,Back to Routine,C00027,email,Get back into your everyday rhythm.,2025-09-10,false,,false,,,
SEND001207,CMP01,New Year Reset,C00614,email,Start fresh with practical favorites.,2025-01-03,false,,false,,,
SEND001208,CMP02,Spring Refresh,C00193,ads,Refresh your routine for spring.,2025-04-20,false,,false,,,
SEND001209,CMP05,Back to Routine,C00973,email,Get back into your everyday rhythm.,2025-09-27,false,,false,,,
SEND001210,CMP05,Back to Routine,C00335,email,Get back into your everyday rhythm.,2025-09-14,false,,false,,,
SEND001211,CMP02,Spring Refresh,C01000,ads,Refresh your routine for spring.,2025-04-11,false,,false,,,
SEND001212,CMP04,Summer Essentials,C00746,ads,Simple essentials for warmer days.,2025-07-01,false,,false,,,
SEND001213,CMP05,Back to Routine,C00862,email,Get back into your everyday rhythm.,2025-09-27,true,18,false,V010185,,
SEND001214,CMP03,Member Picks,C00685,email,Popular picks selected for you.,2025-06-26,false,,false,,,
SEND001215,CMP01,New Year Reset,C00373,email,Start fresh with practical favorites.,2025-02-16,true,38,false,V010186,,
SEND001216,CMP03,Member Picks,C00685,email,Popular picks selected for you.,2025-06-10,false,,false,,,
SEND001217,CMP07,Early Holiday,C00650,email,A head start on thoughtful gifting.,2025-11-12,false,,false,,,
SEND001218,CMP02,Spring Refresh,C00766,ads,Refresh your routine for spring.,2025-03-09,false,,false,,,
SEND001219,CMP05,Back to Routine,C00778,email,Get back into your everyday rhythm.,2025-09-17,false,,false,,,
SEND001220,CMP05,Back to Routine,C00267,email,Get back into your everyday rhythm.,2025-09-13,false,,false,,,
SEND001221,CMP03,Member Picks,C00772,email,Popular picks selected for you.,2025-06-15,false,,false,,,
SEND001222,CMP04,Summer Essentials,C00308,ads,Simple essentials for warmer days.,2025-07-13,false,,false,,,
SEND001223,CMP03,Member Picks,C00269,email,Popular picks selected for you.,2025-05-22,false,,false,,,
SEND001224,CMP07,Early Holiday,C00850,email,A head start on thoughtful gifting.,2025-11-26,true,155,false,V010187,,
SEND001225,CMP08,Holiday Highlights,C00729,ads,Explore customer favorites this holiday.,2025-12-21,true,139,false,V010188,,
SEND001226,CMP01,New Year Reset,C00325,email,Start fresh with practical favorites.,2025-01-24,false,,false,,,
SEND001227,CMP05,Back to Routine,C00686,email,Get back into your everyday rhythm.,2025-08-04,false,,false,,,
SEND001228,CMP07,Early Holiday,C00276,email,A head start on thoughtful gifting.,2025-11-23,false,,false,,,
SEND001229,CMP07,Early Holiday,C00024,email,A head start on thoughtful gifting.,2025-11-04,false,,false,,,
SEND001230,CMP08,Holiday Highlights,C00790,ads,Explore customer favorites this holiday.,2025-11-14,false,,false,,,
SEND001231,CMP04,Summer Essentials,C00002,ads,Simple essentials for warmer days.,2025-06-16,false,,false,,,
SEND001232,CMP05,Back to Routine,C00990,email,Get back into your everyday rhythm.,2025-08-18,false,,false,,,
SEND001233,CMP06,Autumn Edit,C00705,ads,Discover this season's useful upgrades.,2025-09-17,true,134,false,V010189,,
SEND001234,CMP01,New Year Reset,C00249,email,Start fresh with practical favorites.,2025-02-26,false,,false,,,
SEND001235,CMP01,New Year Reset,C00870,email,Start fresh with practical favorites.,2025-01-16,false,,false,,,
SEND001236,CMP03,Member Picks,C00215,email,Popular picks selected for you.,2025-06-17,false,,false,,,
SEND001237,CMP06,Autumn Edit,C00916,ads,Discover this season's useful upgrades.,2025-10-14,false,,false,,,
SEND001238,CMP07,Early Holiday,C00962,email,A head start on thoughtful gifting.,2025-11-27,false,,false,,,
SEND001239,CMP07,Early Holiday,C00381,email,A head start on thoughtful gifting.,2025-11-26,false,,false,,,
SEND001240,CMP04,Summer Essentials,C00225,ads,Simple essentials for warmer days.,2025-08-16,false,,false,,,
SEND001241,CMP01,New Year Reset,C00074,email,Start fresh with practical favorites.,2025-02-07,true,100,false,V010190,,
SEND001242,CMP01,New Year Reset,C00543,email,Start fresh with practical favorites.,2025-02-13,false,,false,,,
SEND001243,CMP04,Summer Essentials,C00890,ads,Simple essentials for warmer days.,2025-08-17,false,,false,,,
SEND001244,CMP07,Early Holiday,C00073,email,A head start on thoughtful gifting.,2025-11-27,false,,false,,,
SEND001245,CMP05,Back to Routine,C00697,email,Get back into your everyday rhythm.,2025-08-26,false,,false,,,
SEND001246,CMP08,Holiday Highlights,C00853,ads,Explore customer favorites this holiday.,2025-12-19,false,,false,,,
SEND001247,CMP07,Early Holiday,C00328,email,A head start on thoughtful gifting.,2025-11-21,false,,false,,,
SEND001248,CMP02,Spring Refresh,C00459,ads,Refresh your routine for spring.,2025-04-30,false,,false,,,
SEND001249,CMP08,Holiday Highlights,C00533,ads,Explore customer favorites this holiday.,2025-12-23,false,,false,,,
SEND001250,CMP03,Member Picks,C00033,email,Popular picks selected for you.,2025-05-03,false,,false,,,
SEND001251,CMP01,New Year Reset,C00130,email,Start fresh with practical favorites.,2025-01-17,false,,false,,,
SEND001252,CMP08,Holiday Highlights,C00908,ads,Explore customer favorites this holiday.,2025-11-19,true,74,false,V010191,,
SEND001253,CMP05,Back to Routine,C00153,email,Get back into your everyday rhythm.,2025-09-10,false,,false,,,
SEND001254,CMP08,Holiday Highlights,C00014,ads,Explore customer favorites this holiday.,2025-11-16,false,,false,,,
SEND001255,CMP01,New Year Reset,C00555,email,Start fresh with practical favorites.,2025-01-08,true,45,false,V010192,,
SEND001256,CMP05,Back to Routine,C00634,email,Get back into your everyday rhythm.,2025-09-29,false,,false,,,
SEND001257,CMP07,Early Holiday,C00796,email,A head start on thoughtful gifting.,2025-11-14,false,,false,,,
SEND001258,CMP08,Holiday Highlights,C00030,ads,Explore customer favorites this holiday.,2025-12-15,false,,false,,,
SEND001259,CMP06,Autumn Edit,C00431,ads,Discover this season's useful upgrades.,2025-09-09,false,,false,,,
SEND001260,CMP04,Summer Essentials,C00109,ads,Simple essentials for warmer days.,2025-06-02,true,58,false,V010193,,
SEND001261,CMP08,Holiday Highlights,C00061,ads,Explore customer favorites this holiday.,2025-11-19,false,,false,,,
SEND001262,CMP05,Back to Routine,C00729,email,Get back into your everyday rhythm.,2025-08-14,false,,false,,,
SEND001263,CMP03,Member Picks,C00304,email,Popular picks selected for you.,2025-06-05,false,,false,,,
SEND001264,CMP04,Summer Essentials,C00144,ads,Simple essentials for warmer days.,2025-06-17,false,,false,,,
SEND001265,CMP05,Back to Routine,C00259,email,Get back into your everyday rhythm.,2025-08-31,false,,false,,,
SEND001266,CMP07,Early Holiday,C00063,email,A head start on thoughtful gifting.,2025-11-15,false,,false,,,
SEND001267,CMP03,Member Picks,C00542,email,Popular picks selected for you.,2025-05-05,false,,false,,,
SEND001268,CMP03,Member Picks,C00471,email,Popular picks selected for you.,2025-06-21,false,,false,,,
SEND001269,CMP01,New Year Reset,C00636,email,Start fresh with practical favorites.,2025-02-16,false,,false,,,
SEND001270,CMP07,Early Holiday,C00354,email,A head start on thoughtful gifting.,2025-11-09,false,,false,,,
SEND001271,CMP06,Autumn Edit,C00339,ads,Discover this season's useful upgrades.,2025-09-30,false,,false,,,
SEND001272,CMP04,Summer Essentials,C00231,ads,Simple essentials for warmer days.,2025-07-22,false,,false,,,
SEND001273,CMP05,Back to Routine,C00604,email,Get back into your everyday rhythm.,2025-09-19,false,,false,,,
SEND001274,CMP01,New Year Reset,C00997,email,Start fresh with practical favorites.,2025-02-22,false,,false,,,
SEND001275,CMP04,Summer Essentials,C00859,ads,Simple essentials for warmer days.,2025-08-01,false,,false,,,
SEND001276,CMP03,Member Picks,C00323,email,Popular picks selected for you.,2025-05-14,false,,false,,,
SEND001277,CMP04,Summer Essentials,C00860,ads,Simple essentials for warmer days.,2025-06-25,false,,false,,,
SEND001278,CMP03,Member Picks,C00838,email,Popular picks selected for you.,2025-05-02,false,,false,,,
SEND001279,CMP07,Early Holiday,C00158,email,A head start on thoughtful gifting.,2025-11-25,false,,false,,,
SEND001280,CMP07,Early Holiday,C00208,email,A head start on thoughtful gifting.,2025-11-26,false,,false,,,
SEND001281,CMP03,Member Picks,C00216,email,Popular picks selected for you.,2025-05-22,false,,false,,,
SEND001282,CMP04,Summer Essentials,C00840,ads,Simple essentials for warmer days.,2025-06-07,false,,false,,,
SEND001283,CMP08,Holiday Highlights,C00092,ads,Explore customer favorites this holiday.,2025-12-22,false,,false,,,
SEND001284,CMP04,Summer Essentials,C00702,ads,Simple essentials for warmer days.,2025-06-04,false,,false,,,
SEND001285,CMP05,Back to Routine,C00767,email,Get back into your everyday rhythm.,2025-09-05,false,,false,,,
SEND001286,CMP01,New Year Reset,C00654,email,Start fresh with practical favorites.,2025-02-04,false,,false,,,
SEND001287,CMP02,Spring Refresh,C00712,ads,Refresh your routine for spring.,2025-03-07,false,,false,,,
SEND001288,CMP04,Summer Essentials,C00312,ads,Simple essentials for warmer days.,2025-06-08,false,,false,,,
SEND001289,CMP08,Holiday Highlights,C00476,ads,Explore customer favorites this holiday.,2025-11-09,false,,false,,,
SEND001290,CMP02,Spring Refresh,C00415,ads,Refresh your routine for spring.,2025-03-01,false,,false,,,
SEND001291,CMP08,Holiday Highlights,C00872,ads,Explore customer favorites this holiday.,2025-11-27,false,,false,,,
SEND001292,CMP02,Spring Refresh,C00132,ads,Refresh your routine for spring.,2025-03-22,false,,false,,,
SEND001293,CMP08,Holiday Highlights,C00670,ads,Explore customer favorites this holiday.,2025-11-08,false,,false,,,
SEND001294,CMP07,Early Holiday,C00405,email,A head start on thoughtful gifting.,2025-11-17,false,,false,,,
SEND001295,CMP05,Back to Routine,C00852,email,Get back into your everyday rhythm.,2025-08-07,false,,false,,,
SEND001296,CMP05,Back to Routine,C00622,email,Get back into your everyday rhythm.,2025-08-28,false,,false,,,
SEND001297,CMP03,Member Picks,C00299,email,Popular picks selected for you.,2025-05-22,false,,false,,,
SEND001298,CMP08,Holiday Highlights,C00552,ads,Explore customer favorites this holiday.,2025-12-16,false,,false,,,
SEND001299,CMP06,Autumn Edit,C00587,ads,Discover this season's useful upgrades.,2025-09-06,false,,false,,,
SEND001300,CMP03,Member Picks,C00743,email,Popular picks selected for you.,2025-06-12,false,,false,,,
SEND001301,CMP02,Spring Refresh,C00031,ads,Refresh your routine for spring.,2025-03-17,true,155,false,V010194,,
SEND001302,CMP02,Spring Refresh,C00660,ads,Refresh your routine for spring.,2025-04-09,false,,false,,,
SEND001303,CMP04,Summer Essentials,C00756,ads,Simple essentials for warmer days.,2025-06-19,false,,false,,,
SEND001304,CMP03,Member Picks,C00504,email,Popular picks selected for you.,2025-05-22,false,,false,,,
SEND001305,CMP06,Autumn Edit,C00371,ads,Discover this season's useful upgrades.,2025-10-14,false,,false,,,
SEND001306,CMP05,Back to Routine,C00797,email,Get back into your everyday rhythm.,2025-08-06,false,,false,,,
SEND001307,CMP01,New Year Reset,C00836,email,Start fresh with practical favorites.,2025-01-28,false,,false,,,
SEND001308,CMP07,Early Holiday,C00329,email,A head start on thoughtful gifting.,2025-11-13,false,,false,,,
SEND001309,CMP01,New Year Reset,C00028,email,Start fresh with practical favorites.,2025-01-23,false,,false,,,
SEND001310,CMP04,Summer Essentials,C00954,ads,Simple essentials for warmer days.,2025-07-06,false,,false,,,
SEND001311,CMP01,New Year Reset,C00446,email,Start fresh with practical favorites.,2025-02-14,false,,false,,,
SEND001312,CMP04,Summer Essentials,C00645,ads,Simple essentials for warmer days.,2025-07-07,false,,false,,,
SEND001313,CMP07,Early Holiday,C00097,email,A head start on thoughtful gifting.,2025-11-15,true,109,false,V010195,,
SEND001314,CMP04,Summer Essentials,C00656,ads,Simple essentials for warmer days.,2025-06-18,false,,false,,,
SEND001315,CMP01,New Year Reset,C00495,email,Start fresh with practical favorites.,2025-02-08,false,,false,,,
SEND001316,CMP02,Spring Refresh,C00344,ads,Refresh your routine for spring.,2025-03-27,false,,false,,,
SEND001317,CMP05,Back to Routine,C00570,email,Get back into your everyday rhythm.,2025-08-23,false,,false,,,
SEND001318,CMP08,Holiday Highlights,C00449,ads,Explore customer favorites this holiday.,2025-12-28,true,216,false,V010196,,
SEND001319,CMP07,Early Holiday,C00403,email,A head start on thoughtful gifting.,2025-11-08,false,,false,,,
SEND001320,CMP05,Back to Routine,C00453,email,Get back into your everyday rhythm.,2025-08-17,false,,false,,,
SEND001321,CMP03,Member Picks,C00187,email,Popular picks selected for you.,2025-05-20,false,,false,,,
SEND001322,CMP02,Spring Refresh,C00340,ads,Refresh your routine for spring.,2025-03-27,true,64,false,V010197,,
SEND001323,CMP08,Holiday Highlights,C00267,ads,Explore customer favorites this holiday.,2025-11-02,false,,false,,,
SEND001324,CMP06,Autumn Edit,C00024,ads,Discover this season's useful upgrades.,2025-10-22,false,,false,,,
SEND001325,CMP01,New Year Reset,C00540,email,Start fresh with practical favorites.,2025-02-01,false,,false,,,
SEND001326,CMP02,Spring Refresh,C00306,ads,Refresh your routine for spring.,2025-03-15,false,,false,,,
SEND001327,CMP01,New Year Reset,C00447,email,Start fresh with practical favorites.,2025-02-01,false,,false,,,
SEND001328,CMP03,Member Picks,C00294,email,Popular picks selected for you.,2025-06-10,false,,false,,,
SEND001329,CMP03,Member Picks,C00372,email,Popular picks selected for you.,2025-05-19,false,,false,,,
SEND001330,CMP07,Early Holiday,C00122,email,A head start on thoughtful gifting.,2025-11-28,false,,false,,,
SEND001331,CMP05,Back to Routine,C00255,email,Get back into your everyday rhythm.,2025-08-07,false,,false,,,
SEND001332,CMP02,Spring Refresh,C00418,ads,Refresh your routine for spring.,2025-04-21,true,259,true,V010198,T006032,68.18
SEND001333,CMP02,Spring Refresh,C00909,ads,Refresh your routine for spring.,2025-04-10,false,,false,,,
SEND001334,CMP06,Autumn Edit,C00241,ads,Discover this season's useful upgrades.,2025-10-04,false,,false,,,
SEND001335,CMP02,Spring Refresh,C00009,ads,Refresh your routine for spring.,2025-03-09,true,65,false,V010199,,
SEND001336,CMP08,Holiday Highlights,C00698,ads,Explore customer favorites this holiday.,2025-11-19,false,,false,,,
SEND001337,CMP01,New Year Reset,C00015,email,Start fresh with practical favorites.,2025-02-12,false,,false,,,
SEND001338,CMP03,Member Picks,C00775,email,Popular picks selected for you.,2025-05-11,true,41,false,V010200,,
SEND001339,CMP04,Summer Essentials,C00159,ads,Simple essentials for warmer days.,2025-07-30,false,,false,,,
SEND001340,CMP06,Autumn Edit,C00656,ads,Discover this season's useful upgrades.,2025-10-06,false,,false,,,
SEND001341,CMP04,Summer Essentials,C00173,ads,Simple essentials for warmer days.,2025-08-10,false,,false,,,
SEND001342,CMP01,New Year Reset,C00424,email,Start fresh with practical favorites.,2025-01-01,false,,false,,,
SEND001343,CMP02,Spring Refresh,C00686,ads,Refresh your routine for spring.,2025-04-25,false,,false,,,
SEND001344,CMP04,Summer Essentials,C00716,ads,Simple essentials for warmer days.,2025-06-01,false,,false,,,
SEND001345,CMP07,Early Holiday,C00158,email,A head start on thoughtful gifting.,2025-11-28,false,,false,,,
SEND001346,CMP03,Member Picks,C00742,email,Popular picks selected for you.,2025-05-04,false,,false,,,
SEND001347,CMP01,New Year Reset,C00073,email,Start fresh with practical favorites.,2025-02-24,false,,false,,,
SEND001348,CMP03,Member Picks,C00756,email,Popular picks selected for you.,2025-06-30,false,,false,,,
SEND001349,CMP07,Early Holiday,C00388,email,A head start on thoughtful gifting.,2025-11-06,false,,false,,,
SEND001350,CMP02,Spring Refresh,C00714,ads,Refresh your routine for spring.,2025-04-07,true,242,false,V010201,,
SEND001351,CMP03,Member Picks,C00870,email,Popular picks selected for you.,2025-06-12,false,,false,,,
SEND001352,CMP04,Summer Essentials,C00873,ads,Simple essentials for warmer days.,2025-07-10,false,,false,,,
SEND001353,CMP08,Holiday Highlights,C00573,ads,Explore customer favorites this holiday.,2025-12-12,false,,false,,,
SEND001354,CMP01,New Year Reset,C00091,email,Start fresh with practical favorites.,2025-02-09,false,,false,,,
SEND001355,CMP06,Autumn Edit,C00246,ads,Discover this season's useful upgrades.,2025-09-24,false,,false,,,
SEND001356,CMP03,Member Picks,C00990,email,Popular picks selected for you.,2025-06-27,false,,false,,,
SEND001357,CMP02,Spring Refresh,C00221,ads,Refresh your routine for spring.,2025-04-26,false,,false,,,
SEND001358,CMP08,Holiday Highlights,C00329,ads,Explore customer favorites this holiday.,2025-11-24,false,,false,,,
SEND001359,CMP02,Spring Refresh,C00420,ads,Refresh your routine for spring.,2025-03-18,false,,false,,,
SEND001360,CMP05,Back to Routine,C00809,email,Get back into your everyday rhythm.,2025-08-05,false,,false,,,
SEND001361,CMP01,New Year Reset,C00161,email,Start fresh with practical favorites.,2025-01-12,false,,false,,,
SEND001362,CMP02,Spring Refresh,C00699,ads,Refresh your routine for spring.,2025-03-18,false,,false,,,
SEND001363,CMP02,Spring Refresh,C00830,ads,Refresh your routine for spring.,2025-04-05,false,,false,,,
SEND001364,CMP05,Back to Routine,C00166,email,Get back into your everyday rhythm.,2025-08-22,false,,false,,,
SEND001365,CMP05,Back to Routine,C00277,email,Get back into your everyday rhythm.,2025-08-03,false,,false,,,
SEND001366,CMP07,Early Holiday,C00189,email,A head start on thoughtful gifting.,2025-11-12,false,,false,,,
SEND001367,CMP03,Member Picks,C00506,email,Popular picks selected for you.,2025-05-02,false,,false,,,
SEND001368,CMP08,Holiday Highlights,C00365,ads,Explore customer favorites this holiday.,2025-12-22,false,,false,,,
SEND001369,CMP04,Summer Essentials,C00885,ads,Simple essentials for warmer days.,2025-08-24,false,,false,,,
SEND001370,CMP03,Member Picks,C00151,email,Popular picks selected for you.,2025-05-22,false,,false,,,
SEND001371,CMP07,Early Holiday,C00383,email,A head start on thoughtful gifting.,2025-11-17,false,,false,,,
SEND001372,CMP01,New Year Reset,C00838,email,Start fresh with practical favorites.,2025-01-01,false,,false,,,
SEND001373,CMP04,Summer Essentials,C00131,ads,Simple essentials for warmer days.,2025-07-19,false,,false,,,
SEND001374,CMP05,Back to Routine,C00636,email,Get back into your everyday rhythm.,2025-09-20,true,16,false,V010202,,
SEND001375,CMP07,Early Holiday,C00800,email,A head start on thoughtful gifting.,2025-11-02,false,,false,,,
SEND001376,CMP08,Holiday Highlights,C00706,ads,Explore customer favorites this holiday.,2025-12-28,false,,false,,,
SEND001377,CMP08,Holiday Highlights,C00296,ads,Explore customer favorites this holiday.,2025-11-25,false,,false,,,
SEND001378,CMP04,Summer Essentials,C00703,ads,Simple essentials for warmer days.,2025-07-13,false,,false,,,
SEND001379,CMP02,Spring Refresh,C00968,ads,Refresh your routine for spring.,2025-04-24,true,512,false,V010203,,
SEND001380,CMP01,New Year Reset,C00518,email,Start fresh with practical favorites.,2025-02-22,false,,false,,,
SEND001381,CMP03,Member Picks,C00158,email,Popular picks selected for you.,2025-05-13,false,,false,,,
SEND001382,CMP06,Autumn Edit,C00897,ads,Discover this season's useful upgrades.,2025-09-30,false,,false,,,
SEND001383,CMP03,Member Picks,C00569,email,Popular picks selected for you.,2025-06-29,false,,false,,,
SEND001384,CMP06,Autumn Edit,C00461,ads,Discover this season's useful upgrades.,2025-10-17,false,,false,,,
SEND001385,CMP06,Autumn Edit,C00571,ads,Discover this season's useful upgrades.,2025-10-31,false,,false,,,
SEND001386,CMP07,Early Holiday,C00980,email,A head start on thoughtful gifting.,2025-11-25,false,,false,,,
SEND001387,CMP03,Member Picks,C00538,email,Popular picks selected for you.,2025-06-12,false,,false,,,
SEND001388,CMP04,Summer Essentials,C00115,ads,Simple essentials for warmer days.,2025-06-06,false,,false,,,
SEND001389,CMP05,Back to Routine,C00415,email,Get back into your everyday rhythm.,2025-08-22,false,,false,,,
SEND001390,CMP06,Autumn Edit,C00522,ads,Discover this season's useful upgrades.,2025-09-09,false,,false,,,
SEND001391,CMP05,Back to Routine,C00294,email,Get back into your everyday rhythm.,2025-08-30,false,,false,,,
SEND001392,CMP06,Autumn Edit,C00319,ads,Discover this season's useful upgrades.,2025-09-03,false,,false,,,
SEND001393,CMP08,Holiday Highlights,C00201,ads,Explore customer favorites this holiday.,2025-11-03,false,,false,,,
SEND001394,CMP02,Spring Refresh,C00874,ads,Refresh your routine for spring.,2025-04-03,false,,false,,,
SEND001395,CMP08,Holiday Highlights,C00548,ads,Explore customer favorites this holiday.,2025-12-25,false,,false,,,
SEND001396,CMP05,Back to Routine,C00578,email,Get back into your everyday rhythm.,2025-08-11,false,,false,,,
SEND001397,CMP04,Summer Essentials,C00196,ads,Simple essentials for warmer days.,2025-08-22,true,137,false,V010204,,
SEND001398,CMP07,Early Holiday,C00111,email,A head start on thoughtful gifting.,2025-11-15,false,,false,,,
SEND001399,CMP07,Early Holiday,C00199,email,A head start on thoughtful gifting.,2025-11-02,false,,false,,,
SEND001400,CMP06,Autumn Edit,C00887,ads,Discover this season's useful upgrades.,2025-10-09,true,31,false,V010205,,
SEND001401,CMP05,Back to Routine,C00652,email,Get back into your everyday rhythm.,2025-09-19,false,,false,,,
SEND001402,CMP04,Summer Essentials,C00597,ads,Simple essentials for warmer days.,2025-08-31,true,109,false,V010206,,
SEND001403,CMP06,Autumn Edit,C00745,ads,Discover this season's useful upgrades.,2025-10-04,false,,false,,,
SEND001404,CMP07,Early Holiday,C00809,email,A head start on thoughtful gifting.,2025-11-21,false,,false,,,
SEND001405,CMP01,New Year Reset,C00458,email,Start fresh with practical favorites.,2025-02-10,false,,false,,,
SEND001406,CMP03,Member Picks,C00067,email,Popular picks selected for you.,2025-05-27,false,,false,,,
SEND001407,CMP01,New Year Reset,C00307,email,Start fresh with practical favorites.,2025-01-09,false,,false,,,
SEND001408,CMP05,Back to Routine,C00952,email,Get back into your everyday rhythm.,2025-09-29,false,,false,,,
SEND001409,CMP08,Holiday Highlights,C00966,ads,Explore customer favorites this holiday.,2025-11-28,false,,false,,,
SEND001410,CMP03,Member Picks,C00097,email,Popular picks selected for you.,2025-05-27,false,,false,,,
SEND001411,CMP08,Holiday Highlights,C00248,ads,Explore customer favorites this holiday.,2025-12-26,false,,false,,,
SEND001412,CMP06,Autumn Edit,C00248,ads,Discover this season's useful upgrades.,2025-10-08,false,,false,,,
SEND001413,CMP05,Back to Routine,C00784,email,Get back into your everyday rhythm.,2025-08-21,false,,false,,,
SEND001414,CMP01,New Year Reset,C00379,email,Start fresh with practical favorites.,2025-02-17,false,,false,,,
SEND001415,CMP02,Spring Refresh,C00080,ads,Refresh your routine for spring.,2025-04-19,false,,false,,,
SEND001416,CMP04,Summer Essentials,C00277,ads,Simple essentials for warmer days.,2025-07-13,false,,false,,,
SEND001417,CMP07,Early Holiday,C00527,email,A head start on thoughtful gifting.,2025-11-07,false,,false,,,
SEND001418,CMP08,Holiday Highlights,C00103,ads,Explore customer favorites this holiday.,2025-11-17,false,,false,,,
SEND001419,CMP02,Spring Refresh,C00762,ads,Refresh your routine for spring.,2025-03-03,true,127,false,V010207,,
SEND001420,CMP03,Member Picks,C00003,email,Popular picks selected for you.,2025-06-11,false,,false,,,
SEND001421,CMP04,Summer Essentials,C00984,ads,Simple essentials for warmer days.,2025-07-02,false,,false,,,
SEND001422,CMP03,Member Picks,C00414,email,Popular picks selected for you.,2025-06-07,false,,false,,,
SEND001423,CMP03,Member Picks,C00832,email,Popular picks selected for you.,2025-05-22,false,,false,,,
SEND001424,CMP05,Back to Routine,C00091,email,Get back into your everyday rhythm.,2025-09-13,false,,false,,,
SEND001425,CMP02,Spring Refresh,C00875,ads,Refresh your routine for spring.,2025-03-31,false,,false,,,
SEND001426,CMP06,Autumn Edit,C00520,ads,Discover this season's useful upgrades.,2025-09-03,false,,false,,,
SEND001427,CMP06,Autumn Edit,C00549,ads,Discover this season's useful upgrades.,2025-09-11,false,,false,,,
SEND001428,CMP04,Summer Essentials,C00842,ads,Simple essentials for warmer days.,2025-07-13,false,,false,,,
SEND001429,CMP01,New Year Reset,C00263,email,Start fresh with practical favorites.,2025-02-27,false,,false,,,
SEND001430,CMP04,Summer Essentials,C00833,ads,Simple essentials for warmer days.,2025-06-06,false,,false,,,
SEND001431,CMP01,New Year Reset,C00232,email,Start fresh with practical favorites.,2025-01-01,false,,false,,,
SEND001432,CMP08,Holiday Highlights,C00139,ads,Explore customer favorites this holiday.,2025-11-24,false,,false,,,
SEND001433,CMP08,Holiday Highlights,C00519,ads,Explore customer favorites this holiday.,2025-11-03,false,,false,,,
SEND001434,CMP04,Summer Essentials,C00681,ads,Simple essentials for warmer days.,2025-06-29,false,,false,,,
SEND001435,CMP06,Autumn Edit,C00522,ads,Discover this season's useful upgrades.,2025-10-08,false,,false,,,
SEND001436,CMP04,Summer Essentials,C00267,ads,Simple essentials for warmer days.,2025-08-18,false,,false,,,
SEND001437,CMP01,New Year Reset,C00399,email,Start fresh with practical favorites.,2025-01-03,false,,false,,,
SEND001438,CMP04,Summer Essentials,C00983,ads,Simple essentials for warmer days.,2025-06-26,true,170,false,V010208,,
SEND001439,CMP05,Back to Routine,C00312,email,Get back into your everyday rhythm.,2025-08-30,false,,false,,,
SEND001440,CMP06,Autumn Edit,C00827,ads,Discover this season's useful upgrades.,2025-09-01,false,,false,,,
SEND001441,CMP06,Autumn Edit,C00801,ads,Discover this season's useful upgrades.,2025-10-04,false,,false,,,
SEND001442,CMP07,Early Holiday,C00040,email,A head start on thoughtful gifting.,2025-11-11,false,,false,,,
SEND001443,CMP03,Member Picks,C00887,email,Popular picks selected for you.,2025-05-11,false,,false,,,
SEND001444,CMP01,New Year Reset,C00246,email,Start fresh with practical favorites.,2025-01-04,false,,false,,,
SEND001445,CMP01,New Year Reset,C00889,email,Start fresh with practical favorites.,2025-02-22,false,,false,,,
SEND001446,CMP04,Summer Essentials,C00104,ads,Simple essentials for warmer days.,2025-07-19,false,,false,,,
SEND001447,CMP02,Spring Refresh,C00688,ads,Refresh your routine for spring.,2025-04-24,false,,false,,,
SEND001448,CMP03,Member Picks,C01000,email,Popular picks selected for you.,2025-06-05,false,,false,,,
SEND001449,CMP07,Early Holiday,C00162,email,A head start on thoughtful gifting.,2025-11-22,false,,false,,,
SEND001450,CMP03,Member Picks,C00003,email,Popular picks selected for you.,2025-06-10,false,,false,,,
SEND001451,CMP03,Member Picks,C00268,email,Popular picks selected for you.,2025-05-11,true,58,true,V010209,T006033,36.0
SEND001452,CMP03,Member Picks,C00676,email,Popular picks selected for you.,2025-05-17,false,,false,,,
SEND001453,CMP08,Holiday Highlights,C00857,ads,Explore customer favorites this holiday.,2025-12-07,false,,false,,,
SEND001454,CMP03,Member Picks,C00778,email,Popular picks selected for you.,2025-06-08,false,,false,,,
SEND001455,CMP07,Early Holiday,C00497,email,A head start on thoughtful gifting.,2025-11-06,false,,false,,,
SEND001456,CMP07,Early Holiday,C00282,email,A head start on thoughtful gifting.,2025-11-24,false,,false,,,
SEND001457,CMP08,Holiday Highlights,C00787,ads,Explore customer favorites this holiday.,2025-11-30,false,,false,,,
SEND001458,CMP05,Back to Routine,C00927,email,Get back into your everyday rhythm.,2025-08-01,true,79,false,V010210,,
SEND001459,CMP04,Summer Essentials,C00972,ads,Simple essentials for warmer days.,2025-06-16,false,,false,,,
SEND001460,CMP03,Member Picks,C00742,email,Popular picks selected for you.,2025-05-27,false,,false,,,
SEND001461,CMP07,Early Holiday,C00203,email,A head start on thoughtful gifting.,2025-11-06,false,,false,,,
SEND001462,CMP08,Holiday Highlights,C00685,ads,Explore customer favorites this holiday.,2025-12-16,false,,false,,,
SEND001463,CMP03,Member Picks,C00760,email,Popular picks selected for you.,2025-06-14,false,,false,,,
SEND001464,CMP07,Early Holiday,C00287,email,A head start on thoughtful gifting.,2025-11-06,false,,false,,,
SEND001465,CMP04,Summer Essentials,C00969,ads,Simple essentials for warmer days.,2025-06-26,false,,false,,,
SEND001466,CMP06,Autumn Edit,C00962,ads,Discover this season's useful upgrades.,2025-09-12,false,,false,,,
SEND001467,CMP07,Early Holiday,C00029,email,A head start on thoughtful gifting.,2025-11-05,true,131,false,V010211,,
SEND001468,CMP05,Back to Routine,C00285,email,Get back into your everyday rhythm.,2025-08-05,false,,false,,,
SEND001469,CMP03,Member Picks,C00605,email,Popular picks selected for you.,2025-05-17,false,,false,,,
SEND001470,CMP04,Summer Essentials,C00535,ads,Simple essentials for warmer days.,2025-08-13,false,,false,,,
SEND001471,CMP01,New Year Reset,C00357,email,Start fresh with practical favorites.,2025-01-18,true,56,false,V010212,,
SEND001472,CMP04,Summer Essentials,C00885,ads,Simple essentials for warmer days.,2025-06-27,false,,false,,,
SEND001473,CMP06,Autumn Edit,C00597,ads,Discover this season's useful upgrades.,2025-10-21,false,,false,,,
SEND001474,CMP01,New Year Reset,C00625,email,Start fresh with practical favorites.,2025-01-22,true,116,false,V010213,,
SEND001475,CMP06,Autumn Edit,C00190,ads,Discover this season's useful upgrades.,2025-10-22,true,21,true,V010214,T006034,194.58
SEND001476,CMP05,Back to Routine,C00833,email,Get back into your everyday rhythm.,2025-09-02,false,,false,,,
SEND001477,CMP06,Autumn Edit,C00478,ads,Discover this season's useful upgrades.,2025-09-11,true,115,false,V010215,,
SEND001478,CMP03,Member Picks,C00391,email,Popular picks selected for you.,2025-06-12,false,,false,,,
SEND001479,CMP01,New Year Reset,C00958,email,Start fresh with practical favorites.,2025-02-17,false,,false,,,
SEND001480,CMP05,Back to Routine,C00378,email,Get back into your everyday rhythm.,2025-09-27,false,,false,,,
SEND001481,CMP06,Autumn Edit,C00064,ads,Discover this season's useful upgrades.,2025-09-23,false,,false,,,
SEND001482,CMP03,Member Picks,C00074,email,Popular picks selected for you.,2025-05-28,false,,false,,,
SEND001483,CMP01,New Year Reset,C00520,email,Start fresh with practical favorites.,2025-02-20,false,,false,,,
SEND001484,CMP06,Autumn Edit,C00051,ads,Discover this season's useful upgrades.,2025-10-07,false,,false,,,
SEND001485,CMP05,Back to Routine,C00435,email,Get back into your everyday rhythm.,2025-08-11,false,,false,,,
SEND001486,CMP03,Member Picks,C00204,email,Popular picks selected for you.,2025-05-02,false,,false,,,
SEND001487,CMP03,Member Picks,C00231,email,Popular picks selected for you.,2025-05-27,false,,false,,,
SEND001488,CMP01,New Year Reset,C00890,email,Start fresh with practical favorites.,2025-02-14,false,,false,,,
SEND001489,CMP04,Summer Essentials,C00853,ads,Simple essentials for warmer days.,2025-08-01,false,,false,,,
SEND001490,CMP04,Summer Essentials,C00273,ads,Simple essentials for warmer days.,2025-06-16,true,102,false,V010216,,
SEND001491,CMP02,Spring Refresh,C00971,ads,Refresh your routine for spring.,2025-04-17,true,44,false,V010217,,
SEND001492,CMP07,Early Holiday,C00064,email,A head start on thoughtful gifting.,2025-11-15,false,,false,,,
SEND001493,CMP07,Early Holiday,C00168,email,A head start on thoughtful gifting.,2025-11-21,false,,false,,,
SEND001494,CMP01,New Year Reset,C00675,email,Start fresh with practical favorites.,2025-01-30,false,,false,,,
SEND001495,CMP01,New Year Reset,C00751,email,Start fresh with practical favorites.,2025-01-07,false,,false,,,
SEND001496,CMP01,New Year Reset,C00537,email,Start fresh with practical favorites.,2025-01-24,false,,false,,,
SEND001497,CMP02,Spring Refresh,C00108,ads,Refresh your routine for spring.,2025-04-17,false,,false,,,
SEND001498,CMP01,New Year Reset,C00021,email,Start fresh with practical favorites.,2025-01-18,true,155,false,V010218,,
SEND001499,CMP03,Member Picks,C00584,email,Popular picks selected for you.,2025-05-02,false,,false,,,
SEND001500,CMP07,Early Holiday,C00981,email,A head start on thoughtful gifting.,2025-11-10,false,,false,,,
SEND001501,CMP08,Holiday Highlights,C00061,ads,Explore customer favorites this holiday.,2025-11-03,false,,false,,,
SEND001502,CMP01,New Year Reset,C00077,email,Start fresh with practical favorites.,2025-02-21,false,,false,,,
SEND001503,CMP08,Holiday Highlights,C00374,ads,Explore customer favorites this holiday.,2025-12-06,false,,false,,,
SEND001504,CMP08,Holiday Highlights,C00441,ads,Explore customer favorites this holiday.,2025-12-22,true,29,true,V010219,T006035,16.9
SEND001505,CMP08,Holiday Highlights,C00469,ads,Explore customer favorites this holiday.,2025-11-04,true,206,false,V010220,,
SEND001506,CMP03,Member Picks,C00445,email,Popular picks selected for you.,2025-06-25,false,,false,,,
SEND001507,CMP06,Autumn Edit,C00770,ads,Discover this season's useful upgrades.,2025-10-10,false,,false,,,
SEND001508,CMP07,Early Holiday,C00663,email,A head start on thoughtful gifting.,2025-11-11,false,,false,,,
SEND001509,CMP03,Member Picks,C00511,email,Popular picks selected for you.,2025-06-30,false,,false,,,
SEND001510,CMP08,Holiday Highlights,C00037,ads,Explore customer favorites this holiday.,2025-11-13,true,37,true,V010221,T006036,53.31
SEND001511,CMP01,New Year Reset,C00949,email,Start fresh with practical favorites.,2025-02-05,false,,false,,,
SEND001512,CMP07,Early Holiday,C00625,email,A head start on thoughtful gifting.,2025-11-22,false,,false,,,
SEND001513,CMP04,Summer Essentials,C00833,ads,Simple essentials for warmer days.,2025-07-23,false,,false,,,
SEND001514,CMP04,Summer Essentials,C00597,ads,Simple essentials for warmer days.,2025-06-10,false,,false,,,
SEND001515,CMP05,Back to Routine,C00792,email,Get back into your everyday rhythm.,2025-09-19,false,,false,,,
SEND001516,CMP02,Spring Refresh,C00518,ads,Refresh your routine for spring.,2025-03-11,false,,false,,,
SEND001517,CMP02,Spring Refresh,C00725,ads,Refresh your routine for spring.,2025-04-20,false,,false,,,
SEND001518,CMP03,Member Picks,C00659,email,Popular picks selected for you.,2025-06-03,false,,false,,,
SEND001519,CMP06,Autumn Edit,C00079,ads,Discover this season's useful upgrades.,2025-10-16,false,,false,,,
SEND001520,CMP06,Autumn Edit,C00820,ads,Discover this season's useful upgrades.,2025-09-17,false,,false,,,
SEND001521,CMP03,Member Picks,C00046,email,Popular picks selected for you.,2025-05-26,false,,false,,,
SEND001522,CMP07,Early Holiday,C00546,email,A head start on thoughtful gifting.,2025-11-21,false,,false,,,
SEND001523,CMP02,Spring Refresh,C00286,ads,Refresh your routine for spring.,2025-04-26,false,,false,,,
SEND001524,CMP03,Member Picks,C00176,email,Popular picks selected for you.,2025-06-14,true,74,false,V010222,,
SEND001525,CMP08,Holiday Highlights,C00012,ads,Explore customer favorites this holiday.,2025-11-01,false,,false,,,
SEND001526,CMP04,Summer Essentials,C00056,ads,Simple essentials for warmer days.,2025-08-21,false,,false,,,
SEND001527,CMP04,Summer Essentials,C00225,ads,Simple essentials for warmer days.,2025-06-13,false,,false,,,
SEND001528,CMP03,Member Picks,C00576,email,Popular picks selected for you.,2025-06-12,false,,false,,,
SEND001529,CMP07,Early Holiday,C00728,email,A head start on thoughtful gifting.,2025-11-21,true,244,false,V010223,,
SEND001530,CMP07,Early Holiday,C00939,email,A head start on thoughtful gifting.,2025-11-19,true,118,false,V010224,,
SEND001531,CMP01,New Year Reset,C00422,email,Start fresh with practical favorites.,2025-02-19,false,,false,,,
SEND001532,CMP06,Autumn Edit,C00224,ads,Discover this season's useful upgrades.,2025-09-03,false,,false,,,
SEND001533,CMP07,Early Holiday,C00506,email,A head start on thoughtful gifting.,2025-11-01,false,,false,,,
SEND001534,CMP01,New Year Reset,C00662,email,Start fresh with practical favorites.,2025-02-11,false,,false,,,
SEND001535,CMP01,New Year Reset,C00624,email,Start fresh with practical favorites.,2025-02-05,false,,false,,,
SEND001536,CMP01,New Year Reset,C00370,email,Start fresh with practical favorites.,2025-02-14,false,,false,,,
SEND001537,CMP06,Autumn Edit,C00360,ads,Discover this season's useful upgrades.,2025-10-28,false,,false,,,
SEND001538,CMP05,Back to Routine,C00600,email,Get back into your everyday rhythm.,2025-09-19,false,,false,,,
SEND001539,CMP07,Early Holiday,C00068,email,A head start on thoughtful gifting.,2025-11-02,false,,false,,,
SEND001540,CMP01,New Year Reset,C00770,email,Start fresh with practical favorites.,2025-01-29,false,,false,,,
SEND001541,CMP02,Spring Refresh,C00517,ads,Refresh your routine for spring.,2025-04-17,false,,false,,,
SEND001542,CMP07,Early Holiday,C00216,email,A head start on thoughtful gifting.,2025-11-16,false,,false,,,
SEND001543,CMP02,Spring Refresh,C00858,ads,Refresh your routine for spring.,2025-03-29,false,,false,,,
SEND001544,CMP02,Spring Refresh,C00096,ads,Refresh your routine for spring.,2025-04-19,false,,false,,,
SEND001545,CMP01,New Year Reset,C00993,email,Start fresh with practical favorites.,2025-01-18,false,,false,,,
SEND001546,CMP02,Spring Refresh,C00204,ads,Refresh your routine for spring.,2025-03-22,false,,false,,,
SEND001547,CMP03,Member Picks,C00881,email,Popular picks selected for you.,2025-06-27,false,,false,,,
SEND001548,CMP07,Early Holiday,C00254,email,A head start on thoughtful gifting.,2025-11-02,false,,false,,,
SEND001549,CMP08,Holiday Highlights,C00435,ads,Explore customer favorites this holiday.,2025-11-19,false,,false,,,
SEND001550,CMP08,Holiday Highlights,C00406,ads,Explore customer favorites this holiday.,2025-12-31,false,,false,,,
SEND001551,CMP02,Spring Refresh,C00966,ads,Refresh your routine for spring.,2025-04-26,false,,false,,,
SEND001552,CMP05,Back to Routine,C00506,email,Get back into your everyday rhythm.,2025-08-13,true,23,false,V010225,,
SEND001553,CMP02,Spring Refresh,C00003,ads,Refresh your routine for spring.,2025-03-01,false,,false,,,
SEND001554,CMP03,Member Picks,C00515,email,Popular picks selected for you.,2025-06-24,false,,false,,,
SEND001555,CMP01,New Year Reset,C00415,email,Start fresh with practical favorites.,2025-02-08,true,81,false,V010226,,
SEND001556,CMP01,New Year Reset,C00087,email,Start fresh with practical favorites.,2025-02-01,false,,false,,,
SEND001557,CMP01,New Year Reset,C00614,email,Start fresh with practical favorites.,2025-01-18,false,,false,,,
SEND001558,CMP07,Early Holiday,C00724,email,A head start on thoughtful gifting.,2025-11-23,false,,false,,,
SEND001559,CMP03,Member Picks,C00707,email,Popular picks selected for you.,2025-05-30,false,,false,,,
SEND001560,CMP01,New Year Reset,C00108,email,Start fresh with practical favorites.,2025-01-22,false,,false,,,
SEND001561,CMP03,Member Picks,C00039,email,Popular picks selected for you.,2025-06-16,false,,false,,,
SEND001562,CMP05,Back to Routine,C00666,email,Get back into your everyday rhythm.,2025-09-24,false,,false,,,
SEND001563,CMP02,Spring Refresh,C00146,ads,Refresh your routine for spring.,2025-04-15,false,,false,,,
SEND001564,CMP07,Early Holiday,C00828,email,A head start on thoughtful gifting.,2025-11-29,false,,false,,,
SEND001565,CMP04,Summer Essentials,C00223,ads,Simple essentials for warmer days.,2025-08-25,false,,false,,,
SEND001566,CMP02,Spring Refresh,C00898,ads,Refresh your routine for spring.,2025-04-04,false,,false,,,
SEND001567,CMP07,Early Holiday,C00452,email,A head start on thoughtful gifting.,2025-11-03,false,,false,,,
SEND001568,CMP04,Summer Essentials,C00750,ads,Simple essentials for warmer days.,2025-08-25,false,,false,,,
SEND001569,CMP01,New Year Reset,C00790,email,Start fresh with practical favorites.,2025-02-09,true,63,false,V010227,,
SEND001570,CMP04,Summer Essentials,C00108,ads,Simple essentials for warmer days.,2025-08-23,false,,false,,,
SEND001571,CMP05,Back to Routine,C00163,email,Get back into your everyday rhythm.,2025-09-29,false,,false,,,
SEND001572,CMP06,Autumn Edit,C00816,ads,Discover this season's useful upgrades.,2025-09-11,false,,false,,,
SEND001573,CMP02,Spring Refresh,C00675,ads,Refresh your routine for spring.,2025-03-21,false,,false,,,
SEND001574,CMP07,Early Holiday,C00115,email,A head start on thoughtful gifting.,2025-11-16,true,97,true,V010228,T006037,185.52
SEND001575,CMP03,Member Picks,C00515,email,Popular picks selected for you.,2025-06-15,false,,false,,,
SEND001576,CMP03,Member Picks,C00370,email,Popular picks selected for you.,2025-06-18,false,,false,,,
SEND001577,CMP01,New Year Reset,C00720,email,Start fresh with practical favorites.,2025-02-10,false,,false,,,
SEND001578,CMP04,Summer Essentials,C00019,ads,Simple essentials for warmer days.,2025-08-13,false,,false,,,
SEND001579,CMP05,Back to Routine,C00204,email,Get back into your everyday rhythm.,2025-08-25,false,,false,,,
SEND001580,CMP02,Spring Refresh,C00024,ads,Refresh your routine for spring.,2025-03-17,false,,false,,,
SEND001581,CMP07,Early Holiday,C00141,email,A head start on thoughtful gifting.,2025-11-26,false,,false,,,
SEND001582,CMP04,Summer Essentials,C00727,ads,Simple essentials for warmer days.,2025-06-10,false,,false,,,
SEND001583,CMP08,Holiday Highlights,C00018,ads,Explore customer favorites this holiday.,2025-12-28,false,,false,,,
SEND001584,CMP05,Back to Routine,C00816,email,Get back into your everyday rhythm.,2025-09-15,false,,false,,,
SEND001585,CMP02,Spring Refresh,C00024,ads,Refresh your routine for spring.,2025-03-23,false,,false,,,
SEND001586,CMP04,Summer Essentials,C00232,ads,Simple essentials for warmer days.,2025-07-06,true,106,false,V010229,,
SEND001587,CMP04,Summer Essentials,C00214,ads,Simple essentials for warmer days.,2025-08-03,true,207,true,V010230,T006038,76.1
SEND001588,CMP01,New Year Reset,C00137,email,Start fresh with practical favorites.,2025-02-22,false,,false,,,
SEND001589,CMP01,New Year Reset,C00666,email,Start fresh with practical favorites.,2025-01-29,false,,false,,,
SEND001590,CMP01,New Year Reset,C00343,email,Start fresh with practical favorites.,2025-01-03,false,,false,,,
SEND001591,CMP07,Early Holiday,C00496,email,A head start on thoughtful gifting.,2025-11-23,false,,false,,,
SEND001592,CMP04,Summer Essentials,C00214,ads,Simple essentials for warmer days.,2025-07-20,false,,false,,,
SEND001593,CMP02,Spring Refresh,C00288,ads,Refresh your routine for spring.,2025-03-23,true,80,false,V010231,,
SEND001594,CMP03,Member Picks,C00903,email,Popular picks selected for you.,2025-06-14,false,,false,,,
SEND001595,CMP02,Spring Refresh,C00351,ads,Refresh your routine for spring.,2025-03-29,false,,false,,,
SEND001596,CMP08,Holiday Highlights,C00763,ads,Explore customer favorites this holiday.,2025-12-01,false,,false,,,
SEND001597,CMP07,Early Holiday,C00892,email,A head start on thoughtful gifting.,2025-11-01,false,,false,,,
SEND001598,CMP07,Early Holiday,C00610,email,A head start on thoughtful gifting.,2025-11-10,false,,false,,,
SEND001599,CMP03,Member Picks,C00746,email,Popular picks selected for you.,2025-05-21,false,,false,,,
SEND001600,CMP06,Autumn Edit,C00870,ads,Discover this season's useful upgrades.,2025-10-30,false,,false,,,
SEND001601,CMP04,Summer Essentials,C00457,ads,Simple essentials for warmer days.,2025-08-20,false,,false,,,
SEND001602,CMP06,Autumn Edit,C00392,ads,Discover this season's useful upgrades.,2025-09-17,false,,false,,,
SEND001603,CMP02,Spring Refresh,C00483,ads,Refresh your routine for spring.,2025-03-19,false,,false,,,
SEND001604,CMP01,New Year Reset,C00675,email,Start fresh with practical favorites.,2025-02-19,false,,false,,,
SEND001605,CMP06,Autumn Edit,C00839,ads,Discover this season's useful upgrades.,2025-10-22,false,,false,,,
SEND001606,CMP04,Summer Essentials,C00186,ads,Simple essentials for warmer days.,2025-08-25,false,,false,,,
SEND001607,CMP05,Back to Routine,C00379,email,Get back into your everyday rhythm.,2025-08-22,false,,false,,,
SEND001608,CMP04,Summer Essentials,C00313,ads,Simple essentials for warmer days.,2025-08-17,false,,false,,,
SEND001609,CMP05,Back to Routine,C00409,email,Get back into your everyday rhythm.,2025-09-10,false,,false,,,
SEND001610,CMP05,Back to Routine,C00593,email,Get back into your everyday rhythm.,2025-08-29,false,,false,,,
SEND001611,CMP07,Early Holiday,C00887,email,A head start on thoughtful gifting.,2025-11-12,false,,false,,,
SEND001612,CMP01,New Year Reset,C00678,email,Start fresh with practical favorites.,2025-01-05,false,,false,,,
SEND001613,CMP03,Member Picks,C00792,email,Popular picks selected for you.,2025-06-23,false,,false,,,
SEND001614,CMP06,Autumn Edit,C00554,ads,Discover this season's useful upgrades.,2025-10-28,false,,false,,,
SEND001615,CMP06,Autumn Edit,C00065,ads,Discover this season's useful upgrades.,2025-10-20,false,,false,,,
SEND001616,CMP05,Back to Routine,C00665,email,Get back into your everyday rhythm.,2025-08-15,false,,false,,,
SEND001617,CMP08,Holiday Highlights,C00679,ads,Explore customer favorites this holiday.,2025-12-28,false,,false,,,
SEND001618,CMP03,Member Picks,C00894,email,Popular picks selected for you.,2025-06-21,false,,false,,,
SEND001619,CMP05,Back to Routine,C00788,email,Get back into your everyday rhythm.,2025-09-22,false,,false,,,
SEND001620,CMP07,Early Holiday,C00435,email,A head start on thoughtful gifting.,2025-11-23,false,,false,,,
SEND001621,CMP01,New Year Reset,C00572,email,Start fresh with practical favorites.,2025-02-04,false,,false,,,
SEND001622,CMP05,Back to Routine,C00861,email,Get back into your everyday rhythm.,2025-09-30,false,,false,,,
SEND001623,CMP08,Holiday Highlights,C00825,ads,Explore customer favorites this holiday.,2025-11-07,false,,false,,,
SEND001624,CMP02,Spring Refresh,C00492,ads,Refresh your routine for spring.,2025-03-22,false,,false,,,
SEND001625,CMP02,Spring Refresh,C00161,ads,Refresh your routine for spring.,2025-04-17,false,,false,,,
SEND001626,CMP04,Summer Essentials,C00088,ads,Simple essentials for warmer days.,2025-08-07,false,,false,,,
SEND001627,CMP04,Summer Essentials,C00716,ads,Simple essentials for warmer days.,2025-06-10,false,,false,,,
SEND001628,CMP02,Spring Refresh,C00426,ads,Refresh your routine for spring.,2025-03-28,false,,false,,,
SEND001629,CMP07,Early Holiday,C00633,email,A head start on thoughtful gifting.,2025-11-16,false,,false,,,
SEND001630,CMP03,Member Picks,C00078,email,Popular picks selected for you.,2025-05-12,false,,false,,,
SEND001631,CMP03,Member Picks,C00186,email,Popular picks selected for you.,2025-05-17,false,,false,,,
SEND001632,CMP07,Early Holiday,C00566,email,A head start on thoughtful gifting.,2025-11-15,false,,false,,,
SEND001633,CMP08,Holiday Highlights,C00863,ads,Explore customer favorites this holiday.,2025-11-06,false,,false,,,
SEND001634,CMP03,Member Picks,C00472,email,Popular picks selected for you.,2025-05-22,false,,false,,,
SEND001635,CMP06,Autumn Edit,C00980,ads,Discover this season's useful upgrades.,2025-09-10,true,15,false,V010232,,
SEND001636,CMP08,Holiday Highlights,C00293,ads,Explore customer favorites this holiday.,2025-12-24,false,,false,,,
SEND001637,CMP06,Autumn Edit,C00355,ads,Discover this season's useful upgrades.,2025-10-04,false,,false,,,
SEND001638,CMP02,Spring Refresh,C00571,ads,Refresh your routine for spring.,2025-04-22,true,21,false,V010233,,
SEND001639,CMP04,Summer Essentials,C00999,ads,Simple essentials for warmer days.,2025-06-15,false,,false,,,
SEND001640,CMP05,Back to Routine,C00885,email,Get back into your everyday rhythm.,2025-08-21,false,,false,,,
SEND001641,CMP03,Member Picks,C00304,email,Popular picks selected for you.,2025-05-23,true,49,false,V010234,,
SEND001642,CMP01,New Year Reset,C00091,email,Start fresh with practical favorites.,2025-01-07,false,,false,,,
SEND001643,CMP06,Autumn Edit,C00462,ads,Discover this season's useful upgrades.,2025-10-20,true,125,false,V010235,,
SEND001644,CMP02,Spring Refresh,C00239,ads,Refresh your routine for spring.,2025-04-14,true,67,false,V010236,,
SEND001645,CMP04,Summer Essentials,C00821,ads,Simple essentials for warmer days.,2025-07-13,false,,false,,,
SEND001646,CMP07,Early Holiday,C00198,email,A head start on thoughtful gifting.,2025-11-28,false,,false,,,
SEND001647,CMP04,Summer Essentials,C00997,ads,Simple essentials for warmer days.,2025-07-26,false,,false,,,
SEND001648,CMP05,Back to Routine,C00853,email,Get back into your everyday rhythm.,2025-09-12,false,,false,,,
SEND001649,CMP02,Spring Refresh,C00898,ads,Refresh your routine for spring.,2025-03-02,false,,false,,,
SEND001650,CMP07,Early Holiday,C00136,email,A head start on thoughtful gifting.,2025-11-28,false,,false,,,
SEND001651,CMP07,Early Holiday,C00028,email,A head start on thoughtful gifting.,2025-11-27,true,43,false,V010237,,
SEND001652,CMP05,Back to Routine,C00458,email,Get back into your everyday rhythm.,2025-08-14,false,,false,,,
SEND001653,CMP08,Holiday Highlights,C00442,ads,Explore customer favorites this holiday.,2025-12-05,true,103,false,V010238,,
SEND001654,CMP03,Member Picks,C00524,email,Popular picks selected for you.,2025-06-16,false,,false,,,
SEND001655,CMP01,New Year Reset,C00841,email,Start fresh with practical favorites.,2025-01-07,true,254,false,V010239,,
SEND001656,CMP07,Early Holiday,C00081,email,A head start on thoughtful gifting.,2025-11-18,true,119,false,V010240,,
SEND001657,CMP06,Autumn Edit,C00886,ads,Discover this season's useful upgrades.,2025-10-14,false,,false,,,
SEND001658,CMP02,Spring Refresh,C00018,ads,Refresh your routine for spring.,2025-04-21,false,,false,,,
SEND001659,CMP05,Back to Routine,C00925,email,Get back into your everyday rhythm.,2025-08-14,false,,false,,,
SEND001660,CMP05,Back to Routine,C00506,email,Get back into your everyday rhythm.,2025-08-13,false,,false,,,
SEND001661,CMP06,Autumn Edit,C00932,ads,Discover this season's useful upgrades.,2025-09-18,false,,false,,,
SEND001662,CMP03,Member Picks,C00663,email,Popular picks selected for you.,2025-06-06,false,,false,,,
SEND001663,CMP02,Spring Refresh,C00992,ads,Refresh your routine for spring.,2025-04-08,false,,false,,,
SEND001664,CMP01,New Year Reset,C00819,email,Start fresh with practical favorites.,2025-02-08,false,,false,,,
SEND001665,CMP07,Early Holiday,C00502,email,A head start on thoughtful gifting.,2025-11-11,false,,false,,,
SEND001666,CMP06,Autumn Edit,C00862,ads,Discover this season's useful upgrades.,2025-10-07,false,,false,,,
SEND001667,CMP01,New Year Reset,C00026,email,Start fresh with practical favorites.,2025-02-26,true,153,false,V010241,,
SEND001668,CMP05,Back to Routine,C00395,email,Get back into your everyday rhythm.,2025-08-14,false,,false,,,
SEND001669,CMP05,Back to Routine,C00201,email,Get back into your everyday rhythm.,2025-09-27,false,,false,,,
SEND001670,CMP07,Early Holiday,C00871,email,A head start on thoughtful gifting.,2025-11-02,false,,false,,,
SEND001671,CMP01,New Year Reset,C00824,email,Start fresh with practical favorites.,2025-01-23,false,,false,,,
SEND001672,CMP03,Member Picks,C00443,email,Popular picks selected for you.,2025-06-29,false,,false,,,
SEND001673,CMP01,New Year Reset,C00760,email,Start fresh with practical favorites.,2025-02-25,false,,false,,,
SEND001674,CMP07,Early Holiday,C00272,email,A head start on thoughtful gifting.,2025-11-09,false,,false,,,
SEND001675,CMP07,Early Holiday,C00100,email,A head start on thoughtful gifting.,2025-11-19,false,,false,,,
SEND001676,CMP06,Autumn Edit,C00864,ads,Discover this season's useful upgrades.,2025-10-28,false,,false,,,
SEND001677,CMP05,Back to Routine,C00689,email,Get back into your everyday rhythm.,2025-08-07,false,,false,,,
SEND001678,CMP02,Spring Refresh,C00204,ads,Refresh your routine for spring.,2025-04-10,false,,false,,,
SEND001679,CMP07,Early Holiday,C00076,email,A head start on thoughtful gifting.,2025-11-27,false,,false,,,
SEND001680,CMP06,Autumn Edit,C00640,ads,Discover this season's useful upgrades.,2025-09-10,false,,false,,,
SEND001681,CMP07,Early Holiday,C00693,email,A head start on thoughtful gifting.,2025-11-17,true,125,false,V010242,,
SEND001682,CMP03,Member Picks,C00677,email,Popular picks selected for you.,2025-05-21,false,,false,,,
SEND001683,CMP08,Holiday Highlights,C00333,ads,Explore customer favorites this holiday.,2025-12-03,false,,false,,,
SEND001684,CMP01,New Year Reset,C00558,email,Start fresh with practical favorites.,2025-01-13,false,,false,,,
SEND001685,CMP02,Spring Refresh,C00770,ads,Refresh your routine for spring.,2025-03-10,false,,false,,,
SEND001686,CMP05,Back to Routine,C00420,email,Get back into your everyday rhythm.,2025-09-03,false,,false,,,
SEND001687,CMP08,Holiday Highlights,C00533,ads,Explore customer favorites this holiday.,2025-12-31,false,,false,,,
SEND001688,CMP06,Autumn Edit,C00023,ads,Discover this season's useful upgrades.,2025-10-15,false,,false,,,
SEND001689,CMP02,Spring Refresh,C00059,ads,Refresh your routine for spring.,2025-04-05,false,,false,,,
SEND001690,CMP08,Holiday Highlights,C00077,ads,Explore customer favorites this holiday.,2025-12-27,true,16,false,V010243,,
SEND001691,CMP04,Summer Essentials,C00139,ads,Simple essentials for warmer days.,2025-08-25,false,,false,,,
SEND001692,CMP05,Back to Routine,C00743,email,Get back into your everyday rhythm.,2025-09-13,false,,false,,,
SEND001693,CMP07,Early Holiday,C00717,email,A head start on thoughtful gifting.,2025-11-05,false,,false,,,
SEND001694,CMP02,Spring Refresh,C00276,ads,Refresh your routine for spring.,2025-04-29,false,,false,,,
SEND001695,CMP08,Holiday Highlights,C00799,ads,Explore customer favorites this holiday.,2025-11-04,false,,false,,,
SEND001696,CMP03,Member Picks,C00678,email,Popular picks selected for you.,2025-05-08,false,,false,,,
SEND001697,CMP07,Early Holiday,C00826,email,A head start on thoughtful gifting.,2025-11-04,false,,false,,,
SEND001698,CMP04,Summer Essentials,C00993,ads,Simple essentials for warmer days.,2025-06-21,false,,false,,,
SEND001699,CMP06,Autumn Edit,C00768,ads,Discover this season's useful upgrades.,2025-10-30,false,,false,,,
SEND001700,CMP03,Member Picks,C00079,email,Popular picks selected for you.,2025-05-08,false,,false,,,
SEND001701,CMP05,Back to Routine,C00578,email,Get back into your everyday rhythm.,2025-09-03,false,,false,,,
SEND001702,CMP02,Spring Refresh,C00002,ads,Refresh your routine for spring.,2025-03-05,false,,false,,,
SEND001703,CMP02,Spring Refresh,C00024,ads,Refresh your routine for spring.,2025-03-27,false,,false,,,
SEND001704,CMP07,Early Holiday,C00378,email,A head start on thoughtful gifting.,2025-11-21,false,,false,,,
SEND001705,CMP04,Summer Essentials,C00745,ads,Simple essentials for warmer days.,2025-07-20,true,54,false,V010244,,
SEND001706,CMP01,New Year Reset,C00679,email,Start fresh with practical favorites.,2025-01-21,false,,false,,,
SEND001707,CMP01,New Year Reset,C00748,email,Start fresh with practical favorites.,2025-01-22,false,,false,,,
SEND001708,CMP05,Back to Routine,C00926,email,Get back into your everyday rhythm.,2025-08-11,true,99,false,V010245,,
SEND001709,CMP03,Member Picks,C00503,email,Popular picks selected for you.,2025-05-30,false,,false,,,
SEND001710,CMP06,Autumn Edit,C00853,ads,Discover this season's useful upgrades.,2025-10-08,false,,false,,,
SEND001711,CMP02,Spring Refresh,C00472,ads,Refresh your routine for spring.,2025-03-24,false,,false,,,
SEND001712,CMP06,Autumn Edit,C00366,ads,Discover this season's useful upgrades.,2025-09-11,false,,false,,,
SEND001713,CMP03,Member Picks,C00144,email,Popular picks selected for you.,2025-05-07,false,,false,,,
SEND001714,CMP08,Holiday Highlights,C00271,ads,Explore customer favorites this holiday.,2025-12-30,false,,false,,,
SEND001715,CMP03,Member Picks,C00680,email,Popular picks selected for you.,2025-05-02,false,,false,,,
SEND001716,CMP03,Member Picks,C00470,email,Popular picks selected for you.,2025-05-25,false,,false,,,
SEND001717,CMP05,Back to Routine,C00737,email,Get back into your everyday rhythm.,2025-08-10,false,,false,,,
SEND001718,CMP02,Spring Refresh,C00529,ads,Refresh your routine for spring.,2025-03-16,false,,false,,,
SEND001719,CMP03,Member Picks,C00389,email,Popular picks selected for you.,2025-06-16,true,166,false,V010246,,
SEND001720,CMP03,Member Picks,C00315,email,Popular picks selected for you.,2025-05-06,false,,false,,,
SEND001721,CMP01,New Year Reset,C00695,email,Start fresh with practical favorites.,2025-02-24,false,,false,,,
SEND001722,CMP03,Member Picks,C00757,email,Popular picks selected for you.,2025-06-27,false,,false,,,
SEND001723,CMP07,Early Holiday,C00130,email,A head start on thoughtful gifting.,2025-11-02,false,,false,,,
SEND001724,CMP08,Holiday Highlights,C00958,ads,Explore customer favorites this holiday.,2025-12-10,false,,false,,,
SEND001725,CMP03,Member Picks,C00713,email,Popular picks selected for you.,2025-05-23,false,,false,,,
SEND001726,CMP02,Spring Refresh,C00314,ads,Refresh your routine for spring.,2025-03-05,true,79,false,V010247,,
SEND001727,CMP04,Summer Essentials,C00413,ads,Simple essentials for warmer days.,2025-06-28,false,,false,,,
SEND001728,CMP02,Spring Refresh,C00454,ads,Refresh your routine for spring.,2025-04-28,false,,false,,,
SEND001729,CMP06,Autumn Edit,C00049,ads,Discover this season's useful upgrades.,2025-10-11,true,193,true,V010248,T006039,66.48
SEND001730,CMP04,Summer Essentials,C00229,ads,Simple essentials for warmer days.,2025-08-23,false,,false,,,
SEND001731,CMP05,Back to Routine,C00088,email,Get back into your everyday rhythm.,2025-08-15,false,,false,,,
SEND001732,CMP07,Early Holiday,C00077,email,A head start on thoughtful gifting.,2025-11-13,false,,false,,,
SEND001733,CMP05,Back to Routine,C00315,email,Get back into your everyday rhythm.,2025-09-28,false,,false,,,
SEND001734,CMP02,Spring Refresh,C00118,ads,Refresh your routine for spring.,2025-04-08,false,,false,,,
SEND001735,CMP02,Spring Refresh,C00920,ads,Refresh your routine for spring.,2025-04-20,false,,false,,,
SEND001736,CMP03,Member Picks,C00465,email,Popular picks selected for you.,2025-05-16,false,,false,,,
SEND001737,CMP06,Autumn Edit,C00330,ads,Discover this season's useful upgrades.,2025-10-30,false,,false,,,
SEND001738,CMP03,Member Picks,C00309,email,Popular picks selected for you.,2025-05-14,false,,false,,,
SEND001739,CMP05,Back to Routine,C00348,email,Get back into your everyday rhythm.,2025-09-15,false,,false,,,
SEND001740,CMP05,Back to Routine,C00071,email,Get back into your everyday rhythm.,2025-08-30,false,,false,,,
SEND001741,CMP01,New Year Reset,C00532,email,Start fresh with practical favorites.,2025-01-23,false,,false,,,
SEND001742,CMP08,Holiday Highlights,C00911,ads,Explore customer favorites this holiday.,2025-12-04,false,,false,,,
SEND001743,CMP08,Holiday Highlights,C00160,ads,Explore customer favorites this holiday.,2025-12-23,false,,false,,,
SEND001744,CMP05,Back to Routine,C00283,email,Get back into your everyday rhythm.,2025-09-29,false,,false,,,
SEND001745,CMP07,Early Holiday,C00400,email,A head start on thoughtful gifting.,2025-11-02,false,,false,,,
SEND001746,CMP08,Holiday Highlights,C00753,ads,Explore customer favorites this holiday.,2025-11-08,false,,false,,,
SEND001747,CMP03,Member Picks,C00539,email,Popular picks selected for you.,2025-06-17,false,,false,,,
SEND001748,CMP08,Holiday Highlights,C00844,ads,Explore customer favorites this holiday.,2025-11-30,false,,false,,,
SEND001749,CMP05,Back to Routine,C00759,email,Get back into your everyday rhythm.,2025-08-24,false,,false,,,
SEND001750,CMP02,Spring Refresh,C00249,ads,Refresh your routine for spring.,2025-04-10,false,,false,,,
SEND001751,CMP07,Early Holiday,C00326,email,A head start on thoughtful gifting.,2025-11-16,false,,false,,,
SEND001752,CMP06,Autumn Edit,C00811,ads,Discover this season's useful upgrades.,2025-09-18,false,,false,,,
SEND001753,CMP08,Holiday Highlights,C00678,ads,Explore customer favorites this holiday.,2025-12-09,false,,false,,,
SEND001754,CMP01,New Year Reset,C00616,email,Start fresh with practical favorites.,2025-01-31,false,,false,,,
SEND001755,CMP06,Autumn Edit,C00647,ads,Discover this season's useful upgrades.,2025-09-22,true,25,false,V010249,,
SEND001756,CMP03,Member Picks,C00360,email,Popular picks selected for you.,2025-05-07,false,,false,,,
SEND001757,CMP08,Holiday Highlights,C00392,ads,Explore customer favorites this holiday.,2025-12-15,true,37,false,V010250,,
SEND001758,CMP06,Autumn Edit,C00296,ads,Discover this season's useful upgrades.,2025-09-28,false,,false,,,
SEND001759,CMP03,Member Picks,C00935,email,Popular picks selected for you.,2025-06-18,false,,false,,,
SEND001760,CMP03,Member Picks,C00159,email,Popular picks selected for you.,2025-06-20,false,,false,,,
SEND001761,CMP01,New Year Reset,C00075,email,Start fresh with practical favorites.,2025-01-27,false,,false,,,
SEND001762,CMP07,Early Holiday,C00166,email,A head start on thoughtful gifting.,2025-11-11,true,379,false,V010251,,
SEND001763,CMP04,Summer Essentials,C00974,ads,Simple essentials for warmer days.,2025-07-27,true,41,false,V010252,,
SEND001764,CMP06,Autumn Edit,C00433,ads,Discover this season's useful upgrades.,2025-09-03,false,,false,,,
SEND001765,CMP06,Autumn Edit,C00117,ads,Discover this season's useful upgrades.,2025-10-29,false,,false,,,
SEND001766,CMP04,Summer Essentials,C00130,ads,Simple essentials for warmer days.,2025-07-21,false,,false,,,
SEND001767,CMP01,New Year Reset,C00928,email,Start fresh with practical favorites.,2025-02-21,false,,false,,,
SEND001768,CMP07,Early Holiday,C00551,email,A head start on thoughtful gifting.,2025-11-16,true,37,false,V010253,,
SEND001769,CMP03,Member Picks,C00605,email,Popular picks selected for you.,2025-06-26,true,94,false,V010254,,
SEND001770,CMP01,New Year Reset,C00184,email,Start fresh with practical favorites.,2025-02-01,false,,false,,,
SEND001771,CMP01,New Year Reset,C00809,email,Start fresh with practical favorites.,2025-01-30,false,,false,,,
SEND001772,CMP06,Autumn Edit,C00260,ads,Discover this season's useful upgrades.,2025-10-29,false,,false,,,
SEND001773,CMP05,Back to Routine,C00955,email,Get back into your everyday rhythm.,2025-08-11,false,,false,,,
SEND001774,CMP07,Early Holiday,C00793,email,A head start on thoughtful gifting.,2025-11-29,false,,false,,,
SEND001775,CMP04,Summer Essentials,C00462,ads,Simple essentials for warmer days.,2025-08-04,false,,false,,,
SEND001776,CMP04,Summer Essentials,C00066,ads,Simple essentials for warmer days.,2025-06-05,false,,false,,,
SEND001777,CMP04,Summer Essentials,C00155,ads,Simple essentials for warmer days.,2025-08-07,false,,false,,,
SEND001778,CMP08,Holiday Highlights,C00216,ads,Explore customer favorites this holiday.,2025-12-02,false,,false,,,
SEND001779,CMP01,New Year Reset,C00822,email,Start fresh with practical favorites.,2025-01-26,false,,false,,,
SEND001780,CMP07,Early Holiday,C00564,email,A head start on thoughtful gifting.,2025-11-18,true,148,false,V010255,,
SEND001781,CMP04,Summer Essentials,C00600,ads,Simple essentials for warmer days.,2025-06-26,false,,false,,,
SEND001782,CMP05,Back to Routine,C00124,email,Get back into your everyday rhythm.,2025-09-12,false,,false,,,
SEND001783,CMP01,New Year Reset,C00763,email,Start fresh with practical favorites.,2025-01-20,false,,false,,,
SEND001784,CMP07,Early Holiday,C00989,email,A head start on thoughtful gifting.,2025-11-22,false,,false,,,
SEND001785,CMP02,Spring Refresh,C00301,ads,Refresh your routine for spring.,2025-04-07,false,,false,,,
SEND001786,CMP08,Holiday Highlights,C00502,ads,Explore customer favorites this holiday.,2025-12-26,false,,false,,,
SEND001787,CMP01,New Year Reset,C00947,email,Start fresh with practical favorites.,2025-01-22,false,,false,,,
SEND001788,CMP03,Member Picks,C00852,email,Popular picks selected for you.,2025-05-16,false,,false,,,
SEND001789,CMP07,Early Holiday,C00281,email,A head start on thoughtful gifting.,2025-11-22,false,,false,,,
SEND001790,CMP01,New Year Reset,C00407,email,Start fresh with practical favorites.,2025-01-19,false,,false,,,
SEND001791,CMP02,Spring Refresh,C00089,ads,Refresh your routine for spring.,2025-04-07,false,,false,,,
SEND001792,CMP04,Summer Essentials,C00403,ads,Simple essentials for warmer days.,2025-06-23,false,,false,,,
SEND001793,CMP02,Spring Refresh,C00073,ads,Refresh your routine for spring.,2025-03-05,false,,false,,,
SEND001794,CMP03,Member Picks,C00356,email,Popular picks selected for you.,2025-06-13,false,,false,,,
SEND001795,CMP05,Back to Routine,C00416,email,Get back into your everyday rhythm.,2025-09-30,false,,false,,,
SEND001796,CMP03,Member Picks,C00622,email,Popular picks selected for you.,2025-06-29,false,,false,,,
SEND001797,CMP06,Autumn Edit,C00454,ads,Discover this season's useful upgrades.,2025-10-21,false,,false,,,
SEND001798,CMP07,Early Holiday,C00502,email,A head start on thoughtful gifting.,2025-11-12,true,492,false,V010256,,
SEND001799,CMP04,Summer Essentials,C00898,ads,Simple essentials for warmer days.,2025-07-26,false,,false,,,
SEND001800,CMP05,Back to Routine,C00241,email,Get back into your everyday rhythm.,2025-08-04,false,,false,,,
SEND001801,CMP04,Summer Essentials,C00484,ads,Simple essentials for warmer days.,2025-07-21,false,,false,,,
SEND001802,CMP03,Member Picks,C00591,email,Popular picks selected for you.,2025-06-24,false,,false,,,
SEND001803,CMP01,New Year Reset,C00531,email,Start fresh with practical favorites.,2025-02-04,false,,false,,,
SEND001804,CMP04,Summer Essentials,C00344,ads,Simple essentials for warmer days.,2025-06-07,false,,false,,,
SEND001805,CMP01,New Year Reset,C00374,email,Start fresh with practical favorites.,2025-02-09,false,,false,,,
SEND001806,CMP08,Holiday Highlights,C00288,ads,Explore customer favorites this holiday.,2025-12-26,false,,false,,,
SEND001807,CMP04,Summer Essentials,C00917,ads,Simple essentials for warmer days.,2025-07-28,false,,false,,,
SEND001808,CMP08,Holiday Highlights,C00222,ads,Explore customer favorites this holiday.,2025-11-19,false,,false,,,
SEND001809,CMP03,Member Picks,C00234,email,Popular picks selected for you.,2025-06-10,false,,false,,,
SEND001810,CMP05,Back to Routine,C00516,email,Get back into your everyday rhythm.,2025-09-25,false,,false,,,
SEND001811,CMP03,Member Picks,C00427,email,Popular picks selected for you.,2025-06-09,false,,false,,,
SEND001812,CMP04,Summer Essentials,C00405,ads,Simple essentials for warmer days.,2025-06-19,true,74,false,V010257,,
SEND001813,CMP07,Early Holiday,C00108,email,A head start on thoughtful gifting.,2025-11-30,false,,false,,,
SEND001814,CMP01,New Year Reset,C00519,email,Start fresh with practical favorites.,2025-02-08,false,,false,,,
SEND001815,CMP04,Summer Essentials,C00640,ads,Simple essentials for warmer days.,2025-06-30,false,,false,,,
SEND001816,CMP05,Back to Routine,C00276,email,Get back into your everyday rhythm.,2025-08-22,false,,false,,,
SEND001817,CMP03,Member Picks,C00266,email,Popular picks selected for you.,2025-05-25,false,,false,,,
SEND001818,CMP08,Holiday Highlights,C00728,ads,Explore customer favorites this holiday.,2025-11-12,false,,false,,,
SEND001819,CMP04,Summer Essentials,C00357,ads,Simple essentials for warmer days.,2025-06-19,false,,false,,,
SEND001820,CMP04,Summer Essentials,C00886,ads,Simple essentials for warmer days.,2025-06-24,false,,false,,,
SEND001821,CMP02,Spring Refresh,C00099,ads,Refresh your routine for spring.,2025-04-15,false,,false,,,
SEND001822,CMP02,Spring Refresh,C00800,ads,Refresh your routine for spring.,2025-03-28,false,,false,,,
SEND001823,CMP06,Autumn Edit,C00304,ads,Discover this season's useful upgrades.,2025-10-27,false,,false,,,
SEND001824,CMP01,New Year Reset,C00833,email,Start fresh with practical favorites.,2025-02-17,false,,false,,,
SEND001825,CMP07,Early Holiday,C00153,email,A head start on thoughtful gifting.,2025-11-13,false,,false,,,
SEND001826,CMP02,Spring Refresh,C01000,ads,Refresh your routine for spring.,2025-04-02,false,,false,,,
SEND001827,CMP08,Holiday Highlights,C00004,ads,Explore customer favorites this holiday.,2025-11-10,false,,false,,,
SEND001828,CMP05,Back to Routine,C00090,email,Get back into your everyday rhythm.,2025-08-26,false,,false,,,
SEND001829,CMP04,Summer Essentials,C00421,ads,Simple essentials for warmer days.,2025-07-26,false,,false,,,
SEND001830,CMP02,Spring Refresh,C00928,ads,Refresh your routine for spring.,2025-03-25,false,,false,,,
SEND001831,CMP06,Autumn Edit,C00895,ads,Discover this season's useful upgrades.,2025-09-23,false,,false,,,
SEND001832,CMP07,Early Holiday,C00965,email,A head start on thoughtful gifting.,2025-11-27,false,,false,,,
SEND001833,CMP03,Member Picks,C00189,email,Popular picks selected for you.,2025-05-13,false,,false,,,
SEND001834,CMP06,Autumn Edit,C00588,ads,Discover this season's useful upgrades.,2025-10-14,false,,false,,,
SEND001835,CMP05,Back to Routine,C00005,email,Get back into your everyday rhythm.,2025-08-13,false,,false,,,
SEND001836,CMP02,Spring Refresh,C00622,ads,Refresh your routine for spring.,2025-04-24,false,,false,,,
SEND001837,CMP08,Holiday Highlights,C00480,ads,Explore customer favorites this holiday.,2025-12-19,false,,false,,,
SEND001838,CMP02,Spring Refresh,C00149,ads,Refresh your routine for spring.,2025-04-24,false,,false,,,
SEND001839,CMP08,Holiday Highlights,C00111,ads,Explore customer favorites this holiday.,2025-11-13,true,452,false,V010258,,
SEND001840,CMP02,Spring Refresh,C00335,ads,Refresh your routine for spring.,2025-03-03,false,,false,,,
SEND001841,CMP06,Autumn Edit,C00243,ads,Discover this season's useful upgrades.,2025-09-01,false,,false,,,
SEND001842,CMP01,New Year Reset,C00104,email,Start fresh with practical favorites.,2025-01-20,false,,false,,,
SEND001843,CMP04,Summer Essentials,C00989,ads,Simple essentials for warmer days.,2025-07-11,false,,false,,,
SEND001844,CMP05,Back to Routine,C00726,email,Get back into your everyday rhythm.,2025-08-15,false,,false,,,
SEND001845,CMP02,Spring Refresh,C00690,ads,Refresh your routine for spring.,2025-04-27,false,,false,,,
SEND001846,CMP06,Autumn Edit,C00778,ads,Discover this season's useful upgrades.,2025-09-17,true,69,false,V010259,,
SEND001847,CMP06,Autumn Edit,C00171,ads,Discover this season's useful upgrades.,2025-09-20,false,,false,,,
SEND001848,CMP03,Member Picks,C00988,email,Popular picks selected for you.,2025-06-14,true,404,false,V010260,,
SEND001849,CMP05,Back to Routine,C00525,email,Get back into your everyday rhythm.,2025-08-23,false,,false,,,
SEND001850,CMP02,Spring Refresh,C00978,ads,Refresh your routine for spring.,2025-04-18,false,,false,,,
SEND001851,CMP03,Member Picks,C00438,email,Popular picks selected for you.,2025-05-24,false,,false,,,
SEND001852,CMP05,Back to Routine,C00943,email,Get back into your everyday rhythm.,2025-08-21,false,,false,,,
SEND001853,CMP07,Early Holiday,C00223,email,A head start on thoughtful gifting.,2025-11-04,false,,false,,,
SEND001854,CMP07,Early Holiday,C00870,email,A head start on thoughtful gifting.,2025-11-03,false,,false,,,
SEND001855,CMP04,Summer Essentials,C00280,ads,Simple essentials for warmer days.,2025-06-29,true,480,false,V010261,,
SEND001856,CMP01,New Year Reset,C00496,email,Start fresh with practical favorites.,2025-01-27,false,,false,,,
SEND001857,CMP02,Spring Refresh,C00246,ads,Refresh your routine for spring.,2025-03-12,false,,false,,,
SEND001858,CMP05,Back to Routine,C00610,email,Get back into your everyday rhythm.,2025-09-24,false,,false,,,
SEND001859,CMP03,Member Picks,C00462,email,Popular picks selected for you.,2025-06-08,false,,false,,,
SEND001860,CMP02,Spring Refresh,C00280,ads,Refresh your routine for spring.,2025-04-05,false,,false,,,
SEND001861,CMP02,Spring Refresh,C00775,ads,Refresh your routine for spring.,2025-04-11,false,,false,,,
SEND001862,CMP08,Holiday Highlights,C00648,ads,Explore customer favorites this holiday.,2025-11-21,false,,false,,,
SEND001863,CMP08,Holiday Highlights,C00265,ads,Explore customer favorites this holiday.,2025-11-17,false,,false,,,
SEND001864,CMP03,Member Picks,C00841,email,Popular picks selected for you.,2025-06-10,false,,false,,,
SEND001865,CMP06,Autumn Edit,C00998,ads,Discover this season's useful upgrades.,2025-09-21,false,,false,,,
SEND001866,CMP02,Spring Refresh,C00445,ads,Refresh your routine for spring.,2025-03-19,false,,false,,,
SEND001867,CMP05,Back to Routine,C00953,email,Get back into your everyday rhythm.,2025-08-04,false,,false,,,
SEND001868,CMP08,Holiday Highlights,C00388,ads,Explore customer favorites this holiday.,2025-11-22,false,,false,,,
SEND001869,CMP01,New Year Reset,C00648,email,Start fresh with practical favorites.,2025-02-07,false,,false,,,
SEND001870,CMP01,New Year Reset,C00676,email,Start fresh with practical favorites.,2025-02-09,false,,false,,,
SEND001871,CMP04,Summer Essentials,C00058,ads,Simple essentials for warmer days.,2025-08-05,false,,false,,,
SEND001872,CMP03,Member Picks,C00536,email,Popular picks selected for you.,2025-05-13,false,,false,,,
SEND001873,CMP08,Holiday Highlights,C00438,ads,Explore customer favorites this holiday.,2025-12-03,false,,false,,,
SEND001874,CMP06,Autumn Edit,C00956,ads,Discover this season's useful upgrades.,2025-10-05,false,,false,,,
SEND001875,CMP08,Holiday Highlights,C00111,ads,Explore customer favorites this holiday.,2025-12-27,false,,false,,,
SEND001876,CMP07,Early Holiday,C00525,email,A head start on thoughtful gifting.,2025-11-23,false,,false,,,
SEND001877,CMP05,Back to Routine,C00730,email,Get back into your everyday rhythm.,2025-08-15,false,,false,,,
SEND001878,CMP08,Holiday Highlights,C00181,ads,Explore customer favorites this holiday.,2025-11-07,false,,false,,,
SEND001879,CMP06,Autumn Edit,C00448,ads,Discover this season's useful upgrades.,2025-10-26,false,,false,,,
SEND001880,CMP06,Autumn Edit,C00341,ads,Discover this season's useful upgrades.,2025-09-13,false,,false,,,
SEND001881,CMP06,Autumn Edit,C00436,ads,Discover this season's useful upgrades.,2025-10-03,true,51,true,V010262,T006040,153.7
SEND001882,CMP05,Back to Routine,C00643,email,Get back into your everyday rhythm.,2025-08-08,false,,false,,,
SEND001883,CMP05,Back to Routine,C00632,email,Get back into your everyday rhythm.,2025-09-28,false,,false,,,
SEND001884,CMP05,Back to Routine,C00122,email,Get back into your everyday rhythm.,2025-08-11,false,,false,,,
SEND001885,CMP01,New Year Reset,C00895,email,Start fresh with practical favorites.,2025-02-07,false,,false,,,
SEND001886,CMP03,Member Picks,C00932,email,Popular picks selected for you.,2025-06-05,false,,false,,,
SEND001887,CMP01,New Year Reset,C00317,email,Start fresh with practical favorites.,2025-02-19,false,,false,,,
SEND001888,CMP08,Holiday Highlights,C00652,ads,Explore customer favorites this holiday.,2025-12-30,false,,false,,,
SEND001889,CMP07,Early Holiday,C00473,email,A head start on thoughtful gifting.,2025-11-13,false,,false,,,
SEND001890,CMP08,Holiday Highlights,C00988,ads,Explore customer favorites this holiday.,2025-12-21,false,,false,,,
SEND001891,CMP08,Holiday Highlights,C00623,ads,Explore customer favorites this holiday.,2025-11-21,false,,false,,,
SEND001892,CMP06,Autumn Edit,C00405,ads,Discover this season's useful upgrades.,2025-10-20,false,,false,,,
SEND001893,CMP01,New Year Reset,C00290,email,Start fresh with practical favorites.,2025-02-01,false,,false,,,
SEND001894,CMP07,Early Holiday,C00974,email,A head start on thoughtful gifting.,2025-11-04,true,89,false,V010263,,
SEND001895,CMP04,Summer Essentials,C00776,ads,Simple essentials for warmer days.,2025-08-19,false,,false,,,
SEND001896,CMP02,Spring Refresh,C00046,ads,Refresh your routine for spring.,2025-04-20,false,,false,,,
SEND001897,CMP08,Holiday Highlights,C00691,ads,Explore customer favorites this holiday.,2025-11-12,true,64,false,V010264,,
SEND001898,CMP08,Holiday Highlights,C00628,ads,Explore customer favorites this holiday.,2025-11-23,false,,false,,,
SEND001899,CMP05,Back to Routine,C00951,email,Get back into your everyday rhythm.,2025-08-19,false,,false,,,
SEND001900,CMP04,Summer Essentials,C00844,ads,Simple essentials for warmer days.,2025-08-21,false,,false,,,
SEND001901,CMP07,Early Holiday,C00888,email,A head start on thoughtful gifting.,2025-11-11,false,,false,,,
SEND001902,CMP04,Summer Essentials,C00298,ads,Simple essentials for warmer days.,2025-06-07,false,,false,,,
SEND001903,CMP07,Early Holiday,C00121,email,A head start on thoughtful gifting.,2025-11-26,false,,false,,,
SEND001904,CMP05,Back to Routine,C00678,email,Get back into your everyday rhythm.,2025-09-21,false,,false,,,
SEND001905,CMP04,Summer Essentials,C00580,ads,Simple essentials for warmer days.,2025-07-08,false,,false,,,
SEND001906,CMP04,Summer Essentials,C00496,ads,Simple essentials for warmer days.,2025-06-27,false,,false,,,
SEND001907,CMP01,New Year Reset,C00769,email,Start fresh with practical favorites.,2025-02-18,false,,false,,,
SEND001908,CMP03,Member Picks,C00561,email,Popular picks selected for you.,2025-06-23,false,,false,,,
SEND001909,CMP07,Early Holiday,C00095,email,A head start on thoughtful gifting.,2025-11-22,false,,false,,,
SEND001910,CMP04,Summer Essentials,C00169,ads,Simple essentials for warmer days.,2025-06-09,false,,false,,,
SEND001911,CMP02,Spring Refresh,C00682,ads,Refresh your routine for spring.,2025-04-13,false,,false,,,
SEND001912,CMP01,New Year Reset,C00822,email,Start fresh with practical favorites.,2025-01-10,false,,false,,,
SEND001913,CMP07,Early Holiday,C00247,email,A head start on thoughtful gifting.,2025-11-19,false,,false,,,
SEND001914,CMP06,Autumn Edit,C00144,ads,Discover this season's useful upgrades.,2025-09-29,false,,false,,,
SEND001915,CMP05,Back to Routine,C00434,email,Get back into your everyday rhythm.,2025-08-18,false,,false,,,
SEND001916,CMP04,Summer Essentials,C00698,ads,Simple essentials for warmer days.,2025-07-15,false,,false,,,
SEND001917,CMP07,Early Holiday,C00536,email,A head start on thoughtful gifting.,2025-11-08,false,,false,,,
SEND001918,CMP01,New Year Reset,C00314,email,Start fresh with practical favorites.,2025-02-12,false,,false,,,
SEND001919,CMP03,Member Picks,C00638,email,Popular picks selected for you.,2025-05-04,false,,false,,,
SEND001920,CMP05,Back to Routine,C00078,email,Get back into your everyday rhythm.,2025-08-21,true,158,false,V010265,,
SEND001921,CMP04,Summer Essentials,C00631,ads,Simple essentials for warmer days.,2025-08-18,false,,false,,,
SEND001922,CMP02,Spring Refresh,C00963,ads,Refresh your routine for spring.,2025-03-02,false,,false,,,
SEND001923,CMP03,Member Picks,C00219,email,Popular picks selected for you.,2025-05-29,false,,false,,,
SEND001924,CMP05,Back to Routine,C00971,email,Get back into your everyday rhythm.,2025-09-04,false,,false,,,
SEND001925,CMP07,Early Holiday,C00591,email,A head start on thoughtful gifting.,2025-11-13,false,,false,,,
SEND001926,CMP06,Autumn Edit,C00986,ads,Discover this season's useful upgrades.,2025-10-06,false,,false,,,
SEND001927,CMP01,New Year Reset,C00076,email,Start fresh with practical favorites.,2025-02-13,false,,false,,,
SEND001928,CMP06,Autumn Edit,C00926,ads,Discover this season's useful upgrades.,2025-10-14,false,,false,,,
SEND001929,CMP08,Holiday Highlights,C00318,ads,Explore customer favorites this holiday.,2025-12-09,false,,false,,,
SEND001930,CMP08,Holiday Highlights,C00108,ads,Explore customer favorites this holiday.,2025-11-01,false,,false,,,
SEND001931,CMP08,Holiday Highlights,C00740,ads,Explore customer favorites this holiday.,2025-11-30,false,,false,,,
SEND001932,CMP05,Back to Routine,C00797,email,Get back into your everyday rhythm.,2025-09-17,false,,false,,,
SEND001933,CMP02,Spring Refresh,C00247,ads,Refresh your routine for spring.,2025-03-02,false,,false,,,
SEND001934,CMP02,Spring Refresh,C00281,ads,Refresh your routine for spring.,2025-04-16,false,,false,,,
SEND001935,CMP02,Spring Refresh,C00781,ads,Refresh your routine for spring.,2025-03-04,false,,false,,,
SEND001936,CMP03,Member Picks,C00465,email,Popular picks selected for you.,2025-06-08,false,,false,,,
SEND001937,CMP02,Spring Refresh,C00366,ads,Refresh your routine for spring.,2025-03-10,false,,false,,,
SEND001938,CMP07,Early Holiday,C00506,email,A head start on thoughtful gifting.,2025-11-25,false,,false,,,
SEND001939,CMP01,New Year Reset,C00719,email,Start fresh with practical favorites.,2025-02-20,false,,false,,,
SEND001940,CMP07,Early Holiday,C00440,email,A head start on thoughtful gifting.,2025-11-27,false,,false,,,
SEND001941,CMP08,Holiday Highlights,C00169,ads,Explore customer favorites this holiday.,2025-11-19,true,50,false,V010266,,
SEND001942,CMP07,Early Holiday,C00377,email,A head start on thoughtful gifting.,2025-11-30,false,,false,,,
SEND001943,CMP06,Autumn Edit,C00176,ads,Discover this season's useful upgrades.,2025-10-25,false,,false,,,
SEND001944,CMP05,Back to Routine,C00312,email,Get back into your everyday rhythm.,2025-08-05,false,,false,,,
SEND001945,CMP08,Holiday Highlights,C00780,ads,Explore customer favorites this holiday.,2025-11-28,false,,false,,,
SEND001946,CMP03,Member Picks,C00929,email,Popular picks selected for you.,2025-05-23,false,,false,,,
SEND001947,CMP07,Early Holiday,C00363,email,A head start on thoughtful gifting.,2025-11-30,false,,false,,,
SEND001948,CMP06,Autumn Edit,C00367,ads,Discover this season's useful upgrades.,2025-10-14,false,,false,,,
SEND001949,CMP07,Early Holiday,C00575,email,A head start on thoughtful gifting.,2025-11-28,false,,false,,,
SEND001950,CMP07,Early Holiday,C00614,email,A head start on thoughtful gifting.,2025-11-30,false,,false,,,
SEND001951,CMP01,New Year Reset,C00600,email,Start fresh with practical favorites.,2025-01-21,false,,false,,,
SEND001952,CMP08,Holiday Highlights,C00423,ads,Explore customer favorites this holiday.,2025-11-01,false,,false,,,
SEND001953,CMP08,Holiday Highlights,C00981,ads,Explore customer favorites this holiday.,2025-12-10,false,,false,,,
SEND001954,CMP05,Back to Routine,C00805,email,Get back into your everyday rhythm.,2025-09-14,false,,false,,,
SEND001955,CMP07,Early Holiday,C00644,email,A head start on thoughtful gifting.,2025-11-08,false,,false,,,
SEND001956,CMP06,Autumn Edit,C00517,ads,Discover this season's useful upgrades.,2025-09-03,true,35,false,V010267,,
SEND001957,CMP03,Member Picks,C00162,email,Popular picks selected for you.,2025-05-22,false,,false,,,
SEND001958,CMP01,New Year Reset,C00230,email,Start fresh with practical favorites.,2025-01-12,false,,false,,,
SEND001959,CMP07,Early Holiday,C00717,email,A head start on thoughtful gifting.,2025-11-29,false,,false,,,
SEND001960,CMP02,Spring Refresh,C00332,ads,Refresh your routine for spring.,2025-04-26,false,,false,,,
SEND001961,CMP08,Holiday Highlights,C00874,ads,Explore customer favorites this holiday.,2025-12-11,false,,false,,,
SEND001962,CMP06,Autumn Edit,C00612,ads,Discover this season's useful upgrades.,2025-09-18,false,,false,,,
SEND001963,CMP06,Autumn Edit,C00748,ads,Discover this season's useful upgrades.,2025-09-15,false,,false,,,
SEND001964,CMP05,Back to Routine,C00513,email,Get back into your everyday rhythm.,2025-09-06,false,,false,,,
SEND001965,CMP02,Spring Refresh,C00864,ads,Refresh your routine for spring.,2025-03-28,false,,false,,,
SEND001966,CMP06,Autumn Edit,C00781,ads,Discover this season's useful upgrades.,2025-09-10,false,,false,,,
SEND001967,CMP02,Spring Refresh,C00330,ads,Refresh your routine for spring.,2025-03-09,false,,false,,,
SEND001968,CMP02,Spring Refresh,C00562,ads,Refresh your routine for spring.,2025-04-01,false,,false,,,
SEND001969,CMP02,Spring Refresh,C00785,ads,Refresh your routine for spring.,2025-03-08,false,,false,,,
SEND001970,CMP07,Early Holiday,C00215,email,A head start on thoughtful gifting.,2025-11-28,false,,false,,,
SEND001971,CMP01,New Year Reset,C00952,email,Start fresh with practical favorites.,2025-01-21,false,,false,,,
SEND001972,CMP07,Early Holiday,C00330,email,A head start on thoughtful gifting.,2025-11-21,false,,false,,,
SEND001973,CMP05,Back to Routine,C00665,email,Get back into your everyday rhythm.,2025-08-04,false,,false,,,
SEND001974,CMP04,Summer Essentials,C00376,ads,Simple essentials for warmer days.,2025-07-04,false,,false,,,
SEND001975,CMP05,Back to Routine,C00754,email,Get back into your everyday rhythm.,2025-08-11,false,,false,,,
SEND001976,CMP05,Back to Routine,C00693,email,Get back into your everyday rhythm.,2025-09-22,false,,false,,,
SEND001977,CMP07,Early Holiday,C00949,email,A head start on thoughtful gifting.,2025-11-11,true,82,true,V010268,T006041,15.56
SEND001978,CMP04,Summer Essentials,C00588,ads,Simple essentials for warmer days.,2025-07-29,false,,false,,,
SEND001979,CMP08,Holiday Highlights,C00003,ads,Explore customer favorites this holiday.,2025-12-24,false,,false,,,
SEND001980,CMP07,Early Holiday,C00031,email,A head start on thoughtful gifting.,2025-11-03,false,,false,,,
SEND001981,CMP06,Autumn Edit,C00217,ads,Discover this season's useful upgrades.,2025-10-23,false,,false,,,
SEND001982,CMP04,Summer Essentials,C00883,ads,Simple essentials for warmer days.,2025-07-19,false,,false,,,
SEND001983,CMP06,Autumn Edit,C00369,ads,Discover this season's useful upgrades.,2025-10-05,false,,false,,,
SEND001984,CMP07,Early Holiday,C00710,email,A head start on thoughtful gifting.,2025-11-19,true,25,false,V010269,,
SEND001985,CMP01,New Year Reset,C00258,email,Start fresh with practical favorites.,2025-01-28,false,,false,,,
SEND001986,CMP07,Early Holiday,C00510,email,A head start on thoughtful gifting.,2025-11-04,false,,false,,,
SEND001987,CMP02,Spring Refresh,C00834,ads,Refresh your routine for spring.,2025-04-12,false,,false,,,
SEND001988,CMP06,Autumn Edit,C00266,ads,Discover this season's useful upgrades.,2025-10-08,false,,false,,,
SEND001989,CMP08,Holiday Highlights,C00975,ads,Explore customer favorites this holiday.,2025-11-14,false,,false,,,
SEND001990,CMP06,Autumn Edit,C00576,ads,Discover this season's useful upgrades.,2025-10-30,false,,false,,,
SEND001991,CMP05,Back to Routine,C00368,email,Get back into your everyday rhythm.,2025-09-07,false,,false,,,
SEND001992,CMP08,Holiday Highlights,C00485,ads,Explore customer favorites this holiday.,2025-12-26,false,,false,,,
SEND001993,CMP02,Spring Refresh,C00803,ads,Refresh your routine for spring.,2025-03-08,false,,false,,,
SEND001994,CMP03,Member Picks,C00334,email,Popular picks selected for you.,2025-05-14,false,,false,,,
SEND001995,CMP08,Holiday Highlights,C00084,ads,Explore customer favorites this holiday.,2025-11-01,false,,false,,,
SEND001996,CMP08,Holiday Highlights,C00149,ads,Explore customer favorites this holiday.,2025-12-03,false,,false,,,
SEND001997,CMP08,Holiday Highlights,C00764,ads,Explore customer favorites this holiday.,2025-12-19,false,,false,,,
SEND001998,CMP02,Spring Refresh,C00743,ads,Refresh your routine for spring.,2025-03-13,false,,false,,,
SEND001999,CMP03,Member Picks,C00851,email,Popular picks selected for you.,2025-05-12,false,,false,,,
SEND002000,CMP04,Summer Essentials,C00675,ads,Simple essentials for warmer days.,2025-07-11,false,,false,,,
SEND002001,CMP02,Spring Refresh,C00797,ads,Refresh your routine for spring.,2025-03-27,false,,false,,,
SEND002002,CMP01,New Year Reset,C00823,email,Start fresh with practical favorites.,2025-02-21,true,102,false,V010270,,
SEND002003,CMP02,Spring Refresh,C00784,ads,Refresh your routine for spring.,2025-04-01,false,,false,,,
SEND002004,CMP04,Summer Essentials,C00670,ads,Simple essentials for warmer days.,2025-08-20,false,,false,,,
SEND002005,CMP04,Summer Essentials,C00283,ads,Simple essentials for warmer days.,2025-07-03,false,,false,,,
SEND002006,CMP06,Autumn Edit,C00860,ads,Discover this season's useful upgrades.,2025-10-18,false,,false,,,
SEND002007,CMP02,Spring Refresh,C00827,ads,Refresh your routine for spring.,2025-04-01,false,,false,,,
SEND002008,CMP04,Summer Essentials,C00118,ads,Simple essentials for warmer days.,2025-07-23,false,,false,,,
SEND002009,CMP06,Autumn Edit,C00644,ads,Discover this season's useful upgrades.,2025-10-25,false,,false,,,
SEND002010,CMP07,Early Holiday,C00632,email,A head start on thoughtful gifting.,2025-11-18,false,,false,,,
SEND002011,CMP07,Early Holiday,C00095,email,A head start on thoughtful gifting.,2025-11-15,true,34,false,V010271,,
SEND002012,CMP07,Early Holiday,C00673,email,A head start on thoughtful gifting.,2025-11-14,false,,false,,,
SEND002013,CMP04,Summer Essentials,C00837,ads,Simple essentials for warmer days.,2025-07-20,false,,false,,,
SEND002014,CMP04,Summer Essentials,C00713,ads,Simple essentials for warmer days.,2025-07-13,false,,false,,,
SEND002015,CMP05,Back to Routine,C00278,email,Get back into your everyday rhythm.,2025-09-29,false,,false,,,
SEND002016,CMP06,Autumn Edit,C00904,ads,Discover this season's useful upgrades.,2025-09-02,false,,false,,,
SEND002017,CMP05,Back to Routine,C00846,email,Get back into your everyday rhythm.,2025-09-02,false,,false,,,
SEND002018,CMP05,Back to Routine,C00279,email,Get back into your everyday rhythm.,2025-09-17,false,,false,,,
SEND002019,CMP03,Member Picks,C00863,email,Popular picks selected for you.,2025-06-12,true,84,false,V010272,,
SEND002020,CMP05,Back to Routine,C00237,email,Get back into your everyday rhythm.,2025-09-07,false,,false,,,
SEND002021,CMP05,Back to Routine,C00104,email,Get back into your everyday rhythm.,2025-08-20,false,,false,,,
SEND002022,CMP05,Back to Routine,C00497,email,Get back into your everyday rhythm.,2025-09-03,false,,false,,,
SEND002023,CMP03,Member Picks,C00325,email,Popular picks selected for you.,2025-06-15,false,,false,,,
SEND002024,CMP07,Early Holiday,C00817,email,A head start on thoughtful gifting.,2025-11-10,false,,false,,,
SEND002025,CMP04,Summer Essentials,C00626,ads,Simple essentials for warmer days.,2025-06-04,false,,false,,,
SEND002026,CMP05,Back to Routine,C00572,email,Get back into your everyday rhythm.,2025-08-10,false,,false,,,
SEND002027,CMP07,Early Holiday,C00796,email,A head start on thoughtful gifting.,2025-11-23,false,,false,,,
SEND002028,CMP04,Summer Essentials,C00540,ads,Simple essentials for warmer days.,2025-08-18,false,,false,,,
SEND002029,CMP08,Holiday Highlights,C00136,ads,Explore customer favorites this holiday.,2025-12-18,false,,false,,,
SEND002030,CMP05,Back to Routine,C00168,email,Get back into your everyday rhythm.,2025-08-08,false,,false,,,
SEND002031,CMP01,New Year Reset,C00815,email,Start fresh with practical favorites.,2025-02-15,false,,false,,,
SEND002032,CMP02,Spring Refresh,C00776,ads,Refresh your routine for spring.,2025-03-12,false,,false,,,
SEND002033,CMP08,Holiday Highlights,C00886,ads,Explore customer favorites this holiday.,2025-12-29,false,,false,,,
SEND002034,CMP08,Holiday Highlights,C00614,ads,Explore customer favorites this holiday.,2025-11-23,false,,false,,,
SEND002035,CMP07,Early Holiday,C00054,email,A head start on thoughtful gifting.,2025-11-08,false,,false,,,
SEND002036,CMP08,Holiday Highlights,C00571,ads,Explore customer favorites this holiday.,2025-12-31,false,,false,,,
SEND002037,CMP01,New Year Reset,C00100,email,Start fresh with practical favorites.,2025-02-03,false,,false,,,
SEND002038,CMP06,Autumn Edit,C00472,ads,Discover this season's useful upgrades.,2025-09-23,false,,false,,,
SEND002039,CMP07,Early Holiday,C00184,email,A head start on thoughtful gifting.,2025-11-08,true,183,false,V010273,,
SEND002040,CMP02,Spring Refresh,C00355,ads,Refresh your routine for spring.,2025-04-03,true,54,false,V010274,,
SEND002041,CMP07,Early Holiday,C00003,email,A head start on thoughtful gifting.,2025-11-09,false,,false,,,
SEND002042,CMP06,Autumn Edit,C00672,ads,Discover this season's useful upgrades.,2025-09-22,false,,false,,,
SEND002043,CMP08,Holiday Highlights,C00578,ads,Explore customer favorites this holiday.,2025-12-16,false,,false,,,
SEND002044,CMP05,Back to Routine,C00013,email,Get back into your everyday rhythm.,2025-08-04,false,,false,,,
SEND002045,CMP03,Member Picks,C00221,email,Popular picks selected for you.,2025-05-19,false,,false,,,
SEND002046,CMP01,New Year Reset,C00995,email,Start fresh with practical favorites.,2025-02-25,false,,false,,,
SEND002047,CMP08,Holiday Highlights,C00989,ads,Explore customer favorites this holiday.,2025-11-15,false,,false,,,
SEND002048,CMP04,Summer Essentials,C00664,ads,Simple essentials for warmer days.,2025-06-01,false,,false,,,
SEND002049,CMP03,Member Picks,C00784,email,Popular picks selected for you.,2025-05-20,false,,false,,,
SEND002050,CMP01,New Year Reset,C00755,email,Start fresh with practical favorites.,2025-02-01,true,177,false,V010275,,
SEND002051,CMP01,New Year Reset,C00080,email,Start fresh with practical favorites.,2025-01-10,true,135,false,V010276,,
SEND002052,CMP08,Holiday Highlights,C00039,ads,Explore customer favorites this holiday.,2025-11-25,false,,false,,,
SEND002053,CMP04,Summer Essentials,C00147,ads,Simple essentials for warmer days.,2025-06-11,false,,false,,,
SEND002054,CMP06,Autumn Edit,C00519,ads,Discover this season's useful upgrades.,2025-09-07,false,,false,,,
SEND002055,CMP02,Spring Refresh,C00954,ads,Refresh your routine for spring.,2025-04-26,true,171,true,V010277,T006042,58.95
SEND002056,CMP02,Spring Refresh,C00377,ads,Refresh your routine for spring.,2025-03-02,true,69,false,V010278,,
SEND002057,CMP04,Summer Essentials,C00487,ads,Simple essentials for warmer days.,2025-08-10,false,,false,,,
SEND002058,CMP02,Spring Refresh,C00837,ads,Refresh your routine for spring.,2025-04-17,false,,false,,,
SEND002059,CMP02,Spring Refresh,C00515,ads,Refresh your routine for spring.,2025-04-25,false,,false,,,
SEND002060,CMP03,Member Picks,C00110,email,Popular picks selected for you.,2025-06-07,false,,false,,,
SEND002061,CMP08,Holiday Highlights,C00199,ads,Explore customer favorites this holiday.,2025-11-09,true,20,false,V010279,,
SEND002062,CMP03,Member Picks,C00054,email,Popular picks selected for you.,2025-05-25,false,,false,,,
SEND002063,CMP08,Holiday Highlights,C00393,ads,Explore customer favorites this holiday.,2025-12-14,false,,false,,,
SEND002064,CMP03,Member Picks,C00359,email,Popular picks selected for you.,2025-06-25,false,,false,,,
SEND002065,CMP07,Early Holiday,C00870,email,A head start on thoughtful gifting.,2025-11-11,false,,false,,,
SEND002066,CMP07,Early Holiday,C00507,email,A head start on thoughtful gifting.,2025-11-08,false,,false,,,
SEND002067,CMP06,Autumn Edit,C00380,ads,Discover this season's useful upgrades.,2025-10-28,false,,false,,,
SEND002068,CMP04,Summer Essentials,C00347,ads,Simple essentials for warmer days.,2025-07-16,false,,false,,,
SEND002069,CMP04,Summer Essentials,C00163,ads,Simple essentials for warmer days.,2025-07-27,false,,false,,,
SEND002070,CMP07,Early Holiday,C00463,email,A head start on thoughtful gifting.,2025-11-24,true,267,false,V010280,,
SEND002071,CMP06,Autumn Edit,C00365,ads,Discover this season's useful upgrades.,2025-10-31,false,,false,,,
SEND002072,CMP01,New Year Reset,C00175,email,Start fresh with practical favorites.,2025-01-24,false,,false,,,
SEND002073,CMP06,Autumn Edit,C00151,ads,Discover this season's useful upgrades.,2025-09-19,false,,false,,,
SEND002074,CMP08,Holiday Highlights,C00235,ads,Explore customer favorites this holiday.,2025-11-06,false,,false,,,
SEND002075,CMP01,New Year Reset,C00408,email,Start fresh with practical favorites.,2025-02-14,false,,false,,,
SEND002076,CMP08,Holiday Highlights,C00524,ads,Explore customer favorites this holiday.,2025-12-29,true,80,false,V010281,,
SEND002077,CMP02,Spring Refresh,C00190,ads,Refresh your routine for spring.,2025-03-07,false,,false,,,
SEND002078,CMP05,Back to Routine,C00326,email,Get back into your everyday rhythm.,2025-09-21,true,47,false,V010282,,
SEND002079,CMP07,Early Holiday,C00538,email,A head start on thoughtful gifting.,2025-11-27,false,,false,,,
SEND002080,CMP06,Autumn Edit,C00347,ads,Discover this season's useful upgrades.,2025-10-28,false,,false,,,
SEND002081,CMP07,Early Holiday,C00230,email,A head start on thoughtful gifting.,2025-11-09,false,,false,,,
SEND002082,CMP08,Holiday Highlights,C00784,ads,Explore customer favorites this holiday.,2025-12-07,false,,false,,,
SEND002083,CMP06,Autumn Edit,C00137,ads,Discover this season's useful upgrades.,2025-10-17,false,,false,,,
SEND002084,CMP05,Back to Routine,C00060,email,Get back into your everyday rhythm.,2025-08-14,false,,false,,,
SEND002085,CMP05,Back to Routine,C00414,email,Get back into your everyday rhythm.,2025-09-07,false,,false,,,
SEND002086,CMP08,Holiday Highlights,C00064,ads,Explore customer favorites this holiday.,2025-12-04,false,,false,,,
SEND002087,CMP03,Member Picks,C00493,email,Popular picks selected for you.,2025-06-18,true,92,false,V010283,,
SEND002088,CMP05,Back to Routine,C00947,email,Get back into your everyday rhythm.,2025-08-24,false,,false,,,
SEND002089,CMP04,Summer Essentials,C00925,ads,Simple essentials for warmer days.,2025-08-26,false,,false,,,
SEND002090,CMP02,Spring Refresh,C00494,ads,Refresh your routine for spring.,2025-04-11,false,,false,,,
SEND002091,CMP06,Autumn Edit,C00476,ads,Discover this season's useful upgrades.,2025-09-11,false,,false,,,
SEND002092,CMP03,Member Picks,C00009,email,Popular picks selected for you.,2025-06-16,false,,false,,,
SEND002093,CMP07,Early Holiday,C00628,email,A head start on thoughtful gifting.,2025-11-07,false,,false,,,
SEND002094,CMP06,Autumn Edit,C00498,ads,Discover this season's useful upgrades.,2025-09-29,false,,false,,,
SEND002095,CMP04,Summer Essentials,C00577,ads,Simple essentials for warmer days.,2025-07-19,false,,false,,,
SEND002096,CMP05,Back to Routine,C00296,email,Get back into your everyday rhythm.,2025-09-21,false,,false,,,
SEND002097,CMP08,Holiday Highlights,C00981,ads,Explore customer favorites this holiday.,2025-11-11,false,,false,,,
SEND002098,CMP01,New Year Reset,C00073,email,Start fresh with practical favorites.,2025-01-14,false,,false,,,
SEND002099,CMP04,Summer Essentials,C00397,ads,Simple essentials for warmer days.,2025-06-20,false,,false,,,
SEND002100,CMP05,Back to Routine,C00914,email,Get back into your everyday rhythm.,2025-08-03,true,44,false,V010284,,
SEND002101,CMP05,Back to Routine,C00104,email,Get back into your everyday rhythm.,2025-08-27,false,,false,,,
SEND002102,CMP04,Summer Essentials,C00488,ads,Simple essentials for warmer days.,2025-07-31,false,,false,,,
SEND002103,CMP03,Member Picks,C00822,email,Popular picks selected for you.,2025-05-29,false,,false,,,
SEND002104,CMP01,New Year Reset,C00949,email,Start fresh with practical favorites.,2025-01-06,false,,false,,,
SEND002105,CMP08,Holiday Highlights,C00934,ads,Explore customer favorites this holiday.,2025-12-01,true,118,true,V010285,T006043,62.32
SEND002106,CMP01,New Year Reset,C00558,email,Start fresh with practical favorites.,2025-01-25,false,,false,,,
SEND002107,CMP08,Holiday Highlights,C00250,ads,Explore customer favorites this holiday.,2025-11-03,true,51,true,V010286,T006044,14.7
SEND002108,CMP02,Spring Refresh,C00327,ads,Refresh your routine for spring.,2025-04-24,false,,false,,,
SEND002109,CMP02,Spring Refresh,C00079,ads,Refresh your routine for spring.,2025-04-16,false,,false,,,
SEND002110,CMP02,Spring Refresh,C00603,ads,Refresh your routine for spring.,2025-03-01,false,,false,,,
SEND002111,CMP08,Holiday Highlights,C00531,ads,Explore customer favorites this holiday.,2025-12-24,false,,false,,,
SEND002112,CMP05,Back to Routine,C00629,email,Get back into your everyday rhythm.,2025-08-06,false,,false,,,
SEND002113,CMP04,Summer Essentials,C00436,ads,Simple essentials for warmer days.,2025-06-23,false,,false,,,
SEND002114,CMP07,Early Holiday,C00582,email,A head start on thoughtful gifting.,2025-11-09,false,,false,,,
SEND002115,CMP06,Autumn Edit,C00960,ads,Discover this season's useful upgrades.,2025-10-03,false,,false,,,
SEND002116,CMP02,Spring Refresh,C00112,ads,Refresh your routine for spring.,2025-04-27,true,55,false,V010287,,
SEND002117,CMP03,Member Picks,C00946,email,Popular picks selected for you.,2025-06-27,false,,false,,,
SEND002118,CMP03,Member Picks,C00812,email,Popular picks selected for you.,2025-06-28,false,,false,,,
SEND002119,CMP06,Autumn Edit,C00052,ads,Discover this season's useful upgrades.,2025-10-15,false,,false,,,
SEND002120,CMP01,New Year Reset,C00337,email,Start fresh with practical favorites.,2025-02-26,false,,false,,,
SEND002121,CMP03,Member Picks,C00786,email,Popular picks selected for you.,2025-05-27,false,,false,,,
SEND002122,CMP08,Holiday Highlights,C00119,ads,Explore customer favorites this holiday.,2025-12-11,false,,false,,,
SEND002123,CMP04,Summer Essentials,C00128,ads,Simple essentials for warmer days.,2025-06-20,true,44,true,V010288,T006045,59.78
SEND002124,CMP08,Holiday Highlights,C00805,ads,Explore customer favorites this holiday.,2025-11-18,false,,false,,,
SEND002125,CMP08,Holiday Highlights,C00764,ads,Explore customer favorites this holiday.,2025-12-06,false,,false,,,
SEND002126,CMP05,Back to Routine,C00045,email,Get back into your everyday rhythm.,2025-09-09,true,107,false,V010289,,
SEND002127,CMP03,Member Picks,C00033,email,Popular picks selected for you.,2025-06-30,false,,false,,,
SEND002128,CMP05,Back to Routine,C00667,email,Get back into your everyday rhythm.,2025-09-24,true,198,false,V010290,,
SEND002129,CMP06,Autumn Edit,C00851,ads,Discover this season's useful upgrades.,2025-10-11,false,,false,,,
SEND002130,CMP06,Autumn Edit,C00417,ads,Discover this season's useful upgrades.,2025-09-30,false,,false,,,
SEND002131,CMP08,Holiday Highlights,C00835,ads,Explore customer favorites this holiday.,2025-11-08,false,,false,,,
SEND002132,CMP04,Summer Essentials,C00765,ads,Simple essentials for warmer days.,2025-08-21,false,,false,,,
SEND002133,CMP04,Summer Essentials,C00789,ads,Simple essentials for warmer days.,2025-06-19,false,,false,,,
SEND002134,CMP07,Early Holiday,C00786,email,A head start on thoughtful gifting.,2025-11-14,false,,false,,,
SEND002135,CMP05,Back to Routine,C00647,email,Get back into your everyday rhythm.,2025-08-09,false,,false,,,
SEND002136,CMP05,Back to Routine,C00819,email,Get back into your everyday rhythm.,2025-08-28,false,,false,,,
SEND002137,CMP04,Summer Essentials,C00061,ads,Simple essentials for warmer days.,2025-06-04,false,,false,,,
SEND002138,CMP04,Summer Essentials,C00308,ads,Simple essentials for warmer days.,2025-07-20,false,,false,,,
SEND002139,CMP05,Back to Routine,C00577,email,Get back into your everyday rhythm.,2025-08-23,false,,false,,,
SEND002140,CMP04,Summer Essentials,C00177,ads,Simple essentials for warmer days.,2025-06-18,false,,false,,,
SEND002141,CMP04,Summer Essentials,C00741,ads,Simple essentials for warmer days.,2025-06-28,false,,false,,,
SEND002142,CMP07,Early Holiday,C00136,email,A head start on thoughtful gifting.,2025-11-27,false,,false,,,
SEND002143,CMP03,Member Picks,C00620,email,Popular picks selected for you.,2025-06-12,false,,false,,,
SEND002144,CMP01,New Year Reset,C00717,email,Start fresh with practical favorites.,2025-01-08,false,,false,,,
SEND002145,CMP02,Spring Refresh,C00407,ads,Refresh your routine for spring.,2025-04-20,false,,false,,,
SEND002146,CMP01,New Year Reset,C00494,email,Start fresh with practical favorites.,2025-01-07,false,,false,,,
SEND002147,CMP06,Autumn Edit,C00081,ads,Discover this season's useful upgrades.,2025-10-18,true,74,false,V010291,,
SEND002148,CMP08,Holiday Highlights,C00367,ads,Explore customer favorites this holiday.,2025-12-27,false,,false,,,
SEND002149,CMP02,Spring Refresh,C00795,ads,Refresh your routine for spring.,2025-03-25,false,,false,,,
SEND002150,CMP01,New Year Reset,C00374,email,Start fresh with practical favorites.,2025-01-24,false,,false,,,
SEND002151,CMP03,Member Picks,C00805,email,Popular picks selected for you.,2025-05-08,false,,false,,,
SEND002152,CMP02,Spring Refresh,C00962,ads,Refresh your routine for spring.,2025-03-04,false,,false,,,
SEND002153,CMP01,New Year Reset,C00227,email,Start fresh with practical favorites.,2025-01-03,false,,false,,,
SEND002154,CMP07,Early Holiday,C00015,email,A head start on thoughtful gifting.,2025-11-11,false,,false,,,
SEND002155,CMP04,Summer Essentials,C00423,ads,Simple essentials for warmer days.,2025-08-10,false,,false,,,
SEND002156,CMP04,Summer Essentials,C00885,ads,Simple essentials for warmer days.,2025-06-22,false,,false,,,
SEND002157,CMP02,Spring Refresh,C00232,ads,Refresh your routine for spring.,2025-03-06,true,36,false,V010292,,
SEND002158,CMP05,Back to Routine,C00081,email,Get back into your everyday rhythm.,2025-08-07,false,,false,,,
SEND002159,CMP05,Back to Routine,C00739,email,Get back into your everyday rhythm.,2025-08-09,true,52,false,V010293,,
SEND002160,CMP02,Spring Refresh,C00746,ads,Refresh your routine for spring.,2025-03-27,false,,false,,,
SEND002161,CMP06,Autumn Edit,C00554,ads,Discover this season's useful upgrades.,2025-10-29,true,102,false,V010294,,
SEND002162,CMP08,Holiday Highlights,C00137,ads,Explore customer favorites this holiday.,2025-12-22,false,,false,,,
SEND002163,CMP08,Holiday Highlights,C00622,ads,Explore customer favorites this holiday.,2025-12-29,false,,false,,,
SEND002164,CMP05,Back to Routine,C00192,email,Get back into your everyday rhythm.,2025-08-22,false,,false,,,
SEND002165,CMP05,Back to Routine,C00961,email,Get back into your everyday rhythm.,2025-08-10,true,46,true,V010295,T006046,96.24
SEND002166,CMP01,New Year Reset,C00214,email,Start fresh with practical favorites.,2025-02-16,false,,false,,,
SEND002167,CMP03,Member Picks,C00394,email,Popular picks selected for you.,2025-06-17,false,,false,,,
SEND002168,CMP06,Autumn Edit,C00243,ads,Discover this season's useful upgrades.,2025-10-22,false,,false,,,
SEND002169,CMP03,Member Picks,C00034,email,Popular picks selected for you.,2025-06-11,false,,false,,,
SEND002170,CMP03,Member Picks,C00343,email,Popular picks selected for you.,2025-06-25,false,,false,,,
SEND002171,CMP08,Holiday Highlights,C00863,ads,Explore customer favorites this holiday.,2025-12-13,false,,false,,,
SEND002172,CMP05,Back to Routine,C00162,email,Get back into your everyday rhythm.,2025-08-24,false,,false,,,
SEND002173,CMP04,Summer Essentials,C00126,ads,Simple essentials for warmer days.,2025-06-13,true,82,false,V010296,,
SEND002174,CMP03,Member Picks,C00302,email,Popular picks selected for you.,2025-05-08,false,,false,,,
SEND002175,CMP04,Summer Essentials,C00319,ads,Simple essentials for warmer days.,2025-08-10,false,,false,,,
SEND002176,CMP02,Spring Refresh,C00955,ads,Refresh your routine for spring.,2025-03-15,false,,false,,,
SEND002177,CMP02,Spring Refresh,C00357,ads,Refresh your routine for spring.,2025-04-28,false,,false,,,
SEND002178,CMP03,Member Picks,C00552,email,Popular picks selected for you.,2025-05-22,false,,false,,,
SEND002179,CMP07,Early Holiday,C00626,email,A head start on thoughtful gifting.,2025-11-26,false,,false,,,
SEND002180,CMP07,Early Holiday,C00128,email,A head start on thoughtful gifting.,2025-11-03,true,105,false,V010297,,
SEND002181,CMP03,Member Picks,C00301,email,Popular picks selected for you.,2025-06-12,false,,false,,,
SEND002182,CMP07,Early Holiday,C00228,email,A head start on thoughtful gifting.,2025-11-22,false,,false,,,
SEND002183,CMP06,Autumn Edit,C00451,ads,Discover this season's useful upgrades.,2025-09-03,false,,false,,,
SEND002184,CMP03,Member Picks,C00701,email,Popular picks selected for you.,2025-06-16,false,,false,,,
SEND002185,CMP06,Autumn Edit,C00531,ads,Discover this season's useful upgrades.,2025-10-07,false,,false,,,
SEND002186,CMP04,Summer Essentials,C00842,ads,Simple essentials for warmer days.,2025-06-27,false,,false,,,
SEND002187,CMP06,Autumn Edit,C00391,ads,Discover this season's useful upgrades.,2025-09-20,false,,false,,,
SEND002188,CMP02,Spring Refresh,C00129,ads,Refresh your routine for spring.,2025-04-03,false,,false,,,
SEND002189,CMP04,Summer Essentials,C00011,ads,Simple essentials for warmer days.,2025-07-23,false,,false,,,
SEND002190,CMP06,Autumn Edit,C00126,ads,Discover this season's useful upgrades.,2025-10-26,false,,false,,,
SEND002191,CMP06,Autumn Edit,C00839,ads,Discover this season's useful upgrades.,2025-09-26,false,,false,,,
SEND002192,CMP04,Summer Essentials,C00451,ads,Simple essentials for warmer days.,2025-08-19,false,,false,,,
SEND002193,CMP05,Back to Routine,C00298,email,Get back into your everyday rhythm.,2025-09-13,false,,false,,,
SEND002194,CMP01,New Year Reset,C00204,email,Start fresh with practical favorites.,2025-01-01,false,,false,,,
SEND002195,CMP08,Holiday Highlights,C00692,ads,Explore customer favorites this holiday.,2025-12-18,false,,false,,,
SEND002196,CMP05,Back to Routine,C00910,email,Get back into your everyday rhythm.,2025-09-27,false,,false,,,
SEND002197,CMP02,Spring Refresh,C00355,ads,Refresh your routine for spring.,2025-04-02,false,,false,,,
SEND002198,CMP06,Autumn Edit,C00180,ads,Discover this season's useful upgrades.,2025-09-15,false,,false,,,
SEND002199,CMP04,Summer Essentials,C00444,ads,Simple essentials for warmer days.,2025-06-06,false,,false,,,
SEND002200,CMP07,Early Holiday,C00518,email,A head start on thoughtful gifting.,2025-11-13,false,,false,,,
SEND002201,CMP06,Autumn Edit,C00848,ads,Discover this season's useful upgrades.,2025-09-02,false,,false,,,
SEND002202,CMP07,Early Holiday,C00046,email,A head start on thoughtful gifting.,2025-11-19,false,,false,,,
SEND002203,CMP03,Member Picks,C00370,email,Popular picks selected for you.,2025-05-28,true,92,false,V010298,,
SEND002204,CMP08,Holiday Highlights,C00261,ads,Explore customer favorites this holiday.,2025-11-18,false,,false,,,
SEND002205,CMP05,Back to Routine,C00185,email,Get back into your everyday rhythm.,2025-08-01,false,,false,,,
SEND002206,CMP05,Back to Routine,C00447,email,Get back into your everyday rhythm.,2025-09-02,false,,false,,,
SEND002207,CMP01,New Year Reset,C00398,email,Start fresh with practical favorites.,2025-01-01,true,116,false,V010299,,
SEND002208,CMP02,Spring Refresh,C00565,ads,Refresh your routine for spring.,2025-04-07,false,,false,,,
SEND002209,CMP08,Holiday Highlights,C00149,ads,Explore customer favorites this holiday.,2025-11-06,false,,false,,,
SEND002210,CMP02,Spring Refresh,C00226,ads,Refresh your routine for spring.,2025-04-09,false,,false,,,
SEND002211,CMP06,Autumn Edit,C00424,ads,Discover this season's useful upgrades.,2025-09-01,false,,false,,,
SEND002212,CMP06,Autumn Edit,C00755,ads,Discover this season's useful upgrades.,2025-09-30,true,141,false,V010300,,
SEND002213,CMP03,Member Picks,C00422,email,Popular picks selected for you.,2025-05-20,true,31,false,V010301,,
SEND002214,CMP06,Autumn Edit,C00447,ads,Discover this season's useful upgrades.,2025-10-21,false,,false,,,
SEND002215,CMP04,Summer Essentials,C00080,ads,Simple essentials for warmer days.,2025-06-11,false,,false,,,
SEND002216,CMP04,Summer Essentials,C00297,ads,Simple essentials for warmer days.,2025-06-15,false,,false,,,
SEND002217,CMP08,Holiday Highlights,C00762,ads,Explore customer favorites this holiday.,2025-12-14,false,,false,,,
SEND002218,CMP06,Autumn Edit,C00353,ads,Discover this season's useful upgrades.,2025-10-10,false,,false,,,
SEND002219,CMP02,Spring Refresh,C00065,ads,Refresh your routine for spring.,2025-04-25,true,44,false,V010302,,
SEND002220,CMP08,Holiday Highlights,C00174,ads,Explore customer favorites this holiday.,2025-11-07,false,,false,,,
SEND002221,CMP03,Member Picks,C00424,email,Popular picks selected for you.,2025-06-04,false,,false,,,
SEND002222,CMP02,Spring Refresh,C00295,ads,Refresh your routine for spring.,2025-03-15,true,45,false,V010303,,
SEND002223,CMP08,Holiday Highlights,C00518,ads,Explore customer favorites this holiday.,2025-11-21,false,,false,,,
SEND002224,CMP06,Autumn Edit,C00717,ads,Discover this season's useful upgrades.,2025-09-20,false,,false,,,
SEND002225,CMP08,Holiday Highlights,C00868,ads,Explore customer favorites this holiday.,2025-11-14,false,,false,,,
SEND002226,CMP03,Member Picks,C00777,email,Popular picks selected for you.,2025-06-27,false,,false,,,
SEND002227,CMP08,Holiday Highlights,C00502,ads,Explore customer favorites this holiday.,2025-11-18,false,,false,,,
SEND002228,CMP02,Spring Refresh,C00224,ads,Refresh your routine for spring.,2025-03-22,false,,false,,,
SEND002229,CMP01,New Year Reset,C00383,email,Start fresh with practical favorites.,2025-02-04,false,,false,,,
SEND002230,CMP07,Early Holiday,C00635,email,A head start on thoughtful gifting.,2025-11-23,false,,false,,,
SEND002231,CMP08,Holiday Highlights,C00301,ads,Explore customer favorites this holiday.,2025-12-27,false,,false,,,
SEND002232,CMP04,Summer Essentials,C00348,ads,Simple essentials for warmer days.,2025-08-22,false,,false,,,
SEND002233,CMP04,Summer Essentials,C00796,ads,Simple essentials for warmer days.,2025-07-04,true,56,true,V010304,T006047,135.9
SEND002234,CMP03,Member Picks,C00432,email,Popular picks selected for you.,2025-06-30,true,72,false,V010305,,
SEND002235,CMP08,Holiday Highlights,C00452,ads,Explore customer favorites this holiday.,2025-11-30,false,,false,,,
SEND002236,CMP05,Back to Routine,C00754,email,Get back into your everyday rhythm.,2025-08-13,false,,false,,,
SEND002237,CMP02,Spring Refresh,C00781,ads,Refresh your routine for spring.,2025-04-03,false,,false,,,
SEND002238,CMP05,Back to Routine,C00224,email,Get back into your everyday rhythm.,2025-08-03,false,,false,,,
SEND002239,CMP03,Member Picks,C00524,email,Popular picks selected for you.,2025-05-31,true,173,true,V010306,T006048,89.46
SEND002240,CMP05,Back to Routine,C00405,email,Get back into your everyday rhythm.,2025-09-27,false,,false,,,
SEND002241,CMP05,Back to Routine,C00514,email,Get back into your everyday rhythm.,2025-08-31,false,,false,,,
SEND002242,CMP08,Holiday Highlights,C00658,ads,Explore customer favorites this holiday.,2025-12-04,false,,false,,,
SEND002243,CMP08,Holiday Highlights,C00513,ads,Explore customer favorites this holiday.,2025-12-10,false,,false,,,
SEND002244,CMP02,Spring Refresh,C00489,ads,Refresh your routine for spring.,2025-03-07,false,,false,,,
SEND002245,CMP05,Back to Routine,C00986,email,Get back into your everyday rhythm.,2025-08-27,false,,false,,,
SEND002246,CMP03,Member Picks,C00385,email,Popular picks selected for you.,2025-06-21,false,,false,,,
SEND002247,CMP01,New Year Reset,C00099,email,Start fresh with practical favorites.,2025-02-04,false,,false,,,
SEND002248,CMP04,Summer Essentials,C00754,ads,Simple essentials for warmer days.,2025-06-18,false,,false,,,
SEND002249,CMP07,Early Holiday,C00402,email,A head start on thoughtful gifting.,2025-11-18,false,,false,,,
SEND002250,CMP03,Member Picks,C00309,email,Popular picks selected for you.,2025-05-02,false,,false,,,
SEND002251,CMP06,Autumn Edit,C00830,ads,Discover this season's useful upgrades.,2025-09-04,false,,false,,,
SEND002252,CMP03,Member Picks,C00938,email,Popular picks selected for you.,2025-05-17,false,,false,,,
SEND002253,CMP08,Holiday Highlights,C00752,ads,Explore customer favorites this holiday.,2025-11-27,true,153,false,V010307,,
SEND002254,CMP07,Early Holiday,C00255,email,A head start on thoughtful gifting.,2025-11-28,false,,false,,,
SEND002255,CMP03,Member Picks,C00806,email,Popular picks selected for you.,2025-06-18,false,,false,,,
SEND002256,CMP04,Summer Essentials,C00325,ads,Simple essentials for warmer days.,2025-08-06,false,,false,,,
SEND002257,CMP08,Holiday Highlights,C00147,ads,Explore customer favorites this holiday.,2025-11-27,false,,false,,,
SEND002258,CMP04,Summer Essentials,C00963,ads,Simple essentials for warmer days.,2025-07-13,false,,false,,,
SEND002259,CMP04,Summer Essentials,C00288,ads,Simple essentials for warmer days.,2025-06-16,false,,false,,,
SEND002260,CMP04,Summer Essentials,C00525,ads,Simple essentials for warmer days.,2025-08-27,false,,false,,,
SEND002261,CMP06,Autumn Edit,C00591,ads,Discover this season's useful upgrades.,2025-09-16,true,100,false,V010308,,
SEND002262,CMP08,Holiday Highlights,C00694,ads,Explore customer favorites this holiday.,2025-11-03,false,,false,,,
SEND002263,CMP08,Holiday Highlights,C00250,ads,Explore customer favorites this holiday.,2025-12-17,true,42,false,V010309,,
SEND002264,CMP08,Holiday Highlights,C00587,ads,Explore customer favorites this holiday.,2025-12-26,false,,false,,,
SEND002265,CMP08,Holiday Highlights,C00492,ads,Explore customer favorites this holiday.,2025-12-09,false,,false,,,
SEND002266,CMP05,Back to Routine,C00971,email,Get back into your everyday rhythm.,2025-09-16,false,,false,,,
SEND002267,CMP01,New Year Reset,C00101,email,Start fresh with practical favorites.,2025-02-22,false,,false,,,
SEND002268,CMP03,Member Picks,C00555,email,Popular picks selected for you.,2025-05-06,false,,false,,,
SEND002269,CMP06,Autumn Edit,C00786,ads,Discover this season's useful upgrades.,2025-09-02,false,,false,,,
SEND002270,CMP02,Spring Refresh,C00242,ads,Refresh your routine for spring.,2025-03-15,false,,false,,,
SEND002271,CMP05,Back to Routine,C00745,email,Get back into your everyday rhythm.,2025-09-07,true,233,false,V010310,,
SEND002272,CMP07,Early Holiday,C00053,email,A head start on thoughtful gifting.,2025-11-11,false,,false,,,
SEND002273,CMP07,Early Holiday,C00798,email,A head start on thoughtful gifting.,2025-11-06,false,,false,,,
SEND002274,CMP06,Autumn Edit,C00524,ads,Discover this season's useful upgrades.,2025-10-15,false,,false,,,
SEND002275,CMP08,Holiday Highlights,C00996,ads,Explore customer favorites this holiday.,2025-11-08,false,,false,,,
SEND002276,CMP02,Spring Refresh,C00200,ads,Refresh your routine for spring.,2025-04-01,false,,false,,,
SEND002277,CMP08,Holiday Highlights,C00884,ads,Explore customer favorites this holiday.,2025-12-11,false,,false,,,
SEND002278,CMP07,Early Holiday,C00592,email,A head start on thoughtful gifting.,2025-11-25,false,,false,,,
SEND002279,CMP05,Back to Routine,C00454,email,Get back into your everyday rhythm.,2025-09-30,false,,false,,,
SEND002280,CMP08,Holiday Highlights,C00621,ads,Explore customer favorites this holiday.,2025-12-03,true,10,false,V010311,,
SEND002281,CMP07,Early Holiday,C00554,email,A head start on thoughtful gifting.,2025-11-18,false,,false,,,
SEND002282,CMP08,Holiday Highlights,C00667,ads,Explore customer favorites this holiday.,2025-12-15,false,,false,,,
SEND002283,CMP04,Summer Essentials,C00008,ads,Simple essentials for warmer days.,2025-08-14,false,,false,,,
SEND002284,CMP08,Holiday Highlights,C00413,ads,Explore customer favorites this holiday.,2025-11-02,false,,false,,,
SEND002285,CMP08,Holiday Highlights,C00994,ads,Explore customer favorites this holiday.,2025-12-05,false,,false,,,
SEND002286,CMP07,Early Holiday,C00723,email,A head start on thoughtful gifting.,2025-11-29,true,78,true,V010312,T006049,19.28
SEND002287,CMP03,Member Picks,C00078,email,Popular picks selected for you.,2025-05-11,false,,false,,,
SEND002288,CMP06,Autumn Edit,C00817,ads,Discover this season's useful upgrades.,2025-10-17,false,,false,,,
SEND002289,CMP06,Autumn Edit,C00323,ads,Discover this season's useful upgrades.,2025-10-18,false,,false,,,
SEND002290,CMP03,Member Picks,C00789,email,Popular picks selected for you.,2025-06-12,false,,false,,,
SEND002291,CMP05,Back to Routine,C00674,email,Get back into your everyday rhythm.,2025-09-01,true,148,true,V010313,T006050,26.88
SEND002292,CMP07,Early Holiday,C00694,email,A head start on thoughtful gifting.,2025-11-09,false,,false,,,
SEND002293,CMP07,Early Holiday,C00613,email,A head start on thoughtful gifting.,2025-11-20,false,,false,,,
SEND002294,CMP04,Summer Essentials,C00801,ads,Simple essentials for warmer days.,2025-08-18,false,,false,,,
SEND002295,CMP08,Holiday Highlights,C00201,ads,Explore customer favorites this holiday.,2025-12-23,false,,false,,,
SEND002296,CMP07,Early Holiday,C00816,email,A head start on thoughtful gifting.,2025-11-17,false,,false,,,
SEND002297,CMP08,Holiday Highlights,C00126,ads,Explore customer favorites this holiday.,2025-11-14,false,,false,,,
SEND002298,CMP07,Early Holiday,C00105,email,A head start on thoughtful gifting.,2025-11-12,false,,false,,,
SEND002299,CMP04,Summer Essentials,C00503,ads,Simple essentials for warmer days.,2025-08-01,false,,false,,,
SEND002300,CMP03,Member Picks,C00369,email,Popular picks selected for you.,2025-05-08,false,,false,,,
SEND002301,CMP05,Back to Routine,C00529,email,Get back into your everyday rhythm.,2025-09-29,false,,false,,,
SEND002302,CMP04,Summer Essentials,C00952,ads,Simple essentials for warmer days.,2025-07-08,false,,false,,,
SEND002303,CMP06,Autumn Edit,C00743,ads,Discover this season's useful upgrades.,2025-09-04,false,,false,,,
SEND002304,CMP07,Early Holiday,C00158,email,A head start on thoughtful gifting.,2025-11-22,false,,false,,,
SEND002305,CMP08,Holiday Highlights,C00058,ads,Explore customer favorites this holiday.,2025-11-26,false,,false,,,
SEND002306,CMP07,Early Holiday,C00793,email,A head start on thoughtful gifting.,2025-11-15,false,,false,,,
SEND002307,CMP02,Spring Refresh,C00078,ads,Refresh your routine for spring.,2025-04-08,false,,false,,,
SEND002308,CMP07,Early Holiday,C00930,email,A head start on thoughtful gifting.,2025-11-17,false,,false,,,
SEND002309,CMP01,New Year Reset,C00223,email,Start fresh with practical favorites.,2025-01-24,false,,false,,,
SEND002310,CMP03,Member Picks,C00435,email,Popular picks selected for you.,2025-05-17,true,131,false,V010314,,
SEND002311,CMP05,Back to Routine,C00112,email,Get back into your everyday rhythm.,2025-09-19,false,,false,,,
SEND002312,CMP07,Early Holiday,C00773,email,A head start on thoughtful gifting.,2025-11-03,false,,false,,,
SEND002313,CMP06,Autumn Edit,C00244,ads,Discover this season's useful upgrades.,2025-10-01,false,,false,,,
SEND002314,CMP06,Autumn Edit,C00614,ads,Discover this season's useful upgrades.,2025-10-01,false,,false,,,
SEND002315,CMP06,Autumn Edit,C00536,ads,Discover this season's useful upgrades.,2025-09-03,false,,false,,,
SEND002316,CMP05,Back to Routine,C00724,email,Get back into your everyday rhythm.,2025-09-23,false,,false,,,
SEND002317,CMP01,New Year Reset,C00538,email,Start fresh with practical favorites.,2025-01-02,false,,false,,,
SEND002318,CMP07,Early Holiday,C00440,email,A head start on thoughtful gifting.,2025-11-29,false,,false,,,
SEND002319,CMP05,Back to Routine,C00715,email,Get back into your everyday rhythm.,2025-09-11,false,,false,,,
SEND002320,CMP06,Autumn Edit,C00953,ads,Discover this season's useful upgrades.,2025-09-05,false,,false,,,
SEND002321,CMP08,Holiday Highlights,C00774,ads,Explore customer favorites this holiday.,2025-12-18,false,,false,,,
SEND002322,CMP04,Summer Essentials,C00280,ads,Simple essentials for warmer days.,2025-07-07,false,,false,,,
SEND002323,CMP05,Back to Routine,C00862,email,Get back into your everyday rhythm.,2025-09-09,true,27,false,V010315,,
SEND002324,CMP07,Early Holiday,C00145,email,A head start on thoughtful gifting.,2025-11-10,false,,false,,,
SEND002325,CMP06,Autumn Edit,C00775,ads,Discover this season's useful upgrades.,2025-10-30,false,,false,,,
SEND002326,CMP01,New Year Reset,C00509,email,Start fresh with practical favorites.,2025-01-09,false,,false,,,
SEND002327,CMP08,Holiday Highlights,C00868,ads,Explore customer favorites this holiday.,2025-12-24,false,,false,,,
SEND002328,CMP07,Early Holiday,C00482,email,A head start on thoughtful gifting.,2025-11-23,false,,false,,,
SEND002329,CMP06,Autumn Edit,C00919,ads,Discover this season's useful upgrades.,2025-09-07,false,,false,,,
SEND002330,CMP01,New Year Reset,C00665,email,Start fresh with practical favorites.,2025-01-08,false,,false,,,
SEND002331,CMP01,New Year Reset,C00159,email,Start fresh with practical favorites.,2025-02-01,true,237,false,V010316,,
SEND002332,CMP04,Summer Essentials,C00583,ads,Simple essentials for warmer days.,2025-08-14,false,,false,,,
SEND002333,CMP05,Back to Routine,C00265,email,Get back into your everyday rhythm.,2025-08-21,false,,false,,,
SEND002334,CMP03,Member Picks,C00186,email,Popular picks selected for you.,2025-05-07,false,,false,,,
SEND002335,CMP05,Back to Routine,C00317,email,Get back into your everyday rhythm.,2025-09-19,false,,false,,,
SEND002336,CMP06,Autumn Edit,C00589,ads,Discover this season's useful upgrades.,2025-10-12,false,,false,,,
SEND002337,CMP04,Summer Essentials,C00204,ads,Simple essentials for warmer days.,2025-06-07,true,78,false,V010317,,
SEND002338,CMP06,Autumn Edit,C00446,ads,Discover this season's useful upgrades.,2025-10-16,false,,false,,,
SEND002339,CMP07,Early Holiday,C00214,email,A head start on thoughtful gifting.,2025-11-29,false,,false,,,
SEND002340,CMP08,Holiday Highlights,C00532,ads,Explore customer favorites this holiday.,2025-11-19,false,,false,,,
SEND002341,CMP08,Holiday Highlights,C00066,ads,Explore customer favorites this holiday.,2025-12-23,true,39,false,V010318,,
SEND002342,CMP07,Early Holiday,C00452,email,A head start on thoughtful gifting.,2025-11-05,false,,false,,,
SEND002343,CMP03,Member Picks,C00800,email,Popular picks selected for you.,2025-06-05,false,,false,,,
SEND002344,CMP01,New Year Reset,C00368,email,Start fresh with practical favorites.,2025-01-21,true,100,false,V010319,,
SEND002345,CMP07,Early Holiday,C00541,email,A head start on thoughtful gifting.,2025-11-11,false,,false,,,
SEND002346,CMP05,Back to Routine,C00997,email,Get back into your everyday rhythm.,2025-08-18,false,,false,,,
SEND002347,CMP07,Early Holiday,C00967,email,A head start on thoughtful gifting.,2025-11-12,false,,false,,,
SEND002348,CMP08,Holiday Highlights,C00192,ads,Explore customer favorites this holiday.,2025-12-12,true,206,false,V010320,,
SEND002349,CMP01,New Year Reset,C00231,email,Start fresh with practical favorites.,2025-02-24,false,,false,,,
SEND002350,CMP01,New Year Reset,C00402,email,Start fresh with practical favorites.,2025-02-07,false,,false,,,
SEND002351,CMP02,Spring Refresh,C00893,ads,Refresh your routine for spring.,2025-03-24,true,213,true,V010321,T006051,32.9
SEND002352,CMP06,Autumn Edit,C00850,ads,Discover this season's useful upgrades.,2025-09-02,false,,false,,,
SEND002353,CMP06,Autumn Edit,C00874,ads,Discover this season's useful upgrades.,2025-10-12,false,,false,,,
SEND002354,CMP04,Summer Essentials,C00551,ads,Simple essentials for warmer days.,2025-07-31,false,,false,,,
SEND002355,CMP05,Back to Routine,C00949,email,Get back into your everyday rhythm.,2025-09-01,false,,false,,,
SEND002356,CMP01,New Year Reset,C00864,email,Start fresh with practical favorites.,2025-02-15,false,,false,,,
SEND002357,CMP07,Early Holiday,C00810,email,A head start on thoughtful gifting.,2025-11-26,false,,false,,,
SEND002358,CMP07,Early Holiday,C00467,email,A head start on thoughtful gifting.,2025-11-30,false,,false,,,
SEND002359,CMP05,Back to Routine,C00788,email,Get back into your everyday rhythm.,2025-08-12,false,,false,,,
SEND002360,CMP02,Spring Refresh,C00104,ads,Refresh your routine for spring.,2025-04-22,true,77,false,V010322,,
SEND002361,CMP04,Summer Essentials,C00112,ads,Simple essentials for warmer days.,2025-07-02,false,,false,,,
SEND002362,CMP05,Back to Routine,C00101,email,Get back into your everyday rhythm.,2025-08-24,false,,false,,,
SEND002363,CMP01,New Year Reset,C00787,email,Start fresh with practical favorites.,2025-01-14,false,,false,,,
SEND002364,CMP03,Member Picks,C00904,email,Popular picks selected for you.,2025-06-02,false,,false,,,
SEND002365,CMP06,Autumn Edit,C00427,ads,Discover this season's useful upgrades.,2025-09-26,false,,false,,,
SEND002366,CMP01,New Year Reset,C00779,email,Start fresh with practical favorites.,2025-02-17,false,,false,,,
SEND002367,CMP01,New Year Reset,C00033,email,Start fresh with practical favorites.,2025-02-15,false,,false,,,
SEND002368,CMP04,Summer Essentials,C00943,ads,Simple essentials for warmer days.,2025-08-09,false,,false,,,
SEND002369,CMP01,New Year Reset,C00914,email,Start fresh with practical favorites.,2025-02-28,false,,false,,,
SEND002370,CMP06,Autumn Edit,C00557,ads,Discover this season's useful upgrades.,2025-09-30,false,,false,,,
SEND002371,CMP08,Holiday Highlights,C00493,ads,Explore customer favorites this holiday.,2025-12-10,false,,false,,,
SEND002372,CMP02,Spring Refresh,C00949,ads,Refresh your routine for spring.,2025-04-21,false,,false,,,
SEND002373,CMP02,Spring Refresh,C00827,ads,Refresh your routine for spring.,2025-03-23,false,,false,,,
SEND002374,CMP02,Spring Refresh,C00861,ads,Refresh your routine for spring.,2025-03-19,false,,false,,,
SEND002375,CMP06,Autumn Edit,C00674,ads,Discover this season's useful upgrades.,2025-09-17,true,240,false,V010323,,
SEND002376,CMP06,Autumn Edit,C00878,ads,Discover this season's useful upgrades.,2025-10-13,false,,false,,,
SEND002377,CMP04,Summer Essentials,C00409,ads,Simple essentials for warmer days.,2025-08-03,false,,false,,,
SEND002378,CMP06,Autumn Edit,C00619,ads,Discover this season's useful upgrades.,2025-10-10,false,,false,,,
SEND002379,CMP03,Member Picks,C00289,email,Popular picks selected for you.,2025-05-15,false,,false,,,
SEND002380,CMP03,Member Picks,C00186,email,Popular picks selected for you.,2025-05-25,false,,false,,,
SEND002381,CMP02,Spring Refresh,C00629,ads,Refresh your routine for spring.,2025-04-03,false,,false,,,
SEND002382,CMP04,Summer Essentials,C00165,ads,Simple essentials for warmer days.,2025-07-22,false,,false,,,
SEND002383,CMP06,Autumn Edit,C00676,ads,Discover this season's useful upgrades.,2025-10-19,true,53,false,V010324,,
SEND002384,CMP08,Holiday Highlights,C00969,ads,Explore customer favorites this holiday.,2025-12-28,false,,false,,,
SEND002385,CMP05,Back to Routine,C00193,email,Get back into your everyday rhythm.,2025-08-20,false,,false,,,
SEND002386,CMP03,Member Picks,C00457,email,Popular picks selected for you.,2025-06-17,false,,false,,,
SEND002387,CMP02,Spring Refresh,C00766,ads,Refresh your routine for spring.,2025-03-31,true,709,false,V010325,,
SEND002388,CMP05,Back to Routine,C00970,email,Get back into your everyday rhythm.,2025-09-12,false,,false,,,
SEND002389,CMP08,Holiday Highlights,C00322,ads,Explore customer favorites this holiday.,2025-11-20,false,,false,,,
SEND002390,CMP08,Holiday Highlights,C00029,ads,Explore customer favorites this holiday.,2025-11-13,false,,false,,,
SEND002391,CMP08,Holiday Highlights,C00107,ads,Explore customer favorites this holiday.,2025-11-23,false,,false,,,
SEND002392,CMP01,New Year Reset,C00830,email,Start fresh with practical favorites.,2025-01-25,false,,false,,,
SEND002393,CMP03,Member Picks,C00269,email,Popular picks selected for you.,2025-05-22,false,,false,,,
SEND002394,CMP06,Autumn Edit,C00267,ads,Discover this season's useful upgrades.,2025-09-21,false,,false,,,
SEND002395,CMP02,Spring Refresh,C00297,ads,Refresh your routine for spring.,2025-03-24,false,,false,,,
SEND002396,CMP05,Back to Routine,C00319,email,Get back into your everyday rhythm.,2025-08-01,false,,false,,,
SEND002397,CMP08,Holiday Highlights,C00687,ads,Explore customer favorites this holiday.,2025-11-04,false,,false,,,
SEND002398,CMP02,Spring Refresh,C00622,ads,Refresh your routine for spring.,2025-03-20,false,,false,,,
SEND002399,CMP06,Autumn Edit,C00706,ads,Discover this season's useful upgrades.,2025-10-24,true,54,false,V010326,,
SEND002400,CMP06,Autumn Edit,C00079,ads,Discover this season's useful upgrades.,2025-10-27,false,,false,,,
SEND002401,CMP05,Back to Routine,C00996,email,Get back into your everyday rhythm.,2025-08-01,true,38,true,V010327,T006052,95.05
SEND002402,CMP05,Back to Routine,C00981,email,Get back into your everyday rhythm.,2025-09-27,false,,false,,,
SEND002403,CMP06,Autumn Edit,C00287,ads,Discover this season's useful upgrades.,2025-09-21,false,,false,,,
SEND002404,CMP07,Early Holiday,C00218,email,A head start on thoughtful gifting.,2025-11-18,false,,false,,,
SEND002405,CMP07,Early Holiday,C00404,email,A head start on thoughtful gifting.,2025-11-24,false,,false,,,
SEND002406,CMP04,Summer Essentials,C00264,ads,Simple essentials for warmer days.,2025-08-06,true,172,false,V010328,,
SEND002407,CMP01,New Year Reset,C00024,email,Start fresh with practical favorites.,2025-01-30,false,,false,,,
SEND002408,CMP05,Back to Routine,C00395,email,Get back into your everyday rhythm.,2025-08-17,false,,false,,,
SEND002409,CMP01,New Year Reset,C00387,email,Start fresh with practical favorites.,2025-01-17,false,,false,,,
SEND002410,CMP01,New Year Reset,C00630,email,Start fresh with practical favorites.,2025-02-02,false,,false,,,
SEND002411,CMP01,New Year Reset,C00055,email,Start fresh with practical favorites.,2025-01-12,false,,false,,,
SEND002412,CMP08,Holiday Highlights,C00143,ads,Explore customer favorites this holiday.,2025-11-12,false,,false,,,
SEND002413,CMP06,Autumn Edit,C00437,ads,Discover this season's useful upgrades.,2025-09-04,false,,false,,,
SEND002414,CMP01,New Year Reset,C00396,email,Start fresh with practical favorites.,2025-01-22,false,,false,,,
SEND002415,CMP06,Autumn Edit,C00216,ads,Discover this season's useful upgrades.,2025-10-24,false,,false,,,
SEND002416,CMP06,Autumn Edit,C00933,ads,Discover this season's useful upgrades.,2025-09-17,true,488,false,V010329,,
SEND002417,CMP06,Autumn Edit,C00313,ads,Discover this season's useful upgrades.,2025-09-07,false,,false,,,
SEND002418,CMP07,Early Holiday,C00602,email,A head start on thoughtful gifting.,2025-11-10,true,75,false,V010330,,
SEND002419,CMP01,New Year Reset,C00904,email,Start fresh with practical favorites.,2025-02-14,false,,false,,,
SEND002420,CMP07,Early Holiday,C00118,email,A head start on thoughtful gifting.,2025-11-10,true,107,false,V010331,,
SEND002421,CMP03,Member Picks,C00780,email,Popular picks selected for you.,2025-06-14,false,,false,,,
SEND002422,CMP01,New Year Reset,C00439,email,Start fresh with practical favorites.,2025-01-03,false,,false,,,
SEND002423,CMP03,Member Picks,C00675,email,Popular picks selected for you.,2025-05-11,false,,false,,,
SEND002424,CMP04,Summer Essentials,C00474,ads,Simple essentials for warmer days.,2025-08-08,false,,false,,,
SEND002425,CMP03,Member Picks,C00377,email,Popular picks selected for you.,2025-05-10,false,,false,,,
SEND002426,CMP06,Autumn Edit,C00498,ads,Discover this season's useful upgrades.,2025-09-12,false,,false,,,
SEND002427,CMP06,Autumn Edit,C00408,ads,Discover this season's useful upgrades.,2025-09-21,false,,false,,,
SEND002428,CMP06,Autumn Edit,C00526,ads,Discover this season's useful upgrades.,2025-09-28,false,,false,,,
SEND002429,CMP06,Autumn Edit,C00434,ads,Discover this season's useful upgrades.,2025-10-20,false,,false,,,
SEND002430,CMP03,Member Picks,C00081,email,Popular picks selected for you.,2025-05-09,false,,false,,,
SEND002431,CMP08,Holiday Highlights,C00956,ads,Explore customer favorites this holiday.,2025-11-23,false,,false,,,
SEND002432,CMP03,Member Picks,C00269,email,Popular picks selected for you.,2025-05-05,false,,false,,,
SEND002433,CMP06,Autumn Edit,C00812,ads,Discover this season's useful upgrades.,2025-09-19,false,,false,,,
SEND002434,CMP05,Back to Routine,C00465,email,Get back into your everyday rhythm.,2025-09-06,false,,false,,,
SEND002435,CMP04,Summer Essentials,C00436,ads,Simple essentials for warmer days.,2025-08-11,false,,false,,,
SEND002436,CMP04,Summer Essentials,C00294,ads,Simple essentials for warmer days.,2025-06-05,false,,false,,,
SEND002437,CMP06,Autumn Edit,C00255,ads,Discover this season's useful upgrades.,2025-09-12,false,,false,,,
SEND002438,CMP05,Back to Routine,C00697,email,Get back into your everyday rhythm.,2025-09-20,false,,false,,,
SEND002439,CMP07,Early Holiday,C00806,email,A head start on thoughtful gifting.,2025-11-18,false,,false,,,
SEND002440,CMP03,Member Picks,C00753,email,Popular picks selected for you.,2025-06-17,false,,false,,,
SEND002441,CMP06,Autumn Edit,C00799,ads,Discover this season's useful upgrades.,2025-09-27,true,261,false,V010332,,
SEND002442,CMP03,Member Picks,C00269,email,Popular picks selected for you.,2025-06-29,false,,false,,,
SEND002443,CMP03,Member Picks,C00423,email,Popular picks selected for you.,2025-05-08,false,,false,,,
SEND002444,CMP06,Autumn Edit,C00109,ads,Discover this season's useful upgrades.,2025-10-12,false,,false,,,
SEND002445,CMP08,Holiday Highlights,C00403,ads,Explore customer favorites this holiday.,2025-12-05,false,,false,,,
SEND002446,CMP02,Spring Refresh,C00034,ads,Refresh your routine for spring.,2025-04-13,false,,false,,,
SEND002447,CMP03,Member Picks,C00214,email,Popular picks selected for you.,2025-05-28,false,,false,,,
SEND002448,CMP07,Early Holiday,C00724,email,A head start on thoughtful gifting.,2025-11-07,false,,false,,,
SEND002449,CMP01,New Year Reset,C00697,email,Start fresh with practical favorites.,2025-01-14,false,,false,,,
SEND002450,CMP04,Summer Essentials,C00723,ads,Simple essentials for warmer days.,2025-06-12,false,,false,,,
SEND002451,CMP08,Holiday Highlights,C00085,ads,Explore customer favorites this holiday.,2025-11-16,false,,false,,,
SEND002452,CMP06,Autumn Edit,C00301,ads,Discover this season's useful upgrades.,2025-09-22,false,,false,,,
SEND002453,CMP08,Holiday Highlights,C00748,ads,Explore customer favorites this holiday.,2025-11-28,false,,false,,,
SEND002454,CMP03,Member Picks,C00901,email,Popular picks selected for you.,2025-06-26,false,,false,,,
SEND002455,CMP04,Summer Essentials,C00693,ads,Simple essentials for warmer days.,2025-06-02,false,,false,,,
SEND002456,CMP02,Spring Refresh,C00522,ads,Refresh your routine for spring.,2025-04-08,true,145,false,V010333,,
SEND002457,CMP02,Spring Refresh,C00684,ads,Refresh your routine for spring.,2025-04-06,false,,false,,,
SEND002458,CMP05,Back to Routine,C00582,email,Get back into your everyday rhythm.,2025-09-05,false,,false,,,
SEND002459,CMP02,Spring Refresh,C00399,ads,Refresh your routine for spring.,2025-03-12,false,,false,,,
SEND002460,CMP01,New Year Reset,C00679,email,Start fresh with practical favorites.,2025-01-03,false,,false,,,
SEND002461,CMP06,Autumn Edit,C00507,ads,Discover this season's useful upgrades.,2025-10-04,false,,false,,,
SEND002462,CMP08,Holiday Highlights,C00944,ads,Explore customer favorites this holiday.,2025-11-14,false,,false,,,
SEND002463,CMP03,Member Picks,C00036,email,Popular picks selected for you.,2025-06-02,false,,false,,,
SEND002464,CMP07,Early Holiday,C00986,email,A head start on thoughtful gifting.,2025-11-17,false,,false,,,
SEND002465,CMP05,Back to Routine,C00833,email,Get back into your everyday rhythm.,2025-08-14,false,,false,,,
SEND002466,CMP07,Early Holiday,C00061,email,A head start on thoughtful gifting.,2025-11-12,false,,false,,,
SEND002467,CMP05,Back to Routine,C00631,email,Get back into your everyday rhythm.,2025-09-23,false,,false,,,
SEND002468,CMP06,Autumn Edit,C00752,ads,Discover this season's useful upgrades.,2025-10-14,false,,false,,,
SEND002469,CMP06,Autumn Edit,C00349,ads,Discover this season's useful upgrades.,2025-09-29,false,,false,,,
SEND002470,CMP01,New Year Reset,C00697,email,Start fresh with practical favorites.,2025-02-12,false,,false,,,
SEND002471,CMP06,Autumn Edit,C00043,ads,Discover this season's useful upgrades.,2025-10-06,false,,false,,,
SEND002472,CMP05,Back to Routine,C00340,email,Get back into your everyday rhythm.,2025-08-14,false,,false,,,
SEND002473,CMP05,Back to Routine,C00581,email,Get back into your everyday rhythm.,2025-09-19,false,,false,,,
SEND002474,CMP07,Early Holiday,C00725,email,A head start on thoughtful gifting.,2025-11-02,false,,false,,,
SEND002475,CMP02,Spring Refresh,C00775,ads,Refresh your routine for spring.,2025-04-05,false,,false,,,
SEND002476,CMP02,Spring Refresh,C00894,ads,Refresh your routine for spring.,2025-03-21,false,,false,,,
SEND002477,CMP01,New Year Reset,C00299,email,Start fresh with practical favorites.,2025-01-23,false,,false,,,
SEND002478,CMP04,Summer Essentials,C00082,ads,Simple essentials for warmer days.,2025-08-26,false,,false,,,
SEND002479,CMP07,Early Holiday,C00994,email,A head start on thoughtful gifting.,2025-11-30,false,,false,,,
SEND002480,CMP03,Member Picks,C00188,email,Popular picks selected for you.,2025-06-21,false,,false,,,
SEND002481,CMP04,Summer Essentials,C00274,ads,Simple essentials for warmer days.,2025-08-29,false,,false,,,
SEND002482,CMP07,Early Holiday,C00217,email,A head start on thoughtful gifting.,2025-11-01,true,72,false,V010334,,
SEND002483,CMP07,Early Holiday,C00843,email,A head start on thoughtful gifting.,2025-11-17,false,,false,,,
SEND002484,CMP07,Early Holiday,C00813,email,A head start on thoughtful gifting.,2025-11-17,true,18,false,V010335,,
SEND002485,CMP05,Back to Routine,C00126,email,Get back into your everyday rhythm.,2025-09-26,false,,false,,,
SEND002486,CMP08,Holiday Highlights,C00824,ads,Explore customer favorites this holiday.,2025-11-01,false,,false,,,
SEND002487,CMP01,New Year Reset,C00602,email,Start fresh with practical favorites.,2025-02-08,false,,false,,,
SEND002488,CMP06,Autumn Edit,C00104,ads,Discover this season's useful upgrades.,2025-10-10,false,,false,,,
SEND002489,CMP02,Spring Refresh,C00242,ads,Refresh your routine for spring.,2025-03-29,false,,false,,,
SEND002490,CMP04,Summer Essentials,C00209,ads,Simple essentials for warmer days.,2025-08-03,true,72,false,V010336,,
SEND002491,CMP06,Autumn Edit,C00185,ads,Discover this season's useful upgrades.,2025-09-13,false,,false,,,
SEND002492,CMP06,Autumn Edit,C00118,ads,Discover this season's useful upgrades.,2025-09-15,true,62,false,V010337,,
SEND002493,CMP04,Summer Essentials,C00069,ads,Simple essentials for warmer days.,2025-07-01,false,,false,,,
SEND002494,CMP04,Summer Essentials,C00425,ads,Simple essentials for warmer days.,2025-08-18,false,,false,,,
SEND002495,CMP03,Member Picks,C00309,email,Popular picks selected for you.,2025-05-10,false,,false,,,
SEND002496,CMP04,Summer Essentials,C00310,ads,Simple essentials for warmer days.,2025-06-03,false,,false,,,
SEND002497,CMP05,Back to Routine,C00212,email,Get back into your everyday rhythm.,2025-09-14,false,,false,,,
SEND002498,CMP06,Autumn Edit,C00391,ads,Discover this season's useful upgrades.,2025-09-13,false,,false,,,
SEND002499,CMP04,Summer Essentials,C00091,ads,Simple essentials for warmer days.,2025-07-22,false,,false,,,
SEND002500,CMP02,Spring Refresh,C00337,ads,Refresh your routine for spring.,2025-04-17,false,,false,,,
SEND002501,CMP03,Member Picks,C00773,email,Popular picks selected for you.,2025-05-14,false,,false,,,
SEND002502,CMP06,Autumn Edit,C00317,ads,Discover this season's useful upgrades.,2025-10-17,false,,false,,,
SEND002503,CMP04,Summer Essentials,C00628,ads,Simple essentials for warmer days.,2025-08-31,false,,false,,,
SEND002504,CMP08,Holiday Highlights,C00449,ads,Explore customer favorites this holiday.,2025-11-21,false,,false,,,
SEND002505,CMP02,Spring Refresh,C00181,ads,Refresh your routine for spring.,2025-04-12,true,128,false,V010338,,
SEND002506,CMP02,Spring Refresh,C00806,ads,Refresh your routine for spring.,2025-03-21,false,,false,,,
SEND002507,CMP04,Summer Essentials,C00472,ads,Simple essentials for warmer days.,2025-06-02,false,,false,,,
SEND002508,CMP07,Early Holiday,C00110,email,A head start on thoughtful gifting.,2025-11-07,false,,false,,,
SEND002509,CMP05,Back to Routine,C00667,email,Get back into your everyday rhythm.,2025-09-06,true,32,false,V010339,,
SEND002510,CMP05,Back to Routine,C00957,email,Get back into your everyday rhythm.,2025-08-11,false,,false,,,
SEND002511,CMP07,Early Holiday,C00934,email,A head start on thoughtful gifting.,2025-11-09,false,,false,,,
SEND002512,CMP07,Early Holiday,C00499,email,A head start on thoughtful gifting.,2025-11-17,false,,false,,,
SEND002513,CMP08,Holiday Highlights,C00444,ads,Explore customer favorites this holiday.,2025-12-13,false,,false,,,
SEND002514,CMP07,Early Holiday,C00191,email,A head start on thoughtful gifting.,2025-11-20,false,,false,,,
SEND002515,CMP02,Spring Refresh,C00807,ads,Refresh your routine for spring.,2025-04-14,false,,false,,,
SEND002516,CMP03,Member Picks,C00794,email,Popular picks selected for you.,2025-06-21,false,,false,,,
SEND002517,CMP07,Early Holiday,C00973,email,A head start on thoughtful gifting.,2025-11-22,true,99,false,V010340,,
SEND002518,CMP08,Holiday Highlights,C00316,ads,Explore customer favorites this holiday.,2025-11-23,true,79,false,V010341,,
SEND002519,CMP07,Early Holiday,C00030,email,A head start on thoughtful gifting.,2025-11-17,false,,false,,,
SEND002520,CMP06,Autumn Edit,C00470,ads,Discover this season's useful upgrades.,2025-10-16,false,,false,,,
SEND002521,CMP07,Early Holiday,C00012,email,A head start on thoughtful gifting.,2025-11-13,false,,false,,,
SEND002522,CMP04,Summer Essentials,C00636,ads,Simple essentials for warmer days.,2025-06-21,false,,false,,,
SEND002523,CMP01,New Year Reset,C00614,email,Start fresh with practical favorites.,2025-02-28,false,,false,,,
SEND002524,CMP01,New Year Reset,C00434,email,Start fresh with practical favorites.,2025-01-13,false,,false,,,
SEND002525,CMP08,Holiday Highlights,C00293,ads,Explore customer favorites this holiday.,2025-12-18,false,,false,,,
SEND002526,CMP02,Spring Refresh,C00073,ads,Refresh your routine for spring.,2025-03-12,false,,false,,,
SEND002527,CMP03,Member Picks,C00864,email,Popular picks selected for you.,2025-06-27,false,,false,,,
SEND002528,CMP06,Autumn Edit,C00372,ads,Discover this season's useful upgrades.,2025-10-15,false,,false,,,
SEND002529,CMP03,Member Picks,C00607,email,Popular picks selected for you.,2025-06-30,false,,false,,,
SEND002530,CMP04,Summer Essentials,C00809,ads,Simple essentials for warmer days.,2025-07-02,false,,false,,,
SEND002531,CMP06,Autumn Edit,C00591,ads,Discover this season's useful upgrades.,2025-09-05,false,,false,,,
SEND002532,CMP08,Holiday Highlights,C00783,ads,Explore customer favorites this holiday.,2025-12-19,false,,false,,,
SEND002533,CMP08,Holiday Highlights,C00844,ads,Explore customer favorites this holiday.,2025-12-09,false,,false,,,
SEND002534,CMP03,Member Picks,C00449,email,Popular picks selected for you.,2025-05-16,false,,false,,,
SEND002535,CMP03,Member Picks,C00187,email,Popular picks selected for you.,2025-06-07,false,,false,,,
SEND002536,CMP07,Early Holiday,C00857,email,A head start on thoughtful gifting.,2025-11-11,false,,false,,,
SEND002537,CMP07,Early Holiday,C00522,email,A head start on thoughtful gifting.,2025-11-11,true,171,false,V010342,,
SEND002538,CMP05,Back to Routine,C00571,email,Get back into your everyday rhythm.,2025-09-21,false,,false,,,
SEND002539,CMP08,Holiday Highlights,C00720,ads,Explore customer favorites this holiday.,2025-11-10,false,,false,,,
SEND002540,CMP04,Summer Essentials,C00065,ads,Simple essentials for warmer days.,2025-06-02,false,,false,,,
SEND002541,CMP04,Summer Essentials,C00663,ads,Simple essentials for warmer days.,2025-08-14,false,,false,,,
SEND002542,CMP02,Spring Refresh,C00723,ads,Refresh your routine for spring.,2025-04-18,false,,false,,,
SEND002543,CMP07,Early Holiday,C00606,email,A head start on thoughtful gifting.,2025-11-08,true,24,false,V010343,,
SEND002544,CMP03,Member Picks,C00895,email,Popular picks selected for you.,2025-05-29,false,,false,,,
SEND002545,CMP01,New Year Reset,C00572,email,Start fresh with practical favorites.,2025-01-10,false,,false,,,
SEND002546,CMP02,Spring Refresh,C00271,ads,Refresh your routine for spring.,2025-04-20,true,72,false,V010344,,
SEND002547,CMP06,Autumn Edit,C00759,ads,Discover this season's useful upgrades.,2025-10-26,false,,false,,,
SEND002548,CMP03,Member Picks,C00239,email,Popular picks selected for you.,2025-05-16,false,,false,,,
SEND002549,CMP06,Autumn Edit,C00922,ads,Discover this season's useful upgrades.,2025-10-01,false,,false,,,
SEND002550,CMP07,Early Holiday,C00488,email,A head start on thoughtful gifting.,2025-11-30,false,,false,,,
SEND002551,CMP05,Back to Routine,C00616,email,Get back into your everyday rhythm.,2025-08-08,true,48,false,V010345,,
SEND002552,CMP07,Early Holiday,C00122,email,A head start on thoughtful gifting.,2025-11-10,false,,false,,,
SEND002553,CMP05,Back to Routine,C00843,email,Get back into your everyday rhythm.,2025-09-21,false,,false,,,
SEND002554,CMP01,New Year Reset,C00933,email,Start fresh with practical favorites.,2025-02-20,false,,false,,,
SEND002555,CMP02,Spring Refresh,C00853,ads,Refresh your routine for spring.,2025-04-30,false,,false,,,
SEND002556,CMP06,Autumn Edit,C00691,ads,Discover this season's useful upgrades.,2025-10-14,true,73,false,V010346,,
SEND002557,CMP06,Autumn Edit,C00196,ads,Discover this season's useful upgrades.,2025-09-16,false,,false,,,
SEND002558,CMP03,Member Picks,C00407,email,Popular picks selected for you.,2025-06-02,true,64,false,V010347,,
SEND002559,CMP07,Early Holiday,C00084,email,A head start on thoughtful gifting.,2025-11-16,false,,false,,,
SEND002560,CMP07,Early Holiday,C00098,email,A head start on thoughtful gifting.,2025-11-18,false,,false,,,
SEND002561,CMP05,Back to Routine,C00569,email,Get back into your everyday rhythm.,2025-09-25,false,,false,,,
SEND002562,CMP02,Spring Refresh,C00982,ads,Refresh your routine for spring.,2025-04-04,false,,false,,,
SEND002563,CMP04,Summer Essentials,C00545,ads,Simple essentials for warmer days.,2025-07-10,false,,false,,,
SEND002564,CMP02,Spring Refresh,C00357,ads,Refresh your routine for spring.,2025-03-01,false,,false,,,
SEND002565,CMP04,Summer Essentials,C00486,ads,Simple essentials for warmer days.,2025-06-01,false,,false,,,
SEND002566,CMP03,Member Picks,C00530,email,Popular picks selected for you.,2025-06-30,false,,false,,,
SEND002567,CMP03,Member Picks,C00306,email,Popular picks selected for you.,2025-05-20,false,,false,,,
SEND002568,CMP04,Summer Essentials,C00309,ads,Simple essentials for warmer days.,2025-06-03,false,,false,,,
SEND002569,CMP05,Back to Routine,C00476,email,Get back into your everyday rhythm.,2025-08-10,false,,false,,,
SEND002570,CMP01,New Year Reset,C00594,email,Start fresh with practical favorites.,2025-02-18,true,78,false,V010348,,
SEND002571,CMP06,Autumn Edit,C00107,ads,Discover this season's useful upgrades.,2025-09-06,false,,false,,,
SEND002572,CMP08,Holiday Highlights,C00027,ads,Explore customer favorites this holiday.,2025-12-20,false,,false,,,
SEND002573,CMP02,Spring Refresh,C00397,ads,Refresh your routine for spring.,2025-03-25,false,,false,,,
SEND002574,CMP07,Early Holiday,C00876,email,A head start on thoughtful gifting.,2025-11-10,false,,false,,,
SEND002575,CMP01,New Year Reset,C00816,email,Start fresh with practical favorites.,2025-02-08,true,52,true,V010349,T006053,40.41
SEND002576,CMP05,Back to Routine,C00288,email,Get back into your everyday rhythm.,2025-09-27,false,,false,,,
SEND002577,CMP05,Back to Routine,C00872,email,Get back into your everyday rhythm.,2025-09-01,false,,false,,,
SEND002578,CMP07,Early Holiday,C00800,email,A head start on thoughtful gifting.,2025-11-28,false,,false,,,
SEND002579,CMP02,Spring Refresh,C00725,ads,Refresh your routine for spring.,2025-03-27,false,,false,,,
SEND002580,CMP05,Back to Routine,C00694,email,Get back into your everyday rhythm.,2025-09-30,false,,false,,,
SEND002581,CMP02,Spring Refresh,C00199,ads,Refresh your routine for spring.,2025-04-27,true,49,false,V010350,,
SEND002582,CMP06,Autumn Edit,C00813,ads,Discover this season's useful upgrades.,2025-10-21,false,,false,,,
SEND002583,CMP05,Back to Routine,C00964,email,Get back into your everyday rhythm.,2025-09-16,false,,false,,,
SEND002584,CMP05,Back to Routine,C00824,email,Get back into your everyday rhythm.,2025-08-31,false,,false,,,
SEND002585,CMP02,Spring Refresh,C00468,ads,Refresh your routine for spring.,2025-04-22,false,,false,,,
SEND002586,CMP06,Autumn Edit,C00398,ads,Discover this season's useful upgrades.,2025-09-25,false,,false,,,
SEND002587,CMP06,Autumn Edit,C00439,ads,Discover this season's useful upgrades.,2025-09-26,false,,false,,,
SEND002588,CMP02,Spring Refresh,C00792,ads,Refresh your routine for spring.,2025-03-06,false,,false,,,
SEND002589,CMP02,Spring Refresh,C00019,ads,Refresh your routine for spring.,2025-04-03,true,56,false,V010351,,
SEND002590,CMP03,Member Picks,C00828,email,Popular picks selected for you.,2025-06-21,false,,false,,,
SEND002591,CMP06,Autumn Edit,C00893,ads,Discover this season's useful upgrades.,2025-09-09,false,,false,,,
SEND002592,CMP04,Summer Essentials,C00729,ads,Simple essentials for warmer days.,2025-06-25,false,,false,,,
SEND002593,CMP05,Back to Routine,C00526,email,Get back into your everyday rhythm.,2025-09-04,false,,false,,,
SEND002594,CMP04,Summer Essentials,C00442,ads,Simple essentials for warmer days.,2025-06-02,false,,false,,,
SEND002595,CMP08,Holiday Highlights,C00165,ads,Explore customer favorites this holiday.,2025-12-05,false,,false,,,
SEND002596,CMP01,New Year Reset,C00708,email,Start fresh with practical favorites.,2025-01-05,false,,false,,,
SEND002597,CMP04,Summer Essentials,C00579,ads,Simple essentials for warmer days.,2025-06-02,false,,false,,,
SEND002598,CMP07,Early Holiday,C00502,email,A head start on thoughtful gifting.,2025-11-12,false,,false,,,
SEND002599,CMP01,New Year Reset,C00673,email,Start fresh with practical favorites.,2025-01-07,true,64,false,V010352,,
SEND002600,CMP01,New Year Reset,C00758,email,Start fresh with practical favorites.,2025-02-09,true,143,true,V010353,T006054,16.9
SEND002601,CMP02,Spring Refresh,C00590,ads,Refresh your routine for spring.,2025-04-03,false,,false,,,
SEND002602,CMP04,Summer Essentials,C00274,ads,Simple essentials for warmer days.,2025-07-19,false,,false,,,
SEND002603,CMP07,Early Holiday,C00082,email,A head start on thoughtful gifting.,2025-11-23,false,,false,,,
SEND002604,CMP02,Spring Refresh,C00487,ads,Refresh your routine for spring.,2025-03-30,false,,false,,,
SEND002605,CMP05,Back to Routine,C00421,email,Get back into your everyday rhythm.,2025-09-29,false,,false,,,
SEND002606,CMP06,Autumn Edit,C00102,ads,Discover this season's useful upgrades.,2025-10-25,false,,false,,,
SEND002607,CMP02,Spring Refresh,C00948,ads,Refresh your routine for spring.,2025-04-12,true,43,false,V010354,,
SEND002608,CMP08,Holiday Highlights,C00812,ads,Explore customer favorites this holiday.,2025-11-22,true,78,false,V010355,,
SEND002609,CMP07,Early Holiday,C00896,email,A head start on thoughtful gifting.,2025-11-15,false,,false,,,
SEND002610,CMP02,Spring Refresh,C00026,ads,Refresh your routine for spring.,2025-03-15,true,112,false,V010356,,
SEND002611,CMP01,New Year Reset,C00173,email,Start fresh with practical favorites.,2025-01-07,false,,false,,,
SEND002612,CMP05,Back to Routine,C00809,email,Get back into your everyday rhythm.,2025-08-14,false,,false,,,
SEND002613,CMP02,Spring Refresh,C00680,ads,Refresh your routine for spring.,2025-04-29,true,72,false,V010357,,
SEND002614,CMP03,Member Picks,C00950,email,Popular picks selected for you.,2025-05-14,false,,false,,,
SEND002615,CMP01,New Year Reset,C00239,email,Start fresh with practical favorites.,2025-02-02,true,27,false,V010358,,
SEND002616,CMP03,Member Picks,C00780,email,Popular picks selected for you.,2025-06-23,false,,false,,,
SEND002617,CMP06,Autumn Edit,C00887,ads,Discover this season's useful upgrades.,2025-09-19,false,,false,,,
SEND002618,CMP08,Holiday Highlights,C00499,ads,Explore customer favorites this holiday.,2025-12-22,false,,false,,,
SEND002619,CMP01,New Year Reset,C00484,email,Start fresh with practical favorites.,2025-02-06,false,,false,,,
SEND002620,CMP05,Back to Routine,C00626,email,Get back into your everyday rhythm.,2025-08-26,true,39,true,V010359,T006055,23.44
SEND002621,CMP06,Autumn Edit,C00465,ads,Discover this season's useful upgrades.,2025-09-24,false,,false,,,
SEND002622,CMP05,Back to Routine,C00305,email,Get back into your everyday rhythm.,2025-08-05,false,,false,,,
SEND002623,CMP04,Summer Essentials,C00392,ads,Simple essentials for warmer days.,2025-06-06,false,,false,,,
SEND002624,CMP08,Holiday Highlights,C00161,ads,Explore customer favorites this holiday.,2025-11-24,false,,false,,,
SEND002625,CMP01,New Year Reset,C00192,email,Start fresh with practical favorites.,2025-01-11,false,,false,,,
SEND002626,CMP04,Summer Essentials,C00843,ads,Simple essentials for warmer days.,2025-08-12,false,,false,,,
SEND002627,CMP04,Summer Essentials,C00121,ads,Simple essentials for warmer days.,2025-08-22,false,,false,,,
SEND002628,CMP08,Holiday Highlights,C00990,ads,Explore customer favorites this holiday.,2025-11-12,false,,false,,,
SEND002629,CMP05,Back to Routine,C00750,email,Get back into your everyday rhythm.,2025-09-03,false,,false,,,
SEND002630,CMP08,Holiday Highlights,C00233,ads,Explore customer favorites this holiday.,2025-12-28,false,,false,,,
SEND002631,CMP05,Back to Routine,C00488,email,Get back into your everyday rhythm.,2025-09-29,false,,false,,,
SEND002632,CMP03,Member Picks,C00851,email,Popular picks selected for you.,2025-05-18,false,,false,,,
SEND002633,CMP07,Early Holiday,C00160,email,A head start on thoughtful gifting.,2025-11-21,false,,false,,,
SEND002634,CMP01,New Year Reset,C00746,email,Start fresh with practical favorites.,2025-02-26,false,,false,,,
SEND002635,CMP05,Back to Routine,C00958,email,Get back into your everyday rhythm.,2025-08-28,false,,false,,,
SEND002636,CMP06,Autumn Edit,C00450,ads,Discover this season's useful upgrades.,2025-09-26,false,,false,,,
SEND002637,CMP03,Member Picks,C00596,email,Popular picks selected for you.,2025-05-18,false,,false,,,
SEND002638,CMP03,Member Picks,C00552,email,Popular picks selected for you.,2025-06-24,false,,false,,,
SEND002639,CMP07,Early Holiday,C00094,email,A head start on thoughtful gifting.,2025-11-12,false,,false,,,
SEND002640,CMP04,Summer Essentials,C00907,ads,Simple essentials for warmer days.,2025-07-12,false,,false,,,
SEND002641,CMP04,Summer Essentials,C00403,ads,Simple essentials for warmer days.,2025-07-04,true,135,false,V010360,,
SEND002642,CMP01,New Year Reset,C00080,email,Start fresh with practical favorites.,2025-01-13,false,,false,,,
SEND002643,CMP03,Member Picks,C00978,email,Popular picks selected for you.,2025-06-01,false,,false,,,
SEND002644,CMP07,Early Holiday,C00057,email,A head start on thoughtful gifting.,2025-11-22,false,,false,,,
SEND002645,CMP05,Back to Routine,C00449,email,Get back into your everyday rhythm.,2025-09-16,false,,false,,,
SEND002646,CMP01,New Year Reset,C00720,email,Start fresh with practical favorites.,2025-02-12,false,,false,,,
SEND002647,CMP07,Early Holiday,C00304,email,A head start on thoughtful gifting.,2025-11-06,true,15,false,V010361,,
SEND002648,CMP04,Summer Essentials,C00355,ads,Simple essentials for warmer days.,2025-06-11,false,,false,,,
SEND002649,CMP04,Summer Essentials,C00880,ads,Simple essentials for warmer days.,2025-08-31,false,,false,,,
SEND002650,CMP08,Holiday Highlights,C00862,ads,Explore customer favorites this holiday.,2025-12-10,false,,false,,,
SEND002651,CMP07,Early Holiday,C00677,email,A head start on thoughtful gifting.,2025-11-11,false,,false,,,
SEND002652,CMP07,Early Holiday,C00859,email,A head start on thoughtful gifting.,2025-11-26,false,,false,,,
SEND002653,CMP06,Autumn Edit,C00820,ads,Discover this season's useful upgrades.,2025-10-07,false,,false,,,
SEND002654,CMP06,Autumn Edit,C00919,ads,Discover this season's useful upgrades.,2025-09-24,false,,false,,,
SEND002655,CMP03,Member Picks,C00080,email,Popular picks selected for you.,2025-05-17,false,,false,,,
SEND002656,CMP06,Autumn Edit,C00158,ads,Discover this season's useful upgrades.,2025-10-16,false,,false,,,
SEND002657,CMP04,Summer Essentials,C00956,ads,Simple essentials for warmer days.,2025-07-11,false,,false,,,
SEND002658,CMP03,Member Picks,C00964,email,Popular picks selected for you.,2025-05-11,false,,false,,,
SEND002659,CMP02,Spring Refresh,C00220,ads,Refresh your routine for spring.,2025-04-02,false,,false,,,
SEND002660,CMP01,New Year Reset,C00616,email,Start fresh with practical favorites.,2025-01-03,false,,false,,,
SEND002661,CMP06,Autumn Edit,C00998,ads,Discover this season's useful upgrades.,2025-10-23,false,,false,,,
SEND002662,CMP05,Back to Routine,C00253,email,Get back into your everyday rhythm.,2025-09-13,false,,false,,,
SEND002663,CMP02,Spring Refresh,C00905,ads,Refresh your routine for spring.,2025-03-13,false,,false,,,
SEND002664,CMP04,Summer Essentials,C00563,ads,Simple essentials for warmer days.,2025-07-24,false,,false,,,
SEND002665,CMP04,Summer Essentials,C00639,ads,Simple essentials for warmer days.,2025-07-16,false,,false,,,
SEND002666,CMP08,Holiday Highlights,C00400,ads,Explore customer favorites this holiday.,2025-11-14,false,,false,,,
SEND002667,CMP05,Back to Routine,C00324,email,Get back into your everyday rhythm.,2025-09-18,false,,false,,,
SEND002668,CMP04,Summer Essentials,C00664,ads,Simple essentials for warmer days.,2025-07-30,false,,false,,,
SEND002669,CMP05,Back to Routine,C00402,email,Get back into your everyday rhythm.,2025-08-23,false,,false,,,
SEND002670,CMP01,New Year Reset,C00617,email,Start fresh with practical favorites.,2025-01-25,false,,false,,,
SEND002671,CMP04,Summer Essentials,C00479,ads,Simple essentials for warmer days.,2025-06-07,false,,false,,,
SEND002672,CMP07,Early Holiday,C00298,email,A head start on thoughtful gifting.,2025-11-24,false,,false,,,
SEND002673,CMP08,Holiday Highlights,C00580,ads,Explore customer favorites this holiday.,2025-11-12,false,,false,,,
SEND002674,CMP04,Summer Essentials,C00930,ads,Simple essentials for warmer days.,2025-06-11,false,,false,,,
SEND002675,CMP01,New Year Reset,C00144,email,Start fresh with practical favorites.,2025-02-07,false,,false,,,
SEND002676,CMP01,New Year Reset,C00702,email,Start fresh with practical favorites.,2025-02-07,false,,false,,,
SEND002677,CMP03,Member Picks,C00039,email,Popular picks selected for you.,2025-06-18,false,,false,,,
SEND002678,CMP06,Autumn Edit,C00661,ads,Discover this season's useful upgrades.,2025-09-06,false,,false,,,
SEND002679,CMP02,Spring Refresh,C00298,ads,Refresh your routine for spring.,2025-04-15,false,,false,,,
SEND002680,CMP01,New Year Reset,C00501,email,Start fresh with practical favorites.,2025-01-01,false,,false,,,
SEND002681,CMP06,Autumn Edit,C00488,ads,Discover this season's useful upgrades.,2025-09-05,false,,false,,,
SEND002682,CMP07,Early Holiday,C00163,email,A head start on thoughtful gifting.,2025-11-01,false,,false,,,
SEND002683,CMP05,Back to Routine,C00522,email,Get back into your everyday rhythm.,2025-08-16,false,,false,,,
SEND002684,CMP05,Back to Routine,C00545,email,Get back into your everyday rhythm.,2025-08-28,false,,false,,,
SEND002685,CMP04,Summer Essentials,C00064,ads,Simple essentials for warmer days.,2025-06-18,false,,false,,,
SEND002686,CMP06,Autumn Edit,C00828,ads,Discover this season's useful upgrades.,2025-10-22,false,,false,,,
SEND002687,CMP08,Holiday Highlights,C00911,ads,Explore customer favorites this holiday.,2025-11-16,false,,false,,,
SEND002688,CMP02,Spring Refresh,C00179,ads,Refresh your routine for spring.,2025-04-09,false,,false,,,
SEND002689,CMP07,Early Holiday,C00617,email,A head start on thoughtful gifting.,2025-11-18,false,,false,,,
SEND002690,CMP02,Spring Refresh,C00140,ads,Refresh your routine for spring.,2025-03-10,false,,false,,,
SEND002691,CMP04,Summer Essentials,C00514,ads,Simple essentials for warmer days.,2025-08-18,false,,false,,,
SEND002692,CMP05,Back to Routine,C00123,email,Get back into your everyday rhythm.,2025-08-08,false,,false,,,
SEND002693,CMP07,Early Holiday,C00022,email,A head start on thoughtful gifting.,2025-11-15,false,,false,,,
SEND002694,CMP03,Member Picks,C00721,email,Popular picks selected for you.,2025-06-23,false,,false,,,
SEND002695,CMP05,Back to Routine,C00352,email,Get back into your everyday rhythm.,2025-09-17,false,,false,,,
SEND002696,CMP08,Holiday Highlights,C00987,ads,Explore customer favorites this holiday.,2025-11-05,false,,false,,,
SEND002697,CMP07,Early Holiday,C00773,email,A head start on thoughtful gifting.,2025-11-26,false,,false,,,
SEND002698,CMP03,Member Picks,C00043,email,Popular picks selected for you.,2025-05-20,false,,false,,,
SEND002699,CMP07,Early Holiday,C00743,email,A head start on thoughtful gifting.,2025-11-29,false,,false,,,
SEND002700,CMP05,Back to Routine,C00542,email,Get back into your everyday rhythm.,2025-08-24,false,,false,,,
SEND002701,CMP01,New Year Reset,C00820,email,Start fresh with practical favorites.,2025-01-13,false,,false,,,
SEND002702,CMP08,Holiday Highlights,C00730,ads,Explore customer favorites this holiday.,2025-11-09,false,,false,,,
SEND002703,CMP06,Autumn Edit,C00485,ads,Discover this season's useful upgrades.,2025-09-03,false,,false,,,
SEND002704,CMP07,Early Holiday,C00159,email,A head start on thoughtful gifting.,2025-11-10,false,,false,,,
SEND002705,CMP08,Holiday Highlights,C00563,ads,Explore customer favorites this holiday.,2025-12-23,false,,false,,,
SEND002706,CMP01,New Year Reset,C00561,email,Start fresh with practical favorites.,2025-02-01,false,,false,,,
SEND002707,CMP05,Back to Routine,C00913,email,Get back into your everyday rhythm.,2025-09-06,true,287,false,V010362,,
SEND002708,CMP07,Early Holiday,C00577,email,A head start on thoughtful gifting.,2025-11-22,false,,false,,,
SEND002709,CMP04,Summer Essentials,C00729,ads,Simple essentials for warmer days.,2025-07-15,false,,false,,,
SEND002710,CMP03,Member Picks,C00028,email,Popular picks selected for you.,2025-05-05,false,,false,,,
SEND002711,CMP08,Holiday Highlights,C00521,ads,Explore customer favorites this holiday.,2025-11-01,false,,false,,,
SEND002712,CMP03,Member Picks,C00893,email,Popular picks selected for you.,2025-05-12,true,21,false,V010363,,
SEND002713,CMP01,New Year Reset,C00785,email,Start fresh with practical favorites.,2025-02-03,true,80,false,V010364,,
SEND002714,CMP03,Member Picks,C00885,email,Popular picks selected for you.,2025-05-17,false,,false,,,
SEND002715,CMP02,Spring Refresh,C00629,ads,Refresh your routine for spring.,2025-04-19,false,,false,,,
SEND002716,CMP07,Early Holiday,C00810,email,A head start on thoughtful gifting.,2025-11-14,false,,false,,,
SEND002717,CMP06,Autumn Edit,C00645,ads,Discover this season's useful upgrades.,2025-09-30,false,,false,,,
SEND002718,CMP04,Summer Essentials,C00971,ads,Simple essentials for warmer days.,2025-06-16,false,,false,,,
SEND002719,CMP03,Member Picks,C00055,email,Popular picks selected for you.,2025-06-14,false,,false,,,
SEND002720,CMP04,Summer Essentials,C00843,ads,Simple essentials for warmer days.,2025-06-17,false,,false,,,
SEND002721,CMP06,Autumn Edit,C00956,ads,Discover this season's useful upgrades.,2025-09-10,false,,false,,,
SEND002722,CMP07,Early Holiday,C00994,email,A head start on thoughtful gifting.,2025-11-20,false,,false,,,
SEND002723,CMP07,Early Holiday,C00322,email,A head start on thoughtful gifting.,2025-11-29,false,,false,,,
SEND002724,CMP05,Back to Routine,C00407,email,Get back into your everyday rhythm.,2025-08-27,false,,false,,,
SEND002725,CMP05,Back to Routine,C00732,email,Get back into your everyday rhythm.,2025-08-01,false,,false,,,
SEND002726,CMP02,Spring Refresh,C00857,ads,Refresh your routine for spring.,2025-03-14,false,,false,,,
SEND002727,CMP05,Back to Routine,C00459,email,Get back into your everyday rhythm.,2025-09-01,true,83,false,V010365,,
SEND002728,CMP04,Summer Essentials,C00679,ads,Simple essentials for warmer days.,2025-06-29,false,,false,,,
SEND002729,CMP03,Member Picks,C00658,email,Popular picks selected for you.,2025-06-25,false,,false,,,
SEND002730,CMP02,Spring Refresh,C00046,ads,Refresh your routine for spring.,2025-03-22,false,,false,,,
SEND002731,CMP07,Early Holiday,C00473,email,A head start on thoughtful gifting.,2025-11-27,true,111,false,V010366,,
SEND002732,CMP03,Member Picks,C00391,email,Popular picks selected for you.,2025-06-11,false,,false,,,
SEND002733,CMP04,Summer Essentials,C00639,ads,Simple essentials for warmer days.,2025-08-20,false,,false,,,
SEND002734,CMP02,Spring Refresh,C00592,ads,Refresh your routine for spring.,2025-03-19,false,,false,,,
SEND002735,CMP07,Early Holiday,C00692,email,A head start on thoughtful gifting.,2025-11-30,true,39,false,V010367,,
SEND002736,CMP08,Holiday Highlights,C00380,ads,Explore customer favorites this holiday.,2025-12-20,false,,false,,,
SEND002737,CMP02,Spring Refresh,C00218,ads,Refresh your routine for spring.,2025-04-02,false,,false,,,
SEND002738,CMP04,Summer Essentials,C00140,ads,Simple essentials for warmer days.,2025-08-02,false,,false,,,
SEND002739,CMP07,Early Holiday,C00263,email,A head start on thoughtful gifting.,2025-11-18,false,,false,,,
SEND002740,CMP02,Spring Refresh,C00203,ads,Refresh your routine for spring.,2025-03-16,false,,false,,,
SEND002741,CMP02,Spring Refresh,C00306,ads,Refresh your routine for spring.,2025-04-05,false,,false,,,
SEND002742,CMP07,Early Holiday,C00974,email,A head start on thoughtful gifting.,2025-11-24,false,,false,,,
SEND002743,CMP08,Holiday Highlights,C00482,ads,Explore customer favorites this holiday.,2025-11-16,false,,false,,,
SEND002744,CMP01,New Year Reset,C00069,email,Start fresh with practical favorites.,2025-01-28,false,,false,,,
SEND002745,CMP08,Holiday Highlights,C00809,ads,Explore customer favorites this holiday.,2025-11-06,false,,false,,,
SEND002746,CMP03,Member Picks,C00039,email,Popular picks selected for you.,2025-06-26,false,,false,,,
SEND002747,CMP07,Early Holiday,C00322,email,A head start on thoughtful gifting.,2025-11-28,false,,false,,,
SEND002748,CMP01,New Year Reset,C00629,email,Start fresh with practical favorites.,2025-01-28,false,,false,,,
SEND002749,CMP07,Early Holiday,C00632,email,A head start on thoughtful gifting.,2025-11-01,false,,false,,,
SEND002750,CMP02,Spring Refresh,C00861,ads,Refresh your routine for spring.,2025-03-06,false,,false,,,
SEND002751,CMP03,Member Picks,C00592,email,Popular picks selected for you.,2025-06-25,true,85,false,V010368,,
SEND002752,CMP04,Summer Essentials,C00330,ads,Simple essentials for warmer days.,2025-06-26,false,,false,,,
SEND002753,CMP03,Member Picks,C00593,email,Popular picks selected for you.,2025-06-02,false,,false,,,
SEND002754,CMP07,Early Holiday,C00529,email,A head start on thoughtful gifting.,2025-11-04,false,,false,,,
SEND002755,CMP04,Summer Essentials,C00443,ads,Simple essentials for warmer days.,2025-07-03,false,,false,,,
SEND002756,CMP07,Early Holiday,C00983,email,A head start on thoughtful gifting.,2025-11-30,false,,false,,,
SEND002757,CMP03,Member Picks,C00427,email,Popular picks selected for you.,2025-05-22,false,,false,,,
SEND002758,CMP04,Summer Essentials,C00012,ads,Simple essentials for warmer days.,2025-07-15,false,,false,,,
SEND002759,CMP08,Holiday Highlights,C00796,ads,Explore customer favorites this holiday.,2025-11-24,false,,false,,,
SEND002760,CMP05,Back to Routine,C00763,email,Get back into your everyday rhythm.,2025-09-09,false,,false,,,
SEND002761,CMP06,Autumn Edit,C00531,ads,Discover this season's useful upgrades.,2025-10-24,false,,false,,,
SEND002762,CMP02,Spring Refresh,C00246,ads,Refresh your routine for spring.,2025-04-27,false,,false,,,
SEND002763,CMP03,Member Picks,C00743,email,Popular picks selected for you.,2025-06-29,false,,false,,,
SEND002764,CMP04,Summer Essentials,C00519,ads,Simple essentials for warmer days.,2025-07-07,false,,false,,,
SEND002765,CMP04,Summer Essentials,C00830,ads,Simple essentials for warmer days.,2025-06-18,false,,false,,,
SEND002766,CMP07,Early Holiday,C00092,email,A head start on thoughtful gifting.,2025-11-22,false,,false,,,
SEND002767,CMP02,Spring Refresh,C00682,ads,Refresh your routine for spring.,2025-03-08,false,,false,,,
SEND002768,CMP08,Holiday Highlights,C00988,ads,Explore customer favorites this holiday.,2025-12-26,true,55,true,V010369,T006056,30.05
SEND002769,CMP01,New Year Reset,C00812,email,Start fresh with practical favorites.,2025-01-02,false,,false,,,
SEND002770,CMP01,New Year Reset,C00245,email,Start fresh with practical favorites.,2025-02-23,false,,false,,,
SEND002771,CMP01,New Year Reset,C00283,email,Start fresh with practical favorites.,2025-01-17,true,100,false,V010370,,
SEND002772,CMP08,Holiday Highlights,C00478,ads,Explore customer favorites this holiday.,2025-12-31,false,,false,,,
SEND002773,CMP07,Early Holiday,C00728,email,A head start on thoughtful gifting.,2025-11-10,true,307,false,V010371,,
SEND002774,CMP04,Summer Essentials,C00705,ads,Simple essentials for warmer days.,2025-06-27,false,,false,,,
SEND002775,CMP05,Back to Routine,C00454,email,Get back into your everyday rhythm.,2025-09-01,false,,false,,,
SEND002776,CMP02,Spring Refresh,C00605,ads,Refresh your routine for spring.,2025-03-19,false,,false,,,
SEND002777,CMP03,Member Picks,C00618,email,Popular picks selected for you.,2025-06-14,false,,false,,,
SEND002778,CMP04,Summer Essentials,C00808,ads,Simple essentials for warmer days.,2025-06-29,false,,false,,,
SEND002779,CMP06,Autumn Edit,C00385,ads,Discover this season's useful upgrades.,2025-09-28,false,,false,,,
SEND002780,CMP07,Early Holiday,C00798,email,A head start on thoughtful gifting.,2025-11-18,true,59,false,V010372,,
SEND002781,CMP08,Holiday Highlights,C00162,ads,Explore customer favorites this holiday.,2025-12-26,true,55,false,V010373,,
SEND002782,CMP06,Autumn Edit,C00435,ads,Discover this season's useful upgrades.,2025-10-24,false,,false,,,
SEND002783,CMP08,Holiday Highlights,C00615,ads,Explore customer favorites this holiday.,2025-12-02,false,,false,,,
SEND002784,CMP01,New Year Reset,C00826,email,Start fresh with practical favorites.,2025-01-03,false,,false,,,
SEND002785,CMP03,Member Picks,C00422,email,Popular picks selected for you.,2025-05-13,false,,false,,,
SEND002786,CMP04,Summer Essentials,C00858,ads,Simple essentials for warmer days.,2025-08-12,false,,false,,,
SEND002787,CMP03,Member Picks,C00096,email,Popular picks selected for you.,2025-05-28,false,,false,,,
SEND002788,CMP01,New Year Reset,C00460,email,Start fresh with practical favorites.,2025-01-29,false,,false,,,
SEND002789,CMP05,Back to Routine,C00377,email,Get back into your everyday rhythm.,2025-09-23,false,,false,,,
SEND002790,CMP02,Spring Refresh,C00160,ads,Refresh your routine for spring.,2025-03-30,false,,false,,,
SEND002791,CMP04,Summer Essentials,C00255,ads,Simple essentials for warmer days.,2025-06-01,false,,false,,,
SEND002792,CMP03,Member Picks,C00574,email,Popular picks selected for you.,2025-06-21,false,,false,,,
SEND002793,CMP03,Member Picks,C00169,email,Popular picks selected for you.,2025-06-07,false,,false,,,
SEND002794,CMP08,Holiday Highlights,C00892,ads,Explore customer favorites this holiday.,2025-11-26,false,,false,,,
SEND002795,CMP04,Summer Essentials,C00551,ads,Simple essentials for warmer days.,2025-08-03,true,124,false,V010374,,
SEND002796,CMP04,Summer Essentials,C00131,ads,Simple essentials for warmer days.,2025-08-27,true,137,false,V010375,,
SEND002797,CMP08,Holiday Highlights,C00871,ads,Explore customer favorites this holiday.,2025-11-01,false,,false,,,
SEND002798,CMP07,Early Holiday,C00761,email,A head start on thoughtful gifting.,2025-11-16,false,,false,,,
SEND002799,CMP05,Back to Routine,C00163,email,Get back into your everyday rhythm.,2025-09-09,false,,false,,,
SEND002800,CMP05,Back to Routine,C00246,email,Get back into your everyday rhythm.,2025-08-13,false,,false,,,
SEND002801,CMP01,New Year Reset,C00879,email,Start fresh with practical favorites.,2025-02-09,false,,false,,,
SEND002802,CMP07,Early Holiday,C00713,email,A head start on thoughtful gifting.,2025-11-15,true,107,true,V010376,T006057,60.79
SEND002803,CMP07,Early Holiday,C00408,email,A head start on thoughtful gifting.,2025-11-15,false,,false,,,
SEND002804,CMP08,Holiday Highlights,C00524,ads,Explore customer favorites this holiday.,2025-11-08,true,358,false,V010377,,
SEND002805,CMP01,New Year Reset,C00081,email,Start fresh with practical favorites.,2025-01-10,false,,false,,,
SEND002806,CMP07,Early Holiday,C00597,email,A head start on thoughtful gifting.,2025-11-02,false,,false,,,
SEND002807,CMP02,Spring Refresh,C00112,ads,Refresh your routine for spring.,2025-03-31,true,62,false,V010378,,
SEND002808,CMP04,Summer Essentials,C00188,ads,Simple essentials for warmer days.,2025-06-27,false,,false,,,
SEND002809,CMP05,Back to Routine,C00425,email,Get back into your everyday rhythm.,2025-09-17,false,,false,,,
SEND002810,CMP01,New Year Reset,C00199,email,Start fresh with practical favorites.,2025-02-14,false,,false,,,
SEND002811,CMP05,Back to Routine,C00733,email,Get back into your everyday rhythm.,2025-09-02,true,81,false,V010379,,
SEND002812,CMP02,Spring Refresh,C00066,ads,Refresh your routine for spring.,2025-03-27,false,,false,,,
SEND002813,CMP07,Early Holiday,C00827,email,A head start on thoughtful gifting.,2025-11-21,false,,false,,,
SEND002814,CMP08,Holiday Highlights,C00799,ads,Explore customer favorites this holiday.,2025-12-02,true,171,false,V010380,,
SEND002815,CMP07,Early Holiday,C00959,email,A head start on thoughtful gifting.,2025-11-09,true,157,false,V010381,,
SEND002816,CMP02,Spring Refresh,C00753,ads,Refresh your routine for spring.,2025-04-23,true,126,false,V010382,,
SEND002817,CMP08,Holiday Highlights,C00149,ads,Explore customer favorites this holiday.,2025-11-06,false,,false,,,
SEND002818,CMP03,Member Picks,C00107,email,Popular picks selected for you.,2025-05-28,false,,false,,,
SEND002819,CMP04,Summer Essentials,C00771,ads,Simple essentials for warmer days.,2025-08-06,false,,false,,,
SEND002820,CMP02,Spring Refresh,C00625,ads,Refresh your routine for spring.,2025-04-06,false,,false,,,
SEND002821,CMP02,Spring Refresh,C00953,ads,Refresh your routine for spring.,2025-03-25,false,,false,,,
SEND002822,CMP03,Member Picks,C00965,email,Popular picks selected for you.,2025-06-12,false,,false,,,
SEND002823,CMP04,Summer Essentials,C00326,ads,Simple essentials for warmer days.,2025-06-18,false,,false,,,
SEND002824,CMP02,Spring Refresh,C00805,ads,Refresh your routine for spring.,2025-03-08,false,,false,,,
SEND002825,CMP05,Back to Routine,C00726,email,Get back into your everyday rhythm.,2025-09-06,true,41,true,V010383,T006058,84.2
SEND002826,CMP07,Early Holiday,C00119,email,A head start on thoughtful gifting.,2025-11-16,false,,false,,,
SEND002827,CMP07,Early Holiday,C00699,email,A head start on thoughtful gifting.,2025-11-01,false,,false,,,
SEND002828,CMP03,Member Picks,C00145,email,Popular picks selected for you.,2025-05-16,false,,false,,,
SEND002829,CMP04,Summer Essentials,C00126,ads,Simple essentials for warmer days.,2025-06-27,true,68,false,V010384,,
SEND002830,CMP06,Autumn Edit,C00319,ads,Discover this season's useful upgrades.,2025-10-15,true,56,false,V010385,,
SEND002831,CMP03,Member Picks,C00545,email,Popular picks selected for you.,2025-05-05,true,46,true,V010386,T006059,20.95
SEND002832,CMP05,Back to Routine,C00874,email,Get back into your everyday rhythm.,2025-09-11,false,,false,,,
SEND002833,CMP08,Holiday Highlights,C00655,ads,Explore customer favorites this holiday.,2025-12-27,false,,false,,,
SEND002834,CMP03,Member Picks,C00928,email,Popular picks selected for you.,2025-05-09,false,,false,,,
SEND002835,CMP04,Summer Essentials,C00892,ads,Simple essentials for warmer days.,2025-07-21,true,70,true,V010387,T006060,121.47
SEND002836,CMP01,New Year Reset,C00626,email,Start fresh with practical favorites.,2025-01-18,false,,false,,,
SEND002837,CMP05,Back to Routine,C00435,email,Get back into your everyday rhythm.,2025-08-14,true,53,true,V010388,T006061,172.2
SEND002838,CMP03,Member Picks,C00648,email,Popular picks selected for you.,2025-05-18,false,,false,,,
SEND002839,CMP05,Back to Routine,C00238,email,Get back into your everyday rhythm.,2025-09-16,false,,false,,,
SEND002840,CMP01,New Year Reset,C00327,email,Start fresh with practical favorites.,2025-02-18,false,,false,,,
SEND002841,CMP05,Back to Routine,C00326,email,Get back into your everyday rhythm.,2025-09-01,false,,false,,,
SEND002842,CMP08,Holiday Highlights,C00330,ads,Explore customer favorites this holiday.,2025-11-02,false,,false,,,
SEND002843,CMP01,New Year Reset,C00731,email,Start fresh with practical favorites.,2025-01-07,false,,false,,,
SEND002844,CMP04,Summer Essentials,C00308,ads,Simple essentials for warmer days.,2025-08-24,false,,false,,,
SEND002845,CMP05,Back to Routine,C00628,email,Get back into your everyday rhythm.,2025-09-05,true,95,true,V010389,T006062,161.06
SEND002846,CMP06,Autumn Edit,C00006,ads,Discover this season's useful upgrades.,2025-10-19,false,,false,,,
SEND002847,CMP01,New Year Reset,C00574,email,Start fresh with practical favorites.,2025-02-02,false,,false,,,
SEND002848,CMP01,New Year Reset,C00875,email,Start fresh with practical favorites.,2025-02-08,false,,false,,,
SEND002849,CMP03,Member Picks,C00037,email,Popular picks selected for you.,2025-05-23,true,248,true,V010390,T006063,54.59
SEND002850,CMP03,Member Picks,C00748,email,Popular picks selected for you.,2025-06-01,false,,false,,,
SEND002851,CMP01,New Year Reset,C00983,email,Start fresh with practical favorites.,2025-01-11,true,29,true,V010391,T006064,36.68
SEND002852,CMP04,Summer Essentials,C00922,ads,Simple essentials for warmer days.,2025-07-13,false,,false,,,
SEND002853,CMP04,Summer Essentials,C00257,ads,Simple essentials for warmer days.,2025-06-22,true,52,true,V010392,T006065,55.33
SEND002854,CMP02,Spring Refresh,C00547,ads,Refresh your routine for spring.,2025-04-01,false,,false,,,
SEND002855,CMP06,Autumn Edit,C00556,ads,Discover this season's useful upgrades.,2025-09-10,true,171,false,V010393,,
SEND002856,CMP02,Spring Refresh,C00367,ads,Refresh your routine for spring.,2025-04-19,false,,false,,,
SEND002857,CMP07,Early Holiday,C00939,email,A head start on thoughtful gifting.,2025-11-02,false,,false,,,
SEND002858,CMP05,Back to Routine,C00468,email,Get back into your everyday rhythm.,2025-09-06,true,138,false,V010394,,
SEND002859,CMP08,Holiday Highlights,C00513,ads,Explore customer favorites this holiday.,2025-11-16,false,,false,,,
SEND002860,CMP01,New Year Reset,C00821,email,Start fresh with practical favorites.,2025-02-18,false,,false,,,
SEND002861,CMP05,Back to Routine,C00519,email,Get back into your everyday rhythm.,2025-09-03,false,,false,,,
SEND002862,CMP08,Holiday Highlights,C00139,ads,Explore customer favorites this holiday.,2025-12-05,false,,false,,,
SEND002863,CMP05,Back to Routine,C00344,email,Get back into your everyday rhythm.,2025-09-30,false,,false,,,
SEND002864,CMP06,Autumn Edit,C00750,ads,Discover this season's useful upgrades.,2025-10-14,false,,false,,,
SEND002865,CMP08,Holiday Highlights,C00332,ads,Explore customer favorites this holiday.,2025-11-06,false,,false,,,
SEND002866,CMP08,Holiday Highlights,C00671,ads,Explore customer favorites this holiday.,2025-11-04,false,,false,,,
SEND002867,CMP01,New Year Reset,C00086,email,Start fresh with practical favorites.,2025-01-15,false,,false,,,
SEND002868,CMP06,Autumn Edit,C00925,ads,Discover this season's useful upgrades.,2025-10-10,false,,false,,,
SEND002869,CMP05,Back to Routine,C00207,email,Get back into your everyday rhythm.,2025-08-01,false,,false,,,
SEND002870,CMP07,Early Holiday,C00329,email,A head start on thoughtful gifting.,2025-11-14,false,,false,,,
SEND002871,CMP05,Back to Routine,C00665,email,Get back into your everyday rhythm.,2025-09-12,false,,false,,,
SEND002872,CMP06,Autumn Edit,C00066,ads,Discover this season's useful upgrades.,2025-09-20,false,,false,,,
SEND002873,CMP06,Autumn Edit,C00865,ads,Discover this season's useful upgrades.,2025-10-10,false,,false,,,
SEND002874,CMP07,Early Holiday,C00152,email,A head start on thoughtful gifting.,2025-11-11,false,,false,,,
SEND002875,CMP07,Early Holiday,C00239,email,A head start on thoughtful gifting.,2025-11-21,false,,false,,,
SEND002876,CMP02,Spring Refresh,C00229,ads,Refresh your routine for spring.,2025-03-14,false,,false,,,
SEND002877,CMP01,New Year Reset,C00783,email,Start fresh with practical favorites.,2025-02-14,false,,false,,,
SEND002878,CMP02,Spring Refresh,C00846,ads,Refresh your routine for spring.,2025-03-01,false,,false,,,
SEND002879,CMP05,Back to Routine,C00281,email,Get back into your everyday rhythm.,2025-08-16,false,,false,,,
SEND002880,CMP06,Autumn Edit,C00942,ads,Discover this season's useful upgrades.,2025-09-06,false,,false,,,
SEND002881,CMP08,Holiday Highlights,C00124,ads,Explore customer favorites this holiday.,2025-12-03,false,,false,,,
SEND002882,CMP02,Spring Refresh,C00461,ads,Refresh your routine for spring.,2025-03-23,false,,false,,,
SEND002883,CMP01,New Year Reset,C00925,email,Start fresh with practical favorites.,2025-02-27,false,,false,,,
SEND002884,CMP05,Back to Routine,C00731,email,Get back into your everyday rhythm.,2025-09-04,false,,false,,,
SEND002885,CMP05,Back to Routine,C00291,email,Get back into your everyday rhythm.,2025-08-04,false,,false,,,
SEND002886,CMP01,New Year Reset,C00979,email,Start fresh with practical favorites.,2025-01-27,false,,false,,,
SEND002887,CMP04,Summer Essentials,C00618,ads,Simple essentials for warmer days.,2025-06-25,false,,false,,,
SEND002888,CMP08,Holiday Highlights,C00408,ads,Explore customer favorites this holiday.,2025-12-08,false,,false,,,
SEND002889,CMP01,New Year Reset,C00295,email,Start fresh with practical favorites.,2025-02-18,false,,false,,,
SEND002890,CMP06,Autumn Edit,C00458,ads,Discover this season's useful upgrades.,2025-09-01,false,,false,,,
SEND002891,CMP07,Early Holiday,C00672,email,A head start on thoughtful gifting.,2025-11-09,true,74,false,V010395,,
SEND002892,CMP06,Autumn Edit,C00824,ads,Discover this season's useful upgrades.,2025-10-09,false,,false,,,
SEND002893,CMP04,Summer Essentials,C00337,ads,Simple essentials for warmer days.,2025-08-03,false,,false,,,
SEND002894,CMP04,Summer Essentials,C00730,ads,Simple essentials for warmer days.,2025-08-16,false,,false,,,
SEND002895,CMP07,Early Holiday,C00749,email,A head start on thoughtful gifting.,2025-11-13,false,,false,,,
SEND002896,CMP04,Summer Essentials,C00988,ads,Simple essentials for warmer days.,2025-07-03,false,,false,,,
SEND002897,CMP07,Early Holiday,C00152,email,A head start on thoughtful gifting.,2025-11-17,false,,false,,,
SEND002898,CMP07,Early Holiday,C00643,email,A head start on thoughtful gifting.,2025-11-23,false,,false,,,
SEND002899,CMP08,Holiday Highlights,C00613,ads,Explore customer favorites this holiday.,2025-11-03,false,,false,,,
SEND002900,CMP02,Spring Refresh,C00796,ads,Refresh your routine for spring.,2025-03-30,true,55,false,V010396,,
SEND002901,CMP08,Holiday Highlights,C00170,ads,Explore customer favorites this holiday.,2025-11-30,false,,false,,,
SEND002902,CMP01,New Year Reset,C00559,email,Start fresh with practical favorites.,2025-01-29,false,,false,,,
SEND002903,CMP07,Early Holiday,C00270,email,A head start on thoughtful gifting.,2025-11-15,false,,false,,,
SEND002904,CMP05,Back to Routine,C00063,email,Get back into your everyday rhythm.,2025-09-25,false,,false,,,
SEND002905,CMP08,Holiday Highlights,C00623,ads,Explore customer favorites this holiday.,2025-12-27,false,,false,,,
SEND002906,CMP05,Back to Routine,C00263,email,Get back into your everyday rhythm.,2025-09-25,false,,false,,,
SEND002907,CMP06,Autumn Edit,C00582,ads,Discover this season's useful upgrades.,2025-09-06,true,252,false,V010397,,
SEND002908,CMP01,New Year Reset,C00029,email,Start fresh with practical favorites.,2025-01-22,false,,false,,,
SEND002909,CMP07,Early Holiday,C00586,email,A head start on thoughtful gifting.,2025-11-06,false,,false,,,
SEND002910,CMP07,Early Holiday,C00113,email,A head start on thoughtful gifting.,2025-11-12,false,,false,,,
SEND002911,CMP04,Summer Essentials,C00837,ads,Simple essentials for warmer days.,2025-08-14,false,,false,,,
SEND002912,CMP07,Early Holiday,C00469,email,A head start on thoughtful gifting.,2025-11-13,false,,false,,,
SEND002913,CMP05,Back to Routine,C00868,email,Get back into your everyday rhythm.,2025-09-11,true,152,false,V010398,,
SEND002914,CMP06,Autumn Edit,C00944,ads,Discover this season's useful upgrades.,2025-10-21,false,,false,,,
SEND002915,CMP01,New Year Reset,C00378,email,Start fresh with practical favorites.,2025-02-20,false,,false,,,
SEND002916,CMP01,New Year Reset,C00336,email,Start fresh with practical favorites.,2025-02-13,false,,false,,,
SEND002917,CMP02,Spring Refresh,C00896,ads,Refresh your routine for spring.,2025-04-06,false,,false,,,
SEND002918,CMP07,Early Holiday,C00796,email,A head start on thoughtful gifting.,2025-11-14,false,,false,,,
SEND002919,CMP06,Autumn Edit,C00235,ads,Discover this season's useful upgrades.,2025-09-12,true,77,false,V010399,,
SEND002920,CMP04,Summer Essentials,C00919,ads,Simple essentials for warmer days.,2025-06-17,false,,false,,,
SEND002921,CMP05,Back to Routine,C00672,email,Get back into your everyday rhythm.,2025-09-30,false,,false,,,
SEND002922,CMP02,Spring Refresh,C00006,ads,Refresh your routine for spring.,2025-04-12,false,,false,,,
SEND002923,CMP04,Summer Essentials,C00219,ads,Simple essentials for warmer days.,2025-08-22,false,,false,,,
SEND002924,CMP01,New Year Reset,C00059,email,Start fresh with practical favorites.,2025-01-11,false,,false,,,
SEND002925,CMP07,Early Holiday,C00283,email,A head start on thoughtful gifting.,2025-11-16,true,78,false,V010400,,
SEND002926,CMP06,Autumn Edit,C00080,ads,Discover this season's useful upgrades.,2025-09-26,false,,false,,,
SEND002927,CMP03,Member Picks,C00425,email,Popular picks selected for you.,2025-06-30,false,,false,,,
SEND002928,CMP04,Summer Essentials,C00348,ads,Simple essentials for warmer days.,2025-08-27,false,,false,,,
SEND002929,CMP04,Summer Essentials,C00956,ads,Simple essentials for warmer days.,2025-07-01,false,,false,,,
SEND002930,CMP07,Early Holiday,C00154,email,A head start on thoughtful gifting.,2025-11-09,false,,false,,,
SEND002931,CMP07,Early Holiday,C00388,email,A head start on thoughtful gifting.,2025-11-07,false,,false,,,
SEND002932,CMP03,Member Picks,C00136,email,Popular picks selected for you.,2025-05-07,false,,false,,,
SEND002933,CMP01,New Year Reset,C00526,email,Start fresh with practical favorites.,2025-01-30,false,,false,,,
SEND002934,CMP06,Autumn Edit,C00086,ads,Discover this season's useful upgrades.,2025-09-22,false,,false,,,
SEND002935,CMP03,Member Picks,C00090,email,Popular picks selected for you.,2025-06-30,false,,false,,,
SEND002936,CMP04,Summer Essentials,C00558,ads,Simple essentials for warmer days.,2025-08-28,true,133,false,V010401,,
SEND002937,CMP06,Autumn Edit,C00645,ads,Discover this season's useful upgrades.,2025-10-27,false,,false,,,
SEND002938,CMP07,Early Holiday,C00596,email,A head start on thoughtful gifting.,2025-11-05,false,,false,,,
SEND002939,CMP08,Holiday Highlights,C00105,ads,Explore customer favorites this holiday.,2025-11-08,true,58,false,V010402,,
SEND002940,CMP03,Member Picks,C00353,email,Popular picks selected for you.,2025-05-14,true,43,false,V010403,,
SEND002941,CMP05,Back to Routine,C00395,email,Get back into your everyday rhythm.,2025-08-15,false,,false,,,
SEND002942,CMP06,Autumn Edit,C00819,ads,Discover this season's useful upgrades.,2025-10-29,false,,false,,,
SEND002943,CMP03,Member Picks,C00642,email,Popular picks selected for you.,2025-06-28,true,13,false,V010404,,
SEND002944,CMP01,New Year Reset,C00743,email,Start fresh with practical favorites.,2025-01-27,false,,false,,,
SEND002945,CMP02,Spring Refresh,C00049,ads,Refresh your routine for spring.,2025-04-16,false,,false,,,
SEND002946,CMP04,Summer Essentials,C00711,ads,Simple essentials for warmer days.,2025-06-10,true,126,false,V010405,,
SEND002947,CMP06,Autumn Edit,C00600,ads,Discover this season's useful upgrades.,2025-10-23,false,,false,,,
SEND002948,CMP06,Autumn Edit,C00728,ads,Discover this season's useful upgrades.,2025-09-06,false,,false,,,
SEND002949,CMP08,Holiday Highlights,C00216,ads,Explore customer favorites this holiday.,2025-12-14,true,488,false,V010406,,
SEND002950,CMP04,Summer Essentials,C00349,ads,Simple essentials for warmer days.,2025-06-24,false,,false,,,
SEND002951,CMP01,New Year Reset,C00952,email,Start fresh with practical favorites.,2025-02-01,false,,false,,,
SEND002952,CMP07,Early Holiday,C00728,email,A head start on thoughtful gifting.,2025-11-12,false,,false,,,
SEND002953,CMP06,Autumn Edit,C00219,ads,Discover this season's useful upgrades.,2025-10-09,false,,false,,,
SEND002954,CMP04,Summer Essentials,C00434,ads,Simple essentials for warmer days.,2025-06-10,false,,false,,,
SEND002955,CMP04,Summer Essentials,C00701,ads,Simple essentials for warmer days.,2025-07-04,false,,false,,,
SEND002956,CMP02,Spring Refresh,C00893,ads,Refresh your routine for spring.,2025-04-30,true,93,false,V010407,,
SEND002957,CMP05,Back to Routine,C00219,email,Get back into your everyday rhythm.,2025-09-13,false,,false,,,
SEND002958,CMP05,Back to Routine,C00465,email,Get back into your everyday rhythm.,2025-09-04,false,,false,,,
SEND002959,CMP05,Back to Routine,C00797,email,Get back into your everyday rhythm.,2025-08-20,true,62,false,V010408,,
SEND002960,CMP01,New Year Reset,C00389,email,Start fresh with practical favorites.,2025-01-31,false,,false,,,
SEND002961,CMP04,Summer Essentials,C00277,ads,Simple essentials for warmer days.,2025-08-08,false,,false,,,
SEND002962,CMP02,Spring Refresh,C00407,ads,Refresh your routine for spring.,2025-04-30,false,,false,,,
SEND002963,CMP05,Back to Routine,C00331,email,Get back into your everyday rhythm.,2025-08-24,false,,false,,,
SEND002964,CMP06,Autumn Edit,C00918,ads,Discover this season's useful upgrades.,2025-10-17,true,55,false,V010409,,
SEND002965,CMP04,Summer Essentials,C00684,ads,Simple essentials for warmer days.,2025-06-08,false,,false,,,
SEND002966,CMP04,Summer Essentials,C00028,ads,Simple essentials for warmer days.,2025-08-18,false,,false,,,
SEND002967,CMP03,Member Picks,C00405,email,Popular picks selected for you.,2025-05-04,false,,false,,,
SEND002968,CMP02,Spring Refresh,C00218,ads,Refresh your routine for spring.,2025-04-22,false,,false,,,
SEND002969,CMP04,Summer Essentials,C00597,ads,Simple essentials for warmer days.,2025-08-10,false,,false,,,
SEND002970,CMP02,Spring Refresh,C00843,ads,Refresh your routine for spring.,2025-04-02,false,,false,,,
SEND002971,CMP01,New Year Reset,C00329,email,Start fresh with practical favorites.,2025-01-29,false,,false,,,
SEND002972,CMP06,Autumn Edit,C00962,ads,Discover this season's useful upgrades.,2025-09-22,true,91,false,V010410,,
SEND002973,CMP07,Early Holiday,C00789,email,A head start on thoughtful gifting.,2025-11-06,false,,false,,,
SEND002974,CMP03,Member Picks,C00403,email,Popular picks selected for you.,2025-06-13,false,,false,,,
SEND002975,CMP02,Spring Refresh,C00838,ads,Refresh your routine for spring.,2025-04-27,false,,false,,,
SEND002976,CMP06,Autumn Edit,C00846,ads,Discover this season's useful upgrades.,2025-09-06,false,,false,,,
SEND002977,CMP06,Autumn Edit,C00464,ads,Discover this season's useful upgrades.,2025-09-14,true,24,false,V010411,,
SEND002978,CMP03,Member Picks,C00092,email,Popular picks selected for you.,2025-06-11,true,150,false,V010412,,
SEND002979,CMP01,New Year Reset,C00132,email,Start fresh with practical favorites.,2025-01-23,false,,false,,,
SEND002980,CMP04,Summer Essentials,C00533,ads,Simple essentials for warmer days.,2025-06-04,false,,false,,,
SEND002981,CMP03,Member Picks,C00190,email,Popular picks selected for you.,2025-06-15,false,,false,,,
SEND002982,CMP02,Spring Refresh,C00899,ads,Refresh your routine for spring.,2025-04-21,false,,false,,,
SEND002983,CMP01,New Year Reset,C00450,email,Start fresh with practical favorites.,2025-02-22,false,,false,,,
SEND002984,CMP04,Summer Essentials,C00544,ads,Simple essentials for warmer days.,2025-08-29,false,,false,,,
SEND002985,CMP08,Holiday Highlights,C00419,ads,Explore customer favorites this holiday.,2025-11-19,false,,false,,,
SEND002986,CMP08,Holiday Highlights,C00613,ads,Explore customer favorites this holiday.,2025-12-02,false,,false,,,
SEND002987,CMP07,Early Holiday,C00675,email,A head start on thoughtful gifting.,2025-11-06,false,,false,,,
SEND002988,CMP02,Spring Refresh,C00019,ads,Refresh your routine for spring.,2025-03-10,false,,false,,,
SEND002989,CMP02,Spring Refresh,C00054,ads,Refresh your routine for spring.,2025-03-11,false,,false,,,
SEND002990,CMP05,Back to Routine,C00443,email,Get back into your everyday rhythm.,2025-08-25,false,,false,,,
SEND002991,CMP06,Autumn Edit,C00487,ads,Discover this season's useful upgrades.,2025-10-29,false,,false,,,
SEND002992,CMP05,Back to Routine,C00089,email,Get back into your everyday rhythm.,2025-09-02,true,112,false,V010413,,
SEND002993,CMP06,Autumn Edit,C00912,ads,Discover this season's useful upgrades.,2025-09-24,false,,false,,,
SEND002994,CMP06,Autumn Edit,C00830,ads,Discover this season's useful upgrades.,2025-10-27,false,,false,,,
SEND002995,CMP05,Back to Routine,C00844,email,Get back into your everyday rhythm.,2025-09-21,false,,false,,,
SEND002996,CMP07,Early Holiday,C00214,email,A head start on thoughtful gifting.,2025-11-02,true,101,true,V010414,T006066,176.38
SEND002997,CMP07,Early Holiday,C00573,email,A head start on thoughtful gifting.,2025-11-29,false,,false,,,
SEND002998,CMP07,Early Holiday,C00032,email,A head start on thoughtful gifting.,2025-11-21,false,,false,,,
SEND002999,CMP03,Member Picks,C00742,email,Popular picks selected for you.,2025-06-03,false,,false,,,
SEND003000,CMP06,Autumn Edit,C00033,ads,Discover this season's useful upgrades.,2025-09-12,false,,false,,,
SEND003001,CMP05,Back to Routine,C00972,email,Get back into your everyday rhythm.,2025-09-25,true,46,false,V010415,,
SEND003002,CMP01,New Year Reset,C00030,email,Start fresh with practical favorites.,2025-02-25,false,,false,,,
SEND003003,CMP01,New Year Reset,C00358,email,Start fresh with practical favorites.,2025-01-12,false,,false,,,
SEND003004,CMP08,Holiday Highlights,C00908,ads,Explore customer favorites this holiday.,2025-12-07,false,,false,,,
SEND003005,CMP02,Spring Refresh,C00486,ads,Refresh your routine for spring.,2025-03-04,false,,false,,,
SEND003006,CMP06,Autumn Edit,C00961,ads,Discover this season's useful upgrades.,2025-10-20,false,,false,,,
SEND003007,CMP05,Back to Routine,C00175,email,Get back into your everyday rhythm.,2025-09-05,false,,false,,,
SEND003008,CMP02,Spring Refresh,C00316,ads,Refresh your routine for spring.,2025-04-19,false,,false,,,
SEND003009,CMP08,Holiday Highlights,C00697,ads,Explore customer favorites this holiday.,2025-12-02,false,,false,,,
SEND003010,CMP06,Autumn Edit,C00080,ads,Discover this season's useful upgrades.,2025-10-15,false,,false,,,
SEND003011,CMP02,Spring Refresh,C00138,ads,Refresh your routine for spring.,2025-04-29,false,,false,,,
SEND003012,CMP02,Spring Refresh,C00035,ads,Refresh your routine for spring.,2025-03-26,false,,false,,,
SEND003013,CMP08,Holiday Highlights,C00716,ads,Explore customer favorites this holiday.,2025-12-25,false,,false,,,
SEND003014,CMP05,Back to Routine,C00639,email,Get back into your everyday rhythm.,2025-08-31,false,,false,,,
SEND003015,CMP06,Autumn Edit,C00926,ads,Discover this season's useful upgrades.,2025-10-12,false,,false,,,
SEND003016,CMP05,Back to Routine,C00912,email,Get back into your everyday rhythm.,2025-08-09,false,,false,,,
SEND003017,CMP08,Holiday Highlights,C00842,ads,Explore customer favorites this holiday.,2025-11-18,false,,false,,,
SEND003018,CMP07,Early Holiday,C00287,email,A head start on thoughtful gifting.,2025-11-24,false,,false,,,
SEND003019,CMP07,Early Holiday,C00848,email,A head start on thoughtful gifting.,2025-11-07,true,56,false,V010416,,
SEND003020,CMP06,Autumn Edit,C00378,ads,Discover this season's useful upgrades.,2025-10-27,true,88,false,V010417,,
SEND003021,CMP04,Summer Essentials,C00280,ads,Simple essentials for warmer days.,2025-06-23,true,271,false,V010418,,
SEND003022,CMP02,Spring Refresh,C00792,ads,Refresh your routine for spring.,2025-03-18,true,31,false,V010419,,
SEND003023,CMP07,Early Holiday,C00583,email,A head start on thoughtful gifting.,2025-11-04,false,,false,,,
SEND003024,CMP04,Summer Essentials,C00133,ads,Simple essentials for warmer days.,2025-08-04,false,,false,,,
SEND003025,CMP03,Member Picks,C00330,email,Popular picks selected for you.,2025-05-17,false,,false,,,
SEND003026,CMP01,New Year Reset,C00992,email,Start fresh with practical favorites.,2025-02-17,false,,false,,,
SEND003027,CMP06,Autumn Edit,C00660,ads,Discover this season's useful upgrades.,2025-09-29,false,,false,,,
SEND003028,CMP06,Autumn Edit,C00168,ads,Discover this season's useful upgrades.,2025-09-18,false,,false,,,
SEND003029,CMP03,Member Picks,C00971,email,Popular picks selected for you.,2025-05-25,true,27,false,V010420,,
SEND003030,CMP08,Holiday Highlights,C00002,ads,Explore customer favorites this holiday.,2025-12-20,false,,false,,,
SEND003031,CMP04,Summer Essentials,C00803,ads,Simple essentials for warmer days.,2025-08-29,false,,false,,,
SEND003032,CMP01,New Year Reset,C01000,email,Start fresh with practical favorites.,2025-02-02,false,,false,,,
SEND003033,CMP05,Back to Routine,C00848,email,Get back into your everyday rhythm.,2025-09-18,false,,false,,,
SEND003034,CMP06,Autumn Edit,C00969,ads,Discover this season's useful upgrades.,2025-10-26,false,,false,,,
SEND003035,CMP01,New Year Reset,C00670,email,Start fresh with practical favorites.,2025-02-14,false,,false,,,
SEND003036,CMP01,New Year Reset,C00399,email,Start fresh with practical favorites.,2025-01-09,false,,false,,,
SEND003037,CMP08,Holiday Highlights,C00158,ads,Explore customer favorites this holiday.,2025-12-04,false,,false,,,
SEND003038,CMP05,Back to Routine,C00566,email,Get back into your everyday rhythm.,2025-09-09,true,196,false,V010421,,
SEND003039,CMP03,Member Picks,C00503,email,Popular picks selected for you.,2025-05-26,true,118,false,V010422,,
SEND003040,CMP03,Member Picks,C00699,email,Popular picks selected for you.,2025-06-08,true,181,false,V010423,,
SEND003041,CMP03,Member Picks,C00005,email,Popular picks selected for you.,2025-05-10,false,,false,,,
SEND003042,CMP02,Spring Refresh,C00561,ads,Refresh your routine for spring.,2025-03-26,false,,false,,,
SEND003043,CMP04,Summer Essentials,C00840,ads,Simple essentials for warmer days.,2025-06-23,false,,false,,,
SEND003044,CMP04,Summer Essentials,C00148,ads,Simple essentials for warmer days.,2025-07-10,false,,false,,,
SEND003045,CMP07,Early Holiday,C00903,email,A head start on thoughtful gifting.,2025-11-28,false,,false,,,
SEND003046,CMP02,Spring Refresh,C00660,ads,Refresh your routine for spring.,2025-03-17,false,,false,,,
SEND003047,CMP03,Member Picks,C00555,email,Popular picks selected for you.,2025-06-12,false,,false,,,
SEND003048,CMP05,Back to Routine,C00181,email,Get back into your everyday rhythm.,2025-08-28,false,,false,,,
SEND003049,CMP08,Holiday Highlights,C00598,ads,Explore customer favorites this holiday.,2025-11-06,false,,false,,,
SEND003050,CMP04,Summer Essentials,C00410,ads,Simple essentials for warmer days.,2025-06-19,false,,false,,,
SEND003051,CMP08,Holiday Highlights,C00233,ads,Explore customer favorites this holiday.,2025-12-30,false,,false,,,
SEND003052,CMP03,Member Picks,C00876,email,Popular picks selected for you.,2025-05-06,false,,false,,,
SEND003053,CMP05,Back to Routine,C00310,email,Get back into your everyday rhythm.,2025-08-29,false,,false,,,
SEND003054,CMP05,Back to Routine,C00895,email,Get back into your everyday rhythm.,2025-09-03,false,,false,,,
SEND003055,CMP05,Back to Routine,C00505,email,Get back into your everyday rhythm.,2025-09-19,false,,false,,,
SEND003056,CMP08,Holiday Highlights,C00629,ads,Explore customer favorites this holiday.,2025-11-13,false,,false,,,
SEND003057,CMP06,Autumn Edit,C00826,ads,Discover this season's useful upgrades.,2025-10-12,false,,false,,,
SEND003058,CMP05,Back to Routine,C00860,email,Get back into your everyday rhythm.,2025-09-24,false,,false,,,
SEND003059,CMP01,New Year Reset,C00910,email,Start fresh with practical favorites.,2025-01-26,false,,false,,,
SEND003060,CMP01,New Year Reset,C00253,email,Start fresh with practical favorites.,2025-02-10,false,,false,,,
SEND003061,CMP07,Early Holiday,C00765,email,A head start on thoughtful gifting.,2025-11-16,false,,false,,,
SEND003062,CMP08,Holiday Highlights,C00532,ads,Explore customer favorites this holiday.,2025-12-28,true,301,false,V010424,,
SEND003063,CMP01,New Year Reset,C00511,email,Start fresh with practical favorites.,2025-01-12,false,,false,,,
SEND003064,CMP05,Back to Routine,C00607,email,Get back into your everyday rhythm.,2025-09-20,false,,false,,,
SEND003065,CMP08,Holiday Highlights,C00297,ads,Explore customer favorites this holiday.,2025-11-25,false,,false,,,
SEND003066,CMP02,Spring Refresh,C00962,ads,Refresh your routine for spring.,2025-03-10,false,,false,,,
SEND003067,CMP07,Early Holiday,C00648,email,A head start on thoughtful gifting.,2025-11-05,true,117,false,V010425,,
SEND003068,CMP08,Holiday Highlights,C00119,ads,Explore customer favorites this holiday.,2025-12-16,false,,false,,,
SEND003069,CMP08,Holiday Highlights,C00081,ads,Explore customer favorites this holiday.,2025-12-25,false,,false,,,
SEND003070,CMP08,Holiday Highlights,C00116,ads,Explore customer favorites this holiday.,2025-11-21,false,,false,,,
SEND003071,CMP05,Back to Routine,C00471,email,Get back into your everyday rhythm.,2025-08-31,false,,false,,,
SEND003072,CMP05,Back to Routine,C00465,email,Get back into your everyday rhythm.,2025-09-25,false,,false,,,
SEND003073,CMP01,New Year Reset,C00810,email,Start fresh with practical favorites.,2025-02-20,false,,false,,,
SEND003074,CMP08,Holiday Highlights,C00500,ads,Explore customer favorites this holiday.,2025-12-04,false,,false,,,
SEND003075,CMP01,New Year Reset,C00241,email,Start fresh with practical favorites.,2025-02-21,false,,false,,,
SEND003076,CMP03,Member Picks,C00870,email,Popular picks selected for you.,2025-05-15,false,,false,,,
SEND003077,CMP04,Summer Essentials,C00010,ads,Simple essentials for warmer days.,2025-06-29,false,,false,,,
SEND003078,CMP02,Spring Refresh,C00997,ads,Refresh your routine for spring.,2025-04-19,false,,false,,,
SEND003079,CMP04,Summer Essentials,C00829,ads,Simple essentials for warmer days.,2025-08-18,true,233,true,V010426,T006067,43.06
SEND003080,CMP04,Summer Essentials,C00754,ads,Simple essentials for warmer days.,2025-06-14,false,,false,,,
SEND003081,CMP01,New Year Reset,C00712,email,Start fresh with practical favorites.,2025-02-20,false,,false,,,
SEND003082,CMP02,Spring Refresh,C00879,ads,Refresh your routine for spring.,2025-04-19,false,,false,,,
SEND003083,CMP08,Holiday Highlights,C00869,ads,Explore customer favorites this holiday.,2025-11-15,false,,false,,,
SEND003084,CMP08,Holiday Highlights,C00896,ads,Explore customer favorites this holiday.,2025-12-04,false,,false,,,
SEND003085,CMP07,Early Holiday,C00241,email,A head start on thoughtful gifting.,2025-11-07,true,52,false,V010427,,
SEND003086,CMP02,Spring Refresh,C00556,ads,Refresh your routine for spring.,2025-04-24,true,102,true,V010428,T006068,54.98
SEND003087,CMP05,Back to Routine,C00895,email,Get back into your everyday rhythm.,2025-08-18,false,,false,,,
SEND003088,CMP02,Spring Refresh,C00360,ads,Refresh your routine for spring.,2025-03-03,false,,false,,,
SEND003089,CMP03,Member Picks,C00797,email,Popular picks selected for you.,2025-05-21,false,,false,,,
SEND003090,CMP01,New Year Reset,C00105,email,Start fresh with practical favorites.,2025-02-03,false,,false,,,
SEND003091,CMP04,Summer Essentials,C00875,ads,Simple essentials for warmer days.,2025-06-03,false,,false,,,
SEND003092,CMP03,Member Picks,C01000,email,Popular picks selected for you.,2025-06-01,false,,false,,,
SEND003093,CMP06,Autumn Edit,C00704,ads,Discover this season's useful upgrades.,2025-10-24,false,,false,,,
SEND003094,CMP03,Member Picks,C00995,email,Popular picks selected for you.,2025-05-16,true,57,false,V010429,,
SEND003095,CMP08,Holiday Highlights,C00474,ads,Explore customer favorites this holiday.,2025-12-19,false,,false,,,
SEND003096,CMP08,Holiday Highlights,C00452,ads,Explore customer favorites this holiday.,2025-11-08,false,,false,,,
SEND003097,CMP06,Autumn Edit,C00028,ads,Discover this season's useful upgrades.,2025-09-13,false,,false,,,
SEND003098,CMP06,Autumn Edit,C00749,ads,Discover this season's useful upgrades.,2025-10-11,false,,false,,,
SEND003099,CMP07,Early Holiday,C00063,email,A head start on thoughtful gifting.,2025-11-26,false,,false,,,
SEND003100,CMP07,Early Holiday,C00978,email,A head start on thoughtful gifting.,2025-11-26,false,,false,,,
SEND003101,CMP05,Back to Routine,C00712,email,Get back into your everyday rhythm.,2025-09-18,false,,false,,,
SEND003102,CMP02,Spring Refresh,C00579,ads,Refresh your routine for spring.,2025-04-18,false,,false,,,
SEND003103,CMP06,Autumn Edit,C00020,ads,Discover this season's useful upgrades.,2025-09-16,false,,false,,,
SEND003104,CMP02,Spring Refresh,C00557,ads,Refresh your routine for spring.,2025-03-06,true,82,false,V010430,,
SEND003105,CMP07,Early Holiday,C00161,email,A head start on thoughtful gifting.,2025-11-07,false,,false,,,
SEND003106,CMP01,New Year Reset,C00497,email,Start fresh with practical favorites.,2025-01-14,false,,false,,,
SEND003107,CMP02,Spring Refresh,C00528,ads,Refresh your routine for spring.,2025-04-09,false,,false,,,
SEND003108,CMP05,Back to Routine,C00487,email,Get back into your everyday rhythm.,2025-09-11,false,,false,,,
SEND003109,CMP05,Back to Routine,C00359,email,Get back into your everyday rhythm.,2025-09-19,false,,false,,,
SEND003110,CMP08,Holiday Highlights,C00532,ads,Explore customer favorites this holiday.,2025-12-16,false,,false,,,
SEND003111,CMP08,Holiday Highlights,C00449,ads,Explore customer favorites this holiday.,2025-12-30,false,,false,,,
SEND003112,CMP07,Early Holiday,C00948,email,A head start on thoughtful gifting.,2025-11-18,false,,false,,,
SEND003113,CMP03,Member Picks,C00268,email,Popular picks selected for you.,2025-06-25,false,,false,,,
SEND003114,CMP07,Early Holiday,C00484,email,A head start on thoughtful gifting.,2025-11-20,false,,false,,,
SEND003115,CMP02,Spring Refresh,C00385,ads,Refresh your routine for spring.,2025-04-22,false,,false,,,
SEND003116,CMP04,Summer Essentials,C00878,ads,Simple essentials for warmer days.,2025-06-04,false,,false,,,
SEND003117,CMP01,New Year Reset,C00578,email,Start fresh with practical favorites.,2025-02-08,false,,false,,,
SEND003118,CMP02,Spring Refresh,C00970,ads,Refresh your routine for spring.,2025-04-30,false,,false,,,
SEND003119,CMP02,Spring Refresh,C00937,ads,Refresh your routine for spring.,2025-03-24,true,19,false,V010431,,
SEND003120,CMP05,Back to Routine,C00134,email,Get back into your everyday rhythm.,2025-08-19,false,,false,,,
SEND003121,CMP05,Back to Routine,C00189,email,Get back into your everyday rhythm.,2025-08-02,true,90,false,V010432,,
SEND003122,CMP08,Holiday Highlights,C00934,ads,Explore customer favorites this holiday.,2025-12-03,false,,false,,,
SEND003123,CMP05,Back to Routine,C00174,email,Get back into your everyday rhythm.,2025-08-04,false,,false,,,
SEND003124,CMP02,Spring Refresh,C00359,ads,Refresh your routine for spring.,2025-03-14,false,,false,,,
SEND003125,CMP05,Back to Routine,C00969,email,Get back into your everyday rhythm.,2025-09-03,false,,false,,,
SEND003126,CMP07,Early Holiday,C00610,email,A head start on thoughtful gifting.,2025-11-16,false,,false,,,
SEND003127,CMP05,Back to Routine,C00570,email,Get back into your everyday rhythm.,2025-09-22,false,,false,,,
SEND003128,CMP05,Back to Routine,C00740,email,Get back into your everyday rhythm.,2025-09-09,false,,false,,,
SEND003129,CMP02,Spring Refresh,C00345,ads,Refresh your routine for spring.,2025-04-28,true,330,false,V010433,,
SEND003130,CMP05,Back to Routine,C00711,email,Get back into your everyday rhythm.,2025-08-04,true,185,false,V010434,,
SEND003131,CMP03,Member Picks,C00169,email,Popular picks selected for you.,2025-06-25,false,,false,,,
SEND003132,CMP06,Autumn Edit,C00675,ads,Discover this season's useful upgrades.,2025-09-04,false,,false,,,
SEND003133,CMP02,Spring Refresh,C00916,ads,Refresh your routine for spring.,2025-04-12,false,,false,,,
SEND003134,CMP06,Autumn Edit,C00173,ads,Discover this season's useful upgrades.,2025-09-18,false,,false,,,
SEND003135,CMP06,Autumn Edit,C00375,ads,Discover this season's useful upgrades.,2025-10-11,false,,false,,,
SEND003136,CMP03,Member Picks,C00325,email,Popular picks selected for you.,2025-05-22,false,,false,,,
SEND003137,CMP04,Summer Essentials,C00153,ads,Simple essentials for warmer days.,2025-08-19,false,,false,,,
SEND003138,CMP01,New Year Reset,C00578,email,Start fresh with practical favorites.,2025-01-29,true,75,false,V010435,,
SEND003139,CMP01,New Year Reset,C00878,email,Start fresh with practical favorites.,2025-01-30,false,,false,,,
SEND003140,CMP02,Spring Refresh,C00986,ads,Refresh your routine for spring.,2025-04-01,false,,false,,,
SEND003141,CMP05,Back to Routine,C00071,email,Get back into your everyday rhythm.,2025-09-10,false,,false,,,
SEND003142,CMP03,Member Picks,C00696,email,Popular picks selected for you.,2025-06-08,false,,false,,,
SEND003143,CMP01,New Year Reset,C00341,email,Start fresh with practical favorites.,2025-02-12,false,,false,,,
SEND003144,CMP02,Spring Refresh,C00308,ads,Refresh your routine for spring.,2025-04-10,false,,false,,,
SEND003145,CMP06,Autumn Edit,C00230,ads,Discover this season's useful upgrades.,2025-10-16,false,,false,,,
SEND003146,CMP04,Summer Essentials,C00608,ads,Simple essentials for warmer days.,2025-07-16,true,87,false,V010436,,
SEND003147,CMP01,New Year Reset,C00948,email,Start fresh with practical favorites.,2025-01-23,false,,false,,,
SEND003148,CMP05,Back to Routine,C00007,email,Get back into your everyday rhythm.,2025-08-15,false,,false,,,
SEND003149,CMP04,Summer Essentials,C00621,ads,Simple essentials for warmer days.,2025-06-11,false,,false,,,
SEND003150,CMP01,New Year Reset,C00902,email,Start fresh with practical favorites.,2025-02-04,false,,false,,,
SEND003151,CMP02,Spring Refresh,C00947,ads,Refresh your routine for spring.,2025-04-18,false,,false,,,
SEND003152,CMP02,Spring Refresh,C00407,ads,Refresh your routine for spring.,2025-04-19,false,,false,,,
SEND003153,CMP08,Holiday Highlights,C00729,ads,Explore customer favorites this holiday.,2025-11-24,false,,false,,,
SEND003154,CMP08,Holiday Highlights,C00910,ads,Explore customer favorites this holiday.,2025-12-08,false,,false,,,
SEND003155,CMP02,Spring Refresh,C00524,ads,Refresh your routine for spring.,2025-03-28,false,,false,,,
SEND003156,CMP06,Autumn Edit,C00415,ads,Discover this season's useful upgrades.,2025-09-05,false,,false,,,
SEND003157,CMP08,Holiday Highlights,C00520,ads,Explore customer favorites this holiday.,2025-11-19,false,,false,,,
SEND003158,CMP02,Spring Refresh,C00186,ads,Refresh your routine for spring.,2025-03-31,false,,false,,,
SEND003159,CMP06,Autumn Edit,C00301,ads,Discover this season's useful upgrades.,2025-09-30,false,,false,,,
SEND003160,CMP07,Early Holiday,C00024,email,A head start on thoughtful gifting.,2025-11-02,false,,false,,,
SEND003161,CMP04,Summer Essentials,C00348,ads,Simple essentials for warmer days.,2025-07-10,false,,false,,,
SEND003162,CMP04,Summer Essentials,C00771,ads,Simple essentials for warmer days.,2025-06-22,false,,false,,,
SEND003163,CMP02,Spring Refresh,C00998,ads,Refresh your routine for spring.,2025-04-16,false,,false,,,
SEND003164,CMP01,New Year Reset,C00465,email,Start fresh with practical favorites.,2025-02-28,false,,false,,,
SEND003165,CMP03,Member Picks,C00393,email,Popular picks selected for you.,2025-05-25,false,,false,,,
SEND003166,CMP01,New Year Reset,C00084,email,Start fresh with practical favorites.,2025-02-22,false,,false,,,
SEND003167,CMP01,New Year Reset,C00154,email,Start fresh with practical favorites.,2025-01-03,false,,false,,,
SEND003168,CMP07,Early Holiday,C00105,email,A head start on thoughtful gifting.,2025-11-24,false,,false,,,
SEND003169,CMP01,New Year Reset,C00419,email,Start fresh with practical favorites.,2025-01-26,false,,false,,,
SEND003170,CMP04,Summer Essentials,C00798,ads,Simple essentials for warmer days.,2025-06-21,false,,false,,,
SEND003171,CMP04,Summer Essentials,C00552,ads,Simple essentials for warmer days.,2025-08-05,false,,false,,,
SEND003172,CMP02,Spring Refresh,C00670,ads,Refresh your routine for spring.,2025-03-17,false,,false,,,
SEND003173,CMP06,Autumn Edit,C00293,ads,Discover this season's useful upgrades.,2025-10-30,false,,false,,,
SEND003174,CMP03,Member Picks,C00985,email,Popular picks selected for you.,2025-06-17,false,,false,,,
SEND003175,CMP06,Autumn Edit,C00446,ads,Discover this season's useful upgrades.,2025-09-14,false,,false,,,
SEND003176,CMP02,Spring Refresh,C00788,ads,Refresh your routine for spring.,2025-03-03,true,35,true,V010437,T006069,45.8
SEND003177,CMP02,Spring Refresh,C00941,ads,Refresh your routine for spring.,2025-03-26,false,,false,,,
SEND003178,CMP07,Early Holiday,C00498,email,A head start on thoughtful gifting.,2025-11-12,false,,false,,,
SEND003179,CMP03,Member Picks,C00303,email,Popular picks selected for you.,2025-05-23,true,64,false,V010438,,
SEND003180,CMP08,Holiday Highlights,C00607,ads,Explore customer favorites this holiday.,2025-12-26,false,,false,,,
SEND003181,CMP05,Back to Routine,C00172,email,Get back into your everyday rhythm.,2025-08-09,false,,false,,,
SEND003182,CMP02,Spring Refresh,C00026,ads,Refresh your routine for spring.,2025-04-22,false,,false,,,
SEND003183,CMP01,New Year Reset,C00699,email,Start fresh with practical favorites.,2025-01-08,false,,false,,,
SEND003184,CMP07,Early Holiday,C00316,email,A head start on thoughtful gifting.,2025-11-01,false,,false,,,
SEND003185,CMP05,Back to Routine,C00385,email,Get back into your everyday rhythm.,2025-09-06,false,,false,,,
SEND003186,CMP04,Summer Essentials,C00561,ads,Simple essentials for warmer days.,2025-06-13,false,,false,,,
SEND003187,CMP06,Autumn Edit,C00878,ads,Discover this season's useful upgrades.,2025-10-25,false,,false,,,
SEND003188,CMP02,Spring Refresh,C00178,ads,Refresh your routine for spring.,2025-04-23,true,127,true,V010439,T006070,53.1
SEND003189,CMP03,Member Picks,C00592,email,Popular picks selected for you.,2025-06-28,false,,false,,,
SEND003190,CMP04,Summer Essentials,C00894,ads,Simple essentials for warmer days.,2025-08-22,false,,false,,,
SEND003191,CMP05,Back to Routine,C00832,email,Get back into your everyday rhythm.,2025-09-14,false,,false,,,
SEND003192,CMP06,Autumn Edit,C00221,ads,Discover this season's useful upgrades.,2025-09-24,false,,false,,,
SEND003193,CMP03,Member Picks,C00070,email,Popular picks selected for you.,2025-05-05,false,,false,,,
SEND003194,CMP05,Back to Routine,C00083,email,Get back into your everyday rhythm.,2025-09-29,false,,false,,,
SEND003195,CMP04,Summer Essentials,C00330,ads,Simple essentials for warmer days.,2025-07-14,false,,false,,,
SEND003196,CMP07,Early Holiday,C00793,email,A head start on thoughtful gifting.,2025-11-12,false,,false,,,
SEND003197,CMP05,Back to Routine,C00811,email,Get back into your everyday rhythm.,2025-08-17,false,,false,,,
SEND003198,CMP06,Autumn Edit,C00267,ads,Discover this season's useful upgrades.,2025-09-10,true,22,false,V010440,,
SEND003199,CMP07,Early Holiday,C00253,email,A head start on thoughtful gifting.,2025-11-01,false,,false,,,
SEND003200,CMP02,Spring Refresh,C00980,ads,Refresh your routine for spring.,2025-04-21,true,70,true,V010441,T006071,27.49
SEND003201,CMP06,Autumn Edit,C00180,ads,Discover this season's useful upgrades.,2025-10-14,false,,false,,,
SEND003202,CMP07,Early Holiday,C00530,email,A head start on thoughtful gifting.,2025-11-27,false,,false,,,
SEND003203,CMP06,Autumn Edit,C00765,ads,Discover this season's useful upgrades.,2025-10-22,false,,false,,,
SEND003204,CMP06,Autumn Edit,C00019,ads,Discover this season's useful upgrades.,2025-10-26,false,,false,,,
SEND003205,CMP04,Summer Essentials,C00635,ads,Simple essentials for warmer days.,2025-08-29,false,,false,,,
SEND003206,CMP01,New Year Reset,C00856,email,Start fresh with practical favorites.,2025-01-30,false,,false,,,
SEND003207,CMP08,Holiday Highlights,C00529,ads,Explore customer favorites this holiday.,2025-11-10,false,,false,,,
SEND003208,CMP04,Summer Essentials,C00797,ads,Simple essentials for warmer days.,2025-08-11,false,,false,,,
SEND003209,CMP06,Autumn Edit,C00907,ads,Discover this season's useful upgrades.,2025-09-06,false,,false,,,
SEND003210,CMP08,Holiday Highlights,C00312,ads,Explore customer favorites this holiday.,2025-12-01,false,,false,,,
SEND003211,CMP08,Holiday Highlights,C00008,ads,Explore customer favorites this holiday.,2025-11-26,false,,false,,,
SEND003212,CMP06,Autumn Edit,C00371,ads,Discover this season's useful upgrades.,2025-09-14,false,,false,,,
SEND003213,CMP04,Summer Essentials,C00222,ads,Simple essentials for warmer days.,2025-06-20,false,,false,,,
SEND003214,CMP03,Member Picks,C00887,email,Popular picks selected for you.,2025-05-22,false,,false,,,
SEND003215,CMP04,Summer Essentials,C00543,ads,Simple essentials for warmer days.,2025-07-29,false,,false,,,
SEND003216,CMP04,Summer Essentials,C00917,ads,Simple essentials for warmer days.,2025-06-01,false,,false,,,
SEND003217,CMP08,Holiday Highlights,C00435,ads,Explore customer favorites this holiday.,2025-11-24,false,,false,,,
SEND003218,CMP06,Autumn Edit,C00058,ads,Discover this season's useful upgrades.,2025-10-18,false,,false,,,
SEND003219,CMP03,Member Picks,C00712,email,Popular picks selected for you.,2025-05-04,false,,false,,,
SEND003220,CMP02,Spring Refresh,C00834,ads,Refresh your routine for spring.,2025-04-14,false,,false,,,
SEND003221,CMP01,New Year Reset,C00224,email,Start fresh with practical favorites.,2025-01-24,false,,false,,,
SEND003222,CMP04,Summer Essentials,C00595,ads,Simple essentials for warmer days.,2025-07-03,false,,false,,,
SEND003223,CMP01,New Year Reset,C00021,email,Start fresh with practical favorites.,2025-02-16,false,,false,,,
SEND003224,CMP05,Back to Routine,C00516,email,Get back into your everyday rhythm.,2025-09-12,false,,false,,,
SEND003225,CMP03,Member Picks,C00311,email,Popular picks selected for you.,2025-05-11,false,,false,,,
SEND003226,CMP06,Autumn Edit,C00536,ads,Discover this season's useful upgrades.,2025-09-30,false,,false,,,
SEND003227,CMP05,Back to Routine,C00908,email,Get back into your everyday rhythm.,2025-08-20,false,,false,,,
SEND003228,CMP01,New Year Reset,C00350,email,Start fresh with practical favorites.,2025-01-06,true,46,false,V010442,,
SEND003229,CMP03,Member Picks,C00868,email,Popular picks selected for you.,2025-05-06,true,240,false,V010443,,
SEND003230,CMP05,Back to Routine,C00078,email,Get back into your everyday rhythm.,2025-08-12,false,,false,,,
SEND003231,CMP06,Autumn Edit,C00681,ads,Discover this season's useful upgrades.,2025-09-30,false,,false,,,
SEND003232,CMP05,Back to Routine,C00182,email,Get back into your everyday rhythm.,2025-08-04,false,,false,,,
SEND003233,CMP04,Summer Essentials,C00989,ads,Simple essentials for warmer days.,2025-07-19,false,,false,,,
SEND003234,CMP06,Autumn Edit,C00503,ads,Discover this season's useful upgrades.,2025-10-11,false,,false,,,
SEND003235,CMP05,Back to Routine,C00647,email,Get back into your everyday rhythm.,2025-09-28,false,,false,,,
SEND003236,CMP07,Early Holiday,C00064,email,A head start on thoughtful gifting.,2025-11-11,false,,false,,,
SEND003237,CMP07,Early Holiday,C00904,email,A head start on thoughtful gifting.,2025-11-12,false,,false,,,
SEND003238,CMP02,Spring Refresh,C00877,ads,Refresh your routine for spring.,2025-03-23,false,,false,,,
SEND003239,CMP01,New Year Reset,C00225,email,Start fresh with practical favorites.,2025-02-10,false,,false,,,
SEND003240,CMP02,Spring Refresh,C00329,ads,Refresh your routine for spring.,2025-04-28,false,,false,,,
SEND003241,CMP05,Back to Routine,C00658,email,Get back into your everyday rhythm.,2025-09-10,false,,false,,,
SEND003242,CMP04,Summer Essentials,C00728,ads,Simple essentials for warmer days.,2025-07-23,false,,false,,,
SEND003243,CMP06,Autumn Edit,C00472,ads,Discover this season's useful upgrades.,2025-09-02,true,222,false,V010444,,
SEND003244,CMP02,Spring Refresh,C00826,ads,Refresh your routine for spring.,2025-04-05,false,,false,,,
SEND003245,CMP02,Spring Refresh,C00391,ads,Refresh your routine for spring.,2025-03-06,false,,false,,,
SEND003246,CMP02,Spring Refresh,C00500,ads,Refresh your routine for spring.,2025-04-16,false,,false,,,
SEND003247,CMP01,New Year Reset,C00926,email,Start fresh with practical favorites.,2025-02-22,false,,false,,,
SEND003248,CMP02,Spring Refresh,C00219,ads,Refresh your routine for spring.,2025-03-23,false,,false,,,
SEND003249,CMP01,New Year Reset,C00191,email,Start fresh with practical favorites.,2025-01-25,false,,false,,,
SEND003250,CMP02,Spring Refresh,C00797,ads,Refresh your routine for spring.,2025-03-26,false,,false,,,
SEND003251,CMP06,Autumn Edit,C00011,ads,Discover this season's useful upgrades.,2025-09-18,false,,false,,,
SEND003252,CMP03,Member Picks,C00898,email,Popular picks selected for you.,2025-06-17,true,168,false,V010445,,
SEND003253,CMP08,Holiday Highlights,C00178,ads,Explore customer favorites this holiday.,2025-12-16,false,,false,,,
SEND003254,CMP04,Summer Essentials,C00801,ads,Simple essentials for warmer days.,2025-06-17,false,,false,,,
SEND003255,CMP02,Spring Refresh,C00144,ads,Refresh your routine for spring.,2025-04-30,false,,false,,,
SEND003256,CMP05,Back to Routine,C00208,email,Get back into your everyday rhythm.,2025-09-02,false,,false,,,
SEND003257,CMP07,Early Holiday,C00333,email,A head start on thoughtful gifting.,2025-11-23,false,,false,,,
SEND003258,CMP02,Spring Refresh,C00897,ads,Refresh your routine for spring.,2025-03-29,false,,false,,,
SEND003259,CMP05,Back to Routine,C00662,email,Get back into your everyday rhythm.,2025-09-23,false,,false,,,
SEND003260,CMP02,Spring Refresh,C00810,ads,Refresh your routine for spring.,2025-04-03,false,,false,,,
SEND003261,CMP01,New Year Reset,C00893,email,Start fresh with practical favorites.,2025-02-11,false,,false,,,
SEND003262,CMP04,Summer Essentials,C00872,ads,Simple essentials for warmer days.,2025-07-15,false,,false,,,
SEND003263,CMP04,Summer Essentials,C00371,ads,Simple essentials for warmer days.,2025-06-14,false,,false,,,
SEND003264,CMP05,Back to Routine,C00368,email,Get back into your everyday rhythm.,2025-09-27,false,,false,,,
SEND003265,CMP04,Summer Essentials,C00512,ads,Simple essentials for warmer days.,2025-07-03,false,,false,,,
SEND003266,CMP01,New Year Reset,C00821,email,Start fresh with practical favorites.,2025-01-22,true,228,false,V010446,,
SEND003267,CMP03,Member Picks,C00709,email,Popular picks selected for you.,2025-06-10,false,,false,,,
SEND003268,CMP04,Summer Essentials,C00114,ads,Simple essentials for warmer days.,2025-06-12,false,,false,,,
SEND003269,CMP05,Back to Routine,C00240,email,Get back into your everyday rhythm.,2025-09-05,false,,false,,,
SEND003270,CMP01,New Year Reset,C00800,email,Start fresh with practical favorites.,2025-02-22,false,,false,,,
SEND003271,CMP06,Autumn Edit,C00747,ads,Discover this season's useful upgrades.,2025-10-13,false,,false,,,
SEND003272,CMP03,Member Picks,C00056,email,Popular picks selected for you.,2025-05-09,false,,false,,,
SEND003273,CMP01,New Year Reset,C00703,email,Start fresh with practical favorites.,2025-01-09,false,,false,,,
SEND003274,CMP08,Holiday Highlights,C00445,ads,Explore customer favorites this holiday.,2025-11-09,false,,false,,,
SEND003275,CMP05,Back to Routine,C00745,email,Get back into your everyday rhythm.,2025-08-17,false,,false,,,
SEND003276,CMP01,New Year Reset,C00730,email,Start fresh with practical favorites.,2025-01-26,false,,false,,,
SEND003277,CMP01,New Year Reset,C00751,email,Start fresh with practical favorites.,2025-02-24,false,,false,,,
SEND003278,CMP05,Back to Routine,C00214,email,Get back into your everyday rhythm.,2025-08-19,false,,false,,,
SEND003279,CMP05,Back to Routine,C00700,email,Get back into your everyday rhythm.,2025-08-11,false,,false,,,
SEND003280,CMP03,Member Picks,C00277,email,Popular picks selected for you.,2025-06-21,false,,false,,,
SEND003281,CMP05,Back to Routine,C00705,email,Get back into your everyday rhythm.,2025-09-06,true,52,false,V010447,,
SEND003282,CMP04,Summer Essentials,C00963,ads,Simple essentials for warmer days.,2025-06-22,false,,false,,,
SEND003283,CMP04,Summer Essentials,C00800,ads,Simple essentials for warmer days.,2025-07-14,false,,false,,,
SEND003284,CMP08,Holiday Highlights,C00957,ads,Explore customer favorites this holiday.,2025-11-17,false,,false,,,
SEND003285,CMP05,Back to Routine,C00236,email,Get back into your everyday rhythm.,2025-09-01,false,,false,,,
SEND003286,CMP06,Autumn Edit,C00010,ads,Discover this season's useful upgrades.,2025-10-04,false,,false,,,
SEND003287,CMP06,Autumn Edit,C00746,ads,Discover this season's useful upgrades.,2025-09-09,false,,false,,,
SEND003288,CMP03,Member Picks,C00910,email,Popular picks selected for you.,2025-06-16,true,43,false,V010448,,
SEND003289,CMP04,Summer Essentials,C00193,ads,Simple essentials for warmer days.,2025-08-26,false,,false,,,
SEND003290,CMP06,Autumn Edit,C00309,ads,Discover this season's useful upgrades.,2025-10-29,false,,false,,,
SEND003291,CMP01,New Year Reset,C00813,email,Start fresh with practical favorites.,2025-01-09,false,,false,,,
SEND003292,CMP04,Summer Essentials,C00557,ads,Simple essentials for warmer days.,2025-07-22,false,,false,,,
SEND003293,CMP07,Early Holiday,C00194,email,A head start on thoughtful gifting.,2025-11-28,false,,false,,,
SEND003294,CMP02,Spring Refresh,C00312,ads,Refresh your routine for spring.,2025-04-08,false,,false,,,
SEND003295,CMP02,Spring Refresh,C00873,ads,Refresh your routine for spring.,2025-04-23,false,,false,,,
SEND003296,CMP06,Autumn Edit,C00821,ads,Discover this season's useful upgrades.,2025-10-17,false,,false,,,
SEND003297,CMP08,Holiday Highlights,C00510,ads,Explore customer favorites this holiday.,2025-11-13,false,,false,,,
SEND003298,CMP03,Member Picks,C00910,email,Popular picks selected for you.,2025-06-04,false,,false,,,
SEND003299,CMP07,Early Holiday,C00674,email,A head start on thoughtful gifting.,2025-11-04,false,,false,,,
SEND003300,CMP05,Back to Routine,C00834,email,Get back into your everyday rhythm.,2025-08-12,false,,false,,,
SEND003301,CMP06,Autumn Edit,C00100,ads,Discover this season's useful upgrades.,2025-09-17,false,,false,,,
SEND003302,CMP08,Holiday Highlights,C00621,ads,Explore customer favorites this holiday.,2025-11-30,false,,false,,,
SEND003303,CMP02,Spring Refresh,C00683,ads,Refresh your routine for spring.,2025-03-05,false,,false,,,
SEND003304,CMP07,Early Holiday,C00033,email,A head start on thoughtful gifting.,2025-11-12,false,,false,,,
SEND003305,CMP03,Member Picks,C00098,email,Popular picks selected for you.,2025-06-29,false,,false,,,
SEND003306,CMP05,Back to Routine,C00665,email,Get back into your everyday rhythm.,2025-09-08,false,,false,,,
SEND003307,CMP02,Spring Refresh,C00357,ads,Refresh your routine for spring.,2025-03-13,false,,false,,,
SEND003308,CMP04,Summer Essentials,C00169,ads,Simple essentials for warmer days.,2025-06-29,false,,false,,,
SEND003309,CMP02,Spring Refresh,C00339,ads,Refresh your routine for spring.,2025-03-22,false,,false,,,
SEND003310,CMP04,Summer Essentials,C00907,ads,Simple essentials for warmer days.,2025-06-07,false,,false,,,
SEND003311,CMP06,Autumn Edit,C00038,ads,Discover this season's useful upgrades.,2025-10-07,false,,false,,,
SEND003312,CMP07,Early Holiday,C00373,email,A head start on thoughtful gifting.,2025-11-03,false,,false,,,
SEND003313,CMP04,Summer Essentials,C00224,ads,Simple essentials for warmer days.,2025-07-09,false,,false,,,
SEND003314,CMP07,Early Holiday,C00594,email,A head start on thoughtful gifting.,2025-11-19,false,,false,,,
SEND003315,CMP06,Autumn Edit,C00154,ads,Discover this season's useful upgrades.,2025-10-14,false,,false,,,
SEND003316,CMP04,Summer Essentials,C00659,ads,Simple essentials for warmer days.,2025-07-31,false,,false,,,
SEND003317,CMP03,Member Picks,C00674,email,Popular picks selected for you.,2025-06-09,false,,false,,,
SEND003318,CMP02,Spring Refresh,C00752,ads,Refresh your routine for spring.,2025-04-14,false,,false,,,
SEND003319,CMP05,Back to Routine,C00707,email,Get back into your everyday rhythm.,2025-09-26,false,,false,,,
SEND003320,CMP08,Holiday Highlights,C00448,ads,Explore customer favorites this holiday.,2025-11-13,false,,false,,,
SEND003321,CMP02,Spring Refresh,C01000,ads,Refresh your routine for spring.,2025-03-26,false,,false,,,
SEND003322,CMP03,Member Picks,C00562,email,Popular picks selected for you.,2025-05-26,false,,false,,,
SEND003323,CMP08,Holiday Highlights,C00085,ads,Explore customer favorites this holiday.,2025-12-14,false,,false,,,
SEND003324,CMP08,Holiday Highlights,C00586,ads,Explore customer favorites this holiday.,2025-11-18,true,130,false,V010449,,
SEND003325,CMP06,Autumn Edit,C00909,ads,Discover this season's useful upgrades.,2025-10-13,false,,false,,,
SEND003326,CMP03,Member Picks,C00296,email,Popular picks selected for you.,2025-05-25,false,,false,,,
SEND003327,CMP01,New Year Reset,C00318,email,Start fresh with practical favorites.,2025-01-19,false,,false,,,
SEND003328,CMP06,Autumn Edit,C00537,ads,Discover this season's useful upgrades.,2025-10-25,false,,false,,,
SEND003329,CMP04,Summer Essentials,C00796,ads,Simple essentials for warmer days.,2025-08-23,false,,false,,,
SEND003330,CMP06,Autumn Edit,C00242,ads,Discover this season's useful upgrades.,2025-09-29,false,,false,,,
SEND003331,CMP02,Spring Refresh,C00581,ads,Refresh your routine for spring.,2025-03-03,false,,false,,,
SEND003332,CMP05,Back to Routine,C00184,email,Get back into your everyday rhythm.,2025-08-26,false,,false,,,
SEND003333,CMP03,Member Picks,C00987,email,Popular picks selected for you.,2025-06-04,false,,false,,,
SEND003334,CMP08,Holiday Highlights,C00589,ads,Explore customer favorites this holiday.,2025-12-28,false,,false,,,
SEND003335,CMP06,Autumn Edit,C00668,ads,Discover this season's useful upgrades.,2025-09-04,true,76,false,V010450,,
SEND003336,CMP08,Holiday Highlights,C00846,ads,Explore customer favorites this holiday.,2025-12-09,false,,false,,,
SEND003337,CMP07,Early Holiday,C00048,email,A head start on thoughtful gifting.,2025-11-09,false,,false,,,
SEND003338,CMP06,Autumn Edit,C00873,ads,Discover this season's useful upgrades.,2025-10-07,false,,false,,,
SEND003339,CMP08,Holiday Highlights,C00933,ads,Explore customer favorites this holiday.,2025-11-26,false,,false,,,
SEND003340,CMP07,Early Holiday,C00820,email,A head start on thoughtful gifting.,2025-11-10,false,,false,,,
SEND003341,CMP02,Spring Refresh,C00290,ads,Refresh your routine for spring.,2025-03-12,false,,false,,,
SEND003342,CMP06,Autumn Edit,C00036,ads,Discover this season's useful upgrades.,2025-10-09,false,,false,,,
SEND003343,CMP07,Early Holiday,C00723,email,A head start on thoughtful gifting.,2025-11-05,false,,false,,,
SEND003344,CMP04,Summer Essentials,C00277,ads,Simple essentials for warmer days.,2025-07-19,false,,false,,,
SEND003345,CMP08,Holiday Highlights,C00531,ads,Explore customer favorites this holiday.,2025-11-04,false,,false,,,
SEND003346,CMP03,Member Picks,C00443,email,Popular picks selected for you.,2025-06-23,false,,false,,,
SEND003347,CMP05,Back to Routine,C00939,email,Get back into your everyday rhythm.,2025-09-02,true,234,true,V010451,T006072,17.15
SEND003348,CMP06,Autumn Edit,C00525,ads,Discover this season's useful upgrades.,2025-09-26,true,209,false,V010452,,
SEND003349,CMP06,Autumn Edit,C00618,ads,Discover this season's useful upgrades.,2025-09-15,false,,false,,,
SEND003350,CMP04,Summer Essentials,C00345,ads,Simple essentials for warmer days.,2025-08-18,false,,false,,,
SEND003351,CMP04,Summer Essentials,C00078,ads,Simple essentials for warmer days.,2025-06-17,true,138,false,V010453,,
SEND003352,CMP03,Member Picks,C00293,email,Popular picks selected for you.,2025-06-25,false,,false,,,
SEND003353,CMP04,Summer Essentials,C00403,ads,Simple essentials for warmer days.,2025-07-28,true,59,false,V010454,,
SEND003354,CMP07,Early Holiday,C00292,email,A head start on thoughtful gifting.,2025-11-26,true,50,false,V010455,,
SEND003355,CMP04,Summer Essentials,C00768,ads,Simple essentials for warmer days.,2025-07-21,false,,false,,,
SEND003356,CMP04,Summer Essentials,C00117,ads,Simple essentials for warmer days.,2025-08-19,false,,false,,,
SEND003357,CMP04,Summer Essentials,C00181,ads,Simple essentials for warmer days.,2025-06-08,false,,false,,,
SEND003358,CMP04,Summer Essentials,C00059,ads,Simple essentials for warmer days.,2025-08-02,false,,false,,,
SEND003359,CMP03,Member Picks,C00835,email,Popular picks selected for you.,2025-06-27,false,,false,,,
SEND003360,CMP04,Summer Essentials,C00961,ads,Simple essentials for warmer days.,2025-08-03,false,,false,,,
SEND003361,CMP04,Summer Essentials,C00238,ads,Simple essentials for warmer days.,2025-07-13,false,,false,,,
SEND003362,CMP04,Summer Essentials,C00955,ads,Simple essentials for warmer days.,2025-08-03,false,,false,,,
SEND003363,CMP02,Spring Refresh,C00008,ads,Refresh your routine for spring.,2025-03-12,false,,false,,,
SEND003364,CMP03,Member Picks,C00133,email,Popular picks selected for you.,2025-06-26,false,,false,,,
SEND003365,CMP05,Back to Routine,C00763,email,Get back into your everyday rhythm.,2025-08-21,false,,false,,,
SEND003366,CMP06,Autumn Edit,C00678,ads,Discover this season's useful upgrades.,2025-09-04,false,,false,,,
SEND003367,CMP02,Spring Refresh,C00617,ads,Refresh your routine for spring.,2025-04-29,false,,false,,,
SEND003368,CMP03,Member Picks,C00552,email,Popular picks selected for you.,2025-05-13,false,,false,,,
SEND003369,CMP04,Summer Essentials,C00320,ads,Simple essentials for warmer days.,2025-08-09,false,,false,,,
SEND003370,CMP04,Summer Essentials,C00090,ads,Simple essentials for warmer days.,2025-08-10,true,148,false,V010456,,
SEND003371,CMP07,Early Holiday,C00967,email,A head start on thoughtful gifting.,2025-11-03,false,,false,,,
SEND003372,CMP07,Early Holiday,C00690,email,A head start on thoughtful gifting.,2025-11-03,false,,false,,,
SEND003373,CMP02,Spring Refresh,C00431,ads,Refresh your routine for spring.,2025-04-27,false,,false,,,
SEND003374,CMP02,Spring Refresh,C00114,ads,Refresh your routine for spring.,2025-03-01,false,,false,,,
SEND003375,CMP03,Member Picks,C00678,email,Popular picks selected for you.,2025-06-21,false,,false,,,
SEND003376,CMP04,Summer Essentials,C00954,ads,Simple essentials for warmer days.,2025-06-09,false,,false,,,
SEND003377,CMP06,Autumn Edit,C00730,ads,Discover this season's useful upgrades.,2025-10-16,false,,false,,,
SEND003378,CMP03,Member Picks,C00666,email,Popular picks selected for you.,2025-05-03,false,,false,,,
SEND003379,CMP02,Spring Refresh,C00573,ads,Refresh your routine for spring.,2025-04-28,false,,false,,,
SEND003380,CMP03,Member Picks,C00817,email,Popular picks selected for you.,2025-06-11,false,,false,,,
SEND003381,CMP05,Back to Routine,C00510,email,Get back into your everyday rhythm.,2025-09-17,false,,false,,,
SEND003382,CMP05,Back to Routine,C00640,email,Get back into your everyday rhythm.,2025-08-18,false,,false,,,
SEND003383,CMP05,Back to Routine,C00315,email,Get back into your everyday rhythm.,2025-08-17,false,,false,,,
SEND003384,CMP05,Back to Routine,C00274,email,Get back into your everyday rhythm.,2025-08-06,false,,false,,,
SEND003385,CMP08,Holiday Highlights,C00487,ads,Explore customer favorites this holiday.,2025-11-03,false,,false,,,
SEND003386,CMP04,Summer Essentials,C00656,ads,Simple essentials for warmer days.,2025-06-11,true,82,true,V010457,T006073,52.99
SEND003387,CMP04,Summer Essentials,C00180,ads,Simple essentials for warmer days.,2025-07-10,true,134,true,V010458,T006074,27.36
SEND003388,CMP03,Member Picks,C00386,email,Popular picks selected for you.,2025-05-28,false,,false,,,
SEND003389,CMP08,Holiday Highlights,C00969,ads,Explore customer favorites this holiday.,2025-12-21,false,,false,,,
SEND003390,CMP07,Early Holiday,C00944,email,A head start on thoughtful gifting.,2025-11-03,false,,false,,,
SEND003391,CMP03,Member Picks,C00449,email,Popular picks selected for you.,2025-06-06,true,185,false,V010459,,
SEND003392,CMP02,Spring Refresh,C00060,ads,Refresh your routine for spring.,2025-04-14,false,,false,,,
SEND003393,CMP03,Member Picks,C00030,email,Popular picks selected for you.,2025-05-23,false,,false,,,
SEND003394,CMP06,Autumn Edit,C00397,ads,Discover this season's useful upgrades.,2025-09-07,false,,false,,,
SEND003395,CMP06,Autumn Edit,C00860,ads,Discover this season's useful upgrades.,2025-10-28,false,,false,,,
SEND003396,CMP01,New Year Reset,C00852,email,Start fresh with practical favorites.,2025-01-03,false,,false,,,
SEND003397,CMP06,Autumn Edit,C00844,ads,Discover this season's useful upgrades.,2025-09-18,true,233,false,V010460,,
SEND003398,CMP01,New Year Reset,C00939,email,Start fresh with practical favorites.,2025-02-28,false,,false,,,
SEND003399,CMP04,Summer Essentials,C00491,ads,Simple essentials for warmer days.,2025-06-03,false,,false,,,
SEND003400,CMP08,Holiday Highlights,C00842,ads,Explore customer favorites this holiday.,2025-11-22,false,,false,,,
SEND003401,CMP05,Back to Routine,C00893,email,Get back into your everyday rhythm.,2025-08-19,false,,false,,,
SEND003402,CMP01,New Year Reset,C00566,email,Start fresh with practical favorites.,2025-02-25,false,,false,,,
SEND003403,CMP08,Holiday Highlights,C00492,ads,Explore customer favorites this holiday.,2025-11-01,false,,false,,,
SEND003404,CMP03,Member Picks,C00556,email,Popular picks selected for you.,2025-05-13,false,,false,,,
SEND003405,CMP08,Holiday Highlights,C00179,ads,Explore customer favorites this holiday.,2025-11-20,false,,false,,,
SEND003406,CMP08,Holiday Highlights,C00379,ads,Explore customer favorites this holiday.,2025-12-28,false,,false,,,
SEND003407,CMP04,Summer Essentials,C00836,ads,Simple essentials for warmer days.,2025-06-22,false,,false,,,
SEND003408,CMP07,Early Holiday,C00099,email,A head start on thoughtful gifting.,2025-11-04,false,,false,,,
SEND003409,CMP05,Back to Routine,C00829,email,Get back into your everyday rhythm.,2025-09-07,false,,false,,,
SEND003410,CMP03,Member Picks,C00516,email,Popular picks selected for you.,2025-06-23,false,,false,,,
SEND003411,CMP05,Back to Routine,C00747,email,Get back into your everyday rhythm.,2025-09-11,false,,false,,,
SEND003412,CMP01,New Year Reset,C00237,email,Start fresh with practical favorites.,2025-01-18,false,,false,,,
SEND003413,CMP06,Autumn Edit,C00683,ads,Discover this season's useful upgrades.,2025-10-06,false,,false,,,
SEND003414,CMP06,Autumn Edit,C00526,ads,Discover this season's useful upgrades.,2025-09-16,false,,false,,,
SEND003415,CMP03,Member Picks,C00617,email,Popular picks selected for you.,2025-05-24,false,,false,,,
SEND003416,CMP05,Back to Routine,C00768,email,Get back into your everyday rhythm.,2025-09-09,false,,false,,,
SEND003417,CMP04,Summer Essentials,C00258,ads,Simple essentials for warmer days.,2025-07-27,false,,false,,,
SEND003418,CMP04,Summer Essentials,C00834,ads,Simple essentials for warmer days.,2025-08-29,false,,false,,,
SEND003419,CMP07,Early Holiday,C00345,email,A head start on thoughtful gifting.,2025-11-25,false,,false,,,
SEND003420,CMP03,Member Picks,C00161,email,Popular picks selected for you.,2025-05-01,true,21,false,V010461,,
SEND003421,CMP08,Holiday Highlights,C00157,ads,Explore customer favorites this holiday.,2025-12-09,false,,false,,,
SEND003422,CMP05,Back to Routine,C00797,email,Get back into your everyday rhythm.,2025-08-26,false,,false,,,
SEND003423,CMP02,Spring Refresh,C00900,ads,Refresh your routine for spring.,2025-03-17,false,,false,,,
SEND003424,CMP05,Back to Routine,C00748,email,Get back into your everyday rhythm.,2025-08-03,false,,false,,,
SEND003425,CMP05,Back to Routine,C00232,email,Get back into your everyday rhythm.,2025-08-02,false,,false,,,
SEND003426,CMP07,Early Holiday,C00821,email,A head start on thoughtful gifting.,2025-11-21,false,,false,,,
SEND003427,CMP04,Summer Essentials,C00824,ads,Simple essentials for warmer days.,2025-06-15,false,,false,,,
SEND003428,CMP07,Early Holiday,C00853,email,A head start on thoughtful gifting.,2025-11-07,false,,false,,,
SEND003429,CMP04,Summer Essentials,C00780,ads,Simple essentials for warmer days.,2025-08-18,false,,false,,,
SEND003430,CMP08,Holiday Highlights,C00105,ads,Explore customer favorites this holiday.,2025-11-21,false,,false,,,
SEND003431,CMP02,Spring Refresh,C00385,ads,Refresh your routine for spring.,2025-04-20,false,,false,,,
SEND003432,CMP01,New Year Reset,C00024,email,Start fresh with practical favorites.,2025-01-03,false,,false,,,
SEND003433,CMP06,Autumn Edit,C00726,ads,Discover this season's useful upgrades.,2025-10-25,false,,false,,,
SEND003434,CMP01,New Year Reset,C00655,email,Start fresh with practical favorites.,2025-01-12,false,,false,,,
SEND003435,CMP08,Holiday Highlights,C00014,ads,Explore customer favorites this holiday.,2025-11-24,false,,false,,,
SEND003436,CMP05,Back to Routine,C00740,email,Get back into your everyday rhythm.,2025-09-25,false,,false,,,
SEND003437,CMP01,New Year Reset,C00575,email,Start fresh with practical favorites.,2025-02-15,false,,false,,,
SEND003438,CMP05,Back to Routine,C00114,email,Get back into your everyday rhythm.,2025-09-07,false,,false,,,
SEND003439,CMP07,Early Holiday,C00075,email,A head start on thoughtful gifting.,2025-11-24,false,,false,,,
SEND003440,CMP08,Holiday Highlights,C00293,ads,Explore customer favorites this holiday.,2025-11-30,false,,false,,,
SEND003441,CMP07,Early Holiday,C00637,email,A head start on thoughtful gifting.,2025-11-20,false,,false,,,
SEND003442,CMP03,Member Picks,C00633,email,Popular picks selected for you.,2025-05-01,false,,false,,,
SEND003443,CMP06,Autumn Edit,C00820,ads,Discover this season's useful upgrades.,2025-10-18,true,52,false,V010462,,
SEND003444,CMP05,Back to Routine,C00639,email,Get back into your everyday rhythm.,2025-09-05,false,,false,,,
SEND003445,CMP03,Member Picks,C00524,email,Popular picks selected for you.,2025-06-14,false,,false,,,
SEND003446,CMP08,Holiday Highlights,C00245,ads,Explore customer favorites this holiday.,2025-12-29,true,32,false,V010463,,
SEND003447,CMP04,Summer Essentials,C00427,ads,Simple essentials for warmer days.,2025-07-03,false,,false,,,
SEND003448,CMP01,New Year Reset,C00240,email,Start fresh with practical favorites.,2025-01-22,false,,false,,,
SEND003449,CMP08,Holiday Highlights,C00650,ads,Explore customer favorites this holiday.,2025-11-22,true,109,false,V010464,,
SEND003450,CMP04,Summer Essentials,C00083,ads,Simple essentials for warmer days.,2025-07-29,false,,false,,,
SEND003451,CMP01,New Year Reset,C00528,email,Start fresh with practical favorites.,2025-02-01,false,,false,,,
SEND003452,CMP02,Spring Refresh,C00497,ads,Refresh your routine for spring.,2025-03-20,false,,false,,,
SEND003453,CMP05,Back to Routine,C00547,email,Get back into your everyday rhythm.,2025-08-28,false,,false,,,
SEND003454,CMP08,Holiday Highlights,C00934,ads,Explore customer favorites this holiday.,2025-11-12,false,,false,,,
SEND003455,CMP04,Summer Essentials,C00538,ads,Simple essentials for warmer days.,2025-06-20,false,,false,,,
SEND003456,CMP04,Summer Essentials,C00268,ads,Simple essentials for warmer days.,2025-06-18,false,,false,,,
SEND003457,CMP06,Autumn Edit,C00389,ads,Discover this season's useful upgrades.,2025-09-22,false,,false,,,
SEND003458,CMP01,New Year Reset,C00574,email,Start fresh with practical favorites.,2025-01-11,false,,false,,,
SEND003459,CMP02,Spring Refresh,C00520,ads,Refresh your routine for spring.,2025-04-02,false,,false,,,
SEND003460,CMP06,Autumn Edit,C00025,ads,Discover this season's useful upgrades.,2025-10-18,true,42,false,V010465,,
SEND003461,CMP01,New Year Reset,C00926,email,Start fresh with practical favorites.,2025-02-07,false,,false,,,
SEND003462,CMP02,Spring Refresh,C00094,ads,Refresh your routine for spring.,2025-04-16,false,,false,,,
SEND003463,CMP07,Early Holiday,C00040,email,A head start on thoughtful gifting.,2025-11-05,false,,false,,,
SEND003464,CMP04,Summer Essentials,C00098,ads,Simple essentials for warmer days.,2025-06-28,false,,false,,,
SEND003465,CMP08,Holiday Highlights,C00254,ads,Explore customer favorites this holiday.,2025-11-04,false,,false,,,
SEND003466,CMP07,Early Holiday,C00774,email,A head start on thoughtful gifting.,2025-11-07,false,,false,,,
SEND003467,CMP06,Autumn Edit,C00118,ads,Discover this season's useful upgrades.,2025-09-30,false,,false,,,
SEND003468,CMP08,Holiday Highlights,C00058,ads,Explore customer favorites this holiday.,2025-12-29,false,,false,,,
SEND003469,CMP04,Summer Essentials,C00662,ads,Simple essentials for warmer days.,2025-08-19,false,,false,,,
SEND003470,CMP06,Autumn Edit,C00650,ads,Discover this season's useful upgrades.,2025-10-15,false,,false,,,
SEND003471,CMP03,Member Picks,C00525,email,Popular picks selected for you.,2025-06-19,false,,false,,,
SEND003472,CMP06,Autumn Edit,C00282,ads,Discover this season's useful upgrades.,2025-09-27,false,,false,,,
SEND003473,CMP03,Member Picks,C00619,email,Popular picks selected for you.,2025-05-24,false,,false,,,
SEND003474,CMP08,Holiday Highlights,C00233,ads,Explore customer favorites this holiday.,2025-12-24,false,,false,,,
SEND003475,CMP04,Summer Essentials,C00793,ads,Simple essentials for warmer days.,2025-07-18,false,,false,,,
SEND003476,CMP05,Back to Routine,C00101,email,Get back into your everyday rhythm.,2025-08-26,false,,false,,,
SEND003477,CMP06,Autumn Edit,C00060,ads,Discover this season's useful upgrades.,2025-10-04,true,14,false,V010466,,
SEND003478,CMP07,Early Holiday,C00182,email,A head start on thoughtful gifting.,2025-11-12,false,,false,,,
SEND003479,CMP05,Back to Routine,C00489,email,Get back into your everyday rhythm.,2025-09-13,false,,false,,,
SEND003480,CMP06,Autumn Edit,C00234,ads,Discover this season's useful upgrades.,2025-10-31,false,,false,,,
SEND003481,CMP01,New Year Reset,C00306,email,Start fresh with practical favorites.,2025-01-11,false,,false,,,
SEND003482,CMP01,New Year Reset,C00287,email,Start fresh with practical favorites.,2025-02-09,false,,false,,,
SEND003483,CMP07,Early Holiday,C00273,email,A head start on thoughtful gifting.,2025-11-09,false,,false,,,
SEND003484,CMP04,Summer Essentials,C00373,ads,Simple essentials for warmer days.,2025-08-19,false,,false,,,
SEND003485,CMP02,Spring Refresh,C00168,ads,Refresh your routine for spring.,2025-04-17,false,,false,,,
SEND003486,CMP07,Early Holiday,C00137,email,A head start on thoughtful gifting.,2025-11-15,false,,false,,,
SEND003487,CMP03,Member Picks,C00848,email,Popular picks selected for you.,2025-06-29,false,,false,,,
SEND003488,CMP02,Spring Refresh,C00442,ads,Refresh your routine for spring.,2025-04-07,false,,false,,,
SEND003489,CMP03,Member Picks,C00812,email,Popular picks selected for you.,2025-05-08,false,,false,,,
SEND003490,CMP08,Holiday Highlights,C00936,ads,Explore customer favorites this holiday.,2025-11-23,false,,false,,,
SEND003491,CMP08,Holiday Highlights,C00499,ads,Explore customer favorites this holiday.,2025-12-18,false,,false,,,
SEND003492,CMP04,Summer Essentials,C00914,ads,Simple essentials for warmer days.,2025-07-27,false,,false,,,
SEND003493,CMP02,Spring Refresh,C00468,ads,Refresh your routine for spring.,2025-04-14,false,,false,,,
SEND003494,CMP05,Back to Routine,C00833,email,Get back into your everyday rhythm.,2025-08-16,false,,false,,,
SEND003495,CMP04,Summer Essentials,C00411,ads,Simple essentials for warmer days.,2025-06-05,false,,false,,,
SEND003496,CMP03,Member Picks,C00972,email,Popular picks selected for you.,2025-05-14,false,,false,,,
SEND003497,CMP02,Spring Refresh,C00569,ads,Refresh your routine for spring.,2025-03-31,false,,false,,,
SEND003498,CMP07,Early Holiday,C00374,email,A head start on thoughtful gifting.,2025-11-08,true,90,true,V010467,T006075,15.51
SEND003499,CMP04,Summer Essentials,C00449,ads,Simple essentials for warmer days.,2025-07-13,false,,false,,,
SEND003500,CMP08,Holiday Highlights,C00866,ads,Explore customer favorites this holiday.,2025-11-14,false,,false,,,
SEND003501,CMP01,New Year Reset,C00352,email,Start fresh with practical favorites.,2025-01-03,false,,false,,,
SEND003502,CMP03,Member Picks,C00468,email,Popular picks selected for you.,2025-06-07,false,,false,,,
SEND003503,CMP02,Spring Refresh,C00957,ads,Refresh your routine for spring.,2025-03-25,false,,false,,,
SEND003504,CMP01,New Year Reset,C00720,email,Start fresh with practical favorites.,2025-02-04,false,,false,,,
SEND003505,CMP07,Early Holiday,C00404,email,A head start on thoughtful gifting.,2025-11-08,false,,false,,,
SEND003506,CMP08,Holiday Highlights,C00502,ads,Explore customer favorites this holiday.,2025-12-23,false,,false,,,
SEND003507,CMP06,Autumn Edit,C00885,ads,Discover this season's useful upgrades.,2025-09-09,false,,false,,,
SEND003508,CMP08,Holiday Highlights,C00822,ads,Explore customer favorites this holiday.,2025-11-24,false,,false,,,
SEND003509,CMP02,Spring Refresh,C00283,ads,Refresh your routine for spring.,2025-04-15,false,,false,,,
SEND003510,CMP01,New Year Reset,C00588,email,Start fresh with practical favorites.,2025-01-07,false,,false,,,
SEND003511,CMP03,Member Picks,C00558,email,Popular picks selected for you.,2025-05-01,false,,false,,,
SEND003512,CMP08,Holiday Highlights,C00013,ads,Explore customer favorites this holiday.,2025-12-01,false,,false,,,
SEND003513,CMP07,Early Holiday,C00744,email,A head start on thoughtful gifting.,2025-11-04,false,,false,,,
SEND003514,CMP07,Early Holiday,C00071,email,A head start on thoughtful gifting.,2025-11-14,false,,false,,,
SEND003515,CMP03,Member Picks,C00004,email,Popular picks selected for you.,2025-06-26,true,127,true,V010468,T006076,80.53
SEND003516,CMP07,Early Holiday,C00444,email,A head start on thoughtful gifting.,2025-11-14,false,,false,,,
SEND003517,CMP01,New Year Reset,C00510,email,Start fresh with practical favorites.,2025-01-20,false,,false,,,
SEND003518,CMP03,Member Picks,C00202,email,Popular picks selected for you.,2025-05-13,false,,false,,,
SEND003519,CMP02,Spring Refresh,C00026,ads,Refresh your routine for spring.,2025-03-12,false,,false,,,
SEND003520,CMP05,Back to Routine,C00415,email,Get back into your everyday rhythm.,2025-09-06,false,,false,,,
SEND003521,CMP03,Member Picks,C00304,email,Popular picks selected for you.,2025-05-29,false,,false,,,
SEND003522,CMP01,New Year Reset,C00269,email,Start fresh with practical favorites.,2025-02-13,false,,false,,,
SEND003523,CMP06,Autumn Edit,C00740,ads,Discover this season's useful upgrades.,2025-09-20,true,120,false,V010469,,
SEND003524,CMP08,Holiday Highlights,C00423,ads,Explore customer favorites this holiday.,2025-12-16,false,,false,,,
SEND003525,CMP02,Spring Refresh,C00514,ads,Refresh your routine for spring.,2025-04-14,false,,false,,,
SEND003526,CMP02,Spring Refresh,C00901,ads,Refresh your routine for spring.,2025-04-16,true,31,false,V010470,,
SEND003527,CMP01,New Year Reset,C00164,email,Start fresh with practical favorites.,2025-01-02,false,,false,,,
SEND003528,CMP03,Member Picks,C00316,email,Popular picks selected for you.,2025-05-14,true,69,false,V010471,,
SEND003529,CMP07,Early Holiday,C00671,email,A head start on thoughtful gifting.,2025-11-06,true,48,false,V010472,,
SEND003530,CMP07,Early Holiday,C00194,email,A head start on thoughtful gifting.,2025-11-11,false,,false,,,
SEND003531,CMP08,Holiday Highlights,C00100,ads,Explore customer favorites this holiday.,2025-12-20,false,,false,,,
SEND003532,CMP07,Early Holiday,C00226,email,A head start on thoughtful gifting.,2025-11-10,false,,false,,,
SEND003533,CMP03,Member Picks,C00614,email,Popular picks selected for you.,2025-05-27,false,,false,,,
SEND003534,CMP08,Holiday Highlights,C00380,ads,Explore customer favorites this holiday.,2025-11-10,false,,false,,,
SEND003535,CMP02,Spring Refresh,C00729,ads,Refresh your routine for spring.,2025-03-19,false,,false,,,
SEND003536,CMP04,Summer Essentials,C00307,ads,Simple essentials for warmer days.,2025-06-23,false,,false,,,
SEND003537,CMP05,Back to Routine,C00592,email,Get back into your everyday rhythm.,2025-08-29,false,,false,,,
SEND003538,CMP07,Early Holiday,C00022,email,A head start on thoughtful gifting.,2025-11-20,false,,false,,,
SEND003539,CMP03,Member Picks,C00580,email,Popular picks selected for you.,2025-05-15,false,,false,,,
SEND003540,CMP01,New Year Reset,C00311,email,Start fresh with practical favorites.,2025-02-01,true,120,false,V010473,,
SEND003541,CMP08,Holiday Highlights,C00921,ads,Explore customer favorites this holiday.,2025-12-03,false,,false,,,
SEND003542,CMP03,Member Picks,C00103,email,Popular picks selected for you.,2025-06-11,false,,false,,,
SEND003543,CMP01,New Year Reset,C00807,email,Start fresh with practical favorites.,2025-01-22,false,,false,,,
SEND003544,CMP02,Spring Refresh,C00341,ads,Refresh your routine for spring.,2025-04-16,false,,false,,,
SEND003545,CMP05,Back to Routine,C00218,email,Get back into your everyday rhythm.,2025-08-12,false,,false,,,
SEND003546,CMP04,Summer Essentials,C00056,ads,Simple essentials for warmer days.,2025-08-12,false,,false,,,
SEND003547,CMP04,Summer Essentials,C00506,ads,Simple essentials for warmer days.,2025-06-30,true,26,false,V010474,,
SEND003548,CMP05,Back to Routine,C00909,email,Get back into your everyday rhythm.,2025-09-10,false,,false,,,
SEND003549,CMP03,Member Picks,C00785,email,Popular picks selected for you.,2025-06-30,false,,false,,,
SEND003550,CMP07,Early Holiday,C00916,email,A head start on thoughtful gifting.,2025-11-12,true,179,false,V010475,,
SEND003551,CMP03,Member Picks,C00880,email,Popular picks selected for you.,2025-06-27,false,,false,,,
SEND003552,CMP07,Early Holiday,C00290,email,A head start on thoughtful gifting.,2025-11-15,false,,false,,,
SEND003553,CMP06,Autumn Edit,C00719,ads,Discover this season's useful upgrades.,2025-09-06,false,,false,,,
SEND003554,CMP02,Spring Refresh,C00430,ads,Refresh your routine for spring.,2025-03-30,false,,false,,,
SEND003555,CMP03,Member Picks,C00232,email,Popular picks selected for you.,2025-05-08,false,,false,,,
SEND003556,CMP08,Holiday Highlights,C00259,ads,Explore customer favorites this holiday.,2025-12-22,false,,false,,,
SEND003557,CMP01,New Year Reset,C00281,email,Start fresh with practical favorites.,2025-01-15,false,,false,,,
SEND003558,CMP06,Autumn Edit,C00041,ads,Discover this season's useful upgrades.,2025-10-29,false,,false,,,
SEND003559,CMP03,Member Picks,C00460,email,Popular picks selected for you.,2025-06-01,true,230,false,V010476,,
SEND003560,CMP01,New Year Reset,C00199,email,Start fresh with practical favorites.,2025-02-28,false,,false,,,
SEND003561,CMP06,Autumn Edit,C00809,ads,Discover this season's useful upgrades.,2025-10-30,false,,false,,,
SEND003562,CMP03,Member Picks,C00772,email,Popular picks selected for you.,2025-05-09,false,,false,,,
SEND003563,CMP02,Spring Refresh,C00149,ads,Refresh your routine for spring.,2025-04-18,false,,false,,,
SEND003564,CMP06,Autumn Edit,C00684,ads,Discover this season's useful upgrades.,2025-10-21,false,,false,,,
SEND003565,CMP01,New Year Reset,C00420,email,Start fresh with practical favorites.,2025-02-01,false,,false,,,
SEND003566,CMP08,Holiday Highlights,C00143,ads,Explore customer favorites this holiday.,2025-11-13,false,,false,,,
SEND003567,CMP02,Spring Refresh,C00379,ads,Refresh your routine for spring.,2025-04-09,false,,false,,,
SEND003568,CMP06,Autumn Edit,C00750,ads,Discover this season's useful upgrades.,2025-09-22,false,,false,,,
SEND003569,CMP07,Early Holiday,C00123,email,A head start on thoughtful gifting.,2025-11-29,false,,false,,,
SEND003570,CMP07,Early Holiday,C00526,email,A head start on thoughtful gifting.,2025-11-07,false,,false,,,
SEND003571,CMP07,Early Holiday,C00452,email,A head start on thoughtful gifting.,2025-11-25,false,,false,,,
SEND003572,CMP02,Spring Refresh,C00764,ads,Refresh your routine for spring.,2025-03-09,true,278,false,V010477,,
SEND003573,CMP02,Spring Refresh,C00128,ads,Refresh your routine for spring.,2025-03-03,false,,false,,,
SEND003574,CMP07,Early Holiday,C00081,email,A head start on thoughtful gifting.,2025-11-28,false,,false,,,
SEND003575,CMP06,Autumn Edit,C00735,ads,Discover this season's useful upgrades.,2025-10-10,true,62,true,V010478,T006077,82.78
SEND003576,CMP04,Summer Essentials,C00173,ads,Simple essentials for warmer days.,2025-08-10,false,,false,,,
SEND003577,CMP07,Early Holiday,C00462,email,A head start on thoughtful gifting.,2025-11-11,false,,false,,,
SEND003578,CMP06,Autumn Edit,C00045,ads,Discover this season's useful upgrades.,2025-09-21,false,,false,,,
SEND003579,CMP01,New Year Reset,C00527,email,Start fresh with practical favorites.,2025-01-25,false,,false,,,
SEND003580,CMP08,Holiday Highlights,C00562,ads,Explore customer favorites this holiday.,2025-12-03,false,,false,,,
SEND003581,CMP05,Back to Routine,C00296,email,Get back into your everyday rhythm.,2025-09-19,true,440,false,V010479,,
SEND003582,CMP02,Spring Refresh,C00136,ads,Refresh your routine for spring.,2025-04-06,false,,false,,,
SEND003583,CMP08,Holiday Highlights,C00001,ads,Explore customer favorites this holiday.,2025-11-30,true,316,false,V010480,,
SEND003584,CMP07,Early Holiday,C00208,email,A head start on thoughtful gifting.,2025-11-26,false,,false,,,
SEND003585,CMP08,Holiday Highlights,C00578,ads,Explore customer favorites this holiday.,2025-12-08,false,,false,,,
SEND003586,CMP03,Member Picks,C00723,email,Popular picks selected for you.,2025-06-29,false,,false,,,
SEND003587,CMP04,Summer Essentials,C00807,ads,Simple essentials for warmer days.,2025-06-19,false,,false,,,
SEND003588,CMP05,Back to Routine,C00367,email,Get back into your everyday rhythm.,2025-09-19,false,,false,,,
SEND003589,CMP02,Spring Refresh,C00777,ads,Refresh your routine for spring.,2025-03-28,false,,false,,,
SEND003590,CMP02,Spring Refresh,C00132,ads,Refresh your routine for spring.,2025-03-06,false,,false,,,
SEND003591,CMP05,Back to Routine,C00309,email,Get back into your everyday rhythm.,2025-08-20,false,,false,,,
SEND003592,CMP05,Back to Routine,C00150,email,Get back into your everyday rhythm.,2025-09-18,true,117,true,V010481,T006078,97.95
SEND003593,CMP08,Holiday Highlights,C00867,ads,Explore customer favorites this holiday.,2025-11-15,false,,false,,,
SEND003594,CMP02,Spring Refresh,C00963,ads,Refresh your routine for spring.,2025-04-15,false,,false,,,
SEND003595,CMP04,Summer Essentials,C00458,ads,Simple essentials for warmer days.,2025-08-03,false,,false,,,
SEND003596,CMP05,Back to Routine,C00183,email,Get back into your everyday rhythm.,2025-08-01,false,,false,,,
SEND003597,CMP08,Holiday Highlights,C00078,ads,Explore customer favorites this holiday.,2025-12-06,false,,false,,,
SEND003598,CMP04,Summer Essentials,C00656,ads,Simple essentials for warmer days.,2025-08-23,false,,false,,,
SEND003599,CMP06,Autumn Edit,C00346,ads,Discover this season's useful upgrades.,2025-10-23,false,,false,,,
SEND003600,CMP02,Spring Refresh,C00245,ads,Refresh your routine for spring.,2025-04-28,false,,false,,,
SEND003601,CMP07,Early Holiday,C00436,email,A head start on thoughtful gifting.,2025-11-15,false,,false,,,
SEND003602,CMP04,Summer Essentials,C00625,ads,Simple essentials for warmer days.,2025-07-19,false,,false,,,
SEND003603,CMP05,Back to Routine,C00583,email,Get back into your everyday rhythm.,2025-09-03,false,,false,,,
SEND003604,CMP02,Spring Refresh,C00196,ads,Refresh your routine for spring.,2025-04-26,false,,false,,,
SEND003605,CMP08,Holiday Highlights,C00705,ads,Explore customer favorites this holiday.,2025-12-31,true,158,false,V010482,,
SEND003606,CMP08,Holiday Highlights,C00168,ads,Explore customer favorites this holiday.,2025-12-15,false,,false,,,
SEND003607,CMP07,Early Holiday,C00819,email,A head start on thoughtful gifting.,2025-11-15,false,,false,,,
SEND003608,CMP07,Early Holiday,C00707,email,A head start on thoughtful gifting.,2025-11-09,false,,false,,,
SEND003609,CMP03,Member Picks,C00530,email,Popular picks selected for you.,2025-05-16,false,,false,,,
SEND003610,CMP07,Early Holiday,C00421,email,A head start on thoughtful gifting.,2025-11-28,false,,false,,,
SEND003611,CMP08,Holiday Highlights,C00459,ads,Explore customer favorites this holiday.,2025-11-14,false,,false,,,
SEND003612,CMP03,Member Picks,C00886,email,Popular picks selected for you.,2025-06-08,true,52,false,V010483,,
SEND003613,CMP07,Early Holiday,C00296,email,A head start on thoughtful gifting.,2025-11-01,false,,false,,,
SEND003614,CMP08,Holiday Highlights,C00934,ads,Explore customer favorites this holiday.,2025-11-17,true,48,false,V010484,,
SEND003615,CMP07,Early Holiday,C00907,email,A head start on thoughtful gifting.,2025-11-24,false,,false,,,
SEND003616,CMP02,Spring Refresh,C00644,ads,Refresh your routine for spring.,2025-03-10,false,,false,,,
SEND003617,CMP07,Early Holiday,C00328,email,A head start on thoughtful gifting.,2025-11-06,false,,false,,,
SEND003618,CMP05,Back to Routine,C00049,email,Get back into your everyday rhythm.,2025-09-16,false,,false,,,
SEND003619,CMP03,Member Picks,C00296,email,Popular picks selected for you.,2025-06-14,false,,false,,,
SEND003620,CMP07,Early Holiday,C00073,email,A head start on thoughtful gifting.,2025-11-02,false,,false,,,
SEND003621,CMP01,New Year Reset,C00737,email,Start fresh with practical favorites.,2025-01-29,false,,false,,,
SEND003622,CMP01,New Year Reset,C00397,email,Start fresh with practical favorites.,2025-02-28,false,,false,,,
SEND003623,CMP08,Holiday Highlights,C00224,ads,Explore customer favorites this holiday.,2025-12-19,false,,false,,,
SEND003624,CMP04,Summer Essentials,C00389,ads,Simple essentials for warmer days.,2025-08-03,false,,false,,,
SEND003625,CMP03,Member Picks,C00313,email,Popular picks selected for you.,2025-06-27,false,,false,,,
SEND003626,CMP02,Spring Refresh,C00709,ads,Refresh your routine for spring.,2025-03-12,false,,false,,,
SEND003627,CMP02,Spring Refresh,C00789,ads,Refresh your routine for spring.,2025-03-09,false,,false,,,
SEND003628,CMP03,Member Picks,C00109,email,Popular picks selected for you.,2025-05-18,false,,false,,,
SEND003629,CMP08,Holiday Highlights,C00567,ads,Explore customer favorites this holiday.,2025-11-29,false,,false,,,
SEND003630,CMP02,Spring Refresh,C00852,ads,Refresh your routine for spring.,2025-04-07,false,,false,,,
SEND003631,CMP02,Spring Refresh,C00565,ads,Refresh your routine for spring.,2025-03-12,false,,false,,,
SEND003632,CMP01,New Year Reset,C00741,email,Start fresh with practical favorites.,2025-01-19,false,,false,,,
SEND003633,CMP03,Member Picks,C00193,email,Popular picks selected for you.,2025-05-21,false,,false,,,
SEND003634,CMP02,Spring Refresh,C00273,ads,Refresh your routine for spring.,2025-03-02,false,,false,,,
SEND003635,CMP07,Early Holiday,C00965,email,A head start on thoughtful gifting.,2025-11-12,false,,false,,,
SEND003636,CMP07,Early Holiday,C00775,email,A head start on thoughtful gifting.,2025-11-29,false,,false,,,
SEND003637,CMP02,Spring Refresh,C00270,ads,Refresh your routine for spring.,2025-03-23,false,,false,,,
SEND003638,CMP07,Early Holiday,C00514,email,A head start on thoughtful gifting.,2025-11-29,false,,false,,,
SEND003639,CMP07,Early Holiday,C00117,email,A head start on thoughtful gifting.,2025-11-19,false,,false,,,
SEND003640,CMP03,Member Picks,C00763,email,Popular picks selected for you.,2025-06-12,false,,false,,,
SEND003641,CMP07,Early Holiday,C00032,email,A head start on thoughtful gifting.,2025-11-12,false,,false,,,
SEND003642,CMP08,Holiday Highlights,C00832,ads,Explore customer favorites this holiday.,2025-12-05,false,,false,,,
SEND003643,CMP04,Summer Essentials,C00960,ads,Simple essentials for warmer days.,2025-07-12,false,,false,,,
SEND003644,CMP03,Member Picks,C00070,email,Popular picks selected for you.,2025-06-07,false,,false,,,
SEND003645,CMP07,Early Holiday,C00580,email,A head start on thoughtful gifting.,2025-11-08,false,,false,,,
SEND003646,CMP03,Member Picks,C00373,email,Popular picks selected for you.,2025-05-19,true,219,true,V010485,T006079,42.08
SEND003647,CMP02,Spring Refresh,C00217,ads,Refresh your routine for spring.,2025-03-22,false,,false,,,
SEND003648,CMP06,Autumn Edit,C00159,ads,Discover this season's useful upgrades.,2025-10-23,false,,false,,,
SEND003649,CMP07,Early Holiday,C00556,email,A head start on thoughtful gifting.,2025-11-13,false,,false,,,
SEND003650,CMP03,Member Picks,C00552,email,Popular picks selected for you.,2025-06-03,true,134,false,V010486,,
SEND003651,CMP08,Holiday Highlights,C00097,ads,Explore customer favorites this holiday.,2025-12-06,false,,false,,,
SEND003652,CMP05,Back to Routine,C00375,email,Get back into your everyday rhythm.,2025-09-13,false,,false,,,
SEND003653,CMP02,Spring Refresh,C00823,ads,Refresh your routine for spring.,2025-04-17,false,,false,,,
SEND003654,CMP07,Early Holiday,C00228,email,A head start on thoughtful gifting.,2025-11-13,false,,false,,,
SEND003655,CMP04,Summer Essentials,C00605,ads,Simple essentials for warmer days.,2025-07-07,false,,false,,,
SEND003656,CMP03,Member Picks,C00302,email,Popular picks selected for you.,2025-05-28,false,,false,,,
SEND003657,CMP06,Autumn Edit,C00275,ads,Discover this season's useful upgrades.,2025-10-22,false,,false,,,
SEND003658,CMP06,Autumn Edit,C00112,ads,Discover this season's useful upgrades.,2025-10-30,false,,false,,,
SEND003659,CMP01,New Year Reset,C00419,email,Start fresh with practical favorites.,2025-02-08,false,,false,,,
SEND003660,CMP08,Holiday Highlights,C00450,ads,Explore customer favorites this holiday.,2025-12-25,true,82,false,V010487,,
SEND003661,CMP08,Holiday Highlights,C00767,ads,Explore customer favorites this holiday.,2025-11-15,false,,false,,,
SEND003662,CMP03,Member Picks,C00030,email,Popular picks selected for you.,2025-05-30,false,,false,,,
SEND003663,CMP08,Holiday Highlights,C00968,ads,Explore customer favorites this holiday.,2025-11-13,false,,false,,,
SEND003664,CMP05,Back to Routine,C00438,email,Get back into your everyday rhythm.,2025-08-26,false,,false,,,
SEND003665,CMP08,Holiday Highlights,C00109,ads,Explore customer favorites this holiday.,2025-11-19,false,,false,,,
SEND003666,CMP05,Back to Routine,C00596,email,Get back into your everyday rhythm.,2025-08-13,false,,false,,,
SEND003667,CMP04,Summer Essentials,C00311,ads,Simple essentials for warmer days.,2025-08-28,false,,false,,,
SEND003668,CMP02,Spring Refresh,C00281,ads,Refresh your routine for spring.,2025-04-22,false,,false,,,
SEND003669,CMP08,Holiday Highlights,C00356,ads,Explore customer favorites this holiday.,2025-11-13,true,171,false,V010488,,
SEND003670,CMP07,Early Holiday,C00353,email,A head start on thoughtful gifting.,2025-11-03,true,211,true,V010489,T006080,83.14
SEND003671,CMP08,Holiday Highlights,C00996,ads,Explore customer favorites this holiday.,2025-11-26,false,,false,,,
SEND003672,CMP07,Early Holiday,C00598,email,A head start on thoughtful gifting.,2025-11-10,false,,false,,,
SEND003673,CMP02,Spring Refresh,C00862,ads,Refresh your routine for spring.,2025-04-13,false,,false,,,
SEND003674,CMP07,Early Holiday,C00040,email,A head start on thoughtful gifting.,2025-11-04,false,,false,,,
SEND003675,CMP06,Autumn Edit,C00452,ads,Discover this season's useful upgrades.,2025-09-08,false,,false,,,
SEND003676,CMP05,Back to Routine,C00224,email,Get back into your everyday rhythm.,2025-09-22,false,,false,,,
SEND003677,CMP02,Spring Refresh,C00036,ads,Refresh your routine for spring.,2025-04-26,false,,false,,,
SEND003678,CMP07,Early Holiday,C00630,email,A head start on thoughtful gifting.,2025-11-20,false,,false,,,
SEND003679,CMP08,Holiday Highlights,C00795,ads,Explore customer favorites this holiday.,2025-12-21,false,,false,,,
SEND003680,CMP04,Summer Essentials,C00245,ads,Simple essentials for warmer days.,2025-06-23,false,,false,,,
SEND003681,CMP08,Holiday Highlights,C00999,ads,Explore customer favorites this holiday.,2025-11-13,false,,false,,,
SEND003682,CMP04,Summer Essentials,C00312,ads,Simple essentials for warmer days.,2025-07-24,false,,false,,,
SEND003683,CMP01,New Year Reset,C00909,email,Start fresh with practical favorites.,2025-01-03,false,,false,,,
SEND003684,CMP07,Early Holiday,C00162,email,A head start on thoughtful gifting.,2025-11-15,false,,false,,,
SEND003685,CMP05,Back to Routine,C00089,email,Get back into your everyday rhythm.,2025-09-16,false,,false,,,
SEND003686,CMP04,Summer Essentials,C00162,ads,Simple essentials for warmer days.,2025-08-26,false,,false,,,
SEND003687,CMP05,Back to Routine,C00366,email,Get back into your everyday rhythm.,2025-08-06,false,,false,,,
SEND003688,CMP02,Spring Refresh,C00500,ads,Refresh your routine for spring.,2025-03-23,false,,false,,,
SEND003689,CMP06,Autumn Edit,C00403,ads,Discover this season's useful upgrades.,2025-10-29,false,,false,,,
SEND003690,CMP05,Back to Routine,C00033,email,Get back into your everyday rhythm.,2025-08-21,false,,false,,,
SEND003691,CMP06,Autumn Edit,C00410,ads,Discover this season's useful upgrades.,2025-10-10,false,,false,,,
SEND003692,CMP01,New Year Reset,C00757,email,Start fresh with practical favorites.,2025-01-02,false,,false,,,
SEND003693,CMP08,Holiday Highlights,C00696,ads,Explore customer favorites this holiday.,2025-12-12,false,,false,,,
SEND003694,CMP01,New Year Reset,C00139,email,Start fresh with practical favorites.,2025-01-06,false,,false,,,
SEND003695,CMP03,Member Picks,C00293,email,Popular picks selected for you.,2025-05-01,false,,false,,,
SEND003696,CMP03,Member Picks,C00479,email,Popular picks selected for you.,2025-05-05,true,201,false,V010490,,
SEND003697,CMP02,Spring Refresh,C00913,ads,Refresh your routine for spring.,2025-04-21,false,,false,,,
SEND003698,CMP07,Early Holiday,C00979,email,A head start on thoughtful gifting.,2025-11-16,false,,false,,,
SEND003699,CMP06,Autumn Edit,C00714,ads,Discover this season's useful upgrades.,2025-10-03,false,,false,,,
SEND003700,CMP01,New Year Reset,C00619,email,Start fresh with practical favorites.,2025-02-17,false,,false,,,
SEND003701,CMP07,Early Holiday,C00687,email,A head start on thoughtful gifting.,2025-11-12,false,,false,,,
SEND003702,CMP07,Early Holiday,C00433,email,A head start on thoughtful gifting.,2025-11-23,false,,false,,,
SEND003703,CMP01,New Year Reset,C00881,email,Start fresh with practical favorites.,2025-02-04,true,486,false,V010491,,
SEND003704,CMP05,Back to Routine,C00588,email,Get back into your everyday rhythm.,2025-09-01,false,,false,,,
SEND003705,CMP05,Back to Routine,C00074,email,Get back into your everyday rhythm.,2025-08-26,false,,false,,,
SEND003706,CMP05,Back to Routine,C00149,email,Get back into your everyday rhythm.,2025-09-14,true,192,false,V010492,,
SEND003707,CMP08,Holiday Highlights,C00687,ads,Explore customer favorites this holiday.,2025-12-23,false,,false,,,
SEND003708,CMP07,Early Holiday,C00852,email,A head start on thoughtful gifting.,2025-11-06,false,,false,,,
SEND003709,CMP03,Member Picks,C00598,email,Popular picks selected for you.,2025-06-09,true,451,false,V010493,,
SEND003710,CMP07,Early Holiday,C00105,email,A head start on thoughtful gifting.,2025-11-11,false,,false,,,
SEND003711,CMP08,Holiday Highlights,C00570,ads,Explore customer favorites this holiday.,2025-11-10,false,,false,,,
SEND003712,CMP06,Autumn Edit,C00712,ads,Discover this season's useful upgrades.,2025-10-13,false,,false,,,
SEND003713,CMP04,Summer Essentials,C00537,ads,Simple essentials for warmer days.,2025-08-26,true,57,false,V010494,,
SEND003714,CMP04,Summer Essentials,C00616,ads,Simple essentials for warmer days.,2025-06-02,false,,false,,,
SEND003715,CMP06,Autumn Edit,C00982,ads,Discover this season's useful upgrades.,2025-10-08,false,,false,,,
SEND003716,CMP02,Spring Refresh,C00114,ads,Refresh your routine for spring.,2025-04-18,false,,false,,,
SEND003717,CMP08,Holiday Highlights,C00421,ads,Explore customer favorites this holiday.,2025-12-30,false,,false,,,
SEND003718,CMP06,Autumn Edit,C00399,ads,Discover this season's useful upgrades.,2025-10-17,false,,false,,,
SEND003719,CMP02,Spring Refresh,C00320,ads,Refresh your routine for spring.,2025-03-04,false,,false,,,
SEND003720,CMP03,Member Picks,C00902,email,Popular picks selected for you.,2025-05-11,false,,false,,,
SEND003721,CMP05,Back to Routine,C00278,email,Get back into your everyday rhythm.,2025-09-20,true,161,true,V010495,T006081,37.59
SEND003722,CMP08,Holiday Highlights,C00606,ads,Explore customer favorites this holiday.,2025-12-23,false,,false,,,
SEND003723,CMP02,Spring Refresh,C00396,ads,Refresh your routine for spring.,2025-04-05,false,,false,,,
SEND003724,CMP06,Autumn Edit,C00823,ads,Discover this season's useful upgrades.,2025-10-15,false,,false,,,
SEND003725,CMP02,Spring Refresh,C00077,ads,Refresh your routine for spring.,2025-04-15,false,,false,,,
SEND003726,CMP06,Autumn Edit,C00063,ads,Discover this season's useful upgrades.,2025-09-05,true,137,false,V010496,,
SEND003727,CMP02,Spring Refresh,C00941,ads,Refresh your routine for spring.,2025-03-13,false,,false,,,
SEND003728,CMP04,Summer Essentials,C00453,ads,Simple essentials for warmer days.,2025-06-20,false,,false,,,
SEND003729,CMP06,Autumn Edit,C00913,ads,Discover this season's useful upgrades.,2025-09-30,false,,false,,,
SEND003730,CMP06,Autumn Edit,C00785,ads,Discover this season's useful upgrades.,2025-10-08,false,,false,,,
SEND003731,CMP08,Holiday Highlights,C00192,ads,Explore customer favorites this holiday.,2025-12-24,false,,false,,,
SEND003732,CMP05,Back to Routine,C00717,email,Get back into your everyday rhythm.,2025-09-15,false,,false,,,
SEND003733,CMP02,Spring Refresh,C00551,ads,Refresh your routine for spring.,2025-04-27,false,,false,,,
SEND003734,CMP02,Spring Refresh,C00147,ads,Refresh your routine for spring.,2025-04-11,false,,false,,,
SEND003735,CMP02,Spring Refresh,C00442,ads,Refresh your routine for spring.,2025-03-25,false,,false,,,
SEND003736,CMP08,Holiday Highlights,C00186,ads,Explore customer favorites this holiday.,2025-11-04,false,,false,,,
SEND003737,CMP03,Member Picks,C00805,email,Popular picks selected for you.,2025-05-27,true,36,true,V010497,T006082,68.5
SEND003738,CMP04,Summer Essentials,C00126,ads,Simple essentials for warmer days.,2025-08-08,false,,false,,,
SEND003739,CMP06,Autumn Edit,C00801,ads,Discover this season's useful upgrades.,2025-10-22,false,,false,,,
SEND003740,CMP03,Member Picks,C00724,email,Popular picks selected for you.,2025-05-15,false,,false,,,
SEND003741,CMP08,Holiday Highlights,C00603,ads,Explore customer favorites this holiday.,2025-11-10,false,,false,,,
SEND003742,CMP08,Holiday Highlights,C00542,ads,Explore customer favorites this holiday.,2025-12-30,false,,false,,,
SEND003743,CMP01,New Year Reset,C00767,email,Start fresh with practical favorites.,2025-01-20,false,,false,,,
SEND003744,CMP01,New Year Reset,C00409,email,Start fresh with practical favorites.,2025-02-17,true,211,false,V010498,,
SEND003745,CMP08,Holiday Highlights,C00906,ads,Explore customer favorites this holiday.,2025-12-04,false,,false,,,
SEND003746,CMP02,Spring Refresh,C00991,ads,Refresh your routine for spring.,2025-03-13,false,,false,,,
SEND003747,CMP04,Summer Essentials,C00070,ads,Simple essentials for warmer days.,2025-06-16,false,,false,,,
SEND003748,CMP06,Autumn Edit,C00257,ads,Discover this season's useful upgrades.,2025-10-22,false,,false,,,
SEND003749,CMP03,Member Picks,C00288,email,Popular picks selected for you.,2025-06-12,false,,false,,,
SEND003750,CMP06,Autumn Edit,C00382,ads,Discover this season's useful upgrades.,2025-10-21,true,98,true,V010499,T006083,81.76
SEND003751,CMP04,Summer Essentials,C00333,ads,Simple essentials for warmer days.,2025-06-11,false,,false,,,
SEND003752,CMP07,Early Holiday,C00888,email,A head start on thoughtful gifting.,2025-11-10,false,,false,,,
SEND003753,CMP08,Holiday Highlights,C00764,ads,Explore customer favorites this holiday.,2025-12-14,false,,false,,,
SEND003754,CMP08,Holiday Highlights,C00885,ads,Explore customer favorites this holiday.,2025-12-02,false,,false,,,
SEND003755,CMP02,Spring Refresh,C00561,ads,Refresh your routine for spring.,2025-04-17,false,,false,,,
SEND003756,CMP03,Member Picks,C00195,email,Popular picks selected for you.,2025-05-18,true,153,false,V010500,,
SEND003757,CMP08,Holiday Highlights,C00998,ads,Explore customer favorites this holiday.,2025-11-17,false,,false,,,
SEND003758,CMP02,Spring Refresh,C00207,ads,Refresh your routine for spring.,2025-03-27,true,207,false,V010501,,
SEND003759,CMP05,Back to Routine,C00049,email,Get back into your everyday rhythm.,2025-09-27,false,,false,,,
SEND003760,CMP03,Member Picks,C00296,email,Popular picks selected for you.,2025-05-16,false,,false,,,
SEND003761,CMP01,New Year Reset,C00067,email,Start fresh with practical favorites.,2025-01-08,false,,false,,,
SEND003762,CMP05,Back to Routine,C00994,email,Get back into your everyday rhythm.,2025-08-11,false,,false,,,
SEND003763,CMP08,Holiday Highlights,C00864,ads,Explore customer favorites this holiday.,2025-11-08,true,88,false,V010502,,
SEND003764,CMP04,Summer Essentials,C00670,ads,Simple essentials for warmer days.,2025-06-21,false,,false,,,
SEND003765,CMP06,Autumn Edit,C00617,ads,Discover this season's useful upgrades.,2025-10-29,false,,false,,,
SEND003766,CMP02,Spring Refresh,C00232,ads,Refresh your routine for spring.,2025-04-27,false,,false,,,
SEND003767,CMP05,Back to Routine,C00930,email,Get back into your everyday rhythm.,2025-08-13,false,,false,,,
SEND003768,CMP06,Autumn Edit,C00225,ads,Discover this season's useful upgrades.,2025-09-23,false,,false,,,
SEND003769,CMP04,Summer Essentials,C00812,ads,Simple essentials for warmer days.,2025-08-24,false,,false,,,
SEND003770,CMP03,Member Picks,C00816,email,Popular picks selected for you.,2025-06-18,false,,false,,,
SEND003771,CMP02,Spring Refresh,C00510,ads,Refresh your routine for spring.,2025-04-02,false,,false,,,
SEND003772,CMP02,Spring Refresh,C00867,ads,Refresh your routine for spring.,2025-04-17,false,,false,,,
SEND003773,CMP06,Autumn Edit,C00289,ads,Discover this season's useful upgrades.,2025-09-24,false,,false,,,
SEND003774,CMP05,Back to Routine,C00167,email,Get back into your everyday rhythm.,2025-08-02,false,,false,,,
SEND003775,CMP07,Early Holiday,C00958,email,A head start on thoughtful gifting.,2025-11-10,false,,false,,,
SEND003776,CMP01,New Year Reset,C00314,email,Start fresh with practical favorites.,2025-01-27,false,,false,,,
SEND003777,CMP03,Member Picks,C00308,email,Popular picks selected for you.,2025-05-22,false,,false,,,
SEND003778,CMP01,New Year Reset,C00238,email,Start fresh with practical favorites.,2025-02-25,false,,false,,,
SEND003779,CMP08,Holiday Highlights,C00664,ads,Explore customer favorites this holiday.,2025-11-12,false,,false,,,
SEND003780,CMP01,New Year Reset,C00194,email,Start fresh with practical favorites.,2025-02-28,false,,false,,,
SEND003781,CMP07,Early Holiday,C00990,email,A head start on thoughtful gifting.,2025-11-21,false,,false,,,
SEND003782,CMP04,Summer Essentials,C00682,ads,Simple essentials for warmer days.,2025-08-08,true,127,true,V010503,T006084,39.29
SEND003783,CMP07,Early Holiday,C00868,email,A head start on thoughtful gifting.,2025-11-22,true,75,false,V010504,,
SEND003784,CMP05,Back to Routine,C00839,email,Get back into your everyday rhythm.,2025-08-03,false,,false,,,
SEND003785,CMP01,New Year Reset,C00363,email,Start fresh with practical favorites.,2025-01-16,false,,false,,,
SEND003786,CMP08,Holiday Highlights,C00602,ads,Explore customer favorites this holiday.,2025-12-24,false,,false,,,
SEND003787,CMP06,Autumn Edit,C00540,ads,Discover this season's useful upgrades.,2025-09-23,false,,false,,,
SEND003788,CMP04,Summer Essentials,C00980,ads,Simple essentials for warmer days.,2025-07-25,false,,false,,,
SEND003789,CMP03,Member Picks,C00978,email,Popular picks selected for you.,2025-05-15,false,,false,,,
SEND003790,CMP08,Holiday Highlights,C00095,ads,Explore customer favorites this holiday.,2025-12-11,false,,false,,,
SEND003791,CMP03,Member Picks,C00121,email,Popular picks selected for you.,2025-06-04,false,,false,,,
SEND003792,CMP02,Spring Refresh,C00331,ads,Refresh your routine for spring.,2025-03-02,false,,false,,,
SEND003793,CMP02,Spring Refresh,C00922,ads,Refresh your routine for spring.,2025-03-17,false,,false,,,
SEND003794,CMP01,New Year Reset,C00684,email,Start fresh with practical favorites.,2025-02-15,false,,false,,,
SEND003795,CMP01,New Year Reset,C00223,email,Start fresh with practical favorites.,2025-02-07,false,,false,,,
SEND003796,CMP08,Holiday Highlights,C00990,ads,Explore customer favorites this holiday.,2025-11-26,false,,false,,,
SEND003797,CMP05,Back to Routine,C00203,email,Get back into your everyday rhythm.,2025-09-20,false,,false,,,
SEND003798,CMP03,Member Picks,C00333,email,Popular picks selected for you.,2025-06-09,false,,false,,,
SEND003799,CMP08,Holiday Highlights,C00887,ads,Explore customer favorites this holiday.,2025-11-14,false,,false,,,
SEND003800,CMP01,New Year Reset,C00747,email,Start fresh with practical favorites.,2025-01-18,false,,false,,,
SEND003801,CMP03,Member Picks,C00903,email,Popular picks selected for you.,2025-05-16,false,,false,,,
SEND003802,CMP01,New Year Reset,C00763,email,Start fresh with practical favorites.,2025-01-08,false,,false,,,
SEND003803,CMP02,Spring Refresh,C00824,ads,Refresh your routine for spring.,2025-04-07,false,,false,,,
SEND003804,CMP06,Autumn Edit,C00140,ads,Discover this season's useful upgrades.,2025-09-09,false,,false,,,
SEND003805,CMP08,Holiday Highlights,C00549,ads,Explore customer favorites this holiday.,2025-12-17,true,68,false,V010505,,
SEND003806,CMP04,Summer Essentials,C00786,ads,Simple essentials for warmer days.,2025-08-21,false,,false,,,
SEND003807,CMP06,Autumn Edit,C00721,ads,Discover this season's useful upgrades.,2025-09-06,false,,false,,,
SEND003808,CMP06,Autumn Edit,C00329,ads,Discover this season's useful upgrades.,2025-10-18,false,,false,,,
SEND003809,CMP05,Back to Routine,C00698,email,Get back into your everyday rhythm.,2025-08-30,false,,false,,,
SEND003810,CMP08,Holiday Highlights,C00626,ads,Explore customer favorites this holiday.,2025-11-20,false,,false,,,
SEND003811,CMP02,Spring Refresh,C00590,ads,Refresh your routine for spring.,2025-04-11,false,,false,,,
SEND003812,CMP02,Spring Refresh,C00569,ads,Refresh your routine for spring.,2025-03-24,true,168,false,V010506,,
SEND003813,CMP07,Early Holiday,C00823,email,A head start on thoughtful gifting.,2025-11-11,false,,false,,,
SEND003814,CMP05,Back to Routine,C00378,email,Get back into your everyday rhythm.,2025-09-12,false,,false,,,
SEND003815,CMP08,Holiday Highlights,C00763,ads,Explore customer favorites this holiday.,2025-11-30,false,,false,,,
SEND003816,CMP03,Member Picks,C00069,email,Popular picks selected for you.,2025-05-16,true,24,true,V010507,T006085,40.89
SEND003817,CMP03,Member Picks,C00277,email,Popular picks selected for you.,2025-05-02,false,,false,,,
SEND003818,CMP03,Member Picks,C00796,email,Popular picks selected for you.,2025-05-03,false,,false,,,
SEND003819,CMP03,Member Picks,C00026,email,Popular picks selected for you.,2025-05-20,false,,false,,,
SEND003820,CMP06,Autumn Edit,C00561,ads,Discover this season's useful upgrades.,2025-09-30,false,,false,,,
SEND003821,CMP04,Summer Essentials,C00114,ads,Simple essentials for warmer days.,2025-07-28,true,128,false,V010508,,
SEND003822,CMP05,Back to Routine,C00478,email,Get back into your everyday rhythm.,2025-09-06,false,,false,,,
SEND003823,CMP06,Autumn Edit,C00214,ads,Discover this season's useful upgrades.,2025-10-29,false,,false,,,
SEND003824,CMP06,Autumn Edit,C00253,ads,Discover this season's useful upgrades.,2025-09-21,false,,false,,,
SEND003825,CMP05,Back to Routine,C00323,email,Get back into your everyday rhythm.,2025-08-07,false,,false,,,
SEND003826,CMP04,Summer Essentials,C00296,ads,Simple essentials for warmer days.,2025-08-10,false,,false,,,
SEND003827,CMP05,Back to Routine,C00554,email,Get back into your everyday rhythm.,2025-09-05,false,,false,,,
SEND003828,CMP02,Spring Refresh,C00270,ads,Refresh your routine for spring.,2025-04-29,false,,false,,,
SEND003829,CMP01,New Year Reset,C00765,email,Start fresh with practical favorites.,2025-02-06,false,,false,,,
SEND003830,CMP08,Holiday Highlights,C00800,ads,Explore customer favorites this holiday.,2025-11-22,false,,false,,,
SEND003831,CMP06,Autumn Edit,C00335,ads,Discover this season's useful upgrades.,2025-09-02,true,71,false,V010509,,
SEND003832,CMP03,Member Picks,C00724,email,Popular picks selected for you.,2025-06-28,false,,false,,,
SEND003833,CMP05,Back to Routine,C00867,email,Get back into your everyday rhythm.,2025-08-31,false,,false,,,
SEND003834,CMP06,Autumn Edit,C00567,ads,Discover this season's useful upgrades.,2025-10-31,false,,false,,,
SEND003835,CMP06,Autumn Edit,C00056,ads,Discover this season's useful upgrades.,2025-09-07,false,,false,,,
SEND003836,CMP03,Member Picks,C00031,email,Popular picks selected for you.,2025-05-30,false,,false,,,
SEND003837,CMP02,Spring Refresh,C00055,ads,Refresh your routine for spring.,2025-04-28,false,,false,,,
SEND003838,CMP04,Summer Essentials,C00022,ads,Simple essentials for warmer days.,2025-08-20,false,,false,,,
SEND003839,CMP05,Back to Routine,C00231,email,Get back into your everyday rhythm.,2025-08-03,true,33,false,V010510,,
SEND003840,CMP05,Back to Routine,C00647,email,Get back into your everyday rhythm.,2025-08-25,false,,false,,,
SEND003841,CMP04,Summer Essentials,C00650,ads,Simple essentials for warmer days.,2025-06-03,false,,false,,,
SEND003842,CMP04,Summer Essentials,C00947,ads,Simple essentials for warmer days.,2025-07-10,false,,false,,,
SEND003843,CMP06,Autumn Edit,C00383,ads,Discover this season's useful upgrades.,2025-10-02,false,,false,,,
SEND003844,CMP05,Back to Routine,C00041,email,Get back into your everyday rhythm.,2025-08-23,false,,false,,,
SEND003845,CMP04,Summer Essentials,C00191,ads,Simple essentials for warmer days.,2025-06-25,false,,false,,,
SEND003846,CMP02,Spring Refresh,C00217,ads,Refresh your routine for spring.,2025-04-14,true,42,false,V010511,,
SEND003847,CMP08,Holiday Highlights,C00035,ads,Explore customer favorites this holiday.,2025-12-18,false,,false,,,
SEND003848,CMP02,Spring Refresh,C00842,ads,Refresh your routine for spring.,2025-04-24,false,,false,,,
SEND003849,CMP01,New Year Reset,C00464,email,Start fresh with practical favorites.,2025-02-14,false,,false,,,
SEND003850,CMP05,Back to Routine,C00522,email,Get back into your everyday rhythm.,2025-09-29,false,,false,,,
SEND003851,CMP01,New Year Reset,C00329,email,Start fresh with practical favorites.,2025-02-08,false,,false,,,
SEND003852,CMP03,Member Picks,C00680,email,Popular picks selected for you.,2025-06-01,false,,false,,,
SEND003853,CMP05,Back to Routine,C00111,email,Get back into your everyday rhythm.,2025-08-04,false,,false,,,
SEND003854,CMP07,Early Holiday,C00287,email,A head start on thoughtful gifting.,2025-11-20,false,,false,,,
SEND003855,CMP05,Back to Routine,C00252,email,Get back into your everyday rhythm.,2025-08-16,false,,false,,,
SEND003856,CMP06,Autumn Edit,C00183,ads,Discover this season's useful upgrades.,2025-10-17,true,129,false,V010512,,
SEND003857,CMP04,Summer Essentials,C00861,ads,Simple essentials for warmer days.,2025-06-05,true,127,false,V010513,,
SEND003858,CMP04,Summer Essentials,C00503,ads,Simple essentials for warmer days.,2025-08-04,false,,false,,,
SEND003859,CMP06,Autumn Edit,C00051,ads,Discover this season's useful upgrades.,2025-09-07,true,44,false,V010514,,
SEND003860,CMP02,Spring Refresh,C00786,ads,Refresh your routine for spring.,2025-03-06,true,112,false,V010515,,
SEND003861,CMP08,Holiday Highlights,C00673,ads,Explore customer favorites this holiday.,2025-11-17,false,,false,,,
SEND003862,CMP07,Early Holiday,C00967,email,A head start on thoughtful gifting.,2025-11-09,true,67,false,V010516,,
SEND003863,CMP08,Holiday Highlights,C00237,ads,Explore customer favorites this holiday.,2025-11-12,false,,false,,,
SEND003864,CMP04,Summer Essentials,C00916,ads,Simple essentials for warmer days.,2025-08-03,false,,false,,,
SEND003865,CMP02,Spring Refresh,C00560,ads,Refresh your routine for spring.,2025-04-09,false,,false,,,
SEND003866,CMP01,New Year Reset,C00032,email,Start fresh with practical favorites.,2025-01-11,true,683,false,V010517,,
SEND003867,CMP06,Autumn Edit,C00137,ads,Discover this season's useful upgrades.,2025-10-13,false,,false,,,
SEND003868,CMP05,Back to Routine,C00484,email,Get back into your everyday rhythm.,2025-08-20,false,,false,,,
SEND003869,CMP05,Back to Routine,C00514,email,Get back into your everyday rhythm.,2025-08-12,false,,false,,,
SEND003870,CMP08,Holiday Highlights,C00809,ads,Explore customer favorites this holiday.,2025-11-17,false,,false,,,
SEND003871,CMP05,Back to Routine,C00727,email,Get back into your everyday rhythm.,2025-08-04,false,,false,,,
SEND003872,CMP02,Spring Refresh,C00485,ads,Refresh your routine for spring.,2025-03-13,true,32,false,V010518,,
SEND003873,CMP02,Spring Refresh,C00923,ads,Refresh your routine for spring.,2025-04-10,false,,false,,,
SEND003874,CMP03,Member Picks,C00705,email,Popular picks selected for you.,2025-05-29,false,,false,,,
SEND003875,CMP06,Autumn Edit,C00661,ads,Discover this season's useful upgrades.,2025-09-01,false,,false,,,
SEND003876,CMP01,New Year Reset,C00201,email,Start fresh with practical favorites.,2025-02-08,false,,false,,,
SEND003877,CMP03,Member Picks,C00944,email,Popular picks selected for you.,2025-06-15,false,,false,,,
SEND003878,CMP03,Member Picks,C00369,email,Popular picks selected for you.,2025-06-01,false,,false,,,
SEND003879,CMP05,Back to Routine,C00237,email,Get back into your everyday rhythm.,2025-08-20,false,,false,,,
SEND003880,CMP05,Back to Routine,C00215,email,Get back into your everyday rhythm.,2025-08-25,false,,false,,,
SEND003881,CMP02,Spring Refresh,C00347,ads,Refresh your routine for spring.,2025-03-16,true,240,false,V010519,,
SEND003882,CMP06,Autumn Edit,C00360,ads,Discover this season's useful upgrades.,2025-10-31,true,174,false,V010520,,
SEND003883,CMP06,Autumn Edit,C00243,ads,Discover this season's useful upgrades.,2025-09-07,false,,false,,,
SEND003884,CMP03,Member Picks,C00170,email,Popular picks selected for you.,2025-05-21,false,,false,,,
SEND003885,CMP08,Holiday Highlights,C00371,ads,Explore customer favorites this holiday.,2025-11-02,false,,false,,,
SEND003886,CMP01,New Year Reset,C00106,email,Start fresh with practical favorites.,2025-02-22,true,140,false,V010521,,
SEND003887,CMP05,Back to Routine,C00102,email,Get back into your everyday rhythm.,2025-08-06,false,,false,,,
SEND003888,CMP05,Back to Routine,C00449,email,Get back into your everyday rhythm.,2025-09-15,false,,false,,,
SEND003889,CMP02,Spring Refresh,C00384,ads,Refresh your routine for spring.,2025-04-30,false,,false,,,
SEND003890,CMP01,New Year Reset,C00199,email,Start fresh with practical favorites.,2025-01-05,false,,false,,,
SEND003891,CMP08,Holiday Highlights,C00520,ads,Explore customer favorites this holiday.,2025-11-26,false,,false,,,
SEND003892,CMP02,Spring Refresh,C00381,ads,Refresh your routine for spring.,2025-03-27,false,,false,,,
SEND003893,CMP06,Autumn Edit,C00362,ads,Discover this season's useful upgrades.,2025-10-11,true,61,false,V010522,,
SEND003894,CMP08,Holiday Highlights,C00117,ads,Explore customer favorites this holiday.,2025-12-26,false,,false,,,
SEND003895,CMP03,Member Picks,C00164,email,Popular picks selected for you.,2025-06-22,false,,false,,,
SEND003896,CMP05,Back to Routine,C00708,email,Get back into your everyday rhythm.,2025-08-22,false,,false,,,
SEND003897,CMP06,Autumn Edit,C00826,ads,Discover this season's useful upgrades.,2025-09-06,false,,false,,,
SEND003898,CMP01,New Year Reset,C00101,email,Start fresh with practical favorites.,2025-02-20,false,,false,,,
SEND003899,CMP04,Summer Essentials,C00333,ads,Simple essentials for warmer days.,2025-08-06,false,,false,,,
SEND003900,CMP05,Back to Routine,C00620,email,Get back into your everyday rhythm.,2025-09-19,false,,false,,,
SEND003901,CMP07,Early Holiday,C00780,email,A head start on thoughtful gifting.,2025-11-23,false,,false,,,
SEND003902,CMP08,Holiday Highlights,C00645,ads,Explore customer favorites this holiday.,2025-12-08,false,,false,,,
SEND003903,CMP02,Spring Refresh,C00590,ads,Refresh your routine for spring.,2025-03-15,false,,false,,,
SEND003904,CMP08,Holiday Highlights,C01000,ads,Explore customer favorites this holiday.,2025-12-04,false,,false,,,
SEND003905,CMP02,Spring Refresh,C00711,ads,Refresh your routine for spring.,2025-03-28,true,226,false,V010523,,
SEND003906,CMP06,Autumn Edit,C00851,ads,Discover this season's useful upgrades.,2025-09-08,false,,false,,,
SEND003907,CMP06,Autumn Edit,C00989,ads,Discover this season's useful upgrades.,2025-09-10,false,,false,,,
SEND003908,CMP01,New Year Reset,C00828,email,Start fresh with practical favorites.,2025-01-05,false,,false,,,
SEND003909,CMP02,Spring Refresh,C00956,ads,Refresh your routine for spring.,2025-04-12,true,94,true,V010524,T006086,40.21
SEND003910,CMP08,Holiday Highlights,C00502,ads,Explore customer favorites this holiday.,2025-11-13,false,,false,,,
SEND003911,CMP02,Spring Refresh,C00329,ads,Refresh your routine for spring.,2025-04-14,false,,false,,,
SEND003912,CMP06,Autumn Edit,C00464,ads,Discover this season's useful upgrades.,2025-09-30,false,,false,,,
SEND003913,CMP05,Back to Routine,C00325,email,Get back into your everyday rhythm.,2025-08-02,true,146,false,V010525,,
SEND003914,CMP07,Early Holiday,C00670,email,A head start on thoughtful gifting.,2025-11-19,false,,false,,,
SEND003915,CMP06,Autumn Edit,C00833,ads,Discover this season's useful upgrades.,2025-09-30,false,,false,,,
SEND003916,CMP06,Autumn Edit,C00300,ads,Discover this season's useful upgrades.,2025-09-05,false,,false,,,
SEND003917,CMP01,New Year Reset,C00646,email,Start fresh with practical favorites.,2025-01-12,false,,false,,,
SEND003918,CMP04,Summer Essentials,C00549,ads,Simple essentials for warmer days.,2025-06-06,false,,false,,,
SEND003919,CMP07,Early Holiday,C00477,email,A head start on thoughtful gifting.,2025-11-27,true,56,false,V010526,,
SEND003920,CMP06,Autumn Edit,C00155,ads,Discover this season's useful upgrades.,2025-10-20,false,,false,,,
SEND003921,CMP08,Holiday Highlights,C00208,ads,Explore customer favorites this holiday.,2025-11-28,false,,false,,,
SEND003922,CMP06,Autumn Edit,C00563,ads,Discover this season's useful upgrades.,2025-09-13,false,,false,,,
SEND003923,CMP01,New Year Reset,C00140,email,Start fresh with practical favorites.,2025-01-28,false,,false,,,
SEND003924,CMP01,New Year Reset,C00596,email,Start fresh with practical favorites.,2025-01-24,false,,false,,,
SEND003925,CMP08,Holiday Highlights,C00247,ads,Explore customer favorites this holiday.,2025-11-21,false,,false,,,
SEND003926,CMP01,New Year Reset,C00808,email,Start fresh with practical favorites.,2025-02-02,false,,false,,,
SEND003927,CMP03,Member Picks,C00411,email,Popular picks selected for you.,2025-06-06,true,44,false,V010527,,
SEND003928,CMP08,Holiday Highlights,C00139,ads,Explore customer favorites this holiday.,2025-12-17,true,101,false,V010528,,
SEND003929,CMP01,New Year Reset,C00800,email,Start fresh with practical favorites.,2025-01-03,false,,false,,,
SEND003930,CMP03,Member Picks,C00171,email,Popular picks selected for you.,2025-05-14,false,,false,,,
SEND003931,CMP01,New Year Reset,C00500,email,Start fresh with practical favorites.,2025-02-19,false,,false,,,
SEND003932,CMP02,Spring Refresh,C00883,ads,Refresh your routine for spring.,2025-03-21,false,,false,,,
SEND003933,CMP05,Back to Routine,C00178,email,Get back into your everyday rhythm.,2025-08-19,true,57,false,V010529,,
SEND003934,CMP01,New Year Reset,C00837,email,Start fresh with practical favorites.,2025-01-03,false,,false,,,
SEND003935,CMP05,Back to Routine,C00795,email,Get back into your everyday rhythm.,2025-08-10,false,,false,,,
SEND003936,CMP02,Spring Refresh,C00111,ads,Refresh your routine for spring.,2025-04-30,false,,false,,,
SEND003937,CMP08,Holiday Highlights,C00031,ads,Explore customer favorites this holiday.,2025-11-07,false,,false,,,
SEND003938,CMP01,New Year Reset,C00223,email,Start fresh with practical favorites.,2025-01-22,false,,false,,,
SEND003939,CMP03,Member Picks,C00885,email,Popular picks selected for you.,2025-06-29,false,,false,,,
SEND003940,CMP07,Early Holiday,C00558,email,A head start on thoughtful gifting.,2025-11-17,false,,false,,,
SEND003941,CMP05,Back to Routine,C00506,email,Get back into your everyday rhythm.,2025-09-02,false,,false,,,
SEND003942,CMP08,Holiday Highlights,C00672,ads,Explore customer favorites this holiday.,2025-11-17,false,,false,,,
SEND003943,CMP07,Early Holiday,C00810,email,A head start on thoughtful gifting.,2025-11-09,false,,false,,,
SEND003944,CMP08,Holiday Highlights,C00286,ads,Explore customer favorites this holiday.,2025-11-06,false,,false,,,
SEND003945,CMP08,Holiday Highlights,C00801,ads,Explore customer favorites this holiday.,2025-11-19,false,,false,,,
SEND003946,CMP05,Back to Routine,C00558,email,Get back into your everyday rhythm.,2025-09-28,false,,false,,,
SEND003947,CMP03,Member Picks,C00087,email,Popular picks selected for you.,2025-05-18,true,81,false,V010530,,
SEND003948,CMP02,Spring Refresh,C00854,ads,Refresh your routine for spring.,2025-03-07,true,52,false,V010531,,
SEND003949,CMP07,Early Holiday,C00167,email,A head start on thoughtful gifting.,2025-11-24,false,,false,,,
SEND003950,CMP01,New Year Reset,C00185,email,Start fresh with practical favorites.,2025-01-11,false,,false,,,
SEND003951,CMP01,New Year Reset,C00070,email,Start fresh with practical favorites.,2025-02-28,false,,false,,,
SEND003952,CMP06,Autumn Edit,C00600,ads,Discover this season's useful upgrades.,2025-10-18,false,,false,,,
SEND003953,CMP07,Early Holiday,C00817,email,A head start on thoughtful gifting.,2025-11-28,false,,false,,,
SEND003954,CMP07,Early Holiday,C00587,email,A head start on thoughtful gifting.,2025-11-24,false,,false,,,
SEND003955,CMP08,Holiday Highlights,C00284,ads,Explore customer favorites this holiday.,2025-12-29,false,,false,,,
SEND003956,CMP08,Holiday Highlights,C00070,ads,Explore customer favorites this holiday.,2025-11-03,true,62,false,V010532,,
SEND003957,CMP02,Spring Refresh,C00591,ads,Refresh your routine for spring.,2025-04-12,false,,false,,,
SEND003958,CMP02,Spring Refresh,C00152,ads,Refresh your routine for spring.,2025-03-17,false,,false,,,
SEND003959,CMP02,Spring Refresh,C00475,ads,Refresh your routine for spring.,2025-04-25,false,,false,,,
SEND003960,CMP03,Member Picks,C00320,email,Popular picks selected for you.,2025-06-22,false,,false,,,
SEND003961,CMP04,Summer Essentials,C00832,ads,Simple essentials for warmer days.,2025-08-12,false,,false,,,
SEND003962,CMP05,Back to Routine,C00226,email,Get back into your everyday rhythm.,2025-08-10,true,124,true,V010533,T006087,93.17
SEND003963,CMP05,Back to Routine,C00432,email,Get back into your everyday rhythm.,2025-08-04,false,,false,,,
SEND003964,CMP06,Autumn Edit,C00974,ads,Discover this season's useful upgrades.,2025-10-23,false,,false,,,
SEND003965,CMP06,Autumn Edit,C00288,ads,Discover this season's useful upgrades.,2025-09-28,false,,false,,,
SEND003966,CMP02,Spring Refresh,C00493,ads,Refresh your routine for spring.,2025-04-22,false,,false,,,
SEND003967,CMP01,New Year Reset,C00943,email,Start fresh with practical favorites.,2025-01-25,false,,false,,,
SEND003968,CMP08,Holiday Highlights,C00366,ads,Explore customer favorites this holiday.,2025-12-10,false,,false,,,
SEND003969,CMP06,Autumn Edit,C00472,ads,Discover this season's useful upgrades.,2025-09-27,false,,false,,,
SEND003970,CMP08,Holiday Highlights,C00407,ads,Explore customer favorites this holiday.,2025-12-22,false,,false,,,
SEND003971,CMP02,Spring Refresh,C00310,ads,Refresh your routine for spring.,2025-03-26,false,,false,,,
SEND003972,CMP05,Back to Routine,C00979,email,Get back into your everyday rhythm.,2025-09-28,false,,false,,,
SEND003973,CMP02,Spring Refresh,C00166,ads,Refresh your routine for spring.,2025-03-28,false,,false,,,
SEND003974,CMP03,Member Picks,C00719,email,Popular picks selected for you.,2025-06-25,false,,false,,,
SEND003975,CMP03,Member Picks,C00650,email,Popular picks selected for you.,2025-05-08,true,130,true,V010534,T006088,21.36
SEND003976,CMP04,Summer Essentials,C00929,ads,Simple essentials for warmer days.,2025-08-01,false,,false,,,
SEND003977,CMP01,New Year Reset,C00770,email,Start fresh with practical favorites.,2025-01-03,false,,false,,,
SEND003978,CMP02,Spring Refresh,C00262,ads,Refresh your routine for spring.,2025-03-02,false,,false,,,
SEND003979,CMP06,Autumn Edit,C00924,ads,Discover this season's useful upgrades.,2025-09-04,false,,false,,,
SEND003980,CMP06,Autumn Edit,C00279,ads,Discover this season's useful upgrades.,2025-09-08,false,,false,,,
SEND003981,CMP05,Back to Routine,C00129,email,Get back into your everyday rhythm.,2025-08-12,false,,false,,,
SEND003982,CMP06,Autumn Edit,C00682,ads,Discover this season's useful upgrades.,2025-10-08,false,,false,,,
SEND003983,CMP03,Member Picks,C00103,email,Popular picks selected for you.,2025-06-20,false,,false,,,
SEND003984,CMP06,Autumn Edit,C00933,ads,Discover this season's useful upgrades.,2025-10-07,false,,false,,,
SEND003985,CMP03,Member Picks,C00794,email,Popular picks selected for you.,2025-06-28,false,,false,,,
SEND003986,CMP07,Early Holiday,C00444,email,A head start on thoughtful gifting.,2025-11-11,false,,false,,,
SEND003987,CMP02,Spring Refresh,C00048,ads,Refresh your routine for spring.,2025-04-04,false,,false,,,
SEND003988,CMP03,Member Picks,C00210,email,Popular picks selected for you.,2025-06-05,false,,false,,,
SEND003989,CMP04,Summer Essentials,C00206,ads,Simple essentials for warmer days.,2025-07-21,false,,false,,,
SEND003990,CMP02,Spring Refresh,C00713,ads,Refresh your routine for spring.,2025-03-31,false,,false,,,
SEND003991,CMP02,Spring Refresh,C00347,ads,Refresh your routine for spring.,2025-03-20,false,,false,,,
SEND003992,CMP02,Spring Refresh,C00065,ads,Refresh your routine for spring.,2025-04-25,false,,false,,,
SEND003993,CMP08,Holiday Highlights,C00567,ads,Explore customer favorites this holiday.,2025-12-31,false,,false,,,
SEND003994,CMP01,New Year Reset,C00490,email,Start fresh with practical favorites.,2025-01-12,false,,false,,,
SEND003995,CMP05,Back to Routine,C00907,email,Get back into your everyday rhythm.,2025-08-23,false,,false,,,
SEND003996,CMP07,Early Holiday,C00599,email,A head start on thoughtful gifting.,2025-11-30,true,117,false,V010535,,
SEND003997,CMP05,Back to Routine,C00190,email,Get back into your everyday rhythm.,2025-08-13,false,,false,,,
SEND003998,CMP03,Member Picks,C00398,email,Popular picks selected for you.,2025-06-23,false,,false,,,
SEND003999,CMP07,Early Holiday,C00825,email,A head start on thoughtful gifting.,2025-11-06,false,,false,,,
SEND004000,CMP05,Back to Routine,C00881,email,Get back into your everyday rhythm.,2025-08-01,true,173,false,V010536,,
SEND004001,CMP05,Back to Routine,C00282,email,Get back into your everyday rhythm.,2025-08-17,false,,false,,,
SEND004002,CMP01,New Year Reset,C00436,email,Start fresh with practical favorites.,2025-01-02,false,,false,,,
SEND004003,CMP04,Summer Essentials,C00871,ads,Simple essentials for warmer days.,2025-07-18,false,,false,,,
SEND004004,CMP05,Back to Routine,C00439,email,Get back into your everyday rhythm.,2025-08-05,false,,false,,,
SEND004005,CMP01,New Year Reset,C00690,email,Start fresh with practical favorites.,2025-01-29,false,,false,,,
SEND004006,CMP06,Autumn Edit,C00345,ads,Discover this season's useful upgrades.,2025-09-17,false,,false,,,
SEND004007,CMP07,Early Holiday,C00764,email,A head start on thoughtful gifting.,2025-11-03,false,,false,,,
SEND004008,CMP08,Holiday Highlights,C00786,ads,Explore customer favorites this holiday.,2025-12-10,false,,false,,,
SEND004009,CMP01,New Year Reset,C00211,email,Start fresh with practical favorites.,2025-02-14,true,285,false,V010537,,
SEND004010,CMP07,Early Holiday,C00437,email,A head start on thoughtful gifting.,2025-11-15,false,,false,,,
SEND004011,CMP07,Early Holiday,C00617,email,A head start on thoughtful gifting.,2025-11-24,false,,false,,,
SEND004012,CMP08,Holiday Highlights,C00558,ads,Explore customer favorites this holiday.,2025-11-22,true,119,false,V010538,,
SEND004013,CMP04,Summer Essentials,C00196,ads,Simple essentials for warmer days.,2025-08-12,false,,false,,,
SEND004014,CMP03,Member Picks,C00525,email,Popular picks selected for you.,2025-06-28,false,,false,,,
SEND004015,CMP07,Early Holiday,C00360,email,A head start on thoughtful gifting.,2025-11-12,false,,false,,,
SEND004016,CMP01,New Year Reset,C00301,email,Start fresh with practical favorites.,2025-01-12,false,,false,,,
SEND004017,CMP01,New Year Reset,C00476,email,Start fresh with practical favorites.,2025-01-25,true,44,true,V010539,T006089,86.52
SEND004018,CMP04,Summer Essentials,C00134,ads,Simple essentials for warmer days.,2025-07-12,false,,false,,,
SEND004019,CMP04,Summer Essentials,C00221,ads,Simple essentials for warmer days.,2025-08-15,false,,false,,,
SEND004020,CMP07,Early Holiday,C00817,email,A head start on thoughtful gifting.,2025-11-01,true,71,false,V010540,,
SEND004021,CMP08,Holiday Highlights,C00945,ads,Explore customer favorites this holiday.,2025-11-18,false,,false,,,
SEND004022,CMP01,New Year Reset,C00734,email,Start fresh with practical favorites.,2025-02-25,true,1058,false,V010541,,
SEND004023,CMP05,Back to Routine,C00612,email,Get back into your everyday rhythm.,2025-09-29,false,,false,,,
SEND004024,CMP07,Early Holiday,C00657,email,A head start on thoughtful gifting.,2025-11-10,false,,false,,,
SEND004025,CMP03,Member Picks,C00915,email,Popular picks selected for you.,2025-05-30,false,,false,,,
SEND004026,CMP02,Spring Refresh,C00619,ads,Refresh your routine for spring.,2025-04-30,false,,false,,,
SEND004027,CMP04,Summer Essentials,C00114,ads,Simple essentials for warmer days.,2025-07-22,false,,false,,,
SEND004028,CMP02,Spring Refresh,C00593,ads,Refresh your routine for spring.,2025-03-08,false,,false,,,
SEND004029,CMP02,Spring Refresh,C00045,ads,Refresh your routine for spring.,2025-04-21,false,,false,,,
SEND004030,CMP04,Summer Essentials,C00182,ads,Simple essentials for warmer days.,2025-06-12,false,,false,,,
SEND004031,CMP03,Member Picks,C00665,email,Popular picks selected for you.,2025-05-23,false,,false,,,
SEND004032,CMP05,Back to Routine,C00529,email,Get back into your everyday rhythm.,2025-09-14,false,,false,,,
SEND004033,CMP02,Spring Refresh,C00997,ads,Refresh your routine for spring.,2025-04-10,false,,false,,,
SEND004034,CMP02,Spring Refresh,C00334,ads,Refresh your routine for spring.,2025-03-12,false,,false,,,
SEND004035,CMP02,Spring Refresh,C00382,ads,Refresh your routine for spring.,2025-03-11,false,,false,,,
SEND004036,CMP05,Back to Routine,C00925,email,Get back into your everyday rhythm.,2025-09-18,false,,false,,,
SEND004037,CMP06,Autumn Edit,C00953,ads,Discover this season's useful upgrades.,2025-09-28,false,,false,,,
SEND004038,CMP04,Summer Essentials,C00128,ads,Simple essentials for warmer days.,2025-07-31,false,,false,,,
SEND004039,CMP08,Holiday Highlights,C00198,ads,Explore customer favorites this holiday.,2025-12-19,false,,false,,,
SEND004040,CMP03,Member Picks,C00386,email,Popular picks selected for you.,2025-05-08,false,,false,,,
SEND004041,CMP06,Autumn Edit,C00225,ads,Discover this season's useful upgrades.,2025-10-03,false,,false,,,
SEND004042,CMP08,Holiday Highlights,C00632,ads,Explore customer favorites this holiday.,2025-12-10,true,139,false,V010542,,
SEND004043,CMP08,Holiday Highlights,C00519,ads,Explore customer favorites this holiday.,2025-11-12,false,,false,,,
SEND004044,CMP06,Autumn Edit,C00810,ads,Discover this season's useful upgrades.,2025-10-20,false,,false,,,
SEND004045,CMP08,Holiday Highlights,C00160,ads,Explore customer favorites this holiday.,2025-12-01,false,,false,,,
SEND004046,CMP05,Back to Routine,C00813,email,Get back into your everyday rhythm.,2025-08-23,false,,false,,,
SEND004047,CMP03,Member Picks,C00292,email,Popular picks selected for you.,2025-05-11,false,,false,,,
SEND004048,CMP08,Holiday Highlights,C00515,ads,Explore customer favorites this holiday.,2025-12-30,false,,false,,,
SEND004049,CMP03,Member Picks,C00114,email,Popular picks selected for you.,2025-06-08,false,,false,,,
SEND004050,CMP08,Holiday Highlights,C00412,ads,Explore customer favorites this holiday.,2025-11-16,false,,false,,,
SEND004051,CMP08,Holiday Highlights,C00242,ads,Explore customer favorites this holiday.,2025-11-02,false,,false,,,
SEND004052,CMP01,New Year Reset,C00212,email,Start fresh with practical favorites.,2025-01-01,false,,false,,,
SEND004053,CMP06,Autumn Edit,C00881,ads,Discover this season's useful upgrades.,2025-09-23,false,,false,,,
SEND004054,CMP06,Autumn Edit,C00136,ads,Discover this season's useful upgrades.,2025-10-12,false,,false,,,
SEND004055,CMP06,Autumn Edit,C00073,ads,Discover this season's useful upgrades.,2025-10-15,false,,false,,,
SEND004056,CMP07,Early Holiday,C00816,email,A head start on thoughtful gifting.,2025-11-07,false,,false,,,
SEND004057,CMP01,New Year Reset,C00659,email,Start fresh with practical favorites.,2025-01-14,false,,false,,,
SEND004058,CMP01,New Year Reset,C00438,email,Start fresh with practical favorites.,2025-01-09,false,,false,,,
SEND004059,CMP08,Holiday Highlights,C00698,ads,Explore customer favorites this holiday.,2025-11-22,false,,false,,,
SEND004060,CMP04,Summer Essentials,C00342,ads,Simple essentials for warmer days.,2025-06-09,false,,false,,,
SEND004061,CMP03,Member Picks,C00334,email,Popular picks selected for you.,2025-05-12,false,,false,,,
SEND004062,CMP08,Holiday Highlights,C00127,ads,Explore customer favorites this holiday.,2025-11-11,false,,false,,,
SEND004063,CMP05,Back to Routine,C00252,email,Get back into your everyday rhythm.,2025-08-06,false,,false,,,
SEND004064,CMP03,Member Picks,C00816,email,Popular picks selected for you.,2025-06-21,true,60,false,V010543,,
SEND004065,CMP06,Autumn Edit,C00265,ads,Discover this season's useful upgrades.,2025-09-01,false,,false,,,
SEND004066,CMP07,Early Holiday,C00051,email,A head start on thoughtful gifting.,2025-11-09,false,,false,,,
SEND004067,CMP08,Holiday Highlights,C00989,ads,Explore customer favorites this holiday.,2025-12-13,false,,false,,,
SEND004068,CMP05,Back to Routine,C00235,email,Get back into your everyday rhythm.,2025-08-27,false,,false,,,
SEND004069,CMP06,Autumn Edit,C00641,ads,Discover this season's useful upgrades.,2025-09-12,false,,false,,,
SEND004070,CMP08,Holiday Highlights,C00141,ads,Explore customer favorites this holiday.,2025-12-06,false,,false,,,
SEND004071,CMP02,Spring Refresh,C00371,ads,Refresh your routine for spring.,2025-03-08,true,95,false,V010544,,
SEND004072,CMP06,Autumn Edit,C00636,ads,Discover this season's useful upgrades.,2025-10-11,false,,false,,,
SEND004073,CMP03,Member Picks,C00131,email,Popular picks selected for you.,2025-06-26,false,,false,,,
SEND004074,CMP01,New Year Reset,C00812,email,Start fresh with practical favorites.,2025-02-23,false,,false,,,
SEND004075,CMP08,Holiday Highlights,C00817,ads,Explore customer favorites this holiday.,2025-12-21,false,,false,,,
SEND004076,CMP07,Early Holiday,C00879,email,A head start on thoughtful gifting.,2025-11-13,true,35,false,V010545,,
SEND004077,CMP04,Summer Essentials,C00554,ads,Simple essentials for warmer days.,2025-06-23,false,,false,,,
SEND004078,CMP02,Spring Refresh,C00764,ads,Refresh your routine for spring.,2025-04-12,false,,false,,,
SEND004079,CMP05,Back to Routine,C00021,email,Get back into your everyday rhythm.,2025-08-13,false,,false,,,
SEND004080,CMP04,Summer Essentials,C00837,ads,Simple essentials for warmer days.,2025-07-12,false,,false,,,
SEND004081,CMP05,Back to Routine,C00885,email,Get back into your everyday rhythm.,2025-08-28,false,,false,,,
SEND004082,CMP05,Back to Routine,C00159,email,Get back into your everyday rhythm.,2025-09-11,true,35,true,V010546,T006090,94.37
SEND004083,CMP08,Holiday Highlights,C00179,ads,Explore customer favorites this holiday.,2025-11-16,false,,false,,,
SEND004084,CMP07,Early Holiday,C00974,email,A head start on thoughtful gifting.,2025-11-26,false,,false,,,
SEND004085,CMP07,Early Holiday,C00949,email,A head start on thoughtful gifting.,2025-11-30,false,,false,,,
SEND004086,CMP05,Back to Routine,C00523,email,Get back into your everyday rhythm.,2025-08-29,false,,false,,,
SEND004087,CMP06,Autumn Edit,C00083,ads,Discover this season's useful upgrades.,2025-10-02,false,,false,,,
SEND004088,CMP03,Member Picks,C00107,email,Popular picks selected for you.,2025-06-10,false,,false,,,
SEND004089,CMP05,Back to Routine,C00839,email,Get back into your everyday rhythm.,2025-09-09,false,,false,,,
SEND004090,CMP06,Autumn Edit,C00317,ads,Discover this season's useful upgrades.,2025-09-30,false,,false,,,
SEND004091,CMP01,New Year Reset,C00667,email,Start fresh with practical favorites.,2025-02-17,false,,false,,,
SEND004092,CMP08,Holiday Highlights,C00492,ads,Explore customer favorites this holiday.,2025-11-08,false,,false,,,
SEND004093,CMP06,Autumn Edit,C00844,ads,Discover this season's useful upgrades.,2025-10-29,false,,false,,,
SEND004094,CMP07,Early Holiday,C00154,email,A head start on thoughtful gifting.,2025-11-01,false,,false,,,
SEND004095,CMP07,Early Holiday,C00456,email,A head start on thoughtful gifting.,2025-11-27,true,96,false,V010547,,
SEND004096,CMP08,Holiday Highlights,C00225,ads,Explore customer favorites this holiday.,2025-12-04,false,,false,,,
SEND004097,CMP05,Back to Routine,C00004,email,Get back into your everyday rhythm.,2025-08-18,false,,false,,,
SEND004098,CMP04,Summer Essentials,C00899,ads,Simple essentials for warmer days.,2025-08-26,false,,false,,,
SEND004099,CMP02,Spring Refresh,C00997,ads,Refresh your routine for spring.,2025-04-06,false,,false,,,
SEND004100,CMP01,New Year Reset,C00089,email,Start fresh with practical favorites.,2025-02-06,false,,false,,,
SEND004101,CMP07,Early Holiday,C00136,email,A head start on thoughtful gifting.,2025-11-12,false,,false,,,
SEND004102,CMP07,Early Holiday,C00073,email,A head start on thoughtful gifting.,2025-11-11,false,,false,,,
SEND004103,CMP01,New Year Reset,C00697,email,Start fresh with practical favorites.,2025-02-24,false,,false,,,
SEND004104,CMP08,Holiday Highlights,C00767,ads,Explore customer favorites this holiday.,2025-12-12,false,,false,,,
SEND004105,CMP08,Holiday Highlights,C00246,ads,Explore customer favorites this holiday.,2025-12-28,false,,false,,,
SEND004106,CMP07,Early Holiday,C00334,email,A head start on thoughtful gifting.,2025-11-26,false,,false,,,
SEND004107,CMP05,Back to Routine,C00861,email,Get back into your everyday rhythm.,2025-09-06,false,,false,,,
SEND004108,CMP01,New Year Reset,C00740,email,Start fresh with practical favorites.,2025-02-16,false,,false,,,
SEND004109,CMP02,Spring Refresh,C00883,ads,Refresh your routine for spring.,2025-04-07,false,,false,,,
SEND004110,CMP08,Holiday Highlights,C00459,ads,Explore customer favorites this holiday.,2025-11-29,true,24,false,V010548,,
SEND004111,CMP06,Autumn Edit,C00214,ads,Discover this season's useful upgrades.,2025-10-31,true,135,true,V010549,T006091,25.51
SEND004112,CMP08,Holiday Highlights,C00602,ads,Explore customer favorites this holiday.,2025-12-20,false,,false,,,
SEND004113,CMP02,Spring Refresh,C00550,ads,Refresh your routine for spring.,2025-03-07,false,,false,,,
SEND004114,CMP01,New Year Reset,C00955,email,Start fresh with practical favorites.,2025-01-29,false,,false,,,
SEND004115,CMP06,Autumn Edit,C00332,ads,Discover this season's useful upgrades.,2025-10-28,false,,false,,,
SEND004116,CMP01,New Year Reset,C00475,email,Start fresh with practical favorites.,2025-01-17,false,,false,,,
SEND004117,CMP07,Early Holiday,C00480,email,A head start on thoughtful gifting.,2025-11-19,false,,false,,,
SEND004118,CMP06,Autumn Edit,C00135,ads,Discover this season's useful upgrades.,2025-10-27,false,,false,,,
SEND004119,CMP08,Holiday Highlights,C00839,ads,Explore customer favorites this holiday.,2025-12-21,false,,false,,,
SEND004120,CMP08,Holiday Highlights,C00976,ads,Explore customer favorites this holiday.,2025-12-24,false,,false,,,
SEND004121,CMP03,Member Picks,C00120,email,Popular picks selected for you.,2025-05-08,false,,false,,,
SEND004122,CMP07,Early Holiday,C00922,email,A head start on thoughtful gifting.,2025-11-06,false,,false,,,
SEND004123,CMP03,Member Picks,C00646,email,Popular picks selected for you.,2025-05-31,false,,false,,,
SEND004124,CMP05,Back to Routine,C00061,email,Get back into your everyday rhythm.,2025-08-11,false,,false,,,
SEND004125,CMP07,Early Holiday,C00298,email,A head start on thoughtful gifting.,2025-11-27,false,,false,,,
SEND004126,CMP07,Early Holiday,C00677,email,A head start on thoughtful gifting.,2025-11-17,false,,false,,,
SEND004127,CMP04,Summer Essentials,C00620,ads,Simple essentials for warmer days.,2025-06-19,true,509,true,V010550,T006092,28.54
SEND004128,CMP06,Autumn Edit,C00307,ads,Discover this season's useful upgrades.,2025-09-27,false,,false,,,
SEND004129,CMP07,Early Holiday,C00320,email,A head start on thoughtful gifting.,2025-11-06,false,,false,,,
SEND004130,CMP05,Back to Routine,C00785,email,Get back into your everyday rhythm.,2025-09-27,false,,false,,,
SEND004131,CMP07,Early Holiday,C00743,email,A head start on thoughtful gifting.,2025-11-25,false,,false,,,
SEND004132,CMP01,New Year Reset,C00055,email,Start fresh with practical favorites.,2025-01-15,false,,false,,,
SEND004133,CMP08,Holiday Highlights,C00857,ads,Explore customer favorites this holiday.,2025-11-18,true,321,false,V010551,,
SEND004134,CMP06,Autumn Edit,C00549,ads,Discover this season's useful upgrades.,2025-09-27,true,28,false,V010552,,
SEND004135,CMP08,Holiday Highlights,C00012,ads,Explore customer favorites this holiday.,2025-12-22,false,,false,,,
SEND004136,CMP04,Summer Essentials,C00338,ads,Simple essentials for warmer days.,2025-06-03,false,,false,,,
SEND004137,CMP08,Holiday Highlights,C00893,ads,Explore customer favorites this holiday.,2025-11-10,false,,false,,,
SEND004138,CMP07,Early Holiday,C00940,email,A head start on thoughtful gifting.,2025-11-30,false,,false,,,
SEND004139,CMP07,Early Holiday,C00882,email,A head start on thoughtful gifting.,2025-11-02,false,,false,,,
SEND004140,CMP06,Autumn Edit,C00542,ads,Discover this season's useful upgrades.,2025-10-21,false,,false,,,
SEND004141,CMP05,Back to Routine,C00729,email,Get back into your everyday rhythm.,2025-09-14,true,1539,true,V010553,T006093,30.31
SEND004142,CMP07,Early Holiday,C00526,email,A head start on thoughtful gifting.,2025-11-16,false,,false,,,
SEND004143,CMP08,Holiday Highlights,C00879,ads,Explore customer favorites this holiday.,2025-11-09,false,,false,,,
SEND004144,CMP06,Autumn Edit,C00262,ads,Discover this season's useful upgrades.,2025-10-31,true,28,false,V010554,,
SEND004145,CMP02,Spring Refresh,C00903,ads,Refresh your routine for spring.,2025-03-15,true,76,false,V010555,,
SEND004146,CMP01,New Year Reset,C00246,email,Start fresh with practical favorites.,2025-01-22,false,,false,,,
SEND004147,CMP07,Early Holiday,C00512,email,A head start on thoughtful gifting.,2025-11-06,true,228,true,V010556,T006094,78.93
SEND004148,CMP02,Spring Refresh,C00762,ads,Refresh your routine for spring.,2025-04-20,false,,false,,,
SEND004149,CMP07,Early Holiday,C00153,email,A head start on thoughtful gifting.,2025-11-11,false,,false,,,
SEND004150,CMP05,Back to Routine,C00116,email,Get back into your everyday rhythm.,2025-08-23,true,29,true,V010557,T006095,56.27
SEND004151,CMP03,Member Picks,C00077,email,Popular picks selected for you.,2025-05-22,false,,false,,,
SEND004152,CMP07,Early Holiday,C00847,email,A head start on thoughtful gifting.,2025-11-29,false,,false,,,
SEND004153,CMP02,Spring Refresh,C00618,ads,Refresh your routine for spring.,2025-03-09,false,,false,,,
SEND004154,CMP03,Member Picks,C00069,email,Popular picks selected for you.,2025-05-06,false,,false,,,
SEND004155,CMP04,Summer Essentials,C00810,ads,Simple essentials for warmer days.,2025-08-09,true,116,true,V010558,T006096,83.64
SEND004156,CMP08,Holiday Highlights,C00368,ads,Explore customer favorites this holiday.,2025-11-15,false,,false,,,
SEND004157,CMP05,Back to Routine,C00973,email,Get back into your everyday rhythm.,2025-09-11,false,,false,,,
SEND004158,CMP03,Member Picks,C00379,email,Popular picks selected for you.,2025-05-03,false,,false,,,
SEND004159,CMP01,New Year Reset,C00280,email,Start fresh with practical favorites.,2025-01-13,false,,false,,,
SEND004160,CMP04,Summer Essentials,C00082,ads,Simple essentials for warmer days.,2025-07-01,false,,false,,,
SEND004161,CMP05,Back to Routine,C00907,email,Get back into your everyday rhythm.,2025-09-16,false,,false,,,
SEND004162,CMP06,Autumn Edit,C00843,ads,Discover this season's useful upgrades.,2025-09-21,false,,false,,,
SEND004163,CMP03,Member Picks,C00829,email,Popular picks selected for you.,2025-05-11,false,,false,,,
SEND004164,CMP02,Spring Refresh,C00266,ads,Refresh your routine for spring.,2025-04-27,false,,false,,,
SEND004165,CMP06,Autumn Edit,C00360,ads,Discover this season's useful upgrades.,2025-10-04,false,,false,,,
SEND004166,CMP04,Summer Essentials,C00753,ads,Simple essentials for warmer days.,2025-08-23,false,,false,,,
SEND004167,CMP04,Summer Essentials,C00918,ads,Simple essentials for warmer days.,2025-06-14,false,,false,,,
SEND004168,CMP03,Member Picks,C00505,email,Popular picks selected for you.,2025-06-30,false,,false,,,
SEND004169,CMP01,New Year Reset,C00481,email,Start fresh with practical favorites.,2025-02-02,false,,false,,,
SEND004170,CMP06,Autumn Edit,C00760,ads,Discover this season's useful upgrades.,2025-10-17,false,,false,,,
SEND004171,CMP02,Spring Refresh,C00834,ads,Refresh your routine for spring.,2025-03-05,false,,false,,,
SEND004172,CMP04,Summer Essentials,C00563,ads,Simple essentials for warmer days.,2025-08-24,false,,false,,,
SEND004173,CMP04,Summer Essentials,C00219,ads,Simple essentials for warmer days.,2025-06-27,false,,false,,,
SEND004174,CMP02,Spring Refresh,C00529,ads,Refresh your routine for spring.,2025-04-10,false,,false,,,
SEND004175,CMP01,New Year Reset,C00433,email,Start fresh with practical favorites.,2025-01-11,false,,false,,,
SEND004176,CMP07,Early Holiday,C00157,email,A head start on thoughtful gifting.,2025-11-22,false,,false,,,
SEND004177,CMP02,Spring Refresh,C00559,ads,Refresh your routine for spring.,2025-03-18,false,,false,,,
SEND004178,CMP07,Early Holiday,C00660,email,A head start on thoughtful gifting.,2025-11-06,false,,false,,,
SEND004179,CMP01,New Year Reset,C00518,email,Start fresh with practical favorites.,2025-01-24,false,,false,,,
SEND004180,CMP07,Early Holiday,C00498,email,A head start on thoughtful gifting.,2025-11-17,false,,false,,,
SEND004181,CMP03,Member Picks,C00053,email,Popular picks selected for you.,2025-05-18,false,,false,,,
SEND004182,CMP06,Autumn Edit,C00205,ads,Discover this season's useful upgrades.,2025-10-30,false,,false,,,
SEND004183,CMP05,Back to Routine,C00391,email,Get back into your everyday rhythm.,2025-09-02,false,,false,,,
SEND004184,CMP03,Member Picks,C00598,email,Popular picks selected for you.,2025-06-13,true,87,false,V010559,,
SEND004185,CMP01,New Year Reset,C00270,email,Start fresh with practical favorites.,2025-01-06,false,,false,,,
SEND004186,CMP04,Summer Essentials,C00795,ads,Simple essentials for warmer days.,2025-07-22,false,,false,,,
SEND004187,CMP07,Early Holiday,C00344,email,A head start on thoughtful gifting.,2025-11-12,false,,false,,,
SEND004188,CMP02,Spring Refresh,C00738,ads,Refresh your routine for spring.,2025-03-18,false,,false,,,
SEND004189,CMP05,Back to Routine,C00871,email,Get back into your everyday rhythm.,2025-09-26,false,,false,,,
SEND004190,CMP04,Summer Essentials,C00466,ads,Simple essentials for warmer days.,2025-08-23,false,,false,,,
SEND004191,CMP06,Autumn Edit,C00267,ads,Discover this season's useful upgrades.,2025-10-14,false,,false,,,
SEND004192,CMP08,Holiday Highlights,C00944,ads,Explore customer favorites this holiday.,2025-11-23,false,,false,,,
SEND004193,CMP02,Spring Refresh,C00825,ads,Refresh your routine for spring.,2025-04-30,false,,false,,,
SEND004194,CMP05,Back to Routine,C00383,email,Get back into your everyday rhythm.,2025-09-29,false,,false,,,
SEND004195,CMP06,Autumn Edit,C00949,ads,Discover this season's useful upgrades.,2025-10-01,false,,false,,,
SEND004196,CMP05,Back to Routine,C00099,email,Get back into your everyday rhythm.,2025-09-25,false,,false,,,
SEND004197,CMP06,Autumn Edit,C00847,ads,Discover this season's useful upgrades.,2025-10-28,false,,false,,,
SEND004198,CMP06,Autumn Edit,C00944,ads,Discover this season's useful upgrades.,2025-10-04,false,,false,,,
SEND004199,CMP06,Autumn Edit,C00779,ads,Discover this season's useful upgrades.,2025-09-02,false,,false,,,
SEND004200,CMP05,Back to Routine,C00020,email,Get back into your everyday rhythm.,2025-09-04,false,,false,,,
SEND004201,CMP07,Early Holiday,C00720,email,A head start on thoughtful gifting.,2025-11-24,false,,false,,,
SEND004202,CMP08,Holiday Highlights,C00331,ads,Explore customer favorites this holiday.,2025-12-18,false,,false,,,
SEND004203,CMP04,Summer Essentials,C00443,ads,Simple essentials for warmer days.,2025-07-26,false,,false,,,
SEND004204,CMP08,Holiday Highlights,C00934,ads,Explore customer favorites this holiday.,2025-12-31,false,,false,,,
SEND004205,CMP07,Early Holiday,C00227,email,A head start on thoughtful gifting.,2025-11-12,false,,false,,,
SEND004206,CMP08,Holiday Highlights,C00477,ads,Explore customer favorites this holiday.,2025-11-18,false,,false,,,
SEND004207,CMP05,Back to Routine,C00200,email,Get back into your everyday rhythm.,2025-09-29,false,,false,,,
SEND004208,CMP06,Autumn Edit,C00329,ads,Discover this season's useful upgrades.,2025-09-22,true,212,false,V010560,,
SEND004209,CMP08,Holiday Highlights,C00138,ads,Explore customer favorites this holiday.,2025-12-15,false,,false,,,
SEND004210,CMP06,Autumn Edit,C00099,ads,Discover this season's useful upgrades.,2025-09-16,true,55,false,V010561,,
SEND004211,CMP02,Spring Refresh,C00942,ads,Refresh your routine for spring.,2025-03-03,false,,false,,,
SEND004212,CMP06,Autumn Edit,C00724,ads,Discover this season's useful upgrades.,2025-10-01,false,,false,,,
SEND004213,CMP01,New Year Reset,C00145,email,Start fresh with practical favorites.,2025-01-24,true,131,false,V010562,,
SEND004214,CMP05,Back to Routine,C00233,email,Get back into your everyday rhythm.,2025-08-03,false,,false,,,
SEND004215,CMP08,Holiday Highlights,C00579,ads,Explore customer favorites this holiday.,2025-12-22,false,,false,,,
SEND004216,CMP02,Spring Refresh,C00933,ads,Refresh your routine for spring.,2025-04-22,false,,false,,,
SEND004217,CMP06,Autumn Edit,C00663,ads,Discover this season's useful upgrades.,2025-10-28,false,,false,,,
SEND004218,CMP02,Spring Refresh,C00769,ads,Refresh your routine for spring.,2025-04-07,false,,false,,,
SEND004219,CMP03,Member Picks,C00783,email,Popular picks selected for you.,2025-05-30,false,,false,,,
SEND004220,CMP05,Back to Routine,C00611,email,Get back into your everyday rhythm.,2025-08-28,false,,false,,,
SEND004221,CMP07,Early Holiday,C00818,email,A head start on thoughtful gifting.,2025-11-21,false,,false,,,
SEND004222,CMP04,Summer Essentials,C00484,ads,Simple essentials for warmer days.,2025-07-30,false,,false,,,
SEND004223,CMP08,Holiday Highlights,C00709,ads,Explore customer favorites this holiday.,2025-11-12,false,,false,,,
SEND004224,CMP04,Summer Essentials,C00610,ads,Simple essentials for warmer days.,2025-06-16,false,,false,,,
SEND004225,CMP08,Holiday Highlights,C00027,ads,Explore customer favorites this holiday.,2025-11-05,false,,false,,,
SEND004226,CMP03,Member Picks,C00106,email,Popular picks selected for you.,2025-06-16,false,,false,,,
SEND004227,CMP03,Member Picks,C00782,email,Popular picks selected for you.,2025-06-23,false,,false,,,
SEND004228,CMP08,Holiday Highlights,C00463,ads,Explore customer favorites this holiday.,2025-12-13,true,124,false,V010563,,
SEND004229,CMP07,Early Holiday,C00222,email,A head start on thoughtful gifting.,2025-11-09,false,,false,,,
SEND004230,CMP01,New Year Reset,C00904,email,Start fresh with practical favorites.,2025-01-26,false,,false,,,
SEND004231,CMP06,Autumn Edit,C00329,ads,Discover this season's useful upgrades.,2025-10-31,false,,false,,,
SEND004232,CMP01,New Year Reset,C00864,email,Start fresh with practical favorites.,2025-01-19,false,,false,,,
SEND004233,CMP08,Holiday Highlights,C00802,ads,Explore customer favorites this holiday.,2025-12-08,false,,false,,,
SEND004234,CMP01,New Year Reset,C00728,email,Start fresh with practical favorites.,2025-01-05,false,,false,,,
SEND004235,CMP07,Early Holiday,C00676,email,A head start on thoughtful gifting.,2025-11-22,false,,false,,,
SEND004236,CMP03,Member Picks,C00759,email,Popular picks selected for you.,2025-06-01,false,,false,,,
SEND004237,CMP01,New Year Reset,C00654,email,Start fresh with practical favorites.,2025-02-25,false,,false,,,
SEND004238,CMP01,New Year Reset,C00532,email,Start fresh with practical favorites.,2025-02-15,false,,false,,,
SEND004239,CMP03,Member Picks,C00547,email,Popular picks selected for you.,2025-06-22,false,,false,,,
SEND004240,CMP04,Summer Essentials,C00524,ads,Simple essentials for warmer days.,2025-08-29,true,48,false,V010564,,
SEND004241,CMP07,Early Holiday,C00724,email,A head start on thoughtful gifting.,2025-11-09,false,,false,,,
SEND004242,CMP06,Autumn Edit,C00949,ads,Discover this season's useful upgrades.,2025-09-27,false,,false,,,
SEND004243,CMP03,Member Picks,C00183,email,Popular picks selected for you.,2025-06-29,false,,false,,,
SEND004244,CMP07,Early Holiday,C00313,email,A head start on thoughtful gifting.,2025-11-15,false,,false,,,
SEND004245,CMP01,New Year Reset,C00295,email,Start fresh with practical favorites.,2025-02-18,false,,false,,,
SEND004246,CMP05,Back to Routine,C00491,email,Get back into your everyday rhythm.,2025-08-12,false,,false,,,
SEND004247,CMP03,Member Picks,C00754,email,Popular picks selected for you.,2025-05-15,false,,false,,,
SEND004248,CMP02,Spring Refresh,C00887,ads,Refresh your routine for spring.,2025-03-19,false,,false,,,
SEND004249,CMP01,New Year Reset,C00693,email,Start fresh with practical favorites.,2025-02-20,false,,false,,,
SEND004250,CMP03,Member Picks,C00941,email,Popular picks selected for you.,2025-06-12,false,,false,,,
SEND004251,CMP01,New Year Reset,C00304,email,Start fresh with practical favorites.,2025-02-20,false,,false,,,
SEND004252,CMP06,Autumn Edit,C00430,ads,Discover this season's useful upgrades.,2025-10-02,false,,false,,,
SEND004253,CMP08,Holiday Highlights,C00643,ads,Explore customer favorites this holiday.,2025-11-21,true,50,false,V010565,,
SEND004254,CMP03,Member Picks,C00189,email,Popular picks selected for you.,2025-05-18,true,126,false,V010566,,
SEND004255,CMP07,Early Holiday,C00061,email,A head start on thoughtful gifting.,2025-11-18,false,,false,,,
SEND004256,CMP04,Summer Essentials,C00152,ads,Simple essentials for warmer days.,2025-08-11,false,,false,,,
SEND004257,CMP04,Summer Essentials,C00450,ads,Simple essentials for warmer days.,2025-06-23,false,,false,,,
SEND004258,CMP03,Member Picks,C00706,email,Popular picks selected for you.,2025-06-12,false,,false,,,
SEND004259,CMP02,Spring Refresh,C00806,ads,Refresh your routine for spring.,2025-03-15,false,,false,,,
SEND004260,CMP06,Autumn Edit,C00525,ads,Discover this season's useful upgrades.,2025-09-21,false,,false,,,
SEND004261,CMP04,Summer Essentials,C00593,ads,Simple essentials for warmer days.,2025-07-23,false,,false,,,
SEND004262,CMP02,Spring Refresh,C00281,ads,Refresh your routine for spring.,2025-03-24,false,,false,,,
SEND004263,CMP03,Member Picks,C00140,email,Popular picks selected for you.,2025-05-11,false,,false,,,
SEND004264,CMP06,Autumn Edit,C00170,ads,Discover this season's useful upgrades.,2025-09-04,false,,false,,,
SEND004265,CMP03,Member Picks,C00900,email,Popular picks selected for you.,2025-06-16,false,,false,,,
SEND004266,CMP03,Member Picks,C00592,email,Popular picks selected for you.,2025-06-29,false,,false,,,
SEND004267,CMP02,Spring Refresh,C00520,ads,Refresh your routine for spring.,2025-03-19,false,,false,,,
SEND004268,CMP03,Member Picks,C00177,email,Popular picks selected for you.,2025-05-07,false,,false,,,
SEND004269,CMP07,Early Holiday,C00087,email,A head start on thoughtful gifting.,2025-11-28,false,,false,,,
SEND004270,CMP06,Autumn Edit,C00843,ads,Discover this season's useful upgrades.,2025-09-15,false,,false,,,
SEND004271,CMP08,Holiday Highlights,C00626,ads,Explore customer favorites this holiday.,2025-12-03,false,,false,,,
SEND004272,CMP02,Spring Refresh,C00833,ads,Refresh your routine for spring.,2025-04-21,false,,false,,,
SEND004273,CMP02,Spring Refresh,C00332,ads,Refresh your routine for spring.,2025-04-15,false,,false,,,
SEND004274,CMP08,Holiday Highlights,C00126,ads,Explore customer favorites this holiday.,2025-12-31,false,,false,,,
SEND004275,CMP04,Summer Essentials,C00417,ads,Simple essentials for warmer days.,2025-06-03,false,,false,,,
SEND004276,CMP02,Spring Refresh,C00873,ads,Refresh your routine for spring.,2025-03-07,false,,false,,,
SEND004277,CMP07,Early Holiday,C00117,email,A head start on thoughtful gifting.,2025-11-23,true,116,false,V010567,,
SEND004278,CMP03,Member Picks,C00834,email,Popular picks selected for you.,2025-06-22,false,,false,,,
SEND004279,CMP03,Member Picks,C00976,email,Popular picks selected for you.,2025-06-11,false,,false,,,
SEND004280,CMP03,Member Picks,C00193,email,Popular picks selected for you.,2025-06-15,false,,false,,,
SEND004281,CMP04,Summer Essentials,C00664,ads,Simple essentials for warmer days.,2025-08-18,false,,false,,,
SEND004282,CMP03,Member Picks,C00720,email,Popular picks selected for you.,2025-05-04,false,,false,,,
SEND004283,CMP08,Holiday Highlights,C00422,ads,Explore customer favorites this holiday.,2025-12-10,false,,false,,,
SEND004284,CMP02,Spring Refresh,C00969,ads,Refresh your routine for spring.,2025-04-27,false,,false,,,
SEND004285,CMP05,Back to Routine,C00912,email,Get back into your everyday rhythm.,2025-09-21,true,50,true,V010568,T006097,93.81
SEND004286,CMP08,Holiday Highlights,C00598,ads,Explore customer favorites this holiday.,2025-12-22,false,,false,,,
SEND004287,CMP07,Early Holiday,C00570,email,A head start on thoughtful gifting.,2025-11-28,false,,false,,,
SEND004288,CMP02,Spring Refresh,C00448,ads,Refresh your routine for spring.,2025-04-06,false,,false,,,
SEND004289,CMP03,Member Picks,C00689,email,Popular picks selected for you.,2025-06-22,false,,false,,,
SEND004290,CMP05,Back to Routine,C00047,email,Get back into your everyday rhythm.,2025-08-01,false,,false,,,
SEND004291,CMP05,Back to Routine,C00400,email,Get back into your everyday rhythm.,2025-08-21,true,454,false,V010569,,
SEND004292,CMP01,New Year Reset,C00775,email,Start fresh with practical favorites.,2025-01-27,false,,false,,,
SEND004293,CMP03,Member Picks,C00625,email,Popular picks selected for you.,2025-06-15,true,38,false,V010570,,
SEND004294,CMP02,Spring Refresh,C00596,ads,Refresh your routine for spring.,2025-03-11,false,,false,,,
SEND004295,CMP04,Summer Essentials,C00250,ads,Simple essentials for warmer days.,2025-07-05,false,,false,,,
SEND004296,CMP04,Summer Essentials,C00305,ads,Simple essentials for warmer days.,2025-06-03,false,,false,,,
SEND004297,CMP04,Summer Essentials,C00518,ads,Simple essentials for warmer days.,2025-06-27,false,,false,,,
SEND004298,CMP01,New Year Reset,C00788,email,Start fresh with practical favorites.,2025-02-02,false,,false,,,
SEND004299,CMP05,Back to Routine,C00410,email,Get back into your everyday rhythm.,2025-08-22,true,50,false,V010571,,
SEND004300,CMP02,Spring Refresh,C00374,ads,Refresh your routine for spring.,2025-04-07,false,,false,,,
SEND004301,CMP06,Autumn Edit,C00795,ads,Discover this season's useful upgrades.,2025-10-31,false,,false,,,
SEND004302,CMP05,Back to Routine,C00725,email,Get back into your everyday rhythm.,2025-09-25,false,,false,,,
SEND004303,CMP03,Member Picks,C00910,email,Popular picks selected for you.,2025-06-18,false,,false,,,
SEND004304,CMP05,Back to Routine,C00375,email,Get back into your everyday rhythm.,2025-09-30,false,,false,,,
SEND004305,CMP02,Spring Refresh,C00075,ads,Refresh your routine for spring.,2025-04-21,false,,false,,,
SEND004306,CMP05,Back to Routine,C00952,email,Get back into your everyday rhythm.,2025-09-27,false,,false,,,
SEND004307,CMP03,Member Picks,C00243,email,Popular picks selected for you.,2025-06-09,false,,false,,,
SEND004308,CMP05,Back to Routine,C00471,email,Get back into your everyday rhythm.,2025-08-10,false,,false,,,
SEND004309,CMP07,Early Holiday,C00615,email,A head start on thoughtful gifting.,2025-11-24,false,,false,,,
SEND004310,CMP06,Autumn Edit,C00329,ads,Discover this season's useful upgrades.,2025-09-02,false,,false,,,
SEND004311,CMP07,Early Holiday,C00453,email,A head start on thoughtful gifting.,2025-11-23,false,,false,,,
SEND004312,CMP03,Member Picks,C00567,email,Popular picks selected for you.,2025-06-02,true,179,true,V010572,T006098,82.42
SEND004313,CMP03,Member Picks,C00391,email,Popular picks selected for you.,2025-05-16,false,,false,,,
SEND004314,CMP07,Early Holiday,C00915,email,A head start on thoughtful gifting.,2025-11-12,false,,false,,,
SEND004315,CMP07,Early Holiday,C00913,email,A head start on thoughtful gifting.,2025-11-28,true,356,false,V010573,,
SEND004316,CMP07,Early Holiday,C00357,email,A head start on thoughtful gifting.,2025-11-27,false,,false,,,
SEND004317,CMP06,Autumn Edit,C00374,ads,Discover this season's useful upgrades.,2025-10-16,false,,false,,,
SEND004318,CMP07,Early Holiday,C00955,email,A head start on thoughtful gifting.,2025-11-24,false,,false,,,
SEND004319,CMP03,Member Picks,C00978,email,Popular picks selected for you.,2025-06-14,false,,false,,,
SEND004320,CMP03,Member Picks,C00393,email,Popular picks selected for you.,2025-05-24,false,,false,,,
SEND004321,CMP07,Early Holiday,C00104,email,A head start on thoughtful gifting.,2025-11-04,false,,false,,,
SEND004322,CMP07,Early Holiday,C00373,email,A head start on thoughtful gifting.,2025-11-22,false,,false,,,
SEND004323,CMP01,New Year Reset,C00318,email,Start fresh with practical favorites.,2025-01-26,false,,false,,,
SEND004324,CMP02,Spring Refresh,C00402,ads,Refresh your routine for spring.,2025-03-29,true,105,false,V010574,,
SEND004325,CMP07,Early Holiday,C00599,email,A head start on thoughtful gifting.,2025-11-30,false,,false,,,
SEND004326,CMP03,Member Picks,C00616,email,Popular picks selected for you.,2025-06-02,true,60,false,V010575,,
SEND004327,CMP02,Spring Refresh,C00297,ads,Refresh your routine for spring.,2025-04-01,false,,false,,,
SEND004328,CMP01,New Year Reset,C00758,email,Start fresh with practical favorites.,2025-01-08,false,,false,,,
SEND004329,CMP08,Holiday Highlights,C00436,ads,Explore customer favorites this holiday.,2025-11-25,true,19,false,V010576,,
SEND004330,CMP02,Spring Refresh,C00996,ads,Refresh your routine for spring.,2025-03-28,false,,false,,,
SEND004331,CMP05,Back to Routine,C00943,email,Get back into your everyday rhythm.,2025-09-09,false,,false,,,
SEND004332,CMP07,Early Holiday,C00057,email,A head start on thoughtful gifting.,2025-11-04,false,,false,,,
SEND004333,CMP08,Holiday Highlights,C00808,ads,Explore customer favorites this holiday.,2025-11-25,false,,false,,,
SEND004334,CMP08,Holiday Highlights,C00877,ads,Explore customer favorites this holiday.,2025-12-28,false,,false,,,
SEND004335,CMP07,Early Holiday,C00209,email,A head start on thoughtful gifting.,2025-11-29,false,,false,,,
SEND004336,CMP07,Early Holiday,C00134,email,A head start on thoughtful gifting.,2025-11-13,false,,false,,,
SEND004337,CMP03,Member Picks,C00992,email,Popular picks selected for you.,2025-05-06,false,,false,,,
SEND004338,CMP07,Early Holiday,C00345,email,A head start on thoughtful gifting.,2025-11-14,false,,false,,,
SEND004339,CMP01,New Year Reset,C00935,email,Start fresh with practical favorites.,2025-02-01,false,,false,,,
SEND004340,CMP04,Summer Essentials,C00168,ads,Simple essentials for warmer days.,2025-07-23,false,,false,,,
SEND004341,CMP08,Holiday Highlights,C00266,ads,Explore customer favorites this holiday.,2025-12-15,false,,false,,,
SEND004342,CMP08,Holiday Highlights,C00980,ads,Explore customer favorites this holiday.,2025-12-11,false,,false,,,
SEND004343,CMP07,Early Holiday,C00162,email,A head start on thoughtful gifting.,2025-11-04,false,,false,,,
SEND004344,CMP04,Summer Essentials,C00838,ads,Simple essentials for warmer days.,2025-07-03,false,,false,,,
SEND004345,CMP06,Autumn Edit,C00950,ads,Discover this season's useful upgrades.,2025-10-17,false,,false,,,
SEND004346,CMP08,Holiday Highlights,C00090,ads,Explore customer favorites this holiday.,2025-11-28,false,,false,,,
SEND004347,CMP05,Back to Routine,C00099,email,Get back into your everyday rhythm.,2025-09-21,true,278,false,V010577,,
SEND004348,CMP04,Summer Essentials,C00251,ads,Simple essentials for warmer days.,2025-08-06,true,60,false,V010578,,
SEND004349,CMP01,New Year Reset,C00255,email,Start fresh with practical favorites.,2025-02-04,true,100,false,V010579,,
SEND004350,CMP06,Autumn Edit,C00633,ads,Discover this season's useful upgrades.,2025-09-27,true,236,false,V010580,,
SEND004351,CMP01,New Year Reset,C00265,email,Start fresh with practical favorites.,2025-02-21,false,,false,,,
SEND004352,CMP07,Early Holiday,C00077,email,A head start on thoughtful gifting.,2025-11-13,false,,false,,,
SEND004353,CMP01,New Year Reset,C00819,email,Start fresh with practical favorites.,2025-01-26,false,,false,,,
SEND004354,CMP07,Early Holiday,C00588,email,A head start on thoughtful gifting.,2025-11-03,false,,false,,,
SEND004355,CMP05,Back to Routine,C00014,email,Get back into your everyday rhythm.,2025-09-20,true,98,false,V010581,,
SEND004356,CMP08,Holiday Highlights,C00536,ads,Explore customer favorites this holiday.,2025-11-24,false,,false,,,
SEND004357,CMP01,New Year Reset,C00870,email,Start fresh with practical favorites.,2025-01-11,false,,false,,,
SEND004358,CMP04,Summer Essentials,C00069,ads,Simple essentials for warmer days.,2025-08-08,false,,false,,,
SEND004359,CMP04,Summer Essentials,C00705,ads,Simple essentials for warmer days.,2025-07-14,false,,false,,,
SEND004360,CMP05,Back to Routine,C00703,email,Get back into your everyday rhythm.,2025-08-22,false,,false,,,
SEND004361,CMP01,New Year Reset,C00797,email,Start fresh with practical favorites.,2025-01-22,false,,false,,,
SEND004362,CMP01,New Year Reset,C00668,email,Start fresh with practical favorites.,2025-01-08,false,,false,,,
SEND004363,CMP05,Back to Routine,C00077,email,Get back into your everyday rhythm.,2025-09-14,false,,false,,,
SEND004364,CMP05,Back to Routine,C00175,email,Get back into your everyday rhythm.,2025-08-24,false,,false,,,
SEND004365,CMP01,New Year Reset,C00220,email,Start fresh with practical favorites.,2025-01-23,false,,false,,,
SEND004366,CMP08,Holiday Highlights,C00201,ads,Explore customer favorites this holiday.,2025-12-10,false,,false,,,
SEND004367,CMP04,Summer Essentials,C00472,ads,Simple essentials for warmer days.,2025-06-26,false,,false,,,
SEND004368,CMP06,Autumn Edit,C00855,ads,Discover this season's useful upgrades.,2025-09-26,false,,false,,,
SEND004369,CMP06,Autumn Edit,C00650,ads,Discover this season's useful upgrades.,2025-09-29,false,,false,,,
SEND004370,CMP02,Spring Refresh,C00813,ads,Refresh your routine for spring.,2025-03-22,false,,false,,,
SEND004371,CMP02,Spring Refresh,C00210,ads,Refresh your routine for spring.,2025-04-24,false,,false,,,
SEND004372,CMP07,Early Holiday,C00330,email,A head start on thoughtful gifting.,2025-11-06,false,,false,,,
SEND004373,CMP06,Autumn Edit,C00246,ads,Discover this season's useful upgrades.,2025-09-29,false,,false,,,
SEND004374,CMP08,Holiday Highlights,C00331,ads,Explore customer favorites this holiday.,2025-11-20,false,,false,,,
SEND004375,CMP07,Early Holiday,C00548,email,A head start on thoughtful gifting.,2025-11-01,false,,false,,,
SEND004376,CMP03,Member Picks,C00785,email,Popular picks selected for you.,2025-06-20,false,,false,,,
SEND004377,CMP06,Autumn Edit,C00259,ads,Discover this season's useful upgrades.,2025-09-26,false,,false,,,
SEND004378,CMP02,Spring Refresh,C00239,ads,Refresh your routine for spring.,2025-04-13,false,,false,,,
SEND004379,CMP01,New Year Reset,C00719,email,Start fresh with practical favorites.,2025-01-31,false,,false,,,
SEND004380,CMP01,New Year Reset,C00395,email,Start fresh with practical favorites.,2025-02-05,false,,false,,,
SEND004381,CMP06,Autumn Edit,C00660,ads,Discover this season's useful upgrades.,2025-10-22,false,,false,,,
SEND004382,CMP08,Holiday Highlights,C00671,ads,Explore customer favorites this holiday.,2025-12-29,false,,false,,,
SEND004383,CMP06,Autumn Edit,C00882,ads,Discover this season's useful upgrades.,2025-10-27,false,,false,,,
SEND004384,CMP01,New Year Reset,C00399,email,Start fresh with practical favorites.,2025-01-27,true,257,false,V010582,,
SEND004385,CMP07,Early Holiday,C00234,email,A head start on thoughtful gifting.,2025-11-16,false,,false,,,
SEND004386,CMP02,Spring Refresh,C00041,ads,Refresh your routine for spring.,2025-03-27,true,68,false,V010583,,
SEND004387,CMP06,Autumn Edit,C00625,ads,Discover this season's useful upgrades.,2025-10-17,true,134,false,V010584,,
SEND004388,CMP04,Summer Essentials,C00753,ads,Simple essentials for warmer days.,2025-08-14,false,,false,,,
SEND004389,CMP04,Summer Essentials,C00809,ads,Simple essentials for warmer days.,2025-08-21,false,,false,,,
SEND004390,CMP04,Summer Essentials,C00240,ads,Simple essentials for warmer days.,2025-08-27,false,,false,,,
SEND004391,CMP08,Holiday Highlights,C00995,ads,Explore customer favorites this holiday.,2025-11-28,false,,false,,,
SEND004392,CMP01,New Year Reset,C00213,email,Start fresh with practical favorites.,2025-01-02,false,,false,,,
SEND004393,CMP08,Holiday Highlights,C00923,ads,Explore customer favorites this holiday.,2025-12-21,false,,false,,,
SEND004394,CMP04,Summer Essentials,C00276,ads,Simple essentials for warmer days.,2025-08-04,true,92,true,V010585,T006099,53.06
SEND004395,CMP04,Summer Essentials,C00572,ads,Simple essentials for warmer days.,2025-07-18,false,,false,,,
SEND004396,CMP03,Member Picks,C00261,email,Popular picks selected for you.,2025-05-07,false,,false,,,
SEND004397,CMP06,Autumn Edit,C00046,ads,Discover this season's useful upgrades.,2025-10-20,false,,false,,,
SEND004398,CMP05,Back to Routine,C00605,email,Get back into your everyday rhythm.,2025-09-17,false,,false,,,
SEND004399,CMP07,Early Holiday,C00123,email,A head start on thoughtful gifting.,2025-11-27,false,,false,,,
SEND004400,CMP06,Autumn Edit,C00480,ads,Discover this season's useful upgrades.,2025-10-21,false,,false,,,
SEND004401,CMP06,Autumn Edit,C00676,ads,Discover this season's useful upgrades.,2025-10-20,false,,false,,,
SEND004402,CMP01,New Year Reset,C00803,email,Start fresh with practical favorites.,2025-01-02,false,,false,,,
SEND004403,CMP04,Summer Essentials,C00041,ads,Simple essentials for warmer days.,2025-08-17,false,,false,,,
SEND004404,CMP05,Back to Routine,C00755,email,Get back into your everyday rhythm.,2025-09-10,false,,false,,,
SEND004405,CMP01,New Year Reset,C00527,email,Start fresh with practical favorites.,2025-02-28,false,,false,,,
SEND004406,CMP05,Back to Routine,C00237,email,Get back into your everyday rhythm.,2025-08-29,false,,false,,,
SEND004407,CMP07,Early Holiday,C00706,email,A head start on thoughtful gifting.,2025-11-16,false,,false,,,
SEND004408,CMP08,Holiday Highlights,C00956,ads,Explore customer favorites this holiday.,2025-12-12,false,,false,,,
SEND004409,CMP05,Back to Routine,C00646,email,Get back into your everyday rhythm.,2025-08-17,true,35,false,V010586,,
SEND004410,CMP06,Autumn Edit,C00266,ads,Discover this season's useful upgrades.,2025-10-07,false,,false,,,
SEND004411,CMP01,New Year Reset,C00101,email,Start fresh with practical favorites.,2025-01-23,false,,false,,,
SEND004412,CMP05,Back to Routine,C00410,email,Get back into your everyday rhythm.,2025-09-21,false,,false,,,
SEND004413,CMP07,Early Holiday,C00085,email,A head start on thoughtful gifting.,2025-11-11,true,30,false,V010587,,
SEND004414,CMP01,New Year Reset,C00122,email,Start fresh with practical favorites.,2025-01-21,false,,false,,,
SEND004415,CMP03,Member Picks,C00927,email,Popular picks selected for you.,2025-06-24,false,,false,,,
SEND004416,CMP06,Autumn Edit,C00185,ads,Discover this season's useful upgrades.,2025-10-29,false,,false,,,
SEND004417,CMP07,Early Holiday,C00556,email,A head start on thoughtful gifting.,2025-11-11,false,,false,,,
SEND004418,CMP07,Early Holiday,C00430,email,A head start on thoughtful gifting.,2025-11-15,false,,false,,,
SEND004419,CMP03,Member Picks,C00225,email,Popular picks selected for you.,2025-06-25,false,,false,,,
SEND004420,CMP06,Autumn Edit,C00284,ads,Discover this season's useful upgrades.,2025-10-06,false,,false,,,
SEND004421,CMP05,Back to Routine,C00626,email,Get back into your everyday rhythm.,2025-09-27,false,,false,,,
SEND004422,CMP02,Spring Refresh,C00357,ads,Refresh your routine for spring.,2025-04-08,false,,false,,,
SEND004423,CMP07,Early Holiday,C00493,email,A head start on thoughtful gifting.,2025-11-05,false,,false,,,
SEND004424,CMP01,New Year Reset,C00603,email,Start fresh with practical favorites.,2025-02-02,false,,false,,,
SEND004425,CMP07,Early Holiday,C00383,email,A head start on thoughtful gifting.,2025-11-01,false,,false,,,
SEND004426,CMP01,New Year Reset,C00522,email,Start fresh with practical favorites.,2025-01-18,false,,false,,,
SEND004427,CMP03,Member Picks,C00503,email,Popular picks selected for you.,2025-05-09,false,,false,,,
SEND004428,CMP06,Autumn Edit,C00946,ads,Discover this season's useful upgrades.,2025-10-05,false,,false,,,
SEND004429,CMP06,Autumn Edit,C00138,ads,Discover this season's useful upgrades.,2025-10-07,false,,false,,,
SEND004430,CMP08,Holiday Highlights,C00867,ads,Explore customer favorites this holiday.,2025-12-31,false,,false,,,
SEND004431,CMP08,Holiday Highlights,C00686,ads,Explore customer favorites this holiday.,2025-11-29,false,,false,,,
SEND004432,CMP06,Autumn Edit,C00705,ads,Discover this season's useful upgrades.,2025-10-10,false,,false,,,
SEND004433,CMP03,Member Picks,C00412,email,Popular picks selected for you.,2025-06-11,false,,false,,,
SEND004434,CMP02,Spring Refresh,C00902,ads,Refresh your routine for spring.,2025-03-06,false,,false,,,
SEND004435,CMP04,Summer Essentials,C00572,ads,Simple essentials for warmer days.,2025-08-27,false,,false,,,
SEND004436,CMP05,Back to Routine,C00701,email,Get back into your everyday rhythm.,2025-08-03,false,,false,,,
SEND004437,CMP04,Summer Essentials,C00047,ads,Simple essentials for warmer days.,2025-07-13,false,,false,,,
SEND004438,CMP08,Holiday Highlights,C00581,ads,Explore customer favorites this holiday.,2025-11-19,false,,false,,,
SEND004439,CMP06,Autumn Edit,C00063,ads,Discover this season's useful upgrades.,2025-10-20,false,,false,,,
SEND004440,CMP06,Autumn Edit,C00307,ads,Discover this season's useful upgrades.,2025-10-11,false,,false,,,
SEND004441,CMP08,Holiday Highlights,C00398,ads,Explore customer favorites this holiday.,2025-12-13,false,,false,,,
SEND004442,CMP07,Early Holiday,C00534,email,A head start on thoughtful gifting.,2025-11-14,true,34,false,V010588,,
SEND004443,CMP04,Summer Essentials,C00205,ads,Simple essentials for warmer days.,2025-08-02,false,,false,,,
SEND004444,CMP05,Back to Routine,C00675,email,Get back into your everyday rhythm.,2025-09-23,true,117,false,V010589,,
SEND004445,CMP03,Member Picks,C00304,email,Popular picks selected for you.,2025-06-20,false,,false,,,
SEND004446,CMP03,Member Picks,C00586,email,Popular picks selected for you.,2025-05-06,false,,false,,,
SEND004447,CMP05,Back to Routine,C00837,email,Get back into your everyday rhythm.,2025-09-15,false,,false,,,
SEND004448,CMP07,Early Holiday,C00578,email,A head start on thoughtful gifting.,2025-11-03,true,234,false,V010590,,
SEND004449,CMP06,Autumn Edit,C00771,ads,Discover this season's useful upgrades.,2025-09-10,true,116,false,V010591,,
SEND004450,CMP03,Member Picks,C00820,email,Popular picks selected for you.,2025-06-23,true,75,false,V010592,,
SEND004451,CMP01,New Year Reset,C00508,email,Start fresh with practical favorites.,2025-01-13,true,260,false,V010593,,
SEND004452,CMP06,Autumn Edit,C00995,ads,Discover this season's useful upgrades.,2025-09-15,false,,false,,,
SEND004453,CMP06,Autumn Edit,C00133,ads,Discover this season's useful upgrades.,2025-10-20,false,,false,,,
SEND004454,CMP02,Spring Refresh,C00470,ads,Refresh your routine for spring.,2025-03-07,false,,false,,,
SEND004455,CMP06,Autumn Edit,C00706,ads,Discover this season's useful upgrades.,2025-10-25,false,,false,,,
SEND004456,CMP02,Spring Refresh,C00705,ads,Refresh your routine for spring.,2025-04-15,false,,false,,,
SEND004457,CMP08,Holiday Highlights,C00514,ads,Explore customer favorites this holiday.,2025-12-22,false,,false,,,
SEND004458,CMP02,Spring Refresh,C00369,ads,Refresh your routine for spring.,2025-04-03,false,,false,,,
SEND004459,CMP08,Holiday Highlights,C00211,ads,Explore customer favorites this holiday.,2025-12-04,false,,false,,,
SEND004460,CMP06,Autumn Edit,C00589,ads,Discover this season's useful upgrades.,2025-10-01,false,,false,,,
SEND004461,CMP03,Member Picks,C00899,email,Popular picks selected for you.,2025-06-18,false,,false,,,
SEND004462,CMP08,Holiday Highlights,C00265,ads,Explore customer favorites this holiday.,2025-12-16,false,,false,,,
SEND004463,CMP07,Early Holiday,C00046,email,A head start on thoughtful gifting.,2025-11-21,false,,false,,,
SEND004464,CMP01,New Year Reset,C00606,email,Start fresh with practical favorites.,2025-02-21,false,,false,,,
SEND004465,CMP07,Early Holiday,C00911,email,A head start on thoughtful gifting.,2025-11-29,false,,false,,,
SEND004466,CMP02,Spring Refresh,C00211,ads,Refresh your routine for spring.,2025-03-04,false,,false,,,
SEND004467,CMP04,Summer Essentials,C00178,ads,Simple essentials for warmer days.,2025-07-31,false,,false,,,
SEND004468,CMP07,Early Holiday,C00665,email,A head start on thoughtful gifting.,2025-11-05,true,180,true,V010594,T006100,85.16
SEND004469,CMP03,Member Picks,C00723,email,Popular picks selected for you.,2025-06-09,false,,false,,,
SEND004470,CMP07,Early Holiday,C00240,email,A head start on thoughtful gifting.,2025-11-05,true,176,false,V010595,,
SEND004471,CMP07,Early Holiday,C00513,email,A head start on thoughtful gifting.,2025-11-05,true,98,false,V010596,,
SEND004472,CMP04,Summer Essentials,C00071,ads,Simple essentials for warmer days.,2025-07-15,false,,false,,,
SEND004473,CMP05,Back to Routine,C00510,email,Get back into your everyday rhythm.,2025-08-29,false,,false,,,
SEND004474,CMP03,Member Picks,C00923,email,Popular picks selected for you.,2025-05-20,false,,false,,,
SEND004475,CMP08,Holiday Highlights,C00534,ads,Explore customer favorites this holiday.,2025-12-05,false,,false,,,
SEND004476,CMP08,Holiday Highlights,C00808,ads,Explore customer favorites this holiday.,2025-11-10,false,,false,,,
SEND004477,CMP04,Summer Essentials,C00659,ads,Simple essentials for warmer days.,2025-08-19,false,,false,,,
SEND004478,CMP02,Spring Refresh,C00314,ads,Refresh your routine for spring.,2025-04-19,false,,false,,,
SEND004479,CMP06,Autumn Edit,C00945,ads,Discover this season's useful upgrades.,2025-09-19,true,87,false,V010597,,
SEND004480,CMP01,New Year Reset,C00635,email,Start fresh with practical favorites.,2025-02-21,false,,false,,,
SEND004481,CMP05,Back to Routine,C00657,email,Get back into your everyday rhythm.,2025-09-07,true,85,false,V010598,,
SEND004482,CMP04,Summer Essentials,C00758,ads,Simple essentials for warmer days.,2025-08-28,true,22,false,V010599,,
SEND004483,CMP06,Autumn Edit,C00509,ads,Discover this season's useful upgrades.,2025-09-15,false,,false,,,
SEND004484,CMP06,Autumn Edit,C00407,ads,Discover this season's useful upgrades.,2025-09-13,false,,false,,,
SEND004485,CMP08,Holiday Highlights,C00973,ads,Explore customer favorites this holiday.,2025-12-17,false,,false,,,
SEND004486,CMP06,Autumn Edit,C00930,ads,Discover this season's useful upgrades.,2025-10-30,false,,false,,,
SEND004487,CMP07,Early Holiday,C00248,email,A head start on thoughtful gifting.,2025-11-20,false,,false,,,
SEND004488,CMP03,Member Picks,C00099,email,Popular picks selected for you.,2025-05-23,false,,false,,,
SEND004489,CMP01,New Year Reset,C00320,email,Start fresh with practical favorites.,2025-01-09,false,,false,,,
SEND004490,CMP06,Autumn Edit,C00590,ads,Discover this season's useful upgrades.,2025-09-16,false,,false,,,
SEND004491,CMP07,Early Holiday,C00023,email,A head start on thoughtful gifting.,2025-11-22,true,101,false,V010600,,
SEND004492,CMP03,Member Picks,C00390,email,Popular picks selected for you.,2025-05-17,true,182,false,V010601,,
SEND004493,CMP08,Holiday Highlights,C00308,ads,Explore customer favorites this holiday.,2025-12-09,true,299,false,V010602,,
SEND004494,CMP06,Autumn Edit,C00957,ads,Discover this season's useful upgrades.,2025-09-27,false,,false,,,
SEND004495,CMP07,Early Holiday,C00011,email,A head start on thoughtful gifting.,2025-11-03,false,,false,,,
SEND004496,CMP02,Spring Refresh,C00790,ads,Refresh your routine for spring.,2025-04-01,false,,false,,,
SEND004497,CMP04,Summer Essentials,C00373,ads,Simple essentials for warmer days.,2025-07-27,false,,false,,,
SEND004498,CMP05,Back to Routine,C00765,email,Get back into your everyday rhythm.,2025-08-01,false,,false,,,
SEND004499,CMP08,Holiday Highlights,C00592,ads,Explore customer favorites this holiday.,2025-11-24,true,119,false,V010603,,
SEND004500,CMP04,Summer Essentials,C00307,ads,Simple essentials for warmer days.,2025-07-02,false,,false,,,
SEND004501,CMP04,Summer Essentials,C00548,ads,Simple essentials for warmer days.,2025-07-20,false,,false,,,
SEND004502,CMP08,Holiday Highlights,C00042,ads,Explore customer favorites this holiday.,2025-11-17,false,,false,,,
SEND004503,CMP03,Member Picks,C00426,email,Popular picks selected for you.,2025-06-19,false,,false,,,
SEND004504,CMP06,Autumn Edit,C00503,ads,Discover this season's useful upgrades.,2025-10-02,false,,false,,,
SEND004505,CMP08,Holiday Highlights,C00560,ads,Explore customer favorites this holiday.,2025-12-23,false,,false,,,
SEND004506,CMP08,Holiday Highlights,C00704,ads,Explore customer favorites this holiday.,2025-11-22,false,,false,,,
SEND004507,CMP07,Early Holiday,C00563,email,A head start on thoughtful gifting.,2025-11-27,false,,false,,,
SEND004508,CMP02,Spring Refresh,C00259,ads,Refresh your routine for spring.,2025-04-17,false,,false,,,
SEND004509,CMP04,Summer Essentials,C00868,ads,Simple essentials for warmer days.,2025-06-21,false,,false,,,
SEND004510,CMP07,Early Holiday,C00023,email,A head start on thoughtful gifting.,2025-11-21,false,,false,,,
SEND004511,CMP07,Early Holiday,C00247,email,A head start on thoughtful gifting.,2025-11-25,false,,false,,,
SEND004512,CMP01,New Year Reset,C00741,email,Start fresh with practical favorites.,2025-01-12,false,,false,,,
SEND004513,CMP07,Early Holiday,C00182,email,A head start on thoughtful gifting.,2025-11-07,false,,false,,,
SEND004514,CMP05,Back to Routine,C00447,email,Get back into your everyday rhythm.,2025-09-18,false,,false,,,
SEND004515,CMP01,New Year Reset,C00900,email,Start fresh with practical favorites.,2025-01-15,false,,false,,,
SEND004516,CMP07,Early Holiday,C00174,email,A head start on thoughtful gifting.,2025-11-11,false,,false,,,
SEND004517,CMP08,Holiday Highlights,C00453,ads,Explore customer favorites this holiday.,2025-11-12,false,,false,,,
SEND004518,CMP04,Summer Essentials,C00480,ads,Simple essentials for warmer days.,2025-07-25,false,,false,,,
SEND004519,CMP01,New Year Reset,C00228,email,Start fresh with practical favorites.,2025-01-21,false,,false,,,
SEND004520,CMP01,New Year Reset,C00436,email,Start fresh with practical favorites.,2025-01-03,true,496,false,V010604,,
SEND004521,CMP01,New Year Reset,C00961,email,Start fresh with practical favorites.,2025-02-22,false,,false,,,
SEND004522,CMP04,Summer Essentials,C00271,ads,Simple essentials for warmer days.,2025-08-27,false,,false,,,
SEND004523,CMP02,Spring Refresh,C00973,ads,Refresh your routine for spring.,2025-03-04,false,,false,,,
SEND004524,CMP03,Member Picks,C00341,email,Popular picks selected for you.,2025-06-28,false,,false,,,
SEND004525,CMP02,Spring Refresh,C00036,ads,Refresh your routine for spring.,2025-03-05,false,,false,,,
SEND004526,CMP01,New Year Reset,C00517,email,Start fresh with practical favorites.,2025-02-02,false,,false,,,
SEND004527,CMP02,Spring Refresh,C00711,ads,Refresh your routine for spring.,2025-04-23,false,,false,,,
SEND004528,CMP05,Back to Routine,C00681,email,Get back into your everyday rhythm.,2025-08-07,false,,false,,,
SEND004529,CMP02,Spring Refresh,C00062,ads,Refresh your routine for spring.,2025-03-08,false,,false,,,
SEND004530,CMP06,Autumn Edit,C00784,ads,Discover this season's useful upgrades.,2025-09-04,false,,false,,,
SEND004531,CMP04,Summer Essentials,C00043,ads,Simple essentials for warmer days.,2025-08-12,false,,false,,,
SEND004532,CMP02,Spring Refresh,C00450,ads,Refresh your routine for spring.,2025-03-19,false,,false,,,
SEND004533,CMP02,Spring Refresh,C00996,ads,Refresh your routine for spring.,2025-04-08,false,,false,,,
SEND004534,CMP05,Back to Routine,C00126,email,Get back into your everyday rhythm.,2025-08-25,false,,false,,,
SEND004535,CMP08,Holiday Highlights,C00807,ads,Explore customer favorites this holiday.,2025-11-21,true,110,false,V010605,,
SEND004536,CMP03,Member Picks,C00067,email,Popular picks selected for you.,2025-05-30,false,,false,,,
SEND004537,CMP05,Back to Routine,C00190,email,Get back into your everyday rhythm.,2025-09-29,false,,false,,,
SEND004538,CMP06,Autumn Edit,C00058,ads,Discover this season's useful upgrades.,2025-09-12,false,,false,,,
SEND004539,CMP05,Back to Routine,C00677,email,Get back into your everyday rhythm.,2025-08-31,false,,false,,,
SEND004540,CMP02,Spring Refresh,C00592,ads,Refresh your routine for spring.,2025-04-27,false,,false,,,
SEND004541,CMP07,Early Holiday,C00197,email,A head start on thoughtful gifting.,2025-11-30,false,,false,,,
SEND004542,CMP06,Autumn Edit,C00959,ads,Discover this season's useful upgrades.,2025-10-04,false,,false,,,
SEND004543,CMP06,Autumn Edit,C00559,ads,Discover this season's useful upgrades.,2025-09-23,true,294,false,V010606,,
SEND004544,CMP08,Holiday Highlights,C00933,ads,Explore customer favorites this holiday.,2025-11-05,false,,false,,,
SEND004545,CMP01,New Year Reset,C00969,email,Start fresh with practical favorites.,2025-01-19,false,,false,,,
SEND004546,CMP04,Summer Essentials,C00485,ads,Simple essentials for warmer days.,2025-08-30,false,,false,,,
SEND004547,CMP02,Spring Refresh,C00148,ads,Refresh your routine for spring.,2025-03-21,false,,false,,,
SEND004548,CMP08,Holiday Highlights,C00010,ads,Explore customer favorites this holiday.,2025-12-30,false,,false,,,
SEND004549,CMP07,Early Holiday,C00120,email,A head start on thoughtful gifting.,2025-11-20,false,,false,,,
SEND004550,CMP08,Holiday Highlights,C00267,ads,Explore customer favorites this holiday.,2025-11-21,false,,false,,,
SEND004551,CMP02,Spring Refresh,C00538,ads,Refresh your routine for spring.,2025-03-17,false,,false,,,
SEND004552,CMP05,Back to Routine,C00269,email,Get back into your everyday rhythm.,2025-08-27,false,,false,,,
SEND004553,CMP04,Summer Essentials,C00425,ads,Simple essentials for warmer days.,2025-08-16,true,341,false,V010607,,
SEND004554,CMP05,Back to Routine,C00937,email,Get back into your everyday rhythm.,2025-09-30,false,,false,,,
SEND004555,CMP03,Member Picks,C00588,email,Popular picks selected for you.,2025-05-30,false,,false,,,
SEND004556,CMP06,Autumn Edit,C00195,ads,Discover this season's useful upgrades.,2025-10-05,false,,false,,,
SEND004557,CMP07,Early Holiday,C00121,email,A head start on thoughtful gifting.,2025-11-01,false,,false,,,
SEND004558,CMP08,Holiday Highlights,C00842,ads,Explore customer favorites this holiday.,2025-12-03,false,,false,,,
SEND004559,CMP08,Holiday Highlights,C00675,ads,Explore customer favorites this holiday.,2025-12-13,false,,false,,,
SEND004560,CMP04,Summer Essentials,C00586,ads,Simple essentials for warmer days.,2025-06-08,false,,false,,,
SEND004561,CMP03,Member Picks,C00484,email,Popular picks selected for you.,2025-06-22,false,,false,,,
SEND004562,CMP01,New Year Reset,C00054,email,Start fresh with practical favorites.,2025-02-24,false,,false,,,
SEND004563,CMP05,Back to Routine,C00600,email,Get back into your everyday rhythm.,2025-08-27,false,,false,,,
SEND004564,CMP01,New Year Reset,C00905,email,Start fresh with practical favorites.,2025-01-27,true,149,false,V010608,,
SEND004565,CMP08,Holiday Highlights,C00769,ads,Explore customer favorites this holiday.,2025-11-13,false,,false,,,
SEND004566,CMP01,New Year Reset,C00675,email,Start fresh with practical favorites.,2025-01-17,false,,false,,,
SEND004567,CMP02,Spring Refresh,C00275,ads,Refresh your routine for spring.,2025-03-27,false,,false,,,
SEND004568,CMP03,Member Picks,C00459,email,Popular picks selected for you.,2025-05-13,false,,false,,,
SEND004569,CMP01,New Year Reset,C00235,email,Start fresh with practical favorites.,2025-02-06,false,,false,,,
SEND004570,CMP04,Summer Essentials,C00861,ads,Simple essentials for warmer days.,2025-06-08,false,,false,,,
SEND004571,CMP07,Early Holiday,C00869,email,A head start on thoughtful gifting.,2025-11-10,false,,false,,,
SEND004572,CMP06,Autumn Edit,C00796,ads,Discover this season's useful upgrades.,2025-09-03,true,327,false,V010609,,
SEND004573,CMP01,New Year Reset,C00367,email,Start fresh with practical favorites.,2025-01-14,true,25,false,V010610,,
SEND004574,CMP01,New Year Reset,C00847,email,Start fresh with practical favorites.,2025-01-06,false,,false,,,
SEND004575,CMP02,Spring Refresh,C00921,ads,Refresh your routine for spring.,2025-04-28,false,,false,,,
SEND004576,CMP01,New Year Reset,C00178,email,Start fresh with practical favorites.,2025-01-31,false,,false,,,
SEND004577,CMP06,Autumn Edit,C00484,ads,Discover this season's useful upgrades.,2025-10-16,false,,false,,,
SEND004578,CMP07,Early Holiday,C00748,email,A head start on thoughtful gifting.,2025-11-29,false,,false,,,
SEND004579,CMP01,New Year Reset,C00017,email,Start fresh with practical favorites.,2025-01-28,false,,false,,,
SEND004580,CMP08,Holiday Highlights,C00961,ads,Explore customer favorites this holiday.,2025-12-22,false,,false,,,
SEND004581,CMP03,Member Picks,C00714,email,Popular picks selected for you.,2025-06-24,false,,false,,,
SEND004582,CMP02,Spring Refresh,C00111,ads,Refresh your routine for spring.,2025-03-01,false,,false,,,
SEND004583,CMP08,Holiday Highlights,C00826,ads,Explore customer favorites this holiday.,2025-12-03,false,,false,,,
SEND004584,CMP02,Spring Refresh,C00470,ads,Refresh your routine for spring.,2025-04-28,false,,false,,,
SEND004585,CMP07,Early Holiday,C00790,email,A head start on thoughtful gifting.,2025-11-14,false,,false,,,
SEND004586,CMP02,Spring Refresh,C00520,ads,Refresh your routine for spring.,2025-04-03,false,,false,,,
SEND004587,CMP08,Holiday Highlights,C00823,ads,Explore customer favorites this holiday.,2025-12-24,true,71,false,V010611,,
SEND004588,CMP08,Holiday Highlights,C00687,ads,Explore customer favorites this holiday.,2025-12-05,false,,false,,,
SEND004589,CMP01,New Year Reset,C00974,email,Start fresh with practical favorites.,2025-02-20,false,,false,,,
SEND004590,CMP05,Back to Routine,C00280,email,Get back into your everyday rhythm.,2025-08-14,false,,false,,,
SEND004591,CMP06,Autumn Edit,C00343,ads,Discover this season's useful upgrades.,2025-10-08,true,92,false,V010612,,
SEND004592,CMP01,New Year Reset,C00502,email,Start fresh with practical favorites.,2025-02-23,false,,false,,,
SEND004593,CMP04,Summer Essentials,C00435,ads,Simple essentials for warmer days.,2025-06-21,false,,false,,,
SEND004594,CMP07,Early Holiday,C00567,email,A head start on thoughtful gifting.,2025-11-11,false,,false,,,
SEND004595,CMP03,Member Picks,C00126,email,Popular picks selected for you.,2025-05-26,false,,false,,,
SEND004596,CMP03,Member Picks,C00471,email,Popular picks selected for you.,2025-05-09,false,,false,,,
SEND004597,CMP04,Summer Essentials,C00977,ads,Simple essentials for warmer days.,2025-07-10,false,,false,,,
SEND004598,CMP01,New Year Reset,C00391,email,Start fresh with practical favorites.,2025-01-07,true,827,false,V010613,,
SEND004599,CMP08,Holiday Highlights,C00773,ads,Explore customer favorites this holiday.,2025-11-07,false,,false,,,
SEND004600,CMP03,Member Picks,C00138,email,Popular picks selected for you.,2025-06-25,false,,false,,,
SEND004601,CMP07,Early Holiday,C00267,email,A head start on thoughtful gifting.,2025-11-14,false,,false,,,
SEND004602,CMP06,Autumn Edit,C00428,ads,Discover this season's useful upgrades.,2025-10-05,false,,false,,,
SEND004603,CMP02,Spring Refresh,C00852,ads,Refresh your routine for spring.,2025-04-11,false,,false,,,
SEND004604,CMP08,Holiday Highlights,C00964,ads,Explore customer favorites this holiday.,2025-11-13,false,,false,,,
SEND004605,CMP03,Member Picks,C00076,email,Popular picks selected for you.,2025-06-22,false,,false,,,
SEND004606,CMP08,Holiday Highlights,C00747,ads,Explore customer favorites this holiday.,2025-11-28,false,,false,,,
SEND004607,CMP03,Member Picks,C00486,email,Popular picks selected for you.,2025-05-08,false,,false,,,
SEND004608,CMP02,Spring Refresh,C00713,ads,Refresh your routine for spring.,2025-03-16,false,,false,,,
SEND004609,CMP01,New Year Reset,C00822,email,Start fresh with practical favorites.,2025-01-11,false,,false,,,
SEND004610,CMP08,Holiday Highlights,C00444,ads,Explore customer favorites this holiday.,2025-12-17,false,,false,,,
SEND004611,CMP02,Spring Refresh,C00977,ads,Refresh your routine for spring.,2025-04-19,true,115,false,V010614,,
SEND004612,CMP03,Member Picks,C00295,email,Popular picks selected for you.,2025-06-01,false,,false,,,
SEND004613,CMP08,Holiday Highlights,C00304,ads,Explore customer favorites this holiday.,2025-11-13,false,,false,,,
SEND004614,CMP06,Autumn Edit,C00974,ads,Discover this season's useful upgrades.,2025-10-31,false,,false,,,
SEND004615,CMP05,Back to Routine,C00446,email,Get back into your everyday rhythm.,2025-08-31,false,,false,,,
SEND004616,CMP02,Spring Refresh,C00267,ads,Refresh your routine for spring.,2025-04-28,false,,false,,,
SEND004617,CMP02,Spring Refresh,C00512,ads,Refresh your routine for spring.,2025-04-01,false,,false,,,
SEND004618,CMP05,Back to Routine,C00863,email,Get back into your everyday rhythm.,2025-08-18,false,,false,,,
SEND004619,CMP07,Early Holiday,C00597,email,A head start on thoughtful gifting.,2025-11-07,false,,false,,,
SEND004620,CMP01,New Year Reset,C00925,email,Start fresh with practical favorites.,2025-01-20,false,,false,,,
SEND004621,CMP06,Autumn Edit,C00992,ads,Discover this season's useful upgrades.,2025-10-31,false,,false,,,
SEND004622,CMP02,Spring Refresh,C00481,ads,Refresh your routine for spring.,2025-03-11,false,,false,,,
SEND004623,CMP07,Early Holiday,C00091,email,A head start on thoughtful gifting.,2025-11-18,true,146,false,V010615,,
SEND004624,CMP08,Holiday Highlights,C00711,ads,Explore customer favorites this holiday.,2025-11-21,false,,false,,,
SEND004625,CMP04,Summer Essentials,C00550,ads,Simple essentials for warmer days.,2025-08-13,false,,false,,,
SEND004626,CMP01,New Year Reset,C00622,email,Start fresh with practical favorites.,2025-01-24,false,,false,,,
SEND004627,CMP05,Back to Routine,C00780,email,Get back into your everyday rhythm.,2025-09-02,false,,false,,,
SEND004628,CMP02,Spring Refresh,C00937,ads,Refresh your routine for spring.,2025-03-05,false,,false,,,
SEND004629,CMP05,Back to Routine,C00743,email,Get back into your everyday rhythm.,2025-08-26,false,,false,,,
SEND004630,CMP07,Early Holiday,C00770,email,A head start on thoughtful gifting.,2025-11-20,false,,false,,,
SEND004631,CMP02,Spring Refresh,C00524,ads,Refresh your routine for spring.,2025-03-02,false,,false,,,
SEND004632,CMP08,Holiday Highlights,C00005,ads,Explore customer favorites this holiday.,2025-11-11,false,,false,,,
SEND004633,CMP07,Early Holiday,C00141,email,A head start on thoughtful gifting.,2025-11-03,false,,false,,,
SEND004634,CMP05,Back to Routine,C00400,email,Get back into your everyday rhythm.,2025-09-09,false,,false,,,
SEND004635,CMP02,Spring Refresh,C00021,ads,Refresh your routine for spring.,2025-03-31,false,,false,,,
SEND004636,CMP01,New Year Reset,C00716,email,Start fresh with practical favorites.,2025-01-05,false,,false,,,
SEND004637,CMP04,Summer Essentials,C00682,ads,Simple essentials for warmer days.,2025-07-12,true,513,false,V010616,,
SEND004638,CMP04,Summer Essentials,C00678,ads,Simple essentials for warmer days.,2025-08-15,false,,false,,,
SEND004639,CMP02,Spring Refresh,C00247,ads,Refresh your routine for spring.,2025-04-16,false,,false,,,
SEND004640,CMP01,New Year Reset,C00285,email,Start fresh with practical favorites.,2025-01-04,false,,false,,,
SEND004641,CMP03,Member Picks,C00396,email,Popular picks selected for you.,2025-06-04,false,,false,,,
SEND004642,CMP04,Summer Essentials,C00983,ads,Simple essentials for warmer days.,2025-08-24,true,721,false,V010617,,
SEND004643,CMP05,Back to Routine,C00150,email,Get back into your everyday rhythm.,2025-09-22,false,,false,,,
SEND004644,CMP05,Back to Routine,C00434,email,Get back into your everyday rhythm.,2025-09-29,false,,false,,,
SEND004645,CMP04,Summer Essentials,C00251,ads,Simple essentials for warmer days.,2025-07-10,true,43,false,V010618,,
SEND004646,CMP07,Early Holiday,C00339,email,A head start on thoughtful gifting.,2025-11-04,false,,false,,,
SEND004647,CMP04,Summer Essentials,C00363,ads,Simple essentials for warmer days.,2025-07-10,false,,false,,,
SEND004648,CMP04,Summer Essentials,C00468,ads,Simple essentials for warmer days.,2025-06-04,false,,false,,,
SEND004649,CMP02,Spring Refresh,C00713,ads,Refresh your routine for spring.,2025-04-16,false,,false,,,
SEND004650,CMP03,Member Picks,C00589,email,Popular picks selected for you.,2025-05-19,false,,false,,,
SEND004651,CMP03,Member Picks,C00113,email,Popular picks selected for you.,2025-06-08,false,,false,,,
SEND004652,CMP06,Autumn Edit,C00505,ads,Discover this season's useful upgrades.,2025-09-11,false,,false,,,
SEND004653,CMP04,Summer Essentials,C00032,ads,Simple essentials for warmer days.,2025-08-15,false,,false,,,
SEND004654,CMP01,New Year Reset,C00838,email,Start fresh with practical favorites.,2025-02-22,true,46,false,V010619,,
SEND004655,CMP05,Back to Routine,C00789,email,Get back into your everyday rhythm.,2025-08-19,false,,false,,,
SEND004656,CMP08,Holiday Highlights,C00615,ads,Explore customer favorites this holiday.,2025-12-29,false,,false,,,
SEND004657,CMP04,Summer Essentials,C00168,ads,Simple essentials for warmer days.,2025-06-27,false,,false,,,
SEND004658,CMP06,Autumn Edit,C00497,ads,Discover this season's useful upgrades.,2025-09-24,false,,false,,,
SEND004659,CMP04,Summer Essentials,C00842,ads,Simple essentials for warmer days.,2025-08-03,true,225,false,V010620,,
SEND004660,CMP07,Early Holiday,C00391,email,A head start on thoughtful gifting.,2025-11-15,false,,false,,,
SEND004661,CMP02,Spring Refresh,C00490,ads,Refresh your routine for spring.,2025-04-22,true,108,false,V010621,,
SEND004662,CMP03,Member Picks,C00405,email,Popular picks selected for you.,2025-06-19,false,,false,,,
SEND004663,CMP04,Summer Essentials,C00126,ads,Simple essentials for warmer days.,2025-07-13,false,,false,,,
SEND004664,CMP04,Summer Essentials,C00057,ads,Simple essentials for warmer days.,2025-07-04,false,,false,,,
SEND004665,CMP03,Member Picks,C00842,email,Popular picks selected for you.,2025-05-02,false,,false,,,
SEND004666,CMP02,Spring Refresh,C00033,ads,Refresh your routine for spring.,2025-04-30,false,,false,,,
SEND004667,CMP03,Member Picks,C00180,email,Popular picks selected for you.,2025-06-10,false,,false,,,
SEND004668,CMP07,Early Holiday,C00407,email,A head start on thoughtful gifting.,2025-11-21,false,,false,,,
SEND004669,CMP07,Early Holiday,C00659,email,A head start on thoughtful gifting.,2025-11-14,false,,false,,,
SEND004670,CMP07,Early Holiday,C00638,email,A head start on thoughtful gifting.,2025-11-26,false,,false,,,
SEND004671,CMP08,Holiday Highlights,C00234,ads,Explore customer favorites this holiday.,2025-11-21,false,,false,,,
SEND004672,CMP06,Autumn Edit,C00174,ads,Discover this season's useful upgrades.,2025-10-07,true,212,false,V010622,,
SEND004673,CMP03,Member Picks,C00251,email,Popular picks selected for you.,2025-06-29,false,,false,,,
SEND004674,CMP05,Back to Routine,C00398,email,Get back into your everyday rhythm.,2025-09-24,false,,false,,,
SEND004675,CMP03,Member Picks,C00677,email,Popular picks selected for you.,2025-05-04,true,29,false,V010623,,
SEND004676,CMP02,Spring Refresh,C00402,ads,Refresh your routine for spring.,2025-04-22,false,,false,,,
SEND004677,CMP02,Spring Refresh,C00906,ads,Refresh your routine for spring.,2025-03-05,false,,false,,,
SEND004678,CMP05,Back to Routine,C00849,email,Get back into your everyday rhythm.,2025-09-29,false,,false,,,
SEND004679,CMP07,Early Holiday,C00197,email,A head start on thoughtful gifting.,2025-11-25,false,,false,,,
SEND004680,CMP07,Early Holiday,C00155,email,A head start on thoughtful gifting.,2025-11-19,false,,false,,,
SEND004681,CMP01,New Year Reset,C00467,email,Start fresh with practical favorites.,2025-01-13,false,,false,,,
SEND004682,CMP05,Back to Routine,C00848,email,Get back into your everyday rhythm.,2025-09-24,false,,false,,,
SEND004683,CMP05,Back to Routine,C00207,email,Get back into your everyday rhythm.,2025-09-09,false,,false,,,
SEND004684,CMP06,Autumn Edit,C00022,ads,Discover this season's useful upgrades.,2025-09-14,false,,false,,,
SEND004685,CMP02,Spring Refresh,C00227,ads,Refresh your routine for spring.,2025-04-18,false,,false,,,
SEND004686,CMP05,Back to Routine,C00900,email,Get back into your everyday rhythm.,2025-08-11,false,,false,,,
SEND004687,CMP07,Early Holiday,C00756,email,A head start on thoughtful gifting.,2025-11-04,false,,false,,,
SEND004688,CMP08,Holiday Highlights,C00993,ads,Explore customer favorites this holiday.,2025-11-10,false,,false,,,
SEND004689,CMP04,Summer Essentials,C00971,ads,Simple essentials for warmer days.,2025-08-31,true,72,false,V010624,,
SEND004690,CMP05,Back to Routine,C00528,email,Get back into your everyday rhythm.,2025-09-06,true,173,false,V010625,,
SEND004691,CMP04,Summer Essentials,C00437,ads,Simple essentials for warmer days.,2025-06-14,true,229,false,V010626,,
SEND004692,CMP03,Member Picks,C00143,email,Popular picks selected for you.,2025-06-28,false,,false,,,
SEND004693,CMP08,Holiday Highlights,C00169,ads,Explore customer favorites this holiday.,2025-11-06,false,,false,,,
SEND004694,CMP06,Autumn Edit,C00183,ads,Discover this season's useful upgrades.,2025-09-01,false,,false,,,
SEND004695,CMP03,Member Picks,C00234,email,Popular picks selected for you.,2025-06-19,false,,false,,,
SEND004696,CMP05,Back to Routine,C00679,email,Get back into your everyday rhythm.,2025-09-28,false,,false,,,
SEND004697,CMP02,Spring Refresh,C00228,ads,Refresh your routine for spring.,2025-04-01,false,,false,,,
SEND004698,CMP04,Summer Essentials,C00294,ads,Simple essentials for warmer days.,2025-07-24,false,,false,,,
SEND004699,CMP08,Holiday Highlights,C00447,ads,Explore customer favorites this holiday.,2025-12-31,false,,false,,,
SEND004700,CMP01,New Year Reset,C00754,email,Start fresh with practical favorites.,2025-02-01,false,,false,,,
SEND004701,CMP06,Autumn Edit,C00674,ads,Discover this season's useful upgrades.,2025-10-01,false,,false,,,
SEND004702,CMP02,Spring Refresh,C00214,ads,Refresh your routine for spring.,2025-03-29,true,39,true,V010627,T006101,163.74
SEND004703,CMP04,Summer Essentials,C00689,ads,Simple essentials for warmer days.,2025-06-30,false,,false,,,
SEND004704,CMP07,Early Holiday,C00345,email,A head start on thoughtful gifting.,2025-11-05,false,,false,,,
SEND004705,CMP04,Summer Essentials,C00135,ads,Simple essentials for warmer days.,2025-07-08,true,79,false,V010628,,
SEND004706,CMP06,Autumn Edit,C00006,ads,Discover this season's useful upgrades.,2025-09-25,false,,false,,,
SEND004707,CMP07,Early Holiday,C00463,email,A head start on thoughtful gifting.,2025-11-01,false,,false,,,
SEND004708,CMP06,Autumn Edit,C00155,ads,Discover this season's useful upgrades.,2025-09-08,false,,false,,,
SEND004709,CMP05,Back to Routine,C00029,email,Get back into your everyday rhythm.,2025-08-16,false,,false,,,
SEND004710,CMP04,Summer Essentials,C00577,ads,Simple essentials for warmer days.,2025-08-29,true,148,false,V010629,,
SEND004711,CMP07,Early Holiday,C00154,email,A head start on thoughtful gifting.,2025-11-22,false,,false,,,
SEND004712,CMP06,Autumn Edit,C00573,ads,Discover this season's useful upgrades.,2025-09-08,true,196,false,V010630,,
SEND004713,CMP07,Early Holiday,C00980,email,A head start on thoughtful gifting.,2025-11-30,false,,false,,,
SEND004714,CMP08,Holiday Highlights,C00600,ads,Explore customer favorites this holiday.,2025-11-25,false,,false,,,
SEND004715,CMP07,Early Holiday,C00942,email,A head start on thoughtful gifting.,2025-11-12,false,,false,,,
SEND004716,CMP03,Member Picks,C00188,email,Popular picks selected for you.,2025-05-31,false,,false,,,
SEND004717,CMP05,Back to Routine,C00630,email,Get back into your everyday rhythm.,2025-09-15,false,,false,,,
SEND004718,CMP08,Holiday Highlights,C00321,ads,Explore customer favorites this holiday.,2025-11-25,false,,false,,,
SEND004719,CMP03,Member Picks,C00572,email,Popular picks selected for you.,2025-05-03,false,,false,,,
SEND004720,CMP04,Summer Essentials,C00524,ads,Simple essentials for warmer days.,2025-07-17,false,,false,,,
SEND004721,CMP02,Spring Refresh,C00759,ads,Refresh your routine for spring.,2025-03-16,false,,false,,,
SEND004722,CMP01,New Year Reset,C00771,email,Start fresh with practical favorites.,2025-01-19,false,,false,,,
SEND004723,CMP03,Member Picks,C00321,email,Popular picks selected for you.,2025-05-05,false,,false,,,
SEND004724,CMP08,Holiday Highlights,C00830,ads,Explore customer favorites this holiday.,2025-11-09,false,,false,,,
SEND004725,CMP01,New Year Reset,C00198,email,Start fresh with practical favorites.,2025-02-21,false,,false,,,
SEND004726,CMP01,New Year Reset,C00197,email,Start fresh with practical favorites.,2025-01-18,true,189,false,V010631,,
SEND004727,CMP06,Autumn Edit,C00861,ads,Discover this season's useful upgrades.,2025-10-27,false,,false,,,
SEND004728,CMP06,Autumn Edit,C00064,ads,Discover this season's useful upgrades.,2025-09-24,false,,false,,,
SEND004729,CMP08,Holiday Highlights,C00166,ads,Explore customer favorites this holiday.,2025-11-08,true,32,false,V010632,,
SEND004730,CMP07,Early Holiday,C00914,email,A head start on thoughtful gifting.,2025-11-09,false,,false,,,
SEND004731,CMP01,New Year Reset,C00815,email,Start fresh with practical favorites.,2025-02-12,false,,false,,,
SEND004732,CMP07,Early Holiday,C00065,email,A head start on thoughtful gifting.,2025-11-12,false,,false,,,
SEND004733,CMP05,Back to Routine,C00890,email,Get back into your everyday rhythm.,2025-09-28,false,,false,,,
SEND004734,CMP02,Spring Refresh,C00169,ads,Refresh your routine for spring.,2025-04-20,false,,false,,,
SEND004735,CMP08,Holiday Highlights,C00461,ads,Explore customer favorites this holiday.,2025-12-31,false,,false,,,
SEND004736,CMP01,New Year Reset,C00786,email,Start fresh with practical favorites.,2025-01-01,false,,false,,,
SEND004737,CMP07,Early Holiday,C00058,email,A head start on thoughtful gifting.,2025-11-21,false,,false,,,
SEND004738,CMP04,Summer Essentials,C00409,ads,Simple essentials for warmer days.,2025-08-25,false,,false,,,
SEND004739,CMP06,Autumn Edit,C00199,ads,Discover this season's useful upgrades.,2025-10-24,false,,false,,,
SEND004740,CMP04,Summer Essentials,C00964,ads,Simple essentials for warmer days.,2025-07-26,false,,false,,,
SEND004741,CMP07,Early Holiday,C00506,email,A head start on thoughtful gifting.,2025-11-02,false,,false,,,
SEND004742,CMP08,Holiday Highlights,C00033,ads,Explore customer favorites this holiday.,2025-11-16,false,,false,,,
SEND004743,CMP01,New Year Reset,C00550,email,Start fresh with practical favorites.,2025-01-16,false,,false,,,
SEND004744,CMP01,New Year Reset,C00446,email,Start fresh with practical favorites.,2025-01-29,true,415,false,V010633,,
SEND004745,CMP05,Back to Routine,C00598,email,Get back into your everyday rhythm.,2025-09-06,false,,false,,,
SEND004746,CMP02,Spring Refresh,C00727,ads,Refresh your routine for spring.,2025-04-11,true,109,false,V010634,,
SEND004747,CMP03,Member Picks,C00178,email,Popular picks selected for you.,2025-06-30,false,,false,,,
SEND004748,CMP02,Spring Refresh,C00312,ads,Refresh your routine for spring.,2025-04-09,false,,false,,,
SEND004749,CMP01,New Year Reset,C00981,email,Start fresh with practical favorites.,2025-02-03,false,,false,,,
SEND004750,CMP04,Summer Essentials,C00026,ads,Simple essentials for warmer days.,2025-07-24,true,178,false,V010635,,
SEND004751,CMP04,Summer Essentials,C00252,ads,Simple essentials for warmer days.,2025-07-02,false,,false,,,
SEND004752,CMP01,New Year Reset,C00177,email,Start fresh with practical favorites.,2025-01-18,false,,false,,,
SEND004753,CMP05,Back to Routine,C00396,email,Get back into your everyday rhythm.,2025-08-18,false,,false,,,
SEND004754,CMP05,Back to Routine,C00415,email,Get back into your everyday rhythm.,2025-09-07,false,,false,,,
SEND004755,CMP03,Member Picks,C00337,email,Popular picks selected for you.,2025-06-10,false,,false,,,
SEND004756,CMP02,Spring Refresh,C00957,ads,Refresh your routine for spring.,2025-03-24,false,,false,,,
SEND004757,CMP08,Holiday Highlights,C00646,ads,Explore customer favorites this holiday.,2025-12-15,false,,false,,,
SEND004758,CMP01,New Year Reset,C00670,email,Start fresh with practical favorites.,2025-01-28,false,,false,,,
SEND004759,CMP03,Member Picks,C00102,email,Popular picks selected for you.,2025-05-23,true,94,false,V010636,,
SEND004760,CMP08,Holiday Highlights,C00320,ads,Explore customer favorites this holiday.,2025-11-04,false,,false,,,
SEND004761,CMP06,Autumn Edit,C00836,ads,Discover this season's useful upgrades.,2025-09-03,false,,false,,,
SEND004762,CMP01,New Year Reset,C00675,email,Start fresh with practical favorites.,2025-01-12,false,,false,,,
SEND004763,CMP08,Holiday Highlights,C00636,ads,Explore customer favorites this holiday.,2025-12-29,false,,false,,,
SEND004764,CMP08,Holiday Highlights,C00661,ads,Explore customer favorites this holiday.,2025-11-01,false,,false,,,
SEND004765,CMP02,Spring Refresh,C00030,ads,Refresh your routine for spring.,2025-03-26,true,57,false,V010637,,
SEND004766,CMP07,Early Holiday,C00069,email,A head start on thoughtful gifting.,2025-11-26,false,,false,,,
SEND004767,CMP03,Member Picks,C00031,email,Popular picks selected for you.,2025-05-25,false,,false,,,
SEND004768,CMP03,Member Picks,C00282,email,Popular picks selected for you.,2025-06-28,false,,false,,,
SEND004769,CMP08,Holiday Highlights,C00300,ads,Explore customer favorites this holiday.,2025-11-19,false,,false,,,
SEND004770,CMP04,Summer Essentials,C00126,ads,Simple essentials for warmer days.,2025-07-25,true,22,false,V010638,,
SEND004771,CMP01,New Year Reset,C00703,email,Start fresh with practical favorites.,2025-02-22,false,,false,,,
SEND004772,CMP08,Holiday Highlights,C00807,ads,Explore customer favorites this holiday.,2025-12-23,true,58,false,V010639,,
SEND004773,CMP03,Member Picks,C00649,email,Popular picks selected for you.,2025-05-25,false,,false,,,
SEND004774,CMP04,Summer Essentials,C00793,ads,Simple essentials for warmer days.,2025-08-28,false,,false,,,
SEND004775,CMP02,Spring Refresh,C00525,ads,Refresh your routine for spring.,2025-04-16,false,,false,,,
SEND004776,CMP03,Member Picks,C00952,email,Popular picks selected for you.,2025-05-07,false,,false,,,
SEND004777,CMP03,Member Picks,C00351,email,Popular picks selected for you.,2025-05-09,false,,false,,,
SEND004778,CMP05,Back to Routine,C00068,email,Get back into your everyday rhythm.,2025-09-29,false,,false,,,
SEND004779,CMP05,Back to Routine,C00894,email,Get back into your everyday rhythm.,2025-08-31,false,,false,,,
SEND004780,CMP01,New Year Reset,C00747,email,Start fresh with practical favorites.,2025-01-17,false,,false,,,
SEND004781,CMP04,Summer Essentials,C00787,ads,Simple essentials for warmer days.,2025-06-11,false,,false,,,
SEND004782,CMP01,New Year Reset,C00388,email,Start fresh with practical favorites.,2025-01-21,false,,false,,,
SEND004783,CMP04,Summer Essentials,C00318,ads,Simple essentials for warmer days.,2025-08-30,false,,false,,,
SEND004784,CMP02,Spring Refresh,C00660,ads,Refresh your routine for spring.,2025-04-29,false,,false,,,
SEND004785,CMP08,Holiday Highlights,C00215,ads,Explore customer favorites this holiday.,2025-12-15,false,,false,,,
SEND004786,CMP08,Holiday Highlights,C00004,ads,Explore customer favorites this holiday.,2025-11-19,true,345,false,V010640,,
SEND004787,CMP03,Member Picks,C00599,email,Popular picks selected for you.,2025-05-04,true,106,false,V010641,,
SEND004788,CMP03,Member Picks,C00202,email,Popular picks selected for you.,2025-06-18,false,,false,,,
SEND004789,CMP07,Early Holiday,C00118,email,A head start on thoughtful gifting.,2025-11-06,false,,false,,,
SEND004790,CMP01,New Year Reset,C00426,email,Start fresh with practical favorites.,2025-02-26,false,,false,,,
SEND004791,CMP08,Holiday Highlights,C00108,ads,Explore customer favorites this holiday.,2025-12-27,false,,false,,,
SEND004792,CMP08,Holiday Highlights,C00466,ads,Explore customer favorites this holiday.,2025-11-10,false,,false,,,
SEND004793,CMP07,Early Holiday,C00019,email,A head start on thoughtful gifting.,2025-11-14,false,,false,,,
SEND004794,CMP07,Early Holiday,C00343,email,A head start on thoughtful gifting.,2025-11-12,false,,false,,,
SEND004795,CMP01,New Year Reset,C00950,email,Start fresh with practical favorites.,2025-01-04,false,,false,,,
SEND004796,CMP07,Early Holiday,C00085,email,A head start on thoughtful gifting.,2025-11-03,false,,false,,,
SEND004797,CMP06,Autumn Edit,C00240,ads,Discover this season's useful upgrades.,2025-09-17,false,,false,,,
SEND004798,CMP07,Early Holiday,C00645,email,A head start on thoughtful gifting.,2025-11-04,false,,false,,,
SEND004799,CMP05,Back to Routine,C00114,email,Get back into your everyday rhythm.,2025-09-19,false,,false,,,
SEND004800,CMP06,Autumn Edit,C00520,ads,Discover this season's useful upgrades.,2025-10-07,false,,false,,,
SEND004801,CMP05,Back to Routine,C00026,email,Get back into your everyday rhythm.,2025-09-13,false,,false,,,
SEND004802,CMP05,Back to Routine,C00596,email,Get back into your everyday rhythm.,2025-08-27,false,,false,,,
SEND004803,CMP02,Spring Refresh,C00645,ads,Refresh your routine for spring.,2025-03-27,false,,false,,,
SEND004804,CMP08,Holiday Highlights,C00382,ads,Explore customer favorites this holiday.,2025-11-03,true,84,false,V010642,,
SEND004805,CMP02,Spring Refresh,C00485,ads,Refresh your routine for spring.,2025-04-08,false,,false,,,
SEND004806,CMP01,New Year Reset,C00581,email,Start fresh with practical favorites.,2025-01-13,false,,false,,,
SEND004807,CMP06,Autumn Edit,C00832,ads,Discover this season's useful upgrades.,2025-09-05,false,,false,,,
SEND004808,CMP04,Summer Essentials,C00932,ads,Simple essentials for warmer days.,2025-08-23,false,,false,,,
SEND004809,CMP01,New Year Reset,C00857,email,Start fresh with practical favorites.,2025-01-26,false,,false,,,
SEND004810,CMP03,Member Picks,C00124,email,Popular picks selected for you.,2025-06-19,false,,false,,,
SEND004811,CMP01,New Year Reset,C00048,email,Start fresh with practical favorites.,2025-02-08,false,,false,,,
SEND004812,CMP03,Member Picks,C00883,email,Popular picks selected for you.,2025-06-16,false,,false,,,
SEND004813,CMP04,Summer Essentials,C00097,ads,Simple essentials for warmer days.,2025-08-27,true,26,true,V010643,T006102,73.81
SEND004814,CMP04,Summer Essentials,C00862,ads,Simple essentials for warmer days.,2025-08-05,false,,false,,,
SEND004815,CMP04,Summer Essentials,C00386,ads,Simple essentials for warmer days.,2025-08-06,false,,false,,,
SEND004816,CMP07,Early Holiday,C00283,email,A head start on thoughtful gifting.,2025-11-18,false,,false,,,
SEND004817,CMP04,Summer Essentials,C00847,ads,Simple essentials for warmer days.,2025-08-26,false,,false,,,
SEND004818,CMP04,Summer Essentials,C00401,ads,Simple essentials for warmer days.,2025-07-30,false,,false,,,
SEND004819,CMP01,New Year Reset,C00490,email,Start fresh with practical favorites.,2025-02-03,true,771,false,V010644,,
SEND004820,CMP04,Summer Essentials,C00232,ads,Simple essentials for warmer days.,2025-07-25,false,,false,,,
SEND004821,CMP05,Back to Routine,C00858,email,Get back into your everyday rhythm.,2025-08-26,false,,false,,,
SEND004822,CMP08,Holiday Highlights,C00374,ads,Explore customer favorites this holiday.,2025-11-23,true,53,false,V010645,,
SEND004823,CMP02,Spring Refresh,C00986,ads,Refresh your routine for spring.,2025-03-12,false,,false,,,
SEND004824,CMP07,Early Holiday,C00696,email,A head start on thoughtful gifting.,2025-11-12,false,,false,,,
SEND004825,CMP05,Back to Routine,C00257,email,Get back into your everyday rhythm.,2025-08-29,true,101,false,V010646,,
SEND004826,CMP08,Holiday Highlights,C00176,ads,Explore customer favorites this holiday.,2025-12-22,false,,false,,,
SEND004827,CMP04,Summer Essentials,C00174,ads,Simple essentials for warmer days.,2025-06-20,false,,false,,,
SEND004828,CMP02,Spring Refresh,C00034,ads,Refresh your routine for spring.,2025-03-09,false,,false,,,
SEND004829,CMP08,Holiday Highlights,C00200,ads,Explore customer favorites this holiday.,2025-11-07,false,,false,,,
SEND004830,CMP01,New Year Reset,C00110,email,Start fresh with practical favorites.,2025-01-10,false,,false,,,
SEND004831,CMP05,Back to Routine,C00119,email,Get back into your everyday rhythm.,2025-09-12,false,,false,,,
SEND004832,CMP05,Back to Routine,C00898,email,Get back into your everyday rhythm.,2025-08-03,false,,false,,,
SEND004833,CMP02,Spring Refresh,C00267,ads,Refresh your routine for spring.,2025-04-06,false,,false,,,
SEND004834,CMP06,Autumn Edit,C00580,ads,Discover this season's useful upgrades.,2025-10-23,true,209,false,V010647,,
SEND004835,CMP04,Summer Essentials,C00425,ads,Simple essentials for warmer days.,2025-07-09,false,,false,,,
SEND004836,CMP07,Early Holiday,C00475,email,A head start on thoughtful gifting.,2025-11-05,false,,false,,,
SEND004837,CMP08,Holiday Highlights,C00399,ads,Explore customer favorites this holiday.,2025-12-09,true,168,false,V010648,,
SEND004838,CMP03,Member Picks,C00664,email,Popular picks selected for you.,2025-05-31,true,181,false,V010649,,
SEND004839,CMP04,Summer Essentials,C00512,ads,Simple essentials for warmer days.,2025-07-09,false,,false,,,
SEND004840,CMP06,Autumn Edit,C00693,ads,Discover this season's useful upgrades.,2025-10-03,false,,false,,,
SEND004841,CMP04,Summer Essentials,C00088,ads,Simple essentials for warmer days.,2025-07-17,false,,false,,,
SEND004842,CMP08,Holiday Highlights,C00392,ads,Explore customer favorites this holiday.,2025-11-18,false,,false,,,
SEND004843,CMP04,Summer Essentials,C00320,ads,Simple essentials for warmer days.,2025-06-16,false,,false,,,
SEND004844,CMP06,Autumn Edit,C00764,ads,Discover this season's useful upgrades.,2025-10-30,false,,false,,,
SEND004845,CMP04,Summer Essentials,C00225,ads,Simple essentials for warmer days.,2025-08-24,false,,false,,,
SEND004846,CMP07,Early Holiday,C00299,email,A head start on thoughtful gifting.,2025-11-01,false,,false,,,
SEND004847,CMP08,Holiday Highlights,C00946,ads,Explore customer favorites this holiday.,2025-11-20,false,,false,,,
SEND004848,CMP01,New Year Reset,C00542,email,Start fresh with practical favorites.,2025-02-18,false,,false,,,
SEND004849,CMP08,Holiday Highlights,C00620,ads,Explore customer favorites this holiday.,2025-11-07,false,,false,,,
SEND004850,CMP05,Back to Routine,C00023,email,Get back into your everyday rhythm.,2025-09-05,false,,false,,,
SEND004851,CMP08,Holiday Highlights,C00502,ads,Explore customer favorites this holiday.,2025-12-15,false,,false,,,
SEND004852,CMP06,Autumn Edit,C00506,ads,Discover this season's useful upgrades.,2025-10-15,false,,false,,,
SEND004853,CMP07,Early Holiday,C00992,email,A head start on thoughtful gifting.,2025-11-03,false,,false,,,
SEND004854,CMP01,New Year Reset,C00312,email,Start fresh with practical favorites.,2025-02-21,false,,false,,,
SEND004855,CMP03,Member Picks,C00167,email,Popular picks selected for you.,2025-05-13,false,,false,,,
SEND004856,CMP08,Holiday Highlights,C00658,ads,Explore customer favorites this holiday.,2025-12-07,false,,false,,,
SEND004857,CMP02,Spring Refresh,C00809,ads,Refresh your routine for spring.,2025-03-14,false,,false,,,
SEND004858,CMP07,Early Holiday,C00093,email,A head start on thoughtful gifting.,2025-11-15,false,,false,,,
SEND004859,CMP07,Early Holiday,C00985,email,A head start on thoughtful gifting.,2025-11-26,false,,false,,,
SEND004860,CMP07,Early Holiday,C00178,email,A head start on thoughtful gifting.,2025-11-13,false,,false,,,
SEND004861,CMP03,Member Picks,C00815,email,Popular picks selected for you.,2025-05-27,false,,false,,,
SEND004862,CMP08,Holiday Highlights,C00056,ads,Explore customer favorites this holiday.,2025-11-14,false,,false,,,
SEND004863,CMP03,Member Picks,C00830,email,Popular picks selected for you.,2025-05-29,false,,false,,,
SEND004864,CMP06,Autumn Edit,C00832,ads,Discover this season's useful upgrades.,2025-09-08,false,,false,,,
SEND004865,CMP01,New Year Reset,C00981,email,Start fresh with practical favorites.,2025-02-08,false,,false,,,
SEND004866,CMP07,Early Holiday,C00112,email,A head start on thoughtful gifting.,2025-11-16,false,,false,,,
SEND004867,CMP05,Back to Routine,C00154,email,Get back into your everyday rhythm.,2025-08-10,false,,false,,,
SEND004868,CMP08,Holiday Highlights,C00845,ads,Explore customer favorites this holiday.,2025-12-03,true,59,true,V010650,T006103,99.87
SEND004869,CMP04,Summer Essentials,C00898,ads,Simple essentials for warmer days.,2025-07-31,false,,false,,,
SEND004870,CMP08,Holiday Highlights,C00872,ads,Explore customer favorites this holiday.,2025-12-01,false,,false,,,
SEND004871,CMP03,Member Picks,C00664,email,Popular picks selected for you.,2025-06-18,false,,false,,,
SEND004872,CMP02,Spring Refresh,C00818,ads,Refresh your routine for spring.,2025-04-16,false,,false,,,
SEND004873,CMP02,Spring Refresh,C00221,ads,Refresh your routine for spring.,2025-04-07,false,,false,,,
SEND004874,CMP07,Early Holiday,C00430,email,A head start on thoughtful gifting.,2025-11-29,false,,false,,,
SEND004875,CMP03,Member Picks,C00083,email,Popular picks selected for you.,2025-06-15,true,172,false,V010651,,
SEND004876,CMP04,Summer Essentials,C00622,ads,Simple essentials for warmer days.,2025-08-02,false,,false,,,
SEND004877,CMP03,Member Picks,C00961,email,Popular picks selected for you.,2025-05-27,false,,false,,,
SEND004878,CMP07,Early Holiday,C00166,email,A head start on thoughtful gifting.,2025-11-22,false,,false,,,
SEND004879,CMP05,Back to Routine,C00090,email,Get back into your everyday rhythm.,2025-09-29,false,,false,,,
SEND004880,CMP05,Back to Routine,C00498,email,Get back into your everyday rhythm.,2025-08-16,false,,false,,,
SEND004881,CMP07,Early Holiday,C00717,email,A head start on thoughtful gifting.,2025-11-05,false,,false,,,
SEND004882,CMP05,Back to Routine,C00493,email,Get back into your everyday rhythm.,2025-09-03,false,,false,,,
SEND004883,CMP02,Spring Refresh,C00994,ads,Refresh your routine for spring.,2025-03-15,true,19,false,V010652,,
SEND004884,CMP06,Autumn Edit,C00311,ads,Discover this season's useful upgrades.,2025-09-08,false,,false,,,
SEND004885,CMP01,New Year Reset,C00007,email,Start fresh with practical favorites.,2025-01-05,false,,false,,,
SEND004886,CMP02,Spring Refresh,C00568,ads,Refresh your routine for spring.,2025-03-04,false,,false,,,
SEND004887,CMP06,Autumn Edit,C00853,ads,Discover this season's useful upgrades.,2025-10-14,false,,false,,,
SEND004888,CMP03,Member Picks,C00223,email,Popular picks selected for you.,2025-05-28,false,,false,,,
SEND004889,CMP05,Back to Routine,C00344,email,Get back into your everyday rhythm.,2025-08-14,false,,false,,,
SEND004890,CMP03,Member Picks,C00997,email,Popular picks selected for you.,2025-05-31,false,,false,,,
SEND004891,CMP03,Member Picks,C00944,email,Popular picks selected for you.,2025-05-19,false,,false,,,
SEND004892,CMP08,Holiday Highlights,C00210,ads,Explore customer favorites this holiday.,2025-12-23,false,,false,,,
SEND004893,CMP08,Holiday Highlights,C00366,ads,Explore customer favorites this holiday.,2025-12-25,false,,false,,,
SEND004894,CMP08,Holiday Highlights,C00019,ads,Explore customer favorites this holiday.,2025-12-11,true,64,false,V010653,,
SEND004895,CMP08,Holiday Highlights,C00395,ads,Explore customer favorites this holiday.,2025-12-10,true,209,false,V010654,,
SEND004896,CMP06,Autumn Edit,C00994,ads,Discover this season's useful upgrades.,2025-10-28,false,,false,,,
SEND004897,CMP05,Back to Routine,C00265,email,Get back into your everyday rhythm.,2025-09-06,false,,false,,,
SEND004898,CMP02,Spring Refresh,C00188,ads,Refresh your routine for spring.,2025-03-20,false,,false,,,
SEND004899,CMP05,Back to Routine,C00171,email,Get back into your everyday rhythm.,2025-09-15,false,,false,,,
SEND004900,CMP06,Autumn Edit,C00411,ads,Discover this season's useful upgrades.,2025-09-19,true,174,false,V010655,,
SEND004901,CMP03,Member Picks,C00505,email,Popular picks selected for you.,2025-05-27,false,,false,,,
SEND004902,CMP02,Spring Refresh,C00923,ads,Refresh your routine for spring.,2025-04-26,false,,false,,,
SEND004903,CMP05,Back to Routine,C00870,email,Get back into your everyday rhythm.,2025-09-03,true,44,false,V010656,,
SEND004904,CMP02,Spring Refresh,C00985,ads,Refresh your routine for spring.,2025-04-14,false,,false,,,
SEND004905,CMP08,Holiday Highlights,C00391,ads,Explore customer favorites this holiday.,2025-12-19,false,,false,,,
SEND004906,CMP03,Member Picks,C00929,email,Popular picks selected for you.,2025-06-15,false,,false,,,
SEND004907,CMP05,Back to Routine,C00257,email,Get back into your everyday rhythm.,2025-08-20,false,,false,,,
SEND004908,CMP05,Back to Routine,C00579,email,Get back into your everyday rhythm.,2025-09-12,false,,false,,,
SEND004909,CMP01,New Year Reset,C00038,email,Start fresh with practical favorites.,2025-02-02,true,339,false,V010657,,
SEND004910,CMP03,Member Picks,C00289,email,Popular picks selected for you.,2025-05-30,false,,false,,,
SEND004911,CMP03,Member Picks,C00086,email,Popular picks selected for you.,2025-06-29,false,,false,,,
SEND004912,CMP06,Autumn Edit,C00597,ads,Discover this season's useful upgrades.,2025-09-15,false,,false,,,
SEND004913,CMP02,Spring Refresh,C00296,ads,Refresh your routine for spring.,2025-03-11,false,,false,,,
SEND004914,CMP01,New Year Reset,C00979,email,Start fresh with practical favorites.,2025-01-28,false,,false,,,
SEND004915,CMP01,New Year Reset,C00777,email,Start fresh with practical favorites.,2025-02-23,false,,false,,,
SEND004916,CMP06,Autumn Edit,C00528,ads,Discover this season's useful upgrades.,2025-10-21,true,15,false,V010658,,
SEND004917,CMP02,Spring Refresh,C00910,ads,Refresh your routine for spring.,2025-04-11,false,,false,,,
SEND004918,CMP03,Member Picks,C00367,email,Popular picks selected for you.,2025-06-25,false,,false,,,
SEND004919,CMP01,New Year Reset,C00443,email,Start fresh with practical favorites.,2025-02-21,false,,false,,,
SEND004920,CMP06,Autumn Edit,C00259,ads,Discover this season's useful upgrades.,2025-09-10,false,,false,,,
SEND004921,CMP06,Autumn Edit,C00993,ads,Discover this season's useful upgrades.,2025-10-24,false,,false,,,
SEND004922,CMP04,Summer Essentials,C00097,ads,Simple essentials for warmer days.,2025-08-02,false,,false,,,
SEND004923,CMP03,Member Picks,C00131,email,Popular picks selected for you.,2025-05-14,false,,false,,,
SEND004924,CMP04,Summer Essentials,C00969,ads,Simple essentials for warmer days.,2025-07-24,true,113,false,V010659,,
SEND004925,CMP08,Holiday Highlights,C00762,ads,Explore customer favorites this holiday.,2025-11-22,false,,false,,,
SEND004926,CMP08,Holiday Highlights,C00355,ads,Explore customer favorites this holiday.,2025-11-03,false,,false,,,
SEND004927,CMP05,Back to Routine,C00717,email,Get back into your everyday rhythm.,2025-08-19,false,,false,,,
SEND004928,CMP01,New Year Reset,C00150,email,Start fresh with practical favorites.,2025-02-15,false,,false,,,
SEND004929,CMP01,New Year Reset,C00437,email,Start fresh with practical favorites.,2025-02-15,false,,false,,,
SEND004930,CMP04,Summer Essentials,C00703,ads,Simple essentials for warmer days.,2025-08-12,false,,false,,,
SEND004931,CMP07,Early Holiday,C00653,email,A head start on thoughtful gifting.,2025-11-03,true,142,false,V010660,,
SEND004932,CMP01,New Year Reset,C00154,email,Start fresh with practical favorites.,2025-02-09,false,,false,,,
SEND004933,CMP01,New Year Reset,C00396,email,Start fresh with practical favorites.,2025-01-04,false,,false,,,
SEND004934,CMP08,Holiday Highlights,C00336,ads,Explore customer favorites this holiday.,2025-12-30,false,,false,,,
SEND004935,CMP03,Member Picks,C00395,email,Popular picks selected for you.,2025-06-14,false,,false,,,
SEND004936,CMP07,Early Holiday,C00317,email,A head start on thoughtful gifting.,2025-11-28,false,,false,,,
SEND004937,CMP06,Autumn Edit,C00855,ads,Discover this season's useful upgrades.,2025-09-30,false,,false,,,
SEND004938,CMP01,New Year Reset,C00891,email,Start fresh with practical favorites.,2025-02-07,false,,false,,,
SEND004939,CMP01,New Year Reset,C00863,email,Start fresh with practical favorites.,2025-02-07,false,,false,,,
SEND004940,CMP07,Early Holiday,C00367,email,A head start on thoughtful gifting.,2025-11-01,false,,false,,,
SEND004941,CMP07,Early Holiday,C00887,email,A head start on thoughtful gifting.,2025-11-25,false,,false,,,
SEND004942,CMP01,New Year Reset,C00100,email,Start fresh with practical favorites.,2025-01-15,false,,false,,,
SEND004943,CMP01,New Year Reset,C00480,email,Start fresh with practical favorites.,2025-01-16,false,,false,,,
SEND004944,CMP08,Holiday Highlights,C00421,ads,Explore customer favorites this holiday.,2025-12-30,false,,false,,,
SEND004945,CMP08,Holiday Highlights,C00567,ads,Explore customer favorites this holiday.,2025-12-17,false,,false,,,
SEND004946,CMP01,New Year Reset,C00521,email,Start fresh with practical favorites.,2025-02-09,true,85,false,V010661,,
SEND004947,CMP06,Autumn Edit,C00540,ads,Discover this season's useful upgrades.,2025-09-23,false,,false,,,
SEND004948,CMP04,Summer Essentials,C00962,ads,Simple essentials for warmer days.,2025-07-04,false,,false,,,
SEND004949,CMP02,Spring Refresh,C00450,ads,Refresh your routine for spring.,2025-04-12,false,,false,,,
SEND004950,CMP08,Holiday Highlights,C00351,ads,Explore customer favorites this holiday.,2025-12-11,false,,false,,,
SEND004951,CMP05,Back to Routine,C00225,email,Get back into your everyday rhythm.,2025-09-23,false,,false,,,
SEND004952,CMP08,Holiday Highlights,C00292,ads,Explore customer favorites this holiday.,2025-11-24,false,,false,,,
SEND004953,CMP06,Autumn Edit,C00981,ads,Discover this season's useful upgrades.,2025-09-14,false,,false,,,
SEND004954,CMP07,Early Holiday,C00189,email,A head start on thoughtful gifting.,2025-11-24,false,,false,,,
SEND004955,CMP04,Summer Essentials,C00938,ads,Simple essentials for warmer days.,2025-07-03,true,35,false,V010662,,
SEND004956,CMP07,Early Holiday,C00051,email,A head start on thoughtful gifting.,2025-11-27,false,,false,,,
SEND004957,CMP06,Autumn Edit,C00027,ads,Discover this season's useful upgrades.,2025-09-19,false,,false,,,
SEND004958,CMP02,Spring Refresh,C00379,ads,Refresh your routine for spring.,2025-03-18,false,,false,,,
SEND004959,CMP08,Holiday Highlights,C00181,ads,Explore customer favorites this holiday.,2025-11-10,false,,false,,,
SEND004960,CMP04,Summer Essentials,C00253,ads,Simple essentials for warmer days.,2025-06-05,false,,false,,,
SEND004961,CMP03,Member Picks,C00699,email,Popular picks selected for you.,2025-05-18,true,86,false,V010663,,
SEND004962,CMP05,Back to Routine,C00496,email,Get back into your everyday rhythm.,2025-09-30,true,70,false,V010664,,
SEND004963,CMP04,Summer Essentials,C00764,ads,Simple essentials for warmer days.,2025-07-24,false,,false,,,
SEND004964,CMP06,Autumn Edit,C00195,ads,Discover this season's useful upgrades.,2025-09-24,false,,false,,,
SEND004965,CMP07,Early Holiday,C00646,email,A head start on thoughtful gifting.,2025-11-25,false,,false,,,
SEND004966,CMP05,Back to Routine,C00341,email,Get back into your everyday rhythm.,2025-08-07,true,66,false,V010665,,
SEND004967,CMP03,Member Picks,C00260,email,Popular picks selected for you.,2025-05-09,false,,false,,,
SEND004968,CMP07,Early Holiday,C00070,email,A head start on thoughtful gifting.,2025-11-01,true,41,false,V010666,,
SEND004969,CMP04,Summer Essentials,C00059,ads,Simple essentials for warmer days.,2025-06-18,false,,false,,,
SEND004970,CMP05,Back to Routine,C00444,email,Get back into your everyday rhythm.,2025-08-12,false,,false,,,
SEND004971,CMP08,Holiday Highlights,C00140,ads,Explore customer favorites this holiday.,2025-11-05,false,,false,,,
SEND004972,CMP05,Back to Routine,C00482,email,Get back into your everyday rhythm.,2025-08-18,true,132,false,V010667,,
SEND004973,CMP05,Back to Routine,C00135,email,Get back into your everyday rhythm.,2025-08-21,true,30,false,V010668,,
SEND004974,CMP01,New Year Reset,C00714,email,Start fresh with practical favorites.,2025-02-27,false,,false,,,
SEND004975,CMP04,Summer Essentials,C00756,ads,Simple essentials for warmer days.,2025-07-25,false,,false,,,
SEND004976,CMP02,Spring Refresh,C00149,ads,Refresh your routine for spring.,2025-04-30,true,365,false,V010669,,
SEND004977,CMP01,New Year Reset,C00043,email,Start fresh with practical favorites.,2025-01-04,false,,false,,,
SEND004978,CMP03,Member Picks,C00093,email,Popular picks selected for you.,2025-05-09,false,,false,,,
SEND004979,CMP03,Member Picks,C00992,email,Popular picks selected for you.,2025-05-15,false,,false,,,
SEND004980,CMP06,Autumn Edit,C00798,ads,Discover this season's useful upgrades.,2025-10-26,false,,false,,,
SEND004981,CMP04,Summer Essentials,C00920,ads,Simple essentials for warmer days.,2025-07-09,false,,false,,,
SEND004982,CMP06,Autumn Edit,C00599,ads,Discover this season's useful upgrades.,2025-09-12,false,,false,,,
SEND004983,CMP08,Holiday Highlights,C00205,ads,Explore customer favorites this holiday.,2025-12-01,false,,false,,,
SEND004984,CMP08,Holiday Highlights,C00422,ads,Explore customer favorites this holiday.,2025-11-05,false,,false,,,
SEND004985,CMP02,Spring Refresh,C00353,ads,Refresh your routine for spring.,2025-03-19,false,,false,,,
SEND004986,CMP07,Early Holiday,C00138,email,A head start on thoughtful gifting.,2025-11-02,false,,false,,,
SEND004987,CMP06,Autumn Edit,C00915,ads,Discover this season's useful upgrades.,2025-09-23,false,,false,,,
SEND004988,CMP01,New Year Reset,C00101,email,Start fresh with practical favorites.,2025-01-15,false,,false,,,
SEND004989,CMP05,Back to Routine,C00259,email,Get back into your everyday rhythm.,2025-09-17,false,,false,,,
SEND004990,CMP06,Autumn Edit,C00569,ads,Discover this season's useful upgrades.,2025-09-14,false,,false,,,
SEND004991,CMP02,Spring Refresh,C00127,ads,Refresh your routine for spring.,2025-03-15,false,,false,,,
SEND004992,CMP02,Spring Refresh,C00149,ads,Refresh your routine for spring.,2025-04-27,false,,false,,,
SEND004993,CMP08,Holiday Highlights,C00104,ads,Explore customer favorites this holiday.,2025-11-27,false,,false,,,
SEND004994,CMP08,Holiday Highlights,C00589,ads,Explore customer favorites this holiday.,2025-11-14,true,142,false,V010670,,
SEND004995,CMP03,Member Picks,C00827,email,Popular picks selected for you.,2025-06-11,true,29,false,V010671,,
SEND004996,CMP08,Holiday Highlights,C00552,ads,Explore customer favorites this holiday.,2025-11-05,false,,false,,,
SEND004997,CMP05,Back to Routine,C00038,email,Get back into your everyday rhythm.,2025-09-20,false,,false,,,
SEND004998,CMP01,New Year Reset,C00055,email,Start fresh with practical favorites.,2025-02-04,false,,false,,,
SEND004999,CMP02,Spring Refresh,C00978,ads,Refresh your routine for spring.,2025-03-21,false,,false,,,
SEND005000,CMP03,Member Picks,C00388,email,Popular picks selected for you.,2025-05-10,false,,false,,,
SEND005001,CMP04,Summer Essentials,C00630,ads,Simple essentials for warmer days.,2025-07-20,false,,false,,,
SEND005002,CMP05,Back to Routine,C00582,email,Get back into your everyday rhythm.,2025-08-28,false,,false,,,
SEND005003,CMP03,Member Picks,C00927,email,Popular picks selected for you.,2025-05-01,false,,false,,,
SEND005004,CMP08,Holiday Highlights,C00053,ads,Explore customer favorites this holiday.,2025-12-28,false,,false,,,
SEND005005,CMP03,Member Picks,C00419,email,Popular picks selected for you.,2025-06-12,false,,false,,,
SEND005006,CMP08,Holiday Highlights,C00922,ads,Explore customer favorites this holiday.,2025-11-11,true,77,false,V010672,,
SEND005007,CMP03,Member Picks,C00072,email,Popular picks selected for you.,2025-06-19,false,,false,,,
SEND005008,CMP06,Autumn Edit,C00488,ads,Discover this season's useful upgrades.,2025-10-30,false,,false,,,
SEND005009,CMP03,Member Picks,C00491,email,Popular picks selected for you.,2025-06-13,false,,false,,,
SEND005010,CMP02,Spring Refresh,C00904,ads,Refresh your routine for spring.,2025-04-01,false,,false,,,
SEND005011,CMP08,Holiday Highlights,C00843,ads,Explore customer favorites this holiday.,2025-11-14,false,,false,,,
SEND005012,CMP08,Holiday Highlights,C00406,ads,Explore customer favorites this holiday.,2025-12-15,false,,false,,,
SEND005013,CMP08,Holiday Highlights,C00193,ads,Explore customer favorites this holiday.,2025-12-27,false,,false,,,
SEND005014,CMP08,Holiday Highlights,C00415,ads,Explore customer favorites this holiday.,2025-12-23,false,,false,,,
SEND005015,CMP02,Spring Refresh,C00454,ads,Refresh your routine for spring.,2025-04-15,false,,false,,,
SEND005016,CMP07,Early Holiday,C00701,email,A head start on thoughtful gifting.,2025-11-24,true,87,false,V010673,,
SEND005017,CMP01,New Year Reset,C00473,email,Start fresh with practical favorites.,2025-02-04,true,51,false,V010674,,
SEND005018,CMP08,Holiday Highlights,C00875,ads,Explore customer favorites this holiday.,2025-12-21,false,,false,,,
SEND005019,CMP05,Back to Routine,C00584,email,Get back into your everyday rhythm.,2025-08-08,false,,false,,,
SEND005020,CMP01,New Year Reset,C00740,email,Start fresh with practical favorites.,2025-02-04,false,,false,,,
SEND005021,CMP01,New Year Reset,C00937,email,Start fresh with practical favorites.,2025-02-07,false,,false,,,
SEND005022,CMP05,Back to Routine,C00400,email,Get back into your everyday rhythm.,2025-08-19,false,,false,,,
SEND005023,CMP06,Autumn Edit,C00852,ads,Discover this season's useful upgrades.,2025-10-31,false,,false,,,
SEND005024,CMP04,Summer Essentials,C00855,ads,Simple essentials for warmer days.,2025-08-16,false,,false,,,
SEND005025,CMP06,Autumn Edit,C00966,ads,Discover this season's useful upgrades.,2025-09-21,false,,false,,,
SEND005026,CMP04,Summer Essentials,C00778,ads,Simple essentials for warmer days.,2025-06-07,false,,false,,,
SEND005027,CMP08,Holiday Highlights,C00206,ads,Explore customer favorites this holiday.,2025-12-26,false,,false,,,
SEND005028,CMP08,Holiday Highlights,C00531,ads,Explore customer favorites this holiday.,2025-11-04,false,,false,,,
SEND005029,CMP02,Spring Refresh,C00905,ads,Refresh your routine for spring.,2025-04-23,false,,false,,,
SEND005030,CMP07,Early Holiday,C00215,email,A head start on thoughtful gifting.,2025-11-07,false,,false,,,
SEND005031,CMP06,Autumn Edit,C00524,ads,Discover this season's useful upgrades.,2025-10-04,false,,false,,,
SEND005032,CMP07,Early Holiday,C00230,email,A head start on thoughtful gifting.,2025-11-01,false,,false,,,
SEND005033,CMP04,Summer Essentials,C00241,ads,Simple essentials for warmer days.,2025-07-21,false,,false,,,
SEND005034,CMP08,Holiday Highlights,C00955,ads,Explore customer favorites this holiday.,2025-12-17,true,138,false,V010675,,
SEND005035,CMP07,Early Holiday,C00691,email,A head start on thoughtful gifting.,2025-11-22,false,,false,,,
SEND005036,CMP04,Summer Essentials,C00997,ads,Simple essentials for warmer days.,2025-06-11,false,,false,,,
SEND005037,CMP07,Early Holiday,C00579,email,A head start on thoughtful gifting.,2025-11-15,false,,false,,,
SEND005038,CMP07,Early Holiday,C00401,email,A head start on thoughtful gifting.,2025-11-24,false,,false,,,
SEND005039,CMP02,Spring Refresh,C00858,ads,Refresh your routine for spring.,2025-03-04,false,,false,,,
SEND005040,CMP02,Spring Refresh,C00776,ads,Refresh your routine for spring.,2025-03-11,false,,false,,,
SEND005041,CMP08,Holiday Highlights,C00126,ads,Explore customer favorites this holiday.,2025-11-28,false,,false,,,
SEND005042,CMP03,Member Picks,C00914,email,Popular picks selected for you.,2025-05-15,true,160,true,V010676,T006104,84.68
SEND005043,CMP03,Member Picks,C00868,email,Popular picks selected for you.,2025-05-16,false,,false,,,
SEND005044,CMP04,Summer Essentials,C00691,ads,Simple essentials for warmer days.,2025-06-15,false,,false,,,
SEND005045,CMP08,Holiday Highlights,C00241,ads,Explore customer favorites this holiday.,2025-11-09,false,,false,,,
SEND005046,CMP01,New Year Reset,C00889,email,Start fresh with practical favorites.,2025-02-17,false,,false,,,
SEND005047,CMP06,Autumn Edit,C00627,ads,Discover this season's useful upgrades.,2025-09-06,false,,false,,,
SEND005048,CMP01,New Year Reset,C00151,email,Start fresh with practical favorites.,2025-02-10,false,,false,,,
SEND005049,CMP01,New Year Reset,C00656,email,Start fresh with practical favorites.,2025-01-24,false,,false,,,
SEND005050,CMP04,Summer Essentials,C00874,ads,Simple essentials for warmer days.,2025-08-14,false,,false,,,
SEND005051,CMP01,New Year Reset,C00248,email,Start fresh with practical favorites.,2025-01-14,false,,false,,,
SEND005052,CMP08,Holiday Highlights,C00642,ads,Explore customer favorites this holiday.,2025-11-05,false,,false,,,
SEND005053,CMP05,Back to Routine,C00745,email,Get back into your everyday rhythm.,2025-09-19,true,118,false,V010677,,
SEND005054,CMP03,Member Picks,C00712,email,Popular picks selected for you.,2025-05-13,false,,false,,,
SEND005055,CMP04,Summer Essentials,C00030,ads,Simple essentials for warmer days.,2025-06-07,false,,false,,,
SEND005056,CMP06,Autumn Edit,C00773,ads,Discover this season's useful upgrades.,2025-09-26,false,,false,,,
SEND005057,CMP01,New Year Reset,C00299,email,Start fresh with practical favorites.,2025-02-24,true,91,false,V010678,,
SEND005058,CMP02,Spring Refresh,C00501,ads,Refresh your routine for spring.,2025-03-11,false,,false,,,
SEND005059,CMP03,Member Picks,C00252,email,Popular picks selected for you.,2025-05-15,false,,false,,,
SEND005060,CMP04,Summer Essentials,C00150,ads,Simple essentials for warmer days.,2025-08-25,false,,false,,,
SEND005061,CMP02,Spring Refresh,C00530,ads,Refresh your routine for spring.,2025-04-29,false,,false,,,
SEND005062,CMP03,Member Picks,C00977,email,Popular picks selected for you.,2025-05-31,false,,false,,,
SEND005063,CMP01,New Year Reset,C00852,email,Start fresh with practical favorites.,2025-01-31,true,61,false,V010679,,
SEND005064,CMP01,New Year Reset,C00085,email,Start fresh with practical favorites.,2025-01-25,true,63,false,V010680,,
SEND005065,CMP03,Member Picks,C00516,email,Popular picks selected for you.,2025-05-01,false,,false,,,
SEND005066,CMP03,Member Picks,C00710,email,Popular picks selected for you.,2025-06-20,false,,false,,,
SEND005067,CMP05,Back to Routine,C00611,email,Get back into your everyday rhythm.,2025-09-22,false,,false,,,
SEND005068,CMP03,Member Picks,C00640,email,Popular picks selected for you.,2025-05-14,false,,false,,,
SEND005069,CMP04,Summer Essentials,C00531,ads,Simple essentials for warmer days.,2025-06-24,false,,false,,,
SEND005070,CMP07,Early Holiday,C00250,email,A head start on thoughtful gifting.,2025-11-15,true,133,false,V010681,,
SEND005071,CMP01,New Year Reset,C00509,email,Start fresh with practical favorites.,2025-01-08,false,,false,,,
SEND005072,CMP02,Spring Refresh,C00875,ads,Refresh your routine for spring.,2025-04-13,false,,false,,,
SEND005073,CMP06,Autumn Edit,C00948,ads,Discover this season's useful upgrades.,2025-09-09,false,,false,,,
SEND005074,CMP08,Holiday Highlights,C00002,ads,Explore customer favorites this holiday.,2025-11-08,false,,false,,,
SEND005075,CMP01,New Year Reset,C00896,email,Start fresh with practical favorites.,2025-01-20,false,,false,,,
SEND005076,CMP03,Member Picks,C00720,email,Popular picks selected for you.,2025-06-26,false,,false,,,
SEND005077,CMP01,New Year Reset,C00052,email,Start fresh with practical favorites.,2025-01-28,true,378,false,V010682,,
SEND005078,CMP08,Holiday Highlights,C00609,ads,Explore customer favorites this holiday.,2025-11-29,false,,false,,,
SEND005079,CMP02,Spring Refresh,C00200,ads,Refresh your routine for spring.,2025-03-28,false,,false,,,
SEND005080,CMP05,Back to Routine,C00713,email,Get back into your everyday rhythm.,2025-09-04,false,,false,,,
SEND005081,CMP06,Autumn Edit,C00031,ads,Discover this season's useful upgrades.,2025-09-29,false,,false,,,
SEND005082,CMP02,Spring Refresh,C00454,ads,Refresh your routine for spring.,2025-03-21,false,,false,,,
SEND005083,CMP05,Back to Routine,C00386,email,Get back into your everyday rhythm.,2025-08-16,false,,false,,,
SEND005084,CMP07,Early Holiday,C00602,email,A head start on thoughtful gifting.,2025-11-08,false,,false,,,
SEND005085,CMP07,Early Holiday,C00334,email,A head start on thoughtful gifting.,2025-11-01,false,,false,,,
SEND005086,CMP03,Member Picks,C00647,email,Popular picks selected for you.,2025-05-25,false,,false,,,
SEND005087,CMP03,Member Picks,C00442,email,Popular picks selected for you.,2025-05-02,false,,false,,,
SEND005088,CMP06,Autumn Edit,C00115,ads,Discover this season's useful upgrades.,2025-09-10,false,,false,,,
SEND005089,CMP02,Spring Refresh,C00052,ads,Refresh your routine for spring.,2025-04-12,false,,false,,,
SEND005090,CMP04,Summer Essentials,C00760,ads,Simple essentials for warmer days.,2025-08-28,false,,false,,,
SEND005091,CMP03,Member Picks,C00351,email,Popular picks selected for you.,2025-05-22,false,,false,,,
SEND005092,CMP07,Early Holiday,C00631,email,A head start on thoughtful gifting.,2025-11-25,false,,false,,,
SEND005093,CMP02,Spring Refresh,C00195,ads,Refresh your routine for spring.,2025-04-18,false,,false,,,
SEND005094,CMP02,Spring Refresh,C00533,ads,Refresh your routine for spring.,2025-04-30,false,,false,,,
SEND005095,CMP05,Back to Routine,C00886,email,Get back into your everyday rhythm.,2025-08-03,false,,false,,,
SEND005096,CMP01,New Year Reset,C00085,email,Start fresh with practical favorites.,2025-02-28,false,,false,,,
SEND005097,CMP04,Summer Essentials,C00459,ads,Simple essentials for warmer days.,2025-07-06,false,,false,,,
SEND005098,CMP07,Early Holiday,C00899,email,A head start on thoughtful gifting.,2025-11-23,false,,false,,,
SEND005099,CMP01,New Year Reset,C00486,email,Start fresh with practical favorites.,2025-01-06,false,,false,,,
SEND005100,CMP03,Member Picks,C00947,email,Popular picks selected for you.,2025-06-26,false,,false,,,
SEND005101,CMP06,Autumn Edit,C00041,ads,Discover this season's useful upgrades.,2025-09-24,false,,false,,,
SEND005102,CMP01,New Year Reset,C00161,email,Start fresh with practical favorites.,2025-02-26,true,65,false,V010683,,
SEND005103,CMP07,Early Holiday,C00591,email,A head start on thoughtful gifting.,2025-11-09,false,,false,,,
SEND005104,CMP03,Member Picks,C00252,email,Popular picks selected for you.,2025-05-03,false,,false,,,
SEND005105,CMP02,Spring Refresh,C00713,ads,Refresh your routine for spring.,2025-03-11,false,,false,,,
SEND005106,CMP02,Spring Refresh,C00259,ads,Refresh your routine for spring.,2025-04-27,false,,false,,,
SEND005107,CMP02,Spring Refresh,C00631,ads,Refresh your routine for spring.,2025-03-10,false,,false,,,
SEND005108,CMP07,Early Holiday,C00199,email,A head start on thoughtful gifting.,2025-11-13,false,,false,,,
SEND005109,CMP03,Member Picks,C00823,email,Popular picks selected for you.,2025-06-01,false,,false,,,
SEND005110,CMP01,New Year Reset,C00954,email,Start fresh with practical favorites.,2025-02-22,false,,false,,,
SEND005111,CMP05,Back to Routine,C00482,email,Get back into your everyday rhythm.,2025-08-24,true,27,false,V010684,,
SEND005112,CMP06,Autumn Edit,C00374,ads,Discover this season's useful upgrades.,2025-10-15,false,,false,,,
SEND005113,CMP02,Spring Refresh,C00418,ads,Refresh your routine for spring.,2025-03-08,false,,false,,,
SEND005114,CMP06,Autumn Edit,C00892,ads,Discover this season's useful upgrades.,2025-09-27,false,,false,,,
SEND005115,CMP01,New Year Reset,C00250,email,Start fresh with practical favorites.,2025-02-17,true,158,false,V010685,,
SEND005116,CMP01,New Year Reset,C00461,email,Start fresh with practical favorites.,2025-01-31,false,,false,,,
SEND005117,CMP06,Autumn Edit,C00233,ads,Discover this season's useful upgrades.,2025-10-10,false,,false,,,
SEND005118,CMP05,Back to Routine,C00572,email,Get back into your everyday rhythm.,2025-08-17,false,,false,,,
SEND005119,CMP01,New Year Reset,C00155,email,Start fresh with practical favorites.,2025-01-07,true,68,false,V010686,,
SEND005120,CMP04,Summer Essentials,C00830,ads,Simple essentials for warmer days.,2025-08-09,false,,false,,,
SEND005121,CMP06,Autumn Edit,C00746,ads,Discover this season's useful upgrades.,2025-10-20,false,,false,,,
SEND005122,CMP08,Holiday Highlights,C00791,ads,Explore customer favorites this holiday.,2025-12-15,false,,false,,,
SEND005123,CMP04,Summer Essentials,C00057,ads,Simple essentials for warmer days.,2025-08-04,true,20,true,V010687,T006105,174.09
SEND005124,CMP08,Holiday Highlights,C00117,ads,Explore customer favorites this holiday.,2025-11-15,false,,false,,,
SEND005125,CMP06,Autumn Edit,C00581,ads,Discover this season's useful upgrades.,2025-09-04,false,,false,,,
SEND005126,CMP05,Back to Routine,C00253,email,Get back into your everyday rhythm.,2025-08-18,false,,false,,,
SEND005127,CMP04,Summer Essentials,C00746,ads,Simple essentials for warmer days.,2025-08-10,false,,false,,,
SEND005128,CMP04,Summer Essentials,C00202,ads,Simple essentials for warmer days.,2025-07-28,false,,false,,,
SEND005129,CMP06,Autumn Edit,C00236,ads,Discover this season's useful upgrades.,2025-10-18,false,,false,,,
SEND005130,CMP06,Autumn Edit,C00166,ads,Discover this season's useful upgrades.,2025-10-07,true,345,false,V010688,,
SEND005131,CMP07,Early Holiday,C00281,email,A head start on thoughtful gifting.,2025-11-10,false,,false,,,
SEND005132,CMP01,New Year Reset,C00204,email,Start fresh with practical favorites.,2025-01-03,false,,false,,,
SEND005133,CMP08,Holiday Highlights,C00285,ads,Explore customer favorites this holiday.,2025-11-04,false,,false,,,
SEND005134,CMP05,Back to Routine,C00046,email,Get back into your everyday rhythm.,2025-09-29,false,,false,,,
SEND005135,CMP03,Member Picks,C00619,email,Popular picks selected for you.,2025-06-09,false,,false,,,
SEND005136,CMP04,Summer Essentials,C00220,ads,Simple essentials for warmer days.,2025-08-21,false,,false,,,
SEND005137,CMP04,Summer Essentials,C00905,ads,Simple essentials for warmer days.,2025-08-05,false,,false,,,
SEND005138,CMP02,Spring Refresh,C00042,ads,Refresh your routine for spring.,2025-03-16,false,,false,,,
SEND005139,CMP01,New Year Reset,C00882,email,Start fresh with practical favorites.,2025-02-28,true,114,false,V010689,,
SEND005140,CMP01,New Year Reset,C00103,email,Start fresh with practical favorites.,2025-02-02,false,,false,,,
SEND005141,CMP07,Early Holiday,C00234,email,A head start on thoughtful gifting.,2025-11-06,false,,false,,,
SEND005142,CMP05,Back to Routine,C00498,email,Get back into your everyday rhythm.,2025-08-05,true,51,false,V010690,,
SEND005143,CMP02,Spring Refresh,C00934,ads,Refresh your routine for spring.,2025-04-05,false,,false,,,
SEND005144,CMP05,Back to Routine,C00015,email,Get back into your everyday rhythm.,2025-08-06,false,,false,,,
SEND005145,CMP03,Member Picks,C00508,email,Popular picks selected for you.,2025-06-19,false,,false,,,
SEND005146,CMP05,Back to Routine,C00760,email,Get back into your everyday rhythm.,2025-08-23,false,,false,,,
SEND005147,CMP02,Spring Refresh,C00989,ads,Refresh your routine for spring.,2025-04-10,false,,false,,,
SEND005148,CMP05,Back to Routine,C00894,email,Get back into your everyday rhythm.,2025-08-01,false,,false,,,
SEND005149,CMP03,Member Picks,C00584,email,Popular picks selected for you.,2025-06-27,false,,false,,,
SEND005150,CMP02,Spring Refresh,C00043,ads,Refresh your routine for spring.,2025-04-19,false,,false,,,
SEND005151,CMP04,Summer Essentials,C00809,ads,Simple essentials for warmer days.,2025-07-05,false,,false,,,
SEND005152,CMP01,New Year Reset,C00604,email,Start fresh with practical favorites.,2025-02-23,false,,false,,,
SEND005153,CMP05,Back to Routine,C00851,email,Get back into your everyday rhythm.,2025-09-24,false,,false,,,
SEND005154,CMP07,Early Holiday,C00231,email,A head start on thoughtful gifting.,2025-11-05,false,,false,,,
SEND005155,CMP01,New Year Reset,C00452,email,Start fresh with practical favorites.,2025-02-11,false,,false,,,
SEND005156,CMP03,Member Picks,C00191,email,Popular picks selected for you.,2025-05-29,false,,false,,,
SEND005157,CMP03,Member Picks,C00749,email,Popular picks selected for you.,2025-06-28,false,,false,,,
SEND005158,CMP07,Early Holiday,C00974,email,A head start on thoughtful gifting.,2025-11-04,false,,false,,,
SEND005159,CMP04,Summer Essentials,C00065,ads,Simple essentials for warmer days.,2025-08-10,false,,false,,,
SEND005160,CMP02,Spring Refresh,C00505,ads,Refresh your routine for spring.,2025-03-02,true,120,false,V010691,,
SEND005161,CMP02,Spring Refresh,C00183,ads,Refresh your routine for spring.,2025-04-18,false,,false,,,
SEND005162,CMP06,Autumn Edit,C00984,ads,Discover this season's useful upgrades.,2025-10-01,false,,false,,,
SEND005163,CMP05,Back to Routine,C00269,email,Get back into your everyday rhythm.,2025-08-02,false,,false,,,
SEND005164,CMP05,Back to Routine,C00620,email,Get back into your everyday rhythm.,2025-08-15,false,,false,,,
SEND005165,CMP02,Spring Refresh,C00728,ads,Refresh your routine for spring.,2025-03-08,false,,false,,,
SEND005166,CMP01,New Year Reset,C00350,email,Start fresh with practical favorites.,2025-01-26,false,,false,,,
SEND005167,CMP01,New Year Reset,C00670,email,Start fresh with practical favorites.,2025-01-02,false,,false,,,
SEND005168,CMP03,Member Picks,C00668,email,Popular picks selected for you.,2025-05-13,false,,false,,,
SEND005169,CMP05,Back to Routine,C00658,email,Get back into your everyday rhythm.,2025-08-11,false,,false,,,
SEND005170,CMP05,Back to Routine,C00010,email,Get back into your everyday rhythm.,2025-08-11,false,,false,,,
SEND005171,CMP01,New Year Reset,C00324,email,Start fresh with practical favorites.,2025-01-05,false,,false,,,
SEND005172,CMP04,Summer Essentials,C00021,ads,Simple essentials for warmer days.,2025-06-19,false,,false,,,
SEND005173,CMP08,Holiday Highlights,C00917,ads,Explore customer favorites this holiday.,2025-11-21,false,,false,,,
SEND005174,CMP05,Back to Routine,C00393,email,Get back into your everyday rhythm.,2025-08-18,false,,false,,,
SEND005175,CMP02,Spring Refresh,C00129,ads,Refresh your routine for spring.,2025-04-17,false,,false,,,
SEND005176,CMP06,Autumn Edit,C00447,ads,Discover this season's useful upgrades.,2025-10-29,false,,false,,,
SEND005177,CMP08,Holiday Highlights,C00660,ads,Explore customer favorites this holiday.,2025-12-27,false,,false,,,
SEND005178,CMP03,Member Picks,C00759,email,Popular picks selected for you.,2025-05-30,false,,false,,,
SEND005179,CMP04,Summer Essentials,C00570,ads,Simple essentials for warmer days.,2025-06-23,false,,false,,,
SEND005180,CMP07,Early Holiday,C00145,email,A head start on thoughtful gifting.,2025-11-17,true,71,false,V010692,,
SEND005181,CMP07,Early Holiday,C00078,email,A head start on thoughtful gifting.,2025-11-29,false,,false,,,
SEND005182,CMP06,Autumn Edit,C00126,ads,Discover this season's useful upgrades.,2025-09-30,false,,false,,,
SEND005183,CMP07,Early Holiday,C00686,email,A head start on thoughtful gifting.,2025-11-18,false,,false,,,
SEND005184,CMP01,New Year Reset,C00580,email,Start fresh with practical favorites.,2025-02-25,false,,false,,,
SEND005185,CMP01,New Year Reset,C00472,email,Start fresh with practical favorites.,2025-02-12,false,,false,,,
SEND005186,CMP05,Back to Routine,C00341,email,Get back into your everyday rhythm.,2025-09-25,false,,false,,,
SEND005187,CMP06,Autumn Edit,C00570,ads,Discover this season's useful upgrades.,2025-10-27,false,,false,,,
SEND005188,CMP04,Summer Essentials,C00939,ads,Simple essentials for warmer days.,2025-06-04,false,,false,,,
SEND005189,CMP05,Back to Routine,C00533,email,Get back into your everyday rhythm.,2025-09-05,false,,false,,,
SEND005190,CMP05,Back to Routine,C00729,email,Get back into your everyday rhythm.,2025-08-27,false,,false,,,
SEND005191,CMP05,Back to Routine,C00238,email,Get back into your everyday rhythm.,2025-08-15,true,144,false,V010693,,
SEND005192,CMP03,Member Picks,C00431,email,Popular picks selected for you.,2025-06-10,false,,false,,,
SEND005193,CMP05,Back to Routine,C00352,email,Get back into your everyday rhythm.,2025-08-31,false,,false,,,
SEND005194,CMP06,Autumn Edit,C00661,ads,Discover this season's useful upgrades.,2025-09-21,false,,false,,,
SEND005195,CMP04,Summer Essentials,C00863,ads,Simple essentials for warmer days.,2025-07-17,false,,false,,,
SEND005196,CMP02,Spring Refresh,C00259,ads,Refresh your routine for spring.,2025-03-13,false,,false,,,
SEND005197,CMP05,Back to Routine,C00483,email,Get back into your everyday rhythm.,2025-09-25,true,87,true,V010694,T006106,136.05
SEND005198,CMP08,Holiday Highlights,C00695,ads,Explore customer favorites this holiday.,2025-12-28,false,,false,,,
SEND005199,CMP03,Member Picks,C00835,email,Popular picks selected for you.,2025-06-03,false,,false,,,
SEND005200,CMP01,New Year Reset,C00815,email,Start fresh with practical favorites.,2025-02-13,false,,false,,,
SEND005201,CMP06,Autumn Edit,C00060,ads,Discover this season's useful upgrades.,2025-09-09,false,,false,,,
SEND005202,CMP05,Back to Routine,C00773,email,Get back into your everyday rhythm.,2025-08-07,false,,false,,,
SEND005203,CMP08,Holiday Highlights,C00598,ads,Explore customer favorites this holiday.,2025-12-01,false,,false,,,
SEND005204,CMP04,Summer Essentials,C00143,ads,Simple essentials for warmer days.,2025-08-10,false,,false,,,
SEND005205,CMP07,Early Holiday,C00211,email,A head start on thoughtful gifting.,2025-11-24,true,112,false,V010695,,
SEND005206,CMP01,New Year Reset,C00681,email,Start fresh with practical favorites.,2025-02-22,false,,false,,,
SEND005207,CMP02,Spring Refresh,C00617,ads,Refresh your routine for spring.,2025-03-29,false,,false,,,
SEND005208,CMP04,Summer Essentials,C00756,ads,Simple essentials for warmer days.,2025-08-10,false,,false,,,
SEND005209,CMP02,Spring Refresh,C00447,ads,Refresh your routine for spring.,2025-04-07,false,,false,,,
SEND005210,CMP02,Spring Refresh,C00552,ads,Refresh your routine for spring.,2025-04-28,false,,false,,,
SEND005211,CMP08,Holiday Highlights,C00732,ads,Explore customer favorites this holiday.,2025-12-20,false,,false,,,
SEND005212,CMP01,New Year Reset,C00911,email,Start fresh with practical favorites.,2025-01-17,false,,false,,,
SEND005213,CMP04,Summer Essentials,C00206,ads,Simple essentials for warmer days.,2025-07-20,false,,false,,,
SEND005214,CMP02,Spring Refresh,C00081,ads,Refresh your routine for spring.,2025-03-26,true,86,false,V010696,,
SEND005215,CMP07,Early Holiday,C00974,email,A head start on thoughtful gifting.,2025-11-21,true,26,false,V010697,,
SEND005216,CMP04,Summer Essentials,C00667,ads,Simple essentials for warmer days.,2025-06-10,true,311,false,V010698,,
SEND005217,CMP08,Holiday Highlights,C00294,ads,Explore customer favorites this holiday.,2025-12-26,false,,false,,,
SEND005218,CMP08,Holiday Highlights,C00712,ads,Explore customer favorites this holiday.,2025-11-07,false,,false,,,
SEND005219,CMP01,New Year Reset,C00904,email,Start fresh with practical favorites.,2025-02-20,false,,false,,,
SEND005220,CMP06,Autumn Edit,C00146,ads,Discover this season's useful upgrades.,2025-09-13,false,,false,,,
SEND005221,CMP01,New Year Reset,C00204,email,Start fresh with practical favorites.,2025-02-14,false,,false,,,
SEND005222,CMP01,New Year Reset,C00948,email,Start fresh with practical favorites.,2025-02-14,true,105,false,V010699,,
SEND005223,CMP02,Spring Refresh,C00721,ads,Refresh your routine for spring.,2025-04-30,false,,false,,,
SEND005224,CMP07,Early Holiday,C00367,email,A head start on thoughtful gifting.,2025-11-07,false,,false,,,
SEND005225,CMP03,Member Picks,C00289,email,Popular picks selected for you.,2025-05-09,false,,false,,,
SEND005226,CMP04,Summer Essentials,C00605,ads,Simple essentials for warmer days.,2025-07-03,false,,false,,,
SEND005227,CMP07,Early Holiday,C00161,email,A head start on thoughtful gifting.,2025-11-08,false,,false,,,
SEND005228,CMP01,New Year Reset,C00216,email,Start fresh with practical favorites.,2025-01-17,true,69,false,V010700,,
SEND005229,CMP04,Summer Essentials,C00610,ads,Simple essentials for warmer days.,2025-08-21,false,,false,,,
SEND005230,CMP08,Holiday Highlights,C00399,ads,Explore customer favorites this holiday.,2025-11-21,false,,false,,,
SEND005231,CMP08,Holiday Highlights,C00025,ads,Explore customer favorites this holiday.,2025-11-13,false,,false,,,
SEND005232,CMP02,Spring Refresh,C00471,ads,Refresh your routine for spring.,2025-03-02,false,,false,,,
SEND005233,CMP06,Autumn Edit,C00361,ads,Discover this season's useful upgrades.,2025-10-25,false,,false,,,
SEND005234,CMP04,Summer Essentials,C00137,ads,Simple essentials for warmer days.,2025-06-10,false,,false,,,
SEND005235,CMP01,New Year Reset,C00158,email,Start fresh with practical favorites.,2025-01-10,false,,false,,,
SEND005236,CMP07,Early Holiday,C00500,email,A head start on thoughtful gifting.,2025-11-13,false,,false,,,
SEND005237,CMP05,Back to Routine,C00212,email,Get back into your everyday rhythm.,2025-08-15,false,,false,,,
SEND005238,CMP08,Holiday Highlights,C00878,ads,Explore customer favorites this holiday.,2025-12-24,false,,false,,,
SEND005239,CMP07,Early Holiday,C00724,email,A head start on thoughtful gifting.,2025-11-14,false,,false,,,
SEND005240,CMP02,Spring Refresh,C00438,ads,Refresh your routine for spring.,2025-03-12,true,54,false,V010701,,
SEND005241,CMP05,Back to Routine,C00993,email,Get back into your everyday rhythm.,2025-08-04,false,,false,,,
SEND005242,CMP03,Member Picks,C00406,email,Popular picks selected for you.,2025-05-23,false,,false,,,
SEND005243,CMP02,Spring Refresh,C00683,ads,Refresh your routine for spring.,2025-03-06,false,,false,,,
SEND005244,CMP03,Member Picks,C00815,email,Popular picks selected for you.,2025-06-09,false,,false,,,
SEND005245,CMP04,Summer Essentials,C00646,ads,Simple essentials for warmer days.,2025-07-22,false,,false,,,
SEND005246,CMP05,Back to Routine,C00725,email,Get back into your everyday rhythm.,2025-08-28,false,,false,,,
SEND005247,CMP04,Summer Essentials,C00204,ads,Simple essentials for warmer days.,2025-08-14,false,,false,,,
SEND005248,CMP08,Holiday Highlights,C00972,ads,Explore customer favorites this holiday.,2025-12-06,false,,false,,,
SEND005249,CMP07,Early Holiday,C00928,email,A head start on thoughtful gifting.,2025-11-07,false,,false,,,
SEND005250,CMP04,Summer Essentials,C00092,ads,Simple essentials for warmer days.,2025-07-11,true,173,false,V010702,,
SEND005251,CMP02,Spring Refresh,C00017,ads,Refresh your routine for spring.,2025-03-05,true,88,false,V010703,,
SEND005252,CMP05,Back to Routine,C00788,email,Get back into your everyday rhythm.,2025-09-29,false,,false,,,
SEND005253,CMP05,Back to Routine,C00351,email,Get back into your everyday rhythm.,2025-09-07,false,,false,,,
SEND005254,CMP05,Back to Routine,C00520,email,Get back into your everyday rhythm.,2025-08-01,false,,false,,,
SEND005255,CMP03,Member Picks,C00366,email,Popular picks selected for you.,2025-05-06,true,230,false,V010704,,
SEND005256,CMP07,Early Holiday,C00399,email,A head start on thoughtful gifting.,2025-11-10,false,,false,,,
SEND005257,CMP04,Summer Essentials,C00233,ads,Simple essentials for warmer days.,2025-06-16,false,,false,,,
SEND005258,CMP08,Holiday Highlights,C00309,ads,Explore customer favorites this holiday.,2025-11-26,false,,false,,,
SEND005259,CMP08,Holiday Highlights,C00455,ads,Explore customer favorites this holiday.,2025-11-13,false,,false,,,
SEND005260,CMP02,Spring Refresh,C00271,ads,Refresh your routine for spring.,2025-03-18,true,80,false,V010705,,
SEND005261,CMP03,Member Picks,C00772,email,Popular picks selected for you.,2025-05-04,false,,false,,,
SEND005262,CMP06,Autumn Edit,C00168,ads,Discover this season's useful upgrades.,2025-09-05,false,,false,,,
SEND005263,CMP06,Autumn Edit,C00851,ads,Discover this season's useful upgrades.,2025-09-22,false,,false,,,
SEND005264,CMP01,New Year Reset,C00736,email,Start fresh with practical favorites.,2025-01-01,false,,false,,,
SEND005265,CMP02,Spring Refresh,C00045,ads,Refresh your routine for spring.,2025-03-09,false,,false,,,
SEND005266,CMP01,New Year Reset,C00470,email,Start fresh with practical favorites.,2025-01-13,false,,false,,,
SEND005267,CMP04,Summer Essentials,C00402,ads,Simple essentials for warmer days.,2025-08-08,true,45,false,V010706,,
SEND005268,CMP01,New Year Reset,C00570,email,Start fresh with practical favorites.,2025-01-03,false,,false,,,
SEND005269,CMP07,Early Holiday,C00522,email,A head start on thoughtful gifting.,2025-11-07,false,,false,,,
SEND005270,CMP07,Early Holiday,C00088,email,A head start on thoughtful gifting.,2025-11-05,false,,false,,,
SEND005271,CMP05,Back to Routine,C00614,email,Get back into your everyday rhythm.,2025-08-17,false,,false,,,
SEND005272,CMP08,Holiday Highlights,C00369,ads,Explore customer favorites this holiday.,2025-12-08,false,,false,,,
SEND005273,CMP04,Summer Essentials,C00790,ads,Simple essentials for warmer days.,2025-08-13,false,,false,,,
SEND005274,CMP06,Autumn Edit,C00913,ads,Discover this season's useful upgrades.,2025-09-13,false,,false,,,
SEND005275,CMP05,Back to Routine,C00130,email,Get back into your everyday rhythm.,2025-08-08,true,312,false,V010707,,
SEND005276,CMP06,Autumn Edit,C00390,ads,Discover this season's useful upgrades.,2025-09-27,false,,false,,,
SEND005277,CMP08,Holiday Highlights,C00908,ads,Explore customer favorites this holiday.,2025-12-15,false,,false,,,
SEND005278,CMP06,Autumn Edit,C00628,ads,Discover this season's useful upgrades.,2025-09-25,false,,false,,,
SEND005279,CMP06,Autumn Edit,C00531,ads,Discover this season's useful upgrades.,2025-10-18,false,,false,,,
SEND005280,CMP03,Member Picks,C00358,email,Popular picks selected for you.,2025-05-08,false,,false,,,
SEND005281,CMP05,Back to Routine,C00705,email,Get back into your everyday rhythm.,2025-09-03,false,,false,,,
SEND005282,CMP01,New Year Reset,C00276,email,Start fresh with practical favorites.,2025-01-08,false,,false,,,
SEND005283,CMP05,Back to Routine,C00518,email,Get back into your everyday rhythm.,2025-09-21,false,,false,,,
SEND005284,CMP05,Back to Routine,C00946,email,Get back into your everyday rhythm.,2025-08-08,false,,false,,,
SEND005285,CMP06,Autumn Edit,C00052,ads,Discover this season's useful upgrades.,2025-10-05,false,,false,,,
SEND005286,CMP08,Holiday Highlights,C00652,ads,Explore customer favorites this holiday.,2025-12-20,true,96,true,V010708,T006107,72.78
SEND005287,CMP07,Early Holiday,C00453,email,A head start on thoughtful gifting.,2025-11-27,false,,false,,,
SEND005288,CMP03,Member Picks,C00408,email,Popular picks selected for you.,2025-05-24,false,,false,,,
SEND005289,CMP08,Holiday Highlights,C00687,ads,Explore customer favorites this holiday.,2025-12-17,true,77,false,V010709,,
SEND005290,CMP07,Early Holiday,C00334,email,A head start on thoughtful gifting.,2025-11-23,false,,false,,,
SEND005291,CMP03,Member Picks,C00244,email,Popular picks selected for you.,2025-05-16,false,,false,,,
SEND005292,CMP04,Summer Essentials,C00945,ads,Simple essentials for warmer days.,2025-07-22,false,,false,,,
SEND005293,CMP01,New Year Reset,C00987,email,Start fresh with practical favorites.,2025-01-06,false,,false,,,
SEND005294,CMP02,Spring Refresh,C00123,ads,Refresh your routine for spring.,2025-03-06,true,53,true,V010710,T006108,22.11
SEND005295,CMP03,Member Picks,C00561,email,Popular picks selected for you.,2025-06-12,false,,false,,,
SEND005296,CMP01,New Year Reset,C00842,email,Start fresh with practical favorites.,2025-02-08,false,,false,,,
SEND005297,CMP07,Early Holiday,C00298,email,A head start on thoughtful gifting.,2025-11-19,false,,false,,,
SEND005298,CMP07,Early Holiday,C00817,email,A head start on thoughtful gifting.,2025-11-05,false,,false,,,
SEND005299,CMP07,Early Holiday,C00894,email,A head start on thoughtful gifting.,2025-11-29,false,,false,,,
SEND005300,CMP08,Holiday Highlights,C00890,ads,Explore customer favorites this holiday.,2025-11-18,false,,false,,,
SEND005301,CMP02,Spring Refresh,C00514,ads,Refresh your routine for spring.,2025-03-12,false,,false,,,
SEND005302,CMP04,Summer Essentials,C00190,ads,Simple essentials for warmer days.,2025-08-22,false,,false,,,
SEND005303,CMP07,Early Holiday,C00695,email,A head start on thoughtful gifting.,2025-11-01,false,,false,,,
SEND005304,CMP04,Summer Essentials,C00702,ads,Simple essentials for warmer days.,2025-06-10,false,,false,,,
SEND005305,CMP04,Summer Essentials,C00885,ads,Simple essentials for warmer days.,2025-07-20,false,,false,,,
SEND005306,CMP02,Spring Refresh,C00561,ads,Refresh your routine for spring.,2025-04-05,false,,false,,,
SEND005307,CMP08,Holiday Highlights,C00684,ads,Explore customer favorites this holiday.,2025-11-23,false,,false,,,
SEND005308,CMP03,Member Picks,C00345,email,Popular picks selected for you.,2025-05-16,false,,false,,,
SEND005309,CMP03,Member Picks,C00450,email,Popular picks selected for you.,2025-05-23,false,,false,,,
SEND005310,CMP02,Spring Refresh,C00468,ads,Refresh your routine for spring.,2025-03-15,false,,false,,,
SEND005311,CMP01,New Year Reset,C00462,email,Start fresh with practical favorites.,2025-02-07,false,,false,,,
SEND005312,CMP07,Early Holiday,C00952,email,A head start on thoughtful gifting.,2025-11-10,false,,false,,,
SEND005313,CMP06,Autumn Edit,C00086,ads,Discover this season's useful upgrades.,2025-10-14,false,,false,,,
SEND005314,CMP04,Summer Essentials,C00574,ads,Simple essentials for warmer days.,2025-06-25,false,,false,,,
SEND005315,CMP01,New Year Reset,C00041,email,Start fresh with practical favorites.,2025-01-08,false,,false,,,
SEND005316,CMP04,Summer Essentials,C00668,ads,Simple essentials for warmer days.,2025-08-21,false,,false,,,
SEND005317,CMP04,Summer Essentials,C00064,ads,Simple essentials for warmer days.,2025-08-26,true,52,false,V010711,,
SEND005318,CMP01,New Year Reset,C00419,email,Start fresh with practical favorites.,2025-01-25,true,71,false,V010712,,
SEND005319,CMP08,Holiday Highlights,C00423,ads,Explore customer favorites this holiday.,2025-11-12,false,,false,,,
SEND005320,CMP08,Holiday Highlights,C00553,ads,Explore customer favorites this holiday.,2025-12-02,false,,false,,,
SEND005321,CMP04,Summer Essentials,C00656,ads,Simple essentials for warmer days.,2025-08-10,false,,false,,,
SEND005322,CMP01,New Year Reset,C00725,email,Start fresh with practical favorites.,2025-01-29,false,,false,,,
SEND005323,CMP02,Spring Refresh,C00129,ads,Refresh your routine for spring.,2025-04-04,true,224,true,V010713,T006109,74.24
SEND005324,CMP08,Holiday Highlights,C00205,ads,Explore customer favorites this holiday.,2025-12-07,false,,false,,,
SEND005325,CMP05,Back to Routine,C00993,email,Get back into your everyday rhythm.,2025-08-09,false,,false,,,
SEND005326,CMP01,New Year Reset,C00416,email,Start fresh with practical favorites.,2025-01-30,false,,false,,,
SEND005327,CMP08,Holiday Highlights,C00406,ads,Explore customer favorites this holiday.,2025-11-21,false,,false,,,
SEND005328,CMP01,New Year Reset,C00923,email,Start fresh with practical favorites.,2025-01-24,false,,false,,,
SEND005329,CMP07,Early Holiday,C00200,email,A head start on thoughtful gifting.,2025-11-04,true,51,true,V010714,T006110,47.39
SEND005330,CMP06,Autumn Edit,C00736,ads,Discover this season's useful upgrades.,2025-09-01,false,,false,,,
SEND005331,CMP03,Member Picks,C00481,email,Popular picks selected for you.,2025-05-26,false,,false,,,
SEND005332,CMP08,Holiday Highlights,C00428,ads,Explore customer favorites this holiday.,2025-11-23,false,,false,,,
SEND005333,CMP06,Autumn Edit,C00251,ads,Discover this season's useful upgrades.,2025-10-24,false,,false,,,
SEND005334,CMP04,Summer Essentials,C00162,ads,Simple essentials for warmer days.,2025-08-14,false,,false,,,
SEND005335,CMP03,Member Picks,C00290,email,Popular picks selected for you.,2025-06-11,false,,false,,,
SEND005336,CMP06,Autumn Edit,C00596,ads,Discover this season's useful upgrades.,2025-10-10,false,,false,,,
SEND005337,CMP02,Spring Refresh,C00334,ads,Refresh your routine for spring.,2025-04-06,false,,false,,,
SEND005338,CMP04,Summer Essentials,C00388,ads,Simple essentials for warmer days.,2025-06-15,true,28,false,V010715,,
SEND005339,CMP08,Holiday Highlights,C00587,ads,Explore customer favorites this holiday.,2025-12-06,false,,false,,,
SEND005340,CMP08,Holiday Highlights,C00895,ads,Explore customer favorites this holiday.,2025-11-09,false,,false,,,
SEND005341,CMP03,Member Picks,C00137,email,Popular picks selected for you.,2025-06-26,true,121,false,V010716,,
SEND005342,CMP03,Member Picks,C00679,email,Popular picks selected for you.,2025-05-23,true,114,false,V010717,,
SEND005343,CMP06,Autumn Edit,C00178,ads,Discover this season's useful upgrades.,2025-09-16,false,,false,,,
SEND005344,CMP08,Holiday Highlights,C00600,ads,Explore customer favorites this holiday.,2025-12-27,false,,false,,,
SEND005345,CMP07,Early Holiday,C00773,email,A head start on thoughtful gifting.,2025-11-03,false,,false,,,
SEND005346,CMP02,Spring Refresh,C00963,ads,Refresh your routine for spring.,2025-03-30,false,,false,,,
SEND005347,CMP02,Spring Refresh,C00548,ads,Refresh your routine for spring.,2025-03-28,false,,false,,,
SEND005348,CMP08,Holiday Highlights,C00627,ads,Explore customer favorites this holiday.,2025-11-18,false,,false,,,
SEND005349,CMP04,Summer Essentials,C00899,ads,Simple essentials for warmer days.,2025-08-07,false,,false,,,
SEND005350,CMP07,Early Holiday,C00320,email,A head start on thoughtful gifting.,2025-11-03,false,,false,,,
SEND005351,CMP05,Back to Routine,C00325,email,Get back into your everyday rhythm.,2025-09-08,false,,false,,,
SEND005352,CMP02,Spring Refresh,C00069,ads,Refresh your routine for spring.,2025-03-29,false,,false,,,
SEND005353,CMP05,Back to Routine,C00660,email,Get back into your everyday rhythm.,2025-09-11,false,,false,,,
SEND005354,CMP05,Back to Routine,C00125,email,Get back into your everyday rhythm.,2025-08-22,false,,false,,,
SEND005355,CMP04,Summer Essentials,C00936,ads,Simple essentials for warmer days.,2025-06-10,false,,false,,,
SEND005356,CMP02,Spring Refresh,C00702,ads,Refresh your routine for spring.,2025-04-14,false,,false,,,
SEND005357,CMP02,Spring Refresh,C00846,ads,Refresh your routine for spring.,2025-04-28,false,,false,,,
SEND005358,CMP08,Holiday Highlights,C00060,ads,Explore customer favorites this holiday.,2025-11-09,false,,false,,,
SEND005359,CMP06,Autumn Edit,C00699,ads,Discover this season's useful upgrades.,2025-09-05,false,,false,,,
SEND005360,CMP01,New Year Reset,C00908,email,Start fresh with practical favorites.,2025-02-11,false,,false,,,
SEND005361,CMP06,Autumn Edit,C00053,ads,Discover this season's useful upgrades.,2025-10-06,false,,false,,,
SEND005362,CMP05,Back to Routine,C00980,email,Get back into your everyday rhythm.,2025-08-23,false,,false,,,
SEND005363,CMP08,Holiday Highlights,C00176,ads,Explore customer favorites this holiday.,2025-12-21,false,,false,,,
SEND005364,CMP02,Spring Refresh,C00916,ads,Refresh your routine for spring.,2025-03-08,false,,false,,,
SEND005365,CMP05,Back to Routine,C00781,email,Get back into your everyday rhythm.,2025-09-21,false,,false,,,
SEND005366,CMP04,Summer Essentials,C00538,ads,Simple essentials for warmer days.,2025-06-20,false,,false,,,
SEND005367,CMP06,Autumn Edit,C00716,ads,Discover this season's useful upgrades.,2025-10-10,false,,false,,,
SEND005368,CMP08,Holiday Highlights,C00938,ads,Explore customer favorites this holiday.,2025-11-23,false,,false,,,
SEND005369,CMP03,Member Picks,C00376,email,Popular picks selected for you.,2025-06-19,false,,false,,,
SEND005370,CMP02,Spring Refresh,C00501,ads,Refresh your routine for spring.,2025-03-26,false,,false,,,
SEND005371,CMP07,Early Holiday,C00353,email,A head start on thoughtful gifting.,2025-11-18,false,,false,,,
SEND005372,CMP03,Member Picks,C00769,email,Popular picks selected for you.,2025-05-20,false,,false,,,
SEND005373,CMP03,Member Picks,C00484,email,Popular picks selected for you.,2025-05-22,false,,false,,,
SEND005374,CMP02,Spring Refresh,C00648,ads,Refresh your routine for spring.,2025-03-13,false,,false,,,
SEND005375,CMP08,Holiday Highlights,C00434,ads,Explore customer favorites this holiday.,2025-12-12,false,,false,,,
SEND005376,CMP01,New Year Reset,C00445,email,Start fresh with practical favorites.,2025-01-28,false,,false,,,
SEND005377,CMP05,Back to Routine,C00283,email,Get back into your everyday rhythm.,2025-08-30,false,,false,,,
SEND005378,CMP06,Autumn Edit,C00319,ads,Discover this season's useful upgrades.,2025-09-21,false,,false,,,
SEND005379,CMP08,Holiday Highlights,C00548,ads,Explore customer favorites this holiday.,2025-11-21,false,,false,,,
SEND005380,CMP04,Summer Essentials,C00880,ads,Simple essentials for warmer days.,2025-08-26,false,,false,,,
SEND005381,CMP04,Summer Essentials,C00889,ads,Simple essentials for warmer days.,2025-08-18,false,,false,,,
SEND005382,CMP05,Back to Routine,C00069,email,Get back into your everyday rhythm.,2025-09-30,false,,false,,,
SEND005383,CMP08,Holiday Highlights,C00758,ads,Explore customer favorites this holiday.,2025-12-02,true,36,false,V010718,,
SEND005384,CMP08,Holiday Highlights,C00040,ads,Explore customer favorites this holiday.,2025-11-30,true,91,false,V010719,,
SEND005385,CMP04,Summer Essentials,C00915,ads,Simple essentials for warmer days.,2025-07-17,false,,false,,,
SEND005386,CMP08,Holiday Highlights,C00139,ads,Explore customer favorites this holiday.,2025-11-26,false,,false,,,
SEND005387,CMP06,Autumn Edit,C00061,ads,Discover this season's useful upgrades.,2025-10-21,true,77,false,V010720,,
SEND005388,CMP02,Spring Refresh,C00412,ads,Refresh your routine for spring.,2025-03-30,false,,false,,,
SEND005389,CMP05,Back to Routine,C00655,email,Get back into your everyday rhythm.,2025-08-23,false,,false,,,
SEND005390,CMP02,Spring Refresh,C00608,ads,Refresh your routine for spring.,2025-04-03,false,,false,,,
SEND005391,CMP08,Holiday Highlights,C00879,ads,Explore customer favorites this holiday.,2025-11-04,false,,false,,,
SEND005392,CMP08,Holiday Highlights,C00863,ads,Explore customer favorites this holiday.,2025-11-16,true,29,true,V010721,T006111,38.62
SEND005393,CMP01,New Year Reset,C00266,email,Start fresh with practical favorites.,2025-02-19,false,,false,,,
SEND005394,CMP03,Member Picks,C00891,email,Popular picks selected for you.,2025-05-29,false,,false,,,
SEND005395,CMP03,Member Picks,C00572,email,Popular picks selected for you.,2025-06-29,false,,false,,,
SEND005396,CMP07,Early Holiday,C00021,email,A head start on thoughtful gifting.,2025-11-25,false,,false,,,
SEND005397,CMP01,New Year Reset,C00307,email,Start fresh with practical favorites.,2025-01-29,false,,false,,,
SEND005398,CMP02,Spring Refresh,C00870,ads,Refresh your routine for spring.,2025-04-26,false,,false,,,
SEND005399,CMP01,New Year Reset,C00954,email,Start fresh with practical favorites.,2025-01-18,false,,false,,,
SEND005400,CMP08,Holiday Highlights,C00473,ads,Explore customer favorites this holiday.,2025-11-14,false,,false,,,
SEND005401,CMP03,Member Picks,C00696,email,Popular picks selected for you.,2025-06-13,false,,false,,,
SEND005402,CMP04,Summer Essentials,C00272,ads,Simple essentials for warmer days.,2025-08-01,false,,false,,,
SEND005403,CMP08,Holiday Highlights,C00142,ads,Explore customer favorites this holiday.,2025-11-23,true,31,false,V010722,,
SEND005404,CMP06,Autumn Edit,C00586,ads,Discover this season's useful upgrades.,2025-09-14,false,,false,,,
SEND005405,CMP05,Back to Routine,C00383,email,Get back into your everyday rhythm.,2025-09-05,false,,false,,,
SEND005406,CMP05,Back to Routine,C00196,email,Get back into your everyday rhythm.,2025-08-03,false,,false,,,
SEND005407,CMP05,Back to Routine,C00185,email,Get back into your everyday rhythm.,2025-08-23,false,,false,,,
SEND005408,CMP03,Member Picks,C00241,email,Popular picks selected for you.,2025-05-09,false,,false,,,
SEND005409,CMP02,Spring Refresh,C00492,ads,Refresh your routine for spring.,2025-04-23,true,151,false,V010723,,
SEND005410,CMP04,Summer Essentials,C00368,ads,Simple essentials for warmer days.,2025-06-28,false,,false,,,
SEND005411,CMP05,Back to Routine,C00527,email,Get back into your everyday rhythm.,2025-08-22,true,101,true,V010724,T006112,78.02
SEND005412,CMP02,Spring Refresh,C00108,ads,Refresh your routine for spring.,2025-04-09,false,,false,,,
SEND005413,CMP05,Back to Routine,C00407,email,Get back into your everyday rhythm.,2025-08-29,false,,false,,,
SEND005414,CMP04,Summer Essentials,C00256,ads,Simple essentials for warmer days.,2025-07-16,false,,false,,,
SEND005415,CMP03,Member Picks,C00922,email,Popular picks selected for you.,2025-06-27,false,,false,,,
SEND005416,CMP08,Holiday Highlights,C00409,ads,Explore customer favorites this holiday.,2025-12-02,false,,false,,,
SEND005417,CMP03,Member Picks,C00320,email,Popular picks selected for you.,2025-06-07,false,,false,,,
SEND005418,CMP08,Holiday Highlights,C00851,ads,Explore customer favorites this holiday.,2025-11-03,false,,false,,,
SEND005419,CMP01,New Year Reset,C00689,email,Start fresh with practical favorites.,2025-02-16,false,,false,,,
SEND005420,CMP04,Summer Essentials,C00397,ads,Simple essentials for warmer days.,2025-06-19,true,73,false,V010725,,
SEND005421,CMP03,Member Picks,C00656,email,Popular picks selected for you.,2025-06-04,false,,false,,,
SEND005422,CMP02,Spring Refresh,C00194,ads,Refresh your routine for spring.,2025-04-12,false,,false,,,
SEND005423,CMP05,Back to Routine,C00671,email,Get back into your everyday rhythm.,2025-09-22,true,58,true,V010726,T006113,124.38
SEND005424,CMP03,Member Picks,C00007,email,Popular picks selected for you.,2025-06-11,false,,false,,,
SEND005425,CMP02,Spring Refresh,C00171,ads,Refresh your routine for spring.,2025-04-12,false,,false,,,
SEND005426,CMP07,Early Holiday,C00959,email,A head start on thoughtful gifting.,2025-11-03,false,,false,,,
SEND005427,CMP02,Spring Refresh,C00976,ads,Refresh your routine for spring.,2025-04-05,false,,false,,,
SEND005428,CMP08,Holiday Highlights,C00333,ads,Explore customer favorites this holiday.,2025-12-21,false,,false,,,
SEND005429,CMP06,Autumn Edit,C00420,ads,Discover this season's useful upgrades.,2025-10-01,false,,false,,,
SEND005430,CMP07,Early Holiday,C00106,email,A head start on thoughtful gifting.,2025-11-23,false,,false,,,
SEND005431,CMP03,Member Picks,C00199,email,Popular picks selected for you.,2025-06-13,false,,false,,,
SEND005432,CMP06,Autumn Edit,C00756,ads,Discover this season's useful upgrades.,2025-09-15,false,,false,,,
SEND005433,CMP06,Autumn Edit,C00103,ads,Discover this season's useful upgrades.,2025-09-17,false,,false,,,
SEND005434,CMP06,Autumn Edit,C00797,ads,Discover this season's useful upgrades.,2025-10-14,false,,false,,,
SEND005435,CMP07,Early Holiday,C00649,email,A head start on thoughtful gifting.,2025-11-05,false,,false,,,
SEND005436,CMP05,Back to Routine,C00694,email,Get back into your everyday rhythm.,2025-09-17,false,,false,,,
SEND005437,CMP07,Early Holiday,C00279,email,A head start on thoughtful gifting.,2025-11-03,false,,false,,,
SEND005438,CMP01,New Year Reset,C00250,email,Start fresh with practical favorites.,2025-02-12,false,,false,,,
SEND005439,CMP07,Early Holiday,C00722,email,A head start on thoughtful gifting.,2025-11-15,false,,false,,,
SEND005440,CMP02,Spring Refresh,C00014,ads,Refresh your routine for spring.,2025-04-10,false,,false,,,
SEND005441,CMP07,Early Holiday,C00819,email,A head start on thoughtful gifting.,2025-11-30,false,,false,,,
SEND005442,CMP06,Autumn Edit,C00196,ads,Discover this season's useful upgrades.,2025-10-07,false,,false,,,
SEND005443,CMP01,New Year Reset,C00281,email,Start fresh with practical favorites.,2025-02-05,false,,false,,,
SEND005444,CMP03,Member Picks,C00718,email,Popular picks selected for you.,2025-06-26,false,,false,,,
SEND005445,CMP05,Back to Routine,C00189,email,Get back into your everyday rhythm.,2025-09-18,false,,false,,,
SEND005446,CMP02,Spring Refresh,C00653,ads,Refresh your routine for spring.,2025-04-21,false,,false,,,
SEND005447,CMP02,Spring Refresh,C00468,ads,Refresh your routine for spring.,2025-03-04,false,,false,,,
SEND005448,CMP03,Member Picks,C00536,email,Popular picks selected for you.,2025-05-25,false,,false,,,
SEND005449,CMP01,New Year Reset,C00969,email,Start fresh with practical favorites.,2025-02-16,true,167,false,V010727,,
SEND005450,CMP01,New Year Reset,C00519,email,Start fresh with practical favorites.,2025-01-27,false,,false,,,
SEND005451,CMP02,Spring Refresh,C00513,ads,Refresh your routine for spring.,2025-04-02,false,,false,,,
SEND005452,CMP07,Early Holiday,C00069,email,A head start on thoughtful gifting.,2025-11-07,false,,false,,,
SEND005453,CMP05,Back to Routine,C00442,email,Get back into your everyday rhythm.,2025-08-09,false,,false,,,
SEND005454,CMP04,Summer Essentials,C00248,ads,Simple essentials for warmer days.,2025-07-26,false,,false,,,
SEND005455,CMP06,Autumn Edit,C00244,ads,Discover this season's useful upgrades.,2025-09-22,false,,false,,,
SEND005456,CMP08,Holiday Highlights,C00373,ads,Explore customer favorites this holiday.,2025-11-11,false,,false,,,
SEND005457,CMP05,Back to Routine,C00116,email,Get back into your everyday rhythm.,2025-09-13,false,,false,,,
SEND005458,CMP04,Summer Essentials,C00190,ads,Simple essentials for warmer days.,2025-08-05,false,,false,,,
SEND005459,CMP05,Back to Routine,C00060,email,Get back into your everyday rhythm.,2025-08-27,false,,false,,,
SEND005460,CMP07,Early Holiday,C00090,email,A head start on thoughtful gifting.,2025-11-29,true,158,false,V010728,,
SEND005461,CMP03,Member Picks,C00149,email,Popular picks selected for you.,2025-06-03,false,,false,,,
SEND005462,CMP01,New Year Reset,C00459,email,Start fresh with practical favorites.,2025-02-20,true,181,true,V010729,T006114,85.6
SEND005463,CMP08,Holiday Highlights,C00397,ads,Explore customer favorites this holiday.,2025-11-23,false,,false,,,
SEND005464,CMP07,Early Holiday,C00837,email,A head start on thoughtful gifting.,2025-11-15,false,,false,,,
SEND005465,CMP03,Member Picks,C00739,email,Popular picks selected for you.,2025-05-31,false,,false,,,
SEND005466,CMP04,Summer Essentials,C00238,ads,Simple essentials for warmer days.,2025-08-18,false,,false,,,
SEND005467,CMP04,Summer Essentials,C00352,ads,Simple essentials for warmer days.,2025-06-02,false,,false,,,
SEND005468,CMP01,New Year Reset,C00385,email,Start fresh with practical favorites.,2025-02-27,false,,false,,,
SEND005469,CMP02,Spring Refresh,C00502,ads,Refresh your routine for spring.,2025-03-23,false,,false,,,
SEND005470,CMP03,Member Picks,C00575,email,Popular picks selected for you.,2025-06-26,false,,false,,,
SEND005471,CMP05,Back to Routine,C00174,email,Get back into your everyday rhythm.,2025-09-16,true,70,false,V010730,,
SEND005472,CMP04,Summer Essentials,C00796,ads,Simple essentials for warmer days.,2025-08-12,true,63,false,V010731,,
SEND005473,CMP05,Back to Routine,C00378,email,Get back into your everyday rhythm.,2025-09-27,false,,false,,,
SEND005474,CMP01,New Year Reset,C00476,email,Start fresh with practical favorites.,2025-01-06,true,133,false,V010732,,
SEND005475,CMP02,Spring Refresh,C00486,ads,Refresh your routine for spring.,2025-04-29,true,56,false,V010733,,
SEND005476,CMP02,Spring Refresh,C00055,ads,Refresh your routine for spring.,2025-03-30,false,,false,,,
SEND005477,CMP02,Spring Refresh,C00405,ads,Refresh your routine for spring.,2025-03-14,false,,false,,,
SEND005478,CMP07,Early Holiday,C00106,email,A head start on thoughtful gifting.,2025-11-19,false,,false,,,
SEND005479,CMP05,Back to Routine,C00727,email,Get back into your everyday rhythm.,2025-08-21,false,,false,,,
SEND005480,CMP08,Holiday Highlights,C00661,ads,Explore customer favorites this holiday.,2025-11-09,false,,false,,,
SEND005481,CMP04,Summer Essentials,C00778,ads,Simple essentials for warmer days.,2025-08-19,false,,false,,,
SEND005482,CMP03,Member Picks,C00597,email,Popular picks selected for you.,2025-06-12,false,,false,,,
SEND005483,CMP03,Member Picks,C00152,email,Popular picks selected for you.,2025-05-13,false,,false,,,
SEND005484,CMP06,Autumn Edit,C00185,ads,Discover this season's useful upgrades.,2025-10-14,false,,false,,,
SEND005485,CMP07,Early Holiday,C00547,email,A head start on thoughtful gifting.,2025-11-22,false,,false,,,
SEND005486,CMP02,Spring Refresh,C00876,ads,Refresh your routine for spring.,2025-03-26,false,,false,,,
SEND005487,CMP02,Spring Refresh,C00363,ads,Refresh your routine for spring.,2025-03-06,false,,false,,,
SEND005488,CMP06,Autumn Edit,C00373,ads,Discover this season's useful upgrades.,2025-10-06,false,,false,,,
SEND005489,CMP01,New Year Reset,C00690,email,Start fresh with practical favorites.,2025-01-27,true,64,false,V010734,,
SEND005490,CMP07,Early Holiday,C00987,email,A head start on thoughtful gifting.,2025-11-01,false,,false,,,
SEND005491,CMP04,Summer Essentials,C00878,ads,Simple essentials for warmer days.,2025-08-09,true,192,false,V010735,,
SEND005492,CMP02,Spring Refresh,C00600,ads,Refresh your routine for spring.,2025-03-01,false,,false,,,
SEND005493,CMP08,Holiday Highlights,C00679,ads,Explore customer favorites this holiday.,2025-11-11,true,36,false,V010736,,
SEND005494,CMP02,Spring Refresh,C00339,ads,Refresh your routine for spring.,2025-03-27,true,155,false,V010737,,
SEND005495,CMP06,Autumn Edit,C00213,ads,Discover this season's useful upgrades.,2025-10-03,false,,false,,,
SEND005496,CMP03,Member Picks,C00922,email,Popular picks selected for you.,2025-05-01,false,,false,,,
SEND005497,CMP06,Autumn Edit,C00964,ads,Discover this season's useful upgrades.,2025-09-01,true,255,false,V010738,,
SEND005498,CMP05,Back to Routine,C00604,email,Get back into your everyday rhythm.,2025-08-10,false,,false,,,
SEND005499,CMP04,Summer Essentials,C00901,ads,Simple essentials for warmer days.,2025-08-22,false,,false,,,
SEND005500,CMP03,Member Picks,C00216,email,Popular picks selected for you.,2025-06-11,false,,false,,,
SEND005501,CMP01,New Year Reset,C00204,email,Start fresh with practical favorites.,2025-01-10,false,,false,,,
SEND005502,CMP01,New Year Reset,C00253,email,Start fresh with practical favorites.,2025-01-14,true,177,false,V010739,,
SEND005503,CMP02,Spring Refresh,C00013,ads,Refresh your routine for spring.,2025-03-08,false,,false,,,
SEND005504,CMP01,New Year Reset,C00656,email,Start fresh with practical favorites.,2025-02-21,false,,false,,,
SEND005505,CMP08,Holiday Highlights,C00390,ads,Explore customer favorites this holiday.,2025-12-04,false,,false,,,
SEND005506,CMP04,Summer Essentials,C00298,ads,Simple essentials for warmer days.,2025-07-02,false,,false,,,
SEND005507,CMP08,Holiday Highlights,C00225,ads,Explore customer favorites this holiday.,2025-11-03,false,,false,,,
SEND005508,CMP01,New Year Reset,C00972,email,Start fresh with practical favorites.,2025-01-13,false,,false,,,
SEND005509,CMP07,Early Holiday,C00210,email,A head start on thoughtful gifting.,2025-11-07,false,,false,,,
SEND005510,CMP06,Autumn Edit,C00023,ads,Discover this season's useful upgrades.,2025-09-04,false,,false,,,
SEND005511,CMP02,Spring Refresh,C00100,ads,Refresh your routine for spring.,2025-03-26,false,,false,,,
SEND005512,CMP05,Back to Routine,C00491,email,Get back into your everyday rhythm.,2025-09-25,false,,false,,,
SEND005513,CMP07,Early Holiday,C00241,email,A head start on thoughtful gifting.,2025-11-26,false,,false,,,
SEND005514,CMP04,Summer Essentials,C00014,ads,Simple essentials for warmer days.,2025-07-05,true,45,false,V010740,,
SEND005515,CMP03,Member Picks,C00632,email,Popular picks selected for you.,2025-06-30,true,92,false,V010741,,
SEND005516,CMP02,Spring Refresh,C00339,ads,Refresh your routine for spring.,2025-04-24,true,51,false,V010742,,
SEND005517,CMP07,Early Holiday,C00590,email,A head start on thoughtful gifting.,2025-11-12,false,,false,,,
SEND005518,CMP06,Autumn Edit,C00942,ads,Discover this season's useful upgrades.,2025-10-11,false,,false,,,
SEND005519,CMP02,Spring Refresh,C00996,ads,Refresh your routine for spring.,2025-04-18,true,28,false,V010743,,
SEND005520,CMP05,Back to Routine,C00558,email,Get back into your everyday rhythm.,2025-09-17,true,131,true,V010744,T006115,92.69
SEND005521,CMP08,Holiday Highlights,C00892,ads,Explore customer favorites this holiday.,2025-12-12,false,,false,,,
SEND005522,CMP03,Member Picks,C00365,email,Popular picks selected for you.,2025-05-04,false,,false,,,
SEND005523,CMP04,Summer Essentials,C00403,ads,Simple essentials for warmer days.,2025-06-11,false,,false,,,
SEND005524,CMP04,Summer Essentials,C00166,ads,Simple essentials for warmer days.,2025-08-21,false,,false,,,
SEND005525,CMP05,Back to Routine,C00289,email,Get back into your everyday rhythm.,2025-08-15,false,,false,,,
SEND005526,CMP06,Autumn Edit,C00999,ads,Discover this season's useful upgrades.,2025-10-10,false,,false,,,
SEND005527,CMP01,New Year Reset,C00015,email,Start fresh with practical favorites.,2025-02-17,false,,false,,,
SEND005528,CMP03,Member Picks,C00235,email,Popular picks selected for you.,2025-05-21,false,,false,,,
SEND005529,CMP07,Early Holiday,C00926,email,A head start on thoughtful gifting.,2025-11-16,false,,false,,,
SEND005530,CMP02,Spring Refresh,C00238,ads,Refresh your routine for spring.,2025-03-18,true,248,false,V010745,,
SEND005531,CMP05,Back to Routine,C00857,email,Get back into your everyday rhythm.,2025-08-02,false,,false,,,
SEND005532,CMP05,Back to Routine,C00716,email,Get back into your everyday rhythm.,2025-08-11,false,,false,,,
SEND005533,CMP08,Holiday Highlights,C00207,ads,Explore customer favorites this holiday.,2025-11-07,false,,false,,,
SEND005534,CMP03,Member Picks,C00771,email,Popular picks selected for you.,2025-06-04,true,103,false,V010746,,
SEND005535,CMP01,New Year Reset,C00514,email,Start fresh with practical favorites.,2025-01-12,false,,false,,,
SEND005536,CMP01,New Year Reset,C00156,email,Start fresh with practical favorites.,2025-01-04,false,,false,,,
SEND005537,CMP06,Autumn Edit,C00956,ads,Discover this season's useful upgrades.,2025-10-16,false,,false,,,
SEND005538,CMP07,Early Holiday,C00877,email,A head start on thoughtful gifting.,2025-11-09,false,,false,,,
SEND005539,CMP03,Member Picks,C00891,email,Popular picks selected for you.,2025-06-29,false,,false,,,
SEND005540,CMP01,New Year Reset,C00376,email,Start fresh with practical favorites.,2025-02-16,false,,false,,,
SEND005541,CMP05,Back to Routine,C00530,email,Get back into your everyday rhythm.,2025-08-11,false,,false,,,
SEND005542,CMP01,New Year Reset,C00272,email,Start fresh with practical favorites.,2025-01-09,true,126,false,V010747,,
SEND005543,CMP07,Early Holiday,C00702,email,A head start on thoughtful gifting.,2025-11-28,false,,false,,,
SEND005544,CMP03,Member Picks,C00790,email,Popular picks selected for you.,2025-05-28,false,,false,,,
SEND005545,CMP08,Holiday Highlights,C00503,ads,Explore customer favorites this holiday.,2025-11-09,false,,false,,,
SEND005546,CMP02,Spring Refresh,C00353,ads,Refresh your routine for spring.,2025-03-31,false,,false,,,
SEND005547,CMP08,Holiday Highlights,C00304,ads,Explore customer favorites this holiday.,2025-12-30,false,,false,,,
SEND005548,CMP05,Back to Routine,C00362,email,Get back into your everyday rhythm.,2025-09-29,false,,false,,,
SEND005549,CMP06,Autumn Edit,C00230,ads,Discover this season's useful upgrades.,2025-09-15,false,,false,,,
SEND005550,CMP05,Back to Routine,C00967,email,Get back into your everyday rhythm.,2025-09-01,true,164,false,V010748,,
SEND005551,CMP08,Holiday Highlights,C00652,ads,Explore customer favorites this holiday.,2025-12-29,true,293,true,V010749,T006116,88.38
SEND005552,CMP06,Autumn Edit,C00149,ads,Discover this season's useful upgrades.,2025-10-14,false,,false,,,
SEND005553,CMP01,New Year Reset,C00643,email,Start fresh with practical favorites.,2025-01-04,false,,false,,,
SEND005554,CMP05,Back to Routine,C00102,email,Get back into your everyday rhythm.,2025-09-03,false,,false,,,
SEND005555,CMP06,Autumn Edit,C00704,ads,Discover this season's useful upgrades.,2025-09-17,true,30,false,V010750,,
SEND005556,CMP02,Spring Refresh,C00636,ads,Refresh your routine for spring.,2025-03-16,false,,false,,,
SEND005557,CMP03,Member Picks,C00486,email,Popular picks selected for you.,2025-06-17,false,,false,,,
SEND005558,CMP07,Early Holiday,C00080,email,A head start on thoughtful gifting.,2025-11-14,false,,false,,,
SEND005559,CMP07,Early Holiday,C00915,email,A head start on thoughtful gifting.,2025-11-16,false,,false,,,
SEND005560,CMP05,Back to Routine,C00380,email,Get back into your everyday rhythm.,2025-09-13,false,,false,,,
SEND005561,CMP06,Autumn Edit,C00484,ads,Discover this season's useful upgrades.,2025-09-22,false,,false,,,
SEND005562,CMP02,Spring Refresh,C00834,ads,Refresh your routine for spring.,2025-04-19,false,,false,,,
SEND005563,CMP02,Spring Refresh,C00290,ads,Refresh your routine for spring.,2025-04-03,true,80,false,V010751,,
SEND005564,CMP08,Holiday Highlights,C00422,ads,Explore customer favorites this holiday.,2025-12-17,false,,false,,,
SEND005565,CMP04,Summer Essentials,C00113,ads,Simple essentials for warmer days.,2025-07-24,false,,false,,,
SEND005566,CMP07,Early Holiday,C00228,email,A head start on thoughtful gifting.,2025-11-10,false,,false,,,
SEND005567,CMP03,Member Picks,C00716,email,Popular picks selected for you.,2025-06-30,false,,false,,,
SEND005568,CMP08,Holiday Highlights,C00030,ads,Explore customer favorites this holiday.,2025-11-20,false,,false,,,
SEND005569,CMP07,Early Holiday,C00728,email,A head start on thoughtful gifting.,2025-11-06,false,,false,,,
SEND005570,CMP03,Member Picks,C00944,email,Popular picks selected for you.,2025-05-18,false,,false,,,
SEND005571,CMP04,Summer Essentials,C00133,ads,Simple essentials for warmer days.,2025-08-26,false,,false,,,
SEND005572,CMP03,Member Picks,C00277,email,Popular picks selected for you.,2025-05-06,false,,false,,,
SEND005573,CMP05,Back to Routine,C00876,email,Get back into your everyday rhythm.,2025-09-19,false,,false,,,
SEND005574,CMP04,Summer Essentials,C00258,ads,Simple essentials for warmer days.,2025-07-10,false,,false,,,
SEND005575,CMP07,Early Holiday,C00058,email,A head start on thoughtful gifting.,2025-11-22,false,,false,,,
SEND005576,CMP06,Autumn Edit,C00037,ads,Discover this season's useful upgrades.,2025-09-05,false,,false,,,
SEND005577,CMP05,Back to Routine,C00369,email,Get back into your everyday rhythm.,2025-09-18,false,,false,,,
SEND005578,CMP04,Summer Essentials,C00141,ads,Simple essentials for warmer days.,2025-07-07,false,,false,,,
SEND005579,CMP03,Member Picks,C00852,email,Popular picks selected for you.,2025-05-29,true,82,false,V010752,,
SEND005580,CMP02,Spring Refresh,C00406,ads,Refresh your routine for spring.,2025-04-01,false,,false,,,
SEND005581,CMP03,Member Picks,C00892,email,Popular picks selected for you.,2025-05-20,false,,false,,,
SEND005582,CMP08,Holiday Highlights,C00471,ads,Explore customer favorites this holiday.,2025-12-08,false,,false,,,
SEND005583,CMP02,Spring Refresh,C00707,ads,Refresh your routine for spring.,2025-04-13,true,69,false,V010753,,
SEND005584,CMP02,Spring Refresh,C00484,ads,Refresh your routine for spring.,2025-03-31,true,125,false,V010754,,
SEND005585,CMP02,Spring Refresh,C00202,ads,Refresh your routine for spring.,2025-03-23,true,123,false,V010755,,
SEND005586,CMP07,Early Holiday,C00669,email,A head start on thoughtful gifting.,2025-11-23,false,,false,,,
SEND005587,CMP07,Early Holiday,C00569,email,A head start on thoughtful gifting.,2025-11-09,false,,false,,,
SEND005588,CMP01,New Year Reset,C00663,email,Start fresh with practical favorites.,2025-01-19,false,,false,,,
SEND005589,CMP07,Early Holiday,C00785,email,A head start on thoughtful gifting.,2025-11-30,false,,false,,,
SEND005590,CMP08,Holiday Highlights,C00838,ads,Explore customer favorites this holiday.,2025-12-23,false,,false,,,
SEND005591,CMP08,Holiday Highlights,C00069,ads,Explore customer favorites this holiday.,2025-11-05,true,74,false,V010756,,
SEND005592,CMP08,Holiday Highlights,C00145,ads,Explore customer favorites this holiday.,2025-12-18,false,,false,,,
SEND005593,CMP08,Holiday Highlights,C00318,ads,Explore customer favorites this holiday.,2025-12-27,false,,false,,,
SEND005594,CMP01,New Year Reset,C00821,email,Start fresh with practical favorites.,2025-01-18,false,,false,,,
SEND005595,CMP04,Summer Essentials,C00019,ads,Simple essentials for warmer days.,2025-06-06,false,,false,,,
SEND005596,CMP02,Spring Refresh,C00624,ads,Refresh your routine for spring.,2025-03-26,false,,false,,,
SEND005597,CMP08,Holiday Highlights,C00165,ads,Explore customer favorites this holiday.,2025-11-26,false,,false,,,
SEND005598,CMP01,New Year Reset,C00868,email,Start fresh with practical favorites.,2025-02-08,true,176,false,V010757,,
SEND005599,CMP03,Member Picks,C00759,email,Popular picks selected for you.,2025-05-26,false,,false,,,
SEND005600,CMP04,Summer Essentials,C00425,ads,Simple essentials for warmer days.,2025-07-15,false,,false,,,
SEND005601,CMP06,Autumn Edit,C00516,ads,Discover this season's useful upgrades.,2025-09-07,false,,false,,,
SEND005602,CMP04,Summer Essentials,C00077,ads,Simple essentials for warmer days.,2025-08-07,false,,false,,,
SEND005603,CMP03,Member Picks,C00665,email,Popular picks selected for you.,2025-06-16,false,,false,,,
SEND005604,CMP04,Summer Essentials,C00402,ads,Simple essentials for warmer days.,2025-07-29,false,,false,,,
SEND005605,CMP07,Early Holiday,C00869,email,A head start on thoughtful gifting.,2025-11-25,false,,false,,,
SEND005606,CMP01,New Year Reset,C00578,email,Start fresh with practical favorites.,2025-01-19,false,,false,,,
SEND005607,CMP01,New Year Reset,C00936,email,Start fresh with practical favorites.,2025-01-01,true,48,false,V010758,,
SEND005608,CMP01,New Year Reset,C00262,email,Start fresh with practical favorites.,2025-02-12,false,,false,,,
SEND005609,CMP07,Early Holiday,C00883,email,A head start on thoughtful gifting.,2025-11-20,false,,false,,,
SEND005610,CMP04,Summer Essentials,C00878,ads,Simple essentials for warmer days.,2025-08-11,false,,false,,,
SEND005611,CMP01,New Year Reset,C00055,email,Start fresh with practical favorites.,2025-02-09,false,,false,,,
SEND005612,CMP03,Member Picks,C00617,email,Popular picks selected for you.,2025-05-08,false,,false,,,
SEND005613,CMP05,Back to Routine,C00588,email,Get back into your everyday rhythm.,2025-08-30,false,,false,,,
SEND005614,CMP07,Early Holiday,C00226,email,A head start on thoughtful gifting.,2025-11-30,false,,false,,,
SEND005615,CMP07,Early Holiday,C00644,email,A head start on thoughtful gifting.,2025-11-21,false,,false,,,
SEND005616,CMP04,Summer Essentials,C00918,ads,Simple essentials for warmer days.,2025-08-06,false,,false,,,
SEND005617,CMP04,Summer Essentials,C00700,ads,Simple essentials for warmer days.,2025-08-10,false,,false,,,
SEND005618,CMP08,Holiday Highlights,C00217,ads,Explore customer favorites this holiday.,2025-11-21,false,,false,,,
SEND005619,CMP01,New Year Reset,C00709,email,Start fresh with practical favorites.,2025-01-22,false,,false,,,
SEND005620,CMP02,Spring Refresh,C00667,ads,Refresh your routine for spring.,2025-04-30,false,,false,,,
SEND005621,CMP03,Member Picks,C00455,email,Popular picks selected for you.,2025-05-03,false,,false,,,
SEND005622,CMP08,Holiday Highlights,C00848,ads,Explore customer favorites this holiday.,2025-12-02,false,,false,,,
SEND005623,CMP08,Holiday Highlights,C00477,ads,Explore customer favorites this holiday.,2025-11-08,true,232,false,V010759,,
SEND005624,CMP07,Early Holiday,C00721,email,A head start on thoughtful gifting.,2025-11-07,false,,false,,,
SEND005625,CMP07,Early Holiday,C00554,email,A head start on thoughtful gifting.,2025-11-12,false,,false,,,
SEND005626,CMP04,Summer Essentials,C00780,ads,Simple essentials for warmer days.,2025-07-22,false,,false,,,
SEND005627,CMP02,Spring Refresh,C00768,ads,Refresh your routine for spring.,2025-04-06,false,,false,,,
SEND005628,CMP01,New Year Reset,C00009,email,Start fresh with practical favorites.,2025-01-14,false,,false,,,
SEND005629,CMP01,New Year Reset,C00664,email,Start fresh with practical favorites.,2025-01-17,false,,false,,,
SEND005630,CMP04,Summer Essentials,C00363,ads,Simple essentials for warmer days.,2025-06-09,false,,false,,,
SEND005631,CMP04,Summer Essentials,C00370,ads,Simple essentials for warmer days.,2025-07-18,false,,false,,,
SEND005632,CMP05,Back to Routine,C00669,email,Get back into your everyday rhythm.,2025-09-20,false,,false,,,
SEND005633,CMP02,Spring Refresh,C00938,ads,Refresh your routine for spring.,2025-04-17,false,,false,,,
SEND005634,CMP08,Holiday Highlights,C00982,ads,Explore customer favorites this holiday.,2025-11-25,false,,false,,,
SEND005635,CMP03,Member Picks,C00203,email,Popular picks selected for you.,2025-06-19,false,,false,,,
SEND005636,CMP07,Early Holiday,C00121,email,A head start on thoughtful gifting.,2025-11-20,false,,false,,,
SEND005637,CMP06,Autumn Edit,C00836,ads,Discover this season's useful upgrades.,2025-09-10,false,,false,,,
SEND005638,CMP04,Summer Essentials,C00608,ads,Simple essentials for warmer days.,2025-08-27,false,,false,,,
SEND005639,CMP01,New Year Reset,C00336,email,Start fresh with practical favorites.,2025-01-17,false,,false,,,
SEND005640,CMP04,Summer Essentials,C00071,ads,Simple essentials for warmer days.,2025-08-13,false,,false,,,
SEND005641,CMP02,Spring Refresh,C00522,ads,Refresh your routine for spring.,2025-04-15,false,,false,,,
SEND005642,CMP05,Back to Routine,C00191,email,Get back into your everyday rhythm.,2025-09-22,false,,false,,,
SEND005643,CMP05,Back to Routine,C00729,email,Get back into your everyday rhythm.,2025-09-22,false,,false,,,
SEND005644,CMP02,Spring Refresh,C00364,ads,Refresh your routine for spring.,2025-03-11,false,,false,,,
SEND005645,CMP03,Member Picks,C00342,email,Popular picks selected for you.,2025-06-07,false,,false,,,
SEND005646,CMP03,Member Picks,C00919,email,Popular picks selected for you.,2025-05-07,false,,false,,,
SEND005647,CMP06,Autumn Edit,C00566,ads,Discover this season's useful upgrades.,2025-09-09,true,129,true,V010760,T006117,19.1
SEND005648,CMP05,Back to Routine,C00662,email,Get back into your everyday rhythm.,2025-08-19,true,61,false,V010761,,
SEND005649,CMP06,Autumn Edit,C00630,ads,Discover this season's useful upgrades.,2025-10-03,false,,false,,,
SEND005650,CMP08,Holiday Highlights,C00334,ads,Explore customer favorites this holiday.,2025-11-14,false,,false,,,
SEND005651,CMP07,Early Holiday,C00173,email,A head start on thoughtful gifting.,2025-11-01,false,,false,,,
SEND005652,CMP07,Early Holiday,C00680,email,A head start on thoughtful gifting.,2025-11-06,false,,false,,,
SEND005653,CMP02,Spring Refresh,C00627,ads,Refresh your routine for spring.,2025-03-18,false,,false,,,
SEND005654,CMP06,Autumn Edit,C00863,ads,Discover this season's useful upgrades.,2025-09-14,false,,false,,,
SEND005655,CMP06,Autumn Edit,C00823,ads,Discover this season's useful upgrades.,2025-09-27,true,85,false,V010762,,
SEND005656,CMP08,Holiday Highlights,C00209,ads,Explore customer favorites this holiday.,2025-11-13,false,,false,,,
SEND005657,CMP03,Member Picks,C00354,email,Popular picks selected for you.,2025-05-31,false,,false,,,
SEND005658,CMP02,Spring Refresh,C00735,ads,Refresh your routine for spring.,2025-03-08,false,,false,,,
SEND005659,CMP01,New Year Reset,C00594,email,Start fresh with practical favorites.,2025-01-23,true,176,true,V010763,T006118,162.74
SEND005660,CMP06,Autumn Edit,C00157,ads,Discover this season's useful upgrades.,2025-10-26,false,,false,,,
SEND005661,CMP03,Member Picks,C00023,email,Popular picks selected for you.,2025-05-11,true,19,false,V010764,,
SEND005662,CMP04,Summer Essentials,C00656,ads,Simple essentials for warmer days.,2025-06-26,false,,false,,,
SEND005663,CMP02,Spring Refresh,C00822,ads,Refresh your routine for spring.,2025-03-27,false,,false,,,
SEND005664,CMP06,Autumn Edit,C00472,ads,Discover this season's useful upgrades.,2025-10-13,false,,false,,,
SEND005665,CMP04,Summer Essentials,C00640,ads,Simple essentials for warmer days.,2025-06-26,false,,false,,,
SEND005666,CMP06,Autumn Edit,C00518,ads,Discover this season's useful upgrades.,2025-09-05,false,,false,,,
SEND005667,CMP02,Spring Refresh,C00976,ads,Refresh your routine for spring.,2025-04-22,false,,false,,,
SEND005668,CMP02,Spring Refresh,C00915,ads,Refresh your routine for spring.,2025-04-06,false,,false,,,
SEND005669,CMP03,Member Picks,C00830,email,Popular picks selected for you.,2025-06-25,false,,false,,,
SEND005670,CMP02,Spring Refresh,C00978,ads,Refresh your routine for spring.,2025-03-23,false,,false,,,
SEND005671,CMP02,Spring Refresh,C00615,ads,Refresh your routine for spring.,2025-03-29,false,,false,,,
SEND005672,CMP06,Autumn Edit,C00578,ads,Discover this season's useful upgrades.,2025-09-02,false,,false,,,
SEND005673,CMP01,New Year Reset,C00033,email,Start fresh with practical favorites.,2025-02-25,false,,false,,,
SEND005674,CMP01,New Year Reset,C00859,email,Start fresh with practical favorites.,2025-01-05,false,,false,,,
SEND005675,CMP08,Holiday Highlights,C00080,ads,Explore customer favorites this holiday.,2025-12-14,false,,false,,,
SEND005676,CMP03,Member Picks,C00615,email,Popular picks selected for you.,2025-05-13,false,,false,,,
SEND005677,CMP01,New Year Reset,C00903,email,Start fresh with practical favorites.,2025-02-14,false,,false,,,
SEND005678,CMP01,New Year Reset,C00996,email,Start fresh with practical favorites.,2025-01-27,false,,false,,,
SEND005679,CMP06,Autumn Edit,C00390,ads,Discover this season's useful upgrades.,2025-09-09,false,,false,,,
SEND005680,CMP04,Summer Essentials,C00881,ads,Simple essentials for warmer days.,2025-06-10,false,,false,,,
SEND005681,CMP03,Member Picks,C00607,email,Popular picks selected for you.,2025-05-09,true,165,true,V010765,T006119,89.08
SEND005682,CMP07,Early Holiday,C00406,email,A head start on thoughtful gifting.,2025-11-03,true,13,false,V010766,,
SEND005683,CMP01,New Year Reset,C00731,email,Start fresh with practical favorites.,2025-02-21,false,,false,,,
SEND005684,CMP05,Back to Routine,C00652,email,Get back into your everyday rhythm.,2025-08-16,false,,false,,,
SEND005685,CMP02,Spring Refresh,C00119,ads,Refresh your routine for spring.,2025-04-13,false,,false,,,
SEND005686,CMP01,New Year Reset,C00288,email,Start fresh with practical favorites.,2025-01-27,false,,false,,,
SEND005687,CMP08,Holiday Highlights,C00135,ads,Explore customer favorites this holiday.,2025-12-10,false,,false,,,
SEND005688,CMP08,Holiday Highlights,C00061,ads,Explore customer favorites this holiday.,2025-11-11,false,,false,,,
SEND005689,CMP04,Summer Essentials,C00195,ads,Simple essentials for warmer days.,2025-08-21,false,,false,,,
SEND005690,CMP03,Member Picks,C00023,email,Popular picks selected for you.,2025-05-04,false,,false,,,
SEND005691,CMP01,New Year Reset,C00146,email,Start fresh with practical favorites.,2025-01-21,false,,false,,,
SEND005692,CMP03,Member Picks,C00345,email,Popular picks selected for you.,2025-06-05,false,,false,,,
SEND005693,CMP08,Holiday Highlights,C00325,ads,Explore customer favorites this holiday.,2025-12-30,true,166,true,V010767,T006120,98.02
SEND005694,CMP06,Autumn Edit,C00008,ads,Discover this season's useful upgrades.,2025-10-21,false,,false,,,
SEND005695,CMP06,Autumn Edit,C00877,ads,Discover this season's useful upgrades.,2025-09-05,false,,false,,,
SEND005696,CMP07,Early Holiday,C00601,email,A head start on thoughtful gifting.,2025-11-27,false,,false,,,
SEND005697,CMP07,Early Holiday,C00682,email,A head start on thoughtful gifting.,2025-11-10,false,,false,,,
SEND005698,CMP01,New Year Reset,C00487,email,Start fresh with practical favorites.,2025-01-14,false,,false,,,
SEND005699,CMP06,Autumn Edit,C00368,ads,Discover this season's useful upgrades.,2025-09-09,false,,false,,,
SEND005700,CMP07,Early Holiday,C00113,email,A head start on thoughtful gifting.,2025-11-19,false,,false,,,
SEND005701,CMP06,Autumn Edit,C00497,ads,Discover this season's useful upgrades.,2025-10-23,false,,false,,,
SEND005702,CMP01,New Year Reset,C00582,email,Start fresh with practical favorites.,2025-01-17,false,,false,,,
SEND005703,CMP05,Back to Routine,C00330,email,Get back into your everyday rhythm.,2025-09-16,false,,false,,,
SEND005704,CMP03,Member Picks,C00624,email,Popular picks selected for you.,2025-05-20,false,,false,,,
SEND005705,CMP07,Early Holiday,C00819,email,A head start on thoughtful gifting.,2025-11-13,false,,false,,,
SEND005706,CMP08,Holiday Highlights,C00541,ads,Explore customer favorites this holiday.,2025-12-26,true,22,false,V010768,,
SEND005707,CMP01,New Year Reset,C00157,email,Start fresh with practical favorites.,2025-02-28,false,,false,,,
SEND005708,CMP08,Holiday Highlights,C00476,ads,Explore customer favorites this holiday.,2025-12-26,false,,false,,,
SEND005709,CMP04,Summer Essentials,C00421,ads,Simple essentials for warmer days.,2025-07-18,false,,false,,,
SEND005710,CMP05,Back to Routine,C00752,email,Get back into your everyday rhythm.,2025-08-20,false,,false,,,
SEND005711,CMP07,Early Holiday,C00462,email,A head start on thoughtful gifting.,2025-11-11,false,,false,,,
SEND005712,CMP02,Spring Refresh,C00592,ads,Refresh your routine for spring.,2025-04-21,false,,false,,,
SEND005713,CMP08,Holiday Highlights,C00549,ads,Explore customer favorites this holiday.,2025-12-02,false,,false,,,
SEND005714,CMP02,Spring Refresh,C00683,ads,Refresh your routine for spring.,2025-04-25,false,,false,,,
SEND005715,CMP08,Holiday Highlights,C00022,ads,Explore customer favorites this holiday.,2025-12-18,false,,false,,,
SEND005716,CMP04,Summer Essentials,C00800,ads,Simple essentials for warmer days.,2025-07-31,false,,false,,,
SEND005717,CMP05,Back to Routine,C00109,email,Get back into your everyday rhythm.,2025-08-21,false,,false,,,
SEND005718,CMP02,Spring Refresh,C00780,ads,Refresh your routine for spring.,2025-04-18,false,,false,,,
SEND005719,CMP02,Spring Refresh,C00771,ads,Refresh your routine for spring.,2025-04-01,false,,false,,,
SEND005720,CMP05,Back to Routine,C00524,email,Get back into your everyday rhythm.,2025-08-13,false,,false,,,
SEND005721,CMP07,Early Holiday,C00312,email,A head start on thoughtful gifting.,2025-11-14,true,125,true,V010769,T006121,21.61
SEND005722,CMP07,Early Holiday,C00908,email,A head start on thoughtful gifting.,2025-11-24,false,,false,,,
SEND005723,CMP01,New Year Reset,C00152,email,Start fresh with practical favorites.,2025-02-13,true,50,false,V010770,,
SEND005724,CMP07,Early Holiday,C00244,email,A head start on thoughtful gifting.,2025-11-12,false,,false,,,
SEND005725,CMP02,Spring Refresh,C00807,ads,Refresh your routine for spring.,2025-04-15,true,149,false,V010771,,
SEND005726,CMP05,Back to Routine,C00691,email,Get back into your everyday rhythm.,2025-08-01,false,,false,,,
SEND005727,CMP02,Spring Refresh,C00382,ads,Refresh your routine for spring.,2025-03-22,false,,false,,,
SEND005728,CMP03,Member Picks,C00231,email,Popular picks selected for you.,2025-05-12,false,,false,,,
SEND005729,CMP02,Spring Refresh,C00561,ads,Refresh your routine for spring.,2025-03-11,false,,false,,,
SEND005730,CMP02,Spring Refresh,C00070,ads,Refresh your routine for spring.,2025-03-30,true,125,false,V010772,,
SEND005731,CMP06,Autumn Edit,C00605,ads,Discover this season's useful upgrades.,2025-09-26,false,,false,,,
SEND005732,CMP07,Early Holiday,C00449,email,A head start on thoughtful gifting.,2025-11-14,true,70,false,V010773,,
SEND005733,CMP06,Autumn Edit,C00387,ads,Discover this season's useful upgrades.,2025-09-29,false,,false,,,
SEND005734,CMP08,Holiday Highlights,C00903,ads,Explore customer favorites this holiday.,2025-12-28,false,,false,,,
SEND005735,CMP03,Member Picks,C00541,email,Popular picks selected for you.,2025-05-19,true,31,false,V010774,,
SEND005736,CMP06,Autumn Edit,C00631,ads,Discover this season's useful upgrades.,2025-09-23,false,,false,,,
SEND005737,CMP04,Summer Essentials,C00951,ads,Simple essentials for warmer days.,2025-07-12,false,,false,,,
SEND005738,CMP05,Back to Routine,C00111,email,Get back into your everyday rhythm.,2025-09-24,false,,false,,,
SEND005739,CMP05,Back to Routine,C00043,email,Get back into your everyday rhythm.,2025-08-28,false,,false,,,
SEND005740,CMP05,Back to Routine,C00057,email,Get back into your everyday rhythm.,2025-08-23,false,,false,,,
SEND005741,CMP03,Member Picks,C00069,email,Popular picks selected for you.,2025-06-06,false,,false,,,
SEND005742,CMP02,Spring Refresh,C00327,ads,Refresh your routine for spring.,2025-03-10,false,,false,,,
SEND005743,CMP03,Member Picks,C00597,email,Popular picks selected for you.,2025-05-26,false,,false,,,
SEND005744,CMP01,New Year Reset,C00671,email,Start fresh with practical favorites.,2025-02-08,true,281,false,V010775,,
SEND005745,CMP08,Holiday Highlights,C00160,ads,Explore customer favorites this holiday.,2025-12-17,false,,false,,,
SEND005746,CMP03,Member Picks,C00261,email,Popular picks selected for you.,2025-05-23,true,85,false,V010776,,
SEND005747,CMP04,Summer Essentials,C00090,ads,Simple essentials for warmer days.,2025-06-22,false,,false,,,
SEND005748,CMP01,New Year Reset,C00299,email,Start fresh with practical favorites.,2025-02-09,true,344,false,V010777,,
SEND005749,CMP08,Holiday Highlights,C00794,ads,Explore customer favorites this holiday.,2025-12-12,false,,false,,,
SEND005750,CMP08,Holiday Highlights,C00575,ads,Explore customer favorites this holiday.,2025-11-13,false,,false,,,
SEND005751,CMP03,Member Picks,C00322,email,Popular picks selected for you.,2025-06-07,false,,false,,,
SEND005752,CMP05,Back to Routine,C00521,email,Get back into your everyday rhythm.,2025-09-11,false,,false,,,
SEND005753,CMP03,Member Picks,C00605,email,Popular picks selected for you.,2025-05-26,false,,false,,,
SEND005754,CMP07,Early Holiday,C00361,email,A head start on thoughtful gifting.,2025-11-27,false,,false,,,
SEND005755,CMP01,New Year Reset,C00165,email,Start fresh with practical favorites.,2025-02-23,false,,false,,,
SEND005756,CMP02,Spring Refresh,C00402,ads,Refresh your routine for spring.,2025-03-03,true,88,false,V010778,,
SEND005757,CMP04,Summer Essentials,C00481,ads,Simple essentials for warmer days.,2025-07-31,true,85,false,V010779,,
SEND005758,CMP02,Spring Refresh,C00058,ads,Refresh your routine for spring.,2025-03-27,false,,false,,,
SEND005759,CMP06,Autumn Edit,C00593,ads,Discover this season's useful upgrades.,2025-10-03,false,,false,,,
SEND005760,CMP08,Holiday Highlights,C00463,ads,Explore customer favorites this holiday.,2025-11-08,false,,false,,,
SEND005761,CMP05,Back to Routine,C00502,email,Get back into your everyday rhythm.,2025-08-05,false,,false,,,
SEND005762,CMP05,Back to Routine,C00415,email,Get back into your everyday rhythm.,2025-09-05,false,,false,,,
SEND005763,CMP05,Back to Routine,C00766,email,Get back into your everyday rhythm.,2025-09-20,false,,false,,,
SEND005764,CMP06,Autumn Edit,C00294,ads,Discover this season's useful upgrades.,2025-09-04,false,,false,,,
SEND005765,CMP07,Early Holiday,C00524,email,A head start on thoughtful gifting.,2025-11-10,false,,false,,,
SEND005766,CMP05,Back to Routine,C00766,email,Get back into your everyday rhythm.,2025-08-21,false,,false,,,
SEND005767,CMP07,Early Holiday,C00506,email,A head start on thoughtful gifting.,2025-11-14,false,,false,,,
SEND005768,CMP02,Spring Refresh,C00972,ads,Refresh your routine for spring.,2025-03-22,false,,false,,,
SEND005769,CMP08,Holiday Highlights,C00712,ads,Explore customer favorites this holiday.,2025-12-24,false,,false,,,
SEND005770,CMP03,Member Picks,C00081,email,Popular picks selected for you.,2025-05-25,false,,false,,,
SEND005771,CMP06,Autumn Edit,C00530,ads,Discover this season's useful upgrades.,2025-09-02,false,,false,,,
SEND005772,CMP06,Autumn Edit,C00988,ads,Discover this season's useful upgrades.,2025-09-27,false,,false,,,
SEND005773,CMP01,New Year Reset,C00065,email,Start fresh with practical favorites.,2025-01-19,false,,false,,,
SEND005774,CMP03,Member Picks,C00858,email,Popular picks selected for you.,2025-05-28,false,,false,,,
SEND005775,CMP03,Member Picks,C00312,email,Popular picks selected for you.,2025-05-14,false,,false,,,
SEND005776,CMP08,Holiday Highlights,C00654,ads,Explore customer favorites this holiday.,2025-11-01,false,,false,,,
SEND005777,CMP04,Summer Essentials,C00816,ads,Simple essentials for warmer days.,2025-07-21,false,,false,,,
SEND005778,CMP07,Early Holiday,C00336,email,A head start on thoughtful gifting.,2025-11-04,true,615,false,V010780,,
SEND005779,CMP05,Back to Routine,C00802,email,Get back into your everyday rhythm.,2025-08-30,false,,false,,,
SEND005780,CMP03,Member Picks,C00385,email,Popular picks selected for you.,2025-05-31,false,,false,,,
SEND005781,CMP03,Member Picks,C00727,email,Popular picks selected for you.,2025-05-03,true,422,false,V010781,,
SEND005782,CMP08,Holiday Highlights,C00712,ads,Explore customer favorites this holiday.,2025-12-20,false,,false,,,
SEND005783,CMP04,Summer Essentials,C00173,ads,Simple essentials for warmer days.,2025-06-30,false,,false,,,
SEND005784,CMP05,Back to Routine,C00885,email,Get back into your everyday rhythm.,2025-09-13,false,,false,,,
SEND005785,CMP05,Back to Routine,C00220,email,Get back into your everyday rhythm.,2025-08-26,false,,false,,,
SEND005786,CMP02,Spring Refresh,C00403,ads,Refresh your routine for spring.,2025-03-21,false,,false,,,
SEND005787,CMP07,Early Holiday,C00624,email,A head start on thoughtful gifting.,2025-11-25,false,,false,,,
SEND005788,CMP06,Autumn Edit,C00662,ads,Discover this season's useful upgrades.,2025-10-29,false,,false,,,
SEND005789,CMP05,Back to Routine,C00190,email,Get back into your everyday rhythm.,2025-09-20,false,,false,,,
SEND005790,CMP04,Summer Essentials,C00384,ads,Simple essentials for warmer days.,2025-06-26,false,,false,,,
SEND005791,CMP07,Early Holiday,C00459,email,A head start on thoughtful gifting.,2025-11-18,false,,false,,,
SEND005792,CMP05,Back to Routine,C00899,email,Get back into your everyday rhythm.,2025-09-07,false,,false,,,
SEND005793,CMP05,Back to Routine,C00883,email,Get back into your everyday rhythm.,2025-09-17,false,,false,,,
SEND005794,CMP08,Holiday Highlights,C00962,ads,Explore customer favorites this holiday.,2025-11-10,false,,false,,,
SEND005795,CMP08,Holiday Highlights,C01000,ads,Explore customer favorites this holiday.,2025-12-18,false,,false,,,
SEND005796,CMP05,Back to Routine,C00972,email,Get back into your everyday rhythm.,2025-09-20,false,,false,,,
SEND005797,CMP02,Spring Refresh,C00616,ads,Refresh your routine for spring.,2025-03-31,false,,false,,,
SEND005798,CMP06,Autumn Edit,C00538,ads,Discover this season's useful upgrades.,2025-09-29,false,,false,,,
SEND005799,CMP02,Spring Refresh,C00166,ads,Refresh your routine for spring.,2025-03-25,false,,false,,,
SEND005800,CMP02,Spring Refresh,C00995,ads,Refresh your routine for spring.,2025-03-08,true,21,false,V010782,,
SEND005801,CMP02,Spring Refresh,C00086,ads,Refresh your routine for spring.,2025-04-11,false,,false,,,
SEND005802,CMP05,Back to Routine,C00591,email,Get back into your everyday rhythm.,2025-09-20,false,,false,,,
SEND005803,CMP08,Holiday Highlights,C00769,ads,Explore customer favorites this holiday.,2025-12-07,false,,false,,,
SEND005804,CMP01,New Year Reset,C00431,email,Start fresh with practical favorites.,2025-01-07,true,55,false,V010783,,
SEND005805,CMP02,Spring Refresh,C00702,ads,Refresh your routine for spring.,2025-04-08,false,,false,,,
SEND005806,CMP07,Early Holiday,C00756,email,A head start on thoughtful gifting.,2025-11-24,true,244,false,V010784,,
SEND005807,CMP06,Autumn Edit,C00320,ads,Discover this season's useful upgrades.,2025-09-12,true,108,false,V010785,,
SEND005808,CMP05,Back to Routine,C00012,email,Get back into your everyday rhythm.,2025-09-21,false,,false,,,
SEND005809,CMP04,Summer Essentials,C00674,ads,Simple essentials for warmer days.,2025-06-04,false,,false,,,
SEND005810,CMP01,New Year Reset,C00050,email,Start fresh with practical favorites.,2025-02-17,false,,false,,,
SEND005811,CMP08,Holiday Highlights,C00650,ads,Explore customer favorites this holiday.,2025-12-21,false,,false,,,
SEND005812,CMP05,Back to Routine,C00277,email,Get back into your everyday rhythm.,2025-09-23,false,,false,,,
SEND005813,CMP04,Summer Essentials,C00348,ads,Simple essentials for warmer days.,2025-07-02,false,,false,,,
SEND005814,CMP05,Back to Routine,C00327,email,Get back into your everyday rhythm.,2025-08-27,true,117,false,V010786,,
SEND005815,CMP06,Autumn Edit,C00383,ads,Discover this season's useful upgrades.,2025-10-07,false,,false,,,
SEND005816,CMP03,Member Picks,C00271,email,Popular picks selected for you.,2025-06-22,false,,false,,,
SEND005817,CMP03,Member Picks,C00916,email,Popular picks selected for you.,2025-06-04,false,,false,,,
SEND005818,CMP08,Holiday Highlights,C00653,ads,Explore customer favorites this holiday.,2025-11-02,false,,false,,,
SEND005819,CMP07,Early Holiday,C00628,email,A head start on thoughtful gifting.,2025-11-17,false,,false,,,
SEND005820,CMP07,Early Holiday,C00067,email,A head start on thoughtful gifting.,2025-11-21,false,,false,,,
SEND005821,CMP04,Summer Essentials,C00565,ads,Simple essentials for warmer days.,2025-07-01,false,,false,,,
SEND005822,CMP07,Early Holiday,C00091,email,A head start on thoughtful gifting.,2025-11-07,false,,false,,,
SEND005823,CMP08,Holiday Highlights,C00124,ads,Explore customer favorites this holiday.,2025-11-10,false,,false,,,
SEND005824,CMP06,Autumn Edit,C00820,ads,Discover this season's useful upgrades.,2025-10-01,true,69,false,V010787,,
SEND005825,CMP02,Spring Refresh,C00527,ads,Refresh your routine for spring.,2025-04-10,false,,false,,,
SEND005826,CMP01,New Year Reset,C00177,email,Start fresh with practical favorites.,2025-02-19,false,,false,,,
SEND005827,CMP07,Early Holiday,C00256,email,A head start on thoughtful gifting.,2025-11-02,false,,false,,,
SEND005828,CMP04,Summer Essentials,C00265,ads,Simple essentials for warmer days.,2025-07-14,true,30,false,V010788,,
SEND005829,CMP02,Spring Refresh,C00075,ads,Refresh your routine for spring.,2025-03-16,false,,false,,,
SEND005830,CMP07,Early Holiday,C00462,email,A head start on thoughtful gifting.,2025-11-23,true,61,true,V010789,T006122,32.35
SEND005831,CMP06,Autumn Edit,C00896,ads,Discover this season's useful upgrades.,2025-10-19,false,,false,,,
SEND005832,CMP07,Early Holiday,C00267,email,A head start on thoughtful gifting.,2025-11-16,false,,false,,,
SEND005833,CMP01,New Year Reset,C00296,email,Start fresh with practical favorites.,2025-01-20,false,,false,,,
SEND005834,CMP02,Spring Refresh,C00072,ads,Refresh your routine for spring.,2025-04-07,false,,false,,,
SEND005835,CMP07,Early Holiday,C00230,email,A head start on thoughtful gifting.,2025-11-29,false,,false,,,
SEND005836,CMP05,Back to Routine,C00238,email,Get back into your everyday rhythm.,2025-08-03,false,,false,,,
SEND005837,CMP04,Summer Essentials,C00910,ads,Simple essentials for warmer days.,2025-06-05,false,,false,,,
SEND005838,CMP04,Summer Essentials,C00383,ads,Simple essentials for warmer days.,2025-06-24,false,,false,,,
SEND005839,CMP04,Summer Essentials,C00233,ads,Simple essentials for warmer days.,2025-06-16,true,260,false,V010790,,
SEND005840,CMP05,Back to Routine,C00295,email,Get back into your everyday rhythm.,2025-09-22,false,,false,,,
SEND005841,CMP03,Member Picks,C00834,email,Popular picks selected for you.,2025-06-12,false,,false,,,
SEND005842,CMP03,Member Picks,C00688,email,Popular picks selected for you.,2025-05-20,false,,false,,,
SEND005843,CMP08,Holiday Highlights,C00803,ads,Explore customer favorites this holiday.,2025-11-20,false,,false,,,
SEND005844,CMP08,Holiday Highlights,C00971,ads,Explore customer favorites this holiday.,2025-12-07,false,,false,,,
SEND005845,CMP02,Spring Refresh,C00363,ads,Refresh your routine for spring.,2025-03-15,false,,false,,,
SEND005846,CMP08,Holiday Highlights,C00827,ads,Explore customer favorites this holiday.,2025-12-27,false,,false,,,
SEND005847,CMP01,New Year Reset,C00751,email,Start fresh with practical favorites.,2025-02-05,false,,false,,,
SEND005848,CMP07,Early Holiday,C00469,email,A head start on thoughtful gifting.,2025-11-29,false,,false,,,
SEND005849,CMP04,Summer Essentials,C00785,ads,Simple essentials for warmer days.,2025-07-26,false,,false,,,
SEND005850,CMP06,Autumn Edit,C00904,ads,Discover this season's useful upgrades.,2025-10-22,true,170,false,V010791,,
SEND005851,CMP04,Summer Essentials,C00249,ads,Simple essentials for warmer days.,2025-07-02,false,,false,,,
SEND005852,CMP05,Back to Routine,C00975,email,Get back into your everyday rhythm.,2025-09-06,false,,false,,,
SEND005853,CMP03,Member Picks,C00709,email,Popular picks selected for you.,2025-06-17,false,,false,,,
SEND005854,CMP01,New Year Reset,C00115,email,Start fresh with practical favorites.,2025-02-28,false,,false,,,
SEND005855,CMP06,Autumn Edit,C00941,ads,Discover this season's useful upgrades.,2025-10-24,false,,false,,,
SEND005856,CMP04,Summer Essentials,C00007,ads,Simple essentials for warmer days.,2025-08-23,false,,false,,,
SEND005857,CMP05,Back to Routine,C00422,email,Get back into your everyday rhythm.,2025-09-23,false,,false,,,
SEND005858,CMP08,Holiday Highlights,C00629,ads,Explore customer favorites this holiday.,2025-12-19,false,,false,,,
SEND005859,CMP01,New Year Reset,C00541,email,Start fresh with practical favorites.,2025-01-28,false,,false,,,
SEND005860,CMP02,Spring Refresh,C00516,ads,Refresh your routine for spring.,2025-03-07,false,,false,,,
SEND005861,CMP02,Spring Refresh,C00925,ads,Refresh your routine for spring.,2025-03-11,false,,false,,,
SEND005862,CMP05,Back to Routine,C00955,email,Get back into your everyday rhythm.,2025-08-05,false,,false,,,
SEND005863,CMP07,Early Holiday,C00926,email,A head start on thoughtful gifting.,2025-11-25,false,,false,,,
SEND005864,CMP01,New Year Reset,C00349,email,Start fresh with practical favorites.,2025-02-08,false,,false,,,
SEND005865,CMP06,Autumn Edit,C00932,ads,Discover this season's useful upgrades.,2025-09-25,true,118,false,V010792,,
SEND005866,CMP04,Summer Essentials,C00266,ads,Simple essentials for warmer days.,2025-08-17,false,,false,,,
SEND005867,CMP03,Member Picks,C00798,email,Popular picks selected for you.,2025-05-14,false,,false,,,
SEND005868,CMP08,Holiday Highlights,C00284,ads,Explore customer favorites this holiday.,2025-12-23,false,,false,,,
SEND005869,CMP05,Back to Routine,C00748,email,Get back into your everyday rhythm.,2025-09-23,false,,false,,,
SEND005870,CMP02,Spring Refresh,C00240,ads,Refresh your routine for spring.,2025-03-27,false,,false,,,
SEND005871,CMP08,Holiday Highlights,C00917,ads,Explore customer favorites this holiday.,2025-12-25,false,,false,,,
SEND005872,CMP03,Member Picks,C00719,email,Popular picks selected for you.,2025-06-13,true,66,true,V010793,T006123,97.38
SEND005873,CMP07,Early Holiday,C00010,email,A head start on thoughtful gifting.,2025-11-23,false,,false,,,
SEND005874,CMP07,Early Holiday,C00978,email,A head start on thoughtful gifting.,2025-11-22,false,,false,,,
SEND005875,CMP03,Member Picks,C00504,email,Popular picks selected for you.,2025-05-31,false,,false,,,
SEND005876,CMP03,Member Picks,C00225,email,Popular picks selected for you.,2025-06-06,false,,false,,,
SEND005877,CMP06,Autumn Edit,C00333,ads,Discover this season's useful upgrades.,2025-09-28,false,,false,,,
SEND005878,CMP01,New Year Reset,C00005,email,Start fresh with practical favorites.,2025-01-05,false,,false,,,
SEND005879,CMP03,Member Picks,C00951,email,Popular picks selected for you.,2025-05-17,false,,false,,,
SEND005880,CMP04,Summer Essentials,C00142,ads,Simple essentials for warmer days.,2025-07-10,false,,false,,,
SEND005881,CMP07,Early Holiday,C00393,email,A head start on thoughtful gifting.,2025-11-07,false,,false,,,
SEND005882,CMP07,Early Holiday,C00046,email,A head start on thoughtful gifting.,2025-11-14,false,,false,,,
SEND005883,CMP05,Back to Routine,C00294,email,Get back into your everyday rhythm.,2025-08-02,false,,false,,,
SEND005884,CMP05,Back to Routine,C00309,email,Get back into your everyday rhythm.,2025-08-27,true,81,false,V010794,,
SEND005885,CMP04,Summer Essentials,C00539,ads,Simple essentials for warmer days.,2025-07-06,false,,false,,,
SEND005886,CMP05,Back to Routine,C00274,email,Get back into your everyday rhythm.,2025-08-22,false,,false,,,
SEND005887,CMP03,Member Picks,C00318,email,Popular picks selected for you.,2025-06-22,false,,false,,,
SEND005888,CMP04,Summer Essentials,C00021,ads,Simple essentials for warmer days.,2025-08-31,false,,false,,,
SEND005889,CMP01,New Year Reset,C00031,email,Start fresh with practical favorites.,2025-01-01,false,,false,,,
SEND005890,CMP08,Holiday Highlights,C00544,ads,Explore customer favorites this holiday.,2025-12-01,false,,false,,,
SEND005891,CMP05,Back to Routine,C00443,email,Get back into your everyday rhythm.,2025-09-27,false,,false,,,
SEND005892,CMP03,Member Picks,C00998,email,Popular picks selected for you.,2025-06-23,false,,false,,,
SEND005893,CMP03,Member Picks,C00851,email,Popular picks selected for you.,2025-06-14,false,,false,,,
SEND005894,CMP04,Summer Essentials,C00465,ads,Simple essentials for warmer days.,2025-07-08,false,,false,,,
SEND005895,CMP04,Summer Essentials,C00991,ads,Simple essentials for warmer days.,2025-07-17,false,,false,,,
SEND005896,CMP02,Spring Refresh,C00205,ads,Refresh your routine for spring.,2025-03-21,false,,false,,,
SEND005897,CMP08,Holiday Highlights,C00369,ads,Explore customer favorites this holiday.,2025-12-08,true,79,true,V010795,T006124,45.98
SEND005898,CMP08,Holiday Highlights,C00381,ads,Explore customer favorites this holiday.,2025-11-16,false,,false,,,
SEND005899,CMP01,New Year Reset,C00524,email,Start fresh with practical favorites.,2025-02-15,false,,false,,,
SEND005900,CMP03,Member Picks,C00229,email,Popular picks selected for you.,2025-06-24,false,,false,,,
SEND005901,CMP08,Holiday Highlights,C00053,ads,Explore customer favorites this holiday.,2025-12-31,false,,false,,,
SEND005902,CMP08,Holiday Highlights,C00070,ads,Explore customer favorites this holiday.,2025-12-04,false,,false,,,
SEND005903,CMP03,Member Picks,C00679,email,Popular picks selected for you.,2025-05-24,false,,false,,,
SEND005904,CMP06,Autumn Edit,C00378,ads,Discover this season's useful upgrades.,2025-09-29,false,,false,,,
SEND005905,CMP03,Member Picks,C00249,email,Popular picks selected for you.,2025-05-26,true,194,false,V010796,,
SEND005906,CMP03,Member Picks,C00212,email,Popular picks selected for you.,2025-05-04,false,,false,,,
SEND005907,CMP03,Member Picks,C00082,email,Popular picks selected for you.,2025-05-18,false,,false,,,
SEND005908,CMP01,New Year Reset,C00636,email,Start fresh with practical favorites.,2025-02-16,false,,false,,,
SEND005909,CMP07,Early Holiday,C00340,email,A head start on thoughtful gifting.,2025-11-23,false,,false,,,
SEND005910,CMP04,Summer Essentials,C00492,ads,Simple essentials for warmer days.,2025-06-03,false,,false,,,
SEND005911,CMP05,Back to Routine,C00763,email,Get back into your everyday rhythm.,2025-09-05,false,,false,,,
SEND005912,CMP08,Holiday Highlights,C00404,ads,Explore customer favorites this holiday.,2025-11-15,false,,false,,,
SEND005913,CMP03,Member Picks,C00638,email,Popular picks selected for you.,2025-05-08,false,,false,,,
SEND005914,CMP03,Member Picks,C00218,email,Popular picks selected for you.,2025-06-01,false,,false,,,
SEND005915,CMP02,Spring Refresh,C00999,ads,Refresh your routine for spring.,2025-03-28,false,,false,,,
SEND005916,CMP05,Back to Routine,C00818,email,Get back into your everyday rhythm.,2025-08-16,false,,false,,,
SEND005917,CMP06,Autumn Edit,C00780,ads,Discover this season's useful upgrades.,2025-10-26,false,,false,,,
SEND005918,CMP06,Autumn Edit,C00782,ads,Discover this season's useful upgrades.,2025-09-06,true,35,false,V010797,,
SEND005919,CMP06,Autumn Edit,C00120,ads,Discover this season's useful upgrades.,2025-09-06,false,,false,,,
SEND005920,CMP02,Spring Refresh,C00419,ads,Refresh your routine for spring.,2025-04-05,true,113,false,V010798,,
SEND005921,CMP06,Autumn Edit,C00605,ads,Discover this season's useful upgrades.,2025-09-13,false,,false,,,
SEND005922,CMP06,Autumn Edit,C00724,ads,Discover this season's useful upgrades.,2025-10-23,true,57,true,V010799,T006125,30.74
SEND005923,CMP07,Early Holiday,C00253,email,A head start on thoughtful gifting.,2025-11-15,false,,false,,,
SEND005924,CMP02,Spring Refresh,C00930,ads,Refresh your routine for spring.,2025-03-03,false,,false,,,
SEND005925,CMP02,Spring Refresh,C00762,ads,Refresh your routine for spring.,2025-04-15,false,,false,,,
SEND005926,CMP04,Summer Essentials,C00167,ads,Simple essentials for warmer days.,2025-08-25,false,,false,,,
SEND005927,CMP08,Holiday Highlights,C00204,ads,Explore customer favorites this holiday.,2025-12-17,false,,false,,,
SEND005928,CMP06,Autumn Edit,C00719,ads,Discover this season's useful upgrades.,2025-09-26,false,,false,,,
SEND005929,CMP02,Spring Refresh,C00320,ads,Refresh your routine for spring.,2025-04-24,false,,false,,,
SEND005930,CMP03,Member Picks,C00521,email,Popular picks selected for you.,2025-05-17,false,,false,,,
SEND005931,CMP04,Summer Essentials,C00172,ads,Simple essentials for warmer days.,2025-08-19,false,,false,,,
SEND005932,CMP05,Back to Routine,C00551,email,Get back into your everyday rhythm.,2025-08-14,false,,false,,,
SEND005933,CMP07,Early Holiday,C00051,email,A head start on thoughtful gifting.,2025-11-23,false,,false,,,
SEND005934,CMP02,Spring Refresh,C00888,ads,Refresh your routine for spring.,2025-03-01,true,179,false,V010800,,
SEND005935,CMP06,Autumn Edit,C00423,ads,Discover this season's useful upgrades.,2025-09-13,false,,false,,,
SEND005936,CMP06,Autumn Edit,C00546,ads,Discover this season's useful upgrades.,2025-10-17,false,,false,,,
SEND005937,CMP03,Member Picks,C00206,email,Popular picks selected for you.,2025-05-04,false,,false,,,
SEND005938,CMP04,Summer Essentials,C00382,ads,Simple essentials for warmer days.,2025-07-05,false,,false,,,
SEND005939,CMP02,Spring Refresh,C00010,ads,Refresh your routine for spring.,2025-03-21,false,,false,,,
SEND005940,CMP01,New Year Reset,C00546,email,Start fresh with practical favorites.,2025-01-04,false,,false,,,
SEND005941,CMP07,Early Holiday,C00944,email,A head start on thoughtful gifting.,2025-11-04,false,,false,,,
SEND005942,CMP04,Summer Essentials,C00814,ads,Simple essentials for warmer days.,2025-08-26,false,,false,,,
SEND005943,CMP05,Back to Routine,C00410,email,Get back into your everyday rhythm.,2025-09-08,false,,false,,,
SEND005944,CMP04,Summer Essentials,C00444,ads,Simple essentials for warmer days.,2025-08-07,false,,false,,,
SEND005945,CMP02,Spring Refresh,C00012,ads,Refresh your routine for spring.,2025-03-12,false,,false,,,
SEND005946,CMP01,New Year Reset,C00198,email,Start fresh with practical favorites.,2025-01-03,false,,false,,,
SEND005947,CMP03,Member Picks,C00926,email,Popular picks selected for you.,2025-06-17,false,,false,,,
SEND005948,CMP03,Member Picks,C00576,email,Popular picks selected for you.,2025-06-23,false,,false,,,
SEND005949,CMP06,Autumn Edit,C00159,ads,Discover this season's useful upgrades.,2025-09-24,false,,false,,,
SEND005950,CMP02,Spring Refresh,C00750,ads,Refresh your routine for spring.,2025-03-31,false,,false,,,
SEND005951,CMP08,Holiday Highlights,C00621,ads,Explore customer favorites this holiday.,2025-12-26,false,,false,,,
SEND005952,CMP07,Early Holiday,C00023,email,A head start on thoughtful gifting.,2025-11-14,false,,false,,,
SEND005953,CMP02,Spring Refresh,C00235,ads,Refresh your routine for spring.,2025-03-27,true,134,false,V010801,,
SEND005954,CMP02,Spring Refresh,C00921,ads,Refresh your routine for spring.,2025-04-26,true,143,false,V010802,,
SEND005955,CMP05,Back to Routine,C00388,email,Get back into your everyday rhythm.,2025-08-02,false,,false,,,
SEND005956,CMP03,Member Picks,C00948,email,Popular picks selected for you.,2025-05-03,false,,false,,,
SEND005957,CMP05,Back to Routine,C00414,email,Get back into your everyday rhythm.,2025-09-01,false,,false,,,
SEND005958,CMP05,Back to Routine,C00608,email,Get back into your everyday rhythm.,2025-08-16,false,,false,,,
SEND005959,CMP07,Early Holiday,C00133,email,A head start on thoughtful gifting.,2025-11-20,false,,false,,,
SEND005960,CMP04,Summer Essentials,C00258,ads,Simple essentials for warmer days.,2025-06-16,false,,false,,,
SEND005961,CMP06,Autumn Edit,C00981,ads,Discover this season's useful upgrades.,2025-10-19,false,,false,,,
SEND005962,CMP02,Spring Refresh,C00151,ads,Refresh your routine for spring.,2025-04-18,false,,false,,,
SEND005963,CMP04,Summer Essentials,C00636,ads,Simple essentials for warmer days.,2025-06-23,false,,false,,,
SEND005964,CMP05,Back to Routine,C00908,email,Get back into your everyday rhythm.,2025-09-10,false,,false,,,
SEND005965,CMP04,Summer Essentials,C00204,ads,Simple essentials for warmer days.,2025-07-04,false,,false,,,
SEND005966,CMP03,Member Picks,C00868,email,Popular picks selected for you.,2025-05-21,false,,false,,,
SEND005967,CMP01,New Year Reset,C00316,email,Start fresh with practical favorites.,2025-01-09,false,,false,,,
SEND005968,CMP08,Holiday Highlights,C00156,ads,Explore customer favorites this holiday.,2025-11-28,false,,false,,,
SEND005969,CMP02,Spring Refresh,C00185,ads,Refresh your routine for spring.,2025-04-06,false,,false,,,
SEND005970,CMP01,New Year Reset,C00335,email,Start fresh with practical favorites.,2025-01-25,false,,false,,,
SEND005971,CMP06,Autumn Edit,C00381,ads,Discover this season's useful upgrades.,2025-10-18,false,,false,,,
SEND005972,CMP04,Summer Essentials,C00414,ads,Simple essentials for warmer days.,2025-06-15,true,91,false,V010803,,
SEND005973,CMP07,Early Holiday,C00304,email,A head start on thoughtful gifting.,2025-11-07,true,38,false,V010804,,
SEND005974,CMP08,Holiday Highlights,C00480,ads,Explore customer favorites this holiday.,2025-11-24,false,,false,,,
SEND005975,CMP01,New Year Reset,C00264,email,Start fresh with practical favorites.,2025-02-06,false,,false,,,
SEND005976,CMP04,Summer Essentials,C00671,ads,Simple essentials for warmer days.,2025-06-25,false,,false,,,
SEND005977,CMP04,Summer Essentials,C00757,ads,Simple essentials for warmer days.,2025-06-26,false,,false,,,
SEND005978,CMP05,Back to Routine,C00590,email,Get back into your everyday rhythm.,2025-09-25,false,,false,,,
SEND005979,CMP03,Member Picks,C00021,email,Popular picks selected for you.,2025-05-21,false,,false,,,
SEND005980,CMP03,Member Picks,C00935,email,Popular picks selected for you.,2025-05-31,true,168,false,V010805,,
SEND005981,CMP07,Early Holiday,C00811,email,A head start on thoughtful gifting.,2025-11-17,false,,false,,,
SEND005982,CMP06,Autumn Edit,C00366,ads,Discover this season's useful upgrades.,2025-09-08,false,,false,,,
SEND005983,CMP02,Spring Refresh,C00098,ads,Refresh your routine for spring.,2025-04-03,false,,false,,,
SEND005984,CMP04,Summer Essentials,C00974,ads,Simple essentials for warmer days.,2025-08-03,false,,false,,,
SEND005985,CMP06,Autumn Edit,C00329,ads,Discover this season's useful upgrades.,2025-09-20,false,,false,,,
SEND005986,CMP02,Spring Refresh,C00280,ads,Refresh your routine for spring.,2025-04-23,false,,false,,,
SEND005987,CMP07,Early Holiday,C00552,email,A head start on thoughtful gifting.,2025-11-03,false,,false,,,
SEND005988,CMP04,Summer Essentials,C00128,ads,Simple essentials for warmer days.,2025-08-21,false,,false,,,
SEND005989,CMP02,Spring Refresh,C00791,ads,Refresh your routine for spring.,2025-03-18,true,36,false,V010806,,
SEND005990,CMP01,New Year Reset,C00325,email,Start fresh with practical favorites.,2025-02-11,true,121,false,V010807,,
SEND005991,CMP04,Summer Essentials,C00409,ads,Simple essentials for warmer days.,2025-07-08,false,,false,,,
SEND005992,CMP03,Member Picks,C00860,email,Popular picks selected for you.,2025-05-19,false,,false,,,
SEND005993,CMP06,Autumn Edit,C00864,ads,Discover this season's useful upgrades.,2025-10-30,false,,false,,,
SEND005994,CMP03,Member Picks,C00137,email,Popular picks selected for you.,2025-05-04,false,,false,,,
SEND005995,CMP01,New Year Reset,C00023,email,Start fresh with practical favorites.,2025-01-09,false,,false,,,
SEND005996,CMP08,Holiday Highlights,C00488,ads,Explore customer favorites this holiday.,2025-12-27,false,,false,,,
SEND005997,CMP03,Member Picks,C00049,email,Popular picks selected for you.,2025-06-07,false,,false,,,
SEND005998,CMP06,Autumn Edit,C00350,ads,Discover this season's useful upgrades.,2025-10-24,false,,false,,,
SEND005999,CMP04,Summer Essentials,C00305,ads,Simple essentials for warmer days.,2025-06-14,false,,false,,,
SEND006000,CMP08,Holiday Highlights,C00392,ads,Explore customer favorites this holiday.,2025-12-27,false,,false,,,
SEND006001,CMP06,Autumn Edit,C00208,ads,Discover this season's useful upgrades.,2025-09-12,false,,false,,,
SEND006002,CMP07,Early Holiday,C00782,email,A head start on thoughtful gifting.,2025-11-06,false,,false,,,
SEND006003,CMP04,Summer Essentials,C00488,ads,Simple essentials for warmer days.,2025-08-24,false,,false,,,
SEND006004,CMP04,Summer Essentials,C00621,ads,Simple essentials for warmer days.,2025-08-20,false,,false,,,
SEND006005,CMP04,Summer Essentials,C00102,ads,Simple essentials for warmer days.,2025-06-10,false,,false,,,
SEND006006,CMP03,Member Picks,C00389,email,Popular picks selected for you.,2025-06-25,true,38,false,V010808,,
SEND006007,CMP01,New Year Reset,C00307,email,Start fresh with practical favorites.,2025-01-29,false,,false,,,
SEND006008,CMP05,Back to Routine,C00218,email,Get back into your everyday rhythm.,2025-08-06,false,,false,,,
SEND006009,CMP07,Early Holiday,C00307,email,A head start on thoughtful gifting.,2025-11-23,false,,false,,,
SEND006010,CMP07,Early Holiday,C00385,email,A head start on thoughtful gifting.,2025-11-15,false,,false,,,
SEND006011,CMP05,Back to Routine,C00979,email,Get back into your everyday rhythm.,2025-08-30,false,,false,,,
SEND006012,CMP04,Summer Essentials,C00017,ads,Simple essentials for warmer days.,2025-07-31,false,,false,,,
SEND006013,CMP01,New Year Reset,C00420,email,Start fresh with practical favorites.,2025-01-21,false,,false,,,
SEND006014,CMP08,Holiday Highlights,C00492,ads,Explore customer favorites this holiday.,2025-12-13,false,,false,,,
SEND006015,CMP03,Member Picks,C00748,email,Popular picks selected for you.,2025-06-05,false,,false,,,
SEND006016,CMP06,Autumn Edit,C00853,ads,Discover this season's useful upgrades.,2025-09-28,false,,false,,,
SEND006017,CMP01,New Year Reset,C00776,email,Start fresh with practical favorites.,2025-02-09,false,,false,,,
SEND006018,CMP05,Back to Routine,C00450,email,Get back into your everyday rhythm.,2025-09-26,false,,false,,,
SEND006019,CMP05,Back to Routine,C00290,email,Get back into your everyday rhythm.,2025-09-03,false,,false,,,
SEND006020,CMP06,Autumn Edit,C00955,ads,Discover this season's useful upgrades.,2025-10-25,false,,false,,,
SEND006021,CMP01,New Year Reset,C00570,email,Start fresh with practical favorites.,2025-01-17,false,,false,,,
SEND006022,CMP06,Autumn Edit,C00234,ads,Discover this season's useful upgrades.,2025-10-17,true,74,false,V010809,,
SEND006023,CMP06,Autumn Edit,C00272,ads,Discover this season's useful upgrades.,2025-09-15,false,,false,,,
SEND006024,CMP04,Summer Essentials,C00652,ads,Simple essentials for warmer days.,2025-07-06,false,,false,,,
SEND006025,CMP03,Member Picks,C00680,email,Popular picks selected for you.,2025-06-17,false,,false,,,
SEND006026,CMP01,New Year Reset,C00206,email,Start fresh with practical favorites.,2025-02-08,false,,false,,,
SEND006027,CMP02,Spring Refresh,C00057,ads,Refresh your routine for spring.,2025-04-18,true,70,true,V010810,T006126,88.42
SEND006028,CMP07,Early Holiday,C00945,email,A head start on thoughtful gifting.,2025-11-21,false,,false,,,
SEND006029,CMP07,Early Holiday,C00771,email,A head start on thoughtful gifting.,2025-11-03,false,,false,,,
SEND006030,CMP03,Member Picks,C00264,email,Popular picks selected for you.,2025-06-18,true,246,true,V010811,T006127,63.56
SEND006031,CMP04,Summer Essentials,C01000,ads,Simple essentials for warmer days.,2025-07-25,false,,false,,,
SEND006032,CMP04,Summer Essentials,C00322,ads,Simple essentials for warmer days.,2025-08-08,false,,false,,,
SEND006033,CMP06,Autumn Edit,C00179,ads,Discover this season's useful upgrades.,2025-09-07,false,,false,,,
SEND006034,CMP02,Spring Refresh,C00897,ads,Refresh your routine for spring.,2025-04-08,false,,false,,,
SEND006035,CMP01,New Year Reset,C00195,email,Start fresh with practical favorites.,2025-02-18,false,,false,,,
SEND006036,CMP06,Autumn Edit,C00560,ads,Discover this season's useful upgrades.,2025-10-14,true,139,false,V010812,,
SEND006037,CMP06,Autumn Edit,C00253,ads,Discover this season's useful upgrades.,2025-09-19,false,,false,,,
SEND006038,CMP06,Autumn Edit,C00550,ads,Discover this season's useful upgrades.,2025-10-27,false,,false,,,
SEND006039,CMP01,New Year Reset,C00183,email,Start fresh with practical favorites.,2025-01-28,false,,false,,,
SEND006040,CMP05,Back to Routine,C00943,email,Get back into your everyday rhythm.,2025-09-19,false,,false,,,
SEND006041,CMP01,New Year Reset,C00467,email,Start fresh with practical favorites.,2025-02-28,true,111,false,V010813,,
SEND006042,CMP02,Spring Refresh,C00738,ads,Refresh your routine for spring.,2025-03-31,false,,false,,,
SEND006043,CMP05,Back to Routine,C00123,email,Get back into your everyday rhythm.,2025-08-23,false,,false,,,
SEND006044,CMP03,Member Picks,C00128,email,Popular picks selected for you.,2025-06-07,false,,false,,,
SEND006045,CMP02,Spring Refresh,C00011,ads,Refresh your routine for spring.,2025-03-04,false,,false,,,
SEND006046,CMP01,New Year Reset,C00697,email,Start fresh with practical favorites.,2025-01-01,false,,false,,,
SEND006047,CMP08,Holiday Highlights,C00031,ads,Explore customer favorites this holiday.,2025-12-17,false,,false,,,
SEND006048,CMP04,Summer Essentials,C00571,ads,Simple essentials for warmer days.,2025-07-10,false,,false,,,
SEND006049,CMP01,New Year Reset,C00694,email,Start fresh with practical favorites.,2025-01-29,false,,false,,,
SEND006050,CMP08,Holiday Highlights,C00927,ads,Explore customer favorites this holiday.,2025-11-12,false,,false,,,
SEND006051,CMP06,Autumn Edit,C00267,ads,Discover this season's useful upgrades.,2025-09-04,false,,false,,,
SEND006052,CMP03,Member Picks,C00645,email,Popular picks selected for you.,2025-06-12,false,,false,,,
SEND006053,CMP05,Back to Routine,C00687,email,Get back into your everyday rhythm.,2025-09-10,false,,false,,,
SEND006054,CMP08,Holiday Highlights,C00923,ads,Explore customer favorites this holiday.,2025-11-19,false,,false,,,
SEND006055,CMP04,Summer Essentials,C00746,ads,Simple essentials for warmer days.,2025-06-02,false,,false,,,
SEND006056,CMP04,Summer Essentials,C00329,ads,Simple essentials for warmer days.,2025-08-05,false,,false,,,
SEND006057,CMP04,Summer Essentials,C00093,ads,Simple essentials for warmer days.,2025-08-31,true,119,false,V010814,,
SEND006058,CMP03,Member Picks,C00478,email,Popular picks selected for you.,2025-05-16,true,108,false,V010815,,
SEND006059,CMP03,Member Picks,C00459,email,Popular picks selected for you.,2025-05-16,false,,false,,,
SEND006060,CMP05,Back to Routine,C00073,email,Get back into your everyday rhythm.,2025-08-19,false,,false,,,
SEND006061,CMP05,Back to Routine,C00044,email,Get back into your everyday rhythm.,2025-09-02,false,,false,,,
SEND006062,CMP08,Holiday Highlights,C00292,ads,Explore customer favorites this holiday.,2025-11-07,false,,false,,,
SEND006063,CMP02,Spring Refresh,C00060,ads,Refresh your routine for spring.,2025-04-24,false,,false,,,
SEND006064,CMP07,Early Holiday,C00559,email,A head start on thoughtful gifting.,2025-11-20,false,,false,,,
SEND006065,CMP01,New Year Reset,C00949,email,Start fresh with practical favorites.,2025-01-04,false,,false,,,
SEND006066,CMP02,Spring Refresh,C00800,ads,Refresh your routine for spring.,2025-03-20,false,,false,,,
SEND006067,CMP03,Member Picks,C00259,email,Popular picks selected for you.,2025-05-06,true,60,true,V010816,T006128,41.17
SEND006068,CMP08,Holiday Highlights,C00606,ads,Explore customer favorites this holiday.,2025-12-15,false,,false,,,
SEND006069,CMP01,New Year Reset,C00105,email,Start fresh with practical favorites.,2025-02-15,false,,false,,,
SEND006070,CMP06,Autumn Edit,C00555,ads,Discover this season's useful upgrades.,2025-10-27,false,,false,,,
SEND006071,CMP02,Spring Refresh,C00625,ads,Refresh your routine for spring.,2025-04-13,false,,false,,,
SEND006072,CMP02,Spring Refresh,C00153,ads,Refresh your routine for spring.,2025-04-19,false,,false,,,
SEND006073,CMP07,Early Holiday,C00602,email,A head start on thoughtful gifting.,2025-11-26,false,,false,,,
SEND006074,CMP04,Summer Essentials,C00891,ads,Simple essentials for warmer days.,2025-07-04,false,,false,,,
SEND006075,CMP05,Back to Routine,C00420,email,Get back into your everyday rhythm.,2025-08-28,false,,false,,,
SEND006076,CMP01,New Year Reset,C00668,email,Start fresh with practical favorites.,2025-01-05,true,33,false,V010817,,
SEND006077,CMP08,Holiday Highlights,C00672,ads,Explore customer favorites this holiday.,2025-12-05,true,431,true,V010818,T006129,41.93
SEND006078,CMP01,New Year Reset,C00022,email,Start fresh with practical favorites.,2025-02-02,false,,false,,,
SEND006079,CMP07,Early Holiday,C00308,email,A head start on thoughtful gifting.,2025-11-26,true,126,false,V010819,,
SEND006080,CMP04,Summer Essentials,C00858,ads,Simple essentials for warmer days.,2025-08-09,false,,false,,,
SEND006081,CMP01,New Year Reset,C00236,email,Start fresh with practical favorites.,2025-01-05,false,,false,,,
SEND006082,CMP08,Holiday Highlights,C00063,ads,Explore customer favorites this holiday.,2025-11-05,false,,false,,,
SEND006083,CMP02,Spring Refresh,C00123,ads,Refresh your routine for spring.,2025-03-30,false,,false,,,
SEND006084,CMP04,Summer Essentials,C00895,ads,Simple essentials for warmer days.,2025-07-07,false,,false,,,
SEND006085,CMP07,Early Holiday,C00648,email,A head start on thoughtful gifting.,2025-11-15,false,,false,,,
SEND006086,CMP01,New Year Reset,C00785,email,Start fresh with practical favorites.,2025-01-08,false,,false,,,
SEND006087,CMP08,Holiday Highlights,C00187,ads,Explore customer favorites this holiday.,2025-12-10,false,,false,,,
SEND006088,CMP05,Back to Routine,C00353,email,Get back into your everyday rhythm.,2025-08-03,false,,false,,,
SEND006089,CMP07,Early Holiday,C00376,email,A head start on thoughtful gifting.,2025-11-20,true,105,true,V010820,T006130,60.71
SEND006090,CMP08,Holiday Highlights,C00114,ads,Explore customer favorites this holiday.,2025-11-20,true,90,false,V010821,,
SEND006091,CMP04,Summer Essentials,C00093,ads,Simple essentials for warmer days.,2025-07-20,false,,false,,,
SEND006092,CMP06,Autumn Edit,C00670,ads,Discover this season's useful upgrades.,2025-09-16,false,,false,,,
SEND006093,CMP01,New Year Reset,C00554,email,Start fresh with practical favorites.,2025-01-25,false,,false,,,
SEND006094,CMP03,Member Picks,C00559,email,Popular picks selected for you.,2025-05-17,false,,false,,,
SEND006095,CMP03,Member Picks,C00867,email,Popular picks selected for you.,2025-06-09,false,,false,,,
SEND006096,CMP03,Member Picks,C00336,email,Popular picks selected for you.,2025-05-21,false,,false,,,
SEND006097,CMP03,Member Picks,C00682,email,Popular picks selected for you.,2025-05-06,true,19,false,V010822,,
SEND006098,CMP02,Spring Refresh,C00602,ads,Refresh your routine for spring.,2025-03-17,false,,false,,,
SEND006099,CMP06,Autumn Edit,C00661,ads,Discover this season's useful upgrades.,2025-10-29,false,,false,,,
SEND006100,CMP03,Member Picks,C00096,email,Popular picks selected for you.,2025-05-21,false,,false,,,
SEND006101,CMP04,Summer Essentials,C00301,ads,Simple essentials for warmer days.,2025-06-19,false,,false,,,
SEND006102,CMP03,Member Picks,C00758,email,Popular picks selected for you.,2025-05-12,false,,false,,,
SEND006103,CMP02,Spring Refresh,C00657,ads,Refresh your routine for spring.,2025-04-22,false,,false,,,
SEND006104,CMP05,Back to Routine,C00562,email,Get back into your everyday rhythm.,2025-09-16,false,,false,,,
SEND006105,CMP07,Early Holiday,C00085,email,A head start on thoughtful gifting.,2025-11-21,true,75,false,V010823,,
SEND006106,CMP04,Summer Essentials,C00325,ads,Simple essentials for warmer days.,2025-07-07,false,,false,,,
SEND006107,CMP05,Back to Routine,C00806,email,Get back into your everyday rhythm.,2025-08-05,false,,false,,,
SEND006108,CMP05,Back to Routine,C00631,email,Get back into your everyday rhythm.,2025-08-27,false,,false,,,
SEND006109,CMP08,Holiday Highlights,C00201,ads,Explore customer favorites this holiday.,2025-12-06,true,87,false,V010824,,
SEND006110,CMP01,New Year Reset,C00304,email,Start fresh with practical favorites.,2025-02-07,false,,false,,,
SEND006111,CMP03,Member Picks,C00661,email,Popular picks selected for you.,2025-05-25,false,,false,,,
SEND006112,CMP07,Early Holiday,C00783,email,A head start on thoughtful gifting.,2025-11-04,true,76,false,V010825,,
SEND006113,CMP06,Autumn Edit,C00514,ads,Discover this season's useful upgrades.,2025-09-03,false,,false,,,
SEND006114,CMP05,Back to Routine,C00649,email,Get back into your everyday rhythm.,2025-08-30,false,,false,,,
SEND006115,CMP04,Summer Essentials,C00010,ads,Simple essentials for warmer days.,2025-06-27,false,,false,,,
SEND006116,CMP03,Member Picks,C00108,email,Popular picks selected for you.,2025-05-15,true,48,false,V010826,,
SEND006117,CMP03,Member Picks,C00932,email,Popular picks selected for you.,2025-05-09,false,,false,,,
SEND006118,CMP02,Spring Refresh,C00380,ads,Refresh your routine for spring.,2025-03-07,false,,false,,,
SEND006119,CMP06,Autumn Edit,C00718,ads,Discover this season's useful upgrades.,2025-10-30,false,,false,,,
SEND006120,CMP04,Summer Essentials,C00807,ads,Simple essentials for warmer days.,2025-07-14,true,64,true,V010827,T006131,93.09
SEND006121,CMP01,New Year Reset,C00402,email,Start fresh with practical favorites.,2025-01-26,false,,false,,,
SEND006122,CMP05,Back to Routine,C00757,email,Get back into your everyday rhythm.,2025-08-17,true,84,false,V010828,,
SEND006123,CMP08,Holiday Highlights,C00677,ads,Explore customer favorites this holiday.,2025-11-26,false,,false,,,
SEND006124,CMP08,Holiday Highlights,C00049,ads,Explore customer favorites this holiday.,2025-11-26,true,63,false,V010829,,
SEND006125,CMP01,New Year Reset,C00357,email,Start fresh with practical favorites.,2025-02-18,false,,false,,,
SEND006126,CMP02,Spring Refresh,C00305,ads,Refresh your routine for spring.,2025-04-10,false,,false,,,
SEND006127,CMP08,Holiday Highlights,C00444,ads,Explore customer favorites this holiday.,2025-12-04,false,,false,,,
SEND006128,CMP06,Autumn Edit,C00312,ads,Discover this season's useful upgrades.,2025-09-25,false,,false,,,
SEND006129,CMP02,Spring Refresh,C00661,ads,Refresh your routine for spring.,2025-04-05,false,,false,,,
SEND006130,CMP05,Back to Routine,C00140,email,Get back into your everyday rhythm.,2025-09-18,false,,false,,,
SEND006131,CMP06,Autumn Edit,C00983,ads,Discover this season's useful upgrades.,2025-09-06,true,53,false,V010830,,
SEND006132,CMP06,Autumn Edit,C00640,ads,Discover this season's useful upgrades.,2025-09-12,true,75,false,V010831,,
SEND006133,CMP02,Spring Refresh,C00900,ads,Refresh your routine for spring.,2025-04-06,false,,false,,,
SEND006134,CMP04,Summer Essentials,C00404,ads,Simple essentials for warmer days.,2025-08-20,false,,false,,,
SEND006135,CMP08,Holiday Highlights,C00162,ads,Explore customer favorites this holiday.,2025-12-11,false,,false,,,
SEND006136,CMP07,Early Holiday,C00732,email,A head start on thoughtful gifting.,2025-11-26,false,,false,,,
SEND006137,CMP02,Spring Refresh,C00886,ads,Refresh your routine for spring.,2025-03-02,true,89,false,V010832,,
SEND006138,CMP01,New Year Reset,C00661,email,Start fresh with practical favorites.,2025-01-03,false,,false,,,
SEND006139,CMP01,New Year Reset,C00066,email,Start fresh with practical favorites.,2025-02-04,false,,false,,,
SEND006140,CMP06,Autumn Edit,C00163,ads,Discover this season's useful upgrades.,2025-10-04,false,,false,,,
SEND006141,CMP07,Early Holiday,C00946,email,A head start on thoughtful gifting.,2025-11-12,true,88,true,V010833,T006132,77.62
SEND006142,CMP02,Spring Refresh,C00096,ads,Refresh your routine for spring.,2025-04-23,false,,false,,,
SEND006143,CMP08,Holiday Highlights,C00055,ads,Explore customer favorites this holiday.,2025-11-10,false,,false,,,
SEND006144,CMP06,Autumn Edit,C00380,ads,Discover this season's useful upgrades.,2025-10-24,false,,false,,,
SEND006145,CMP05,Back to Routine,C00488,email,Get back into your everyday rhythm.,2025-09-05,false,,false,,,
SEND006146,CMP03,Member Picks,C00370,email,Popular picks selected for you.,2025-06-18,false,,false,,,
SEND006147,CMP03,Member Picks,C00616,email,Popular picks selected for you.,2025-05-29,false,,false,,,
SEND006148,CMP06,Autumn Edit,C00387,ads,Discover this season's useful upgrades.,2025-10-01,false,,false,,,
SEND006149,CMP07,Early Holiday,C00929,email,A head start on thoughtful gifting.,2025-11-16,false,,false,,,
SEND006150,CMP08,Holiday Highlights,C00108,ads,Explore customer favorites this holiday.,2025-12-03,false,,false,,,
SEND006151,CMP03,Member Picks,C00270,email,Popular picks selected for you.,2025-06-03,false,,false,,,
SEND006152,CMP07,Early Holiday,C00336,email,A head start on thoughtful gifting.,2025-11-29,false,,false,,,
SEND006153,CMP06,Autumn Edit,C00924,ads,Discover this season's useful upgrades.,2025-09-19,false,,false,,,
SEND006154,CMP07,Early Holiday,C00487,email,A head start on thoughtful gifting.,2025-11-06,false,,false,,,
SEND006155,CMP03,Member Picks,C00827,email,Popular picks selected for you.,2025-05-24,false,,false,,,
SEND006156,CMP06,Autumn Edit,C00876,ads,Discover this season's useful upgrades.,2025-10-28,false,,false,,,
SEND006157,CMP04,Summer Essentials,C00602,ads,Simple essentials for warmer days.,2025-06-09,false,,false,,,
SEND006158,CMP06,Autumn Edit,C00609,ads,Discover this season's useful upgrades.,2025-09-15,false,,false,,,
SEND006159,CMP02,Spring Refresh,C00243,ads,Refresh your routine for spring.,2025-04-25,false,,false,,,
SEND006160,CMP06,Autumn Edit,C00048,ads,Discover this season's useful upgrades.,2025-10-13,false,,false,,,
SEND006161,CMP05,Back to Routine,C00378,email,Get back into your everyday rhythm.,2025-09-04,false,,false,,,
SEND006162,CMP07,Early Holiday,C00046,email,A head start on thoughtful gifting.,2025-11-16,false,,false,,,
SEND006163,CMP02,Spring Refresh,C00373,ads,Refresh your routine for spring.,2025-04-02,false,,false,,,
SEND006164,CMP07,Early Holiday,C00337,email,A head start on thoughtful gifting.,2025-11-13,false,,false,,,
SEND006165,CMP08,Holiday Highlights,C00906,ads,Explore customer favorites this holiday.,2025-12-12,false,,false,,,
SEND006166,CMP01,New Year Reset,C00836,email,Start fresh with practical favorites.,2025-02-09,false,,false,,,
SEND006167,CMP04,Summer Essentials,C00981,ads,Simple essentials for warmer days.,2025-08-23,false,,false,,,
SEND006168,CMP08,Holiday Highlights,C00281,ads,Explore customer favorites this holiday.,2025-11-17,false,,false,,,
SEND006169,CMP01,New Year Reset,C00044,email,Start fresh with practical favorites.,2025-01-20,true,326,false,V010834,,
SEND006170,CMP05,Back to Routine,C00967,email,Get back into your everyday rhythm.,2025-08-16,false,,false,,,
SEND006171,CMP02,Spring Refresh,C00410,ads,Refresh your routine for spring.,2025-03-21,false,,false,,,
SEND006172,CMP04,Summer Essentials,C00485,ads,Simple essentials for warmer days.,2025-07-08,false,,false,,,
SEND006173,CMP04,Summer Essentials,C00403,ads,Simple essentials for warmer days.,2025-08-09,true,315,false,V010835,,
SEND006174,CMP02,Spring Refresh,C00053,ads,Refresh your routine for spring.,2025-03-18,false,,false,,,
SEND006175,CMP01,New Year Reset,C00647,email,Start fresh with practical favorites.,2025-01-28,false,,false,,,
SEND006176,CMP02,Spring Refresh,C00952,ads,Refresh your routine for spring.,2025-03-31,false,,false,,,
SEND006177,CMP07,Early Holiday,C00960,email,A head start on thoughtful gifting.,2025-11-16,false,,false,,,
SEND006178,CMP05,Back to Routine,C00817,email,Get back into your everyday rhythm.,2025-09-27,false,,false,,,
SEND006179,CMP01,New Year Reset,C00546,email,Start fresh with practical favorites.,2025-02-26,true,94,false,V010836,,
SEND006180,CMP01,New Year Reset,C00618,email,Start fresh with practical favorites.,2025-02-20,false,,false,,,
SEND006181,CMP01,New Year Reset,C00005,email,Start fresh with practical favorites.,2025-02-07,false,,false,,,
SEND006182,CMP07,Early Holiday,C00975,email,A head start on thoughtful gifting.,2025-11-24,false,,false,,,
SEND006183,CMP07,Early Holiday,C00358,email,A head start on thoughtful gifting.,2025-11-10,false,,false,,,
SEND006184,CMP08,Holiday Highlights,C00035,ads,Explore customer favorites this holiday.,2025-12-08,false,,false,,,
SEND006185,CMP03,Member Picks,C00868,email,Popular picks selected for you.,2025-05-09,true,31,false,V010837,,
SEND006186,CMP04,Summer Essentials,C00975,ads,Simple essentials for warmer days.,2025-07-14,false,,false,,,
SEND006187,CMP04,Summer Essentials,C00126,ads,Simple essentials for warmer days.,2025-08-28,true,183,false,V010838,,
SEND006188,CMP03,Member Picks,C00434,email,Popular picks selected for you.,2025-05-08,false,,false,,,
SEND006189,CMP05,Back to Routine,C00314,email,Get back into your everyday rhythm.,2025-08-31,false,,false,,,
SEND006190,CMP04,Summer Essentials,C00587,ads,Simple essentials for warmer days.,2025-07-24,true,132,false,V010839,,
SEND006191,CMP05,Back to Routine,C00066,email,Get back into your everyday rhythm.,2025-09-12,false,,false,,,
SEND006192,CMP02,Spring Refresh,C00941,ads,Refresh your routine for spring.,2025-04-10,false,,false,,,
SEND006193,CMP01,New Year Reset,C00289,email,Start fresh with practical favorites.,2025-02-25,false,,false,,,
SEND006194,CMP06,Autumn Edit,C00469,ads,Discover this season's useful upgrades.,2025-10-08,false,,false,,,
SEND006195,CMP07,Early Holiday,C00641,email,A head start on thoughtful gifting.,2025-11-23,true,257,false,V010840,,
SEND006196,CMP02,Spring Refresh,C00438,ads,Refresh your routine for spring.,2025-04-12,false,,false,,,
SEND006197,CMP05,Back to Routine,C00843,email,Get back into your everyday rhythm.,2025-09-30,false,,false,,,
SEND006198,CMP06,Autumn Edit,C00141,ads,Discover this season's useful upgrades.,2025-09-16,false,,false,,,
SEND006199,CMP07,Early Holiday,C00853,email,A head start on thoughtful gifting.,2025-11-12,false,,false,,,
SEND006200,CMP05,Back to Routine,C00668,email,Get back into your everyday rhythm.,2025-08-18,false,,false,,,
SEND006201,CMP06,Autumn Edit,C00596,ads,Discover this season's useful upgrades.,2025-10-06,false,,false,,,
SEND006202,CMP02,Spring Refresh,C00838,ads,Refresh your routine for spring.,2025-04-11,false,,false,,,
SEND006203,CMP07,Early Holiday,C00792,email,A head start on thoughtful gifting.,2025-11-07,false,,false,,,
SEND006204,CMP08,Holiday Highlights,C00712,ads,Explore customer favorites this holiday.,2025-12-01,false,,false,,,
SEND006205,CMP04,Summer Essentials,C00555,ads,Simple essentials for warmer days.,2025-06-25,false,,false,,,
SEND006206,CMP02,Spring Refresh,C00310,ads,Refresh your routine for spring.,2025-03-03,false,,false,,,
SEND006207,CMP07,Early Holiday,C00756,email,A head start on thoughtful gifting.,2025-11-10,false,,false,,,
SEND006208,CMP08,Holiday Highlights,C00634,ads,Explore customer favorites this holiday.,2025-11-01,false,,false,,,
SEND006209,CMP03,Member Picks,C00196,email,Popular picks selected for you.,2025-05-10,false,,false,,,
SEND006210,CMP08,Holiday Highlights,C00124,ads,Explore customer favorites this holiday.,2025-11-03,false,,false,,,
SEND006211,CMP08,Holiday Highlights,C00925,ads,Explore customer favorites this holiday.,2025-12-25,false,,false,,,
SEND006212,CMP08,Holiday Highlights,C00439,ads,Explore customer favorites this holiday.,2025-12-04,false,,false,,,
SEND006213,CMP08,Holiday Highlights,C00532,ads,Explore customer favorites this holiday.,2025-11-25,true,139,false,V010841,,
SEND006214,CMP03,Member Picks,C00597,email,Popular picks selected for you.,2025-06-07,false,,false,,,
SEND006215,CMP07,Early Holiday,C00513,email,A head start on thoughtful gifting.,2025-11-24,false,,false,,,
SEND006216,CMP04,Summer Essentials,C00174,ads,Simple essentials for warmer days.,2025-07-20,false,,false,,,
SEND006217,CMP05,Back to Routine,C00340,email,Get back into your everyday rhythm.,2025-09-27,false,,false,,,
SEND006218,CMP05,Back to Routine,C00841,email,Get back into your everyday rhythm.,2025-09-23,false,,false,,,
SEND006219,CMP07,Early Holiday,C00229,email,A head start on thoughtful gifting.,2025-11-18,false,,false,,,
SEND006220,CMP06,Autumn Edit,C00309,ads,Discover this season's useful upgrades.,2025-09-07,false,,false,,,
SEND006221,CMP08,Holiday Highlights,C00077,ads,Explore customer favorites this holiday.,2025-12-18,false,,false,,,
SEND006222,CMP04,Summer Essentials,C00025,ads,Simple essentials for warmer days.,2025-06-01,false,,false,,,
SEND006223,CMP08,Holiday Highlights,C00879,ads,Explore customer favorites this holiday.,2025-11-21,false,,false,,,
SEND006224,CMP04,Summer Essentials,C00403,ads,Simple essentials for warmer days.,2025-06-17,false,,false,,,
SEND006225,CMP04,Summer Essentials,C00505,ads,Simple essentials for warmer days.,2025-07-25,false,,false,,,
SEND006226,CMP03,Member Picks,C00043,email,Popular picks selected for you.,2025-06-08,false,,false,,,
SEND006227,CMP06,Autumn Edit,C00661,ads,Discover this season's useful upgrades.,2025-10-17,false,,false,,,
SEND006228,CMP07,Early Holiday,C00771,email,A head start on thoughtful gifting.,2025-11-21,false,,false,,,
SEND006229,CMP08,Holiday Highlights,C00860,ads,Explore customer favorites this holiday.,2025-11-02,false,,false,,,
SEND006230,CMP08,Holiday Highlights,C00572,ads,Explore customer favorites this holiday.,2025-12-20,true,192,true,V010842,T006133,52.66
SEND006231,CMP05,Back to Routine,C00280,email,Get back into your everyday rhythm.,2025-09-04,false,,false,,,
SEND006232,CMP04,Summer Essentials,C00463,ads,Simple essentials for warmer days.,2025-06-26,true,77,false,V010843,,
SEND006233,CMP04,Summer Essentials,C00292,ads,Simple essentials for warmer days.,2025-07-13,false,,false,,,
SEND006234,CMP03,Member Picks,C00217,email,Popular picks selected for you.,2025-06-02,false,,false,,,
SEND006235,CMP04,Summer Essentials,C00979,ads,Simple essentials for warmer days.,2025-07-08,false,,false,,,
SEND006236,CMP01,New Year Reset,C00339,email,Start fresh with practical favorites.,2025-01-11,false,,false,,,
SEND006237,CMP01,New Year Reset,C00362,email,Start fresh with practical favorites.,2025-02-05,false,,false,,,
SEND006238,CMP06,Autumn Edit,C00292,ads,Discover this season's useful upgrades.,2025-09-04,false,,false,,,
SEND006239,CMP01,New Year Reset,C00382,email,Start fresh with practical favorites.,2025-02-08,false,,false,,,
SEND006240,CMP03,Member Picks,C00797,email,Popular picks selected for you.,2025-05-22,false,,false,,,
SEND006241,CMP07,Early Holiday,C00166,email,A head start on thoughtful gifting.,2025-11-03,true,171,false,V010844,,
SEND006242,CMP02,Spring Refresh,C00440,ads,Refresh your routine for spring.,2025-03-14,false,,false,,,
SEND006243,CMP04,Summer Essentials,C00159,ads,Simple essentials for warmer days.,2025-08-15,false,,false,,,
SEND006244,CMP05,Back to Routine,C00287,email,Get back into your everyday rhythm.,2025-08-22,false,,false,,,
SEND006245,CMP07,Early Holiday,C00479,email,A head start on thoughtful gifting.,2025-11-21,true,221,false,V010845,,
SEND006246,CMP05,Back to Routine,C00298,email,Get back into your everyday rhythm.,2025-09-11,false,,false,,,
SEND006247,CMP08,Holiday Highlights,C00039,ads,Explore customer favorites this holiday.,2025-12-02,false,,false,,,
SEND006248,CMP03,Member Picks,C00587,email,Popular picks selected for you.,2025-06-16,false,,false,,,
SEND006249,CMP06,Autumn Edit,C00636,ads,Discover this season's useful upgrades.,2025-09-08,false,,false,,,
SEND006250,CMP01,New Year Reset,C00995,email,Start fresh with practical favorites.,2025-01-23,false,,false,,,
SEND006251,CMP03,Member Picks,C00104,email,Popular picks selected for you.,2025-05-25,false,,false,,,
SEND006252,CMP05,Back to Routine,C00990,email,Get back into your everyday rhythm.,2025-08-26,false,,false,,,
SEND006253,CMP06,Autumn Edit,C00334,ads,Discover this season's useful upgrades.,2025-09-02,false,,false,,,
SEND006254,CMP04,Summer Essentials,C00274,ads,Simple essentials for warmer days.,2025-07-03,false,,false,,,
SEND006255,CMP01,New Year Reset,C00327,email,Start fresh with practical favorites.,2025-02-04,false,,false,,,
SEND006256,CMP05,Back to Routine,C00370,email,Get back into your everyday rhythm.,2025-09-20,false,,false,,,
SEND006257,CMP06,Autumn Edit,C00857,ads,Discover this season's useful upgrades.,2025-10-26,true,167,false,V010846,,
SEND006258,CMP01,New Year Reset,C00576,email,Start fresh with practical favorites.,2025-02-11,false,,false,,,
SEND006259,CMP08,Holiday Highlights,C00584,ads,Explore customer favorites this holiday.,2025-12-12,false,,false,,,
SEND006260,CMP01,New Year Reset,C00794,email,Start fresh with practical favorites.,2025-02-22,false,,false,,,
SEND006261,CMP08,Holiday Highlights,C00893,ads,Explore customer favorites this holiday.,2025-12-13,false,,false,,,
SEND006262,CMP01,New Year Reset,C00167,email,Start fresh with practical favorites.,2025-01-07,false,,false,,,
SEND006263,CMP02,Spring Refresh,C00093,ads,Refresh your routine for spring.,2025-03-04,false,,false,,,
SEND006264,CMP04,Summer Essentials,C00997,ads,Simple essentials for warmer days.,2025-06-05,false,,false,,,
SEND006265,CMP06,Autumn Edit,C00435,ads,Discover this season's useful upgrades.,2025-09-16,false,,false,,,
SEND006266,CMP06,Autumn Edit,C00564,ads,Discover this season's useful upgrades.,2025-10-23,false,,false,,,
SEND006267,CMP08,Holiday Highlights,C00674,ads,Explore customer favorites this holiday.,2025-11-11,false,,false,,,
SEND006268,CMP04,Summer Essentials,C00169,ads,Simple essentials for warmer days.,2025-08-11,false,,false,,,
SEND006269,CMP02,Spring Refresh,C00354,ads,Refresh your routine for spring.,2025-03-02,false,,false,,,
SEND006270,CMP07,Early Holiday,C00259,email,A head start on thoughtful gifting.,2025-11-14,true,33,false,V010847,,
SEND006271,CMP05,Back to Routine,C00713,email,Get back into your everyday rhythm.,2025-08-28,true,39,false,V010848,,
SEND006272,CMP02,Spring Refresh,C00755,ads,Refresh your routine for spring.,2025-03-02,false,,false,,,
SEND006273,CMP06,Autumn Edit,C00380,ads,Discover this season's useful upgrades.,2025-09-30,false,,false,,,
SEND006274,CMP04,Summer Essentials,C00618,ads,Simple essentials for warmer days.,2025-08-06,false,,false,,,
SEND006275,CMP05,Back to Routine,C00816,email,Get back into your everyday rhythm.,2025-09-01,false,,false,,,
SEND006276,CMP05,Back to Routine,C00562,email,Get back into your everyday rhythm.,2025-08-28,false,,false,,,
SEND006277,CMP05,Back to Routine,C00117,email,Get back into your everyday rhythm.,2025-08-21,false,,false,,,
SEND006278,CMP02,Spring Refresh,C00817,ads,Refresh your routine for spring.,2025-03-30,false,,false,,,
SEND006279,CMP02,Spring Refresh,C00690,ads,Refresh your routine for spring.,2025-04-29,true,90,false,V010849,,
SEND006280,CMP02,Spring Refresh,C00421,ads,Refresh your routine for spring.,2025-03-31,false,,false,,,
SEND006281,CMP08,Holiday Highlights,C00634,ads,Explore customer favorites this holiday.,2025-11-08,false,,false,,,
SEND006282,CMP07,Early Holiday,C00117,email,A head start on thoughtful gifting.,2025-11-13,true,233,false,V010850,,
SEND006283,CMP03,Member Picks,C00485,email,Popular picks selected for you.,2025-06-04,false,,false,,,
SEND006284,CMP04,Summer Essentials,C00612,ads,Simple essentials for warmer days.,2025-08-03,false,,false,,,
SEND006285,CMP02,Spring Refresh,C00440,ads,Refresh your routine for spring.,2025-03-26,false,,false,,,
SEND006286,CMP08,Holiday Highlights,C00206,ads,Explore customer favorites this holiday.,2025-12-13,true,97,false,V010851,,
SEND006287,CMP07,Early Holiday,C00245,email,A head start on thoughtful gifting.,2025-11-28,false,,false,,,
SEND006288,CMP07,Early Holiday,C00488,email,A head start on thoughtful gifting.,2025-11-03,false,,false,,,
SEND006289,CMP08,Holiday Highlights,C00144,ads,Explore customer favorites this holiday.,2025-11-12,false,,false,,,
SEND006290,CMP04,Summer Essentials,C00318,ads,Simple essentials for warmer days.,2025-07-12,false,,false,,,
SEND006291,CMP02,Spring Refresh,C00058,ads,Refresh your routine for spring.,2025-03-21,false,,false,,,
SEND006292,CMP07,Early Holiday,C00304,email,A head start on thoughtful gifting.,2025-11-19,false,,false,,,
SEND006293,CMP04,Summer Essentials,C00535,ads,Simple essentials for warmer days.,2025-08-13,false,,false,,,
SEND006294,CMP02,Spring Refresh,C00614,ads,Refresh your routine for spring.,2025-04-30,false,,false,,,
SEND006295,CMP02,Spring Refresh,C00331,ads,Refresh your routine for spring.,2025-03-19,false,,false,,,
SEND006296,CMP03,Member Picks,C00232,email,Popular picks selected for you.,2025-06-15,false,,false,,,
SEND006297,CMP02,Spring Refresh,C00659,ads,Refresh your routine for spring.,2025-04-18,false,,false,,,
SEND006298,CMP06,Autumn Edit,C00922,ads,Discover this season's useful upgrades.,2025-10-03,false,,false,,,
SEND006299,CMP05,Back to Routine,C00329,email,Get back into your everyday rhythm.,2025-08-22,false,,false,,,
SEND006300,CMP04,Summer Essentials,C00967,ads,Simple essentials for warmer days.,2025-07-29,true,30,false,V010852,,
SEND006301,CMP06,Autumn Edit,C00896,ads,Discover this season's useful upgrades.,2025-10-30,false,,false,,,
SEND006302,CMP07,Early Holiday,C00012,email,A head start on thoughtful gifting.,2025-11-01,true,96,true,V010853,T006134,87.83
SEND006303,CMP01,New Year Reset,C00950,email,Start fresh with practical favorites.,2025-01-02,false,,false,,,
SEND006304,CMP06,Autumn Edit,C00534,ads,Discover this season's useful upgrades.,2025-09-10,false,,false,,,
SEND006305,CMP08,Holiday Highlights,C00325,ads,Explore customer favorites this holiday.,2025-11-02,false,,false,,,
SEND006306,CMP03,Member Picks,C00509,email,Popular picks selected for you.,2025-05-05,false,,false,,,
SEND006307,CMP06,Autumn Edit,C00078,ads,Discover this season's useful upgrades.,2025-09-29,false,,false,,,
SEND006308,CMP04,Summer Essentials,C00337,ads,Simple essentials for warmer days.,2025-07-22,false,,false,,,
SEND006309,CMP01,New Year Reset,C00672,email,Start fresh with practical favorites.,2025-01-15,false,,false,,,
SEND006310,CMP04,Summer Essentials,C00288,ads,Simple essentials for warmer days.,2025-08-18,false,,false,,,
SEND006311,CMP04,Summer Essentials,C00599,ads,Simple essentials for warmer days.,2025-06-27,true,69,false,V010854,,
SEND006312,CMP06,Autumn Edit,C00645,ads,Discover this season's useful upgrades.,2025-09-25,true,101,false,V010855,,
SEND006313,CMP08,Holiday Highlights,C00839,ads,Explore customer favorites this holiday.,2025-11-21,false,,false,,,
SEND006314,CMP04,Summer Essentials,C00701,ads,Simple essentials for warmer days.,2025-06-13,false,,false,,,
SEND006315,CMP01,New Year Reset,C00688,email,Start fresh with practical favorites.,2025-02-17,false,,false,,,
SEND006316,CMP08,Holiday Highlights,C00724,ads,Explore customer favorites this holiday.,2025-11-16,false,,false,,,
SEND006317,CMP04,Summer Essentials,C00007,ads,Simple essentials for warmer days.,2025-08-29,false,,false,,,
SEND006318,CMP03,Member Picks,C00720,email,Popular picks selected for you.,2025-05-10,false,,false,,,
SEND006319,CMP02,Spring Refresh,C00090,ads,Refresh your routine for spring.,2025-04-24,false,,false,,,
SEND006320,CMP05,Back to Routine,C00891,email,Get back into your everyday rhythm.,2025-09-03,false,,false,,,
SEND006321,CMP07,Early Holiday,C00256,email,A head start on thoughtful gifting.,2025-11-06,false,,false,,,
SEND006322,CMP08,Holiday Highlights,C00379,ads,Explore customer favorites this holiday.,2025-12-21,true,149,false,V010856,,
SEND006323,CMP07,Early Holiday,C00660,email,A head start on thoughtful gifting.,2025-11-21,false,,false,,,
SEND006324,CMP07,Early Holiday,C00856,email,A head start on thoughtful gifting.,2025-11-29,false,,false,,,
SEND006325,CMP03,Member Picks,C00210,email,Popular picks selected for you.,2025-06-11,false,,false,,,
SEND006326,CMP07,Early Holiday,C00577,email,A head start on thoughtful gifting.,2025-11-14,false,,false,,,
SEND006327,CMP08,Holiday Highlights,C00209,ads,Explore customer favorites this holiday.,2025-12-30,false,,false,,,
SEND006328,CMP02,Spring Refresh,C00215,ads,Refresh your routine for spring.,2025-04-12,false,,false,,,
SEND006329,CMP06,Autumn Edit,C00219,ads,Discover this season's useful upgrades.,2025-09-03,false,,false,,,
SEND006330,CMP05,Back to Routine,C00011,email,Get back into your everyday rhythm.,2025-09-01,false,,false,,,
SEND006331,CMP03,Member Picks,C00098,email,Popular picks selected for you.,2025-05-17,true,13,true,V010857,T006135,120.27
SEND006332,CMP08,Holiday Highlights,C00430,ads,Explore customer favorites this holiday.,2025-11-10,false,,false,,,
SEND006333,CMP01,New Year Reset,C00825,email,Start fresh with practical favorites.,2025-01-07,false,,false,,,
SEND006334,CMP03,Member Picks,C00760,email,Popular picks selected for you.,2025-05-30,false,,false,,,
SEND006335,CMP06,Autumn Edit,C00585,ads,Discover this season's useful upgrades.,2025-10-05,false,,false,,,
SEND006336,CMP02,Spring Refresh,C00370,ads,Refresh your routine for spring.,2025-03-30,false,,false,,,
SEND006337,CMP07,Early Holiday,C00608,email,A head start on thoughtful gifting.,2025-11-05,false,,false,,,
SEND006338,CMP08,Holiday Highlights,C00430,ads,Explore customer favorites this holiday.,2025-11-16,false,,false,,,
SEND006339,CMP05,Back to Routine,C00611,email,Get back into your everyday rhythm.,2025-08-05,false,,false,,,
SEND006340,CMP03,Member Picks,C00534,email,Popular picks selected for you.,2025-06-11,true,109,false,V010858,,
SEND006341,CMP05,Back to Routine,C00475,email,Get back into your everyday rhythm.,2025-09-01,false,,false,,,
SEND006342,CMP05,Back to Routine,C00249,email,Get back into your everyday rhythm.,2025-08-14,false,,false,,,
SEND006343,CMP08,Holiday Highlights,C00290,ads,Explore customer favorites this holiday.,2025-12-10,false,,false,,,
SEND006344,CMP06,Autumn Edit,C00442,ads,Discover this season's useful upgrades.,2025-10-22,false,,false,,,
SEND006345,CMP07,Early Holiday,C00273,email,A head start on thoughtful gifting.,2025-11-17,true,144,false,V010859,,
SEND006346,CMP08,Holiday Highlights,C00038,ads,Explore customer favorites this holiday.,2025-12-23,false,,false,,,
SEND006347,CMP04,Summer Essentials,C00419,ads,Simple essentials for warmer days.,2025-08-29,false,,false,,,
SEND006348,CMP03,Member Picks,C00136,email,Popular picks selected for you.,2025-06-07,false,,false,,,
SEND006349,CMP06,Autumn Edit,C00740,ads,Discover this season's useful upgrades.,2025-10-15,false,,false,,,
SEND006350,CMP04,Summer Essentials,C00262,ads,Simple essentials for warmer days.,2025-07-02,false,,false,,,
SEND006351,CMP07,Early Holiday,C00251,email,A head start on thoughtful gifting.,2025-11-08,false,,false,,,
SEND006352,CMP08,Holiday Highlights,C00957,ads,Explore customer favorites this holiday.,2025-12-16,false,,false,,,
SEND006353,CMP07,Early Holiday,C00064,email,A head start on thoughtful gifting.,2025-11-04,false,,false,,,
SEND006354,CMP01,New Year Reset,C00746,email,Start fresh with practical favorites.,2025-02-11,false,,false,,,
SEND006355,CMP07,Early Holiday,C00422,email,A head start on thoughtful gifting.,2025-11-21,false,,false,,,
SEND006356,CMP02,Spring Refresh,C00666,ads,Refresh your routine for spring.,2025-03-04,false,,false,,,
SEND006357,CMP03,Member Picks,C00783,email,Popular picks selected for you.,2025-05-17,false,,false,,,
SEND006358,CMP08,Holiday Highlights,C00036,ads,Explore customer favorites this holiday.,2025-12-27,false,,false,,,
SEND006359,CMP08,Holiday Highlights,C00183,ads,Explore customer favorites this holiday.,2025-11-08,false,,false,,,
SEND006360,CMP06,Autumn Edit,C00450,ads,Discover this season's useful upgrades.,2025-10-27,false,,false,,,
SEND006361,CMP08,Holiday Highlights,C00429,ads,Explore customer favorites this holiday.,2025-12-18,false,,false,,,
SEND006362,CMP04,Summer Essentials,C00284,ads,Simple essentials for warmer days.,2025-07-19,false,,false,,,
SEND006363,CMP01,New Year Reset,C00613,email,Start fresh with practical favorites.,2025-02-26,false,,false,,,
SEND006364,CMP01,New Year Reset,C00994,email,Start fresh with practical favorites.,2025-01-04,false,,false,,,
SEND006365,CMP03,Member Picks,C00570,email,Popular picks selected for you.,2025-06-05,false,,false,,,
SEND006366,CMP06,Autumn Edit,C00770,ads,Discover this season's useful upgrades.,2025-10-29,false,,false,,,
SEND006367,CMP02,Spring Refresh,C00891,ads,Refresh your routine for spring.,2025-03-01,true,58,false,V010860,,
SEND006368,CMP04,Summer Essentials,C00541,ads,Simple essentials for warmer days.,2025-07-29,false,,false,,,
SEND006369,CMP08,Holiday Highlights,C00893,ads,Explore customer favorites this holiday.,2025-12-30,false,,false,,,
SEND006370,CMP04,Summer Essentials,C00579,ads,Simple essentials for warmer days.,2025-06-29,true,156,false,V010861,,
SEND006371,CMP01,New Year Reset,C00009,email,Start fresh with practical favorites.,2025-01-25,false,,false,,,
SEND006372,CMP05,Back to Routine,C00983,email,Get back into your everyday rhythm.,2025-09-17,true,45,false,V010862,,
SEND006373,CMP01,New Year Reset,C00445,email,Start fresh with practical favorites.,2025-02-10,false,,false,,,
SEND006374,CMP03,Member Picks,C00753,email,Popular picks selected for you.,2025-05-30,false,,false,,,
SEND006375,CMP05,Back to Routine,C00848,email,Get back into your everyday rhythm.,2025-09-27,false,,false,,,
SEND006376,CMP03,Member Picks,C00017,email,Popular picks selected for you.,2025-06-19,false,,false,,,
SEND006377,CMP03,Member Picks,C00637,email,Popular picks selected for you.,2025-05-30,false,,false,,,
SEND006378,CMP06,Autumn Edit,C00166,ads,Discover this season's useful upgrades.,2025-09-14,false,,false,,,
SEND006379,CMP06,Autumn Edit,C00297,ads,Discover this season's useful upgrades.,2025-09-15,true,156,false,V010863,,
SEND006380,CMP07,Early Holiday,C00353,email,A head start on thoughtful gifting.,2025-11-10,false,,false,,,
SEND006381,CMP06,Autumn Edit,C00960,ads,Discover this season's useful upgrades.,2025-10-10,false,,false,,,
SEND006382,CMP04,Summer Essentials,C00270,ads,Simple essentials for warmer days.,2025-08-08,false,,false,,,
SEND006383,CMP07,Early Holiday,C00051,email,A head start on thoughtful gifting.,2025-11-21,false,,false,,,
SEND006384,CMP06,Autumn Edit,C00312,ads,Discover this season's useful upgrades.,2025-09-29,false,,false,,,
SEND006385,CMP02,Spring Refresh,C00280,ads,Refresh your routine for spring.,2025-03-14,false,,false,,,
SEND006386,CMP02,Spring Refresh,C00960,ads,Refresh your routine for spring.,2025-03-27,false,,false,,,
SEND006387,CMP02,Spring Refresh,C00964,ads,Refresh your routine for spring.,2025-04-08,false,,false,,,
SEND006388,CMP05,Back to Routine,C00997,email,Get back into your everyday rhythm.,2025-09-09,false,,false,,,
SEND006389,CMP03,Member Picks,C00365,email,Popular picks selected for you.,2025-05-18,false,,false,,,
SEND006390,CMP08,Holiday Highlights,C00424,ads,Explore customer favorites this holiday.,2025-11-13,false,,false,,,
SEND006391,CMP08,Holiday Highlights,C00013,ads,Explore customer favorites this holiday.,2025-12-20,true,16,false,V010864,,
SEND006392,CMP06,Autumn Edit,C00625,ads,Discover this season's useful upgrades.,2025-09-19,true,16,false,V010865,,
SEND006393,CMP07,Early Holiday,C00815,email,A head start on thoughtful gifting.,2025-11-19,false,,false,,,
SEND006394,CMP01,New Year Reset,C00892,email,Start fresh with practical favorites.,2025-02-24,true,50,false,V010866,,
SEND006395,CMP01,New Year Reset,C00929,email,Start fresh with practical favorites.,2025-01-04,true,192,false,V010867,,
SEND006396,CMP03,Member Picks,C00908,email,Popular picks selected for you.,2025-05-08,false,,false,,,
SEND006397,CMP08,Holiday Highlights,C00983,ads,Explore customer favorites this holiday.,2025-12-03,true,52,true,V010868,T006136,70.9
SEND006398,CMP05,Back to Routine,C00181,email,Get back into your everyday rhythm.,2025-09-25,false,,false,,,
SEND006399,CMP06,Autumn Edit,C00376,ads,Discover this season's useful upgrades.,2025-10-29,false,,false,,,
SEND006400,CMP02,Spring Refresh,C00974,ads,Refresh your routine for spring.,2025-03-21,false,,false,,,
SEND006401,CMP01,New Year Reset,C00943,email,Start fresh with practical favorites.,2025-01-24,false,,false,,,
SEND006402,CMP04,Summer Essentials,C00533,ads,Simple essentials for warmer days.,2025-07-31,false,,false,,,
SEND006403,CMP06,Autumn Edit,C00494,ads,Discover this season's useful upgrades.,2025-09-20,false,,false,,,
SEND006404,CMP03,Member Picks,C00272,email,Popular picks selected for you.,2025-05-19,false,,false,,,
SEND006405,CMP03,Member Picks,C00497,email,Popular picks selected for you.,2025-06-08,false,,false,,,
SEND006406,CMP01,New Year Reset,C00025,email,Start fresh with practical favorites.,2025-01-01,false,,false,,,
SEND006407,CMP01,New Year Reset,C00101,email,Start fresh with practical favorites.,2025-01-05,true,82,false,V010869,,
SEND006408,CMP02,Spring Refresh,C00280,ads,Refresh your routine for spring.,2025-04-30,false,,false,,,
SEND006409,CMP01,New Year Reset,C00357,email,Start fresh with practical favorites.,2025-02-02,true,61,false,V010870,,
SEND006410,CMP02,Spring Refresh,C00564,ads,Refresh your routine for spring.,2025-04-18,false,,false,,,
SEND006411,CMP02,Spring Refresh,C00702,ads,Refresh your routine for spring.,2025-03-24,false,,false,,,
SEND006412,CMP01,New Year Reset,C00247,email,Start fresh with practical favorites.,2025-01-21,false,,false,,,
SEND006413,CMP02,Spring Refresh,C00651,ads,Refresh your routine for spring.,2025-04-15,false,,false,,,
SEND006414,CMP08,Holiday Highlights,C00154,ads,Explore customer favorites this holiday.,2025-11-25,false,,false,,,
SEND006415,CMP02,Spring Refresh,C00775,ads,Refresh your routine for spring.,2025-03-28,false,,false,,,
SEND006416,CMP04,Summer Essentials,C00828,ads,Simple essentials for warmer days.,2025-07-21,false,,false,,,
SEND006417,CMP02,Spring Refresh,C00122,ads,Refresh your routine for spring.,2025-03-30,false,,false,,,
SEND006418,CMP06,Autumn Edit,C00784,ads,Discover this season's useful upgrades.,2025-10-07,false,,false,,,
SEND006419,CMP01,New Year Reset,C00273,email,Start fresh with practical favorites.,2025-01-22,false,,false,,,
SEND006420,CMP03,Member Picks,C00243,email,Popular picks selected for you.,2025-05-06,false,,false,,,
SEND006421,CMP07,Early Holiday,C00782,email,A head start on thoughtful gifting.,2025-11-25,false,,false,,,
SEND006422,CMP07,Early Holiday,C00143,email,A head start on thoughtful gifting.,2025-11-18,true,154,false,V010871,,
SEND006423,CMP07,Early Holiday,C00859,email,A head start on thoughtful gifting.,2025-11-22,false,,false,,,
SEND006424,CMP04,Summer Essentials,C00299,ads,Simple essentials for warmer days.,2025-06-30,false,,false,,,
SEND006425,CMP06,Autumn Edit,C00566,ads,Discover this season's useful upgrades.,2025-10-23,false,,false,,,
SEND006426,CMP01,New Year Reset,C00570,email,Start fresh with practical favorites.,2025-01-20,false,,false,,,
SEND006427,CMP06,Autumn Edit,C00171,ads,Discover this season's useful upgrades.,2025-10-17,false,,false,,,
SEND006428,CMP02,Spring Refresh,C00721,ads,Refresh your routine for spring.,2025-04-20,false,,false,,,
SEND006429,CMP02,Spring Refresh,C00221,ads,Refresh your routine for spring.,2025-04-16,false,,false,,,
SEND006430,CMP05,Back to Routine,C00069,email,Get back into your everyday rhythm.,2025-09-16,false,,false,,,
SEND006431,CMP08,Holiday Highlights,C00078,ads,Explore customer favorites this holiday.,2025-11-18,false,,false,,,
SEND006432,CMP03,Member Picks,C00844,email,Popular picks selected for you.,2025-06-29,false,,false,,,
SEND006433,CMP08,Holiday Highlights,C00602,ads,Explore customer favorites this holiday.,2025-12-20,false,,false,,,
SEND006434,CMP03,Member Picks,C00463,email,Popular picks selected for you.,2025-05-28,false,,false,,,
SEND006435,CMP07,Early Holiday,C00527,email,A head start on thoughtful gifting.,2025-11-24,false,,false,,,
SEND006436,CMP05,Back to Routine,C00945,email,Get back into your everyday rhythm.,2025-08-26,true,71,false,V010872,,
SEND006437,CMP07,Early Holiday,C00312,email,A head start on thoughtful gifting.,2025-11-04,false,,false,,,
SEND006438,CMP06,Autumn Edit,C00805,ads,Discover this season's useful upgrades.,2025-09-03,false,,false,,,
SEND006439,CMP01,New Year Reset,C00051,email,Start fresh with practical favorites.,2025-02-25,true,133,true,V010873,T006137,67.32
SEND006440,CMP02,Spring Refresh,C00473,ads,Refresh your routine for spring.,2025-03-14,false,,false,,,
SEND006441,CMP03,Member Picks,C00317,email,Popular picks selected for you.,2025-06-28,false,,false,,,
SEND006442,CMP04,Summer Essentials,C00063,ads,Simple essentials for warmer days.,2025-07-24,false,,false,,,
SEND006443,CMP07,Early Holiday,C00010,email,A head start on thoughtful gifting.,2025-11-07,false,,false,,,
SEND006444,CMP02,Spring Refresh,C00537,ads,Refresh your routine for spring.,2025-04-18,false,,false,,,
SEND006445,CMP07,Early Holiday,C00345,email,A head start on thoughtful gifting.,2025-11-24,false,,false,,,
SEND006446,CMP06,Autumn Edit,C00976,ads,Discover this season's useful upgrades.,2025-10-12,false,,false,,,
SEND006447,CMP03,Member Picks,C00339,email,Popular picks selected for you.,2025-06-18,false,,false,,,
SEND006448,CMP01,New Year Reset,C00682,email,Start fresh with practical favorites.,2025-02-08,false,,false,,,
SEND006449,CMP04,Summer Essentials,C00345,ads,Simple essentials for warmer days.,2025-08-20,false,,false,,,
SEND006450,CMP04,Summer Essentials,C00793,ads,Simple essentials for warmer days.,2025-06-09,false,,false,,,
SEND006451,CMP04,Summer Essentials,C00860,ads,Simple essentials for warmer days.,2025-06-01,false,,false,,,
SEND006452,CMP01,New Year Reset,C00175,email,Start fresh with practical favorites.,2025-02-03,false,,false,,,
SEND006453,CMP07,Early Holiday,C00851,email,A head start on thoughtful gifting.,2025-11-17,false,,false,,,
SEND006454,CMP04,Summer Essentials,C00562,ads,Simple essentials for warmer days.,2025-06-09,false,,false,,,
SEND006455,CMP07,Early Holiday,C00522,email,A head start on thoughtful gifting.,2025-11-16,false,,false,,,
SEND006456,CMP02,Spring Refresh,C00281,ads,Refresh your routine for spring.,2025-04-12,false,,false,,,
SEND006457,CMP02,Spring Refresh,C00812,ads,Refresh your routine for spring.,2025-03-31,false,,false,,,
SEND006458,CMP02,Spring Refresh,C00641,ads,Refresh your routine for spring.,2025-04-01,false,,false,,,
SEND006459,CMP07,Early Holiday,C00784,email,A head start on thoughtful gifting.,2025-11-24,false,,false,,,
SEND006460,CMP04,Summer Essentials,C00738,ads,Simple essentials for warmer days.,2025-08-24,false,,false,,,
SEND006461,CMP05,Back to Routine,C00343,email,Get back into your everyday rhythm.,2025-08-09,false,,false,,,
SEND006462,CMP02,Spring Refresh,C00254,ads,Refresh your routine for spring.,2025-03-08,true,240,true,V010874,T006138,34.51
SEND006463,CMP01,New Year Reset,C00407,email,Start fresh with practical favorites.,2025-02-14,false,,false,,,
SEND006464,CMP03,Member Picks,C00918,email,Popular picks selected for you.,2025-06-14,true,43,false,V010875,,
SEND006465,CMP06,Autumn Edit,C00848,ads,Discover this season's useful upgrades.,2025-10-27,false,,false,,,
SEND006466,CMP07,Early Holiday,C00922,email,A head start on thoughtful gifting.,2025-11-23,false,,false,,,
SEND006467,CMP02,Spring Refresh,C00587,ads,Refresh your routine for spring.,2025-03-18,false,,false,,,
SEND006468,CMP06,Autumn Edit,C00420,ads,Discover this season's useful upgrades.,2025-10-26,false,,false,,,
SEND006469,CMP01,New Year Reset,C00745,email,Start fresh with practical favorites.,2025-02-16,true,91,false,V010876,,
SEND006470,CMP04,Summer Essentials,C00083,ads,Simple essentials for warmer days.,2025-07-05,false,,false,,,
SEND006471,CMP05,Back to Routine,C00281,email,Get back into your everyday rhythm.,2025-08-16,false,,false,,,
SEND006472,CMP03,Member Picks,C00316,email,Popular picks selected for you.,2025-06-01,false,,false,,,
SEND006473,CMP04,Summer Essentials,C00754,ads,Simple essentials for warmer days.,2025-08-17,false,,false,,,
SEND006474,CMP02,Spring Refresh,C00583,ads,Refresh your routine for spring.,2025-04-18,false,,false,,,
SEND006475,CMP03,Member Picks,C00082,email,Popular picks selected for you.,2025-06-03,false,,false,,,
SEND006476,CMP02,Spring Refresh,C00422,ads,Refresh your routine for spring.,2025-04-08,false,,false,,,
SEND006477,CMP07,Early Holiday,C00138,email,A head start on thoughtful gifting.,2025-11-24,true,44,false,V010877,,
SEND006478,CMP06,Autumn Edit,C00371,ads,Discover this season's useful upgrades.,2025-10-09,false,,false,,,
SEND006479,CMP02,Spring Refresh,C00212,ads,Refresh your routine for spring.,2025-03-01,false,,false,,,
SEND006480,CMP04,Summer Essentials,C00274,ads,Simple essentials for warmer days.,2025-06-08,false,,false,,,
SEND006481,CMP03,Member Picks,C00515,email,Popular picks selected for you.,2025-05-04,false,,false,,,
SEND006482,CMP07,Early Holiday,C00662,email,A head start on thoughtful gifting.,2025-11-17,false,,false,,,
SEND006483,CMP01,New Year Reset,C00529,email,Start fresh with practical favorites.,2025-02-27,false,,false,,,
SEND006484,CMP06,Autumn Edit,C00903,ads,Discover this season's useful upgrades.,2025-09-06,false,,false,,,
SEND006485,CMP03,Member Picks,C00430,email,Popular picks selected for you.,2025-06-08,false,,false,,,
SEND006486,CMP01,New Year Reset,C00178,email,Start fresh with practical favorites.,2025-02-22,false,,false,,,
SEND006487,CMP02,Spring Refresh,C00499,ads,Refresh your routine for spring.,2025-04-20,false,,false,,,
SEND006488,CMP05,Back to Routine,C00224,email,Get back into your everyday rhythm.,2025-09-02,false,,false,,,
SEND006489,CMP02,Spring Refresh,C00020,ads,Refresh your routine for spring.,2025-03-13,false,,false,,,
SEND006490,CMP05,Back to Routine,C00316,email,Get back into your everyday rhythm.,2025-09-01,false,,false,,,
SEND006491,CMP02,Spring Refresh,C00133,ads,Refresh your routine for spring.,2025-03-18,false,,false,,,
SEND006492,CMP03,Member Picks,C00756,email,Popular picks selected for you.,2025-05-30,false,,false,,,
SEND006493,CMP06,Autumn Edit,C00302,ads,Discover this season's useful upgrades.,2025-09-30,false,,false,,,
SEND006494,CMP03,Member Picks,C00437,email,Popular picks selected for you.,2025-05-23,false,,false,,,
SEND006495,CMP01,New Year Reset,C00487,email,Start fresh with practical favorites.,2025-01-31,false,,false,,,
SEND006496,CMP06,Autumn Edit,C00834,ads,Discover this season's useful upgrades.,2025-10-10,false,,false,,,
SEND006497,CMP04,Summer Essentials,C00816,ads,Simple essentials for warmer days.,2025-06-12,false,,false,,,
SEND006498,CMP07,Early Holiday,C00058,email,A head start on thoughtful gifting.,2025-11-08,false,,false,,,
SEND006499,CMP01,New Year Reset,C00370,email,Start fresh with practical favorites.,2025-01-31,false,,false,,,
SEND006500,CMP05,Back to Routine,C00955,email,Get back into your everyday rhythm.,2025-08-04,false,,false,,,
SEND006501,CMP04,Summer Essentials,C00500,ads,Simple essentials for warmer days.,2025-07-12,false,,false,,,
SEND006502,CMP04,Summer Essentials,C00008,ads,Simple essentials for warmer days.,2025-08-25,true,71,false,V010878,,
SEND006503,CMP07,Early Holiday,C00262,email,A head start on thoughtful gifting.,2025-11-20,false,,false,,,
SEND006504,CMP07,Early Holiday,C00732,email,A head start on thoughtful gifting.,2025-11-08,false,,false,,,
SEND006505,CMP02,Spring Refresh,C00044,ads,Refresh your routine for spring.,2025-04-02,false,,false,,,
SEND006506,CMP02,Spring Refresh,C00165,ads,Refresh your routine for spring.,2025-04-03,false,,false,,,
SEND006507,CMP02,Spring Refresh,C00279,ads,Refresh your routine for spring.,2025-04-09,false,,false,,,
SEND006508,CMP07,Early Holiday,C00539,email,A head start on thoughtful gifting.,2025-11-02,false,,false,,,
SEND006509,CMP08,Holiday Highlights,C00752,ads,Explore customer favorites this holiday.,2025-11-21,false,,false,,,
SEND006510,CMP06,Autumn Edit,C00653,ads,Discover this season's useful upgrades.,2025-10-30,false,,false,,,
SEND006511,CMP05,Back to Routine,C00028,email,Get back into your everyday rhythm.,2025-09-19,false,,false,,,
SEND006512,CMP01,New Year Reset,C00587,email,Start fresh with practical favorites.,2025-02-19,true,211,false,V010879,,
SEND006513,CMP02,Spring Refresh,C00877,ads,Refresh your routine for spring.,2025-03-16,true,19,false,V010880,,
SEND006514,CMP08,Holiday Highlights,C00688,ads,Explore customer favorites this holiday.,2025-12-08,false,,false,,,
SEND006515,CMP03,Member Picks,C00523,email,Popular picks selected for you.,2025-05-26,false,,false,,,
SEND006516,CMP06,Autumn Edit,C00254,ads,Discover this season's useful upgrades.,2025-09-09,false,,false,,,
SEND006517,CMP01,New Year Reset,C00286,email,Start fresh with practical favorites.,2025-02-10,false,,false,,,
SEND006518,CMP01,New Year Reset,C00238,email,Start fresh with practical favorites.,2025-01-20,true,268,false,V010881,,
SEND006519,CMP05,Back to Routine,C00572,email,Get back into your everyday rhythm.,2025-08-02,false,,false,,,
SEND006520,CMP05,Back to Routine,C00748,email,Get back into your everyday rhythm.,2025-08-03,false,,false,,,
SEND006521,CMP08,Holiday Highlights,C00519,ads,Explore customer favorites this holiday.,2025-12-29,false,,false,,,
SEND006522,CMP07,Early Holiday,C00192,email,A head start on thoughtful gifting.,2025-11-06,true,149,false,V010882,,
SEND006523,CMP02,Spring Refresh,C00380,ads,Refresh your routine for spring.,2025-03-21,true,94,false,V010883,,
SEND006524,CMP08,Holiday Highlights,C00649,ads,Explore customer favorites this holiday.,2025-11-10,true,260,true,V010884,T006139,28.74
SEND006525,CMP01,New Year Reset,C00866,email,Start fresh with practical favorites.,2025-02-21,false,,false,,,
SEND006526,CMP05,Back to Routine,C00583,email,Get back into your everyday rhythm.,2025-09-06,false,,false,,,
SEND006527,CMP02,Spring Refresh,C00057,ads,Refresh your routine for spring.,2025-04-15,false,,false,,,
SEND006528,CMP07,Early Holiday,C00179,email,A head start on thoughtful gifting.,2025-11-14,false,,false,,,
SEND006529,CMP04,Summer Essentials,C00817,ads,Simple essentials for warmer days.,2025-08-30,false,,false,,,
SEND006530,CMP07,Early Holiday,C00519,email,A head start on thoughtful gifting.,2025-11-12,false,,false,,,
SEND006531,CMP03,Member Picks,C00169,email,Popular picks selected for you.,2025-06-07,false,,false,,,
SEND006532,CMP04,Summer Essentials,C00026,ads,Simple essentials for warmer days.,2025-07-09,false,,false,,,
SEND006533,CMP04,Summer Essentials,C00384,ads,Simple essentials for warmer days.,2025-07-05,false,,false,,,
SEND006534,CMP08,Holiday Highlights,C00910,ads,Explore customer favorites this holiday.,2025-11-26,false,,false,,,
SEND006535,CMP02,Spring Refresh,C00745,ads,Refresh your routine for spring.,2025-04-29,false,,false,,,
SEND006536,CMP05,Back to Routine,C00543,email,Get back into your everyday rhythm.,2025-08-25,false,,false,,,
SEND006537,CMP08,Holiday Highlights,C00456,ads,Explore customer favorites this holiday.,2025-11-17,false,,false,,,
SEND006538,CMP04,Summer Essentials,C00440,ads,Simple essentials for warmer days.,2025-08-20,false,,false,,,
SEND006539,CMP02,Spring Refresh,C00736,ads,Refresh your routine for spring.,2025-04-09,false,,false,,,
SEND006540,CMP02,Spring Refresh,C00183,ads,Refresh your routine for spring.,2025-03-20,false,,false,,,
SEND006541,CMP01,New Year Reset,C00150,email,Start fresh with practical favorites.,2025-02-27,false,,false,,,
SEND006542,CMP08,Holiday Highlights,C00369,ads,Explore customer favorites this holiday.,2025-11-11,false,,false,,,
SEND006543,CMP02,Spring Refresh,C00467,ads,Refresh your routine for spring.,2025-04-08,false,,false,,,
SEND006544,CMP06,Autumn Edit,C00476,ads,Discover this season's useful upgrades.,2025-09-03,false,,false,,,
SEND006545,CMP04,Summer Essentials,C00005,ads,Simple essentials for warmer days.,2025-06-27,false,,false,,,
SEND006546,CMP01,New Year Reset,C00540,email,Start fresh with practical favorites.,2025-01-28,false,,false,,,
SEND006547,CMP04,Summer Essentials,C00853,ads,Simple essentials for warmer days.,2025-08-07,false,,false,,,
SEND006548,CMP02,Spring Refresh,C00632,ads,Refresh your routine for spring.,2025-04-13,false,,false,,,
SEND006549,CMP06,Autumn Edit,C00994,ads,Discover this season's useful upgrades.,2025-09-12,false,,false,,,
SEND006550,CMP02,Spring Refresh,C00877,ads,Refresh your routine for spring.,2025-03-13,false,,false,,,
SEND006551,CMP02,Spring Refresh,C00511,ads,Refresh your routine for spring.,2025-04-15,false,,false,,,
SEND006552,CMP08,Holiday Highlights,C00593,ads,Explore customer favorites this holiday.,2025-12-25,true,55,false,V010885,,
SEND006553,CMP04,Summer Essentials,C00526,ads,Simple essentials for warmer days.,2025-06-23,false,,false,,,
SEND006554,CMP02,Spring Refresh,C00805,ads,Refresh your routine for spring.,2025-03-03,false,,false,,,
SEND006555,CMP02,Spring Refresh,C00559,ads,Refresh your routine for spring.,2025-03-08,false,,false,,,
SEND006556,CMP07,Early Holiday,C00093,email,A head start on thoughtful gifting.,2025-11-14,false,,false,,,
SEND006557,CMP02,Spring Refresh,C00559,ads,Refresh your routine for spring.,2025-04-15,false,,false,,,
SEND006558,CMP02,Spring Refresh,C00496,ads,Refresh your routine for spring.,2025-03-18,false,,false,,,
SEND006559,CMP02,Spring Refresh,C00110,ads,Refresh your routine for spring.,2025-03-22,false,,false,,,
SEND006560,CMP04,Summer Essentials,C00938,ads,Simple essentials for warmer days.,2025-06-26,false,,false,,,
SEND006561,CMP01,New Year Reset,C00598,email,Start fresh with practical favorites.,2025-01-04,false,,false,,,
SEND006562,CMP01,New Year Reset,C00209,email,Start fresh with practical favorites.,2025-02-09,true,38,false,V010886,,
SEND006563,CMP08,Holiday Highlights,C00114,ads,Explore customer favorites this holiday.,2025-12-02,false,,false,,,
SEND006564,CMP03,Member Picks,C00260,email,Popular picks selected for you.,2025-06-26,false,,false,,,
SEND006565,CMP08,Holiday Highlights,C00252,ads,Explore customer favorites this holiday.,2025-12-09,false,,false,,,
SEND006566,CMP03,Member Picks,C00427,email,Popular picks selected for you.,2025-05-26,false,,false,,,
SEND006567,CMP03,Member Picks,C00619,email,Popular picks selected for you.,2025-06-05,true,22,false,V010887,,
SEND006568,CMP06,Autumn Edit,C00230,ads,Discover this season's useful upgrades.,2025-09-04,false,,false,,,
SEND006569,CMP01,New Year Reset,C00041,email,Start fresh with practical favorites.,2025-01-12,false,,false,,,
SEND006570,CMP05,Back to Routine,C00214,email,Get back into your everyday rhythm.,2025-09-13,false,,false,,,
SEND006571,CMP08,Holiday Highlights,C00430,ads,Explore customer favorites this holiday.,2025-11-13,false,,false,,,
SEND006572,CMP03,Member Picks,C00459,email,Popular picks selected for you.,2025-05-16,true,205,false,V010888,,
SEND006573,CMP02,Spring Refresh,C00679,ads,Refresh your routine for spring.,2025-03-16,false,,false,,,
SEND006574,CMP01,New Year Reset,C00229,email,Start fresh with practical favorites.,2025-02-23,false,,false,,,
SEND006575,CMP02,Spring Refresh,C00513,ads,Refresh your routine for spring.,2025-03-06,false,,false,,,
SEND006576,CMP03,Member Picks,C00474,email,Popular picks selected for you.,2025-06-30,false,,false,,,
SEND006577,CMP08,Holiday Highlights,C00816,ads,Explore customer favorites this holiday.,2025-12-20,true,122,false,V010889,,
SEND006578,CMP04,Summer Essentials,C00509,ads,Simple essentials for warmer days.,2025-07-15,false,,false,,,
SEND006579,CMP04,Summer Essentials,C00298,ads,Simple essentials for warmer days.,2025-07-09,false,,false,,,
SEND006580,CMP01,New Year Reset,C00844,email,Start fresh with practical favorites.,2025-02-24,false,,false,,,
SEND006581,CMP03,Member Picks,C00960,email,Popular picks selected for you.,2025-06-12,false,,false,,,
SEND006582,CMP07,Early Holiday,C00085,email,A head start on thoughtful gifting.,2025-11-23,false,,false,,,
SEND006583,CMP01,New Year Reset,C00819,email,Start fresh with practical favorites.,2025-01-10,false,,false,,,
SEND006584,CMP06,Autumn Edit,C00938,ads,Discover this season's useful upgrades.,2025-10-31,false,,false,,,
SEND006585,CMP07,Early Holiday,C00345,email,A head start on thoughtful gifting.,2025-11-17,false,,false,,,
SEND006586,CMP01,New Year Reset,C00053,email,Start fresh with practical favorites.,2025-01-26,false,,false,,,
SEND006587,CMP08,Holiday Highlights,C00970,ads,Explore customer favorites this holiday.,2025-12-21,false,,false,,,
SEND006588,CMP03,Member Picks,C00613,email,Popular picks selected for you.,2025-05-03,false,,false,,,
SEND006589,CMP03,Member Picks,C00954,email,Popular picks selected for you.,2025-06-04,true,78,true,V010890,T006140,51.06
SEND006590,CMP07,Early Holiday,C00062,email,A head start on thoughtful gifting.,2025-11-17,false,,false,,,
SEND006591,CMP07,Early Holiday,C00889,email,A head start on thoughtful gifting.,2025-11-02,false,,false,,,
SEND006592,CMP02,Spring Refresh,C00762,ads,Refresh your routine for spring.,2025-03-11,false,,false,,,
SEND006593,CMP05,Back to Routine,C00553,email,Get back into your everyday rhythm.,2025-09-20,false,,false,,,
SEND006594,CMP05,Back to Routine,C00472,email,Get back into your everyday rhythm.,2025-09-02,false,,false,,,
SEND006595,CMP04,Summer Essentials,C00712,ads,Simple essentials for warmer days.,2025-08-22,false,,false,,,
SEND006596,CMP03,Member Picks,C00132,email,Popular picks selected for you.,2025-05-22,false,,false,,,
SEND006597,CMP08,Holiday Highlights,C00677,ads,Explore customer favorites this holiday.,2025-12-16,false,,false,,,
SEND006598,CMP05,Back to Routine,C00714,email,Get back into your everyday rhythm.,2025-08-12,true,160,false,V010891,,
SEND006599,CMP05,Back to Routine,C00775,email,Get back into your everyday rhythm.,2025-08-26,false,,false,,,
SEND006600,CMP03,Member Picks,C00580,email,Popular picks selected for you.,2025-05-26,true,60,false,V010892,,
SEND006601,CMP05,Back to Routine,C00112,email,Get back into your everyday rhythm.,2025-09-06,false,,false,,,
SEND006602,CMP02,Spring Refresh,C00064,ads,Refresh your routine for spring.,2025-03-15,false,,false,,,
SEND006603,CMP02,Spring Refresh,C00513,ads,Refresh your routine for spring.,2025-04-23,false,,false,,,
SEND006604,CMP06,Autumn Edit,C00678,ads,Discover this season's useful upgrades.,2025-09-30,false,,false,,,
SEND006605,CMP03,Member Picks,C00372,email,Popular picks selected for you.,2025-05-15,false,,false,,,
SEND006606,CMP06,Autumn Edit,C00129,ads,Discover this season's useful upgrades.,2025-09-24,false,,false,,,
SEND006607,CMP02,Spring Refresh,C00288,ads,Refresh your routine for spring.,2025-03-07,false,,false,,,
SEND006608,CMP05,Back to Routine,C00333,email,Get back into your everyday rhythm.,2025-08-01,false,,false,,,
SEND006609,CMP04,Summer Essentials,C00633,ads,Simple essentials for warmer days.,2025-07-08,false,,false,,,
SEND006610,CMP05,Back to Routine,C00376,email,Get back into your everyday rhythm.,2025-09-05,false,,false,,,
SEND006611,CMP06,Autumn Edit,C00620,ads,Discover this season's useful upgrades.,2025-09-30,false,,false,,,
SEND006612,CMP06,Autumn Edit,C00384,ads,Discover this season's useful upgrades.,2025-10-13,false,,false,,,
SEND006613,CMP08,Holiday Highlights,C00032,ads,Explore customer favorites this holiday.,2025-12-31,false,,false,,,
SEND006614,CMP03,Member Picks,C00794,email,Popular picks selected for you.,2025-06-04,true,97,true,V010893,T006141,28.27
SEND006615,CMP05,Back to Routine,C00225,email,Get back into your everyday rhythm.,2025-08-08,false,,false,,,
SEND006616,CMP01,New Year Reset,C00956,email,Start fresh with practical favorites.,2025-01-07,false,,false,,,
SEND006617,CMP02,Spring Refresh,C00816,ads,Refresh your routine for spring.,2025-03-16,false,,false,,,
SEND006618,CMP07,Early Holiday,C00552,email,A head start on thoughtful gifting.,2025-11-17,false,,false,,,
SEND006619,CMP08,Holiday Highlights,C00415,ads,Explore customer favorites this holiday.,2025-11-13,false,,false,,,
SEND006620,CMP06,Autumn Edit,C00891,ads,Discover this season's useful upgrades.,2025-10-14,false,,false,,,
SEND006621,CMP03,Member Picks,C00089,email,Popular picks selected for you.,2025-05-11,true,470,false,V010894,,
SEND006622,CMP07,Early Holiday,C00244,email,A head start on thoughtful gifting.,2025-11-26,false,,false,,,
SEND006623,CMP07,Early Holiday,C00264,email,A head start on thoughtful gifting.,2025-11-25,false,,false,,,
SEND006624,CMP02,Spring Refresh,C00733,ads,Refresh your routine for spring.,2025-03-01,true,105,false,V010895,,
SEND006625,CMP02,Spring Refresh,C00910,ads,Refresh your routine for spring.,2025-04-25,false,,false,,,
SEND006626,CMP01,New Year Reset,C00106,email,Start fresh with practical favorites.,2025-01-17,false,,false,,,
SEND006627,CMP05,Back to Routine,C00439,email,Get back into your everyday rhythm.,2025-09-18,false,,false,,,
SEND006628,CMP03,Member Picks,C00545,email,Popular picks selected for you.,2025-05-10,true,38,false,V010896,,
SEND006629,CMP06,Autumn Edit,C00714,ads,Discover this season's useful upgrades.,2025-10-11,false,,false,,,
SEND006630,CMP06,Autumn Edit,C00064,ads,Discover this season's useful upgrades.,2025-10-31,false,,false,,,
SEND006631,CMP03,Member Picks,C00108,email,Popular picks selected for you.,2025-06-27,false,,false,,,
SEND006632,CMP07,Early Holiday,C00002,email,A head start on thoughtful gifting.,2025-11-22,false,,false,,,
SEND006633,CMP02,Spring Refresh,C00163,ads,Refresh your routine for spring.,2025-03-22,false,,false,,,
SEND006634,CMP06,Autumn Edit,C00016,ads,Discover this season's useful upgrades.,2025-10-29,false,,false,,,
SEND006635,CMP05,Back to Routine,C00731,email,Get back into your everyday rhythm.,2025-09-19,false,,false,,,
SEND006636,CMP08,Holiday Highlights,C00127,ads,Explore customer favorites this holiday.,2025-12-10,false,,false,,,
SEND006637,CMP04,Summer Essentials,C00207,ads,Simple essentials for warmer days.,2025-06-05,false,,false,,,
SEND006638,CMP02,Spring Refresh,C00367,ads,Refresh your routine for spring.,2025-04-19,true,78,false,V010897,,
SEND006639,CMP04,Summer Essentials,C00067,ads,Simple essentials for warmer days.,2025-07-03,false,,false,,,
SEND006640,CMP02,Spring Refresh,C00447,ads,Refresh your routine for spring.,2025-04-27,true,305,false,V010898,,
SEND006641,CMP01,New Year Reset,C00512,email,Start fresh with practical favorites.,2025-01-30,false,,false,,,
SEND006642,CMP03,Member Picks,C00007,email,Popular picks selected for you.,2025-05-21,false,,false,,,
SEND006643,CMP02,Spring Refresh,C00487,ads,Refresh your routine for spring.,2025-03-31,false,,false,,,
SEND006644,CMP06,Autumn Edit,C00552,ads,Discover this season's useful upgrades.,2025-10-16,false,,false,,,
SEND006645,CMP02,Spring Refresh,C00889,ads,Refresh your routine for spring.,2025-03-04,false,,false,,,
SEND006646,CMP02,Spring Refresh,C00298,ads,Refresh your routine for spring.,2025-03-27,false,,false,,,
SEND006647,CMP04,Summer Essentials,C00817,ads,Simple essentials for warmer days.,2025-06-10,false,,false,,,
SEND006648,CMP06,Autumn Edit,C00130,ads,Discover this season's useful upgrades.,2025-09-27,false,,false,,,
SEND006649,CMP01,New Year Reset,C00625,email,Start fresh with practical favorites.,2025-01-21,false,,false,,,
SEND006650,CMP02,Spring Refresh,C00933,ads,Refresh your routine for spring.,2025-03-28,false,,false,,,
SEND006651,CMP02,Spring Refresh,C00096,ads,Refresh your routine for spring.,2025-04-28,false,,false,,,
SEND006652,CMP06,Autumn Edit,C00934,ads,Discover this season's useful upgrades.,2025-09-10,false,,false,,,
SEND006653,CMP07,Early Holiday,C00617,email,A head start on thoughtful gifting.,2025-11-22,false,,false,,,
SEND006654,CMP08,Holiday Highlights,C00921,ads,Explore customer favorites this holiday.,2025-11-27,false,,false,,,
SEND006655,CMP01,New Year Reset,C00011,email,Start fresh with practical favorites.,2025-01-30,false,,false,,,
SEND006656,CMP01,New Year Reset,C00410,email,Start fresh with practical favorites.,2025-01-17,false,,false,,,
SEND006657,CMP07,Early Holiday,C00727,email,A head start on thoughtful gifting.,2025-11-09,false,,false,,,
SEND006658,CMP08,Holiday Highlights,C00897,ads,Explore customer favorites this holiday.,2025-11-03,false,,false,,,
SEND006659,CMP02,Spring Refresh,C00245,ads,Refresh your routine for spring.,2025-04-26,false,,false,,,
SEND006660,CMP08,Holiday Highlights,C00653,ads,Explore customer favorites this holiday.,2025-11-04,false,,false,,,
SEND006661,CMP08,Holiday Highlights,C00675,ads,Explore customer favorites this holiday.,2025-12-03,false,,false,,,
SEND006662,CMP05,Back to Routine,C00769,email,Get back into your everyday rhythm.,2025-08-23,false,,false,,,
SEND006663,CMP04,Summer Essentials,C00297,ads,Simple essentials for warmer days.,2025-06-20,false,,false,,,
SEND006664,CMP03,Member Picks,C00155,email,Popular picks selected for you.,2025-05-13,false,,false,,,
SEND006665,CMP01,New Year Reset,C00278,email,Start fresh with practical favorites.,2025-01-16,true,85,true,V010899,T006142,77.32
SEND006666,CMP08,Holiday Highlights,C00656,ads,Explore customer favorites this holiday.,2025-11-15,false,,false,,,
SEND006667,CMP05,Back to Routine,C00962,email,Get back into your everyday rhythm.,2025-09-06,false,,false,,,
SEND006668,CMP07,Early Holiday,C00459,email,A head start on thoughtful gifting.,2025-11-14,true,58,false,V010900,,
SEND006669,CMP05,Back to Routine,C00335,email,Get back into your everyday rhythm.,2025-09-07,true,56,true,V010901,T006143,81.04
SEND006670,CMP04,Summer Essentials,C00652,ads,Simple essentials for warmer days.,2025-07-22,false,,false,,,
SEND006671,CMP01,New Year Reset,C00759,email,Start fresh with practical favorites.,2025-01-05,false,,false,,,
SEND006672,CMP02,Spring Refresh,C00159,ads,Refresh your routine for spring.,2025-04-17,false,,false,,,
SEND006673,CMP04,Summer Essentials,C00568,ads,Simple essentials for warmer days.,2025-08-31,false,,false,,,
SEND006674,CMP07,Early Holiday,C00640,email,A head start on thoughtful gifting.,2025-11-27,false,,false,,,
SEND006675,CMP07,Early Holiday,C00078,email,A head start on thoughtful gifting.,2025-11-28,false,,false,,,
SEND006676,CMP06,Autumn Edit,C00394,ads,Discover this season's useful upgrades.,2025-09-06,true,122,false,V010902,,
SEND006677,CMP04,Summer Essentials,C00348,ads,Simple essentials for warmer days.,2025-07-06,false,,false,,,
SEND006678,CMP01,New Year Reset,C00867,email,Start fresh with practical favorites.,2025-01-22,true,314,false,V010903,,
SEND006679,CMP02,Spring Refresh,C00616,ads,Refresh your routine for spring.,2025-04-17,false,,false,,,
SEND006680,CMP07,Early Holiday,C00364,email,A head start on thoughtful gifting.,2025-11-19,true,50,false,V010904,,
SEND006681,CMP02,Spring Refresh,C00626,ads,Refresh your routine for spring.,2025-04-10,true,19,false,V010905,,
SEND006682,CMP02,Spring Refresh,C00438,ads,Refresh your routine for spring.,2025-04-28,true,79,true,V010906,T006144,20.85
SEND006683,CMP08,Holiday Highlights,C00662,ads,Explore customer favorites this holiday.,2025-11-12,false,,false,,,
SEND006684,CMP06,Autumn Edit,C00842,ads,Discover this season's useful upgrades.,2025-09-25,false,,false,,,
SEND006685,CMP03,Member Picks,C00176,email,Popular picks selected for you.,2025-06-02,false,,false,,,
SEND006686,CMP06,Autumn Edit,C00785,ads,Discover this season's useful upgrades.,2025-10-23,false,,false,,,
SEND006687,CMP05,Back to Routine,C00097,email,Get back into your everyday rhythm.,2025-08-12,false,,false,,,
SEND006688,CMP04,Summer Essentials,C00410,ads,Simple essentials for warmer days.,2025-06-20,false,,false,,,
SEND006689,CMP02,Spring Refresh,C00244,ads,Refresh your routine for spring.,2025-03-03,false,,false,,,
SEND006690,CMP01,New Year Reset,C00556,email,Start fresh with practical favorites.,2025-01-19,true,141,false,V010907,,
SEND006691,CMP02,Spring Refresh,C00447,ads,Refresh your routine for spring.,2025-03-30,false,,false,,,
SEND006692,CMP05,Back to Routine,C00070,email,Get back into your everyday rhythm.,2025-08-27,false,,false,,,
SEND006693,CMP05,Back to Routine,C00521,email,Get back into your everyday rhythm.,2025-08-31,true,50,false,V010908,,
SEND006694,CMP04,Summer Essentials,C00206,ads,Simple essentials for warmer days.,2025-06-30,false,,false,,,
SEND006695,CMP08,Holiday Highlights,C00673,ads,Explore customer favorites this holiday.,2025-12-20,false,,false,,,
SEND006696,CMP03,Member Picks,C00724,email,Popular picks selected for you.,2025-05-01,true,108,false,V010909,,
SEND006697,CMP01,New Year Reset,C00547,email,Start fresh with practical favorites.,2025-02-05,false,,false,,,
SEND006698,CMP02,Spring Refresh,C00708,ads,Refresh your routine for spring.,2025-03-29,false,,false,,,
SEND006699,CMP04,Summer Essentials,C00729,ads,Simple essentials for warmer days.,2025-06-29,true,110,false,V010910,,
SEND006700,CMP07,Early Holiday,C00658,email,A head start on thoughtful gifting.,2025-11-26,false,,false,,,
SEND006701,CMP06,Autumn Edit,C00648,ads,Discover this season's useful upgrades.,2025-09-26,false,,false,,,
SEND006702,CMP01,New Year Reset,C00622,email,Start fresh with practical favorites.,2025-01-04,false,,false,,,
SEND006703,CMP02,Spring Refresh,C00823,ads,Refresh your routine for spring.,2025-03-22,false,,false,,,
SEND006704,CMP07,Early Holiday,C00004,email,A head start on thoughtful gifting.,2025-11-23,false,,false,,,
SEND006705,CMP03,Member Picks,C00618,email,Popular picks selected for you.,2025-06-25,false,,false,,,
SEND006706,CMP07,Early Holiday,C00522,email,A head start on thoughtful gifting.,2025-11-11,true,34,false,V010911,,
SEND006707,CMP05,Back to Routine,C00537,email,Get back into your everyday rhythm.,2025-08-19,false,,false,,,
SEND006708,CMP01,New Year Reset,C00793,email,Start fresh with practical favorites.,2025-01-18,false,,false,,,
SEND006709,CMP08,Holiday Highlights,C00752,ads,Explore customer favorites this holiday.,2025-12-11,false,,false,,,
SEND006710,CMP02,Spring Refresh,C00787,ads,Refresh your routine for spring.,2025-04-21,false,,false,,,
SEND006711,CMP02,Spring Refresh,C00167,ads,Refresh your routine for spring.,2025-03-07,true,258,false,V010912,,
SEND006712,CMP05,Back to Routine,C00469,email,Get back into your everyday rhythm.,2025-08-14,false,,false,,,
SEND006713,CMP03,Member Picks,C00470,email,Popular picks selected for you.,2025-06-08,false,,false,,,
SEND006714,CMP07,Early Holiday,C00675,email,A head start on thoughtful gifting.,2025-11-11,true,45,false,V010913,,
SEND006715,CMP08,Holiday Highlights,C00142,ads,Explore customer favorites this holiday.,2025-11-30,false,,false,,,
SEND006716,CMP07,Early Holiday,C00497,email,A head start on thoughtful gifting.,2025-11-21,false,,false,,,
SEND006717,CMP04,Summer Essentials,C00501,ads,Simple essentials for warmer days.,2025-06-20,true,221,false,V010914,,
SEND006718,CMP03,Member Picks,C00613,email,Popular picks selected for you.,2025-05-22,false,,false,,,
SEND006719,CMP04,Summer Essentials,C00896,ads,Simple essentials for warmer days.,2025-07-21,false,,false,,,
SEND006720,CMP08,Holiday Highlights,C00067,ads,Explore customer favorites this holiday.,2025-12-20,false,,false,,,
SEND006721,CMP06,Autumn Edit,C00948,ads,Discover this season's useful upgrades.,2025-10-12,false,,false,,,
SEND006722,CMP07,Early Holiday,C00152,email,A head start on thoughtful gifting.,2025-11-29,false,,false,,,
SEND006723,CMP04,Summer Essentials,C00935,ads,Simple essentials for warmer days.,2025-07-07,false,,false,,,
SEND006724,CMP04,Summer Essentials,C00166,ads,Simple essentials for warmer days.,2025-07-28,false,,false,,,
SEND006725,CMP03,Member Picks,C00009,email,Popular picks selected for you.,2025-06-13,false,,false,,,
SEND006726,CMP05,Back to Routine,C00309,email,Get back into your everyday rhythm.,2025-09-05,false,,false,,,
SEND006727,CMP04,Summer Essentials,C00364,ads,Simple essentials for warmer days.,2025-07-09,false,,false,,,
SEND006728,CMP03,Member Picks,C00841,email,Popular picks selected for you.,2025-06-01,false,,false,,,
SEND006729,CMP02,Spring Refresh,C00137,ads,Refresh your routine for spring.,2025-04-01,false,,false,,,
SEND006730,CMP05,Back to Routine,C00203,email,Get back into your everyday rhythm.,2025-08-30,false,,false,,,
SEND006731,CMP05,Back to Routine,C00943,email,Get back into your everyday rhythm.,2025-08-19,false,,false,,,
SEND006732,CMP03,Member Picks,C00932,email,Popular picks selected for you.,2025-06-10,false,,false,,,
SEND006733,CMP05,Back to Routine,C00585,email,Get back into your everyday rhythm.,2025-09-21,false,,false,,,
SEND006734,CMP08,Holiday Highlights,C00984,ads,Explore customer favorites this holiday.,2025-11-23,false,,false,,,
SEND006735,CMP07,Early Holiday,C00505,email,A head start on thoughtful gifting.,2025-11-25,false,,false,,,
SEND006736,CMP05,Back to Routine,C00695,email,Get back into your everyday rhythm.,2025-08-07,false,,false,,,
SEND006737,CMP08,Holiday Highlights,C00820,ads,Explore customer favorites this holiday.,2025-11-06,false,,false,,,
SEND006738,CMP02,Spring Refresh,C00623,ads,Refresh your routine for spring.,2025-03-26,false,,false,,,
SEND006739,CMP05,Back to Routine,C00688,email,Get back into your everyday rhythm.,2025-09-17,false,,false,,,
SEND006740,CMP07,Early Holiday,C00898,email,A head start on thoughtful gifting.,2025-11-22,false,,false,,,
SEND006741,CMP07,Early Holiday,C00904,email,A head start on thoughtful gifting.,2025-11-22,false,,false,,,
SEND006742,CMP03,Member Picks,C00012,email,Popular picks selected for you.,2025-06-12,false,,false,,,
SEND006743,CMP06,Autumn Edit,C00819,ads,Discover this season's useful upgrades.,2025-09-06,false,,false,,,
SEND006744,CMP02,Spring Refresh,C00418,ads,Refresh your routine for spring.,2025-04-24,false,,false,,,
SEND006745,CMP06,Autumn Edit,C00724,ads,Discover this season's useful upgrades.,2025-10-23,false,,false,,,
SEND006746,CMP05,Back to Routine,C00640,email,Get back into your everyday rhythm.,2025-08-05,false,,false,,,
SEND006747,CMP06,Autumn Edit,C00447,ads,Discover this season's useful upgrades.,2025-10-14,false,,false,,,
SEND006748,CMP01,New Year Reset,C00957,email,Start fresh with practical favorites.,2025-01-24,false,,false,,,
SEND006749,CMP02,Spring Refresh,C00303,ads,Refresh your routine for spring.,2025-03-22,false,,false,,,
SEND006750,CMP01,New Year Reset,C00350,email,Start fresh with practical favorites.,2025-01-12,false,,false,,,
SEND006751,CMP06,Autumn Edit,C00759,ads,Discover this season's useful upgrades.,2025-10-13,false,,false,,,
SEND006752,CMP02,Spring Refresh,C00528,ads,Refresh your routine for spring.,2025-03-05,false,,false,,,
SEND006753,CMP02,Spring Refresh,C00921,ads,Refresh your routine for spring.,2025-03-20,false,,false,,,
SEND006754,CMP02,Spring Refresh,C00620,ads,Refresh your routine for spring.,2025-04-21,false,,false,,,
SEND006755,CMP01,New Year Reset,C00031,email,Start fresh with practical favorites.,2025-01-20,false,,false,,,
SEND006756,CMP01,New Year Reset,C00791,email,Start fresh with practical favorites.,2025-02-03,false,,false,,,
SEND006757,CMP08,Holiday Highlights,C00839,ads,Explore customer favorites this holiday.,2025-12-17,false,,false,,,
SEND006758,CMP04,Summer Essentials,C00752,ads,Simple essentials for warmer days.,2025-07-10,false,,false,,,
SEND006759,CMP08,Holiday Highlights,C00617,ads,Explore customer favorites this holiday.,2025-12-03,false,,false,,,
SEND006760,CMP02,Spring Refresh,C00809,ads,Refresh your routine for spring.,2025-03-24,false,,false,,,
SEND006761,CMP05,Back to Routine,C00653,email,Get back into your everyday rhythm.,2025-09-09,false,,false,,,
SEND006762,CMP06,Autumn Edit,C00616,ads,Discover this season's useful upgrades.,2025-10-22,false,,false,,,
SEND006763,CMP03,Member Picks,C00940,email,Popular picks selected for you.,2025-05-03,true,74,false,V010915,,
SEND006764,CMP08,Holiday Highlights,C00615,ads,Explore customer favorites this holiday.,2025-12-15,false,,false,,,
SEND006765,CMP07,Early Holiday,C00314,email,A head start on thoughtful gifting.,2025-11-21,false,,false,,,
SEND006766,CMP08,Holiday Highlights,C00350,ads,Explore customer favorites this holiday.,2025-11-27,false,,false,,,
SEND006767,CMP06,Autumn Edit,C00875,ads,Discover this season's useful upgrades.,2025-10-01,false,,false,,,
SEND006768,CMP04,Summer Essentials,C00370,ads,Simple essentials for warmer days.,2025-08-19,false,,false,,,
SEND006769,CMP02,Spring Refresh,C00085,ads,Refresh your routine for spring.,2025-04-09,false,,false,,,
SEND006770,CMP05,Back to Routine,C00862,email,Get back into your everyday rhythm.,2025-08-27,false,,false,,,
SEND006771,CMP04,Summer Essentials,C00084,ads,Simple essentials for warmer days.,2025-07-17,false,,false,,,
SEND006772,CMP08,Holiday Highlights,C00052,ads,Explore customer favorites this holiday.,2025-11-25,false,,false,,,
SEND006773,CMP06,Autumn Edit,C00926,ads,Discover this season's useful upgrades.,2025-09-17,false,,false,,,
SEND006774,CMP05,Back to Routine,C00286,email,Get back into your everyday rhythm.,2025-08-09,true,298,false,V010916,,
SEND006775,CMP07,Early Holiday,C00731,email,A head start on thoughtful gifting.,2025-11-18,false,,false,,,
SEND006776,CMP08,Holiday Highlights,C00035,ads,Explore customer favorites this holiday.,2025-11-02,false,,false,,,
SEND006777,CMP03,Member Picks,C00818,email,Popular picks selected for you.,2025-05-15,false,,false,,,
SEND006778,CMP01,New Year Reset,C00314,email,Start fresh with practical favorites.,2025-01-24,false,,false,,,
SEND006779,CMP07,Early Holiday,C00845,email,A head start on thoughtful gifting.,2025-11-05,false,,false,,,
SEND006780,CMP02,Spring Refresh,C00004,ads,Refresh your routine for spring.,2025-04-11,true,109,false,V010917,,
SEND006781,CMP03,Member Picks,C00140,email,Popular picks selected for you.,2025-05-21,false,,false,,,
SEND006782,CMP02,Spring Refresh,C00128,ads,Refresh your routine for spring.,2025-04-09,false,,false,,,
SEND006783,CMP08,Holiday Highlights,C00088,ads,Explore customer favorites this holiday.,2025-11-09,false,,false,,,
SEND006784,CMP07,Early Holiday,C00131,email,A head start on thoughtful gifting.,2025-11-04,false,,false,,,
SEND006785,CMP08,Holiday Highlights,C00595,ads,Explore customer favorites this holiday.,2025-12-27,true,28,false,V010918,,
SEND006786,CMP01,New Year Reset,C00012,email,Start fresh with practical favorites.,2025-02-02,false,,false,,,
SEND006787,CMP03,Member Picks,C00359,email,Popular picks selected for you.,2025-05-22,true,16,true,V010919,T006145,32.34
SEND006788,CMP06,Autumn Edit,C00284,ads,Discover this season's useful upgrades.,2025-10-02,false,,false,,,
SEND006789,CMP08,Holiday Highlights,C00454,ads,Explore customer favorites this holiday.,2025-12-10,false,,false,,,
SEND006790,CMP02,Spring Refresh,C00594,ads,Refresh your routine for spring.,2025-03-06,false,,false,,,
SEND006791,CMP05,Back to Routine,C00421,email,Get back into your everyday rhythm.,2025-08-25,false,,false,,,
SEND006792,CMP07,Early Holiday,C00446,email,A head start on thoughtful gifting.,2025-11-08,false,,false,,,
SEND006793,CMP08,Holiday Highlights,C00139,ads,Explore customer favorites this holiday.,2025-12-03,false,,false,,,
SEND006794,CMP03,Member Picks,C00557,email,Popular picks selected for you.,2025-05-19,false,,false,,,
SEND006795,CMP02,Spring Refresh,C00327,ads,Refresh your routine for spring.,2025-03-26,false,,false,,,
SEND006796,CMP06,Autumn Edit,C00229,ads,Discover this season's useful upgrades.,2025-09-29,false,,false,,,
SEND006797,CMP06,Autumn Edit,C00301,ads,Discover this season's useful upgrades.,2025-09-12,false,,false,,,
SEND006798,CMP02,Spring Refresh,C00805,ads,Refresh your routine for spring.,2025-03-27,false,,false,,,
SEND006799,CMP05,Back to Routine,C00898,email,Get back into your everyday rhythm.,2025-08-12,false,,false,,,
SEND006800,CMP04,Summer Essentials,C00183,ads,Simple essentials for warmer days.,2025-08-06,false,,false,,,
SEND006801,CMP06,Autumn Edit,C00950,ads,Discover this season's useful upgrades.,2025-09-22,true,87,false,V010920,,
SEND006802,CMP06,Autumn Edit,C00007,ads,Discover this season's useful upgrades.,2025-10-04,false,,false,,,
SEND006803,CMP01,New Year Reset,C00488,email,Start fresh with practical favorites.,2025-02-11,true,68,false,V010921,,
SEND006804,CMP06,Autumn Edit,C00916,ads,Discover this season's useful upgrades.,2025-09-09,false,,false,,,
SEND006805,CMP06,Autumn Edit,C00624,ads,Discover this season's useful upgrades.,2025-10-26,false,,false,,,
SEND006806,CMP03,Member Picks,C00953,email,Popular picks selected for you.,2025-05-02,false,,false,,,
SEND006807,CMP07,Early Holiday,C00495,email,A head start on thoughtful gifting.,2025-11-17,false,,false,,,
SEND006808,CMP03,Member Picks,C00330,email,Popular picks selected for you.,2025-05-05,false,,false,,,
SEND006809,CMP01,New Year Reset,C00738,email,Start fresh with practical favorites.,2025-01-01,true,38,false,V010922,,
SEND006810,CMP03,Member Picks,C00309,email,Popular picks selected for you.,2025-06-21,false,,false,,,
SEND006811,CMP04,Summer Essentials,C00479,ads,Simple essentials for warmer days.,2025-07-06,true,84,true,V010923,T006146,90.83
SEND006812,CMP07,Early Holiday,C00649,email,A head start on thoughtful gifting.,2025-11-23,false,,false,,,
SEND006813,CMP03,Member Picks,C00651,email,Popular picks selected for you.,2025-06-23,false,,false,,,
SEND006814,CMP05,Back to Routine,C00803,email,Get back into your everyday rhythm.,2025-09-24,false,,false,,,
SEND006815,CMP08,Holiday Highlights,C00857,ads,Explore customer favorites this holiday.,2025-11-10,false,,false,,,
SEND006816,CMP04,Summer Essentials,C00199,ads,Simple essentials for warmer days.,2025-06-11,false,,false,,,
SEND006817,CMP04,Summer Essentials,C00443,ads,Simple essentials for warmer days.,2025-06-15,false,,false,,,
SEND006818,CMP06,Autumn Edit,C00623,ads,Discover this season's useful upgrades.,2025-10-11,false,,false,,,
SEND006819,CMP08,Holiday Highlights,C00078,ads,Explore customer favorites this holiday.,2025-12-06,false,,false,,,
SEND006820,CMP08,Holiday Highlights,C00351,ads,Explore customer favorites this holiday.,2025-11-26,true,127,false,V010924,,
SEND006821,CMP08,Holiday Highlights,C00215,ads,Explore customer favorites this holiday.,2025-11-15,false,,false,,,
SEND006822,CMP06,Autumn Edit,C00274,ads,Discover this season's useful upgrades.,2025-10-16,false,,false,,,
SEND006823,CMP03,Member Picks,C00100,email,Popular picks selected for you.,2025-06-09,false,,false,,,
SEND006824,CMP04,Summer Essentials,C00677,ads,Simple essentials for warmer days.,2025-07-31,false,,false,,,
SEND006825,CMP05,Back to Routine,C00344,email,Get back into your everyday rhythm.,2025-08-10,false,,false,,,
SEND006826,CMP01,New Year Reset,C00652,email,Start fresh with practical favorites.,2025-01-09,false,,false,,,
SEND006827,CMP08,Holiday Highlights,C00101,ads,Explore customer favorites this holiday.,2025-12-13,false,,false,,,
SEND006828,CMP03,Member Picks,C00744,email,Popular picks selected for you.,2025-06-04,false,,false,,,
SEND006829,CMP06,Autumn Edit,C00398,ads,Discover this season's useful upgrades.,2025-09-01,false,,false,,,
SEND006830,CMP04,Summer Essentials,C00176,ads,Simple essentials for warmer days.,2025-07-18,false,,false,,,
SEND006831,CMP07,Early Holiday,C00237,email,A head start on thoughtful gifting.,2025-11-14,false,,false,,,
SEND006832,CMP04,Summer Essentials,C00116,ads,Simple essentials for warmer days.,2025-06-19,false,,false,,,
SEND006833,CMP02,Spring Refresh,C00152,ads,Refresh your routine for spring.,2025-03-22,false,,false,,,
SEND006834,CMP04,Summer Essentials,C00925,ads,Simple essentials for warmer days.,2025-06-14,false,,false,,,
SEND006835,CMP01,New Year Reset,C00082,email,Start fresh with practical favorites.,2025-01-23,false,,false,,,
SEND006836,CMP08,Holiday Highlights,C00044,ads,Explore customer favorites this holiday.,2025-12-21,false,,false,,,
SEND006837,CMP02,Spring Refresh,C00966,ads,Refresh your routine for spring.,2025-03-04,false,,false,,,
SEND006838,CMP08,Holiday Highlights,C00517,ads,Explore customer favorites this holiday.,2025-11-01,false,,false,,,
SEND006839,CMP01,New Year Reset,C00043,email,Start fresh with practical favorites.,2025-01-15,false,,false,,,
SEND006840,CMP04,Summer Essentials,C00104,ads,Simple essentials for warmer days.,2025-06-17,false,,false,,,
SEND006841,CMP01,New Year Reset,C00405,email,Start fresh with practical favorites.,2025-01-13,false,,false,,,
SEND006842,CMP02,Spring Refresh,C00883,ads,Refresh your routine for spring.,2025-03-11,false,,false,,,
SEND006843,CMP01,New Year Reset,C00811,email,Start fresh with practical favorites.,2025-01-31,false,,false,,,
SEND006844,CMP07,Early Holiday,C00812,email,A head start on thoughtful gifting.,2025-11-20,true,100,false,V010925,,
SEND006845,CMP01,New Year Reset,C00653,email,Start fresh with practical favorites.,2025-01-18,false,,false,,,
SEND006846,CMP02,Spring Refresh,C00589,ads,Refresh your routine for spring.,2025-04-26,false,,false,,,
SEND006847,CMP03,Member Picks,C00339,email,Popular picks selected for you.,2025-05-04,false,,false,,,
SEND006848,CMP01,New Year Reset,C00811,email,Start fresh with practical favorites.,2025-02-20,false,,false,,,
SEND006849,CMP01,New Year Reset,C00502,email,Start fresh with practical favorites.,2025-01-22,true,58,false,V010926,,
SEND006850,CMP02,Spring Refresh,C00906,ads,Refresh your routine for spring.,2025-03-09,true,15,false,V010927,,
SEND006851,CMP04,Summer Essentials,C00686,ads,Simple essentials for warmer days.,2025-08-01,false,,false,,,
SEND006852,CMP03,Member Picks,C00129,email,Popular picks selected for you.,2025-05-25,false,,false,,,
SEND006853,CMP05,Back to Routine,C00084,email,Get back into your everyday rhythm.,2025-09-19,false,,false,,,
SEND006854,CMP05,Back to Routine,C00520,email,Get back into your everyday rhythm.,2025-09-23,false,,false,,,
SEND006855,CMP08,Holiday Highlights,C00261,ads,Explore customer favorites this holiday.,2025-11-15,false,,false,,,
SEND006856,CMP01,New Year Reset,C00248,email,Start fresh with practical favorites.,2025-01-06,true,39,false,V010928,,
SEND006857,CMP02,Spring Refresh,C00082,ads,Refresh your routine for spring.,2025-04-22,false,,false,,,
SEND006858,CMP03,Member Picks,C00431,email,Popular picks selected for you.,2025-05-14,false,,false,,,
SEND006859,CMP02,Spring Refresh,C00115,ads,Refresh your routine for spring.,2025-03-18,false,,false,,,
SEND006860,CMP01,New Year Reset,C00993,email,Start fresh with practical favorites.,2025-01-06,false,,false,,,
SEND006861,CMP08,Holiday Highlights,C00364,ads,Explore customer favorites this holiday.,2025-12-18,true,32,false,V010929,,
SEND006862,CMP02,Spring Refresh,C00636,ads,Refresh your routine for spring.,2025-04-12,false,,false,,,
SEND006863,CMP05,Back to Routine,C00009,email,Get back into your everyday rhythm.,2025-09-28,false,,false,,,
SEND006864,CMP01,New Year Reset,C00174,email,Start fresh with practical favorites.,2025-01-03,false,,false,,,
SEND006865,CMP05,Back to Routine,C00521,email,Get back into your everyday rhythm.,2025-08-09,false,,false,,,
SEND006866,CMP08,Holiday Highlights,C00417,ads,Explore customer favorites this holiday.,2025-11-26,false,,false,,,
SEND006867,CMP04,Summer Essentials,C00729,ads,Simple essentials for warmer days.,2025-06-16,false,,false,,,
SEND006868,CMP03,Member Picks,C00088,email,Popular picks selected for you.,2025-06-10,true,473,false,V010930,,
SEND006869,CMP08,Holiday Highlights,C00132,ads,Explore customer favorites this holiday.,2025-11-30,false,,false,,,
SEND006870,CMP07,Early Holiday,C00127,email,A head start on thoughtful gifting.,2025-11-19,false,,false,,,
SEND006871,CMP02,Spring Refresh,C00428,ads,Refresh your routine for spring.,2025-03-30,false,,false,,,
SEND006872,CMP03,Member Picks,C00641,email,Popular picks selected for you.,2025-05-04,false,,false,,,
SEND006873,CMP03,Member Picks,C00746,email,Popular picks selected for you.,2025-05-04,false,,false,,,
SEND006874,CMP07,Early Holiday,C00644,email,A head start on thoughtful gifting.,2025-11-09,false,,false,,,
SEND006875,CMP08,Holiday Highlights,C00687,ads,Explore customer favorites this holiday.,2025-11-06,false,,false,,,
SEND006876,CMP07,Early Holiday,C00499,email,A head start on thoughtful gifting.,2025-11-07,false,,false,,,
SEND006877,CMP02,Spring Refresh,C00829,ads,Refresh your routine for spring.,2025-04-15,false,,false,,,
SEND006878,CMP03,Member Picks,C00812,email,Popular picks selected for you.,2025-05-08,false,,false,,,
SEND006879,CMP07,Early Holiday,C00578,email,A head start on thoughtful gifting.,2025-11-15,false,,false,,,
SEND006880,CMP04,Summer Essentials,C00889,ads,Simple essentials for warmer days.,2025-08-22,false,,false,,,
SEND006881,CMP02,Spring Refresh,C00714,ads,Refresh your routine for spring.,2025-04-22,false,,false,,,
SEND006882,CMP06,Autumn Edit,C00749,ads,Discover this season's useful upgrades.,2025-10-18,false,,false,,,
SEND006883,CMP06,Autumn Edit,C00111,ads,Discover this season's useful upgrades.,2025-09-30,false,,false,,,
SEND006884,CMP08,Holiday Highlights,C00383,ads,Explore customer favorites this holiday.,2025-12-10,false,,false,,,
SEND006885,CMP03,Member Picks,C00573,email,Popular picks selected for you.,2025-05-15,false,,false,,,
SEND006886,CMP08,Holiday Highlights,C00636,ads,Explore customer favorites this holiday.,2025-12-04,false,,false,,,
SEND006887,CMP06,Autumn Edit,C00255,ads,Discover this season's useful upgrades.,2025-10-25,false,,false,,,
SEND006888,CMP04,Summer Essentials,C00123,ads,Simple essentials for warmer days.,2025-08-22,false,,false,,,
SEND006889,CMP08,Holiday Highlights,C00506,ads,Explore customer favorites this holiday.,2025-11-14,false,,false,,,
SEND006890,CMP07,Early Holiday,C00603,email,A head start on thoughtful gifting.,2025-11-02,false,,false,,,
SEND006891,CMP05,Back to Routine,C00890,email,Get back into your everyday rhythm.,2025-09-01,false,,false,,,
SEND006892,CMP04,Summer Essentials,C00621,ads,Simple essentials for warmer days.,2025-07-09,false,,false,,,
SEND006893,CMP02,Spring Refresh,C00788,ads,Refresh your routine for spring.,2025-04-08,true,65,true,V010931,T006147,40.58
SEND006894,CMP06,Autumn Edit,C00269,ads,Discover this season's useful upgrades.,2025-09-04,false,,false,,,
SEND006895,CMP04,Summer Essentials,C00130,ads,Simple essentials for warmer days.,2025-07-26,false,,false,,,
SEND006896,CMP07,Early Holiday,C00167,email,A head start on thoughtful gifting.,2025-11-08,false,,false,,,
SEND006897,CMP06,Autumn Edit,C00515,ads,Discover this season's useful upgrades.,2025-10-07,false,,false,,,
SEND006898,CMP02,Spring Refresh,C00832,ads,Refresh your routine for spring.,2025-03-22,false,,false,,,
SEND006899,CMP06,Autumn Edit,C00627,ads,Discover this season's useful upgrades.,2025-09-25,false,,false,,,
SEND006900,CMP04,Summer Essentials,C00289,ads,Simple essentials for warmer days.,2025-08-16,false,,false,,,
SEND006901,CMP04,Summer Essentials,C00481,ads,Simple essentials for warmer days.,2025-06-01,false,,false,,,
SEND006902,CMP07,Early Holiday,C00288,email,A head start on thoughtful gifting.,2025-11-14,false,,false,,,
SEND006903,CMP06,Autumn Edit,C00789,ads,Discover this season's useful upgrades.,2025-10-14,false,,false,,,
SEND006904,CMP03,Member Picks,C00105,email,Popular picks selected for you.,2025-06-21,false,,false,,,
SEND006905,CMP06,Autumn Edit,C00023,ads,Discover this season's useful upgrades.,2025-09-11,false,,false,,,
SEND006906,CMP02,Spring Refresh,C00739,ads,Refresh your routine for spring.,2025-04-09,false,,false,,,
SEND006907,CMP01,New Year Reset,C00757,email,Start fresh with practical favorites.,2025-01-26,false,,false,,,
SEND006908,CMP02,Spring Refresh,C00523,ads,Refresh your routine for spring.,2025-04-15,false,,false,,,
SEND006909,CMP02,Spring Refresh,C00090,ads,Refresh your routine for spring.,2025-03-17,false,,false,,,
SEND006910,CMP02,Spring Refresh,C00321,ads,Refresh your routine for spring.,2025-03-26,false,,false,,,
SEND006911,CMP08,Holiday Highlights,C00616,ads,Explore customer favorites this holiday.,2025-11-01,false,,false,,,
SEND006912,CMP06,Autumn Edit,C00200,ads,Discover this season's useful upgrades.,2025-09-27,false,,false,,,
SEND006913,CMP04,Summer Essentials,C00049,ads,Simple essentials for warmer days.,2025-07-22,false,,false,,,
SEND006914,CMP08,Holiday Highlights,C00517,ads,Explore customer favorites this holiday.,2025-11-22,false,,false,,,
SEND006915,CMP08,Holiday Highlights,C00822,ads,Explore customer favorites this holiday.,2025-11-23,false,,false,,,
SEND006916,CMP08,Holiday Highlights,C00449,ads,Explore customer favorites this holiday.,2025-12-29,false,,false,,,
SEND006917,CMP03,Member Picks,C00346,email,Popular picks selected for you.,2025-05-22,true,71,false,V010932,,
SEND006918,CMP06,Autumn Edit,C00620,ads,Discover this season's useful upgrades.,2025-10-07,false,,false,,,
SEND006919,CMP05,Back to Routine,C00224,email,Get back into your everyday rhythm.,2025-09-14,false,,false,,,
SEND006920,CMP01,New Year Reset,C00629,email,Start fresh with practical favorites.,2025-01-21,false,,false,,,
SEND006921,CMP05,Back to Routine,C00798,email,Get back into your everyday rhythm.,2025-09-06,false,,false,,,
SEND006922,CMP02,Spring Refresh,C00722,ads,Refresh your routine for spring.,2025-04-18,false,,false,,,
SEND006923,CMP01,New Year Reset,C00081,email,Start fresh with practical favorites.,2025-02-05,false,,false,,,
SEND006924,CMP03,Member Picks,C00660,email,Popular picks selected for you.,2025-05-25,true,82,false,V010933,,
SEND006925,CMP06,Autumn Edit,C00992,ads,Discover this season's useful upgrades.,2025-10-20,false,,false,,,
SEND006926,CMP04,Summer Essentials,C00073,ads,Simple essentials for warmer days.,2025-07-31,false,,false,,,
SEND006927,CMP04,Summer Essentials,C00757,ads,Simple essentials for warmer days.,2025-08-30,false,,false,,,
SEND006928,CMP06,Autumn Edit,C00641,ads,Discover this season's useful upgrades.,2025-10-23,false,,false,,,
SEND006929,CMP02,Spring Refresh,C00360,ads,Refresh your routine for spring.,2025-03-19,false,,false,,,
SEND006930,CMP01,New Year Reset,C00318,email,Start fresh with practical favorites.,2025-01-04,false,,false,,,
SEND006931,CMP02,Spring Refresh,C00749,ads,Refresh your routine for spring.,2025-03-27,false,,false,,,
SEND006932,CMP06,Autumn Edit,C00093,ads,Discover this season's useful upgrades.,2025-09-03,false,,false,,,
SEND006933,CMP03,Member Picks,C00575,email,Popular picks selected for you.,2025-06-24,false,,false,,,
SEND006934,CMP03,Member Picks,C00190,email,Popular picks selected for you.,2025-06-18,true,95,false,V010934,,
SEND006935,CMP01,New Year Reset,C00297,email,Start fresh with practical favorites.,2025-01-25,false,,false,,,
SEND006936,CMP08,Holiday Highlights,C00539,ads,Explore customer favorites this holiday.,2025-11-03,false,,false,,,
SEND006937,CMP01,New Year Reset,C00417,email,Start fresh with practical favorites.,2025-01-31,false,,false,,,
SEND006938,CMP06,Autumn Edit,C00491,ads,Discover this season's useful upgrades.,2025-10-12,false,,false,,,
SEND006939,CMP03,Member Picks,C00901,email,Popular picks selected for you.,2025-06-17,true,132,false,V010935,,
SEND006940,CMP08,Holiday Highlights,C00907,ads,Explore customer favorites this holiday.,2025-11-22,false,,false,,,
SEND006941,CMP03,Member Picks,C00732,email,Popular picks selected for you.,2025-05-12,false,,false,,,
SEND006942,CMP05,Back to Routine,C00786,email,Get back into your everyday rhythm.,2025-08-13,false,,false,,,
SEND006943,CMP04,Summer Essentials,C00438,ads,Simple essentials for warmer days.,2025-06-21,false,,false,,,
SEND006944,CMP06,Autumn Edit,C00720,ads,Discover this season's useful upgrades.,2025-10-07,true,271,false,V010936,,
SEND006945,CMP03,Member Picks,C00116,email,Popular picks selected for you.,2025-05-28,false,,false,,,
SEND006946,CMP01,New Year Reset,C00829,email,Start fresh with practical favorites.,2025-02-13,true,87,true,V010937,T006148,20.29
SEND006947,CMP05,Back to Routine,C00602,email,Get back into your everyday rhythm.,2025-08-13,false,,false,,,
SEND006948,CMP07,Early Holiday,C00656,email,A head start on thoughtful gifting.,2025-11-28,false,,false,,,
SEND006949,CMP01,New Year Reset,C00689,email,Start fresh with practical favorites.,2025-01-22,false,,false,,,
SEND006950,CMP07,Early Holiday,C00594,email,A head start on thoughtful gifting.,2025-11-04,false,,false,,,
SEND006951,CMP01,New Year Reset,C00861,email,Start fresh with practical favorites.,2025-01-28,false,,false,,,
SEND006952,CMP04,Summer Essentials,C00127,ads,Simple essentials for warmer days.,2025-06-03,true,22,false,V010938,,
SEND006953,CMP01,New Year Reset,C00319,email,Start fresh with practical favorites.,2025-02-23,false,,false,,,
SEND006954,CMP02,Spring Refresh,C00925,ads,Refresh your routine for spring.,2025-04-01,false,,false,,,
SEND006955,CMP03,Member Picks,C00522,email,Popular picks selected for you.,2025-05-10,false,,false,,,
SEND006956,CMP03,Member Picks,C00455,email,Popular picks selected for you.,2025-05-15,true,205,true,V010939,T006149,61.76
SEND006957,CMP08,Holiday Highlights,C00005,ads,Explore customer favorites this holiday.,2025-11-17,true,45,false,V010940,,
SEND006958,CMP05,Back to Routine,C00116,email,Get back into your everyday rhythm.,2025-08-04,true,115,false,V010941,,
SEND006959,CMP07,Early Holiday,C00722,email,A head start on thoughtful gifting.,2025-11-03,false,,false,,,
SEND006960,CMP03,Member Picks,C00523,email,Popular picks selected for you.,2025-06-21,false,,false,,,
SEND006961,CMP08,Holiday Highlights,C00198,ads,Explore customer favorites this holiday.,2025-12-01,false,,false,,,
SEND006962,CMP02,Spring Refresh,C00210,ads,Refresh your routine for spring.,2025-04-05,false,,false,,,
SEND006963,CMP06,Autumn Edit,C00494,ads,Discover this season's useful upgrades.,2025-10-12,false,,false,,,
SEND006964,CMP03,Member Picks,C00491,email,Popular picks selected for you.,2025-06-30,true,90,false,V010942,,
SEND006965,CMP02,Spring Refresh,C00288,ads,Refresh your routine for spring.,2025-03-09,false,,false,,,
SEND006966,CMP01,New Year Reset,C00339,email,Start fresh with practical favorites.,2025-01-27,false,,false,,,
SEND006967,CMP03,Member Picks,C00244,email,Popular picks selected for you.,2025-05-05,false,,false,,,
SEND006968,CMP05,Back to Routine,C00713,email,Get back into your everyday rhythm.,2025-08-24,false,,false,,,
SEND006969,CMP07,Early Holiday,C00987,email,A head start on thoughtful gifting.,2025-11-29,false,,false,,,
SEND006970,CMP08,Holiday Highlights,C00872,ads,Explore customer favorites this holiday.,2025-12-20,false,,false,,,
SEND006971,CMP02,Spring Refresh,C00828,ads,Refresh your routine for spring.,2025-03-24,false,,false,,,
SEND006972,CMP04,Summer Essentials,C00322,ads,Simple essentials for warmer days.,2025-08-18,false,,false,,,
SEND006973,CMP02,Spring Refresh,C00708,ads,Refresh your routine for spring.,2025-04-13,false,,false,,,
SEND006974,CMP01,New Year Reset,C00673,email,Start fresh with practical favorites.,2025-01-29,false,,false,,,
SEND006975,CMP08,Holiday Highlights,C00052,ads,Explore customer favorites this holiday.,2025-11-04,false,,false,,,
SEND006976,CMP04,Summer Essentials,C00576,ads,Simple essentials for warmer days.,2025-08-19,false,,false,,,
SEND006977,CMP02,Spring Refresh,C00149,ads,Refresh your routine for spring.,2025-04-10,true,187,false,V010943,,
SEND006978,CMP02,Spring Refresh,C00996,ads,Refresh your routine for spring.,2025-04-06,false,,false,,,
SEND006979,CMP02,Spring Refresh,C00459,ads,Refresh your routine for spring.,2025-03-29,true,64,false,V010944,,
SEND006980,CMP07,Early Holiday,C00223,email,A head start on thoughtful gifting.,2025-11-01,false,,false,,,
SEND006981,CMP08,Holiday Highlights,C00298,ads,Explore customer favorites this holiday.,2025-11-03,false,,false,,,
SEND006982,CMP05,Back to Routine,C00543,email,Get back into your everyday rhythm.,2025-09-19,false,,false,,,
SEND006983,CMP07,Early Holiday,C00917,email,A head start on thoughtful gifting.,2025-11-22,false,,false,,,
SEND006984,CMP05,Back to Routine,C00122,email,Get back into your everyday rhythm.,2025-08-08,false,,false,,,
SEND006985,CMP03,Member Picks,C00966,email,Popular picks selected for you.,2025-06-09,false,,false,,,
SEND006986,CMP05,Back to Routine,C00233,email,Get back into your everyday rhythm.,2025-09-17,false,,false,,,
SEND006987,CMP01,New Year Reset,C00808,email,Start fresh with practical favorites.,2025-01-04,false,,false,,,
SEND006988,CMP06,Autumn Edit,C00118,ads,Discover this season's useful upgrades.,2025-10-24,false,,false,,,
SEND006989,CMP06,Autumn Edit,C00714,ads,Discover this season's useful upgrades.,2025-09-28,false,,false,,,
SEND006990,CMP08,Holiday Highlights,C00037,ads,Explore customer favorites this holiday.,2025-12-20,false,,false,,,
SEND006991,CMP05,Back to Routine,C00049,email,Get back into your everyday rhythm.,2025-08-24,false,,false,,,
SEND006992,CMP07,Early Holiday,C00757,email,A head start on thoughtful gifting.,2025-11-21,true,62,false,V010945,,
SEND006993,CMP02,Spring Refresh,C00025,ads,Refresh your routine for spring.,2025-04-30,false,,false,,,
SEND006994,CMP05,Back to Routine,C00529,email,Get back into your everyday rhythm.,2025-08-22,false,,false,,,
SEND006995,CMP07,Early Holiday,C00701,email,A head start on thoughtful gifting.,2025-11-01,false,,false,,,
SEND006996,CMP01,New Year Reset,C00773,email,Start fresh with practical favorites.,2025-02-09,false,,false,,,
SEND006997,CMP08,Holiday Highlights,C00507,ads,Explore customer favorites this holiday.,2025-11-11,false,,false,,,
SEND006998,CMP08,Holiday Highlights,C00518,ads,Explore customer favorites this holiday.,2025-11-23,false,,false,,,
SEND006999,CMP03,Member Picks,C00784,email,Popular picks selected for you.,2025-06-27,false,,false,,,
SEND007000,CMP06,Autumn Edit,C00310,ads,Discover this season's useful upgrades.,2025-10-22,false,,false,,,
