review_id,transaction_id,customer_id,product_id,product_name,rating,review_text,review_date
R000001,T006158,C00897,P030,Active Mat 30,5,"Incredible quality for the price, wow packaging was a bit much",2025-12-23
R000002,T003176,C00237,P018,Pure Band 18,3,Looks nice but the quality feels pretty basic,2025-07-26
R000003,T002815,C00555,P018,Pure Band 18,5,"best purchase ive made in months, hands down",2025-07-11
R000004,T005308,C00155,P008,Modern Serum 08,4,bought one for my sister too my friend has one too,2025-12-31
R000005,T005593,C00564,P005,Bright Organizer 05,3,"Average product, average price, average experience!!",2025-12-17
R000006,T005924,C00124,P028,Essential Bag 28,4,Love the design one small issue with the packaging,2025-12-26
R000007,T000691,C00038,P018,Pure Band 18,2,Had to return it. Shame because the idea was good looked different in the photos,2025-04-08
R000008,T002021,C00144,P015,Calm Cream 15,4,I REACH FOR THIS ALL THE TIME NOW,2025-05-10
R000009,T005274,C00958,P023,Calm Cream 23,5,this deserves more than five stars packaging was a bit much,2025-11-27
R000010,T002804,C00514,P025,Daily Lamp 25,4,bought one for my sister too,2025-07-25
R000011,T004649,C00759,P025,Daily Lamp 25,3,Some things are good and some are just odd,2025-11-01
R000012,T000586,C00221,P021,Bright Organizer 21,3,Not bad! Not great either packaging was a bit much...,2025-03-31
R000013,T005108,C00884,P010,Pure Band 10,3,"Works as expected, which is fine",2025-11-01
R000014,T001272,C00331,P009,Daily Lamp 09,1,"Doesnt fit, doesnt work, waste of time",2025-05-30
R000015,T000928,C00441,P023,Calm Cream 23,5,Best thing ever I tell everyone about it,2025-03-27
R000016,T002349,C00882,P010,Pure Band 10,4,DOES EXACTLY WHAT IT SAYS ON THE TIN,2025-05-24
R000017,T004847,C00868,P019,Urban Bottle 19,5,Bought as a gift and now keeping it for myself lol,2025-11-19
R000018,T004380,C00272,P018,Pure Band 18,4,"Solid little product, would recommend??",2025-11-12
R000019,T005838,C00795,P019,Urban Bottle 19,5,This is SO good why did i wait so long,2025-12-24
R000020,T002111,C00470,P004,Essential Bag 04,5,best thing ever i tell everyone about it customer support got back to me fast,2025-07-03
R000021,T004936,C00819,P026,Pure Band 26,2,was expecting better. sadly no,2025-12-04
R000022,T004781,C00953,P019,Urban Bottle 19,5,A+++ no complaints at all,2025-10-14
R000023,T004669,C00790,P025,Daily Lamp 25,2,The photos made it look much better than it is,2025-12-26
R000024,T000382,C00207,P025,Daily Lamp 25,5,A+++ no complaints at all,2025-03-11
R000025,T004694,C00320,P009,Daily Lamp 09,4,I reach for this all the time now,2025-10-28
R000026,T000164,C00525,P030,Active Mat 30,2,Was expecting better. sadly no saw it on instagram first,2025-06-26
R000027,T002537,C00403,P011,Urban Bottle 11,4,happy with it. delivery was quick too,2025-07-03
R000028,T002289,C00365,P015,Calm Cream 15,3,"Fine i guess, a few annoying bits bought it during the sale",2025-07-29
R000029,T004778,C00211,P024,Modern Serum 24,3,"I use it, just dont love it",2025-10-05
R000030,T001189,C00039,P012,Essential Bag 12,5,"best purchase ive made in months, hands down",2025-04-17
R000031,T000891,C00949,P014,Active Mat 14,4,Does exactly what it says on the tin,2025-05-22
R000032,T001813,C00516,P001,Daily Lamp 01,5,I LOVE IT. already ordered another one,2025-06-19
R000033,T001329,C00517,P004,Essential Bag 04,1,I regret buying this every single day,2025-08-31
R000034,T000027,C00495,P019,Urban Bottle 19,5,Best thing ever. I tell everyone about it,2025-03-03
R000035,T000732,C00376,P007,Calm Cream 07,4,Better than the one I replaced packaging was a bit much...,2025-03-16
R000036,T002646,C00449,P007,Calm Cream 07,2,Not great I expected more for the price,2025-05-18
R000037,T006506,C00914,P017,Daily Lamp 17,4,Nice quality. took a star off for the price,2025-12-31
R000038,T004400,C00342,P023,Calm Cream 23,5,"best purchase ive made in months, hands down",2025-10-28
R000039,T000459,C00231,P003,Urban Bottle 03,3,Looks nice but the quality feels pretty basic bought it during the sale,2025-02-23
R000040,T002466,C00796,P012,Essential Bag 12,3,Works like it should but doesnt wow me,2025-07-08
R000041,T006504,C00654,P009,Daily Lamp 09,5,This is SO good why did i wait so long,2025-12-28
R000042,T000042,C00406,P030,Active Mat 30,5,10/10 would buy again and again saw it on instagram first,2025-02-24
R000043,T003535,C00842,P012,Essential Bag 12,3,Could be better but could be worse??,2025-10-28
R000044,T000789,C00383,P023,Calm Cream 23,3,"Fine i guess, a few annoying bits",2025-08-11
R000045,T001866,C00570,P004,Essential Bag 04,3,could be better but could be worse,2025-06-17
R000046,T005579,C00812,P005,Bright Organizer 05,4,Works perfectly for what I needed delivery took forever,2025-12-01
R000047,T004405,C00349,P021,Bright Organizer 21,3,decent once you figure out how it works,2025-12-21
R000048,T006309,C00097,P024,Modern Serum 24,5,Best thing ever. I tell everyone about it,2025-12-21
R000049,T000162,C00130,P029,Bright Organizer 29,2,meh feels flimsy,2025-06-15
R000050,T004912,C00603,P008,Modern Serum 08,3,Not bad! Not great either??,2025-12-02
R000051,T003904,C00235,P009,Daily Lamp 09,5,Finally something that actually works!!!,2025-10-23
R000052,T005649,C00105,P001,Daily Lamp 01,2,The photos made it look much better than it is my friend has one too,2025-12-20
R000053,T005584,C00027,P028,Essential Bag 28,2,Not great. I expected more for the price...,2025-11-13
R000054,T001377,C00776,P004,Essential Bag 04,1,broke the first time i used it lol,2025-06-22
R000055,T003084,C00288,P019,Urban Bottle 19,3,"Fine i guess, a few annoying bits",2025-09-20
R000056,T003269,C00844,P025,Daily Lamp 25,3,"Useful enough, though the instructions were confusing customer support got back to me fast",2025-09-14
R000057,T001724,C00086,P008,Modern Serum 08,5,Genuinely life changing for my morning routine,2025-04-14
R000058,T000052,C00402,P014,Active Mat 14,4,looks great and works well so far,2025-01-24
R000059,T004232,C00829,P005,Bright Organizer 05,3,Okay for now. Lets see how long it lasts,2025-09-24
R000060,T004899,C00804,P012,Essential Bag 12,3,Okay for now. Lets see how long it lasts packaging was a bit much,2025-10-18
R000061,T003283,C00640,P001,Daily Lamp 01,4,Better than the one I replaced saw it on instagram first!!,2025-10-26
R000062,T004404,C00870,P030,Active Mat 30,3,"Works as expected, which is fine",2025-09-07
R000063,T003421,C00727,P019,Urban Bottle 19,4,"love the design, one small issue with the packaging",2025-07-21
R000064,T006523,C00326,P003,Urban Bottle 03,4,Easy to use and feels pretty sturdy bought it during the sale??,2025-12-31
R000065,T002828,C00740,P008,Modern Serum 08,4,Love the design one small issue with the packaging...,2025-08-16
R000066,T001388,C00544,P015,Calm Cream 15,5,Best thing ever. I tell everyone about it packaging was a bit much,2025-07-10
R000067,T000561,C00378,P003,Urban Bottle 03,2,Fine for a week then started acting weird saw it on instagram first,2025-05-16
R000068,T001951,C00155,P018,Pure Band 18,4,"Love the design, one small issue with the packaging",2025-06-28
R000069,T004895,C00527,P002,Pure Band 02,3,Works like it should but doesnt wow me,2025-12-27
R000070,T002919,C00821,P029,Bright Organizer 29,5,Best thing ever. I tell everyone about it,2025-07-28
R000071,T001793,C00362,P004,Essential Bag 04,1,broke the first time i used it lol,2025-05-28
R000072,T005995,C00728,P002,Pure Band 02,5,My new favorite thing in the house,2025-12-24
R000073,T004217,C00333,P007,Calm Cream 07,5,A+++ no complaints at all saw it on instagram first,2025-12-03
R000074,T000944,C00601,P030,Active Mat 30,4,Easy to use and feels pretty sturdy,2025-08-10
R000075,T000018,C00563,P030,Active Mat 30,5,10/10 would buy again and again,2025-03-27
R000076,T004556,C00197,P027,Urban Bottle 27,1,Three weeks and already in the bin,2025-12-20
R000077,T005083,C00670,P012,Essential Bag 12,3,some things are good and some are just odd,2025-12-10
R000078,T003523,C00449,P027,Urban Bottle 27,1,broke the first time i used it lol customer support got back to me fast,2025-08-15
R000079,T004568,C00806,P028,Essential Bag 28,3,Could be better but could be worse saw it on instagram first,2025-12-23
R000080,T006205,C00273,P015,Calm Cream 15,5,LOVE LOVE LOVE IT. WORKS LIKE A DREAM,2025-12-30
R000081,T001339,C00684,P023,Calm Cream 23,4,Easy to use and feels pretty sturdy,2025-06-16
R000082,T001344,C00790,P002,Pure Band 02,3,Looks nice but the quality feels pretty basic,2025-08-09
R000083,T005788,C00338,P013,Bright Organizer 13,5,Absolutely obsessed with this Best purchase this year looked different in the photos,2025-11-24
R000084,T005676,C00039,P004,Essential Bag 04,3,"Nothing to complain about, nothing to rave about customer support got back to me fast",2025-12-31
R000085,T001972,C00943,P004,Essential Bag 04,5,I use it constantly and it still looks brand new,2025-08-20
R000086,T005899,C00836,P030,Active Mat 30,5,Bought as a gift and now keeping it for myself lol,2025-12-14
R000087,T006438,C00067,P012,Essential Bag 12,2,Fine for a week then started acting weird,2025-12-27
R000088,T002996,C00168,P014,Active Mat 14,4,Good product instructions could be clearer shipping was quick,2025-12-01
R000089,T003574,C00357,P013,Bright Organizer 13,1,Three weeks and already in the bin,2025-07-12
R000090,T002825,C00042,P012,Essential Bag 12,1,Awful. Just awful. Save yourself the headache,2025-06-08
R000091,T006457,C00116,P007,Calm Cream 07,4,Works perfectly for what I needed bought it during the sale,2025-12-30
R000092,T002706,C00408,P023,Calm Cream 23,1,Doesnt fit doesnt work waste of time,2025-08-07
R000093,T004226,C00749,P018,Pure Band 18,1,It broke immediately customer service was useless too,2025-09-21
R000094,T001627,C00584,P006,Active Mat 06,4,Looks great and works well so far!!,2025-07-12
R000095,T004711,C00970,P021,Bright Organizer 21,3,Decent once you figure out how it works,2025-11-06
R000096,T005801,C00382,P022,Active Mat 22,5,Exceeded every expectation by a mile shipping was quick,2025-11-22
R000097,T003044,C00708,P015,Calm Cream 15,2,"It works sometimes, which is not realy good enough",2025-10-27
R000098,T000772,C00383,P023,Calm Cream 23,5,Finally something that actually works saw it on instagram first,2025-03-23
R000099,T003205,C00399,P015,Calm Cream 15,5,10/10 would buy again and again!!,2025-07-14
R000100,T003070,C00902,P008,Modern Serum 08,5,A+++ no complaints at all,2025-08-20
R000101,T004092,C00744,P030,Active Mat 30,5,1010 would buy again and again shipping was quick,2025-11-19
R000102,T003147,C00525,P012,Essential Bag 12,4,I reach for this all the time now,2025-06-20
R000103,T002368,C00816,P019,Urban Bottle 19,4,really useful and nicer than i expected.,2025-07-08
R000104,T000015,C00353,P011,Urban Bottle 11,4,Does exactly what it says on the tin,2025-04-20
R000105,T003542,C00248,P019,Urban Bottle 19,5,Obsessed. obsessed. obsessed. delivery took forever,2025-11-30
R000106,T000100,C00735,P010,Pure Band 10,4,Bought one for my sister too,2025-04-14
R000107,T004898,C00827,P002,Pure Band 02,5,finally something that actually works!!!,2025-12-27
R000108,T002592,C00530,P025,Daily Lamp 25,4,Better than the one I replaced,2025-07-25
R000109,T002512,C00398,P013,Bright Organizer 13,5,Best thing ever. I tell everyone about it,2025-07-01
R000110,T004480,C00286,P015,Calm Cream 15,3,Average product average price average experience,2025-11-28
R000111,T005872,C00902,P021,Bright Organizer 21,2,Not terrible but definitely not buying again,2025-12-05
R000112,T003060,C00127,P023,Calm Cream 23,4,Bought one for my sister too,2025-11-21
R000113,T003503,C00734,P005,Bright Organizer 05,3,It does the job. Nothing special.,2025-10-02
R000114,T001295,C00957,P006,Active Mat 06,4,I reach for this all the time now delivery took forever,2025-04-01
R000115,T001081,C00384,P010,Pure Band 10,5,Finally something that actually works!!!,2025-03-14
R000116,T002972,C00743,P011,Urban Bottle 11,5,MY NEW FAVORITE THING IN THE HOUSE DELIVERY TOOK FOREVER,2025-10-06
R000117,T006157,C00153,P023,Calm Cream 23,3,"Works as expected, which is fine",2025-12-26
R000118,T001868,C00725,P018,Pure Band 18,5,Incredible quality for the price wow,2025-09-07
R000119,T000990,C00524,P025,Daily Lamp 25,3,it does the job. nothing special.,2025-08-10
R000120,T006118,C00418,P005,Bright Organizer 05,4,Works perfectly for what I needed,2025-12-11
R000121,T004795,C00328,P030,Active Mat 30,5,Obsessed. obsessed. obsessed.,2025-10-12
R000122,T000430,C00071,P022,Active Mat 22,5,"Incredible quality for the price, wow bought it during the sale",2025-03-11
R000123,T001836,C00770,P017,Daily Lamp 17,1,arrived damaged and the replacement was also damaged. wow.,2025-04-17
R000124,T003970,C00821,P017,Daily Lamp 17,3,Decent once you figure out how it works,2025-10-14
R000125,T004318,C00013,P024,Modern Serum 24,4,Good value gets used every day looked different in the photos,2025-12-12
R000126,T001859,C00266,P026,Pure Band 26,1,Worst thing ive bought in ages honestly furious??,2025-09-02
R000127,T001061,C00363,P030,Active Mat 30,5,Best thing ever. I tell everyone about it,2025-08-02
R000128,T000728,C00444,P015,Calm Cream 15,3,Works like it should but doesnt wow me,2025-04-30
R000129,T004485,C00707,P018,Pure Band 18,3,Looks nice but the quality feels pretty basic...,2025-09-12
R000130,T005937,C00542,P023,Calm Cream 23,3,Could be better but could be worse,2025-12-01
R000131,T004683,C00420,P020,Essential Bag 20,1,Would give negative stars if i could!!!,2025-12-10
R000132,T001324,C00821,P017,Daily Lamp 17,4,"Good value, gets used every day",2025-05-20
R000133,T004626,C00676,P004,Essential Bag 04,5,Love love love it. works like a dream customer support got back to me fast,2025-12-22
R000134,T006226,C00923,P011,Urban Bottle 11,4,Pretty impressed tbh,2025-12-17
R000135,T005809,C00615,P006,Active Mat 06,4,Nice quality took a star off for the price,2025-11-13
R000136,T000339,C00578,P023,Calm Cream 23,4,"Love the design, one small issue with the packaging",2025-06-25
R000137,T003969,C00110,P025,Daily Lamp 25,4,Looks great and works well so far,2025-10-29
R000138,T001408,C00398,P027,Urban Bottle 27,4,Really useful and nicer than I expected,2025-04-02
R000139,T000409,C00967,P026,Pure Band 26,3,"NOTHING TO COMPLAIN ABOUT, NOTHING TO RAVE ABOUT",2025-06-01
R000140,T005968,C00356,P008,Modern Serum 08,2,Would be ok at half the price looked different in the photos,2025-11-21
R000141,T000608,C00454,P019,Urban Bottle 19,4,Bought one for my sister too delivery took forever,2025-05-11
R000142,T004323,C00025,P010,Pure Band 10,4,Does exactly what it says on the tin shipping was quick,2025-09-15
R000143,T000260,C00744,P023,Calm Cream 23,4,Easy to use and feels pretty sturdy packaging was a bit much,2025-03-19
R000144,T000705,C00843,P012,Essential Bag 12,3,Works as expected which is fine,2025-05-12
R000145,T001199,C00135,P014,Active Mat 14,1,one star because zero isnt an option,2025-08-27
R000146,T005483,C00899,P015,Calm Cream 15,4,Bought one for my sister too,2025-12-22
R000147,T001688,C00550,P025,Daily Lamp 25,3,Works like it should but doesnt wow me,2025-05-17
R000148,T000007,C00518,P014,Active Mat 14,4,pretty impressed tbh,2025-03-16
R000149,T001999,C00776,P023,Calm Cream 23,5,Finally something that actually works!!!,2025-09-26
R000150,T001283,C00902,P004,Essential Bag 04,5,I use it constantly and it still looks brand new,2025-08-16
R000151,T004787,C00442,P013,Bright Organizer 13,3,"Average product, average price, average experience",2025-12-26
R000152,T001620,C00912,P026,Pure Band 26,4,Nice quality. took a star off for the price,2025-07-29
R000153,T000258,C00390,P015,Calm Cream 15,2,Fine for a week then started acting weird,2025-05-29
R000154,T004220,C00006,P012,Essential Bag 12,4,really useful and nicer than i expected.,2025-08-21
R000155,T005069,C00825,P018,Pure Band 18,2,Too expensive for something this average,2025-12-25
R000156,T002435,C00080,P030,Active Mat 30,5,This is SO good why did i wait so long saw it on instagram first,2025-07-28
R000157,T006388,C00536,P030,Active Mat 30,4,Does exactly what it says on the tin customer support got back to me fast,2025-12-26
R000158,T002370,C00545,P006,Active Mat 06,5,Obsessed obsessed obsessed,2025-10-01
R000159,T003186,C00621,P001,Daily Lamp 01,2,Kinda disappointing tbh,2025-09-04
R000160,T005311,C00628,P025,Daily Lamp 25,4,"Solid little product, would recommend",2025-11-14
R000161,T002375,C00669,P012,Essential Bag 12,4,does exactly what it says on the tin saw it on instagram first,2025-05-06
R000162,T006185,C00025,P023,Calm Cream 23,3,i use it just dont love it,2025-12-24
R000163,T000133,C00979,P001,Daily Lamp 01,2,Not worth the hassle shipping was quick,2025-05-26
R000164,T006308,C00139,P001,Daily Lamp 01,5,Best thing ever I tell everyone about it,2025-12-17
R000165,T000230,C00782,P001,Daily Lamp 01,5,I LOVE IT already ordered another one,2025-06-14
R000166,T006240,C00894,P003,Urban Bottle 03,5,THIS DESERVES MORE THAN FIVE STARS CUSTOMER SUPPORT GOT BACK TO ME FAST,2025-12-13
R000167,T001550,C00577,P025,Daily Lamp 25,2,Fine for a week then started acting weird,2025-04-24
R000168,T003767,C00648,P023,Calm Cream 23,5,Exceeded every expectation by a mile??,2025-11-21
R000169,T004339,C00020,P008,Modern Serum 08,5,absolutely obsessed with this. best purchase this year!!! packaging was a bit much,2025-10-25
R000170,T006146,C00122,P026,Pure Band 26,3,Could be better but could be worse my friend has one too,2025-12-05
R000171,T002314,C00549,P001,Daily Lamp 01,3,Some things are good and some are just odd,2025-09-08
R000172,T004491,C00358,P002,Pure Band 02,4,"Love the design, one small issue with the packaging looked different in the photos",2025-11-11
R000173,T001014,C00129,P017,Daily Lamp 17,5,Best thing ever. I tell everyone about it...,2025-07-20
R000174,T003209,C00306,P019,Urban Bottle 19,5,A+++ no complaints at all,2025-11-23
R000175,T004269,C00649,P018,Pure Band 18,4,Bought one for my sister too,2025-10-20
R000176,T005048,C00991,P010,Pure Band 10,4,Pretty impressed tbh shipping was quick,2025-12-31
R000177,T005148,C00742,P012,Essential Bag 12,5,Perfect in every way. no notes,2025-12-07
R000178,T001920,C00155,P002,Pure Band 02,5,I use it constantly and it still looks brand new,2025-04-17
R000179,T000417,C00397,P006,Active Mat 06,1,The smell is HORRIBLE and it did nothing,2025-03-23
R000180,T006411,C00571,P030,Active Mat 30,4,I reach for this all the time now,2025-12-20
R000181,T005417,C00081,P026,Pure Band 26,5,My new favorite thing in the house,2025-12-15
R000182,T006321,C00555,P012,Essential Bag 12,5,i use it constantly and it still looks brand new saw it on instagram first,2025-12-15
R000183,T002481,C00135,P010,Pure Band 10,2,"It works sometimes, which is not realy good enough",2025-08-28
R000184,T000727,C00186,P010,Pure Band 10,2,Arrived late and the packaging was a mess!!,2025-04-02
R000185,T006529,C00884,P029,Bright Organizer 29,3,"Nothing to complain about, nothing to rave about",2025-12-31
R000186,T000747,C00839,P018,Pure Band 18,4,Easy to use and feels pretty sturdy delivery took forever,2025-07-06
R000187,T005486,C00781,P003,Urban Bottle 03,1,I hate this so much. unusable,2025-12-06
R000188,T004746,C00828,P009,Daily Lamp 09,5,I LOVE IT. already ordered another one,2025-12-09
R000189,T000571,C00755,P013,Bright Organizer 13,5,i use it constantly and it still looks brand new,2025-05-10
R000190,T006425,C00374,P025,Daily Lamp 25,2,NOT WORTH THE HASSLE,2025-12-29
R000191,T000237,C00564,P028,Essential Bag 28,3,"Useful enough, though the instructions were confusing",2025-02-25
R000192,T004074,C00600,P026,Pure Band 26,5,I use it constantly and it still looks brand new,2025-09-04
R000193,T000723,C00943,P021,Bright Organizer 21,3,"Fine i guess, a few annoying bits",2025-07-28
R000194,T004140,C00526,P025,Daily Lamp 25,3,Not bad Not great either shipping was quick,2025-10-22
R000195,T002901,C00524,P012,Essential Bag 12,4,I reach for this all the time now,2025-06-16
R000196,T005436,C00405,P009,Daily Lamp 09,4,Easy to use and feels pretty sturdy,2025-10-21
R000197,T000196,C00767,P008,Modern Serum 08,3,Looks nice but the quality feels pretty basic,2025-03-31
R000198,T006390,C00653,P003,Urban Bottle 03,3,Decent once you figure out how it works...,2025-12-23
R000199,T002536,C00351,P023,Calm Cream 23,3,Some things are good and some are just odd,2025-08-07
R000200,T003907,C00767,P019,Urban Bottle 19,1,do not waste your money on this!!!,2025-09-12
R000201,T002695,C00530,P027,Urban Bottle 27,3,Decent once you figure out how it works,2025-07-17
R000202,T003096,C00595,P007,Calm Cream 07,4,Pretty impressed tbh,2025-09-29
R000203,T004289,C00502,P014,Active Mat 14,2,It technically works but i dont like using it,2025-08-20
R000204,T003297,C00297,P005,Bright Organizer 05,3,Looks nice but the quality feels pretty basic,2025-10-21
R000205,T001989,C00103,P009,Daily Lamp 09,3,"Works as expected, which is fine...",2025-06-07
R000206,T005656,C00615,P014,Active Mat 14,5,My new favorite thing in the house,2025-11-27
R000207,T006294,C00389,P029,Bright Organizer 29,3,some things are good and some are just odd saw it on instagram first,2025-12-27
R000208,T003878,C00542,P007,Calm Cream 07,3,"Useful enough, though the instructions were confusing",2025-11-14
R000209,T002747,C00006,P027,Urban Bottle 27,5,This is SO good why did i wait so long,2025-06-17
R000210,T004421,C00984,P005,Bright Organizer 05,3,"Nothing to complain about, nothing to rave about",2025-10-28
R000211,T002797,C00636,P002,Pure Band 02,4,Works perfectly for what I needed,2025-08-15
R000212,T004309,C00012,P005,Bright Organizer 05,5,this deserves more than five stars,2025-09-27
R000213,T005595,C00310,P004,Essential Bag 04,5,I use it constantly and it still looks brand new,2025-11-19
R000214,T003983,C00401,P026,Pure Band 26,1,ARRIVED DAMAGED AND THE REPLACEMENT WAS ALSO DAMAGED. WOW.,2025-10-11
R000215,T001925,C00190,P011,Urban Bottle 11,3,Some things are good and some are just odd,2025-06-06
R000216,T003853,C00651,P007,Calm Cream 07,4,Does exactly what it says on the tin looked different in the photos,2025-09-21
R000217,T000312,C00684,P001,Daily Lamp 01,5,I LOVE IT. already ordered another one,2025-02-02
R000218,T006392,C00347,P029,Bright Organizer 29,5,This is SO good why did i wait so long,2025-12-25
R000219,T005629,C00473,P021,Bright Organizer 21,4,"Love the design, one small issue with the packaging delivery took forever",2025-12-27
R000220,T003621,C00736,P004,Essential Bag 04,3,Looks nice but the quality feels pretty basic,2025-11-11
R000221,T002065,C00471,P010,Pure Band 10,3,Looks nice but the quality feels pretty basic,2025-09-06
R000222,T003997,C00845,P024,Modern Serum 24,1,I hate this so much. unusable my friend has one too,2025-09-04
R000223,T002042,C00258,P021,Bright Organizer 21,1,one star because zero isnt an option,2025-09-20
R000224,T005099,C00661,P017,Daily Lamp 17,5,Bought as a gift and now keeping it for myself lol,2025-12-01
R000225,T005033,C00313,P008,Modern Serum 08,3,Okay for now. Lets see how long it lasts??,2025-10-19
R000226,T000294,C00521,P004,Essential Bag 04,1,I regret buying this every single day,2025-02-26
R000227,T002681,C00432,P008,Modern Serum 08,3,I use it just dont love it,2025-08-04
R000228,T000295,C00510,P024,Modern Serum 24,1,Would give negative stars if i could!!! customer support got back to me fast,2025-03-12
R000229,T004429,C00864,P025,Daily Lamp 25,1,Awful. Just awful. Save yourself the headache??,2025-09-20
R000230,T004619,C00544,P014,Active Mat 14,2,"It works sometimes, which is not really good enough",2025-09-12
R000231,T003513,C00861,P012,Essential Bag 12,3,Okay for now. Lets see how long it lasts,2025-08-07
R000232,T002302,C00576,P024,Modern Serum 24,5,Absolutely obsessed with this Best purchase this year,2025-07-27
R000233,T000245,C00842,P025,Daily Lamp 25,2,fine for a week then started acting weird,2025-04-19
R000234,T004507,C00042,P018,Pure Band 18,2,The photos made it look much better than it is,2025-12-25
R000235,T005772,C00609,P010,Pure Band 10,3,"Nothing to complain about, nothing to rave about...",2025-12-02
R000236,T001458,C00651,P003,Urban Bottle 03,1,awful. just awful. save yourself the headache,2025-09-08
R000237,T001012,C00248,P002,Pure Band 02,3,Could be better but could be worse,2025-03-20
R000238,T003488,C00535,P027,Urban Bottle 27,1,Not as described at all seriously disappointing,2025-07-05
R000239,T000993,C00837,P016,Modern Serum 16,4,Pretty impressed tbh,2025-03-15
R000240,T005624,C00632,P002,Pure Band 02,4,Happy with it. delivery was quick too bought it during the sale,2025-11-04
R000241,T002819,C00178,P028,Essential Bag 28,5,10/10 would buy again and again,2025-07-21
R000242,T001254,C00824,P005,Bright Organizer 05,2,Would be ok at half the price,2025-06-07
R000243,T004693,C00003,P007,Calm Cream 07,3,"Fine i guess, a few annoying bits",2025-09-22
R000244,T005747,C00594,P018,Pure Band 18,1,The smell is HORRIBLE and it did nothing,2025-12-24
R000245,T000706,C00795,P007,Calm Cream 07,4,Works perfectly for what I needed,2025-03-15
R000246,T005351,C00776,P020,Essential Bag 20,3,Useful enough though the instructions were confusing customer support got back to me fast,2025-10-30
R000247,T001821,C00520,P002,Pure Band 02,1,"doesnt fit, doesnt work, waste of time",2025-06-29
R000248,T001035,C00687,P006,Active Mat 06,4,Bought one for my sister too,2025-03-16
R000249,T003985,C00723,P002,Pure Band 02,5,Absolutely obsessed with this. Best purchase this year!!!,2025-11-20
R000250,T000740,C00115,P026,Pure Band 26,3,Some things are good and some are just odd,2025-05-28
R000251,T006541,C00463,P009,Daily Lamp 09,3,Okay for now. Lets see how long it lasts,2025-12-31
R000252,T003596,C00333,P019,Urban Bottle 19,5,perfect in every way no notes customer support got back to me fast,2025-11-30
R000253,T005028,C00361,P029,Bright Organizer 29,5,Bought as a gift and now keeping it for myself lol,2025-11-14
R000254,T003726,C00104,P008,Modern Serum 08,4,Does exactly what it says on the tin,2025-11-14
R000255,T004730,C00361,P023,Calm Cream 23,4,Really useful and nicer than I expected.,2025-11-25
R000256,T001341,C00506,P024,Modern Serum 24,4,"Solid little product, would recommend looked different in the photos",2025-04-13
R000257,T000767,C00939,P004,Essential Bag 04,4,Better than the one I replaced,2025-06-22
R000258,T003461,C00806,P029,Bright Organizer 29,5,10/10 would buy again and again,2025-08-26
R000259,T004547,C00128,P025,Daily Lamp 25,3,works like it should but doesnt wow me,2025-09-09
R000260,T003552,C00907,P001,Daily Lamp 01,2,Fine for a week then started acting weird,2025-12-09
R000261,T004436,C00617,P028,Essential Bag 28,2,Arrived late and the packaging was a mess,2025-11-01
R000262,T000489,C00603,P014,Active Mat 14,1,Would give negative stars if i could!!!,2025-01-31
R000263,T003032,C00726,P023,Calm Cream 23,1,"WORST THING IVE BOUGHT IN AGES, HONESTLY FURIOUS",2025-07-10
R000264,T004963,C00107,P025,Daily Lamp 25,4,Looks great and works well so far,2025-12-07
R000265,T000753,C00505,P001,Daily Lamp 01,3,Looks nice but the quality feels pretty basic,2025-05-01
R000266,T006136,C00383,P012,Essential Bag 12,2,Quality control seems all over the place,2025-12-18
R000267,T004775,C00402,P006,Active Mat 06,4,Better than the one I replaced!!,2025-12-18
R000268,T001568,C00533,P023,Calm Cream 23,5,Bought as a gift and now keeping it for myself lol bought it during the sale,2025-09-12
R000269,T005873,C00888,P001,Daily Lamp 01,2,Too expensive for something this average,2025-12-29
R000270,T002463,C00173,P005,Bright Organizer 05,4,"Good value, gets used every day",2025-10-18
R000271,T004035,C00465,P015,Calm Cream 15,3,"Average product, average price, average experience??",2025-10-30
R000272,T000071,C00318,P009,Daily Lamp 09,4,EASY TO USE AND FEELS PRETTY STURDY,2025-03-30
R000273,T002383,C00988,P001,Daily Lamp 01,4,i reach for this all the time now,2025-06-23
R000274,T005610,C00766,P014,Active Mat 14,3,Some things are good and some are just odd,2025-12-26
R000275,T003034,C00958,P025,Daily Lamp 25,3,"Nothing to complain about, nothing to rave about",2025-09-13
R000276,T000154,C00032,P006,Active Mat 06,3,Not bad! Not great either,2025-01-19
R000277,T004102,C00155,P020,Essential Bag 20,4,Really useful and nicer than I expected. saw it on instagram first,2025-09-25
R000278,T005800,C00060,P017,Daily Lamp 17,4,I reach for this all the time now,2025-12-21
R000279,T004868,C00763,P030,Active Mat 30,3,Works like it should but doesnt wow me,2025-12-01
R000280,T004060,C00860,P020,Essential Bag 20,4,"love the design, one small issue with the packaging",2025-10-09
R000281,T002283,C00684,P024,Modern Serum 24,3,Not bad! Not great either,2025-09-12
R000282,T003241,C00671,P030,Active Mat 30,5,Absolutely obsessed with this. Best purchase this year!!!,2025-07-16
R000283,T004580,C00623,P001,Daily Lamp 01,5,A+++ no complaints at all,2025-10-28
R000284,T000213,C00562,P026,Pure Band 26,5,Finally something that actually works!!!,2025-04-20
R000285,T001463,C00203,P012,Essential Bag 12,4,Does exactly what it says on the tin,2025-08-02
R000286,T001415,C00127,P026,Pure Band 26,1,Do NOT waste your money on this!!!,2025-07-22
R000287,T006496,C00293,P013,Bright Organizer 13,3,not bad! not great either,2025-12-27
R000288,T001707,C00348,P008,Modern Serum 08,1,one star because zero isnt an option??,2025-06-13
R000289,T003141,C00057,P005,Bright Organizer 05,4,Good product instructions could be clearer...,2025-11-01
R000290,T004571,C00519,P014,Active Mat 14,1,It broke immediately. customer service was useless too,2025-10-03
R000291,T002277,C00004,P024,Modern Serum 24,3,"Fine i guess, a few annoying bits",2025-05-22
R000292,T002402,C00261,P010,Pure Band 10,4,Really useful and nicer than I expected. looked different in the photos,2025-06-14
R000293,T004142,C00800,P009,Daily Lamp 09,5,10/10 would buy again and again,2025-10-07
R000294,T006348,C00142,P028,Essential Bag 28,4,"Love the design, one small issue with the packaging",2025-12-25
R000295,T001181,C00571,P016,Modern Serum 16,4,Happy with it. delivery was quick too,2025-08-03
R000296,T001723,C00393,P011,Urban Bottle 11,3,"fine i guess, a few annoying bits",2025-08-18
R000297,T001305,C00931,P010,Pure Band 10,4,Easy to use and feels pretty sturdy,2025-03-24
R000298,T002445,C00537,P023,Calm Cream 23,5,A+++ no complaints at all,2025-09-01
R000299,T006430,C00790,P005,Bright Organizer 05,5,THIS DESERVES MORE THAN FIVE STARS,2025-12-29
R000300,T002908,C00196,P023,Calm Cream 23,3,"average product, average price, average experience",2025-11-12
R000301,T005723,C00204,P021,Bright Organizer 21,5,Genuinely life changing for my morning routine,2025-11-12
R000302,T001678,C00319,P025,Daily Lamp 25,3,I use it just dont love it,2025-06-27
R000303,T005703,C00709,P024,Modern Serum 24,3,"Average product, average price, average experience",2025-12-24
R000304,T005174,C00943,P019,Urban Bottle 19,4,Does exactly what it says on the tin packaging was a bit much,2025-10-11
R000305,T005304,C00550,P030,Active Mat 30,4,Easy to use and feels pretty sturdy,2025-12-26
R000306,T001772,C00194,P016,Modern Serum 16,4,I reach for this all the time now,2025-07-28
R000307,T002618,C00608,P015,Calm Cream 15,4,I reach for this all the time now,2025-09-20
R000308,T002796,C00860,P008,Modern Serum 08,5,I use it constantly and it still looks brand new,2025-10-01
R000309,T004350,C00827,P030,Active Mat 30,4,WORKS PERFECTLY FOR WHAT I NEEDED BOUGHT IT DURING THE SALE,2025-09-17
R000310,T004110,C00703,P007,Calm Cream 07,4,Looks great and works well so far,2025-09-18
R000311,T003922,C00140,P013,Bright Organizer 13,1,Do NOT waste your money on this!!!,2025-08-20
R000312,T003832,C00047,P024,Modern Serum 24,4,Good product instructions could be clearer,2025-09-02
R000313,T005887,C00601,P006,Active Mat 06,2,The photos made it look much better than it is,2025-12-15
R000314,T004266,C00723,P013,Bright Organizer 13,5,perfect in every way no notes,2025-12-03
R000315,T002326,C00879,P003,Urban Bottle 03,3,"useful enough, though the instructions were confusing",2025-10-26
R000316,T000629,C00088,P021,Bright Organizer 21,2,Quality control seems all over the place,2025-07-29
R000317,T006121,C00278,P014,Active Mat 14,2,It works sometimes which is not really good enough,2025-12-26
R000318,T004894,C00289,P007,Calm Cream 07,4,"Good product, instructions could be clearer",2025-10-08
R000319,T000331,C00331,P020,Essential Bag 20,3,Some things are good and some are just odd,2025-04-02
R000320,T006076,C00166,P021,Bright Organizer 21,5,"Best purchase ive made in months, hands down packaging was a bit much",2025-12-09
R000321,T001079,C00619,P001,Daily Lamp 01,3,Decent once you figure out how it works bought it during the sale,2025-04-19
R000322,T001143,C00528,P029,Bright Organizer 29,4,Happy with it. delivery was quick too customer support got back to me fast,2025-07-13
R000323,T002671,C00403,P017,Daily Lamp 17,3,Works like it should but doesnt wow me,2025-08-21
R000324,T004655,C00047,P017,Daily Lamp 17,5,Perfect in every way no notes,2025-09-21
R000325,T004294,C00387,P003,Urban Bottle 03,3,Useful enough though the instructions were confusing,2025-11-01
R000326,T004719,C00070,P028,Essential Bag 28,1,I regret buying this every single day delivery took forever,2025-10-11
R000327,T004513,C00477,P020,Essential Bag 20,5,Obsessed. obsessed. obsessed.,2025-12-01
R000328,T001437,C00349,P004,Essential Bag 04,5,"Best purchase ive made in months, hands down",2025-08-20
R000329,T003571,C00423,P014,Active Mat 14,4,Good value gets used every day,2025-09-17
R000330,T000900,C00958,P003,Urban Bottle 03,4,Looks great and works well so far,2025-07-01
R000331,T002760,C00711,P029,Bright Organizer 29,4,Pretty impressed tbh bought it during the sale,2025-11-05
R000332,T003496,C00868,P001,Daily Lamp 01,4,Nice quality. took a star off for the price,2025-12-10
R000333,T001503,C00858,P018,Pure Band 18,3,I have mixed feelings about this one shipping was quick,2025-05-17
R000334,T001839,C00591,P016,Modern Serum 16,4,Pretty impressed tbh looked different in the photos!!,2025-08-01
R000335,T004376,C00449,P030,Active Mat 30,3,It does the job. Nothing special.,2025-12-21
R000336,T006339,C00326,P015,Calm Cream 15,4,Nice quality. took a star off for the price,2025-12-20
R000337,T003739,C00555,P016,Modern Serum 16,2,Fine for a week then started acting weird,2025-09-03
R000338,T000179,C00900,P017,Daily Lamp 17,4,"Good product, instructions could be clearer",2025-04-05
R000339,T000950,C00429,P004,Essential Bag 04,3,It does the job. Nothing special.,2025-03-02
R000340,T000976,C00907,P001,Daily Lamp 01,5,"Incredible quality for the price, wow",2025-07-29
R000341,T005639,C00510,P011,Urban Bottle 11,2,Arrived late and the packaging was a mess looked different in the photos,2025-11-04
R000342,T006312,C00531,P026,Pure Band 26,4,"Solid little product, would recommend",2025-12-18
R000343,T003743,C00317,P008,Modern Serum 08,5,I use it constantly and it still looks brand new,2025-08-22
R000344,T002518,C00915,P020,Essential Bag 20,4,Happy with it. delivery was quick too,2025-08-14
R000345,T000824,C00567,P013,Bright Organizer 13,3,Decent once you figure out how it works!!,2025-05-09
R000346,T000701,C00331,P009,Daily Lamp 09,3,Average product average price average experience,2025-04-03
R000347,T005905,C00362,P013,Bright Organizer 13,4,I reach for this all the time now!!,2025-12-29
R000348,T004336,C00809,P017,Daily Lamp 17,1,Absolute rubbish. Fell apart after two days.,2025-10-06
R000349,T000955,C00016,P005,Bright Organizer 05,5,Obsessed. obsessed. obsessed.,2025-03-31
R000350,T001108,C00093,P004,Essential Bag 04,4,Does exactly what it says on the tin saw it on instagram first,2025-08-17
R000351,T005976,C00818,P028,Essential Bag 28,2,Not great. I expected more for the price.,2025-12-20
R000352,T000600,C00436,P003,Urban Bottle 03,4,Looks great and works well so far my friend has one too,2025-05-11
R000353,T002288,C00630,P001,Daily Lamp 01,5,Obsessed. obsessed. obsessed.,2025-07-15
R000354,T002750,C00900,P022,Active Mat 22,4,"Good value, gets used every day",2025-10-02
R000355,T002612,C00408,P023,Calm Cream 23,4,Looks great and works well so far,2025-06-14
R000356,T003626,C00717,P009,Daily Lamp 09,3,"Fine i guess, a few annoying bits",2025-12-26
R000357,T001021,C00510,P004,Essential Bag 04,4,"Good value, gets used every day",2025-08-21
R000358,T003401,C00439,P016,Modern Serum 16,3,"Works as expected, which is fine",2025-09-13
R000359,T000184,C00412,P029,Bright Organizer 29,5,love love love it. works like a dream looked different in the photos,2025-07-10
R000360,T005264,C00125,P015,Calm Cream 15,5,Obsessed. obsessed. obsessed.,2025-11-26
R000361,T004001,C00146,P016,Modern Serum 16,4,happy with it delivery was quick too customer support got back to me fast,2025-09-24
R000362,T001160,C00491,P021,Bright Organizer 21,5,GENUINELY LIFE CHANGING FOR MY MORNING ROUTINE,2025-06-07
R000363,T006030,C00417,P025,Daily Lamp 25,3,Looks nice but the quality feels pretty basic,2025-12-05
R000364,T005935,C00710,P001,Daily Lamp 01,4,"GOOD PRODUCT, INSTRUCTIONS COULD BE CLEARER",2025-11-21
R000365,T002966,C00680,P020,Essential Bag 20,4,Better than the one I replaced,2025-10-25
R000366,T000466,C00152,P024,Modern Serum 24,4,Better than the one I replaced,2025-03-16
R000367,T004106,C00826,P020,Essential Bag 20,3,"Useful enough, though the instructions were confusing",2025-10-30
R000368,T004083,C00016,P017,Daily Lamp 17,5,a+++ no complaints at all saw it on instagram first,2025-09-09
R000369,T002300,C00010,P019,Urban Bottle 19,4,Better than the one I replaced,2025-10-26
R000370,T002035,C00062,P026,Pure Band 26,4,"Love the design, one small issue with the packaging",2025-07-20
R000371,T001132,C00280,P014,Active Mat 14,3,Not bad! Not great either customer support got back to me fast,2025-08-05
R000372,T000597,C00222,P015,Calm Cream 15,3,Could be better but could be worse,2025-05-01
R000373,T000595,C00640,P011,Urban Bottle 11,3,"Nothing to complain about, nothing to rave about",2025-07-13
R000374,T005060,C00662,P001,Daily Lamp 01,3,"Fine i guess, a few annoying bits shipping was quick",2025-11-26
R000375,T003215,C00626,P007,Calm Cream 07,2,It technically works but i dont like using it bought it during the sale,2025-06-25
R000376,T006466,C00584,P027,Urban Bottle 27,2,Not terrible but definately not buying again,2025-12-24
R000377,T001970,C00246,P003,Urban Bottle 03,3,Not bad! Not great either,2025-07-20
R000378,T002056,C00626,P012,Essential Bag 12,4,I reach for this all the time now,2025-07-30
R000379,T004584,C00711,P029,Bright Organizer 29,3,"Nothing to complain about, nothing to rave about",2025-09-12
R000380,T003931,C00698,P019,Urban Bottle 19,5,Genuinely life changing for my morning routine,2025-10-23
R000381,T000096,C00069,P007,Calm Cream 07,1,Would give negative stars if i could!!!,2025-01-26
R000382,T002000,C00557,P018,Pure Band 18,3,OKAY FOR NOW. LETS SEE HOW LONG IT LASTS,2025-06-20
R000383,T004706,C00310,P008,Modern Serum 08,3,Decent once you figure out how it works!!,2025-10-30
R000384,T000923,C00390,P017,Daily Lamp 17,4,Pretty impressed tbh,2025-05-25
R000385,T004872,C00221,P009,Daily Lamp 09,4,Easy to use and feels pretty sturdy packaging was a bit much,2025-10-09
R000386,T003248,C00854,P005,Bright Organizer 05,4,"Good product, instructions could be clearer",2025-11-02
R000387,T002373,C00079,P028,Essential Bag 28,4,better than the one i replaced saw it on instagram first,2025-10-23
R000388,T001692,C00960,P005,Bright Organizer 05,5,Love love love it. works like a dream looked different in the photos,2025-05-23
R000389,T003010,C00744,P010,Pure Band 10,5,I use it constantly and it still looks brand new,2025-10-26
R000390,T001573,C00933,P007,Calm Cream 07,5,This is SO good why did i wait so long,2025-03-29
R000391,T003760,C00136,P007,Calm Cream 07,3,Decent once you figure out how it works,2025-11-14
R000392,T005547,C00231,P028,Essential Bag 28,3,I have mixed feelings about this one,2025-12-24
R000393,T003773,C00506,P022,Active Mat 22,1,paid for quality got dollar store junk,2025-10-30
R000394,T003381,C00626,P010,Pure Band 10,5,Obsessed. obsessed. obsessed.,2025-11-22
R000395,T001564,C00761,P012,Essential Bag 12,2,"It works sometimes, which is not really good enough",2025-06-17
R000396,T004176,C00995,P001,Daily Lamp 01,5,Exceeded every expectation by a mile,2025-09-10
R000397,T000681,C00605,P018,Pure Band 18,2,Not worth the hassle shipping was quick??,2025-04-12
R000398,T005079,C00891,P028,Essential Bag 28,1,broke the first time i used it lol,2025-12-12
R000399,T003053,C00417,P026,Pure Band 26,4,Better than the one I replaced,2025-09-22
R000400,T001630,C00142,P009,Daily Lamp 09,4,I reach for this all the time now,2025-07-18
R000401,T004248,C00144,P020,Essential Bag 20,4,Pretty impressed tbh bought it during the sale,2025-12-01
R000402,T001117,C00182,P004,Essential Bag 04,5,this is so good why did i wait so long,2025-08-15
R000403,T002495,C00491,P027,Urban Bottle 27,2,It technically works but i dont like using it,2025-07-15
R000404,T000822,C00222,P009,Daily Lamp 09,4,LOOKS GREAT AND WORKS WELL SO FAR,2025-03-08
R000405,T003049,C00599,P002,Pure Band 02,5,A+++ NO COMPLAINTS AT ALL,2025-06-21
R000406,T004415,C00160,P020,Essential Bag 20,4,Happy with it. delivery was quick too looked different in the photos,2025-11-14
R000407,T006499,C00154,P028,Essential Bag 28,3,Looks nice but the quality feels pretty basic packaging was a bit much,2025-12-26
R000408,T005031,C00235,P008,Modern Serum 08,3,Decent once you figure out how it works,2025-11-08
R000409,T001110,C00104,P011,Urban Bottle 11,1,Returned it. Complete scam at this price.,2025-05-14
R000410,T005758,C00741,P002,Pure Band 02,3,DECENT ONCE YOU FIGURE OUT HOW IT WORKS MY FRIEND HAS ONE TOO,2025-12-27
R000411,T000951,C00498,P024,Modern Serum 24,4,Happy with it delivery was quick too,2025-03-30
R000412,T004221,C00307,P022,Active Mat 22,5,Love love love it. works like a dream,2025-08-28
R000413,T003174,C00812,P023,Calm Cream 23,3,Looks nice but the quality feels pretty basic looked different in the photos,2025-07-27
R000414,T003579,C00696,P009,Daily Lamp 09,2,the photos made it look much better than it is,2025-10-13
R000415,T004081,C00116,P016,Modern Serum 16,3,Looks nice but the quality feels pretty basic looked different in the photos,2025-09-19
R000416,T003531,C00738,P019,Urban Bottle 19,3,Not bad! Not great either looked different in the photos,2025-07-21
R000417,T000604,C00125,P021,Bright Organizer 21,3,"Works as expected, which is fine??",2025-04-25
R000418,T003403,C00494,P010,Pure Band 10,2,Kinda disappointing tbh,2025-12-22
R000419,T002666,C00434,P006,Active Mat 06,4,Does exactly what it says on the tin,2025-06-11
R000420,T001552,C00837,P028,Essential Bag 28,2,Had to return it. Shame because the idea was good delivery took forever,2025-06-24
R000421,T006024,C00092,P017,Daily Lamp 17,3,LOOKS NICE BUT THE QUALITY FEELS PRETTY BASIC,2025-12-14
R000422,T005530,C00879,P027,Urban Bottle 27,3,I use it just dont love it,2025-11-29
R000423,T001763,C00197,P017,Daily Lamp 17,4,Works perfectly for what I needed,2025-09-20
R000424,T004786,C00651,P014,Active Mat 14,3,Okay for now Lets see how long it lasts,2025-12-25
R000425,T001094,C00209,P004,Essential Bag 04,5,I LOVE IT. already ordered another one packaging was a bit much,2025-04-15
R000426,T004802,C00962,P022,Active Mat 22,2,Would be ok at half the price,2025-12-08
R000427,T002721,C00729,P024,Modern Serum 24,5,A+++ no complaints at all??,2025-10-06
R000428,T003213,C00853,P025,Daily Lamp 25,4,"good value, gets used every day customer support got back to me fast",2025-11-20
R000429,T002218,C00596,P012,Essential Bag 12,1,broke the first time i used it lol,2025-09-14
R000430,T000549,C00309,P024,Modern Serum 24,4,I reach for this all the time now,2025-04-03
R000431,T003230,C00461,P029,Bright Organizer 29,3,looks nice but the quality feels pretty basic,2025-08-13
R000432,T002954,C00285,P001,Daily Lamp 01,4,"Good product, instructions could be clearer",2025-09-25
R000433,T000763,C00223,P028,Essential Bag 28,3,Looks nice but the quality feels pretty basic,2025-03-18
R000434,T000801,C00322,P002,Pure Band 02,4,Better than the one I replaced packaging was a bit much,2025-07-10
R000435,T001432,C00400,P005,Bright Organizer 05,3,okay for now. lets see how long it lasts,2025-05-29
R000436,T005393,C00647,P006,Active Mat 06,3,Some things are good and some are just odd,2025-11-23
R000437,T000812,C00667,P030,Active Mat 30,5,Love love love it. works like a dream,2025-04-17
R000438,T004440,C00447,P024,Modern Serum 24,5,I use it constantly and it still looks brand new,2025-11-15
R000439,T003445,C00574,P011,Urban Bottle 11,4,good value gets used every day delivery took forever,2025-12-23
R000440,T006503,C00789,P003,Urban Bottle 03,3,"I use it, just dont love it",2025-12-27
R000441,T003270,C00580,P006,Active Mat 06,1,Returned it. Complete scam at this price.,2025-09-28
R000442,T001467,C00818,P024,Modern Serum 24,4,Easy to use and feels pretty sturdy,2025-04-04
R000443,T005494,C00994,P028,Essential Bag 28,4,"Good product, instructions could be clearer",2025-12-03
R000444,T006443,C00245,P003,Urban Bottle 03,3,"Useful enough, though the instructions were confusing",2025-12-22
R000445,T003638,C00504,P003,Urban Bottle 03,3,Works as expected which is fine!!,2025-12-04
R000446,T004756,C00447,P009,Daily Lamp 09,4,Works perfectly for what I needed,2025-12-27
R000447,T003093,C00117,P016,Modern Serum 16,2,Fine for a week then started acting weird packaging was a bit much,2025-09-03
R000448,T002606,C00573,P028,Essential Bag 28,2,It technically works but i dont like using it,2025-08-10
R000449,T001669,C00524,P020,Essential Bag 20,5,I LOVE IT. already ordered another one,2025-06-11
R000450,T004648,C00260,P025,Daily Lamp 25,5,this is so good why did i wait so long,2025-09-22
R000451,T006349,C00577,P009,Daily Lamp 09,2,It technically works but i dont like using it,2025-12-24
R000452,T002380,C00635,P023,Calm Cream 23,3,Not bad! Not great either shipping was quick,2025-06-05
R000453,T001271,C00096,P014,Active Mat 14,2,meh. feels flimsy,2025-05-22
R000454,T004638,C00349,P015,Calm Cream 15,5,Finally something that actually works!!!,2025-11-17
R000455,T000973,C00075,P009,Daily Lamp 09,4,Easy to use and feels pretty sturdy looked different in the photos,2025-03-29
R000456,T004168,C00175,P020,Essential Bag 20,1,Absolute rubbish. Fell apart after two days.,2025-09-29
R000457,T002116,C00929,P014,Active Mat 14,1,Do NOT waste your money on this my friend has one too!!,2025-07-07
R000458,T006355,C00002,P009,Daily Lamp 09,5,A NO COMPLAINTS AT ALL DELIVERY TOOK FOREVER,2025-12-23
R000459,T002802,C00054,P028,Essential Bag 28,3,"Fine i guess, a few annoying bits",2025-08-16
R000460,T003925,C00772,P020,Essential Bag 20,1,broke the first time i used it lol,2025-08-04
R000461,T003153,C00443,P026,Pure Band 26,1,I regret buying this every single day...,2025-07-02
R000462,T000617,C00735,P009,Daily Lamp 09,3,FINE I GUESS A FEW ANNOYING BITS,2025-05-07
R000463,T002183,C00761,P014,Active Mat 14,4,nice quality. took a star off for the price,2025-09-26
R000464,T005518,C00893,P015,Calm Cream 15,3,It does the job. Nothing special.,2025-12-12
R000465,T004043,C00974,P021,Bright Organizer 21,1,Would give negative stars if i could!!!,2025-09-14
R000466,T003432,C00272,P016,Modern Serum 16,3,"Works as expected, which is fine",2025-07-25
R000467,T004962,C00349,P017,Daily Lamp 17,5,"BEST PURCHASE IVE MADE IN MONTHS, HANDS DOWN",2025-11-13
R000468,T000716,C00182,P004,Essential Bag 04,3,"i use it, just dont love it",2025-05-03
R000469,T003775,C00461,P021,Bright Organizer 21,2,too expensive for something this average,2025-12-30
R000470,T002120,C00248,P009,Daily Lamp 09,3,Decent once you figure out how it works,2025-07-16
R000471,T000654,C00377,P025,Daily Lamp 25,5,10/10 would buy again and again,2025-02-25
R000472,T003129,C00058,P001,Daily Lamp 01,4,Better than the one I replaced??,2025-06-23
R000473,T005934,C01000,P011,Urban Bottle 11,3,looks nice but the quality feels pretty basic,2025-11-25
R000474,T004840,C00241,P028,Essential Bag 28,4,"SOLID LITTLE PRODUCT, WOULD RECOMMEND",2025-09-20
R000475,T006515,C00126,P010,Pure Band 10,2,Was expecting better. sadly no,2025-12-30
R000476,T006442,C00014,P024,Modern Serum 24,5,Incredible quality for the price wow customer support got back to me fast,2025-12-27
R000477,T003591,C00740,P022,Active Mat 22,5,Bought as a gift and now keeping it for myself lol,2025-11-05
R000478,T001896,C00979,P017,Daily Lamp 17,4,does exactly what it says on the tin,2025-06-24
R000479,T001261,C00486,P017,Daily Lamp 17,1,It broke immediately. customer service was useless too,2025-06-26
R000480,T006170,C00840,P017,Daily Lamp 17,3,"Average product, average price, average experience",2025-12-12
R000481,T005545,C00394,P009,Daily Lamp 09,1,the smell is horrible and it did nothing,2025-12-08
R000482,T002860,C00581,P028,Essential Bag 28,2,The photos made it look much better than it is,2025-10-12
R000483,T000645,C00952,P028,Essential Bag 28,1,Not as described at all. seriously disappointing saw it on instagram first,2025-02-20
R000484,T003386,C00489,P002,Pure Band 02,4,Solid little product would recommend...,2025-09-08
R000485,T003838,C00975,P030,Active Mat 30,2,Fine for a week then started acting weird,2025-10-17
R000486,T002614,C00712,P015,Calm Cream 15,4,Easy to use and feels pretty sturdy looked different in the photos,2025-10-05
R000487,T006264,C00953,P018,Pure Band 18,3,"Fine i guess, a few annoying bits",2025-12-16
R000488,T005698,C00498,P011,Urban Bottle 11,5,I use it constantly and it still looks brand new,2025-11-30
R000489,T002548,C00583,P027,Urban Bottle 27,5,Finally something that actually works!!! saw it on instagram first,2025-09-16
R000490,T002482,C00281,P021,Bright Organizer 21,4,Works perfectly for what I needed,2025-08-24
R000491,T005619,C00907,P003,Urban Bottle 03,4,Bought one for my sister too,2025-11-25
R000492,T005300,C00551,P015,Calm Cream 15,4,Works perfectly for what I needed,2025-12-02
R000493,T004662,C00894,P021,Bright Organizer 21,5,Best thing ever. I tell everyone about it looked different in the photos,2025-09-10
R000494,T005777,C00811,P011,Urban Bottle 11,3,"Nothing to complain about, nothing to rave about",2025-12-10
R000495,T000165,C00976,P024,Modern Serum 24,4,Easy to use and feels pretty sturdy,2025-04-13
R000496,T003794,C00056,P014,Active Mat 14,2,Fine for a week then started acting weird,2025-11-15
R000497,T004965,C00747,P017,Daily Lamp 17,3,"works as expected, which is fine",2025-12-18
R000498,T003609,C00307,P012,Essential Bag 12,2,It works sometimes which is not really good enough,2025-10-01
R000499,T002575,C00980,P015,Calm Cream 15,3,"Useful enough, though the instructions were confusing bought it during the sale...",2025-10-12
R000500,T000379,C00752,P008,Modern Serum 08,3,OKAY FOR NOW LETS SEE HOW LONG IT LASTS,2025-02-02
R000501,T001812,C00555,P019,Urban Bottle 19,2,Not terrible but definitely not buying again,2025-07-31
R000502,T002012,C00740,P006,Active Mat 06,2,Not terrible but definitely not buying again,2025-08-08
R000503,T003941,C00211,P011,Urban Bottle 11,2,Not great. I expected more for the price.,2025-08-08
R000504,T002769,C00840,P011,Urban Bottle 11,4,love the design one small issue with the packaging customer support got back to me fast,2025-10-08
R000505,T002847,C00297,P015,Calm Cream 15,1,paid for quality got dollar store junk,2025-06-06
R000506,T005427,C00325,P011,Urban Bottle 11,2,"It works sometimes, which is not really good enough",2025-11-29
R000507,T004170,C00788,P005,Bright Organizer 05,4,Nice quality took a star off for the price my friend has one too,2025-10-17
R000508,T006271,C00109,P008,Modern Serum 08,5,"Best purchase ive made in months, hands down",2025-12-14
R000509,T003430,C00187,P030,Active Mat 30,3,Decent once you figure out how it works,2025-10-23
R000510,T000564,C00393,P005,Bright Organizer 05,4,Nice quality. took a star off for the price,2025-03-25
R000511,T000618,C00542,P019,Urban Bottle 19,3,Looks nice but the quality feels pretty basic looked different in the photos,2025-07-11
R000512,T004737,C00804,P029,Bright Organizer 29,5,Bought as a gift and now keeping it for myself lol delivery took forever,2025-10-11
R000513,T003343,C00390,P030,Active Mat 30,5,my new favorite thing in the house,2025-12-10
R000514,T002590,C00511,P004,Essential Bag 04,4,Really useful and nicer than I expected. saw it on instagram first,2025-09-25
R000515,T005573,C00431,P025,Daily Lamp 25,3,"Average product, average price, average experience...",2025-11-06
R000516,T005627,C00286,P013,Bright Organizer 13,4,Nice quality. took a star off for the price,2025-11-30
R000517,T002609,C00021,P027,Urban Bottle 27,5,My new favorite thing in the house,2025-10-13
R000518,T006182,C00410,P005,Bright Organizer 05,3,i have mixed feelings about this one,2025-12-15
R000519,T005460,C00995,P024,Modern Serum 24,1,Absolute rubbish. Fell apart after two days. my friend has one too,2025-12-01
R000520,T001336,C00103,P022,Active Mat 22,3,Could be better but could be worse,2025-05-12
R000521,T004391,C00345,P018,Pure Band 18,1,Three weeks and already in the bin customer support got back to me fast,2025-08-29
R000522,T004411,C00541,P018,Pure Band 18,5,Best thing ever. I tell everyone about it,2025-11-03
R000523,T004084,C00252,P012,Essential Bag 12,3,"Fine i guess, a few annoying bits delivery took forever",2025-10-27
R000524,T004904,C00793,P015,Calm Cream 15,3,"I use it, just dont love it my friend has one too...",2025-12-02
R000525,T006018,C00234,P021,Bright Organizer 21,5,This deserves more than five stars,2025-12-12
R000526,T004274,C00945,P013,Bright Organizer 13,3,Some things are good and some are just odd,2025-11-24
R000527,T002962,C00113,P020,Essential Bag 20,5,this is so good why did i wait so long,2025-08-12
R000528,T005662,C00414,P025,Daily Lamp 25,3,Okay for now. Lets see how long it lasts,2025-12-17
R000529,T000358,C00034,P014,Active Mat 14,5,"Best purchase ive made in months, hands down",2025-05-28
R000530,T001337,C00614,P012,Essential Bag 12,4,Better than the one I replaced my friend has one too,2025-03-22
R000531,T002718,C00796,P024,Modern Serum 24,5,My new favorite thing in the house,2025-10-24
R000532,T005360,C00914,P015,Calm Cream 15,5,I use it constantly and it still looks brand new customer support got back to me fast,2025-12-18
R000533,T006409,C00885,P012,Essential Bag 12,2,had to return it. shame because the idea was good customer support got back to me fast,2025-12-23
R000534,T000209,C00399,P022,Active Mat 22,2,Not worth the hassle,2025-03-15
R000535,T002467,C00223,P027,Urban Bottle 27,3,Decent once you figure out how it works customer support got back to me fast,2025-05-18
R000536,T003188,C00989,P026,Pure Band 26,3,"useful enough, though the instructions were confusing",2025-09-14
R000537,T003592,C00414,P022,Active Mat 22,4,looks great and works well so far,2025-10-28
R000538,T005179,C00716,P003,Urban Bottle 03,3,Okay for now. Lets see how long it lasts??,2025-11-10
R000539,T003967,C00478,P029,Bright Organizer 29,4,I reach for this all the time now packaging was a bit much,2025-10-31
R000540,T006477,C00207,P002,Pure Band 02,5,Genuinely life changing for my morning routine packaging was a bit much,2025-12-29
R000541,T000657,C00423,P001,Daily Lamp 01,5,Genuinely life changing for my morning routine packaging was a bit much??,2025-06-09
R000542,T000327,C00268,P025,Daily Lamp 25,2,Not terrible but definitely not buying again,2025-03-01
R000543,T003469,C00951,P025,Daily Lamp 25,1,Would give negative stars if i could!!!,2025-11-17
R000544,T006416,C00471,P013,Bright Organizer 13,4,Bought one for my sister too,2025-12-30
R000545,T004834,C00336,P004,Essential Bag 04,4,Does exactly what it says on the tin,2025-11-14
R000546,T006189,C00878,P027,Urban Bottle 27,1,Would give negative stars if i could!!!,2025-12-13
R000547,T002460,C00332,P014,Active Mat 14,4,"solid little product, would recommend looked different in the photos",2025-07-08
R000548,T000206,C00445,P008,Modern Serum 08,4,"solid little product, would recommend my friend has one too",2025-04-13
R000549,T001804,C00460,P027,Urban Bottle 27,4,Pretty impressed tbh delivery took forever,2025-09-22
R000550,T004475,C00827,P021,Bright Organizer 21,3,"NOTHING TO COMPLAIN ABOUT, NOTHING TO RAVE ABOUT PACKAGING WAS A BIT MUCH",2025-09-13
R000551,T005103,C00424,P010,Pure Band 10,2,Would be ok at half the price,2025-11-29
R000552,T004707,C00428,P004,Essential Bag 04,5,Obsessed. obsessed. obsessed.,2025-10-19
R000553,T006080,C00993,P002,Pure Band 02,5,A+++ no complaints at all looked different in the photos,2025-12-13
R000554,T004481,C00803,P027,Urban Bottle 27,4,Happy with it. delivery was quick too,2025-10-12
R000555,T003443,C00529,P013,Bright Organizer 13,3,It does the job. Nothing special.,2025-07-04
R000556,T000734,C00263,P004,Essential Bag 04,4,Easy to use and feels pretty sturdy,2025-04-02
R000557,T004504,C00406,P030,Active Mat 30,4,Really useful and nicer than I expected. saw it on instagram first,2025-09-12
R000558,T000314,C00512,P021,Bright Organizer 21,3,"Useful enough, though the instructions were confusing",2025-06-03
R000559,T001964,C00084,P011,Urban Bottle 11,1,one star because zero isnt an option saw it on instagram first,2025-04-13
R000560,T000421,C00068,P028,Essential Bag 28,3,It does the job Nothing special saw it on instagram first,2025-07-08
R000561,T005769,C00077,P013,Bright Organizer 13,4,Better than the one I replaced,2025-12-04
R000562,T001041,C00088,P025,Daily Lamp 25,2,It technically works but i dont like using it,2025-07-16
R000563,T000991,C00802,P007,Calm Cream 07,1,Returned it. Complete scam at this price. saw it on instagram first,2025-03-27
R000564,T002766,C00659,P009,Daily Lamp 09,4,happy with it. delivery was quick too,2025-09-19
R000565,T000093,C00689,P010,Pure Band 10,4,Better than the one I replaced,2025-03-30
R000566,T000263,C00715,P022,Active Mat 22,4,Happy with it. delivery was quick too,2025-04-25
R000567,T005894,C00420,P019,Urban Bottle 19,4,Bought one for my sister too shipping was quick!!,2025-12-21
R000568,T002909,C00468,P005,Bright Organizer 05,1,looks cheap feels cheap and it doesnt even work shipping was quick,2025-11-06
R000569,T004479,C00073,P002,Pure Band 02,1,I hate this so much. unusable,2025-11-02
R000570,T005879,C00011,P026,Pure Band 26,5,"Best purchase ive made in months, hands down",2025-12-28
R000571,T003879,C00164,P003,Urban Bottle 03,2,Quality control seems all over the place packaging was a bit much,2025-12-05
R000572,T004563,C00998,P019,Urban Bottle 19,4,Easy to use and feels pretty sturdy,2025-10-10
R000573,T000932,C00756,P012,Essential Bag 12,1,The smell is HORRIBLE and it did nothing,2025-04-26
R000574,T000930,C00261,P014,Active Mat 14,5,this deserves more than five stars shipping was quick,2025-06-19
R000575,T001425,C00529,P001,Daily Lamp 01,5,Genuinely life changing for my morning routine,2025-07-20
R000576,T005929,C00615,P009,Daily Lamp 09,4,bought one for my sister too,2025-11-27
R000577,T003702,C00910,P028,Essential Bag 28,5,This deserves more than five stars,2025-12-12
R000578,T006167,C00179,P005,Bright Organizer 05,5,Finally something that actually works!!!,2025-12-21
R000579,T003107,C00492,P018,Pure Band 18,5,Incredible quality for the price wow,2025-11-10
R000580,T000837,C00810,P008,Modern Serum 08,3,Not bad! Not great either,2025-07-12
R000581,T001487,C00971,P012,Essential Bag 12,1,It broke immediately. customer service was useless too,2025-04-16
R000582,T001330,C00958,P013,Bright Organizer 13,2,Fine for a week then started acting weird,2025-06-01
R000583,T002710,C00404,P019,Urban Bottle 19,5,Perfect in every way. no notes,2025-07-01
R000584,T000827,C00877,P029,Bright Organizer 29,2,arrived late and the packaging was a mess,2025-06-23
R000585,T004765,C00735,P009,Daily Lamp 09,4,Looks great and works well so far,2025-11-18
R000586,T003491,C00920,P007,Calm Cream 07,3,it does the job. nothing special.,2025-07-16
R000587,T005020,C00819,P009,Daily Lamp 09,4,Good product instructions could be clearer my friend has one too,2025-12-25
R000588,T005036,C00792,P005,Bright Organizer 05,4,"Good value, gets used every day",2025-12-21
R000589,T004296,C00004,P008,Modern Serum 08,5,Perfect in every way. no notes!!,2025-11-25
R000590,T002921,C00531,P012,Essential Bag 12,2,Not worth the hassle,2025-08-29
R000591,T000694,C00664,P018,Pure Band 18,3,Okay for now Lets see how long it lasts,2025-05-05
R000592,T005674,C00857,P014,Active Mat 14,3,Not bad! Not great either,2025-11-29
R000593,T005104,C00391,P003,Urban Bottle 03,4,Does exactly what it says on the tin delivery took forever...,2025-12-02
R000594,T004448,C00147,P027,Urban Bottle 27,5,This is SO good why did i wait so long,2025-12-01
R000595,T002556,C00609,P014,Active Mat 14,3,Some things are good and some are just odd,2025-06-28
R000596,T005756,C00606,P028,Essential Bag 28,5,I use it constantly and it still looks brand new,2025-11-23
R000597,T004948,C00293,P026,Pure Band 26,4,"Solid little product, would recommend!!",2025-10-16
R000598,T001912,C00146,P030,Active Mat 30,3,Works like it should but doesnt wow me,2025-07-30
R000599,T005469,C00213,P023,Calm Cream 23,5,"Best purchase ive made in months, hands down looked different in the photos",2025-10-26
R000600,T006297,C00899,P019,Urban Bottle 19,1,Do NOT waste your money on this!!!,2025-12-26
R000601,T000560,C00079,P011,Urban Bottle 11,3,"Average product, average price, average experience",2025-02-21
R000602,T004252,C00373,P013,Bright Organizer 13,1,looks cheap feels cheap and it doesnt even work,2025-12-05
R000603,T005115,C00751,P023,Calm Cream 23,4,bought one for my sister too,2025-10-29
R000604,T003464,C00701,P028,Essential Bag 28,4,"Good value, gets used every day",2025-09-29
R000605,T000783,C00298,P018,Pure Band 18,3,Works like it should but doesnt wow me,2025-03-15
R000606,T004913,C00424,P026,Pure Band 26,3,"Works as expected, which is fine",2025-10-19
R000607,T001666,C00820,P026,Pure Band 26,4,Happy with it. delivery was quick too,2025-07-12
R000608,T005802,C00043,P016,Modern Serum 16,1,broke the first time i used it lol,2025-12-29
R000609,T000289,C00853,P002,Pure Band 02,4,"Good product, instructions could be clearer",2025-05-25
R000610,T001451,C00565,P025,Daily Lamp 25,4,EASY TO USE AND FEELS PRETTY STURDY,2025-09-01
R000611,T002378,C00089,P028,Essential Bag 28,4,Nice quality. took a star off for the price,2025-09-02
R000612,T004995,C00778,P005,Bright Organizer 05,1,I regret buying this every single day looked different in the photos,2025-10-31
R000613,T003301,C00899,P016,Modern Serum 16,3,It does the job. Nothing special.,2025-09-19
R000614,T005607,C00373,P021,Bright Organizer 21,4,Works perfectly for what I needed my friend has one too,2025-11-03
R000615,T000869,C00121,P027,Urban Bottle 27,5,Obsessed. obsessed. obsessed.,2025-05-21
R000616,T004814,C00053,P008,Modern Serum 08,1,The smell is HORRIBLE and it did nothing,2025-09-24
R000617,T000286,C00819,P007,Calm Cream 07,4,"Solid little product, would recommend",2025-03-29
R000618,T003646,C00987,P025,Daily Lamp 25,3,Could be better but could be worse,2025-12-06
R000619,T003242,C00620,P016,Modern Serum 16,4,Nice quality took a star off for the price,2025-08-15
R000620,T003031,C00327,P024,Modern Serum 24,3,Okay for now. Lets see how long it lasts,2025-10-19
R000621,T003774,C00767,P015,Calm Cream 15,4,Nice quality. took a star off for the price,2025-10-26
R000622,T006280,C00815,P012,Essential Bag 12,1,would give negative stars if i could!!!,2025-12-16
R000623,T004310,C00014,P025,Daily Lamp 25,3,"works as expected, which is fine shipping was quick",2025-11-05
R000624,T004338,C00296,P010,Pure Band 10,3,I have mixed feelings about this one,2025-09-13
R000625,T002554,C00740,P024,Modern Serum 24,4,Easy to use and feels pretty sturdy delivery took forever,2025-09-03
R000626,T001420,C00604,P015,Calm Cream 15,3,Some things are good and some are just odd delivery took forever,2025-05-02
R000627,T005513,C00357,P029,Bright Organizer 29,4,Really useful and nicer than I expected.,2025-11-06
R000628,T001934,C00302,P022,Active Mat 22,4,Pretty impressed tbh customer support got back to me fast,2025-09-07
R000629,T000173,C00284,P012,Essential Bag 12,2,Not worth the hassle,2025-02-10
R000630,T003701,C00498,P019,Urban Bottle 19,3,Okay for now. Lets see how long it lasts,2025-10-22
R000631,T005818,C00165,P012,Essential Bag 12,5,Finally something that actually works!!!,2025-11-19
R000632,T002315,C00018,P027,Urban Bottle 27,4,Easy to use and feels pretty sturdy,2025-06-07
R000633,T001048,C00506,P018,Pure Band 18,5,This deserves more than five stars,2025-03-12
R000634,T005309,C00633,P028,Essential Bag 28,5,Best thing ever. I tell everyone about it,2025-10-30
R000635,T006378,C00430,P028,Essential Bag 28,5,A+++ no complaints at all,2025-12-26
R000636,T004703,C00973,P028,Essential Bag 28,1,Arrived damaged and the replacement was also damaged. wow. bought it during the sale,2025-12-03
R000637,T002699,C00354,P014,Active Mat 14,2,"It works sometimes, which is not really good enough saw it on instagram first",2025-08-28
R000638,T005900,C00927,P021,Bright Organizer 21,3,I use it just dont love it,2025-12-20
R000639,T003363,C00366,P004,Essential Bag 04,1,Do NOT waste your money on this!!!,2025-09-09
R000640,T004870,C00022,P008,Modern Serum 08,5,A+++ no complaints at all shipping was quick,2025-10-13
R000641,T000425,C00005,P020,Essential Bag 20,3,decent once you figure out how it works,2025-02-11
R000642,T005340,C00880,P010,Pure Band 10,4,"Solid little product, would recommend bought it during the sale",2025-12-22
R000643,T004807,C00684,P028,Essential Bag 28,1,Awful. Just awful. Save yourself the headache,2025-10-19
R000644,T000963,C00712,P029,Bright Organizer 29,3,WORKS AS EXPECTED WHICH IS FINE SAW IT ON INSTAGRAM FIRST,2025-07-04
R000645,T005834,C00425,P026,Pure Band 26,4,"Good value, gets used every day my friend has one too",2025-12-16
R000646,T001900,C00809,P025,Daily Lamp 25,4,Does exactly what it says on the tin,2025-05-22
R000647,T004873,C00468,P026,Pure Band 26,2,fine for a week then started acting weird,2025-10-06
R000648,T001365,C00510,P019,Urban Bottle 19,4,"LOVE THE DESIGN, ONE SMALL ISSUE WITH THE PACKAGING",2025-08-08
R000649,T000287,C00680,P009,Daily Lamp 09,4,Happy with it. delivery was quick too bought it during the sale,2025-03-02
R000650,T000494,C00003,P020,Essential Bag 20,4,Does exactly what it says on the tin,2025-06-02
R000651,T005335,C00043,P029,Bright Organizer 29,3,I have mixed feelings about this one,2025-12-21
R000652,T000016,C00280,P009,Daily Lamp 09,4,Really useful and nicer than I expected. bought it during the sale,2025-03-06
R000653,T003588,C00066,P007,Calm Cream 07,5,Absolutely obsessed with this. Best purchase this year!!!,2025-09-10
R000654,T003271,C00627,P025,Daily Lamp 25,5,Absolutely obsessed with this. Best purchase this year!!!,2025-07-21
R000655,T001969,C00858,P026,Pure Band 26,1,"Doesnt fit, doesnt work, waste of time!!",2025-10-01
R000656,T004384,C00270,P013,Bright Organizer 13,3,Works like it should but doesnt wow me looked different in the photos,2025-12-09
R000657,T002356,C00509,P001,Daily Lamp 01,4,Really useful and nicer than I expected.,2025-08-29
R000658,T002657,C00685,P014,Active Mat 14,3,Could be better but could be worse looked different in the photos,2025-06-16
R000659,T005178,C00117,P011,Urban Bottle 11,4,Solid little product would recommend looked different in the photos,2025-12-03
R000660,T005370,C00615,P015,Calm Cream 15,5,My new favorite thing in the house,2025-12-27
R000661,T003868,C00118,P026,Pure Band 26,4,Bought one for my sister too,2025-09-14
R000662,T005854,C00583,P024,Modern Serum 24,3,Not bad! Not great either,2025-12-08
R000663,T000009,C00599,P018,Pure Band 18,5,Love love love it. works like a dream bought it during the sale,2025-01-01
R000664,T005551,C00435,P017,Daily Lamp 17,3,not bad! not great either,2025-11-06
R000665,T006512,C00295,P021,Bright Organizer 21,2,meh feels flimsy shipping was quick,2025-12-31
R000666,T001676,C00608,P006,Active Mat 06,4,Good product instructions could be clearer,2025-09-04
R000667,T000360,C00426,P025,Daily Lamp 25,4,"Love the design, one small issue with the packaging",2025-02-03
R000668,T006244,C00329,P028,Essential Bag 28,3,Not bad! Not great either,2025-12-10
R000669,T006148,C00568,P004,Essential Bag 04,3,It does the job. Nothing special.,2025-12-17
R000670,T000670,C00182,P027,Urban Bottle 27,3,Some things are good and some are just odd,2025-03-22
R000671,T006043,C00320,P026,Pure Band 26,4,Solid little product would recommend,2025-12-23
R000672,T001843,C00230,P024,Modern Serum 24,5,"Incredible quality for the price, wow??",2025-09-13
R000673,T006332,C00538,P022,Active Mat 22,4,Really useful and nicer than I expected...,2025-12-30
R000674,T004501,C00842,P030,Active Mat 30,4,Does exactly what it says on the tin,2025-11-18
R000675,T005402,C00091,P001,Daily Lamp 01,5,Absolutely obsessed with this. Best purchase this year!!! my friend has one too,2025-12-25
R000676,T002336,C00197,P001,Daily Lamp 01,3,"Useful enough, though the instructions were confusing",2025-08-07
R000677,T005517,C00944,P027,Urban Bottle 27,2,"It works sometimes, which is not really good enough",2025-12-11
R000678,T004852,C00155,P013,Bright Organizer 13,3,"Nothing to complain about, nothing to rave about",2025-12-07
R000679,T004366,C00907,P002,Pure Band 02,3,useful enough though the instructions were confusing,2025-08-24
R000680,T001860,C00933,P001,Daily Lamp 01,4,I reach for this all the time now,2025-05-04
R000681,T005223,C00015,P018,Pure Band 18,5,This is SO good why did i wait so long,2025-11-01
R000682,T001600,C00555,P008,Modern Serum 08,3,"Average product, average price, average experience saw it on instagram first",2025-06-16
R000683,T000452,C00106,P011,Urban Bottle 11,5,I LOVE IT already ordered another one,2025-07-10
R000684,T001484,C00569,P011,Urban Bottle 11,2,Arrived late and the packaging was a mess,2025-06-05
R000685,T001191,C00313,P026,Pure Band 26,3,Decent once you figure out how it works,2025-04-22
R000686,T002313,C00958,P023,Calm Cream 23,4,Bought one for my sister too,2025-09-13
R000687,T000556,C00027,P001,Daily Lamp 01,3,Decent once you figure out how it works,2025-02-09
R000688,T000525,C00924,P018,Pure Band 18,5,Obsessed. obsessed. obsessed.,2025-03-06
R000689,T006160,C00709,P009,Daily Lamp 09,3,"Useful enough, though the instructions were confusing bought it during the sale",2025-12-21
R000690,T004668,C00483,P014,Active Mat 14,5,Best thing ever I tell everyone about it looked different in the photos,2025-11-12
R000691,T000619,C00627,P010,Pure Band 10,2,Would be ok at half the price,2025-02-23
R000692,T005906,C00561,P012,Essential Bag 12,5,My new favorite thing in the house,2025-11-17
R000693,T006546,C00072,P020,Essential Bag 20,4,Better than the one I replaced,2025-12-31
R000694,T000587,C00103,P016,Modern Serum 16,4,Pretty impressed tbh,2025-02-02
R000695,T005392,C00112,P011,Urban Bottle 11,3,Not bad! Not great either bought it during the sale??,2025-12-11
R000696,T004000,C00653,P017,Daily Lamp 17,5,This is SO good why did i wait so long,2025-12-25
R000697,T005270,C00355,P004,Essential Bag 04,4,"Love the design, one small issue with the packaging bought it during the sale",2025-12-28
R000698,T003404,C00705,P007,Calm Cream 07,3,"Average product, average price, average experience",2025-12-18
R000699,T001465,C00692,P001,Daily Lamp 01,3,Decent once you figure out how it works,2025-04-25
R000700,T000825,C00826,P004,Essential Bag 04,5,Best thing ever I tell everyone about it,2025-08-03
R000701,T003446,C00861,P028,Essential Bag 28,3,I have mixed feelings about this one,2025-11-05
R000702,T004055,C00203,P002,Pure Band 02,4,Looks great and works well so far,2025-11-07
R000703,T002617,C00584,P017,Daily Lamp 17,3,"Works as expected, which is fine",2025-08-19
R000704,T005974,C00864,P010,Pure Band 10,1,looks cheap feels cheap and it doesnt even work,2025-12-30
R000705,T002231,C00200,P021,Bright Organizer 21,3,"Average product, average price, average experience",2025-05-21
R000706,T003111,C00597,P011,Urban Bottle 11,2,Had to return it Shame because the idea was good??,2025-09-25
R000707,T005740,C00074,P003,Urban Bottle 03,3,Decent once you figure out how it works,2025-12-21
R000708,T003142,C00018,P020,Essential Bag 20,4,Pretty impressed tbh,2025-06-14
R000709,T005969,C00880,P005,Bright Organizer 05,4,Good product instructions could be clearer,2025-12-29
R000710,T003431,C00256,P003,Urban Bottle 03,4,Looks great and works well so far my friend has one too,2025-12-04
R000711,T002976,C00339,P021,Bright Organizer 21,4,Easy to use and feels pretty sturdy shipping was quick,2025-09-15
R000712,T002988,C00420,P028,Essential Bag 28,5,10/10 would buy again and again,2025-07-10
R000713,T005424,C00963,P028,Essential Bag 28,3,"Nothing to complain about, nothing to rave about shipping was quick",2025-10-28
R000714,T001479,C00166,P022,Active Mat 22,1,paid for quality got dollar store junk,2025-08-14
R000715,T001443,C00092,P019,Urban Bottle 19,4,Happy with it delivery was quick too,2025-03-28
R000716,T003024,C00512,P006,Active Mat 06,2,"it works sometimes, which is not really good enough",2025-07-29
R000717,T001068,C00346,P003,Urban Bottle 03,4,I reach for this all the time now delivery took forever,2025-04-05
R000718,T004935,C00965,P003,Urban Bottle 03,4,Better than the one I replaced,2025-10-12
R000719,T001251,C00285,P019,Urban Bottle 19,4,"Love the design, one small issue with the packaging",2025-06-14
R000720,T004305,C00666,P023,Calm Cream 23,5,LOVE LOVE LOVE IT. WORKS LIKE A DREAM,2025-10-28
R000721,T000889,C00537,P021,Bright Organizer 21,2,was expecting better. sadly no bought it during the sale,2025-03-02
R000722,T000547,C00931,P016,Modern Serum 16,2,Not great. I expected more for the price.,2025-06-05
R000723,T002580,C00057,P011,Urban Bottle 11,1,not as described at all. seriously disappointing,2025-08-26
R000724,T006073,C00081,P023,Calm Cream 23,3,Some things are good and some are just odd,2025-12-03
R000725,T000485,C00751,P023,Calm Cream 23,4,I reach for this all the time now,2025-02-01
R000726,T003556,C00139,P001,Daily Lamp 01,1,I hate this so much unusable,2025-11-21
R000727,T003484,C00594,P005,Bright Organizer 05,5,Finally something that actually works,2025-09-07
R000728,T003877,C00891,P015,Calm Cream 15,2,Had to return it. Shame because the idea was good,2025-08-14
R000729,T002258,C00721,P028,Essential Bag 28,4,Solid little product would recommend,2025-09-14
R000730,T004231,C00286,P009,Daily Lamp 09,3,okay for now. lets see how long it lasts,2025-11-14
R000731,T002477,C00343,P006,Active Mat 06,3,Works as expected which is fine,2025-05-27
R000732,T000291,C00134,P017,Daily Lamp 17,4,Looks great and works well so far,2025-04-08
R000733,T006090,C00688,P024,Modern Serum 24,2,Had to return it. Shame because the idea was good,2025-12-07
R000734,T002420,C00136,P029,Bright Organizer 29,4,Looks great and works well so far packaging was a bit much,2025-07-17
R000735,T002447,C00917,P029,Bright Organizer 29,4,Looks great and works well so far,2025-05-12
R000736,T002509,C00171,P024,Modern Serum 24,5,best thing ever. i tell everyone about it,2025-09-17
R000737,T001655,C00768,P009,Daily Lamp 09,5,Perfect in every way. no notes,2025-08-28
R000738,T000616,C00486,P018,Pure Band 18,2,Not great I expected more for the price,2025-06-28
R000739,T002389,C00776,P017,Daily Lamp 17,4,Pretty impressed tbh,2025-06-23
R000740,T006483,C00547,P002,Pure Band 02,1,Awful Just awful Save yourself the headache,2025-12-31
R000741,T005775,C00894,P029,Bright Organizer 29,5,Genuinely life changing for my morning routine,2025-12-31
R000742,T000529,C00719,P023,Calm Cream 23,4,"Love the design, one small issue with the packaging",2025-07-21
R000743,T006253,C00653,P001,Daily Lamp 01,5,Obsessed. obsessed. obsessed.,2025-12-20
R000744,T003322,C00365,P008,Modern Serum 08,4,Really useful and nicer than I expected.,2025-10-25
R000745,T005686,C00936,P018,Pure Band 18,4,Does exactly what it says on the tin,2025-11-14
R000746,T005341,C00516,P009,Daily Lamp 09,3,"useful enough, though the instructions were confusing",2025-12-07
R000747,T001404,C00765,P019,Urban Bottle 19,3,It does the job. Nothing special. looked different in the photos,2025-05-18
R000748,T006235,C00143,P014,Active Mat 14,3,Decent once you figure out how it works...,2025-12-09
R000749,T003268,C00615,P008,Modern Serum 08,5,This is SO good why did i wait so long,2025-10-22
R000750,T004937,C00747,P029,Bright Organizer 29,5,this deserves more than five stars bought it during the sale,2025-11-10
R000751,T000644,C00994,P016,Modern Serum 16,1,"Doesnt fit, doesnt work, waste of time bought it during the sale",2025-03-27
R000752,T001007,C00449,P027,Urban Bottle 27,3,"Useful enough, though the instructions were confusing",2025-07-10
R000753,T005567,C00052,P027,Urban Bottle 27,1,i hate this so much. unusable,2025-12-10
R000754,T000588,C00256,P028,Essential Bag 28,4,Bought one for my sister too,2025-04-26
R000755,T004743,C00259,P007,Calm Cream 07,5,Exceeded every expectation by a mile,2025-12-18
R000756,T004735,C00805,P023,Calm Cream 23,4,Nice quality. took a star off for the price saw it on instagram first!!,2025-09-25
R000757,T004885,C00283,P006,Active Mat 06,4,Nice quality. took a star off for the price delivery took forever,2025-10-13
R000758,T003808,C00259,P004,Essential Bag 04,4,Nice quality. took a star off for the price,2025-12-01
R000759,T004402,C00018,P007,Calm Cream 07,4,Solid little product would recommend,2025-10-03
R000760,T002737,C00051,P026,Pure Band 26,3,"Works as expected, which is fine packaging was a bit much",2025-11-11
R000761,T002752,C00251,P005,Bright Organizer 05,4,"good value, gets used every day",2025-11-17
R000762,T002240,C00441,P015,Calm Cream 15,3,Could be better but could be worse saw it on instagram first,2025-05-22
R000763,T000072,C00032,P005,Bright Organizer 05,4,better than the one i replaced,2025-01-29
R000764,T006211,C00301,P006,Active Mat 06,1,one star becuase zero isnt an option,2025-12-29
R000765,T000708,C00453,P002,Pure Band 02,5,I LOVE IT. already ordered another one,2025-07-25
R000766,T005810,C00707,P027,Urban Bottle 27,3,"Fine i guess, a few annoying bits bought it during the sale",2025-12-03
R000767,T003998,C00939,P025,Daily Lamp 25,1,Do NOT waste your money on this packaging was a bit much,2025-10-13
R000768,T004347,C00330,P013,Bright Organizer 13,4,Bought one for my sister too,2025-09-30
R000769,T003678,C00766,P024,Modern Serum 24,4,Really useful and nicer than I expected.,2025-10-23
R000770,T005062,C00477,P016,Modern Serum 16,5,I use it constantly and it still looks brand new bought it during the sale,2025-12-19
R000771,T004664,C00670,P014,Active Mat 14,3,"I use it, just dont love it",2025-12-29
R000772,T004760,C00849,P012,Essential Bag 12,4,Looks great and works well so far delivery took forever!!,2025-10-13
R000773,T006364,C00286,P018,Pure Band 18,2,Would be ok at half the price,2025-12-27
R000774,T004691,C00643,P014,Active Mat 14,4,really useful and nicer than i expected. my friend has one too,2025-09-20
R000775,T005437,C00525,P005,Bright Organizer 05,3,Could be better but could be worse!!,2025-11-01
R000776,T003858,C00160,P019,Urban Bottle 19,5,A+++ no complaints at all,2025-10-09
R000777,T004019,C00365,P024,Modern Serum 24,4,Looks great and works well so far packaging was a bit much,2025-11-19
R000778,T001760,C00599,P010,Pure Band 10,3,"Works as expected, which is fine",2025-05-16
R000779,T005776,C00237,P019,Urban Bottle 19,3,Looks nice but the quality feels pretty basic my friend has one too...,2025-12-20
R000780,T000925,C00238,P029,Bright Organizer 29,4,"Good product, instructions could be clearer",2025-06-19
R000781,T001387,C00276,P011,Urban Bottle 11,1,The smell is HORRIBLE and it did nothing packaging was a bit much,2025-07-03
R000782,T003166,C00569,P018,Pure Band 18,4,Better than the one I replaced,2025-11-30
R000783,T000292,C00646,P003,Urban Bottle 03,4,Solid little product would recommend,2025-03-12
R000784,T003433,C00340,P015,Calm Cream 15,5,This deserves more than five stars,2025-11-04
R000785,T000878,C00805,P008,Modern Serum 08,1,The smell is HORRIBLE and it did nothing looked different in the photos,2025-06-01
R000786,T005897,C00812,P006,Active Mat 06,2,meh. feels flimsy...,2025-12-12
R000787,T002377,C00991,P004,Essential Bag 04,2,Arrived late and the packaging was a mess,2025-09-15
R000788,T000313,C00945,P014,Active Mat 14,2,Not terrible but definitely not buying again,2025-04-02
R000789,T001708,C00895,P016,Modern Serum 16,5,Absolutely obsessed with this. Best purchase this year!!!,2025-07-10
R000790,T000472,C00251,P021,Bright Organizer 21,3,works like it should but doesnt wow me looked different in the photos,2025-04-08
R000791,T002523,C00151,P024,Modern Serum 24,1,"Worst thing ive bought in ages, honestly furious",2025-07-24
R000792,T005038,C00614,P013,Bright Organizer 13,5,Love love love it. works like a dream looked different in the photos,2025-12-08
R000793,T004776,C00933,P002,Pure Band 02,5,Best thing ever. I tell everyone about it,2025-09-12
R000794,T003251,C00312,P015,Calm Cream 15,3,It does the job. Nothing special.,2025-09-27
R000795,T001369,C00821,P003,Urban Bottle 03,1,It broke immediately. customer service was useless too??,2025-05-27
R000796,T001675,C00088,P009,Daily Lamp 09,3,Could be better but could be worse,2025-06-02
R000797,T000609,C00185,P011,Urban Bottle 11,5,Best purchase ive made in months hands down,2025-03-07
R000798,T006517,C00596,P027,Urban Bottle 27,1,Not as described at all. seriously disappointing,2025-12-30
R000799,T005018,C00198,P015,Calm Cream 15,4,Happy with it. delivery was quick too,2025-10-09
R000800,T001246,C00465,P001,Daily Lamp 01,4,"Good product, instructions could be clearer shipping was quick",2025-04-27
R000801,T005951,C00988,P017,Daily Lamp 17,3,It does the job. Nothing special.,2025-12-13
R000802,T000439,C00335,P019,Urban Bottle 19,5,"Best purchase ive made in months, hands down my friend has one too",2025-03-29
R000803,T005715,C00408,P009,Daily Lamp 09,2,Would be ok at half the price customer support got back to me fast,2025-11-23
R000804,T004434,C00575,P006,Active Mat 06,1,broke the first time i used it lol,2025-09-24
R000805,T003914,C00839,P027,Urban Bottle 27,3,"Works as expected, which is fine",2025-08-16
R000806,T006150,C00547,P024,Modern Serum 24,1,Arrived damaged and the replacement was also damaged. wow.,2025-12-27
R000807,T001325,C00768,P030,Active Mat 30,4,works perfectly for what i needed,2025-07-28
R000808,T000884,C00930,P019,Urban Bottle 19,3,Some things are good and some are just odd,2025-04-21
R000809,T000852,C00303,P019,Urban Bottle 19,4,Really useful and nicer than I expected.,2025-06-14
R000810,T004409,C00741,P025,Daily Lamp 25,2,Not terrible but definitely not buying again,2025-10-04
R000811,T003948,C00919,P020,Essential Bag 20,3,Works like it should but doesnt wow me,2025-09-20
R000812,T001791,C00272,P014,Active Mat 14,5,I LOVE IT. already ordered another one,2025-06-11
R000813,T005724,C00226,P007,Calm Cream 07,5,10/10 would buy again and again,2025-11-24
R000814,T004992,C00920,P001,Daily Lamp 01,2,Had to return it. Shame because the idea was good,2025-12-26
R000815,T000675,C00654,P008,Modern Serum 08,3,Works like it should but doesnt wow me looked different in the photos,2025-05-22
R000816,T000400,C00224,P011,Urban Bottle 11,1,Not as described at all. seriously disappointing shipping was quick!!,2025-03-02
R000817,T002971,C00436,P024,Modern Serum 24,5,my new favorite thing in the house,2025-06-18
R000818,T000412,C00100,P021,Bright Organizer 21,1,I regret buying this every single day,2025-05-20
R000819,T000098,C00905,P008,Modern Serum 08,4,"Solid little product, would recommend",2025-06-27
R000820,T002121,C00094,P024,Modern Serum 24,1,Awful. Just awful. Save yourself the headache,2025-05-23
R000821,T001178,C00401,P030,Active Mat 30,5,Bought as a gift and now keeping it for myself lol,2025-06-17
R000822,T005591,C00461,P020,Essential Bag 20,4,Looks great and works well so far,2025-11-17
R000823,T002199,C00049,P002,Pure Band 02,1,I hate this so much. unusable,2025-08-02
R000824,T000145,C00027,P013,Bright Organizer 13,4,WORKS PERFECTLY FOR WHAT I NEEDED SHIPPING WAS QUICK,2025-01-29
R000825,T004125,C00887,P017,Daily Lamp 17,5,Perfect in every way. no notes,2025-08-09
R000826,T004675,C00422,P012,Essential Bag 12,4,Bought one for my sister too my friend has one too,2025-10-13
R000827,T004994,C00253,P030,Active Mat 30,3,It does the job. Nothing special.,2025-10-18
R000828,T002584,C00183,P002,Pure Band 02,2,It technically works but i dont like using it,2025-09-18
R000829,T005474,C00842,P017,Daily Lamp 17,5,My new favorite thing in the house,2025-12-08
R000830,T000192,C00050,P020,Essential Bag 20,4,Does exactly what it says on the tin,2025-02-06
R000831,T002686,C00140,P006,Active Mat 06,3,Could be better but could be worse,2025-07-19
R000832,T003246,C00282,P027,Urban Bottle 27,4,Does exactly what it says on the tin,2025-11-15
R000833,T005945,C00060,P030,Active Mat 30,3,"I use it, just dont love it",2025-11-26
R000834,T004435,C00309,P024,Modern Serum 24,5,10/10 would buy again and again,2025-10-03
R000835,T002770,C00970,P027,Urban Bottle 27,1,Arrived damaged and the replacement was also damaged. wow.,2025-09-06
R000836,T002272,C00548,P025,Daily Lamp 25,3,"Average product, average price, average experience",2025-07-06
R000837,T000738,C00814,P024,Modern Serum 24,5,My new favorite thing in the house,2025-02-21
R000838,T004474,C00685,P022,Active Mat 22,4,Nice quality took a star off for the price??,2025-10-22
R000839,T005216,C00889,P026,Pure Band 26,4,Works perfectly for what I needed,2025-10-10
R000840,T004581,C00987,P026,Pure Band 26,1,paid for quality got dollar store junk,2025-09-03
R000841,T005447,C00230,P025,Daily Lamp 25,3,i have mixed feelings about this one,2025-11-22
R000842,T001177,C00482,P016,Modern Serum 16,4,"Love the design, one small issue with the packaging delivery took forever",2025-05-28
R000843,T004914,C00672,P012,Essential Bag 12,4,"Love the design, one small issue with the packaging bought it during the sale",2025-10-26
R000844,T006369,C00716,P009,Daily Lamp 09,5,this is so good why did i wait so long,2025-12-23
R000845,T005652,C00398,P003,Urban Bottle 03,1,broke the first time i used it lol,2025-11-23
R000846,T000850,C00405,P003,Urban Bottle 03,3,I have mixed feelings about this one,2025-07-01
R000847,T005857,C00402,P009,Daily Lamp 09,4,"Love the design, one small issue with the packaging",2025-12-08
R000848,T002734,C00403,P002,Pure Band 02,4,LOOKS GREAT AND WORKS WELL SO FAR DELIVERY TOOK FOREVER,2025-10-06
R000849,T004848,C00312,P004,Essential Bag 04,4,Good value gets used every day shipping was quick,2025-10-09
R000850,T005556,C00218,P027,Urban Bottle 27,5,Finally something that actually works!!! saw it on instagram first,2025-11-01
R000851,T000243,C00450,P016,Modern Serum 16,3,"Useful enough, though the instructions were confusing packaging was a bit much",2025-05-19
R000852,T002807,C00751,P024,Modern Serum 24,3,Nothing to complain about nothing to rave about,2025-10-17
R000853,T001924,C00123,P020,Essential Bag 20,5,Finally something that actually works,2025-07-26
R000854,T002423,C00045,P011,Urban Bottle 11,1,Do NOT waste your money on this!!!,2025-08-15
R000855,T000261,C00983,P022,Active Mat 22,4,Happy with it. delivery was quick too,2025-04-11
R000856,T000218,C00770,P030,Active Mat 30,5,"Best purchase ive made in months, hands down",2025-06-14
R000857,T002946,C00471,P009,Daily Lamp 09,1,would give negative stars if i could!!!,2025-11-15
R000858,T002237,C00780,P019,Urban Bottle 19,3,Could be better but could be worse delivery took forever,2025-05-07
R000859,T000707,C00759,P023,Calm Cream 23,4,Really useful and nicer than I expected. packaging was a bit much??,2025-06-26
R000860,T003375,C00683,P019,Urban Bottle 19,4,Good value gets used every day,2025-07-12
R000861,T005285,C00605,P019,Urban Bottle 19,1,It broke immediately. customer service was useless too,2025-10-24
R000862,T001744,C00117,P029,Bright Organizer 29,1,paid for quality got dollar store junk delivery took forever,2025-09-14
R000863,T004889,C00101,P008,Modern Serum 08,5,perfect in every way. no notes delivery took forever,2025-10-17
R000864,T003840,C00623,P030,Active Mat 30,5,A+++ no complaints at all,2025-12-19
R000865,T003134,C00336,P010,Pure Band 10,4,Better than the one I replaced customer support got back to me fast,2025-07-16
R000866,T006497,C00551,P022,Active Mat 22,3,"Works as expected, which is fine",2025-12-28
R000867,T006326,C00012,P001,Daily Lamp 01,4,Looks great and works well so far,2025-12-29
R000868,T004126,C00303,P008,Modern Serum 08,5,Best purchase ive made in months hands down,2025-09-19
R000869,T005184,C00659,P012,Essential Bag 12,4,Looks great and works well so far,2025-10-17
R000870,T003204,C00370,P019,Urban Bottle 19,3,could be better but could be worse customer support got back to me fast,2025-06-24
R000871,T006022,C00967,P020,Essential Bag 20,3,not bad! not great either,2025-11-26
R000872,T005040,C00822,P027,Urban Bottle 27,3,not bad not great either,2025-11-25
R000873,T005372,C00281,P024,Modern Serum 24,3,Could be better but could be worse,2025-11-09
R000874,T005203,C00406,P030,Active Mat 30,4,BOUGHT ONE FOR MY SISTER TOO,2025-11-30
R000875,T003737,C00872,P023,Calm Cream 23,4,I reach for this all the time now delivery took forever,2025-07-17
R000876,T002984,C00118,P021,Bright Organizer 21,3,I have mixed feelings about this one,2025-09-23
R000877,T003576,C00623,P028,Essential Bag 28,3,Some things are good and some are just odd??,2025-11-19
R000878,T000022,C00386,P001,Daily Lamp 01,1,Arrived damaged and the replacement was also damaged wow customer support got back to me fast,2025-05-17
R000879,T006493,C00137,P015,Calm Cream 15,5,Best thing ever. I tell everyone about it,2025-12-31
R000880,T006246,C00126,P016,Modern Serum 16,4,"Good product, instructions could be clearer",2025-12-09
R000881,T000321,C00671,P023,Calm Cream 23,3,Useful enough though the instructions were confusing,2025-03-10
R000882,T005681,C00239,P026,Pure Band 26,1,ONE STAR BECAUSE ZERO ISNT AN OPTION,2025-12-25
R000883,T005884,C00767,P015,Calm Cream 15,1,"Doesnt fit, doesnt work, waste of time",2025-12-12
R000884,T003792,C00803,P020,Essential Bag 20,4,Easy to use and feels pretty sturdy,2025-11-28
R000885,T006144,C00538,P019,Urban Bottle 19,3,some things are good and some are just odd,2025-12-26
R000886,T005412,C00353,P029,Bright Organizer 29,4,Looks great and works well so far,2025-11-10
R000887,T001070,C00359,P007,Calm Cream 07,2,meh. feels flimsy bought it during the sale,2025-06-23
R000888,T000069,C00512,P011,Urban Bottle 11,5,I LOVE IT. already ordered another one??,2025-04-17
R000889,T001923,C00302,P028,Essential Bag 28,5,Obsessed. obsessed. obsessed.,2025-07-16
R000890,T005839,C00502,P030,Active Mat 30,3,"I use it, just dont love it bought it during the sale??",2025-11-22
R000891,T003225,C00364,P021,Bright Organizer 21,5,"Incredible quality for the price, wow",2025-10-12
R000892,T005713,C00879,P025,Daily Lamp 25,3,It does the job. Nothing special.,2025-12-12
R000893,T004943,C00509,P015,Calm Cream 15,5,LOVE LOVE LOVE IT. WORKS LIKE A DREAM,2025-12-09
R000894,T004039,C00836,P028,Essential Bag 28,1,"Doesnt fit, doesnt work, waste of time saw it on instagram first",2025-12-13
R000895,T000161,C00210,P010,Pure Band 10,4,Easy to use and feels pretty sturdy,2025-05-28
R000896,T002352,C00599,P025,Daily Lamp 25,5,Finally something that actually works!!!,2025-05-07
R000897,T001734,C00584,P024,Modern Serum 24,4,Nice quality. took a star off for the price saw it on instagram first,2025-08-06
R000898,T002083,C00644,P021,Bright Organizer 21,4,Does exactly what it says on the tin,2025-06-14
R000899,T000843,C00821,P012,Essential Bag 12,3,could be better but could be worse,2025-06-23
R000900,T003903,C00570,P026,Pure Band 26,1,Returned it. Complete scam at this price. my friend has one too,2025-10-19
R000901,T000429,C00603,P002,Pure Band 02,3,"AVERAGE PRODUCT, AVERAGE PRICE, AVERAGE EXPERIENCE LOOKED DIFFERENT IN THE PHOTOS",2025-05-28
R000902,T002723,C00478,P026,Pure Band 26,4,"Good value, gets used every day",2025-06-22
R000903,T001544,C00972,P025,Daily Lamp 25,4,Looks great and works well so far,2025-08-12
R000904,T001123,C00796,P005,Bright Organizer 05,1,It broke immediately. customer service was useless too,2025-04-18
R000905,T004766,C00250,P002,Pure Band 02,3,"useful enough, though the instructions were confusing",2025-11-10
R000906,T000634,C00466,P020,Essential Bag 20,3,"Useful enough, though the instructions were confusing",2025-07-21
R000907,T002106,C00949,P008,Modern Serum 08,3,Looks nice but the quality feels pretty basic customer support got back to me fast,2025-07-04
R000908,T003820,C00943,P016,Modern Serum 16,4,Good value gets used every day...,2025-12-17
R000909,T002845,C00480,P016,Modern Serum 16,4,really useful and nicer than i expected. customer support got back to me fast,2025-08-02
R000910,T005939,C00010,P021,Bright Organizer 21,4,"Good value, gets used every day",2025-12-30
R000911,T002076,C00126,P023,Calm Cream 23,3,Some things are good and some are just odd,2025-05-11
R000912,T000730,C00249,P009,Daily Lamp 09,5,Genuinely life changing for my morning routine,2025-04-22
R000913,T006431,C00751,P010,Pure Band 10,5,My new favorite thing in the house,2025-12-22
R000914,T006075,C00198,P002,Pure Band 02,3,"Works as expected, which is fine",2025-12-14
R000915,T004171,C00041,P026,Pure Band 26,4,"Solid little product, would recommend",2025-10-22
R000916,T004443,C00476,P025,Daily Lamp 25,3,"I use it, just dont love it",2025-12-04
R000917,T003102,C00773,P009,Daily Lamp 09,5,Finally something that actually works,2025-09-26
R000918,T005259,C00348,P020,Essential Bag 20,5,i love it. already ordered another one,2025-11-12
R000919,T003662,C00181,P005,Bright Organizer 05,2,Not worth the hassle,2025-08-23
R000920,T004418,C00182,P007,Calm Cream 07,3,"useful enough, though the instructions were confusing saw it on instagram first",2025-09-07
R000921,T002030,C00615,P014,Active Mat 14,3,Not bad! Not great either my friend has one too,2025-10-07
R000922,T003250,C00505,P008,Modern Serum 08,5,obsessed. obsessed. obsessed.,2025-09-07
R000923,T004004,C00887,P029,Bright Organizer 29,2,"It works sometimes, which is not really good enough",2025-10-23
R000924,T002301,C00255,P011,Urban Bottle 11,5,Exceeded every expectation by a mile,2025-06-26
R000925,T003564,C00562,P026,Pure Band 26,4,"Love the design, one small issue with the packaging packaging was a bit much",2025-11-20
R000926,T002700,C00088,P021,Bright Organizer 21,5,OBSESSED OBSESSED OBSESSED,2025-05-22
R000927,T005114,C00085,P010,Pure Band 10,3,Decent once you figure out how it works,2025-10-29
R000928,T004112,C00564,P015,Calm Cream 15,4,Really useful and nicer than I expected. saw it on instagram first,2025-10-28
R000929,T004223,C00615,P008,Modern Serum 08,3,Some things are good and some are just odd...,2025-08-27
R000930,T004527,C00717,P017,Daily Lamp 17,3,AVERAGE PRODUCT AVERAGE PRICE AVERAGE EXPERIENCE,2025-10-13
R000931,T005146,C00446,P018,Pure Band 18,4,Does exactly what it says on the tin,2025-11-03
R000932,T006025,C00679,P025,Daily Lamp 25,4,Love the design one small issue with the packaging customer support got back to me fast,2025-12-05
R000933,T003519,C00202,P003,Urban Bottle 03,4,Does exactly what it says on the tin,2025-10-26
R000934,T000428,C00210,P013,Bright Organizer 13,3,"Average product, average price, average experience",2025-04-13
R000935,T002456,C00980,P001,Daily Lamp 01,4,Nice quality. took a star off for the price,2025-08-18
R000936,T002659,C00506,P019,Urban Bottle 19,5,Perfect in every way. no notes,2025-07-16
R000937,T001806,C00048,P013,Bright Organizer 13,4,"Good value, gets used every day",2025-09-16
R000938,T000567,C00667,P012,Essential Bag 12,4,Pretty impressed tbh delivery took forever,2025-06-07
R000939,T005189,C00537,P002,Pure Band 02,3,Not bad! Not great either,2025-10-12
R000940,T003599,C00608,P002,Pure Band 02,5,"Best purchase ive made in months, hands down",2025-08-08
R000941,T002320,C00441,P021,Bright Organizer 21,1,i hate this so much unusable,2025-10-22
R000942,T000650,C00526,P020,Essential Bag 20,1,I hate this so much. unusable,2025-07-14
R000943,T000967,C00348,P019,Urban Bottle 19,4,Nice quality. took a star off for the price,2025-03-09
R000944,T003848,C00214,P001,Daily Lamp 01,5,exceeded every expectation by a mile,2025-11-10
R000945,T006172,C00757,P001,Daily Lamp 01,3,I have mixed feelings about this one,2025-12-07
R000946,T000778,C00630,P020,Essential Bag 20,3,Some things are good and some are just odd,2025-03-27
R000947,T005773,C00248,P024,Modern Serum 24,4,Easy to use and feels pretty sturdy,2025-12-08
R000948,T005197,C00064,P015,Calm Cream 15,4,Happy with it. delivery was quick too customer support got back to me fast,2025-11-27
R000949,T003453,C00068,P028,Essential Bag 28,3,Some things are good and some are just odd looked different in the photos,2025-09-07
R000950,T000138,C00514,P013,Bright Organizer 13,1,"Worst thing ive bought in ages, honestly furious",2025-01-15
R000951,T003911,C00710,P014,Active Mat 14,3,"Works as expected, which is fine...",2025-09-28
R000952,T000475,C00333,P009,Daily Lamp 09,2,Too expensive for something this average bought it during the sale,2025-02-16
R000953,T003708,C00772,P026,Pure Band 26,4,looks great and works well so far,2025-09-17
R000954,T004090,C00697,P021,Bright Organizer 21,3,I have mixed feelings about this one my friend has one too,2025-10-08
R000955,T001433,C00819,P018,Pure Band 18,2,Too expensive for something this average,2025-05-20
R000956,T004444,C00101,P015,Calm Cream 15,5,Perfect in every way. no notes,2025-10-04
R000957,T005583,C00655,P017,Daily Lamp 17,1,Awful. Just awful. Save yourself the headache,2025-11-13
R000958,T003067,C00669,P014,Active Mat 14,4,Bought one for my sister too,2025-07-15
R000959,T003439,C00554,P026,Pure Band 26,1,broke the first time i used it lol packaging was a bit much,2025-11-25
R000960,T000985,C00289,P001,Daily Lamp 01,3,OKAY FOR NOW. LETS SEE HOW LONG IT LASTS,2025-05-04
R000961,T002973,C00697,P013,Bright Organizer 13,3,works like it should but doesnt wow me,2025-07-23
R000962,T004120,C00628,P027,Urban Bottle 27,4,"good value, gets used every day",2025-08-30
R000963,T001320,C00713,P010,Pure Band 10,3,Could be better but could be worse bought it during the sale,2025-03-22
R000964,T004540,C00542,P017,Daily Lamp 17,5,This deserves more than five stars,2025-12-31
R000965,T001445,C00801,P005,Bright Organizer 05,4,"Solid little product, would recommend",2025-05-03
R000966,T004188,C00968,P006,Active Mat 06,5,Exceeded every expectation by a mile,2025-09-15
R000967,T000370,C00298,P018,Pure Band 18,3,Works like it should but doesnt wow me,2025-05-21
R000968,T000972,C00024,P028,Essential Bag 28,3,"Fine i guess, a few annoying bits",2025-04-02
R000969,T006509,C00538,P007,Calm Cream 07,3,Nothing to complain about nothing to rave about shipping was quick,2025-12-30
R000970,T004640,C00776,P003,Urban Bottle 03,5,Obsessed. obsessed. obsessed.,2025-10-09
R000971,T002643,C00136,P008,Modern Serum 08,5,Obsessed obsessed obsessed,2025-09-30
R000972,T002941,C00525,P006,Active Mat 06,3,Useful enough though the instructions were confusing saw it on instagram first??,2025-11-03
R000973,T004554,C00191,P024,Modern Serum 24,5,Genuinely life changing for my morning routine,2025-11-19
R000974,T004551,C00923,P003,Urban Bottle 03,1,THREE WEEKS AND ALREADY IN THE BIN,2025-11-06
R000975,T005138,C00520,P019,Urban Bottle 19,5,10/10 WOULD BUY AGAIN AND AGAIN PACKAGING WAS A BIT MUCH,2025-11-27
R000976,T001534,C00153,P012,Essential Bag 12,1,Not as described at all. seriously disappointing...,2025-04-25
R000977,T005576,C00127,P025,Daily Lamp 25,3,"Works as expected, which is fine",2025-12-22
R000978,T003041,C00341,P019,Urban Bottle 19,5,i love it. already ordered another one,2025-07-09
R000979,T003026,C00627,P006,Active Mat 06,4,Happy with it. delivery was quick too,2025-09-19
R000980,T006177,C00458,P025,Daily Lamp 25,3,Average product average price average experience,2025-12-14
R000981,T001522,C00643,P004,Essential Bag 04,5,Best thing ever. I tell everyone about it packaging was a bit much,2025-04-29
R000982,T003463,C00661,P012,Essential Bag 12,5,My new favorite thing in the house,2025-10-19
R000983,T003686,C00363,P007,Calm Cream 07,4,Better than the one I replaced,2025-11-23
R000984,T000391,C00482,P030,Active Mat 30,5,genuinely life changing for my morning routine,2025-05-26
R000985,T005294,C00161,P019,Urban Bottle 19,4,I reach for this all the time now...,2025-11-27
R000986,T006196,C00783,P022,Active Mat 22,1,I hate this so much. unusable,2025-12-20
R000987,T000948,C00403,P022,Active Mat 22,4,Does exactly what it says on the tin,2025-06-10
R000988,T002685,C00069,P009,Daily Lamp 09,3,Not bad Not great either packaging was a bit much,2025-07-24
R000989,T002279,C00520,P011,Urban Bottle 11,4,I reach for this all the time now,2025-05-14
R000990,T001136,C00312,P004,Essential Bag 04,3,It does the job Nothing special my friend has one too,2025-06-26
R000991,T001523,C00038,P005,Bright Organizer 05,3,It does the job Nothing special,2025-07-12
R000992,T001082,C00425,P022,Active Mat 22,4,"solid little product, would recommend",2025-03-25
R000993,T004979,C00933,P009,Daily Lamp 09,4,Really useful and nicer than I expected.,2025-12-23
R000994,T005828,C00731,P030,Active Mat 30,3,Decent once you figure out how it works,2025-11-30
R000995,T002573,C00718,P024,Modern Serum 24,3,Works like it should but doesnt wow me,2025-06-02
R000996,T005789,C00292,P003,Urban Bottle 03,3,It does the job. Nothing special. looked different in the photos!!,2025-11-17
R000997,T002931,C00864,P023,Calm Cream 23,5,Best thing ever. I tell everyone about it,2025-09-04
R000998,T001869,C00837,P009,Daily Lamp 09,5,"Best purchase ive made in months, hands down",2025-05-15
R000999,T006219,C00398,P007,Calm Cream 07,1,not as described at all. seriously disappointing saw it on instagram first,2025-12-30
R001000,T001853,C00559,P012,Essential Bag 12,2,Not worth the hassle!!,2025-07-24
R001001,T006363,C00817,P013,Bright Organizer 13,4,Better than the one I replaced,2025-12-31
R001002,T003756,C00703,P022,Active Mat 22,5,I LOVE IT. already ordered another one,2025-09-23
R001003,T001510,C00983,P001,Daily Lamp 01,5,Genuinely life changing for my morning routine,2025-05-31
R001004,T001020,C00123,P011,Urban Bottle 11,5,Absolutely obsessed with this Best purchase this year,2025-05-04
R001005,T005378,C00810,P005,Bright Organizer 05,5,i use it constantly and it still looks brand new,2025-11-10
R001006,T006362,C00366,P014,Active Mat 14,1,broke the first time i used it lol,2025-12-27
R001007,T004672,C00888,P019,Urban Bottle 19,5,incredible quality for the price wow,2025-12-05
R001008,T004457,C00485,P026,Pure Band 26,3,Could be better but could be worse,2025-12-04
R001009,T002098,C00733,P025,Daily Lamp 25,4,HAPPY WITH IT DELIVERY WAS QUICK TOO,2025-04-25
R001010,T001418,C00307,P008,Modern Serum 08,4,Better than the one I replaced,2025-06-20
R001011,T005221,C00129,P021,Bright Organizer 21,4,Pretty impressed tbh,2025-12-14
R001012,T005726,C00054,P025,Daily Lamp 25,2,Was expecting better. sadly no,2025-11-29
R001013,T003309,C00669,P017,Daily Lamp 17,5,I LOVE IT. ALREADY ORDERED ANOTHER ONE SAW IT ON INSTAGRAM FIRST,2025-06-28
R001014,T004938,C00188,P029,Bright Organizer 29,5,"Best purchase ive made in months, hands down",2025-12-19
R001015,T000989,C00269,P030,Active Mat 30,4,Nice quality. took a star off for the price,2025-06-23
R001016,T001218,C00576,P002,Pure Band 02,4,Does exactly what it says on the tin looked different in the photos,2025-04-30
R001017,T000887,C00624,P005,Bright Organizer 05,4,Pretty impressed tbh looked different in the photos,2025-07-01
R001018,T002676,C00379,P002,Pure Band 02,4,Really useful and nicer than I expected looked different in the photos,2025-07-23
R001019,T005989,C00310,P020,Essential Bag 20,1,"Worst thing ive bought in ages, honestly furious",2025-12-18
R001020,T003151,C00994,P026,Pure Band 26,3,Okay for now. Lets see how long it lasts,2025-06-25
R001021,T002835,C00138,P018,Pure Band 18,5,Love love love it. works like a dream,2025-10-11
R001022,T000045,C00854,P010,Pure Band 10,5,This is SO good why did i wait so long,2025-04-03
R001023,T000030,C00144,P012,Essential Bag 12,1,Awful. Just awful. Save yourself the headache looked different in the photos,2025-04-15
R001024,T004764,C00742,P028,Essential Bag 28,1,Do NOT waste your money on this!!!,2025-10-27
R001025,T000502,C00113,P012,Essential Bag 12,1,Would give negative stars if i could!!!,2025-03-13
R001026,T000238,C00715,P009,Daily Lamp 09,3,Some things are good and some are just odd,2025-05-22
R001027,T000788,C00867,P013,Bright Organizer 13,5,1010 would buy again and again delivery took forever??,2025-04-26
R001028,T002987,C00759,P002,Pure Band 02,3,"Fine i guess, a few annoying bits",2025-10-31
R001029,T003681,C00863,P023,Calm Cream 23,5,Exceeded every expectation by a mile,2025-08-08
R001030,T005254,C00074,P021,Bright Organizer 21,5,Exceeded every expectation by a mile,2025-12-23
R001031,T000745,C00903,P021,Bright Organizer 21,5,Exceeded every expectation by a mile,2025-04-22
R001032,T001461,C00908,P008,Modern Serum 08,5,Love love love it. works like a dream shipping was quick,2025-08-18
R001033,T000917,C00735,P020,Essential Bag 20,5,Bought as a gift and now keeping it for myself lol shipping was quick,2025-03-08
R001034,T001673,C00225,P026,Pure Band 26,3,It does the job. Nothing special. customer support got back to me fast,2025-04-14
R001035,T003741,C00297,P009,Daily Lamp 09,4,"Good value, gets used every day",2025-11-17
R001036,T002434,C00158,P011,Urban Bottle 11,3,Works like it should but doesnt wow me,2025-08-30
R001037,T004137,C00810,P025,Daily Lamp 25,4,"Love the design, one small issue with the packaging",2025-09-11
R001038,T002278,C00896,P026,Pure Band 26,1,Not as described at all. seriously disappointing my friend has one too,2025-08-19
R001039,T003825,C00139,P027,Urban Bottle 27,5,Exceeded every expectation by a mile my friend has one too,2025-10-06
R001040,T001431,C00861,P028,Essential Bag 28,5,LOVE LOVE LOVE IT. WORKS LIKE A DREAM,2025-05-30
R001041,T004416,C00045,P024,Modern Serum 24,5,This deserves more than five stars,2025-08-30
R001042,T001644,C00411,P009,Daily Lamp 09,3,"Fine i guess, a few annoying bits",2025-04-13
R001043,T005190,C00807,P027,Urban Bottle 27,3,Could be better but could be worse,2025-10-08
R001044,T000340,C00329,P015,Calm Cream 15,3,I HAVE MIXED FEELINGS ABOUT THIS ONE,2025-01-21
R001045,T000687,C00369,P004,Essential Bag 04,4,Looks great and works well so far,2025-02-19
R001046,T003333,C00897,P027,Urban Bottle 27,4,happy with it. delivery was quick too,2025-07-19
R001047,T004825,C00559,P030,Active Mat 30,5,My new favorite thing in the house,2025-10-20
R001048,T000568,C00447,P024,Modern Serum 24,4,"Good product, instructions could be clearer",2025-04-28
R001049,T003290,C00973,P019,Urban Bottle 19,5,Genuinely life changing for my morning routine my friend has one too,2025-12-07
R001050,T003207,C00921,P005,Bright Organizer 05,3,"Average product, average price, average experience customer support got back to me fast",2025-07-21
R001051,T002221,C00107,P024,Modern Serum 24,5,Best thing ever. I tell everyone about it,2025-10-03
R001052,T002104,C00107,P001,Daily Lamp 01,3,I have mixed feelings about this one,2025-07-11
R001053,T001042,C00776,P022,Active Mat 22,5,Incredible quality for the price wow,2025-03-07
R001054,T004539,C00623,P025,Daily Lamp 25,3,Could be better but could be worse saw it on instagram first,2025-12-19
R001055,T004141,C00383,P006,Active Mat 06,2,Too expensive for something this average,2025-11-21
R001056,T000178,C00276,P007,Calm Cream 07,3,"I use it, just dont love it...",2025-07-07
R001057,T005527,C00903,P022,Active Mat 22,2,Too expensive for something this average,2025-11-17
R001058,T002572,C00547,P028,Essential Bag 28,4,looks great and works well so far,2025-08-19
R001059,T002566,C00530,P001,Daily Lamp 01,4,Does exactly what it says on the tin,2025-09-06
R001060,T002285,C00230,P019,Urban Bottle 19,5,Obsessed. obsessed. obsessed.,2025-07-10
R001061,T001217,C00589,P004,Essential Bag 04,2,Had to return it. Shame because the idea was good,2025-08-30
R001062,T005011,C00140,P028,Essential Bag 28,4,Happy with it. delivery was quick too,2025-11-13
R001063,T002491,C00514,P023,Calm Cream 23,4,Easy to use and feels pretty sturdy,2025-09-03
R001064,T005876,C00501,P016,Modern Serum 16,4,Better than the one I replaced,2025-11-24
R001065,T001299,C00035,P021,Bright Organizer 21,3,"Average product, average price, average experience",2025-04-22
R001066,T005141,C00459,P024,Modern Serum 24,3,Okay for now. Lets see how long it lasts bought it during the sale,2025-12-31
R001067,T000091,C00128,P025,Daily Lamp 25,3,"Works as expected, which is fine",2025-04-23
R001068,T001509,C00250,P011,Urban Bottle 11,2,It technically works but i dont like using it,2025-06-02
R001069,T002820,C00951,P018,Pure Band 18,4,"Solid little product, would recommend",2025-06-27
R001070,T001756,C00043,P004,Essential Bag 04,4,Better than the one I replaced,2025-05-31
R001071,T004122,C00079,P009,Daily Lamp 09,1,Three weeks and already in the bin,2025-12-15
R001072,T001662,C00378,P025,Daily Lamp 25,3,I have mixed feelings about this one,2025-05-06
R001073,T001897,C00093,P022,Active Mat 22,1,not as described at all seriously disappointing customer support got back to me fast,2025-08-21
R001074,T001650,C00505,P021,Bright Organizer 21,5,I use it constantly and it still looks brand new,2025-06-21
R001075,T006227,C00133,P018,Pure Band 18,4,"solid little product, would recommend",2025-12-24
R001076,T002160,C00287,P006,Active Mat 06,5,Genuinely life changing for my morning routine,2025-10-17
R001077,T006421,C00728,P007,Calm Cream 07,3,Average product average price average experience saw it on instagram first,2025-12-30
R001078,T000462,C00548,P020,Essential Bag 20,3,I have mixed feelings about this one shipping was quick,2025-05-24
R001079,T003146,C00822,P028,Essential Bag 28,3,"average product, average price, average experience",2025-07-06
R001080,T002641,C00188,P027,Urban Bottle 27,3,Works like it should but doesnt wow me,2025-10-13
R001081,T006538,C00966,P009,Daily Lamp 09,2,Arrived late and the packaging was a mess,2025-12-31
R001082,T004374,C00504,P025,Daily Lamp 25,1,one star because zero isnt an option,2025-08-20
R001083,T000927,C00397,P008,Modern Serum 08,1,The smell is HORRIBLE and it did nothing,2025-03-04
R001084,T001233,C00249,P001,Daily Lamp 01,4,Nice quality. took a star off for the price,2025-06-09
R001085,T005292,C00222,P007,Calm Cream 07,5,I use it constantly and it still looks brand new!!,2025-11-22
R001086,T004240,C00297,P014,Active Mat 14,4,Bought one for my sister too...,2025-09-01
R001087,T001147,C00189,P029,Bright Organizer 29,3,nothing to complain about nothing to rave about packaging was a bit much,2025-05-30
R001088,T003027,C00193,P023,Calm Cream 23,4,"Good value, gets used every day",2025-07-03
R001089,T000590,C00129,P025,Daily Lamp 25,4,does exactly what it says on the tin,2025-02-13
R001090,T003663,C00371,P005,Bright Organizer 05,1,LOOKS CHEAP FEELS CHEAP AND IT DOESNT EVEN WORK,2025-10-09
R001091,T000469,C00609,P016,Modern Serum 16,1,Three weeks and already in the bin,2025-03-31
R001092,T005620,C00305,P026,Pure Band 26,4,"Good value, gets used every day",2025-12-21
R001093,T001604,C00518,P027,Urban Bottle 27,3,Works as expected which is fine,2025-06-22
R001094,T001667,C00690,P016,Modern Serum 16,3,some things are good and some are just odd,2025-06-12
R001095,T003356,C00440,P021,Bright Organizer 21,4,Solid little product would recommend,2025-11-15
R001096,T002217,C00237,P017,Daily Lamp 17,4,"Good value, gets used every day",2025-07-16
R001097,T006103,C00337,P026,Pure Band 26,3,"Nothing to complain about, nothing to rave about",2025-12-11
R001098,T001819,C00331,P019,Urban Bottle 19,2,the photos made it look much better than it is packaging was a bit much,2025-04-13
R001099,T003946,C00595,P026,Pure Band 26,3,It does the job. Nothing special.,2025-09-19
R001100,T003193,C00611,P023,Calm Cream 23,5,i love it already ordered another one,2025-08-10
R001101,T004627,C00070,P026,Pure Band 26,5,Genuinely life changing for my morning routine,2025-10-11
R001102,T006331,C00377,P024,Modern Serum 24,4,Better than the one I replaced my friend has one too,2025-12-14
R001103,T006031,C00253,P026,Pure Band 26,3,Okay for now Lets see how long it lasts saw it on instagram first,2025-12-15
R001104,T003979,C00807,P011,Urban Bottle 11,5,this is so good why did i wait so long,2025-11-19
R001105,T006256,C00979,P008,Modern Serum 08,4,Happy with it. delivery was quick too,2025-12-26
R001106,T005821,C00283,P018,Pure Band 18,5,Best thing ever. I tell everyone about it bought it during the sale,2025-11-11
R001107,T002109,C00487,P004,Essential Bag 04,1,Returned it. Complete scam at this price!!,2025-04-23
R001108,T002833,C00459,P021,Bright Organizer 21,1,paid for quality got dollar store junk,2025-08-28
R001109,T004677,C00553,P017,Daily Lamp 17,3,I have mixed feelings about this one,2025-12-02
R001110,T003462,C00772,P014,Active Mat 14,4,Does exactly what it says on the tin,2025-10-14
R001111,T002952,C00994,P013,Bright Organizer 13,1,broke the first time i used it lol,2025-07-04
R001112,T002675,C00908,P028,Essential Bag 28,2,HAD TO RETURN IT. SHAME BECAUSE THE IDEA WAS GOOD CUSTOMER SUPPORT GOT BACK TO ME FAST,2025-06-09
R001113,T002184,C00392,P029,Bright Organizer 29,1,I hate this so much. unusable,2025-08-18
R001114,T004652,C00944,P016,Modern Serum 16,3,Some things are good and some are just odd,2025-11-25
R001115,T004104,C00030,P006,Active Mat 06,2,Quality control seems all over the place saw it on instagram first,2025-09-23
R001116,T001888,C00957,P019,Urban Bottle 19,5,"BEST PURCHASE IVE MADE IN MONTHS, HANDS DOWN CUSTOMER SUPPORT GOT BACK TO ME FAST",2025-08-23
R001117,T003828,C00716,P018,Pure Band 18,3,Okay for now. Lets see how long it lasts,2025-11-06
R001118,T001407,C00594,P012,Essential Bag 12,1,Returned it. Complete scam at this price.,2025-07-22
R001119,T004156,C00224,P017,Daily Lamp 17,5,Best thing ever. I tell everyone about it,2025-09-13
R001120,T002923,C00012,P018,Pure Band 18,3,"average product, average price, average experience",2025-08-09
R001121,T006083,C00163,P028,Essential Bag 28,1,paid for quality got dollar store junk,2025-12-29
R001122,T000301,C00690,P018,Pure Band 18,5,Absolutely obsessed with this. Best purchase this year!!!,2025-05-21
R001123,T004622,C00180,P026,Pure Band 26,3,Okay for now. Lets see how long it lasts,2025-11-25
R001124,T001497,C00149,P019,Urban Bottle 19,5,Absolutely obsessed with this. Best purchase this year!!!,2025-07-02
R001125,T006053,C00781,P025,Daily Lamp 25,2,it technically works but i dont like using it,2025-12-24
R001126,T001247,C00860,P016,Modern Serum 16,3,It does the job. Nothing special. packaging was a bit much,2025-07-22
R001127,T003633,C00007,P024,Modern Serum 24,4,I reach for this all the time now my friend has one too,2025-12-12
R001128,T003182,C00585,P007,Calm Cream 07,3,It does the job. Nothing special. looked different in the photos,2025-09-01
R001129,T001773,C00530,P008,Modern Serum 08,5,a+++ no complaints at all,2025-06-14
R001130,T003661,C00148,P016,Modern Serum 16,2,"It works sometimes, which is not really good enough",2025-09-22
R001131,T002674,C00540,P012,Essential Bag 12,4,NICE QUALITY. TOOK A STAR OFF FOR THE PRICE,2025-07-03
R001132,T000949,C00151,P011,Urban Bottle 11,3,Not bad! Not great either,2025-06-12
R001133,T003073,C00853,P030,Active Mat 30,3,"Works as expected, which is fine",2025-09-28
R001134,T002546,C00672,P026,Pure Band 26,2,It technically works but i dont like using it,2025-07-28
R001135,T005053,C00104,P007,Calm Cream 07,4,Good value gets used every day,2025-10-02
R001136,T005356,C00265,P014,Active Mat 14,3,Decent once you figure out how it works,2025-11-07
R001137,T002658,C00824,P025,Daily Lamp 25,3,"AVERAGE PRODUCT, AVERAGE PRICE, AVERAGE EXPERIENCE",2025-07-04
R001138,T005232,C00027,P011,Urban Bottle 11,3,Okay for now. Lets see how long it lasts,2025-11-10
R001139,T002248,C00855,P002,Pure Band 02,3,It does the job. Nothing special.,2025-08-14
R001140,T005187,C00083,P022,Active Mat 22,4,Solid little product would recommend...,2025-12-15
R001141,T000034,C00457,P023,Calm Cream 23,5,This deserves more than five stars!!,2025-05-17
R001142,T006424,C00774,P024,Modern Serum 24,4,Pretty impressed tbh,2025-12-21
R001143,T005396,C00158,P027,Urban Bottle 27,5,Perfect in every way. no notes,2025-10-28
R001144,T005137,C00586,P017,Daily Lamp 17,5,10/10 would buy again and again customer support got back to me fast,2025-11-22
R001145,T000083,C00873,P006,Active Mat 06,3,Not bad! Not great either,2025-01-15
R001146,T001560,C00502,P005,Bright Organizer 05,3,"i use it, just dont love it",2025-07-16
R001147,T006540,C00328,P027,Urban Bottle 27,5,This deserves more than five stars customer support got back to me fast,2025-12-31
R001148,T001287,C00662,P028,Essential Bag 28,3,"Average product, average price, average experience",2025-06-17
R001149,T006194,C00552,P013,Bright Organizer 13,5,Obsessed. obsessed. obsessed.,2025-12-25
R001150,T001050,C00012,P005,Bright Organizer 05,5,Finally something that actually works!!!,2025-04-28
R001151,T005312,C00426,P006,Active Mat 06,3,Not bad! Not great either,2025-11-12
R001152,T005240,C00999,P020,Essential Bag 20,4,"Solid little product, would recommend",2025-12-11
R001153,T002052,C00628,P014,Active Mat 14,2,it technically works but i dont like using it looked different in the photos,2025-08-30
R001154,T004138,C00962,P016,Modern Serum 16,5,PERFECT IN EVERY WAY. NO NOTES,2025-10-03
R001155,T002027,C00689,P005,Bright Organizer 05,4,I reach for this all the time now,2025-06-19
R001156,T002716,C00175,P014,Active Mat 14,5,This is SO good why did i wait so long bought it during the sale,2025-07-28
R001157,T001245,C00401,P014,Active Mat 14,5,This is SO good why did i wait so long??,2025-07-04
R001158,T000945,C00756,P004,Essential Bag 04,1,one star because zero isnt an option,2025-08-17
R001159,T003543,C00715,P010,Pure Band 10,3,"Works as expected, which is fine",2025-09-07
R001160,T000385,C00392,P020,Essential Bag 20,4,works perfectly for what i needed,2025-01-23
R001161,T005015,C00693,P011,Urban Bottle 11,3,Okay for now. Lets see how long it lasts,2025-11-11
R001162,T003597,C00525,P020,Essential Bag 20,5,Love love love it. works like a dream,2025-11-06
R001163,T004516,C00615,P021,Bright Organizer 21,5,Genuinely life changing for my morning routine looked different in the photos,2025-11-15
R001164,T003046,C00288,P024,Modern Serum 24,2,meh. feels flimsy...,2025-07-21
R001165,T001165,C00728,P015,Calm Cream 15,5,Absolutely obsessed with this. Best purchase this year!!!,2025-05-11
R001166,T000386,C00534,P010,Pure Band 10,5,My new favorite thing in the house,2025-04-23
R001167,T001578,C00920,P011,Urban Bottle 11,2,Was expecting better. sadly no,2025-08-12
R001168,T002043,C00371,P015,Calm Cream 15,3,Not bad! Not great either,2025-06-04
R001169,T004065,C00163,P004,Essential Bag 04,5,Obsessed. obsessed. obsessed. saw it on instagram first,2025-11-03
R001170,T006521,C00443,P013,Bright Organizer 13,4,"Good value, gets used every day packaging was a bit much",2025-12-29
R001171,T000743,C00327,P012,Essential Bag 12,5,Best thing ever I tell everyone about it,2025-04-26
R001172,T001721,C00049,P006,Active Mat 06,2,arrived late and the packaging was a mess,2025-09-27
R001173,T002304,C00315,P021,Bright Organizer 21,3,Okay for now. Lets see how long it lasts customer support got back to me fast,2025-05-30
R001174,T001122,C00885,P005,Bright Organizer 05,5,Best thing ever. I tell everyone about it,2025-07-12
R001175,T005401,C00873,P006,Active Mat 06,3,I have mixed feelings about this one,2025-12-21
R001176,T005085,C00629,P003,Urban Bottle 03,2,Kinda disappointing tbh,2025-10-05
R001177,T003612,C00837,P006,Active Mat 06,3,Not bad! Not great either looked different in the photos!!,2025-10-17
R001178,T001332,C00389,P025,Daily Lamp 25,1,Worst thing ive bought in ages honestly furious,2025-06-20
R001179,T002490,C00573,P021,Bright Organizer 21,4,Better than the one I replaced my friend has one too,2025-10-15
R001180,T003902,C00468,P027,Urban Bottle 27,5,Best thing ever. I tell everyone about it??,2025-09-30
R001181,T005571,C00498,P002,Pure Band 02,4,Good product instructions could be clearer,2025-12-12
R001182,T001995,C00437,P002,Pure Band 02,4,Pretty impressed tbh,2025-09-28
R001183,T001198,C00761,P030,Active Mat 30,4,Looks great and works well so far my friend has one too,2025-06-27
R001184,T000501,C00677,P002,Pure Band 02,2,It technically works but i dont like using it,2025-02-15
R001185,T002013,C00963,P019,Urban Bottle 19,5,This is SO good why did i wait so long packaging was a bit much,2025-05-06
R001186,T001379,C00938,P004,Essential Bag 04,4,"Good value, gets used every day",2025-05-25
R001187,T000185,C00558,P021,Bright Organizer 21,5,10/10 would buy again and again shipping was quick,2025-02-24
R001188,T004878,C00645,P005,Bright Organizer 05,5,finally something that actually works!!! packaging was a bit much,2025-10-17
R001189,T000646,C00939,P028,Essential Bag 28,5,Obsessed obsessed obsessed,2025-03-05
R001190,T001702,C00179,P005,Bright Organizer 05,3,Works as expected which is fine,2025-05-12
R001191,T003013,C00984,P007,Calm Cream 07,3,"Average product, average price, average experience",2025-10-24
R001192,T001462,C00667,P027,Urban Bottle 27,3,Works like it should but doesnt wow me,2025-09-10
R001193,T005753,C00857,P013,Bright Organizer 13,4,Nice quality. took a star off for the price,2025-12-23
R001194,T002348,C00981,P003,Urban Bottle 03,2,Quality control seems all over the place,2025-06-24
R001195,T004774,C00994,P005,Bright Organizer 05,1,paid for quality got dollar store junk,2025-10-14
R001196,T000846,C00117,P010,Pure Band 10,3,I HAVE MIXED FEELINGS ABOUT THIS ONE,2025-05-12
R001197,T002504,C00878,P011,Urban Bottle 11,3,Could be better but could be worse...,2025-08-25
R001198,T005831,C00634,P020,Essential Bag 20,5,I use it constantly and it still looks brand new,2025-12-01
R001199,T000548,C00573,P004,Essential Bag 04,3,Not bad! Not great either shipping was quick...,2025-06-24
R001200,T004854,C00281,P026,Pure Band 26,2,Not worth the hassle,2025-10-24
R001201,T004720,C00301,P016,Modern Serum 16,2,it technically works but i dont like using it,2025-11-21
R001202,T002164,C00176,P018,Pure Band 18,3,Looks nice but the quality feels pretty basic,2025-09-06
R001203,T001517,C00954,P021,Bright Organizer 21,4,"Solid little product, would recommend",2025-06-17
R001204,T005677,C00335,P023,Calm Cream 23,5,obsessed. obsessed. obsessed.,2025-11-07
R001205,T001581,C00103,P022,Active Mat 22,5,"Best purchase ive made in months, hands down",2025-09-15
R001206,T003331,C00444,P019,Urban Bottle 19,4,Nice quality. took a star off for the price,2025-07-16
R001207,T001894,C00135,P008,Modern Serum 08,4,"Love the design, one small issue with the packaging",2025-07-23
R001208,T002840,C00316,P022,Active Mat 22,4,I reach for this all the time now,2025-09-28
R001209,T002890,C00093,P027,Urban Bottle 27,4,Happy with it. delivery was quick too,2025-06-05
R001210,T004427,C00307,P005,Bright Organizer 05,4,Better than the one I replaced,2025-09-11
R001211,T005191,C00672,P011,Urban Bottle 11,4,Bought one for my sister too,2025-12-21
R001212,T001211,C00948,P018,Pure Band 18,2,FINE FOR A WEEK THEN STARTED ACTING WEIRD,2025-05-24
R001213,T002599,C00080,P009,Daily Lamp 09,5,"Incredible quality for the price, wow customer support got back to me fast",2025-07-21
R001214,T006282,C00763,P014,Active Mat 14,4,Easy to use and feels pretty sturdy shipping was quick,2025-12-11
R001215,T002031,C00933,P004,Essential Bag 04,4,BETTER THAN THE ONE I REPLACED,2025-08-05
R001216,T005041,C00294,P030,Active Mat 30,4,Really useful and nicer than I expected,2025-12-03
R001217,T000194,C00525,P007,Calm Cream 07,1,one star because zero isnt an option,2025-04-16
R001218,T005963,C00153,P020,Essential Bag 20,5,My new favorite thing in the house,2025-12-17
R001219,T001026,C00221,P018,Pure Band 18,3,Average product average price average experience,2025-05-08
R001220,T006190,C00811,P011,Urban Bottle 11,3,"Fine i guess, a few annoying bits",2025-12-13
R001221,T003551,C00611,P020,Essential Bag 20,5,This is SO good why did i wait so long,2025-09-12
R001222,T005052,C00216,P002,Pure Band 02,1,Awful. Just awful. Save yourself the headache,2025-12-17
R001223,T000345,C00285,P025,Daily Lamp 25,3,"Fine i guess, a few annoying bits saw it on instagram first",2025-02-17
R001224,T004003,C00870,P027,Urban Bottle 27,5,Bought as a gift and now keeping it for myself lol,2025-10-02
R001225,T002743,C00433,P019,Urban Bottle 19,4,Really useful and nicer than I expected shipping was quick,2025-09-10
R001226,T003307,C00235,P013,Bright Organizer 13,3,Not bad! Not great either,2025-06-23
R001227,T004863,C00446,P023,Calm Cream 23,2,Had to return it. Shame because the idea was good,2025-10-16
R001228,T002719,C00069,P017,Daily Lamp 17,3,"Average product, average price, average experience",2025-06-30
R001229,T002631,C00957,P008,Modern Serum 08,1,I hate this so much. unusable...,2025-11-03
R001230,T005398,C00352,P015,Calm Cream 15,3,works like it should but doesnt wow me,2025-12-27
R001231,T004545,C00129,P017,Daily Lamp 17,3,Not bad! Not great either,2025-11-26
R001232,T003336,C00987,P027,Urban Bottle 27,2,Not great. I expected more for the price.,2025-07-02
R001233,T003545,C00313,P024,Modern Serum 24,5,GENUINELY LIFE CHANGING FOR MY MORNING ROUTINE,2025-10-05
R001234,T005129,C00237,P008,Modern Serum 08,5,Absolutely obsessed with this Best purchase this year my friend has one too,2025-10-09
R001235,T004177,C00107,P020,Essential Bag 20,4,"Good value, gets used every day customer support got back to me fast",2025-10-25
R001236,T001286,C00820,P020,Essential Bag 20,3,Useful enough though the instructions were confusing,2025-04-18
R001237,T001131,C00617,P012,Essential Bag 12,4,Does exactly what it says on the tin!!,2025-06-22
R001238,T001193,C00724,P008,Modern Serum 08,3,"Fine i guess, a few annoying bits",2025-07-31
R001239,T000662,C00837,P008,Modern Serum 08,3,Some things are good and some are just odd,2025-07-16
R001240,T003150,C00989,P013,Bright Organizer 13,3,Nothing to complain about nothing to rave about,2025-06-24
R001241,T003072,C00463,P009,Daily Lamp 09,5,Bought as a gift and now keeping it for myself lol,2025-08-22
R001242,T001398,C00058,P011,Urban Bottle 11,3,"Works as expected, which is fine shipping was quick",2025-06-15
R001243,T003131,C00162,P005,Bright Organizer 05,5,My new favorite thing in the house,2025-08-31
R001244,T004629,C00872,P004,Essential Bag 04,4,"Good product, instructions could be clearer delivery took forever",2025-09-05
R001245,T005803,C00701,P025,Daily Lamp 25,3,it does the job. nothing special. looked different in the photos,2025-12-14
R001246,T004881,C00795,P015,Calm Cream 15,1,one star because zero isnt an option,2025-10-15
R001247,T001714,C00626,P013,Bright Organizer 13,3,Okay for now. Lets see how long it lasts packaging was a bit much,2025-07-02
R001248,T004432,C00343,P021,Bright Organizer 21,4,Bought one for my sister too,2025-11-07
R001249,T005097,C00779,P007,Calm Cream 07,1,looks cheap feels cheap and it doesnt even work shipping was quick,2025-12-25
R001250,T005226,C00768,P004,Essential Bag 04,1,Awful Just awful Save yourself the headache??,2025-10-09
R001251,T001808,C00752,P028,Essential Bag 28,5,This is SO good why did i wait so long...,2025-04-15
R001252,T001549,C00022,P013,Bright Organizer 13,4,Does exactly what it says on the tin,2025-03-31
R001253,T000427,C00672,P001,Daily Lamp 01,5,Exceeded every expectation by a mile,2025-02-05
R001254,T002162,C00694,P012,Essential Bag 12,5,best thing ever. i tell everyone about it,2025-07-13
R001255,T005655,C00446,P015,Calm Cream 15,5,A+++ no complaints at all,2025-11-15
R001256,T004349,C00013,P023,Calm Cream 23,1,Arrived damaged and the replacement was also damaged. wow.,2025-08-31
R001257,T001910,C00977,P030,Active Mat 30,1,THREE WEEKS AND ALREADY IN THE BIN,2025-06-19
R001258,T006128,C00502,P025,Daily Lamp 25,2,meh. feels flimsy bought it during the sale,2025-12-31
R001259,T003043,C00598,P023,Calm Cream 23,3,Some things are good and some are just odd,2025-09-13
R001260,T006265,C00776,P030,Active Mat 30,5,Obsessed. obsessed. obsessed.,2025-12-31
R001261,T006338,C00184,P024,Modern Serum 24,1,Do NOT waste your money on this!!!,2025-12-23
R001262,T002002,C00332,P003,Urban Bottle 03,3,I have mixed feelings about this one,2025-10-02
R001263,T005908,C00003,P001,Daily Lamp 01,3,Not bad! Not great either,2025-11-21
R001264,T004751,C00648,P005,Bright Organizer 05,4,"Good value, gets used every day",2025-11-21
R001265,T006452,C00185,P026,Pure Band 26,1,The smell is HORRIBLE and it did nothing,2025-12-23
R001266,T005172,C00682,P010,Pure Band 10,4,Pretty impressed tbh,2025-11-07
R001267,T003755,C00065,P020,Essential Bag 20,3,"Works as expected, which is fine",2025-11-14
R001268,T003293,C00971,P005,Bright Organizer 05,5,"Best purchase ive made in months, hands down delivery took forever",2025-08-10
R001269,T002075,C00869,P011,Urban Bottle 11,3,Works like it should but doesnt wow me,2025-08-06
R001270,T005441,C00991,P020,Essential Bag 20,3,Okay for now. Lets see how long it lasts,2025-11-04
R001271,T003300,C00466,P026,Pure Band 26,4,Really useful and nicer than I expected looked different in the photos,2025-11-17
R001272,T006213,C00158,P026,Pure Band 26,3,Works like it should but doesnt wow me saw it on instagram first,2025-12-18
R001273,T000826,C00051,P011,Urban Bottle 11,3,"I use it, just dont love it my friend has one too",2025-06-25
R001274,T000304,C00544,P001,Daily Lamp 01,1,Doesnt fit doesnt work waste of time,2025-04-14
R001275,T004820,C00625,P006,Active Mat 06,1,Returned it. Complete scam at this price.,2025-11-18
R001276,T006142,C00508,P023,Calm Cream 23,5,"Incredible quality for the price, wow",2025-12-09
R001277,T001771,C00475,P014,Active Mat 14,5,Perfect in every way. no notes,2025-09-09
R001278,T002736,C00671,P009,Daily Lamp 09,4,really useful and nicer than i expected.,2025-07-23
R001279,T004214,C00649,P004,Essential Bag 04,3,It does the job. Nothing special.,2025-11-16
R001280,T004940,C00547,P026,Pure Band 26,1,"Doesnt fit, doesnt work, waste of time",2025-12-24
R001281,T003033,C00922,P003,Urban Bottle 03,4,Pretty impressed tbh my friend has one too,2025-10-30
R001282,T002136,C00603,P015,Calm Cream 15,4,"good value, gets used every day shipping was quick",2025-08-09
R001283,T001962,C00257,P021,Bright Organizer 21,5,"best purchase ive made in months, hands down",2025-06-02
R001284,T004097,C00417,P030,Active Mat 30,3,I HAVE MIXED FEELINGS ABOUT THIS ONE DELIVERY TOOK FOREVER,2025-09-23
R001285,T002904,C00492,P022,Active Mat 22,4,Pretty impressed tbh,2025-09-08
R001286,T002680,C00996,P007,Calm Cream 07,3,works like it should but doesnt wow me,2025-07-28
R001287,T002730,C00962,P017,Daily Lamp 17,4,"Love the design, one small issue with the packaging looked different in the photos",2025-08-25
R001288,T005320,C00885,P027,Urban Bottle 27,1,It broke immediately. customer service was useless too,2025-12-04
R001289,T003520,C00224,P028,Essential Bag 28,2,Kinda disappointing tbh,2025-08-30
R001290,T003699,C00281,P019,Urban Bottle 19,3,Useful enough though the instructions were confusing my friend has one too??,2025-07-17
R001291,T001901,C00029,P004,Essential Bag 04,5,best thing ever i tell everyone about it,2025-06-18
R001292,T000612,C00819,P006,Active Mat 06,3,Okay for now. Lets see how long it lasts??,2025-07-16
R001293,T000663,C00922,P009,Daily Lamp 09,3,"Nothing to complain about, nothing to rave about looked different in the photos!!",2025-06-20
R001294,T002119,C00203,P021,Bright Organizer 21,4,I reach for this all the time now looked different in the photos,2025-10-04
R001295,T002094,C00189,P014,Active Mat 14,5,Finally something that actually works!!!??,2025-07-02
R001296,T001959,C00651,P009,Daily Lamp 09,4,I reach for this all the time now,2025-08-09
R001297,T002538,C00167,P024,Modern Serum 24,2,The photos made it look much better than it is...,2025-07-22
R001298,T003449,C00110,P002,Pure Band 02,2,meh. feels flimsy,2025-10-04
R001299,T005615,C00053,P028,Essential Bag 28,4,I reach for this all the time now,2025-11-13
R001300,T001350,C00043,P028,Essential Bag 28,4,Nice quality. took a star off for the price,2025-04-06
R001301,T000337,C00949,P002,Pure Band 02,4,Love the design one small issue with the packaging??,2025-01-28
R001302,T003960,C00538,P002,Pure Band 02,1,RETURNED IT COMPLETE SCAM AT THIS PRICE,2025-11-09
R001303,T004087,C00880,P023,Calm Cream 23,5,Absolutely obsessed with this. Best purchase this year!!!,2025-08-31
R001304,T002608,C00822,P011,Urban Bottle 11,4,Happy with it. delivery was quick too customer support got back to me fast,2025-11-08
R001305,T002033,C00252,P009,Daily Lamp 09,4,Easy to use and feels pretty sturdy,2025-05-28
R001306,T004010,C00069,P018,Pure Band 18,5,This deserves more than five stars,2025-10-23
R001307,T001792,C00407,P019,Urban Bottle 19,4,Does exactly what it says on the tin,2025-05-29
R001308,T002653,C00055,P006,Active Mat 06,4,PRETTY IMPRESSED TBH,2025-06-25
R001309,T001668,C00471,P028,Essential Bag 28,4,"Solid little product, would recommend saw it on instagram first",2025-07-21
R001310,T001649,C00080,P023,Calm Cream 23,3,Decent once you figure out how it works delivery took forever,2025-05-14
R001311,T000916,C00667,P015,Calm Cream 15,4,Works perfectly for what I needed,2025-08-07
R001312,T002394,C00405,P011,Urban Bottle 11,5,Finally something that actually works!!! bought it during the sale,2025-06-16
R001313,T002696,C00090,P005,Bright Organizer 05,4,Bought one for my sister too,2025-07-05
R001314,T005941,C00754,P009,Daily Lamp 09,5,BEST THING EVER. I TELL EVERYONE ABOUT IT LOOKED DIFFERENT IN THE PHOTOS,2025-12-01
R001315,T002691,C00904,P026,Pure Band 26,3,"Works as expected, which is fine shipping was quick",2025-05-23
R001316,T001137,C00150,P018,Pure Band 18,2,It technically works but i dont like using it customer support got back to me fast,2025-07-31
R001317,T006259,C00150,P009,Daily Lamp 09,2,Arrived late and the packaging was a mess shipping was quick,2025-12-26
R001318,T005284,C00565,P014,Active Mat 14,3,I have mixed feelings about this one,2025-12-28
R001319,T004062,C00678,P018,Pure Band 18,1,not as described at all seriously disappointing,2025-10-21
R001320,T003716,C00892,P024,Modern Serum 24,5,absolutely obsessed with this. best purchase this year!!!,2025-07-16
R001321,T005836,C00507,P004,Essential Bag 04,4,works perfectly for what i needed,2025-11-26
R001322,T002816,C00579,P011,Urban Bottle 11,2,Had to return it. Shame becuase the idea was good,2025-10-18
R001323,T002332,C00406,P014,Active Mat 14,5,I use it constantly and it still looks brand new,2025-06-15
R001324,T002207,C00769,P021,Bright Organizer 21,2,It technically works but i dont like using it...,2025-10-12
R001325,T002655,C00401,P030,Active Mat 30,3,Not bad! Not great either,2025-09-26
R001326,T005225,C00303,P026,Pure Band 26,4,"Good product, instructions could be clearer shipping was quick",2025-12-28
R001327,T006387,C00623,P025,Daily Lamp 25,1,"worst thing ive bought in ages, honestly furious",2025-12-28
R001328,T001911,C00441,P024,Modern Serum 24,2,Would be ok at half the price,2025-06-01
R001329,T005516,C00119,P028,Essential Bag 28,5,Exceeded every expectation by a mile??,2025-10-26
R001330,T000656,C00753,P011,Urban Bottle 11,2,Quality control seems all over the place,2025-02-18
R001331,T005037,C00484,P010,Pure Band 10,4,Looks great and works well so far,2025-10-15
R001332,T000155,C00401,P007,Calm Cream 07,3,Average product average price average experience shipping was quick,2025-06-16
R001333,T004519,C00043,P024,Modern Serum 24,3,Works like it should but doesnt wow me...,2025-11-09
R001334,T000444,C00714,P006,Active Mat 06,4,good product instructions could be clearer,2025-06-13
R001335,T001856,C00898,P016,Modern Serum 16,2,It technically works but i dont like using it,2025-07-31
R001336,T005339,C00214,P001,Daily Lamp 01,3,it does the job. nothing special.,2025-12-12
R001337,T000611,C00993,P007,Calm Cream 07,1,The smell is HORRIBLE and it did nothing!!,2025-02-26
R001338,T000182,C00780,P009,Daily Lamp 09,2,Was expecting better. sadly no!!,2025-03-09
R001339,T006302,C00768,P014,Active Mat 14,2,Too expensive for something this average,2025-12-16
R001340,T005491,C00460,P010,Pure Band 10,5,Absolutely obsessed with this. Best purchase this year!!!,2025-11-26
R001341,T001220,C00873,P016,Modern Serum 16,2,was expecting better. sadly no,2025-05-12
R001342,T001795,C00702,P010,Pure Band 10,2,It technically works but i dont like using it,2025-08-14
R001343,T004705,C01000,P015,Calm Cream 15,4,"Good product, instructions could be clearer",2025-10-30
R001344,T002080,C00565,P013,Bright Organizer 13,5,Finally something that actually works!!! shipping was quick,2025-08-05
R001345,T003842,C00445,P029,Bright Organizer 29,4,"SOLID LITTLE PRODUCT, WOULD RECOMMEND",2025-12-21
R001346,T000144,C00736,P017,Daily Lamp 17,5,Exceeded every expectation by a mile,2025-06-19
R001347,T004712,C00025,P012,Essential Bag 12,4,Does exactly what it says on the tin customer support got back to me fast,2025-10-21
R001348,T004713,C00883,P018,Pure Band 18,5,Finally something that actually works,2025-10-12
R001349,T003961,C00919,P027,Urban Bottle 27,1,I regret buying this every single day,2025-09-17
R001350,T005589,C00802,P015,Calm Cream 15,4,Easy to use and feels pretty sturdy,2025-11-05
R001351,T001456,C00751,P013,Bright Organizer 13,3,Could be better but could be worse,2025-07-18
R001352,T002629,C00049,P030,Active Mat 30,3,Some things are good and some are just odd,2025-07-14
R001353,T000819,C00736,P002,Pure Band 02,5,Finally something that actually works,2025-06-01
R001354,T002857,C00204,P009,Daily Lamp 09,4,Does exactly what it says on the tin bought it during the sale,2025-11-18
R001355,T005562,C00883,P021,Bright Organizer 21,4,Better than the one I replaced,2025-12-19
R001356,T001163,C00043,P023,Calm Cream 23,5,I use it constantly and it still looks brand new,2025-07-10
R001357,T005477,C00417,P026,Pure Band 26,3,Okay for now. Lets see how long it lasts,2025-11-24
R001358,T000357,C00267,P023,Calm Cream 23,1,"Doesnt fit, doesnt work, waste of time",2025-01-25
R001359,T003572,C00529,P018,Pure Band 18,3,Could be better but could be worse,2025-08-28
R001360,T002284,C00114,P021,Bright Organizer 21,3,it does the job. nothing special.,2025-08-13
R001361,T000910,C00165,P029,Bright Organizer 29,4,"Solid little product, would recommend",2025-02-24
R001362,T000941,C00989,P009,Daily Lamp 09,1,awful. just awful. save yourself the headache,2025-07-30
R001363,T002166,C00220,P010,Pure Band 10,3,i have mixed feelings about this one,2025-07-12
R001364,T006310,C00941,P007,Calm Cream 07,3,WORKS LIKE IT SHOULD BUT DOESNT WOW ME,2025-12-19
R001365,T004272,C00454,P027,Urban Bottle 27,3,Some things are good and some are just odd!!,2025-12-28
R001366,T001118,C00043,P005,Bright Organizer 05,5,Best thing ever. I tell everyone about it,2025-08-24
R001367,T003594,C00798,P025,Daily Lamp 25,5,Finally something that actually works!!!,2025-07-10
R001368,T000676,C00613,P029,Bright Organizer 29,4,better than the one i replaced,2025-05-24
R001369,T000504,C00474,P007,Calm Cream 07,3,Works like it should but doesnt wow me,2025-06-24
R001370,T003220,C00840,P021,Bright Organizer 21,4,i reach for this all the time now,2025-06-30
R001371,T002068,C00554,P019,Urban Bottle 19,5,Best thing ever. I tell everyone about it,2025-05-20
R001372,T006482,C00494,P003,Urban Bottle 03,5,10/10 would buy again and again,2025-12-30
R001373,T006044,C00023,P001,Daily Lamp 01,3,it does the job nothing special my friend has one too,2025-12-01
R001374,T001167,C00802,P030,Active Mat 30,5,Love love love it. works like a dream,2025-06-06
R001375,T005767,C00720,P017,Daily Lamp 17,5,"Incredible quality for the price, wow",2025-11-29
R001376,T005261,C00674,P009,Daily Lamp 09,3,Some things are good and some are just odd??,2025-10-29
R001377,T000239,C00777,P030,Active Mat 30,1,i hate this so much. unusable,2025-03-12
R001378,T004958,C00914,P015,Calm Cream 15,4,Pretty impressed tbh,2025-09-25
R001379,T001645,C00215,P003,Urban Bottle 03,2,had to return it. shame because the idea was good,2025-07-29
R001380,T001436,C00183,P022,Active Mat 22,1,The smell is HORRIBLE and it did nothing,2025-06-11
R001381,T001694,C00933,P002,Pure Band 02,4,Really useful and nicer than I expected.,2025-06-28
R001382,T002498,C00879,P030,Active Mat 30,4,Does exactly what it says on the tin,2025-06-08
R001383,T005549,C00870,P010,Pure Band 10,1,Doesnt fit doesnt work waste of time,2025-11-13
R001384,T002858,C00915,P024,Modern Serum 24,2,It technically works but i dont like using it,2025-08-05
R001385,T004247,C00918,P011,Urban Bottle 11,3,Works like it should but doesnt wow me,2025-08-29
R001386,T003953,C00582,P011,Urban Bottle 11,1,"Doesnt fit, doesnt work, waste of time",2025-09-08
R001387,T004326,C00687,P012,Essential Bag 12,5,Exceeded every expectation by a mile,2025-11-20
R001388,T005543,C00047,P023,Calm Cream 23,2,Too expensive for something this average,2025-12-18
R001389,T000653,C00145,P024,Modern Serum 24,5,love love love it. works like a dream looked different in the photos,2025-04-18
R001390,T002965,C00076,P027,Urban Bottle 27,1,one star because zero isnt an option,2025-06-09
R001391,T001080,C00348,P016,Modern Serum 16,3,Some things are good and some are just odd,2025-03-05
R001392,T006368,C00947,P013,Bright Organizer 13,4,I reach for this all the time now,2025-12-31
R001393,T006155,C00250,P026,Pure Band 26,1,The smell is HORRIBLE and it did nothing!!,2025-12-26
R001394,T003573,C00519,P015,Calm Cream 15,4,happy with it delivery was quick too,2025-10-06
R001395,T002406,C00299,P019,Urban Bottle 19,4,"Love the design, one small issue with the packaging",2025-05-31
R001396,T000482,C00257,P021,Bright Organizer 21,2,Not great. I expected more for the price.,2025-06-10
R001397,T003334,C00782,P021,Bright Organizer 21,4,Bought one for my sister too,2025-07-13
R001398,T002830,C00233,P005,Bright Organizer 05,3,Decent once you figure out how it works bought it during the sale,2025-10-22
R001399,T004842,C00138,P020,Essential Bag 20,4,Better than the one I replaced,2025-12-06
R001400,T003700,C00706,P024,Modern Serum 24,3,"USEFUL ENOUGH, THOUGH THE INSTRUCTIONS WERE CONFUSING",2025-11-23
R001401,T004242,C00414,P015,Calm Cream 15,3,"Useful enough, though the instructions were confusing",2025-09-11
R001402,T004469,C00025,P028,Essential Bag 28,1,I regret buying this every single day packaging was a bit much,2025-08-30
R001403,T000414,C00416,P002,Pure Band 02,5,Exceeded every expectation by a mile,2025-03-20
R001404,T003117,C00296,P006,Active Mat 06,5,Perfect in every way. no notes,2025-09-29
R001405,T004536,C00812,P018,Pure Band 18,5,"Best purchase ive made in months, hands down packaging was a bit much",2025-09-05
R001406,T004812,C00779,P011,Urban Bottle 11,4,"Love the design, one small issue with the packaging shipping was quick",2025-11-30
R001407,T006085,C00145,P025,Daily Lamp 25,3,"Useful enough, though the instructions were confusing",2025-12-02
R001408,T005413,C00176,P028,Essential Bag 28,4,Happy with it. delivery was quick too,2025-12-31
R001409,T001938,C00082,P028,Essential Bag 28,3,LOOKS NICE BUT THE QUALITY FEELS PRETTY BASIC,2025-10-03
R001410,T003373,C00009,P017,Daily Lamp 17,3,"Works as expected, which is fine",2025-08-12
R001411,T005966,C00902,P013,Bright Organizer 13,3,not bad! not great either,2025-12-01
R001412,T002453,C00354,P015,Calm Cream 15,4,happy with it delivery was quick too,2025-10-16
R001413,T001928,C00758,P006,Active Mat 06,4,"solid little product, would recommend shipping was quick",2025-04-13
R001414,T003226,C00381,P024,Modern Serum 24,4,Bought one for my sister too,2025-06-19
R001415,T000833,C00991,P029,Bright Organizer 29,2,Kinda disappointing tbh,2025-08-06
R001416,T003405,C00566,P021,Bright Organizer 21,3,Decent once you figure out how it works,2025-08-09
R001417,T001971,C00977,P009,Daily Lamp 09,4,Really useful and nicer than I expected.,2025-05-28
R001418,T005101,C00579,P008,Modern Serum 08,3,Could be better but could be worse,2025-10-29
R001419,T005920,C00740,P030,Active Mat 30,3,"WORKS AS EXPECTED, WHICH IS FINE MY FRIEND HAS ONE TOO",2025-12-29
R001420,T003036,C00626,P012,Essential Bag 12,3,decent once you figure out how it works looked different in the photos,2025-08-21
R001421,T005005,C00974,P005,Bright Organizer 05,3,It does the job. Nothing special.,2025-12-15
R001422,T004297,C00612,P018,Pure Band 18,3,Works like it should but doesnt wow me,2025-08-23
R001423,T000388,C00125,P014,Active Mat 14,5,Finally something that actually works!!!,2025-02-01
R001424,T002384,C00151,P001,Daily Lamp 01,3,Average product average price average experience!!,2025-08-18
R001425,T001262,C00048,P022,Active Mat 22,5,10/10 would buy again and again,2025-08-03
R001426,T000193,C00955,P013,Bright Organizer 13,3,DECENT ONCE YOU FIGURE OUT HOW IT WORKS,2025-05-15
R001427,T000880,C00466,P024,Modern Serum 24,5,Love love love it. works like a dream,2025-05-15
R001428,T005333,C00417,P025,Daily Lamp 25,4,Better than the one I replaced shipping was quick,2025-12-11
R001429,T001307,C00955,P011,Urban Bottle 11,5,This deserves more than five stars delivery took forever,2025-05-11
R001430,T003823,C00604,P027,Urban Bottle 27,5,Absolutely obsessed with this Best purchase this year,2025-10-21
R001431,T004930,C00655,P008,Modern Serum 08,3,Some things are good and some are just odd,2025-12-11
R001432,T005466,C00977,P004,Essential Bag 04,5,Best thing ever. I tell everyone about it,2025-11-24
R001433,T006040,C00887,P010,Pure Band 10,3,Not bad! Not great either,2025-12-01
R001434,T004024,C00996,P004,Essential Bag 04,3,Useful enough though the instructions were confusing,2025-09-13
R001435,T004543,C00024,P010,Pure Band 10,4,"Love the design, one small issue with the packaging",2025-09-07
R001436,T006224,C00618,P028,Essential Bag 28,4,Good product instructions could be clearer,2025-12-09
R001437,T000394,C00270,P014,Active Mat 14,5,Absolutely obsessed with this Best purchase this year...,2025-07-11
R001438,T003745,C00704,P027,Urban Bottle 27,5,Genuinely life changing for my morning routine,2025-10-15
R001439,T006089,C00089,P025,Daily Lamp 25,1,broke the first time i used it lol??,2025-12-02
R001440,T001284,C00944,P017,Daily Lamp 17,4,works perfectly for what i needed my friend has one too,2025-05-17
R001441,T004917,C00011,P024,Modern Serum 24,1,absolute rubbish. fell apart after two days.,2025-12-21
R001442,T006020,C00366,P002,Pure Band 02,1,Three weeks and already in the bin,2025-12-26
R001443,T001719,C00520,P022,Active Mat 22,4,I reach for this all the time now??,2025-06-16
R001444,T001034,C00600,P003,Urban Bottle 03,4,Nice quality. took a star off for the price,2025-05-17
R001445,T002638,C00858,P004,Essential Bag 04,5,Incredible quality for the price wow,2025-08-22
R001446,T006032,C00182,P029,Bright Organizer 29,2,Kinda disappointing tbh,2025-12-05
R001447,T005654,C00870,P014,Active Mat 14,5,Obsessed obsessed obsessed looked different in the photos,2025-12-18
R001448,T004408,C00776,P018,Pure Band 18,4,"Love the design, one small issue with the packaging",2025-11-20
R001449,T000449,C00879,P008,Modern Serum 08,4,Nice quality. took a star off for the price shipping was quick,2025-05-28
R001450,T004282,C00021,P016,Modern Serum 16,4,Good value gets used every day,2025-09-13
R001451,T001976,C00102,P001,Daily Lamp 01,5,Exceeded every expectation by a mile,2025-06-10
R001452,T002950,C00516,P003,Urban Bottle 03,2,The photos made it look much better than it is,2025-09-13
R001453,T004983,C00996,P009,Daily Lamp 09,3,Looks nice but the quality feels pretty basic,2025-10-23
R001454,T004298,C00622,P019,Urban Bottle 19,5,Obsessed. obsessed. obsessed.,2025-12-30
R001455,T002640,C00716,P010,Pure Band 10,4,Nice quality. took a star off for the price??,2025-10-17
R001456,T000995,C00702,P004,Essential Bag 04,4,"Good value, gets used every day looked different in the photos",2025-06-02
R001457,T004769,C00780,P001,Daily Lamp 01,2,It technically works but i dont like using it,2025-12-24
R001458,T006402,C00861,P004,Essential Bag 04,4,Solid little product would recommend my friend has one too,2025-12-31
R001459,T000775,C00899,P012,Essential Bag 12,1,do not waste your money on this,2025-04-24
R001460,T004363,C00968,P014,Active Mat 14,3,"Nothing to complain about, nothing to rave about",2025-12-23
R001461,T004187,C00308,P019,Urban Bottle 19,4,Works perfectly for what I needed,2025-09-10
R001462,T001142,C00084,P011,Urban Bottle 11,4,Happy with it. delivery was quick too,2025-03-13
R001463,T006184,C00199,P029,Bright Organizer 29,4,Really useful and nicer than I expected.,2025-12-27
R001464,T002740,C00919,P010,Pure Band 10,4,"love the design, one small issue with the packaging bought it during the sale",2025-10-23
R001465,T003158,C00447,P028,Essential Bag 28,5,10/10 would buy again and again,2025-08-07
R001466,T001960,C00249,P016,Modern Serum 16,5,Perfect in every way. no notes,2025-06-01
R001467,T001293,C00760,P012,Essential Bag 12,5,10/10 WOULD BUY AGAIN AND AGAIN SAW IT ON INSTAGRAM FIRST,2025-03-20
R001468,T003651,C00307,P015,Calm Cream 15,3,Looks nice but the quality feels pretty basic,2025-07-23
R001469,T001565,C00204,P023,Calm Cream 23,3,works like it should but doesnt wow me,2025-09-02
R001470,T005737,C00747,P021,Bright Organizer 21,1,ARRIVED DAMAGED AND THE REPLACEMENT WAS ALSO DAMAGED. WOW.,2025-11-14
R001471,T001885,C00198,P020,Essential Bag 20,4,Better than the one I replaced saw it on instagram first,2025-05-16
R001472,T000511,C00106,P026,Pure Band 26,2,Fine for a week then started acting weird,2025-06-20
R001473,T005105,C00991,P027,Urban Bottle 27,5,"Best purchase ive made in months, hands down",2025-10-05
R001474,T000058,C00642,P002,Pure Band 02,5,This deserves more than five stars,2025-07-03
R001475,T005042,C00009,P021,Bright Organizer 21,3,not bad! not great either,2025-11-03
R001476,T004417,C00046,P009,Daily Lamp 09,5,"Incredible quality for the price, wow customer support got back to me fast",2025-09-11
R001477,T002758,C00618,P023,Calm Cream 23,3,"i use it, just dont love it",2025-11-03
R001478,T003575,C00770,P016,Modern Serum 16,4,"Good value, gets used every day",2025-08-03
R001479,T006354,C00010,P029,Bright Organizer 29,5,Exceeded every expectation by a mile,2025-12-17
R001480,T006178,C00415,P028,Essential Bag 28,3,Some things are good and some are just odd,2025-12-18
R001481,T004949,C00270,P002,Pure Band 02,4,Happy with it. delivery was quick too bought it during the sale,2025-11-12
R001482,T004939,C00600,P012,Essential Bag 12,3,decent once you figure out how it works,2025-12-25
R001483,T001128,C00169,P021,Bright Organizer 21,5,Bought as a gift and now keeping it for myself lol,2025-08-17
R001484,T005603,C00297,P021,Bright Organizer 21,4,Looks great and works well so far,2025-11-22
R001485,T001696,C00033,P024,Modern Serum 24,5,Obsessed obsessed obsessed,2025-04-07
R001486,T005438,C00289,P030,Active Mat 30,3,Works like it should but doesnt wow me my friend has one too,2025-12-29
R001487,T000384,C00747,P011,Urban Bottle 11,3,Not bad! Not great either,2025-07-10
R001488,T003972,C00014,P009,Daily Lamp 09,2,Had to return it. Shame because the idea was good!!,2025-08-14
R001489,T004639,C00384,P002,Pure Band 02,5,This is SO good why did i wait so long,2025-11-17
R001490,T004422,C00146,P006,Active Mat 06,3,"Nothing to complain about, nothing to rave about",2025-10-21
R001491,T002803,C00798,P007,Calm Cream 07,3,Not bad! Not great either,2025-08-19
R001492,T002620,C00215,P028,Essential Bag 28,3,"Nothing to complain about, nothing to rave about",2025-10-09
R001493,T005708,C00642,P013,Bright Organizer 13,4,I reach for this all the time now,2025-12-18
R001494,T000689,C00387,P004,Essential Bag 04,5,love love love it. works like a dream,2025-04-16
R001495,T006352,C00074,P025,Daily Lamp 25,3,"Fine i guess, a few annoying bits",2025-12-29
R001496,T001733,C00871,P020,Essential Bag 20,3,"I use it, just dont love it",2025-06-15
R001497,T004803,C00105,P024,Modern Serum 24,2,Not great. I expected more for the price. my friend has one too,2025-09-30
R001498,T000453,C00010,P004,Essential Bag 04,1,one star because zero isnt an option,2025-07-23
R001499,T003695,C00605,P006,Active Mat 06,3,"Works as expected, which is fine",2025-11-14
R001500,T005927,C00125,P017,Daily Lamp 17,4,"Love the design, one small issue with the packaging saw it on instagram first",2025-12-17
R001501,T005287,C00668,P004,Essential Bag 04,5,this is so good why did i wait so long,2025-11-11
R001502,T002219,C00289,P022,Active Mat 22,5,My new favorite thing in the house packaging was a bit much,2025-06-03
R001503,T002649,C00306,P029,Bright Organizer 29,3,"Nothing to complain about, nothing to rave about",2025-11-09
R001504,T005841,C00554,P005,Bright Organizer 05,4,Looks great and works well so far,2025-12-28
R001505,T005134,C00570,P001,Daily Lamp 01,5,Exceeded every expectation by a mile shipping was quick,2025-12-26
R001506,T001741,C00817,P013,Bright Organizer 13,3,I have mixed feelings about this one,2025-07-20
R001507,T003425,C00821,P026,Pure Band 26,5,Bought as a gift and now keeping it for myself lol,2025-06-29
R001508,T001494,C00830,P002,Pure Band 02,4,Works perfectly for what I needed,2025-06-24
R001509,T000711,C00453,P004,Essential Bag 04,5,"Incredible quality for the price, wow",2025-06-25
R001510,T000576,C00592,P017,Daily Lamp 17,5,Love love love it. works like a dream,2025-05-15
R001511,T000113,C00465,P028,Essential Bag 28,5,"Best purchase ive made in months, hands down",2025-02-26
R001512,T002960,C00660,P014,Active Mat 14,1,Absolute rubbish. Fell apart after two days. customer support got back to me fast,2025-09-24
R001513,T002535,C00573,P004,Essential Bag 04,5,my new favorite thing in the house,2025-11-06
R001514,T003266,C00034,P002,Pure Band 02,3,Some things are good and some are just odd,2025-07-12
R001515,T005450,C00772,P018,Pure Band 18,5,This is SO good why did i wait so long shipping was quick,2025-11-03
R001516,T005388,C00324,P009,Daily Lamp 09,3,Some things are good and some are just odd,2025-10-17
R001517,T000415,C00611,P017,Daily Lamp 17,3,"Fine i guess, a few annoying bits",2025-06-07
R001518,T001618,C00959,P010,Pure Band 10,4,Really useful and nicer than I expected!!,2025-07-09
R001519,T003137,C00917,P013,Bright Organizer 13,3,I have mixed feelings about this one looked different in the photos,2025-07-25
R001520,T001397,C00372,P024,Modern Serum 24,4,Looks great and works well so far delivery took forever,2025-04-13
R001521,T005842,C00317,P019,Urban Bottle 19,5,A+++ no complaints at all,2025-11-25
R001522,T000473,C00852,P025,Daily Lamp 25,2,Had to return it. Shame because the idea was good,2025-04-30
R001523,T002077,C00555,P013,Bright Organizer 13,4,Better than the one I replaced packaging was a bit much,2025-07-01
R001524,T002822,C00047,P029,Bright Organizer 29,4,Does exactly what it says on the tin,2025-11-08
R001525,T006277,C00171,P028,Essential Bag 28,4,Happy with it. delivery was quick too,2025-12-11
R001526,T003498,C00794,P014,Active Mat 14,5,I LOVE IT. already ordered another one,2025-11-06
R001527,T006471,C00043,P017,Daily Lamp 17,4,Does exactly what it says on the tin,2025-12-28
R001528,T005490,C00572,P017,Daily Lamp 17,4,Love the design one small issue with the packaging shipping was quick,2025-11-19
R001529,T000881,C00170,P008,Modern Serum 08,5,Absolutely obsessed with this. Best purchase this year!!!,2025-08-02
R001530,T004858,C00007,P017,Daily Lamp 17,4,"Solid little product, would recommend",2025-11-04
R001531,T004230,C00101,P003,Urban Bottle 03,3,some things are good and some are just odd,2025-08-25
R001532,T003016,C00261,P030,Active Mat 30,4,Bought one for my sister too,2025-10-04
R001533,T000440,C00749,P008,Modern Serum 08,4,Love the design one small issue with the packaging,2025-05-28
R001534,T002978,C00928,P030,Active Mat 30,4,Nice quality. took a star off for the price,2025-06-16
R001535,T004233,C00513,P026,Pure Band 26,4,Really useful and nicer than I expected,2025-12-13
R001536,T005344,C00660,P013,Bright Organizer 13,2,Fine for a week then started acting weird,2025-12-06
R001537,T000280,C00526,P002,Pure Band 02,3,Okay for now. Lets see how long it lasts bought it during the sale,2025-04-09
R001538,T000527,C00396,P002,Pure Band 02,4,"Good value, gets used every day",2025-03-08
R001539,T002533,C00566,P011,Urban Bottle 11,5,Genuinely life changing for my morning routine,2025-10-22
R001540,T000585,C00578,P002,Pure Band 02,4,"Solid little product, would recommend",2025-03-24
R001541,T005661,C00342,P018,Pure Band 18,3,COULD BE BETTER BUT COULD BE WORSE,2025-12-10
R001542,T005672,C00501,P025,Daily Lamp 25,1,"Doesnt fit, doesnt work, waste of time",2025-12-14
R001543,T005195,C00304,P027,Urban Bottle 27,4,Works perfectly for what I needed,2025-11-12
R001544,T005194,C00715,P019,Urban Bottle 19,5,Genuinely life changing for my morning routine,2025-11-29
R001545,T005162,C00590,P008,Modern Serum 08,3,Could be better but could be worse,2025-11-21
R001546,T006175,C00540,P018,Pure Band 18,5,Finally something that actually works!!!,2025-12-23
R001547,T003582,C00096,P024,Modern Serum 24,5,I use it constantly and it still looks brand new shipping was quick,2025-10-01
R001548,T000323,C00016,P025,Daily Lamp 25,2,Too expensive for something this average,2025-02-16
R001549,T005948,C00862,P007,Calm Cream 07,1,Absolute rubbish. Fell apart after two days. delivery took forever,2025-12-21
R001550,T004537,C00731,P021,Bright Organizer 21,3,"I use it, just dont love it",2025-10-02
R001551,T002502,C00025,P002,Pure Band 02,4,Easy to use and feels pretty sturdy,2025-05-20
R001552,T003001,C00539,P020,Essential Bag 20,3,Decent once you figure out how it works,2025-06-21
R001553,T002683,C00526,P006,Active Mat 06,1,I regret buying this every single day,2025-06-05
R001554,T003349,C00678,P004,Essential Bag 04,4,Nice quality. took a star off for the price,2025-10-12
R001555,T003211,C00941,P016,Modern Serum 16,3,OKAY FOR NOW LETS SEE HOW LONG IT LASTS MY FRIEND HAS ONE TOO,2025-08-20
R001556,T002141,C00214,P030,Active Mat 30,5,THIS DESERVES MORE THAN FIVE STARS,2025-06-14
R001557,T001114,C00181,P020,Essential Bag 20,1,"Doesnt fit, doesnt work, waste of time",2025-03-31
R001558,T005143,C00387,P013,Bright Organizer 13,5,EXCEEDED EVERY EXPECTATION BY A MILE MY FRIEND HAS ONE TOO,2025-12-07
R001559,T002479,C00557,P003,Urban Bottle 03,2,Kinda disappointing tbh,2025-05-23
R001560,T000419,C00987,P006,Active Mat 06,3,Fine i guess a few annoying bits,2025-02-06
R001561,T006147,C00526,P001,Daily Lamp 01,3,Could be better but could be worse,2025-12-27
R001562,T003196,C00936,P006,Active Mat 06,5,A+++ no complaints at all,2025-10-25
R001563,T002764,C00714,P023,Calm Cream 23,5,Love love love it. works like a dream,2025-08-04
R001564,T005200,C00451,P019,Urban Bottle 19,5,Perfect in every way. no notes,2025-10-16
R001565,T003487,C00959,P018,Pure Band 18,2,Not worth the hassle??,2025-11-19
R001566,T005651,C00400,P008,Modern Serum 08,5,Love love love it works like a dream,2025-12-06
R001567,T005343,C00834,P026,Pure Band 26,4,Easy to use and feels pretty sturdy packaging was a bit much,2025-11-08
R001568,T000866,C00765,P008,Modern Serum 08,4,Really useful and nicer than I expected.,2025-03-29
R001569,T004967,C00785,P017,Daily Lamp 17,5,Finally something that actually works!!!,2025-10-11
R001570,T004821,C00207,P024,Modern Serum 24,4,Really useful and nicer than I expected.,2025-11-16
R001571,T001129,C00213,P023,Calm Cream 23,1,paid for quality got dollar store junk,2025-03-09
R001572,T002188,C00197,P010,Pure Band 10,3,FINE I GUESS A FEW ANNOYING BITS,2025-04-24
R001573,T006327,C00240,P012,Essential Bag 12,1,The smell is HORRIBLE and it did nothing,2025-12-31
R001574,T003675,C00146,P028,Essential Bag 28,3,"Fine i guess, a few annoying bits",2025-09-08
R001575,T002942,C00921,P015,Calm Cream 15,4,Looks great and works well so far!!,2025-06-10
R001576,T000075,C00410,P022,Active Mat 22,4,Better than the one I replaced,2025-06-20
R001577,T004780,C00658,P017,Daily Lamp 17,5,Incredible quality for the price wow,2025-11-08
R001578,T002416,C00089,P014,Active Mat 14,2,It technically works but i dont like using it shipping was quick,2025-05-31
R001579,T003721,C00627,P025,Daily Lamp 25,5,exceeded every expectation by a mile,2025-10-02
R001580,T002920,C00855,P019,Urban Bottle 19,5,Absolutely obsessed with this. Best purchase this year!!!!!,2025-07-05
R001581,T001656,C00776,P019,Urban Bottle 19,3,Useful enough though the instructions were confusing,2025-07-16
R001582,T001730,C00914,P014,Active Mat 14,3,Not bad! Not great either delivery took forever,2025-06-25
R001583,T002663,C00715,P009,Daily Lamp 09,4,Looks great and works well so far shipping was quick,2025-06-23
R001584,T004100,C00354,P028,Essential Bag 28,5,Love love love it. works like a dream,2025-09-08
R001585,T000594,C00475,P011,Urban Bottle 11,3,Looks nice but the quality feels pretty basic,2025-06-17
R001586,T000920,C00466,P003,Urban Bottle 03,4,"Good product, instructions could be clearer",2025-03-07
R001587,T006019,C00548,P009,Daily Lamp 09,5,Bought as a gift and now keeping it for myself lol,2025-12-11
R001588,T001879,C00704,P021,Bright Organizer 21,1,Arrived damaged and the replacement was also damaged. wow.,2025-07-08
R001589,T003956,C00291,P030,Active Mat 30,4,Better than the one I replaced saw it on instagram first,2025-10-18
R001590,T000066,C00098,P019,Urban Bottle 19,3,Okay for now. Lets see how long it lasts,2025-03-01
R001591,T005160,C00690,P003,Urban Bottle 03,1,I hate this so much. unusable,2025-12-19
R001592,T005282,C00258,P022,Active Mat 22,1,Do NOT waste your money on this!!!!!,2025-12-08
R001593,T005705,C00234,P025,Daily Lamp 25,3,Some things are good and some are just odd,2025-11-12
R001594,T000046,C00858,P024,Modern Serum 24,3,"nothing to complain about, nothing to rave about",2025-05-18
R001595,T003802,C00317,P028,Essential Bag 28,2,Fine for a week then started acting weird,2025-10-25
R001596,T006008,C00624,P017,Daily Lamp 17,4,Works perfectly for what I needed,2025-12-12
R001597,T002899,C00560,P026,Pure Band 26,5,Incredible quality for the price wow customer support got back to me fast,2025-09-26
R001598,T005035,C00973,P027,Urban Bottle 27,3,I HAVE MIXED FEELINGS ABOUT THIS ONE PACKAGING WAS A BIT MUCH,2025-12-30
R001599,T005176,C00440,P016,Modern Serum 16,4,Nice quality. took a star off for the price,2025-12-17
R001600,T005992,C00406,P001,Daily Lamp 01,5,Perfect in every way. no notes,2025-12-15
R001601,T004312,C00756,P019,Urban Bottle 19,5,I use it constantly and it still looks brand new,2025-09-14
R001602,T005144,C00232,P024,Modern Serum 24,1,paid for quality got dollar store junk,2025-10-21
R001603,T001848,C00814,P025,Daily Lamp 25,5,I use it constantly and it still looks brand new delivery took forever,2025-05-07
R001604,T001761,C00166,P005,Bright Organizer 05,5,Obsessed obsessed obsessed!!,2025-09-03
R001605,T005954,C00583,P001,Daily Lamp 01,1,paid for quality got dollar store junk,2025-12-23
R001606,T005707,C00130,P028,Essential Bag 28,3,decent once you figure out how it works saw it on instagram first,2025-12-04
R001607,T005298,C00847,P030,Active Mat 30,5,Best thing ever. I tell everyone about it,2025-11-16
R001608,T003813,C00673,P009,Daily Lamp 09,5,"BEST PURCHASE IVE MADE IN MONTHS, HANDS DOWN",2025-09-30
R001609,T003839,C00295,P001,Daily Lamp 01,3,i have mixed feelings about this one,2025-08-25
R001610,T000231,C00235,P025,Daily Lamp 25,5,I use it constantly and it still looks brand new,2025-07-09
R001611,T006325,C00852,P026,Pure Band 26,5,Absolutely obsessed with this Best purchase this year packaging was a bit much,2025-12-14
R001612,T001027,C00426,P006,Active Mat 06,3,"I use it, just dont love it!!",2025-08-02
R001613,T000873,C00004,P006,Active Mat 06,5,Perfect in every way. no notes,2025-04-12
R001614,T006086,C00920,P006,Active Mat 06,3,decent once you figure out how it works,2025-12-27
R001615,T005010,C00295,P008,Modern Serum 08,1,Would give negative stars if i could!!!,2025-10-02
R001616,T000406,C00588,P022,Active Mat 22,2,Was expecting better. sadly no,2025-05-13
R001617,T004850,C00947,P027,Urban Bottle 27,4,Works perfectly for what I needed saw it on instagram first,2025-10-30
R001618,T001915,C00689,P028,Essential Bag 28,3,"works as expected, which is fine",2025-08-27
R001619,T003824,C00620,P011,Urban Bottle 11,1,I hate this so much. unusable customer support got back to me fast,2025-12-07
R001620,T005563,C00661,P024,Modern Serum 24,2,Kinda disappointing tbh packaging was a bit much,2025-12-15
R001621,T002985,C00073,P011,Urban Bottle 11,5,A+++ no complaints at all,2025-07-22
R001622,T002939,C00433,P028,Essential Bag 28,1,Would give negative stars if i could,2025-09-26
R001623,T004851,C00433,P003,Urban Bottle 03,4,bought one for my sister too,2025-09-17
R001624,T002008,C00972,P030,Active Mat 30,4,Pretty impressed tbh delivery took forever,2025-09-25
R001625,T004134,C00139,P006,Active Mat 06,3,Could be better but could be worse customer support got back to me fast,2025-12-19
R001626,T000447,C00306,P005,Bright Organizer 05,4,I reach for this all the time now delivery took forever,2025-03-25
R001627,T001017,C00906,P007,Calm Cream 07,4,I reach for this all the time now looked different in the photos,2025-07-14
R001628,T002668,C00420,P023,Calm Cream 23,5,Finally something that actually works,2025-05-28
R001629,T000933,C00895,P020,Essential Bag 20,5,This deserves more than five stars,2025-06-19
R001630,T002999,C00627,P024,Modern Serum 24,2,Not great. I expected more for the price.,2025-08-11
R001631,T003676,C00777,P015,Calm Cream 15,4,Works perfectly for what I needed,2025-07-19
R001632,T003890,C00603,P018,Pure Band 18,5,I LOVE IT. already ordered another one customer support got back to me fast,2025-12-11
R001633,T005883,C00368,P011,Urban Bottle 11,4,Does exactly what it says on the tin,2025-12-29
R001634,T002953,C00545,P016,Modern Serum 16,3,Decent once you figure out how it works,2025-06-16
R001635,T004515,C00282,P010,Pure Band 10,2,It technically works but i dont like using it,2025-12-31
R001636,T000830,C00600,P030,Active Mat 30,4,LOOKS GREAT AND WORKS WELL SO FAR,2025-03-16
R001637,T001917,C00033,P021,Bright Organizer 21,3,"USEFUL ENOUGH, THOUGH THE INSTRUCTIONS WERE CONFUSING",2025-08-07
R001638,T004253,C00588,P002,Pure Band 02,5,I use it constantly and it still looks brand new,2025-09-13
R001639,T003687,C00809,P021,Bright Organizer 21,3,Okay for now. Lets see how long it lasts,2025-10-02
R001640,T001731,C00516,P026,Pure Band 26,3,"Nothing to complain about, nothing to rave about...",2025-05-06
R001641,T004505,C00115,P022,Active Mat 22,5,"Incredible quality for the price, wow",2025-12-10
R001642,T001413,C00732,P014,Active Mat 14,2,Was expecting better sadly no customer support got back to me fast,2025-04-15
R001643,T006315,C00889,P017,Daily Lamp 17,5,a+++ no complaints at all,2025-12-13
R001644,T000160,C00117,P007,Calm Cream 07,5,10/10 would buy again and again,2025-04-11
R001645,T000020,C00209,P007,Calm Cream 07,4,Nice quality. took a star off for the price,2025-05-01
R001646,T004441,C00532,P008,Modern Serum 08,4,Bought one for my sister too,2025-08-25
R001647,T004928,C00784,P017,Daily Lamp 17,5,"BEST PURCHASE IVE MADE IN MONTHS, HANDS DOWN",2025-12-06
R001648,T006064,C00010,P023,Calm Cream 23,3,Decent once you figure out how it works,2025-12-01
R001649,T001701,C00592,P026,Pure Band 26,3,I have mixed feelings about this one my friend has one too,2025-09-01
R001650,T002180,C00670,P014,Active Mat 14,3,"AVERAGE PRODUCT, AVERAGE PRICE, AVERAGE EXPERIENCE",2025-07-27
R001651,T005717,C00874,P015,Calm Cream 15,4,I reach for this all the time now,2025-12-17
R001652,T003183,C00669,P027,Urban Bottle 27,5,LOVE LOVE LOVE IT. WORKS LIKE A DREAM SHIPPING WAS QUICK,2025-09-22
R001653,T000372,C00090,P022,Active Mat 22,5,my new favorite thing in the house,2025-03-17
R001654,T002046,C00167,P003,Urban Bottle 03,3,Decent once you figure out how it works,2025-08-24
R001655,T000106,C00586,P012,Essential Bag 12,3,okay for now. lets see how long it lasts,2025-06-30
R001656,T000013,C00258,P023,Calm Cream 23,1,"Worst thing ive bought in ages, honestly furious",2025-05-10
R001657,T004953,C00551,P030,Active Mat 30,2,It technically works but i dont like using it,2025-11-21
R001658,T000648,C00316,P008,Modern Serum 08,3,"Works as expected, which is fine",2025-03-26
R001659,T000208,C00037,P012,Essential Bag 12,3,"Works as expected, which is fine",2025-02-15
R001660,T003929,C00042,P017,Daily Lamp 17,5,This deserves more than five stars,2025-08-20
R001661,T005381,C00634,P003,Urban Bottle 03,3,"Useful enough, though the instructions were confusing",2025-11-28
R001662,T005457,C00570,P030,Active Mat 30,5,THIS DESERVES MORE THAN FIVE STARS,2025-12-05
R001663,T000845,C00642,P003,Urban Bottle 03,1,looks cheap feels cheap and it doesnt even work,2025-05-19
R001664,T001363,C00705,P026,Pure Band 26,5,A no complaints at all my friend has one too,2025-08-24
R001665,T002961,C00381,P012,Essential Bag 12,4,Better than the one I replaced,2025-06-20
R001666,T004771,C00100,P017,Daily Lamp 17,4,Nice quality. took a star off for the price saw it on instagram first!!,2025-10-15
R001667,T002520,C00119,P012,Essential Bag 12,5,Absolutely obsessed with this. Best purchase this year!!! packaging was a bit much,2025-10-31
R001668,T003029,C00180,P019,Urban Bottle 19,1,Awful. Just awful. Save yourself the headache,2025-07-12
R001669,T000832,C00136,P001,Daily Lamp 01,3,"Nothing to complain about, nothing to rave about",2025-02-25
R001670,T000748,C00472,P004,Essential Bag 04,1,Arrived damaged and the replacement was also damaged wow,2025-02-20
R001671,T002626,C00771,P029,Bright Organizer 29,5,"Incredible quality for the price, wow bought it during the sale",2025-09-22
R001672,T002259,C00976,P017,Daily Lamp 17,4,Really useful and nicer than I expected.,2025-05-01
R001673,T005898,C00069,P029,Bright Organizer 29,2,Would be ok at half the price,2025-12-25
R001674,T001396,C00329,P017,Daily Lamp 17,1,returned it. complete scam at this price.,2025-05-04
R001675,T005150,C00917,P022,Active Mat 22,4,bought one for my sister too saw it on instagram first,2025-10-17
R001676,T006288,C00027,P014,Active Mat 14,4,good product instructions could be clearer,2025-12-16
R001677,T003557,C00502,P010,Pure Band 10,3,Okay for now Lets see how long it lasts??,2025-07-10
R001678,T002930,C00106,P002,Pure Band 02,1,paid for quality got dollar store junk,2025-06-06
R001679,T006221,C00348,P016,Modern Serum 16,2,Kinda disappointing tbh my friend has one too,2025-12-18
R001680,T006507,C00204,P028,Essential Bag 28,5,I use it constantly and it still looks brand new??,2025-12-31
R001681,T001590,C00687,P002,Pure Band 02,4,Looks great and works well so far...,2025-06-20
R001682,T001585,C00655,P003,Urban Bottle 03,3,works as expected which is fine,2025-04-13
R001683,T000782,C00835,P012,Essential Bag 12,3,could be better but could be worse packaging was a bit much,2025-07-12
R001684,T001633,C00803,P026,Pure Band 26,2,The photos made it look much better than it is,2025-09-14
R001685,T002070,C00743,P006,Active Mat 06,2,meh. feels flimsy,2025-04-24
R001686,T003289,C00644,P011,Urban Bottle 11,5,Finally something that actually works!!! delivery took forever,2025-12-19
R001687,T001120,C00959,P004,Essential Bag 04,5,Love love love it. works like a dream,2025-08-12
R001688,T003389,C00577,P022,Active Mat 22,4,Really useful and nicer than I expected!!,2025-10-06
R001689,T004397,C00121,P003,Urban Bottle 03,3,Looks nice but the quality feels pretty basic,2025-12-07
R001690,T004219,C00958,P019,Urban Bottle 19,4,"Good product, instructions could be clearer",2025-11-06
R001691,T006450,C00803,P017,Daily Lamp 17,5,Perfect in every way. no notes,2025-12-28
R001692,T006069,C00332,P002,Pure Band 02,4,Does exactly what it says on the tin,2025-12-10
R001693,T000190,C00511,P029,Bright Organizer 29,1,Would give negative stars if i could,2025-03-02
R001694,T002154,C00948,P019,Urban Bottle 19,5,Finally something that actually works!!!!!,2025-07-04
R001695,T001705,C00937,P016,Modern Serum 16,3,"I use it, just dont love it my friend has one too",2025-04-25
R001696,T000849,C00774,P024,Modern Serum 24,5,Bought as a gift and now keeping it for myself lol,2025-03-24
R001697,T004957,C00860,P011,Urban Bottle 11,4,"Solid little product, would recommend",2025-11-16
R001698,T003779,C00338,P029,Bright Organizer 29,3,Not bad! Not great either??,2025-08-07
R001699,T005125,C00788,P015,Calm Cream 15,3,Decent once you figure out how it works,2025-11-04
R001700,T001011,C00839,P006,Active Mat 06,4,Pretty impressed tbh delivery took forever,2025-06-12
R001701,T003804,C00135,P012,Essential Bag 12,1,I regret buying this every single day,2025-10-07
R001702,T001364,C00423,P004,Essential Bag 04,3,Not bad! Not great either,2025-05-18
R001703,T003028,C00937,P024,Modern Serum 24,2,Would be ok at half the price,2025-11-25
R001704,T001412,C00017,P006,Active Mat 06,4,I reach for this all the time now,2025-07-05
R001705,T004867,C00701,P012,Essential Bag 12,3,Some things are good and some are just odd,2025-11-04
R001706,T006134,C00083,P020,Essential Bag 20,3,looks nice but the quality feels pretty basic,2025-12-13
R001707,T001587,C00234,P009,Daily Lamp 09,3,Decent once you figure out how it works,2025-07-04
R001708,T005550,C00084,P025,Daily Lamp 25,4,Does exactly what it says on the tin,2025-12-26
R001709,T002115,C00724,P003,Urban Bottle 03,2,FINE FOR A WEEK THEN STARTED ACTING WEIRD,2025-05-20
R001710,T000122,C00106,P019,Urban Bottle 19,5,10/10 would buy again and again shipping was quick,2025-02-04
R001711,T005145,C00607,P001,Daily Lamp 01,4,happy with it. delivery was quick too,2025-10-13
R001712,T005950,C00895,P030,Active Mat 30,4,Pretty impressed tbh,2025-11-25
R001713,T002108,C00942,P001,Daily Lamp 01,4,Solid little product would recommend!!,2025-07-28
R001714,T000669,C00529,P003,Urban Bottle 03,3,"Average product, average price, average experience",2025-04-27
R001715,T005586,C00024,P005,Bright Organizer 05,3,some things are good and some are just odd,2025-12-07
R001716,T000607,C00556,P013,Bright Organizer 13,3,Works like it should but doesnt wow me,2025-07-29
R001717,T001314,C00343,P024,Modern Serum 24,5,"incredible quality for the price, wow",2025-09-06
R001718,T005617,C00680,P002,Pure Band 02,1,Doesnt fit doesnt work waste of time delivery took forever,2025-12-16
R001719,T000214,C00976,P002,Pure Band 02,4,"Good value, gets used every day saw it on instagram first",2025-06-27
R001720,T001111,C00823,P011,Urban Bottle 11,3,Some things are good and some are just odd,2025-05-07
R001721,T000460,C00001,P028,Essential Bag 28,2,would be ok at half the price,2025-01-31
R001722,T004594,C00088,P007,Calm Cream 07,4,Better than the one I replaced,2025-12-15
R001723,T000807,C00534,P006,Active Mat 06,1,absolute rubbish. fell apart after two days.,2025-08-02
R001724,T003851,C00020,P019,Urban Bottle 19,4,I reach for this all the time now,2025-10-09
R001725,T005453,C00957,P027,Urban Bottle 27,4,Nice quality. took a star off for the price,2025-11-26
R001726,T002875,C00423,P020,Essential Bag 20,4,Pretty impressed tbh packaging was a bit much,2025-09-16
R001727,T006530,C00117,P008,Modern Serum 08,5,Perfect in every way. no notes,2025-12-30
R001728,T000943,C00742,P025,Daily Lamp 25,1,looks cheap feels cheap and it doesnt even work,2025-05-05
R001729,T003303,C00874,P004,Essential Bag 04,3,Not bad Not great either,2025-12-06
R001730,T006174,C00342,P005,Bright Organizer 05,4,works perfectly for what i needed my friend has one too,2025-12-21
R001731,T000922,C00235,P025,Daily Lamp 25,4,Works perfectly for what I needed,2025-02-19
R001732,T000422,C00114,P008,Modern Serum 08,4,bought one for my sister too,2025-04-04
R001733,T002725,C00432,P024,Modern Serum 24,5,GENUINELY LIFE CHANGING FOR MY MORNING ROUTINE DELIVERY TOOK FOREVER,2025-07-02
R001734,T004058,C00657,P021,Bright Organizer 21,3,Some things are good and some are just odd,2025-10-02
R001735,T005701,C00589,P015,Calm Cream 15,5,I LOVE IT. already ordered another one,2025-12-14
R001736,T003664,C00150,P013,Bright Organizer 13,2,It technically works but i dont like using it shipping was quick,2025-12-22
R001737,T000099,C00650,P026,Pure Band 26,3,Works like it should but doesnt wow me,2025-06-12
R001738,T004768,C00829,P003,Urban Bottle 03,3,Could be better but could be worse,2025-09-26
R001739,T001372,C00992,P022,Active Mat 22,4,Better than the one I replaced,2025-08-05
R001740,T001713,C00411,P024,Modern Serum 24,4,bought one for my sister too,2025-05-13
R001741,T004933,C00601,P018,Pure Band 18,3,Okay for now. Lets see how long it lasts shipping was quick,2025-11-20
R001742,T005670,C00299,P011,Urban Bottle 11,3,It does the job. Nothing special.,2025-12-18
R001743,T001032,C00177,P011,Urban Bottle 11,1,I hate this so much. unusable,2025-04-11
R001744,T003260,C00357,P024,Modern Serum 24,5,I LOVE IT already ordered another one,2025-11-02
R001745,T003554,C00402,P019,Urban Bottle 19,4,"Solid little product, would recommend my friend has one too",2025-10-12
R001746,T004859,C00511,P022,Active Mat 22,1,broke the first time i used it lol looked different in the photos!!,2025-11-29
R001747,T004892,C00645,P011,Urban Bottle 11,4,"Solid little product, would recommend",2025-12-22
R001748,T000761,C00091,P029,Bright Organizer 29,2,Not terrible but definitely not buying again,2025-04-14
R001749,T000872,C00811,P017,Daily Lamp 17,4,"Good product, instructions could be clearer",2025-07-27
R001750,T004006,C00673,P006,Active Mat 06,1,"Doesnt fit, doesnt work, waste of time",2025-09-16
R001751,T000309,C00367,P014,Active Mat 14,5,My new favorite thing in the house!!,2025-01-29
R001752,T000172,C00670,P023,Calm Cream 23,4,Does exactly what it says on the tin,2025-01-29
R001753,T005044,C00491,P011,Urban Bottle 11,4,"good product, instructions could be clearer",2025-10-30
R001754,T002756,C00070,P019,Urban Bottle 19,2,Was expecting better. sadly no packaging was a bit much,2025-11-16
R001755,T004304,C00639,P030,Active Mat 30,4,GOOD PRODUCT INSTRUCTIONS COULD BE CLEARER CUSTOMER SUPPORT GOT BACK TO ME FAST,2025-09-10
R001756,T003606,C00844,P028,Essential Bag 28,4,Nice quality took a star off for the price,2025-08-06
R001757,T001063,C00400,P017,Daily Lamp 17,4,Happy with it. delivery was quick too delivery took forever,2025-07-16
R001758,T002204,C00302,P025,Daily Lamp 25,4,BOUGHT ONE FOR MY SISTER TOO,2025-07-22
R001759,T004178,C00093,P026,Pure Band 26,3,Could be better but could be worse saw it on instagram first,2025-08-31
R001760,T004999,C00920,P001,Daily Lamp 01,5,Exceeded every expectation by a mile,2025-11-23
R001761,T004030,C00017,P027,Urban Bottle 27,4,Does exactly what it says on the tin...,2025-10-25
R001762,T002339,C00672,P017,Daily Lamp 17,1,broke the first time i used it lol,2025-10-26
R001763,T002398,C00484,P019,Urban Bottle 19,3,"Useful enough, though the instructions were confusing shipping was quick",2025-06-20
R001764,T006274,C00159,P006,Active Mat 06,4,Easy to use and feels pretty sturdy,2025-12-19
R001765,T004987,C00311,P025,Daily Lamp 25,2,It technically works but i dont like using it,2025-10-28
R001766,T001234,C00814,P027,Urban Bottle 27,3,"i use it, just dont love it",2025-07-21
R001767,T000074,C00552,P004,Essential Bag 04,4,Bought one for my sister too saw it on instagram first??,2025-03-07
R001768,T003326,C00311,P030,Active Mat 30,5,"Best purchase ive made in months, hands down",2025-07-08
R001769,T004792,C00626,P025,Daily Lamp 25,1,looks cheap feels cheap and it doesnt even work,2025-09-29
R001770,T003340,C00944,P010,Pure Band 10,3,Useful enough though the instructions were confusing,2025-07-24
R001771,T002362,C00285,P023,Calm Cream 23,4,does exactly what it says on the tin,2025-05-16
R001772,T001718,C00647,P009,Daily Lamp 09,2,Fine for a week then started acting weird,2025-07-16
R001773,T000040,C00110,P029,Bright Organizer 29,2,Had to return it. Shame becuase the idea was good,2025-07-02
R001774,T002519,C00942,P022,Active Mat 22,3,could be better but could be worse,2025-06-22
R001775,T003486,C00994,P003,Urban Bottle 03,5,A+++ no complaints at all,2025-08-30
R001776,T000863,C00187,P004,Essential Bag 04,4,Really useful and nicer than I expected.,2025-05-05
R001777,T002688,C00370,P005,Bright Organizer 05,5,A+++ no complaints at all delivery took forever,2025-07-23
R001778,T000210,C00809,P003,Urban Bottle 03,3,"Fine i guess, a few annoying bits shipping was quick",2025-07-09
R001779,T006469,C00408,P004,Essential Bag 04,5,Love love love it. works like a dream,2025-12-31
R001780,T005914,C00604,P029,Bright Organizer 29,4,Bought one for my sister too,2025-12-17
R001781,T003919,C00731,P017,Daily Lamp 17,4,"Good value, gets used every day",2025-12-30
R001782,T005819,C00220,P017,Daily Lamp 17,4,Looks great and works well so far,2025-12-18
R001783,T005742,C00855,P004,Essential Bag 04,3,I have mixed feelings about this one,2025-11-09
R001784,T000554,C00418,P024,Modern Serum 24,4,Works perfectly for what I needed bought it during the sale,2025-04-01
R001785,T004012,C00945,P017,Daily Lamp 17,4,Bought one for my sister too,2025-10-24
R001786,T005895,C00928,P013,Bright Organizer 13,3,"Average product, average price, average experience",2025-12-22
R001787,T005704,C00577,P006,Active Mat 06,5,This deserves more than five stars,2025-12-08
R001788,T002122,C00978,P012,Essential Bag 12,2,Fine for a week then started acting weird,2025-05-20
R001789,T002907,C00112,P013,Bright Organizer 13,3,Not bad! Not great either,2025-08-15
R001790,T006285,C00114,P026,Pure Band 26,5,Bought as a gift and now keeping it for myself lol,2025-12-31
R001791,T002330,C00321,P005,Bright Organizer 05,5,I LOVE IT. already ordered another one,2025-07-15
R001792,T000393,C00497,P008,Modern Serum 08,5,Finally something that actually works!!!,2025-05-02
R001793,T004831,C00775,P021,Bright Organizer 21,3,decent once you figure out how it works,2025-12-31
R001794,T000541,C00464,P007,Calm Cream 07,1,The smell is HORRIBLE and it did nothing looked different in the photos,2025-02-18
R001795,T004637,C00496,P030,Active Mat 30,5,Genuinely life changing for my morning routine,2025-12-30
R001796,T000149,C00260,P001,Daily Lamp 01,1,It broke immediately. customer service was useless too,2025-03-28
R001797,T003294,C00520,P020,Essential Bag 20,3,"Nothing to complain about, nothing to rave about",2025-08-18
R001798,T006081,C00830,P020,Essential Bag 20,4,Looks great and works well so far,2025-12-01
R001799,T005448,C00378,P001,Daily Lamp 01,5,Finally something that actually works!!!,2025-11-21
R001800,T004044,C00461,P019,Urban Bottle 19,3,Not bad Not great either,2025-09-13
R001801,T000823,C00885,P024,Modern Serum 24,2,Too expensive for something this average,2025-06-04
R001802,T003880,C00412,P029,Bright Organizer 29,3,"Works as expected, which is fine",2025-08-03
R001803,T001328,C00799,P001,Daily Lamp 01,4,easy to use and feels pretty sturdy saw it on instagram first,2025-05-08
R001804,T000515,C00705,P024,Modern Serum 24,2,It technically works but i dont like using it,2025-03-27
R001805,T005691,C00953,P024,Modern Serum 24,5,Finally something that actually works!!!,2025-12-15
R001806,T002780,C00364,P017,Daily Lamp 17,4,bought one for my sister too,2025-08-28
R001807,T002074,C00541,P020,Essential Bag 20,5,"Best purchase ive made in months, hands down",2025-06-18
R001808,T001500,C00437,P008,Modern Serum 08,5,finally something that actually works!!! saw it on instagram first,2025-04-13
R001809,T005730,C00675,P029,Bright Organizer 29,3,"Nothing to complain about, nothing to rave about",2025-12-18
R001810,T000544,C00955,P004,Essential Bag 04,5,This is SO good why did i wait so long,2025-07-16
R001811,T002245,C00392,P010,Pure Band 10,1,Absolute rubbish Fell apart after two days,2025-06-18
R001812,T004749,C00661,P012,Essential Bag 12,3,"Useful enough, though the instructions were confusing",2025-11-08
R001813,T002772,C00877,P017,Daily Lamp 17,3,Fine i guess a few annoying bits looked different in the photos,2025-10-04
R001814,T003618,C00663,P005,Bright Organizer 05,4,really useful and nicer than i expected. customer support got back to me fast,2025-11-27
R001815,T002601,C00255,P015,Calm Cream 15,3,Not bad! Not great either,2025-08-29
R001816,T003424,C00955,P025,Daily Lamp 25,5,I LOVE IT. already ordered another one,2025-11-28
R001817,T000890,C00523,P014,Active Mat 14,5,genuinely life changing for my morning routine,2025-06-13
R001818,T001505,C00369,P023,Calm Cream 23,5,Best thing ever. I tell everyone about it,2025-04-07
R001819,T003231,C00299,P004,Essential Bag 04,4,"solid little product, would recommend",2025-09-03
R001820,T006092,C00833,P016,Modern Serum 16,3,"Useful enough, though the instructions were confusing",2025-12-23
R001821,T001555,C00654,P011,Urban Bottle 11,4,HAPPY WITH IT DELIVERY WAS QUICK TOO,2025-08-11
R001822,T004922,C00012,P025,Daily Lamp 25,4,Happy with it. delivery was quick too,2025-12-19
R001823,T000057,C00811,P004,Essential Bag 04,4,Nice quality took a star off for the price...,2025-01-15
R001824,T006151,C00029,P020,Essential Bag 20,4,Bought one for my sister too shipping was quick,2025-12-18
R001825,T005904,C00542,P013,Bright Organizer 13,4,Happy with it. delivery was quick too??,2025-12-15
R001826,T002989,C00377,P018,Pure Band 18,3,Could be better but could be worse delivery took forever,2025-09-22
R001827,T002293,C00512,P026,Pure Band 26,5,My new favorite thing in the house,2025-08-15
R001828,T000545,C00747,P016,Modern Serum 16,5,"Incredible quality for the price, wow looked different in the photos",2025-05-18
R001829,T002169,C00948,P028,Essential Bag 28,1,Would give negative stars if i could!!!,2025-08-05
R001830,T002568,C00464,P009,Daily Lamp 09,2,Would be ok at half the price saw it on instagram first,2025-08-07
R001831,T005192,C00536,P007,Calm Cream 07,2,WOULD BE OK AT HALF THE PRICE,2025-11-29
R001832,T004364,C00293,P022,Active Mat 22,3,looks nice but the quality feels pretty basic,2025-12-10
R001833,T005116,C00006,P025,Daily Lamp 25,2,Arrived late and the packaging was a mess,2025-12-11
R001834,T002992,C00711,P019,Urban Bottle 19,4,Good value gets used every day shipping was quick,2025-10-14
R001835,T005238,C00797,P030,Active Mat 30,3,"works as expected, which is fine",2025-12-26
R001836,T003550,C00118,P007,Calm Cream 07,4,"good value, gets used every day",2025-09-17
R001837,T001528,C00655,P011,Urban Bottle 11,5,Bought as a gift and now keeping it for myself lol,2025-07-29
R001838,T001133,C00535,P012,Essential Bag 12,4,Better than the one I replaced bought it during the sale,2025-05-05
R001839,T001424,C00615,P003,Urban Bottle 03,5,A+++ no complaints at all packaging was a bit much,2025-07-07
R001840,T004498,C00062,P020,Essential Bag 20,5,This is SO good why did i wait so long,2025-09-12
R001841,T005167,C00394,P004,Essential Bag 04,5,Finally something that actually works!!! delivery took forever,2025-12-28
R001842,T006475,C00205,P022,Active Mat 22,2,QUALITY CONTROL SEEMS ALL OVER THE PLACE,2025-12-24
R001843,T001416,C00535,P023,Calm Cream 23,3,Could be better but could be worse,2025-08-07
R001844,T004281,C00984,P007,Calm Cream 07,3,Useful enough though the instructions were confusing my friend has one too,2025-08-28
R001845,T000216,C00789,P025,Daily Lamp 25,5,Finally something that actually works,2025-02-20
R001846,T000938,C00214,P008,Modern Serum 08,4,Happy with it. delivery was quick too,2025-03-02
R001847,T001788,C00515,P006,Active Mat 06,1,the smell is horrible and it did nothing,2025-05-12
R001848,T005535,C00474,P003,Urban Bottle 03,2,meh. feels flimsy looked different in the photos,2025-11-24
R001849,T000053,C00980,P021,Bright Organizer 21,3,"I use it, just dont love it",2025-03-25
R001850,T003314,C00210,P024,Modern Serum 24,3,It does the job. Nothing special.,2025-10-08
R001851,T005728,C00084,P006,Active Mat 06,5,Love love love it. works like a dream,2025-11-13
R001852,T006456,C00132,P009,Daily Lamp 09,3,Decent once you figure out how it works saw it on instagram first,2025-12-24
R001853,T003434,C00672,P020,Essential Bag 20,5,This is SO good why did i wait so long,2025-07-04
R001854,T005186,C00516,P010,Pure Band 10,4,Pretty impressed tbh looked different in the photos,2025-11-22
R001855,T001204,C00212,P015,Calm Cream 15,1,awful just awful save yourself the headache saw it on instagram first,2025-05-06
R001856,T006270,C00058,P005,Bright Organizer 05,4,Looks great and works well so far bought it during the sale,2025-12-17
R001857,T006023,C00185,P017,Daily Lamp 17,5,This is SO good why did i wait so long shipping was quick,2025-12-22
R001858,T003103,C00473,P002,Pure Band 02,4,"Good value, gets used every day",2025-12-07
R001859,T005350,C00209,P018,Pure Band 18,4,Bought one for my sister too,2025-12-12
R001860,T000116,C00242,P010,Pure Band 10,2,Not worth the hassle,2025-02-07
R001861,T003762,C00824,P026,Pure Band 26,5,I use it constantly and it still looks brand new,2025-08-09
R001862,T004316,C00709,P006,Active Mat 06,1,Not as described at all. seriously disappointing,2025-09-05
R001863,T001215,C00846,P023,Calm Cream 23,4,GOOD PRODUCT INSTRUCTIONS COULD BE CLEARER,2025-04-16
R001864,T006176,C00969,P007,Calm Cream 07,2,Not worth the hassle,2025-12-30
R001865,T001612,C00338,P008,Modern Serum 08,4,REALLY USEFUL AND NICER THAN I EXPECTED,2025-05-22
R001866,T000514,C00252,P013,Bright Organizer 13,4,"GOOD VALUE, GETS USED EVERY DAY SHIPPING WAS QUICK",2025-06-27
R001867,T000739,C00106,P001,Daily Lamp 01,1,looks cheap feels cheap and it doesnt even work,2025-03-08
R001868,T005362,C00749,P008,Modern Serum 08,5,Bought as a gift and now keeping it for myself lol,2025-11-03
R001869,T002227,C00182,P002,Pure Band 02,4,Bought one for my sister too,2025-10-10
R001870,T001225,C00606,P009,Daily Lamp 09,2,Too expensive for something this average,2025-05-18
R001871,T002829,C00307,P026,Pure Band 26,3,"Useful enough, though the instructions were confusing",2025-11-03
R001872,T005078,C00867,P009,Daily Lamp 09,5,1010 would buy again and again,2025-10-24
R001873,T003505,C00871,P014,Active Mat 14,4,HAPPY WITH IT. DELIVERY WAS QUICK TOO SAW IT ON INSTAGRAM FIRST,2025-12-16
R001874,T004082,C00876,P004,Essential Bag 04,1,The smell is HORRIBLE and it did nothing bought it during the sale,2025-08-08
R001875,T001872,C00759,P030,Active Mat 30,4,Looks great and works well so far,2025-09-06
R001876,T001095,C00040,P014,Active Mat 14,4,Happy with it delivery was quick too,2025-05-11
R001877,T001519,C00711,P023,Calm Cream 23,4,Really useful and nicer than I expected. customer support got back to me fast,2025-04-20
R001878,T004259,C00743,P010,Pure Band 10,5,Exceeded every expectation by a mile...,2025-11-25
R001879,T001384,C00493,P013,Bright Organizer 13,1,NOT AS DESCRIBED AT ALL SERIOUSLY DISAPPOINTING SHIPPING WAS QUICK,2025-08-02
R001880,T001316,C00896,P014,Active Mat 14,3,It does the job. Nothing special.,2025-07-25
R001881,T003422,C00617,P002,Pure Band 02,4,Bought one for my sister too,2025-07-01
R001882,T005126,C00345,P023,Calm Cream 23,4,"Good value, gets used every day",2025-12-04
R001883,T005276,C00517,P013,Bright Organizer 13,2,The photos made it look much better than it is,2025-11-04
R001884,T002991,C00603,P023,Calm Cream 23,2,Quality control seems all over the place,2025-11-27
R001885,T004283,C00254,P012,Essential Bag 12,4,"Good value, gets used every day",2025-11-28
R001886,T004770,C00906,P016,Modern Serum 16,4,Happy with it. delivery was quick too,2025-11-13
R001887,T004763,C00277,P002,Pure Band 02,1,I regret buying this every single day my friend has one too,2025-11-09
R001888,T004433,C00950,P003,Urban Bottle 03,1,I hate this so much. unusable,2025-10-26
R001889,T004966,C00828,P024,Modern Serum 24,4,Works perfectly for what I needed,2025-10-10
R001890,T000700,C00413,P014,Active Mat 14,4,"Love the design, one small issue with the packaging saw it on instagram first",2025-05-15
R001891,T000746,C00520,P011,Urban Bottle 11,4,Really useful and nicer than I expected.,2025-03-04
R001892,T000220,C00756,P018,Pure Band 18,4,works perfectly for what i needed,2025-05-08
R001893,T001059,C00958,P028,Essential Bag 28,5,absolutely obsessed with this best purchase this year,2025-05-15
R001894,T005202,C00368,P006,Active Mat 06,1,Returned it. Complete scam at this price??,2025-10-11
R001895,T005660,C00661,P022,Active Mat 22,5,Genuinely life changing for my morning routine,2025-12-09
R001896,T000076,C00163,P026,Pure Band 26,5,Obsessed. obsessed. obsessed.,2025-01-06
R001897,T002086,C00434,P006,Active Mat 06,5,Obsessed. obsessed. obsessed.,2025-05-12
R001898,T005532,C00034,P007,Calm Cream 07,4,Really useful and nicer than I expected,2025-12-29
R001899,T003816,C00536,P016,Modern Serum 16,4,Works perfectly for what I needed,2025-10-26
R001900,T003692,C00487,P011,Urban Bottle 11,3,Could be better but could be worse,2025-09-14
R001901,T001998,C00207,P001,Daily Lamp 01,5,Bought as a gift and now keeping it for myself lol delivery took forever,2025-09-01
R001902,T001367,C00865,P023,Calm Cream 23,4,Easy to use and feels pretty sturdy packaging was a bit much,2025-08-28
R001903,T005106,C00566,P003,Urban Bottle 03,4,Does exactly what it says on the tin,2025-10-30
R001904,T004714,C00390,P016,Modern Serum 16,4,PRETTY IMPRESSED TBH,2025-12-09
R001905,T002563,C00669,P028,Essential Bag 28,5,I LOVE IT. already ordered another one,2025-06-04
R001906,T005096,C00072,P028,Essential Bag 28,3,Okay for now Lets see how long it lasts,2025-12-19
R001907,T002911,C00581,P010,Pure Band 10,4,PRETTY IMPRESSED TBH,2025-08-24
R001908,T004163,C00980,P007,Calm Cream 07,4,Really useful and nicer than I expected. looked different in the photos,2025-12-24
R001909,T000875,C00442,P016,Modern Serum 16,3,"useful enough, though the instructions were confusing",2025-08-13
R001910,T001506,C00680,P003,Urban Bottle 03,3,Nothing to complain about nothing to rave about,2025-05-04
R001911,T004215,C00089,P002,Pure Band 02,1,looks cheap feels cheap and it doesnt even work,2025-10-13
R001912,T002544,C00367,P018,Pure Band 18,5,Bought as a gift and now keeping it for myself lol packaging was a bit much,2025-07-23
R001913,T004007,C00509,P013,Bright Organizer 13,5,Exceeded every expectation by a mile,2025-09-30
R001914,T005735,C00586,P014,Active Mat 14,1,"Doesnt fit, doesnt work, waste of time",2025-12-31
R001915,T005860,C00633,P004,Essential Bag 04,3,Works like it should but doesnt wow me,2025-11-15
R001916,T004817,C00909,P001,Daily Lamp 01,3,"Nothing to complain about, nothing to rave about bought it during the sale",2025-09-16
R001917,T001426,C00864,P017,Daily Lamp 17,5,Best thing ever. I tell everyone about it,2025-03-19
R001918,T000158,C00469,P001,Daily Lamp 01,5,Genuinely life changing for my morning routine,2025-05-29
R001919,T004048,C00505,P004,Essential Bag 04,2,Not terrible but definitely not buying again,2025-09-02
R001920,T002062,C00705,P017,Daily Lamp 17,4,Happy with it. delivery was quick too,2025-08-22
R001921,T003600,C00189,P014,Active Mat 14,5,Love love love it. works like a dream,2025-11-09
R001922,T003587,C00385,P030,Active Mat 30,1,Not as described at all. seriously disappointing,2025-12-21
R001923,T002387,C00325,P012,Essential Bag 12,5,love love love it. works like a dream,2025-08-10
R001924,T003942,C00283,P018,Pure Band 18,4,"Good product, instructions could be clearer saw it on instagram first",2025-10-04
R001925,T001078,C00589,P007,Calm Cream 07,2,Would be ok at half the price shipping was quick,2025-06-19
R001926,T004413,C00418,P010,Pure Band 10,2,Fine for a week then started acting weird,2025-11-04
R001927,T002757,C00887,P021,Bright Organizer 21,5,"incredible quality for the price, wow",2025-08-16
R001928,T000906,C00295,P020,Essential Bag 20,4,Easy to use and feels pretty sturdy,2025-06-25
R001929,T001986,C00773,P005,Bright Organizer 05,5,Obsessed. obsessed. obsessed.,2025-05-29
R001930,T002236,C00926,P005,Bright Organizer 05,4,I reach for this all the time now,2025-07-25
R001931,T004678,C00468,P004,Essential Bag 04,3,"Useful enough, though the instructions were confusing",2025-09-18
R001932,T000583,C00223,P030,Active Mat 30,3,Works as expected which is fine!!,2025-05-11
R001933,T005642,C00569,P007,Calm Cream 07,5,Genuinely life changing for my morning routine,2025-12-24
R001934,T000641,C00225,P015,Calm Cream 15,1,I regret buying this every single day,2025-05-11
R001935,T000518,C00774,P027,Urban Bottle 27,4,Better than the one I replaced delivery took forever??,2025-05-24
R001936,T003327,C00039,P021,Bright Organizer 21,2,Had to return it. Shame because the idea was good,2025-09-22
R001937,T005861,C00391,P008,Modern Serum 08,5,Obsessed. obsessed. obsessed??,2025-12-23
R001938,T000320,C00013,P006,Active Mat 06,1,Awful. Just awful. Save yourself the headache looked different in the photos,2025-01-25
R001939,T005688,C00890,P017,Daily Lamp 17,5,10/10 would buy again and again,2025-12-25
R001940,T001399,C00890,P019,Urban Bottle 19,5,My new favorite thing in the house shipping was quick??,2025-04-18
R001941,T004334,C00519,P028,Essential Bag 28,3,Okay for now. Lets see how long it lasts customer support got back to me fast,2025-12-28
R001942,T005373,C00625,P027,Urban Bottle 27,4,Good value gets used every day!!,2025-11-24
R001943,T005007,C00530,P018,Pure Band 18,5,Exceeded every expectation by a mile,2025-11-05
R001944,T003189,C00331,P016,Modern Serum 16,1,"Worst thing ive bought in ages, honestly furious",2025-06-20
R001945,T005446,C00311,P011,Urban Bottle 11,5,I use it constantly and it still looks brand new...,2025-11-05
R001946,T006074,C00893,P009,Daily Lamp 09,4,Nice quality. took a star off for the price,2025-12-07
R001947,T004757,C00486,P022,Active Mat 22,3,works like it should but doesnt wow me,2025-10-10
R001948,T002947,C00503,P026,Pure Band 26,3,"Useful enough, though the instructions were confusing my friend has one too",2025-07-12
R001949,T000270,C00633,P021,Bright Organizer 21,2,had to return it. shame because the idea was good,2025-04-09
R001950,T004379,C00889,P015,Calm Cream 15,2,Not great. I expected more for the price.,2025-10-24
R001951,T005667,C00169,P003,Urban Bottle 03,5,EXCEEDED EVERY EXPECTATION BY A MILE,2025-12-18
R001952,T001657,C00484,P024,Modern Serum 24,3,"Useful enough, though the instructions were confusing",2025-07-31
R001953,T002132,C00304,P022,Active Mat 22,4,I REACH FOR THIS ALL THE TIME NOW SHIPPING WAS QUICK,2025-04-28
R001954,T004726,C00483,P003,Urban Bottle 03,3,I have mixed feelings about this one,2025-11-29
R001955,T004876,C00197,P029,Bright Organizer 29,4,Does exactly what it says on the tin saw it on instagram first,2025-12-21
R001956,T001298,C00832,P001,Daily Lamp 01,5,Obsessed. obsessed. obsessed.,2025-08-02
R001957,T003727,C00359,P015,Calm Cream 15,3,Works like it should but doesnt wow me looked different in the photos,2025-09-07
R001958,T004128,C00875,P023,Calm Cream 23,4,Does exactly what it says on the tin,2025-08-30
R001959,T001942,C00867,P019,Urban Bottle 19,4,Pretty impressed tbh customer support got back to me fast,2025-10-01
R001960,T001948,C00694,P011,Urban Bottle 11,2,Not great I expected more for the price,2025-08-03
R001961,T004641,C00962,P005,Bright Organizer 05,3,Some things are good and some are just odd,2025-11-19
R001962,T003534,C00316,P019,Urban Bottle 19,4,Pretty impressed tbh,2025-10-13
R001963,T003901,C00701,P017,Daily Lamp 17,4,Really useful and nicer than I expected. my friend has one too,2025-09-06
R001964,T004107,C00183,P017,Daily Lamp 17,5,absolutely obsessed with this. best purchase this year!!!,2025-12-03
R001965,T003918,C00866,P017,Daily Lamp 17,3,Fine i guess a few annoying bits,2025-12-28
R001966,T000542,C00458,P030,Active Mat 30,3,Not bad! Not great either saw it on instagram first,2025-04-26
R001967,T005727,C00857,P012,Essential Bag 12,5,Absolutely obsessed with this. Best purchase this year!!! delivery took forever,2025-12-24
R001968,T005964,C00313,P005,Bright Organizer 05,4,I reach for this all the time now,2025-11-29
R001969,T002530,C00241,P026,Pure Band 26,4,Nice quality. took a star off for the price saw it on instagram first,2025-06-22
R001970,T006474,C00744,P028,Essential Bag 28,4,"Solid little product, would recommend",2025-12-29
R001971,T006045,C00481,P029,Bright Organizer 29,5,Exceeded every expectation by a mile,2025-12-23
R001972,T006502,C00900,P007,Calm Cream 07,3,Looks nice but the quality feels pretty basic,2025-12-29
R001973,T003883,C00049,P021,Bright Organizer 21,3,could be better but could be worse,2025-08-17
R001974,T002823,C00128,P029,Bright Organizer 29,4,Solid little product would recommend,2025-07-22
R001975,T005023,C00527,P030,Active Mat 30,5,This deserves more than five stars,2025-11-19
R001976,T000095,C00644,P001,Daily Lamp 01,3,It does the job Nothing special my friend has one too,2025-04-10
R001977,T004782,C00269,P030,Active Mat 30,5,I LOVE IT. already ordered another one,2025-11-18
R001978,T004981,C00311,P027,Urban Bottle 27,4,"Solid little product, would recommend",2025-10-27
R001979,T000777,C00410,P028,Essential Bag 28,3,It does the job. Nothing special.,2025-05-01
R001980,T001052,C00549,P021,Bright Organizer 21,5,Exceeded every expectation by a mile,2025-08-01
R001981,T006228,C00012,P030,Active Mat 30,5,Perfect in every way no notes!!,2025-12-24
R001982,T000633,C00430,P001,Daily Lamp 01,5,This deserves more than five stars,2025-04-10
R001983,T003786,C00765,P027,Urban Bottle 27,5,My new favorite thing in the house,2025-12-30
R001984,T005355,C00657,P011,Urban Bottle 11,3,It does the job. Nothing special. bought it during the sale,2025-12-06
R001985,T002171,C00822,P004,Essential Bag 04,4,Easy to use and feels pretty sturdy looked different in the photos,2025-04-24
R001986,T004512,C00275,P025,Daily Lamp 25,1,Not as described at all. seriously disappointing,2025-10-24
R001987,T006292,C00955,P004,Essential Bag 04,4,Bought one for my sister too,2025-12-20
R001988,T000244,C00794,P001,Daily Lamp 01,4,"Love the design, one small issue with the packaging saw it on instagram first",2025-06-18
R001989,T004354,C00287,P018,Pure Band 18,5,"Best purchase ive made in months, hands down",2025-08-31
R001990,T005371,C00868,P025,Daily Lamp 25,3,Some things are good and some are just odd,2025-12-04
R001991,T004900,C00287,P023,Calm Cream 23,4,Works perfectly for what I needed my friend has one too,2025-09-19
R001992,T000582,C00767,P024,Modern Serum 24,4,Pretty impressed tbh packaging was a bit much,2025-04-11
R001993,T003423,C00643,P002,Pure Band 02,3,"Fine i guess, a few annoying bits shipping was quick",2025-10-14
R001994,T000322,C00344,P012,Essential Bag 12,5,I use it constantly and it still looks brand new,2025-05-02
R001995,T004478,C00078,P018,Pure Band 18,2,Too expensive for something this average,2025-11-28
R001996,T005296,C00922,P001,Daily Lamp 01,4,PRETTY IMPRESSED TBH,2025-11-18
R001997,T003155,C00180,P005,Bright Organizer 05,1,Returned it. Complete scam at this price.,2025-07-24
R001998,T005833,C00321,P014,Active Mat 14,3,Average product average price average experience,2025-12-15
R001999,T004521,C00036,P011,Urban Bottle 11,1,paid for quality got dollar store junk,2025-09-16
R002000,T002347,C00677,P024,Modern Serum 24,5,Absolutely obsessed with this. Best purchase this year!!! delivery took forever,2025-05-06
R002001,T005330,C00447,P014,Active Mat 14,5,10/10 would buy again and again,2025-12-20
R002002,T002396,C00970,P011,Urban Bottle 11,4,Really useful and nicer than I expected,2025-06-01
R002003,T006164,C00267,P017,Daily Lamp 17,4,Bought one for my sister too,2025-12-30
R002004,T006537,C00336,P010,Pure Band 10,2,it technically works but i dont like using it,2025-12-31
R002005,T004982,C00933,P021,Bright Organizer 21,5,Perfect in every way. no notes,2025-11-09
R002006,T000724,C00573,P009,Daily Lamp 09,5,This deserves more than five stars,2025-04-08
R002007,T003558,C00654,P024,Modern Serum 24,4,I reach for this all the time now looked different in the photos,2025-10-31
R002008,T003923,C00824,P030,Active Mat 30,4,Works perfectly for what I needed,2025-10-14
R002009,T005430,C00752,P003,Urban Bottle 03,3,I have mixed feelings about this one,2025-12-21
R002010,T005880,C00975,P016,Modern Serum 16,1,"Worst thing ive bought in ages, honestly furious",2025-12-19
R002011,T000784,C00821,P005,Bright Organizer 05,3,Okay for now. Lets see how long it lasts,2025-05-16
R002012,T005093,C00451,P013,Bright Organizer 13,3,I have mixed feelings about this one,2025-12-08
R002013,T001183,C00465,P026,Pure Band 26,3,SOME THINGS ARE GOOD AND SOME ARE JUST ODD,2025-08-25
R002014,T001774,C00428,P028,Essential Bag 28,3,It does the job. Nothing special. looked different in the photos,2025-07-02
R002015,T006123,C00443,P002,Pure Band 02,3,nothing to complain about nothing to rave about,2025-12-07
R002016,T002492,C00858,P015,Calm Cream 15,3,Works as expected which is fine,2025-06-13
R002017,T000864,C00838,P015,Calm Cream 15,5,10/10 would buy again and again...,2025-07-11
R002018,T000191,C00845,P017,Daily Lamp 17,4,Better than the one I replaced,2025-05-01
R002019,T001750,C00310,P010,Pure Band 10,3,"I use it, just dont love it??",2025-06-02
R002020,T000087,C00587,P017,Daily Lamp 17,3,could be better but could be worse,2025-03-28
R002021,T002876,C00586,P007,Calm Cream 07,1,paid for quality got dollar store junk shipping was quick,2025-09-18
R002022,T004646,C00657,P030,Active Mat 30,4,"Good value, gets used every day",2025-12-17
R002023,T004993,C00819,P027,Urban Bottle 27,3,Okay for now. Lets see how long it lasts,2025-11-13
R002024,T005805,C00075,P015,Calm Cream 15,3,Average product average price average experience,2025-12-20
R002025,T000540,C00249,P021,Bright Organizer 21,3,Nothing to complain about nothing to rave about packaging was a bit much,2025-05-05
R002026,T001554,C00151,P021,Bright Organizer 21,3,It does the job. Nothing special.,2025-05-18
R002027,T003450,C00011,P022,Active Mat 22,4,Does exactly what it says on the tin shipping was quick,2025-09-16
R002028,T001044,C00907,P003,Urban Bottle 03,3,"Useful enough, though the instructions were confusing customer support got back to me fast",2025-06-04
R002029,T004466,C00121,P027,Urban Bottle 27,3,Decent once you figure out how it works saw it on instagram first,2025-09-03
R002030,T002493,C00937,P009,Daily Lamp 09,3,Looks nice but the quality feels pretty basic,2025-06-26
R002031,T000868,C00966,P026,Pure Band 26,5,Absolutely obsessed with this. Best purchase this year!!!,2025-07-29
R002032,T006329,C00653,P008,Modern Serum 08,1,paid for quality got dollar store junk,2025-12-22
R002033,T003368,C00123,P018,Pure Band 18,2,Too expensive for something this average,2025-07-02
R002034,T005257,C00198,P021,Bright Organizer 21,5,Exceeded every expectation by a mile customer support got back to me fast,2025-11-14
R002035,T002200,C00617,P011,Urban Bottle 11,4,Nice quality. took a star off for the price,2025-08-10
R002036,T004393,C00368,P021,Bright Organizer 21,5,This is SO good why did i wait so long,2025-09-27
R002037,T005632,C00734,P017,Daily Lamp 17,4,Easy to use and feels pretty sturdy...,2025-11-19
R002038,T002060,C00224,P027,Urban Bottle 27,3,"Nothing to complain about, nothing to rave about",2025-07-04
R002039,T004698,C00616,P015,Calm Cream 15,5,This deserves more than five stars packaging was a bit much,2025-09-28
R002040,T006049,C00383,P027,Urban Bottle 27,5,Obsessed. obsessed. obsessed...,2025-12-26
R002041,T002678,C00082,P005,Bright Organizer 05,5,This is SO good why did i wait so long,2025-06-22
R002042,T004244,C00250,P017,Daily Lamp 17,5,a+++ no complaints at all,2025-12-12
R002043,T000984,C00189,P014,Active Mat 14,3,"Works as expected, which is fine",2025-04-13
R002044,T003263,C00068,P016,Modern Serum 16,4,"Love the design, one small issue with the packaging",2025-06-30
R002045,T005149,C00209,P024,Modern Serum 24,5,A+++ no complaints at all,2025-10-21
R002046,T000870,C00175,P018,Pure Band 18,3,I have mixed feelings about this one,2025-05-04
R002047,T001981,C00974,P004,Essential Bag 04,3,"I use it, just dont love it",2025-05-23
R002048,T000450,C00038,P016,Modern Serum 16,4,I reach for this all the time now bought it during the sale,2025-05-12
R002049,T002016,C00035,P021,Bright Organizer 21,2,Not great. I expected more for the price. packaging was a bit much,2025-06-09
R002050,T005645,C00328,P022,Active Mat 22,3,"Useful enough, though the instructions were confusing",2025-12-09
R002051,T000253,C00727,P026,Pure Band 26,3,"Useful enough, though the instructions were confusing saw it on instagram first",2025-06-20
R002052,T005198,C00103,P017,Daily Lamp 17,4,"good product, instructions could be clearer my friend has one too",2025-11-16
R002053,T001753,C00695,P012,Essential Bag 12,2,not terrible but definitely not buying again,2025-07-07
R002054,T003934,C00754,P019,Urban Bottle 19,3,"Works as expected, which is fine",2025-09-14
R002055,T005423,C00505,P026,Pure Band 26,4,Easy to use and feels pretty sturdy,2025-12-22
R002056,T003059,C00377,P022,Active Mat 22,4,Easy to use and feels pretty sturdy,2025-11-21
R002057,T005768,C00605,P011,Urban Bottle 11,3,Works like it should but doesnt wow me,2025-12-17
R002058,T005367,C00267,P023,Calm Cream 23,3,"WORKS AS EXPECTED, WHICH IS FINE",2025-11-25
R002059,T000281,C00601,P001,Daily Lamp 01,3,Works as expected which is fine,2025-01-26
R002060,T000242,C00236,P009,Daily Lamp 09,4,"Good value, gets used every day",2025-05-01
R002061,T000975,C00282,P019,Urban Bottle 19,5,Finally something that actually works,2025-08-19
R002062,T002811,C00430,P027,Urban Bottle 27,4,Really useful and nicer than I expected.,2025-07-20
R002063,T003414,C00996,P017,Daily Lamp 17,1,Absolute rubbish. Fell apart after two days.,2025-07-25
R002064,T005956,C00718,P030,Active Mat 30,3,Decent once you figure out how it works,2025-12-07
R002065,T000479,C00884,P003,Urban Bottle 03,4,better than the one i replaced,2025-03-28
R002066,T005429,C00179,P001,Daily Lamp 01,4,"SOLID LITTLE PRODUCT, WOULD RECOMMEND BOUGHT IT DURING THE SALE",2025-11-23
R002067,T001064,C00034,P016,Modern Serum 16,2,Would be ok at half the price,2025-05-22
R002068,T005303,C00441,P018,Pure Band 18,3,Looks nice but the quality feels pretty basic,2025-10-23
R002069,T005414,C00062,P001,Daily Lamp 01,3,"Useful enough, though the instructions were confusing",2025-10-25
R002070,T004788,C00736,P014,Active Mat 14,3,Works like it should but doesnt wow me,2025-09-19
R002071,T002444,C00492,P029,Bright Organizer 29,3,"Useful enough, though the instructions were confusing...",2025-08-16
R002072,T001244,C00030,P014,Active Mat 14,5,Perfect in every way. no notes,2025-06-03
R002073,T001065,C00157,P019,Urban Bottle 19,5,My new favorite thing in the house delivery took forever,2025-07-27
R002074,T000023,C00388,P005,Bright Organizer 05,4,"Love the design, one small issue with the packaging",2025-03-19
R002075,T004685,C00008,P004,Essential Bag 04,5,Obsessed obsessed obsessed delivery took forever,2025-09-27
R002076,T004610,C00155,P008,Modern Serum 08,4,"Love the design, one small issue with the packaging",2025-12-12
R002077,T000234,C00292,P024,Modern Serum 24,5,Finally something that actually works!!!,2025-02-27
R002078,T000952,C00877,P016,Modern Serum 16,3,I have mixed feelings about this one looked different in the photos,2025-04-04
R002079,T005613,C00590,P022,Active Mat 22,4,Easy to use and feels pretty sturdy,2025-11-11
R002080,T003435,C00671,P028,Essential Bag 28,4,Nice quality. took a star off for the price customer support got back to me fast,2025-11-19
R002081,T003057,C00362,P006,Active Mat 06,3,could be better but could be worse bought it during the sale,2025-11-24
R002082,T005539,C00357,P017,Daily Lamp 17,5,10/10 would buy again and again,2025-10-31
R002083,T003502,C00916,P006,Active Mat 06,4,Works perfectly for what I needed shipping was quick,2025-08-16
R002084,T003281,C00945,P028,Essential Bag 28,4,"love the design, one small issue with the packaging",2025-07-27
R002085,T006396,C00020,P003,Urban Bottle 03,4,I reach for this all the time now my friend has one too...,2025-12-24
R002086,T000490,C00104,P024,Modern Serum 24,5,PERFECT IN EVERY WAY. NO NOTES,2025-05-10
R002087,T005542,C00633,P018,Pure Band 18,5,This is SO good why did i wait so long,2025-11-17
R002088,T001617,C00791,P026,Pure Band 26,3,"Average product, average price, average experience",2025-04-09
R002089,T005663,C00407,P007,Calm Cream 07,2,too expensive for something this average,2025-12-03
R002090,T000084,C00322,P008,Modern Serum 08,1,The smell is HORRIBLE and it did nothing,2025-05-11
R002091,T004605,C00252,P028,Essential Bag 28,5,i use it constantly and it still looks brand new,2025-09-23
R002092,T006154,C00717,P006,Active Mat 06,3,Looks nice but the quality feels pretty basic,2025-12-13
R002093,T003673,C00789,P025,Daily Lamp 25,4,Easy to use and feels pretty sturdy,2025-09-23
R002094,T003611,C00225,P009,Daily Lamp 09,4,"Good value, gets used every day saw it on instagram first",2025-11-12
R002095,T000269,C00731,P029,Bright Organizer 29,4,Looks great and works well so far,2025-02-28
R002096,T000986,C00402,P017,Daily Lamp 17,1,Doesnt fit doesnt work waste of time,2025-02-26
R002097,T000766,C00476,P014,Active Mat 14,2,Fine for a week then started acting weird,2025-07-01
R002098,T002754,C00270,P022,Active Mat 22,5,INCREDIBLE QUALITY FOR THE PRICE WOW,2025-09-19
R002099,T003772,C00785,P015,Calm Cream 15,2,"IT WORKS SOMETIMES, WHICH IS NOT REALLY GOOD ENOUGH",2025-10-29
R002100,T002118,C00401,P015,Calm Cream 15,4,"Good product, instructions could be clearer",2025-08-23
R002101,T002918,C00848,P018,Pure Band 18,4,Nice quality. took a star off for the price,2025-11-02
R002102,T003332,C00281,P024,Modern Serum 24,1,Not as described at all. seriously disappointing packaging was a bit much,2025-09-12
R002103,T002588,C00251,P003,Urban Bottle 03,5,This deserves more than five stars,2025-06-30
R002104,T004728,C00245,P003,Urban Bottle 03,3,Not bad! Not great either bought it during the sale,2025-12-18
R002105,T004158,C00510,P019,Urban Bottle 19,4,Good product instructions could be clearer,2025-12-14
R002106,T000902,C00453,P021,Bright Organizer 21,4,"Good value, gets used every day",2025-07-12
R002107,T006066,C00250,P028,Essential Bag 28,2,Quality control seems all over the place!!,2025-12-25
R002108,T006317,C00657,P011,Urban Bottle 11,3,Some things are good and some are just odd,2025-12-18
R002109,T001270,C00183,P025,Daily Lamp 25,3,Works like it should but doesnt wow me,2025-05-18
R002110,T005487,C00257,P017,Daily Lamp 17,5,Best thing ever I tell everyone about it,2025-11-09
R002111,T005443,C00129,P014,Active Mat 14,4,really useful and nicer than i expected,2025-10-29
R002112,T004681,C00341,P024,Modern Serum 24,4,Happy with it delivery was quick too,2025-11-08
R002113,T003510,C00148,P004,Essential Bag 04,5,My new favorite thing in the house,2025-11-03
R002114,T001102,C00209,P029,Bright Organizer 29,3,it does the job. nothing special.,2025-02-28
R002115,T000954,C00652,P005,Bright Organizer 05,4,Works perfectly for what I needed saw it on instagram first,2025-05-28
R002116,T002323,C00221,P001,Daily Lamp 01,4,Happy with it. delivery was quick too,2025-06-15
R002117,T005685,C00182,P028,Essential Bag 28,2,kinda disappointing tbh,2025-11-06
R002118,T002791,C00066,P014,Active Mat 14,2,Not great. I expected more for the price.,2025-07-15
R002119,T004386,C00138,P013,Bright Organizer 13,3,Not bad! Not great either,2025-11-19
R002120,T000668,C00979,P012,Essential Bag 12,3,Decent once you figure out how it works,2025-05-28
R002121,T001347,C00451,P001,Daily Lamp 01,3,"Works as expected, which is fine",2025-03-16
R002122,T001241,C00372,P016,Modern Serum 16,3,Okay for now. Lets see how long it lasts,2025-07-21
R002123,T005400,C00580,P014,Active Mat 14,2,had to return it. shame because the idea was good delivery took forever,2025-11-01
R002124,T002914,C00416,P019,Urban Bottle 19,4,works perfectly for what i needed packaging was a bit much,2025-06-13
R002125,T000566,C00115,P029,Bright Organizer 29,3,Okay for now. Lets see how long it lasts,2025-06-10
R002126,T000176,C00313,P026,Pure Band 26,2,Not terrible but definitely not buying again,2025-02-08
R002127,T003504,C00474,P025,Daily Lamp 25,2,Would be ok at half the price,2025-10-10
R002128,T005572,C00528,P028,Essential Bag 28,5,Finally something that actually works!!! delivery took forever,2025-10-31
R002129,T000029,C00185,P018,Pure Band 18,3,i have mixed feelings about this one,2025-01-06
R002130,T003622,C00408,P024,Modern Serum 24,3,Not bad! Not great either shipping was quick,2025-12-14
R002131,T005561,C00722,P026,Pure Band 26,3,It does the job. Nothing special. delivery took forever,2025-11-02
R002132,T003428,C00065,P024,Modern Serum 24,5,Best thing ever. I tell everyone about it,2025-08-26
R002133,T004552,C00670,P029,Bright Organizer 29,4,"Solid little product, would recommend shipping was quick",2025-12-27
R002134,T002281,C00155,P030,Active Mat 30,4,I reach for this all the time now,2025-07-02
R002135,T002895,C00610,P024,Modern Serum 24,3,SOME THINGS ARE GOOD AND SOME ARE JUST ODD PACKAGING WAS A BIT MUCH,2025-06-15
R002136,T003810,C00260,P011,Urban Bottle 11,1,I hate this so much. unusable,2025-07-25
R002137,T005302,C00013,P012,Essential Bag 12,4,Works perfectly for what I needed customer support got back to me fast,2025-10-29
R002138,T004046,C00452,P021,Bright Organizer 21,1,Do NOT waste your money on this,2025-09-20
R002139,T000278,C00034,P025,Daily Lamp 25,2,Arrived late and the packaging was a mess,2025-02-12
R002140,T001651,C00886,P022,Active Mat 22,2,Not great. I expected more for the price. bought it during the sale??,2025-06-13
R002141,T005988,C00467,P009,Daily Lamp 09,1,Absolute rubbish. Fell apart after two days.,2025-11-27
R002142,T000402,C00364,P004,Essential Bag 04,2,Had to return it Shame because the idea was good,2025-01-27
R002143,T005375,C00786,P006,Active Mat 06,2,Kinda disappointing tbh packaging was a bit much,2025-11-16
R002144,T001626,C00295,P020,Essential Bag 20,4,i reach for this all the time now,2025-04-29
R002145,T002408,C00973,P004,Essential Bag 04,1,awful. just awful. save yourself the headache,2025-07-19
R002146,T006486,C00768,P028,Essential Bag 28,4,Pretty impressed tbh shipping was quick,2025-12-26
R002147,T005306,C00711,P016,Modern Serum 16,3,okay for now. lets see how long it lasts,2025-11-04
R002148,T004815,C00276,P007,Calm Cream 07,3,"average product, average price, average experience",2025-12-18
R002149,T003935,C00020,P028,Essential Bag 28,3,Some things are good and some are just odd,2025-11-15
R002150,T005837,C00579,P015,Calm Cream 15,4,Bought one for my sister too,2025-12-03
R002151,T000448,C00055,P029,Bright Organizer 29,4,Better than the one I replaced??,2025-05-06
R002152,T003169,C00236,P025,Daily Lamp 25,2,It works sometimes which is not really good enough bought it during the sale,2025-08-21
R002153,T003537,C00618,P004,Essential Bag 04,3,Could be better but could be worse looked different in the photos,2025-09-23
R002154,T003321,C00638,P004,Essential Bag 04,2,meh. feels flimsy...,2025-11-09
R002155,T005220,C00991,P030,Active Mat 30,1,Do NOT waste your money on this!!!,2025-10-16
R002156,T002484,C00339,P012,Essential Bag 12,1,The smell is HORRIBLE and it did nothing,2025-06-22
R002157,T004452,C00655,P025,Daily Lamp 25,2,Fine for a week then started acting weird,2025-09-26
R002158,T003390,C00199,P001,Daily Lamp 01,5,Bought as a gift and now keeping it for myself lol??,2025-08-27
R002159,T006195,C00249,P021,Bright Organizer 21,5,A+++ no complaints at all??,2025-12-15
R002160,T004674,C00524,P013,Bright Organizer 13,3,I have mixed feelings about this one,2025-11-03
R002161,T006435,C00408,P010,Pure Band 10,2,Not great I expected more for the price,2025-12-23
R002162,T000793,C00824,P002,Pure Band 02,5,Exceeded every expectation by a mile,2025-06-28
R002163,T003616,C00520,P001,Daily Lamp 01,1,Would give negative stars if i could delivery took forever,2025-11-28
R002164,T000073,C00159,P025,Daily Lamp 25,3,It does the job Nothing special,2025-03-10
R002165,T004754,C00891,P014,Active Mat 14,1,one star because zero isnt an option,2025-09-11
R002166,T004108,C00927,P019,Urban Bottle 19,3,Not bad! Not great either saw it on instagram first,2025-09-10
R002167,T002880,C00162,P005,Bright Organizer 05,4,"Good value, gets used every day",2025-08-19
R002168,T003238,C00563,P008,Modern Serum 08,3,It does the job. Nothing special.,2025-09-11
R002169,T000273,C00696,P017,Daily Lamp 17,4,i reach for this all the time now packaging was a bit much,2025-02-18
R002170,T002312,C00385,P015,Calm Cream 15,5,"Incredible quality for the price, wow delivery took forever",2025-07-10
R002171,T004560,C00708,P011,Urban Bottle 11,1,Absolute rubbish. Fell apart after two days.,2025-11-11
R002172,T005163,C00376,P025,Daily Lamp 25,3,"I use it, just dont love it packaging was a bit much",2025-11-22
R002173,T005616,C00009,P005,Bright Organizer 05,5,A+++ no complaints at all,2025-11-26
R002174,T000964,C00289,P009,Daily Lamp 09,3,Works as expected which is fine,2025-03-01
R002175,T003383,C00499,P011,Urban Bottle 11,5,bought as a gift and now keeping it for myself lol,2025-12-06
R002176,T001327,C00856,P011,Urban Bottle 11,4,Love the design one small issue with the packaging,2025-06-20
R002177,T001469,C00719,P025,Daily Lamp 25,3,"Works as expected, which is fine",2025-06-16
R002178,T001985,C01000,P025,Daily Lamp 25,3,COULD BE BETTER BUT COULD BE WORSE,2025-06-09
R002179,T005798,C00714,P024,Modern Serum 24,4,Happy with it. delivery was quick too,2025-12-23
R002180,T003655,C00875,P008,Modern Serum 08,3,Average product average price average experience,2025-12-21
R002181,T000481,C00580,P001,Daily Lamp 01,1,Arrived damaged and the replacement was also damaged. wow.,2025-07-25
R002182,T001732,C00709,P028,Essential Bag 28,3,Decent once you figure out how it works delivery took forever,2025-05-04
R002183,T005346,C00886,P021,Bright Organizer 21,2,"it works sometimes, which is not really good enough",2025-10-22
R002184,T005759,C00964,P004,Essential Bag 04,4,EASY TO USE AND FEELS PRETTY STURDY,2025-11-13
R002185,T006248,C00065,P006,Active Mat 06,5,Finally something that actually works looked different in the photos,2025-12-16
R002186,T001751,C00753,P020,Essential Bag 20,3,IT DOES THE JOB. NOTHING SPECIAL. MY FRIEND HAS ONE TOO,2025-05-22
R002187,T001255,C00509,P002,Pure Band 02,1,I regret buying this every single day,2025-06-04
R002188,T001974,C00425,P017,Daily Lamp 17,4,"Good value, gets used every day",2025-08-15
R002189,T004988,C00461,P024,Modern Serum 24,2,FINE FOR A WEEK THEN STARTED ACTING WEIRD LOOKED DIFFERENT IN THE PHOTOS,2025-10-03
R002190,T003906,C00688,P018,Pure Band 18,1,Do NOT waste your money on this!!!,2025-10-12
R002191,T005354,C00177,P026,Pure Band 26,2,Arrived late and the packaging was a mess,2025-10-23
R002192,T005867,C00615,P017,Daily Lamp 17,3,"I use it, just dont love it",2025-12-30
R002193,T001982,C00086,P016,Modern Serum 16,5,Exceeded every expectation by a mile shipping was quick,2025-05-16
R002194,T001852,C00081,P023,Calm Cream 23,4,Love the design one small issue with the packaging,2025-07-27
R002195,T004633,C00102,P010,Pure Band 10,4,Does exactly what it says on the tin,2025-12-18
R002196,T005289,C00329,P019,Urban Bottle 19,5,This deserves more than five stars,2025-12-25
R002197,T001963,C00182,P009,Daily Lamp 09,4,Looks great and works well so far,2025-05-30
R002198,T001409,C00930,P009,Daily Lamp 09,4,"Love the design, one small issue with the packaging",2025-04-25
R002199,T002670,C00971,P021,Bright Organizer 21,3,I have mixed feelings about this one,2025-05-19
R002200,T004836,C00050,P023,Calm Cream 23,3,Could be better but could be worse,2025-11-24
R002201,T000264,C00763,P022,Active Mat 22,5,Obsessed. obsessed. obsessed. my friend has one too!!,2025-06-09
R002202,T002057,C00327,P030,Active Mat 30,1,Doesnt fit doesnt work waste of time,2025-10-09
R002203,T003214,C00551,P022,Active Mat 22,4,Easy to use and feels pretty sturdy my friend has one too,2025-07-11
R002204,T004624,C00587,P002,Pure Band 02,3,Some things are good and some are just odd,2025-10-18
R002205,T001779,C00639,P019,Urban Bottle 19,3,Could be better but could be worse saw it on instagram first,2025-09-02
R002206,T004811,C00039,P019,Urban Bottle 19,5,Finally something that actually works!!!,2025-10-15
R002207,T003252,C00629,P020,Essential Bag 20,3,Decent once you figure out how it works,2025-10-20
R002208,T003703,C00224,P023,Calm Cream 23,4,Happy with it. delivery was quick too,2025-08-23
R002209,T005628,C00554,P025,Daily Lamp 25,3,"Nothing to complain about, nothing to rave about",2025-11-05
R002210,T006013,C00293,P013,Bright Organizer 13,4,Nice quality. took a star off for the price,2025-12-27
R002211,T005658,C00258,P013,Bright Organizer 13,4,I reach for this all the time now,2025-12-10
R002212,T001693,C00796,P028,Essential Bag 28,3,"Average product, average price, average experience customer support got back to me fast??",2025-09-07
R002213,T006117,C00099,P026,Pure Band 26,4,Looks great and works well so far...,2025-12-06
R002214,T002561,C00283,P028,Essential Bag 28,5,10/10 would buy again and again,2025-06-05
R002215,T000408,C00100,P024,Modern Serum 24,2,Had to return it. Shame because the idea was good,2025-05-05
R002216,T004578,C00526,P023,Calm Cream 23,5,Genuinely life changing for my morning routine,2025-10-31
R002217,T003382,C00306,P027,Urban Bottle 27,3,I have mixed feelings about this one,2025-10-02
R002218,T002844,C00939,P010,Pure Band 10,5,Best thing ever. I tell everyone about it,2025-11-25
R002219,T002746,C00717,P022,Active Mat 22,4,"Love the design, one small issue with the packaging",2025-11-11
R002220,T000474,C00165,P012,Essential Bag 12,1,Awful Just awful Save yourself the headache,2025-05-04
R002221,T001206,C00436,P024,Modern Serum 24,5,This is SO good why did i wait so long,2025-06-09
R002222,T004796,C00678,P004,Essential Bag 04,4,Pretty impressed tbh,2025-12-17
R002223,T006239,C00782,P012,Essential Bag 12,5,Absolutely obsessed with this. Best purchase this year!!!,2025-12-30
R002224,T004984,C00303,P003,Urban Bottle 03,3,i have mixed feelings about this one,2025-11-25
R002225,T002407,C00055,P005,Bright Organizer 05,5,Perfect in every way. no notes,2025-05-26
R002226,T001597,C00302,P008,Modern Serum 08,4,"GOOD VALUE, GETS USED EVERY DAY",2025-08-02
R002227,T000142,C00888,P025,Daily Lamp 25,5,Absolutely obsessed with this. Best purchase this year!!!,2025-05-22
R002228,T001313,C00173,P028,Essential Bag 28,2,Fine for a week then started acting weird saw it on instagram first...,2025-08-05
R002229,T003005,C00358,P008,Modern Serum 08,5,My new favorite thing in the house,2025-06-18
R002230,T000615,C00152,P012,Essential Bag 12,2,Quality control seems all over the place,2025-07-02
R002231,T002329,C00294,P013,Bright Organizer 13,5,I use it constantly and it still looks brand new,2025-07-29
R002232,T005760,C00054,P016,Modern Serum 16,4,I reach for this all the time now,2025-12-23
R002233,T002813,C00113,P024,Modern Serum 24,1,Do NOT waste your money on this...,2025-06-29
R002234,T000596,C00019,P019,Urban Bottle 19,4,GOOD VALUE GETS USED EVERY DAY,2025-06-05
R002235,T003143,C00432,P027,Urban Bottle 27,3,"Works as expected, which is fine",2025-07-06
R002236,T001491,C00028,P009,Daily Lamp 09,1,It broke immediately. customer service was useless too bought it during the sale,2025-05-26
R002237,T004385,C00570,P011,Urban Bottle 11,2,THE PHOTOS MADE IT LOOK MUCH BETTER THAN IT IS,2025-10-04
R002238,T001338,C00943,P006,Active Mat 06,4,really useful and nicer than i expected,2025-04-16
R002239,T003533,C00744,P020,Essential Bag 20,4,Pretty impressed tbh,2025-09-30
R002240,T005587,C00522,P028,Essential Bag 28,4,Pretty impressed tbh,2025-11-11
R002241,T002113,C00606,P019,Urban Bottle 19,4,Happy with it. delivery was quick too??,2025-07-17
R002242,T003418,C00417,P024,Modern Serum 24,5,I LOVE IT. already ordered another one,2025-07-17
R002243,T004710,C00492,P005,Bright Organizer 05,3,Works like it should but doesnt wow me,2025-11-24
R002244,T004340,C00487,P027,Urban Bottle 27,2,WOULD BE OK AT HALF THE PRICE,2025-12-02
R002245,T001333,C00206,P026,Pure Band 26,5,Bought as a gift and now keeping it for myself lol,2025-05-27
R002246,T005779,C00472,P013,Bright Organizer 13,3,"Average product, average price, average experience",2025-12-04
R002247,T001176,C00619,P008,Modern Serum 08,5,"Incredible quality for the price, wow customer support got back to me fast",2025-05-11
R002248,T003562,C00714,P008,Modern Serum 08,4,Happy with it. delivery was quick too,2025-09-19
R002249,T005281,C00375,P016,Modern Serum 16,4,"Solid little product, would recommend",2025-10-14
R002250,T003982,C00696,P008,Modern Serum 08,4,Easy to use and feels pretty sturdy,2025-10-26
R002251,T004535,C00830,P007,Calm Cream 07,4,nice quality. took a star off for the price my friend has one too,2025-10-06
R002252,T006145,C00532,P013,Bright Organizer 13,4,love the design one small issue with the packaging,2025-12-09
R002253,T005385,C00516,P030,Active Mat 30,1,"Worst thing ive bought in ages, honestly furious",2025-11-28
R002254,T003965,C00909,P027,Urban Bottle 27,4,Looks great and works well so far,2025-10-10
R002255,T000672,C00928,P006,Active Mat 06,5,"Best purchase ive made in months, hands down my friend has one too",2025-03-04
R002256,T003156,C00349,P006,Active Mat 06,1,Arrived damaged and the replacement was also damaged. wow!!,2025-11-30
R002257,T003751,C00617,P016,Modern Serum 16,5,FINALLY SOMETHING THAT ACTUALLY WORKS,2025-10-05
R002258,T005991,C00393,P025,Daily Lamp 25,1,Arrived damaged and the replacement was also damaged. wow??,2025-12-14
R002259,T004237,C00230,P010,Pure Band 10,1,Arrived damaged and the replacement was also damaged. wow. bought it during the sale,2025-09-23
R002260,T004514,C00601,P015,Calm Cream 15,2,Had to return it Shame because the idea was good,2025-12-09
R002261,T005996,C00181,P003,Urban Bottle 03,1,I hate this so much. unusable looked different in the photos,2025-12-16
R002262,T004199,C00718,P015,Calm Cream 15,4,Nice quality. took a star off for the price??,2025-10-02
R002263,T002448,C00142,P001,Daily Lamp 01,2,Not worth the hassle!!,2025-08-02
R002264,T003172,C00301,P010,Pure Band 10,1,paid for quality got dollar store junk,2025-07-20
R002265,T000311,C00227,P005,Bright Organizer 05,3,Looks nice but the quality feels pretty basic saw it on instagram first,2025-05-06
R002266,T002709,C00868,P005,Bright Organizer 05,3,Some things are good and some are just odd,2025-10-28
R002267,T004690,C00791,P011,Urban Bottle 11,4,Better than the one I replaced,2025-12-29
R002268,T005317,C00973,P010,Pure Band 10,3,Looks nice but the quality feels pretty basic customer support got back to me fast,2025-11-24
R002269,T001253,C00300,P020,Essential Bag 20,3,Some things are good and some are just odd,2025-06-26
R002270,T004467,C00547,P021,Bright Organizer 21,3,Some things are good and some are just odd my friend has one too,2025-09-09
R002271,T001640,C00273,P007,Calm Cream 07,3,Okay for now. Lets see how long it lasts,2025-07-10
R002272,T001778,C00552,P002,Pure Band 02,2,Quality control seems all over the place,2025-08-29
R002273,T004206,C00063,P024,Modern Serum 24,4,"Good value, gets used every day",2025-10-22
R002274,T005431,C00662,P021,Bright Organizer 21,4,"Good product, instructions could be clearer",2025-12-28
R002275,T005246,C00983,P003,Urban Bottle 03,1,The smell is HORRIBLE and it did nothing customer support got back to me fast,2025-11-30
R002276,T004049,C00507,P027,Urban Bottle 27,4,bought one for my sister too,2025-09-27
R002277,T004013,C00564,P019,Urban Bottle 19,4,Bought one for my sister too,2025-11-29
R002278,T005445,C00993,P011,Urban Bottle 11,1,Returned it. Complete scam at this price.,2025-10-23
R002279,T002916,C00109,P021,Bright Organizer 21,4,Bought one for my sister too customer support got back to me fast!!,2025-11-10
R002280,T005368,C00446,P023,Calm Cream 23,4,Solid little product would recommend,2025-12-09
R002281,T005961,C00639,P003,Urban Bottle 03,3,Decent once you figure out how it works,2025-12-30
R002282,T005155,C00811,P016,Modern Serum 16,2,Kinda disappointing tbh,2025-10-19
R002283,T001107,C00917,P014,Active Mat 14,2,was expecting better. sadly no shipping was quick,2025-03-19
R002284,T000530,C00664,P011,Urban Bottle 11,3,Average product average price average experience,2025-06-17
R002285,T004205,C00668,P004,Essential Bag 04,3,Okay for now Lets see how long it lasts,2025-10-05
R002286,T000205,C00473,P010,Pure Band 10,4,Better than the one I replaced packaging was a bit much,2025-03-03
R002287,T002639,C00112,P017,Daily Lamp 17,4,"Solid little product, would recommend",2025-08-25
R002288,T004924,C00199,P013,Bright Organizer 13,3,"Average product, average price, average experience??",2025-10-22
R002289,T006498,C00550,P015,Calm Cream 15,2,Not great. I expected more for the price. bought it during the sale,2025-12-26
R002290,T000572,C00661,P015,Calm Cream 15,5,"Incredible quality for the price, wow saw it on instagram first",2025-06-02
R002291,T000659,C00868,P006,Active Mat 06,4,"GOOD PRODUCT, INSTRUCTIONS COULD BE CLEARER",2025-05-27
R002292,T002382,C00154,P030,Active Mat 30,4,Pretty impressed tbh,2025-10-02
R002293,T003243,C00945,P006,Active Mat 06,4,WORKS PERFECTLY FOR WHAT I NEEDED SHIPPING WAS QUICK,2025-12-12
R002294,T005245,C00527,P026,Pure Band 26,2,Not worth the hassle,2025-10-29
R002295,T003417,C00235,P014,Active Mat 14,4,Looks great and works well so far??,2025-07-21
R002296,T004585,C00476,P023,Calm Cream 23,5,my new favorite thing in the house my friend has one too,2025-11-29
R002297,T006403,C00245,P023,Calm Cream 23,3,"Useful enough, though the instructions were confusing",2025-12-30
R002298,T000699,C00080,P022,Active Mat 22,3,"Fine i guess, a few annoying bits",2025-04-24
R002299,T001139,C00650,P019,Urban Bottle 19,5,LOVE LOVE LOVE IT. WORKS LIKE A DREAM,2025-03-02
R002300,T004027,C00351,P013,Bright Organizer 13,5,"Incredible quality for the price, wow",2025-10-11
R002301,T004033,C00221,P019,Urban Bottle 19,4,Easy to use and feels pretty sturdy!!,2025-11-22
R002302,T002787,C00019,P018,Pure Band 18,5,I use it constantly and it still looks brand new,2025-08-23
R002303,T005725,C00772,P028,Essential Bag 28,4,"good product, instructions could be clearer",2025-12-05
R002304,T003706,C00337,P003,Urban Bottle 03,5,I LOVE IT. already ordered another one,2025-12-11
R002305,T005086,C00803,P012,Essential Bag 12,4,Works perfectly for what I needed,2025-10-17
R002306,T002123,C00767,P010,Pure Band 10,2,Too expensive for something this average,2025-07-23
R002307,T004116,C00307,P021,Bright Organizer 21,3,Not bad! Not great either bought it during the sale,2025-12-02
R002308,T005531,C00989,P029,Bright Organizer 29,3,"Works as expected, which is fine",2025-10-29
R002309,T004740,C00532,P016,Modern Serum 16,3,"Nothing to complain about, nothing to rave about",2025-11-07
R002310,T001389,C00184,P005,Bright Organizer 05,3,Some things are good and some are just odd,2025-07-28
R002311,T005600,C00075,P014,Active Mat 14,5,incredible quality for the price wow,2025-12-27
R002312,T006116,C00190,P002,Pure Band 02,4,Works perfectly for what I needed customer support got back to me fast,2025-12-16
R002313,T005679,C00694,P008,Modern Serum 08,4,Really useful and nicer than I expected.,2025-11-17
R002314,T002963,C00893,P027,Urban Bottle 27,4,Does exactly what it says on the tin looked different in the photos,2025-06-21
R002315,T000861,C00509,P026,Pure Band 26,4,Pretty impressed tbh,2025-02-22
R002316,T002290,C00655,P027,Urban Bottle 27,4,"Solid little product, would recommend shipping was quick",2025-08-15
R002317,T003413,C00179,P028,Essential Bag 28,5,My new favorite thing in the house,2025-11-20
R002318,T005641,C00467,P028,Essential Bag 28,5,I use it constantly and it still looks brand new,2025-11-25
R002319,T006337,C00312,P024,Modern Serum 24,5,A+++ no complaints at all saw it on instagram first,2025-12-15
R002320,T000306,C00596,P001,Daily Lamp 01,4,I reach for this all the time now,2025-06-01
R002321,T000947,C00365,P023,Calm Cream 23,1,"Worst thing ive bought in ages, honestly furious",2025-04-20
R002322,T005323,C00999,P026,Pure Band 26,3,"Average product, average price, average experience bought it during the sale",2025-12-07
R002323,T005762,C00529,P016,Modern Serum 16,3,"fine i guess, a few annoying bits",2025-11-29
R002324,T006419,C00525,P001,Daily Lamp 01,3,Works like it should but doesnt wow me,2025-12-21
R002325,T004544,C00002,P022,Active Mat 22,3,NOT BAD! NOT GREAT EITHER,2025-09-08
R002326,T005525,C00925,P025,Daily Lamp 25,3,"Works as expected, which is fine!!",2025-12-24
R002327,T000284,C00967,P027,Urban Bottle 27,4,good value gets used every day,2025-04-24
R002328,T005986,C00342,P013,Bright Organizer 13,4,Works perfectly for what I needed,2025-12-27
R002329,T003717,C00986,P024,Modern Serum 24,3,Looks nice but the quality feels pretty basic,2025-12-29
R002330,T002711,C00567,P011,Urban Bottle 11,5,10/10 would buy again and again,2025-11-12
R002331,T003899,C00642,P020,Essential Bag 20,5,This is SO good why did i wait so long,2025-08-16
R002332,T001699,C00203,P006,Active Mat 06,5,Incredible quality for the price wow,2025-05-07
R002333,T003276,C00694,P019,Urban Bottle 19,4,Bought one for my sister too,2025-08-22
R002334,T000224,C00724,P024,Modern Serum 24,2,Would be ok at half the price,2025-03-30
R002335,T005484,C00485,P029,Bright Organizer 29,3,"useful enough, though the instructions were confusing",2025-12-08
R002336,T000461,C00833,P003,Urban Bottle 03,3,"Fine i guess, a few annoying bits saw it on instagram first",2025-02-10
R002337,T003324,C00853,P007,Calm Cream 07,4,Nice quality. took a star off for the price shipping was quick,2025-07-25
R002338,T000041,C00781,P023,Calm Cream 23,2,was expecting better. sadly no,2025-01-11
R002339,T006350,C00101,P010,Pure Band 10,5,Obsessed. obsessed. obsessed.,2025-12-22
R002340,T002767,C00392,P010,Pure Band 10,3,Some things are good and some are just odd looked different in the photos,2025-07-10
R002341,T002771,C00781,P009,Daily Lamp 09,5,Bought as a gift and now keeping it for myself lol,2025-08-23
R002342,T001939,C00336,P027,Urban Bottle 27,3,It does the job. Nothing special.,2025-04-28
R002343,T003781,C00384,P010,Pure Band 10,4,"Love the design, one small issue with the packaging",2025-08-02
R002344,T003863,C00760,P013,Bright Organizer 13,3,Looks nice but the quality feels pretty basic,2025-08-09
R002345,T006414,C00683,P020,Essential Bag 20,5,Genuinely life changing for my morning routine looked different in the photos,2025-12-23
R002346,T003229,C00726,P020,Essential Bag 20,1,Awful. Just awful. Save yourself the headache customer support got back to me fast,2025-10-11
R002347,T002461,C00411,P014,Active Mat 14,1,looks cheap feels cheap and it doesnt even work,2025-10-01
R002348,T000495,C00668,P015,Calm Cream 15,5,I USE IT CONSTANTLY AND IT STILL LOOKS BRAND NEW,2025-02-22
R002349,T003511,C00589,P022,Active Mat 22,3,could be better but could be worse,2025-09-24
R002350,T000871,C00363,P007,Calm Cream 07,5,This is SO good why did i wait so long delivery took forever,2025-02-25
R002351,T005084,C00065,P014,Active Mat 14,2,Was expecting better. sadly no,2025-12-13
R002352,T004357,C00945,P011,Urban Bottle 11,2,not worth the hassle,2025-11-09
R002353,T005074,C00996,P011,Urban Bottle 11,5,This is SO good why did i wait so long my friend has one too,2025-11-08
R002354,T003259,C00551,P016,Modern Serum 16,3,Works like it should but doesnt wow me,2025-11-05
R002355,T004344,C00201,P019,Urban Bottle 19,5,Bought as a gift and now keeping it for myself lol my friend has one too,2025-09-01
R002356,T000636,C00957,P022,Active Mat 22,4,Happy with it. delivery was quick too customer support got back to me fast,2025-04-16
R002357,T006525,C00394,P003,Urban Bottle 03,2,Quality control seems all over the place,2025-12-30
R002358,T002331,C00373,P001,Daily Lamp 01,3,NOT BAD NOT GREAT EITHER,2025-08-16
R002359,T002364,C00054,P029,Bright Organizer 29,4,happy with it delivery was quick too,2025-07-14
R002360,T003144,C00391,P021,Bright Organizer 21,3,Nothing to complain about nothing to rave about,2025-09-20
R002361,T005230,C00940,P017,Daily Lamp 17,3,Some things are good and some are just odd,2025-12-03
R002362,T003160,C00158,P029,Bright Organizer 29,3,Average product average price average experience,2025-12-01
R002363,T003180,C00866,P017,Daily Lamp 17,5,"Incredible quality for the price, wow",2025-06-18
R002364,T000997,C00526,P010,Pure Band 10,1,one star because zero isnt an option delivery took forever,2025-03-29
R002365,T002210,C00955,P021,Bright Organizer 21,3,"I use it, just dont love it",2025-06-02
R002366,T004070,C00138,P022,Active Mat 22,5,PERFECT IN EVERY WAY. NO NOTES,2025-12-18
R002367,T001023,C00992,P010,Pure Band 10,5,I LOVE IT already ordered another one bought it during the sale,2025-05-13
R002368,T000841,C00887,P009,Daily Lamp 09,5,A no complaints at all,2025-03-13
R002369,T005482,C00686,P007,Calm Cream 07,5,A+++ NO COMPLAINTS AT ALL,2025-12-16
R002370,T001223,C00620,P016,Modern Serum 16,5,Exceeded every expectation by a mile,2025-03-19
R002371,T001679,C00109,P017,Daily Lamp 17,5,Bought as a gift and now keeping it for myself lol,2025-08-03
R002372,T003366,C00168,P017,Daily Lamp 17,4,Good value gets used every day,2025-09-24
R002373,T002831,C00945,P007,Calm Cream 07,5,i love it. already ordered another one,2025-11-25
R002374,T002433,C00529,P004,Essential Bag 04,3,Works like it should but doesnt wow me bought it during the sale,2025-10-04
R002375,T000524,C00869,P012,Essential Bag 12,4,Pretty impressed tbh,2025-05-18
R002376,T004654,C00143,P025,Daily Lamp 25,5,This is SO good why did i wait so long,2025-10-06
R002377,T005917,C00696,P029,Bright Organizer 29,4,"Solid little product, would recommend",2025-11-19
R002378,T002216,C00207,P021,Bright Organizer 21,3,"Average product, average price, average experience packaging was a bit much",2025-10-09
R002379,T001260,C00028,P019,Urban Bottle 19,4,Does exactly what it says on the tin,2025-06-07
R002380,T000593,C00153,P001,Daily Lamp 01,3,Some things are good and some are just odd saw it on instagram first,2025-03-30
R002381,T001759,C00936,P011,Urban Bottle 11,1,Absolute rubbish. Fell apart after two days. customer support got back to me fast,2025-04-16
R002382,T000598,C00270,P022,Active Mat 22,3,Looks nice but the quality feels pretty basic,2025-03-25
R002383,T000325,C00921,P009,Daily Lamp 09,3,Looks nice but the quality feels pretty basic bought it during the sale,2025-06-27
R002384,T000733,C00910,P004,Essential Bag 04,5,My new favorite thing in the house,2025-04-24
R002385,T006394,C00429,P017,Daily Lamp 17,3,Average product average price average experience,2025-12-20
R002386,T005785,C00056,P017,Daily Lamp 17,3,I have mixed feelings about this one,2025-12-07
R002387,T001411,C00893,P019,Urban Bottle 19,5,"Best purchase ive made in months, hands down",2025-06-02
R002388,T000455,C00904,P013,Bright Organizer 13,4,Nice quality. took a star off for the price,2025-05-06
R002389,T001599,C00150,P030,Active Mat 30,3,"I use it, just dont love it",2025-08-26
R002390,T006009,C00147,P028,Essential Bag 28,5,This is SO good why did i wait so long,2025-12-06
R002391,T005012,C00488,P027,Urban Bottle 27,4,"Good product, instructions could be clearer",2025-11-07
R002392,T004264,C00055,P026,Pure Band 26,2,Was expecting better. sadly no,2025-12-14
R002393,T002142,C00001,P006,Active Mat 06,2,Was expecting better. sadly no,2025-05-25
R002394,T001815,C00260,P004,Essential Bag 04,3,"Works as expected, which is fine",2025-06-07
R002395,T004893,C00629,P011,Urban Bottle 11,5,Absolutely obsessed with this. Best purchase this year!!! shipping was quick,2025-10-30
R002396,T001611,C00537,P028,Essential Bag 28,5,I use it constantly and it still looks brand new,2025-06-08
R002397,T001616,C00703,P009,Daily Lamp 09,1,Not as described at all. seriously disappointing,2025-05-31
R002398,T004657,C00888,P027,Urban Bottle 27,4,bought one for my sister too,2025-09-29
R002399,T003295,C00808,P008,Modern Serum 08,4,I reach for this all the time now,2025-09-27
R002400,T005993,C00218,P017,Daily Lamp 17,5,best purchase ive made in months hands down,2025-11-23
R002401,T004748,C00823,P007,Calm Cream 07,2,Too expensive for something this average my friend has one too,2025-09-29
R002402,T006197,C00172,P024,Modern Serum 24,1,Worst thing ive bought in ages honestly furious my friend has one too,2025-12-25
R002403,T003065,C00763,P025,Daily Lamp 25,5,perfect in every way. no notes,2025-08-19
R002404,T002103,C00543,P024,Modern Serum 24,1,It broke immediately. customer service was useless too,2025-06-30
R002405,T005159,C00135,P011,Urban Bottle 11,4,"good product, instructions could be clearer",2025-12-11
R002406,T000736,C00193,P022,Active Mat 22,4,Really useful and nicer than I expected!!,2025-02-18
R002407,T005745,C00426,P014,Active Mat 14,3,"Nothing to complain about, nothing to rave about delivery took forever",2025-12-13
R002408,T004909,C00467,P028,Essential Bag 28,5,I LOVE IT. already ordered another one,2025-09-26
R002409,T003668,C00894,P005,Bright Organizer 05,3,okay for now. lets see how long it lasts customer support got back to me fast,2025-11-30
R002410,T004658,C00352,P029,Bright Organizer 29,2,Not worth the hassle,2025-10-18
R002411,T003724,C00570,P021,Bright Organizer 21,3,"I use it, just dont love it",2025-10-01
R002412,T002067,C00313,P011,Urban Bottle 11,1,looks cheap feels cheap and it doesnt even work,2025-08-21
R002413,T001296,C00696,P025,Daily Lamp 25,3,Could be better but could be worse!!,2025-03-23
R002414,T003338,C00764,P014,Active Mat 14,2,Quality control seems all over the place customer support got back to me fast,2025-06-25
R002415,T003490,C00208,P003,Urban Bottle 03,3,"Works as expected, which is fine",2025-09-03
R002416,T002417,C00757,P019,Urban Bottle 19,3,I use it just dont love it,2025-07-10
R002417,T002487,C00116,P012,Essential Bag 12,4,Works perfectly for what I needed,2025-05-25
R002418,T003939,C00870,P019,Urban Bottle 19,4,Nice quality. took a star off for the price saw it on instagram first,2025-09-30
R002419,T003380,C00397,P017,Daily Lamp 17,5,Incredible quality for the price wow looked different in the photos,2025-11-26
R002420,T000168,C00731,P021,Bright Organizer 21,3,I have mixed feelings about this one,2025-03-15
R002421,T004317,C00652,P014,Active Mat 14,3,"Nothing to complain about, nothing to rave about",2025-12-06
R002422,T002935,C00738,P019,Urban Bottle 19,2,Kinda disappointing tbh,2025-08-22
R002423,T003244,C00594,P011,Urban Bottle 11,4,Happy with it. delivery was quick too,2025-09-22
R002424,T003900,C00365,P020,Essential Bag 20,5,Obsessed obsessed obsessed,2025-12-09
R002425,T004398,C00512,P024,Modern Serum 24,5,Best thing ever. I tell everyone about it packaging was a bit much,2025-11-16
R002426,T002929,C00076,P002,Pure Band 02,5,genuinely life changing for my morning routine,2025-10-08
R002427,T001569,C00729,P005,Bright Organizer 05,5,BOUGHT AS A GIFT AND NOW KEEPING IT FOR MYSELF LOL LOOKED DIFFERENT IN THE PHOTOS,2025-07-22
R002428,T006299,C00330,P019,Urban Bottle 19,3,Not bad! Not great either,2025-12-29
R002429,T002155,C00873,P013,Bright Organizer 13,4,Does exactly what it says on the tin,2025-05-26
R002430,T001607,C00751,P012,Essential Bag 12,4,Nice quality took a star off for the price packaging was a bit much,2025-09-06
R002431,T005719,C00544,P012,Essential Bag 12,4,Really useful and nicer than I expected.,2025-12-03
R002432,T004841,C00443,P006,Active Mat 06,2,Had to return it. Shame because the idea was good delivery took forever,2025-11-22
R002433,T004752,C00922,P013,Bright Organizer 13,4,Really useful and nicer than I expected.,2025-09-12
R002434,T002455,C00366,P013,Bright Organizer 13,4,nice quality. took a star off for the price,2025-10-01
R002435,T000442,C00397,P025,Daily Lamp 25,3,Fine i guess a few annoying bits,2025-03-24
R002436,T005564,C00143,P025,Daily Lamp 25,5,"Best purchase ive made in months, hands down",2025-12-08
R002437,T003148,C00436,P026,Pure Band 26,5,A no complaints at all,2025-09-19
R002438,T002441,C00816,P012,Essential Bag 12,3,Decent once you figure out how it works,2025-06-09
R002439,T000159,C00097,P019,Urban Bottle 19,5,Exceeded every expectation by a mile,2025-05-18
R002440,T004813,C00101,P015,Calm Cream 15,3,"Nothing to complain about, nothing to rave about",2025-09-25
R002441,T005021,C00258,P002,Pure Band 02,5,Obsessed. obsessed. obsessed.,2025-10-28
R002442,T000638,C00443,P025,Daily Lamp 25,3,"Fine i guess, a few annoying bits",2025-06-07
R002443,T002462,C00419,P007,Calm Cream 07,3,"Nothing to complain about, nothing to rave about",2025-09-06
R002444,T005404,C00535,P020,Essential Bag 20,4,really useful and nicer than i expected.,2025-12-18
R002445,T004191,C00599,P026,Pure Band 26,4,Better than the one I replaced,2025-10-13
R002446,T000067,C00084,P026,Pure Band 26,2,meh. feels flimsy,2025-05-05
R002447,T000019,C00855,P027,Urban Bottle 27,3,Looks nice but the quality feels pretty basic,2025-03-18
R002448,T005601,C00978,P014,Active Mat 14,5,Absolutely obsessed with this. Best purchase this year!!! packaging was a bit much,2025-12-26
R002449,T000316,C00766,P028,Essential Bag 28,3,"I use it, just dont love it",2025-04-21
R002450,T003666,C00344,P009,Daily Lamp 09,1,Would give negative stars if i could!!! bought it during the sale,2025-08-18
R002451,T005181,C00176,P011,Urban Bottle 11,5,Absolutely obsessed with this. Best purchase this year!!!!!,2025-10-19
R002452,T004328,C00976,P012,Essential Bag 12,2,Too expensive for something this average,2025-10-17
R002453,T006112,C00269,P003,Urban Bottle 03,5,Best thing ever I tell everyone about it,2025-12-04
R002454,T003791,C00755,P013,Bright Organizer 13,5,my new favorite thing in the house,2025-10-28
R002455,T004785,C00952,P025,Daily Lamp 25,2,The photos made it look much better than it is saw it on instagram first...,2025-09-28
R002456,T003104,C00361,P010,Pure Band 10,3,It does the job. Nothing special.,2025-08-02
R002457,T001073,C00936,P028,Essential Bag 28,5,Best thing ever. I tell everyone about it,2025-04-03
R002458,T001535,C00089,P020,Essential Bag 20,3,Decent once you figure out how it works,2025-06-18
R002459,T006353,C00860,P009,Daily Lamp 09,4,Bought one for my sister too,2025-12-28
R002460,T003489,C00968,P026,Pure Band 26,2,Would be ok at half the price,2025-07-23
R002461,T000759,C00220,P004,Essential Bag 04,2,Not great. I expected more for the price.,2025-02-25
R002462,T005377,C00309,P029,Bright Organizer 29,2,Quality control seems all over the place,2025-11-18
R002463,T000513,C00618,P012,Essential Bag 12,1,Awful. Just awful. Save yourself the headache,2025-07-25
R002464,T000757,C00705,P001,Daily Lamp 01,5,10/10 would buy again and again,2025-06-06
R002465,T003094,C00445,P008,Modern Serum 08,5,Bought as a gift and now keeping it for myself lol...,2025-07-20
R002466,T000764,C00777,P018,Pure Band 18,1,The smell is HORRIBLE and it did nothing,2025-04-12
R002467,T004971,C00987,P021,Bright Organizer 21,5,Absolutely obsessed with this Best purchase this year saw it on instagram first,2025-10-15
R002468,T005541,C00201,P020,Essential Bag 20,4,Nice quality. took a star off for the price,2025-12-19
R002469,T001103,C00416,P016,Modern Serum 16,4,"Good product, instructions could be clearer packaging was a bit much",2025-08-23
R002470,T002061,C00096,P027,Urban Bottle 27,2,IT TECHNICALLY WORKS BUT I DONT LIKE USING IT,2025-07-30
R002471,T005886,C00808,P027,Urban Bottle 27,3,Looks nice but the quality feels pretty basic customer support got back to me fast,2025-12-28
R002472,T000682,C00691,P004,Essential Bag 04,3,Looks nice but the quality feels pretty basic looked different in the photos,2025-05-10
R002473,T005369,C00179,P013,Bright Organizer 13,5,finally something that actually works!!!,2025-12-06
R002474,T002654,C00218,P007,Calm Cream 07,1,Three weeks and already in the bin,2025-10-25
R002475,T002024,C00801,P008,Modern Serum 08,3,"Fine i guess, a few annoying bits",2025-09-28
R002476,T002145,C00063,P018,Pure Band 18,3,Not bad! Not great either,2025-04-25
R002477,T001045,C00147,P011,Urban Bottle 11,2,Was expecting better. sadly no,2025-05-13
R002478,T003168,C00420,P004,Essential Bag 04,3,Decent once you figure out how it works,2025-10-22
R002479,T006102,C00747,P017,Daily Lamp 17,5,I LOVE IT. already ordered another one,2025-12-21
R002480,T001711,C00701,P001,Daily Lamp 01,3,"Works as expected, which is fine",2025-04-30
R002481,T004790,C00742,P019,Urban Bottle 19,5,This is SO good why did i wait so long,2025-10-28
R002482,T002522,C00392,P012,Essential Bag 12,5,Bought as a gift and now keeping it for myself lol,2025-08-06
R002483,T000929,C00120,P016,Modern Serum 16,2,Too expensive for something this average packaging was a bit much,2025-03-03
R002484,T002212,C00707,P025,Daily Lamp 25,3,"Works as expected, which is fine",2025-05-12
R002485,T002306,C00709,P005,Bright Organizer 05,5,Obsessed. obsessed. obsessed.,2025-10-03
R002486,T000605,C00901,P009,Daily Lamp 09,5,My new favorite thing in the house,2025-06-21
R002487,T000555,C00493,P022,Active Mat 22,1,THE SMELL IS HORRIBLE AND IT DID NOTHING,2025-07-11
R002488,T002763,C00164,P016,Modern Serum 16,3,Works as expected which is fine saw it on instagram first,2025-10-13
R002489,T006303,C00934,P019,Urban Bottle 19,5,I use it constantly and it still looks brand new,2025-12-16
R002490,T004412,C00945,P003,Urban Bottle 03,2,Not worth the hassle my friend has one too,2025-11-04
R002491,T001016,C00047,P012,Essential Bag 12,3,Could be better but could be worse,2025-06-14
R002492,T006439,C00695,P021,Bright Organizer 21,4,"love the design, one small issue with the packaging looked different in the photos",2025-12-24
R002493,T003351,C00308,P021,Bright Organizer 21,4,Easy to use and feels pretty sturdy??,2025-10-29
R002494,T006200,C00683,P016,Modern Serum 16,4,Better than the one I replaced saw it on instagram first,2025-12-14
R002495,T002088,C00103,P028,Essential Bag 28,2,Arrived late and the packaging was a mess bought it during the sale!!,2025-05-29
R002496,T003713,C00803,P024,Modern Serum 24,5,Finally something that actually works!!!,2025-08-19
R002497,T002485,C00888,P024,Modern Serum 24,3,Some things are good and some are just odd bought it during the sale,2025-10-01
R002498,T004767,C00325,P013,Bright Organizer 13,4,Nice quality. took a star off for the price,2025-09-25
R002499,T000350,C00151,P029,Bright Organizer 29,5,Perfect in every way no notes,2025-02-15
R002500,T003871,C00490,P019,Urban Bottle 19,5,Perfect in every way no notes,2025-12-08
