transaction_id,currency_code,customer_id,product_id,product_name,quantity,list_unit_price,unit_price,discount_rate,promotion_code,gross_total,discount_amount,transaction_total,return_status,returned_quantity,return_date,refund_amount,net_total,date,sales_channel,campaign_send_id,visit_id
T000001,EUR,C00799,P012,Essential Bag 12,1,99.7,99.7,0.0,,99.7,0.0,99.7,none,0,,0.0,99.7,2025-01-01,other,,
T000002,EUR,C00319,P018,Pure Band 18,1,68.13,57.91,0.15,WEEKEND15,68.13,10.22,57.91,none,0,,0.0,57.91,2025-01-01,other,,
T000003,EUR,C00308,P007,Calm Cream 07,2,21.92,21.92,0.0,,43.84,0.0,43.84,none,0,,0.0,43.84,2025-01-01,other,,
T000004,EUR,C00068,P028,Essential Bag 28,1,98.03,93.13,0.05,WELCOME5,98.03,4.9,93.13,none,0,,0.0,93.13,2025-01-01,other,,
T000005,EUR,C00153,P009,Daily Lamp 09,1,27.05,27.05,0.0,,27.05,0.0,27.05,none,0,,0.0,27.05,2025-01-01,other,,
T000006,EUR,C00110,P002,Pure Band 02,1,19.22,18.26,0.05,WELCOME5,19.22,0.96,18.26,full,1,2025-01-24,18.26,0.0,2025-01-01,website,,V001261
T000007,EUR,C00518,P014,Active Mat 14,1,55.09,55.09,0.0,,55.09,0.0,55.09,none,0,,0.0,55.09,2025-01-01,other,,
T000008,EUR,C00062,P030,Active Mat 30,2,15.8,15.8,0.0,,31.6,0.0,31.6,none,0,,0.0,31.6,2025-01-01,other,,
T000009,EUR,C00599,P018,Pure Band 18,1,68.13,68.13,0.0,,68.13,0.0,68.13,none,0,,0.0,68.13,2025-01-01,website,,V005307
T000010,EUR,C00915,P006,Active Mat 06,1,104.36,104.36,0.0,,104.36,0.0,104.36,none,0,,0.0,104.36,2025-01-01,other,,
T000011,EUR,C00469,P003,Urban Bottle 03,1,105.26,105.26,0.0,,105.26,0.0,105.26,none,0,,0.0,105.26,2025-01-01,website,,V005363
T000012,EUR,C00742,P015,Calm Cream 15,1,26.81,26.81,0.0,,26.81,0.0,26.81,none,0,,0.0,26.81,2025-01-01,other,,
T000013,EUR,C00258,P023,Calm Cream 23,1,43.34,43.34,0.0,,43.34,0.0,43.34,none,0,,0.0,43.34,2025-01-01,other,,
T000014,EUR,C00825,P023,Calm Cream 23,1,43.34,43.34,0.0,,43.34,0.0,43.34,none,0,,0.0,43.34,2025-01-01,other,,
T000015,EUR,C00353,P011,Urban Bottle 11,2,58.41,58.41,0.0,,116.82,0.0,116.82,none,0,,0.0,116.82,2025-01-01,other,,
T000016,EUR,C00280,P009,Daily Lamp 09,1,27.05,22.99,0.15,WEEKEND15,27.05,4.06,22.99,none,0,,0.0,22.99,2025-01-01,other,,
T000017,EUR,C00666,P021,Bright Organizer 21,2,91.23,77.55,0.15,WEEKEND15,182.46,27.36,155.1,none,0,,0.0,155.1,2025-01-01,other,,
T000018,EUR,C00563,P030,Active Mat 30,3,15.8,15.8,0.0,,47.4,0.0,47.4,none,0,,0.0,47.4,2025-01-01,other,,
T000019,EUR,C00855,P027,Urban Bottle 27,1,102.64,102.64,0.0,,102.64,0.0,102.64,none,0,,0.0,102.64,2025-01-01,other,,
T000020,EUR,C00209,P007,Calm Cream 07,1,21.92,21.92,0.0,,21.92,0.0,21.92,none,0,,0.0,21.92,2025-01-02,other,,
T000021,EUR,C00115,P006,Active Mat 06,1,104.36,104.36,0.0,,104.36,0.0,104.36,none,0,,0.0,104.36,2025-01-02,other,,
T000022,EUR,C00386,P001,Daily Lamp 01,2,96.68,96.68,0.0,,193.36,0.0,193.36,none,0,,0.0,193.36,2025-01-02,other,,
T000023,EUR,C00388,P005,Bright Organizer 05,1,70.21,70.21,0.0,,70.21,0.0,70.21,none,0,,0.0,70.21,2025-01-02,other,,
T000024,EUR,C00678,P019,Urban Bottle 19,1,61.21,61.21,0.0,,61.21,0.0,61.21,full,1,2025-01-20,61.21,0.0,2025-01-02,other,,
T000025,EUR,C00460,P019,Urban Bottle 19,1,61.21,61.21,0.0,,61.21,0.0,61.21,none,0,,0.0,61.21,2025-01-02,other,,
T000026,EUR,C00522,P012,Essential Bag 12,1,99.7,99.7,0.0,,99.7,0.0,99.7,none,0,,0.0,99.7,2025-01-02,other,,
T000027,EUR,C00495,P019,Urban Bottle 19,1,61.21,61.21,0.0,,61.21,0.0,61.21,none,0,,0.0,61.21,2025-01-02,other,,
T000028,EUR,C00085,P022,Active Mat 22,2,31.79,31.79,0.0,,63.58,0.0,63.58,none,0,,0.0,63.58,2025-01-02,other,,
T000029,EUR,C00185,P018,Pure Band 18,1,68.13,68.13,0.0,,68.13,0.0,68.13,none,0,,0.0,68.13,2025-01-02,website,,V005517
T000030,EUR,C00144,P012,Essential Bag 12,1,99.7,89.73,0.1,LOYALTY10,99.7,9.97,89.73,none,0,,0.0,89.73,2025-01-02,other,,
T000031,EUR,C00708,P027,Urban Bottle 27,4,102.64,102.64,0.0,,410.56,0.0,410.56,none,0,,0.0,410.56,2025-01-02,other,,
T000032,EUR,C00484,P005,Bright Organizer 05,2,70.21,66.7,0.05,WELCOME5,140.42,7.02,133.4,none,0,,0.0,133.4,2025-01-02,other,,
T000033,EUR,C00336,P007,Calm Cream 07,1,21.92,21.92,0.0,,21.92,0.0,21.92,none,0,,0.0,21.92,2025-01-02,other,,
T000034,EUR,C00457,P023,Calm Cream 23,2,43.34,43.34,0.0,,86.68,0.0,86.68,none,0,,0.0,86.68,2025-01-02,other,,
T000035,EUR,C00863,P012,Essential Bag 12,1,99.7,99.7,0.0,,99.7,0.0,99.7,none,0,,0.0,99.7,2025-01-02,other,,
T000036,EUR,C00888,P017,Daily Lamp 17,1,94.4,94.4,0.0,,94.4,0.0,94.4,none,0,,0.0,94.4,2025-01-02,other,,
T000037,EUR,C00462,P008,Modern Serum 08,1,76.74,76.74,0.0,,76.74,0.0,76.74,none,0,,0.0,76.74,2025-01-02,other,,
T000038,EUR,C00158,P007,Calm Cream 07,1,21.92,21.92,0.0,,21.92,0.0,21.92,none,0,,0.0,21.92,2025-01-02,other,,
T000039,EUR,C00727,P008,Modern Serum 08,4,76.74,76.74,0.0,,306.96,0.0,306.96,none,0,,0.0,306.96,2025-01-03,other,,
T000040,EUR,C00110,P029,Bright Organizer 29,1,15.67,15.67,0.0,,15.67,0.0,15.67,none,0,,0.0,15.67,2025-01-03,other,,
T000041,EUR,C00781,P023,Calm Cream 23,1,43.34,43.34,0.0,,43.34,0.0,43.34,none,0,,0.0,43.34,2025-01-03,other,,
T000042,EUR,C00406,P030,Active Mat 30,2,15.8,15.8,0.0,,31.6,0.0,31.6,none,0,,0.0,31.6,2025-01-03,other,,
T000043,EUR,C00170,P013,Bright Organizer 13,1,48.36,45.94,0.05,WELCOME5,48.36,2.42,45.94,none,0,,0.0,45.94,2025-01-03,other,,
T000044,EUR,C00841,P006,Active Mat 06,1,104.36,104.36,0.0,,104.36,0.0,104.36,none,0,,0.0,104.36,2025-01-03,website,,V004473
T000045,EUR,C00854,P010,Pure Band 10,1,31.57,31.57,0.0,,31.57,0.0,31.57,none,0,,0.0,31.57,2025-01-03,other,,
T000046,EUR,C00858,P024,Modern Serum 24,1,66.52,66.52,0.0,,66.52,0.0,66.52,none,0,,0.0,66.52,2025-01-03,other,,
T000047,EUR,C00088,P016,Modern Serum 16,2,91.2,91.2,0.0,,182.4,0.0,182.4,none,0,,0.0,182.4,2025-01-03,other,,
T000048,EUR,C00709,P002,Pure Band 02,1,19.22,19.22,0.0,,19.22,0.0,19.22,none,0,,0.0,19.22,2025-01-03,other,,
T000049,EUR,C00008,P014,Active Mat 14,2,55.09,46.83,0.15,WEEKEND15,110.18,16.52,93.66,none,0,,0.0,93.66,2025-01-03,other,,
T000050,EUR,C00039,P015,Calm Cream 15,1,26.81,26.81,0.0,,26.81,0.0,26.81,none,0,,0.0,26.81,2025-01-03,other,,
T000051,EUR,C00463,P019,Urban Bottle 19,1,61.21,61.21,0.0,,61.21,0.0,61.21,none,0,,0.0,61.21,2025-01-03,other,,
T000052,EUR,C00402,P014,Active Mat 14,2,55.09,52.34,0.05,WELCOME5,110.18,5.5,104.68,none,0,,0.0,104.68,2025-01-03,other,,
T000053,EUR,C00980,P021,Bright Organizer 21,1,91.23,91.23,0.0,,91.23,0.0,91.23,none,0,,0.0,91.23,2025-01-03,other,,
T000054,EUR,C00372,P006,Active Mat 06,1,104.36,93.92,0.1,LOYALTY10,104.36,10.44,93.92,none,0,,0.0,93.92,2025-01-04,other,,
T000055,EUR,C00488,P015,Calm Cream 15,1,26.81,26.81,0.0,,26.81,0.0,26.81,none,0,,0.0,26.81,2025-01-04,other,,
T000056,EUR,C00420,P012,Essential Bag 12,2,99.7,99.7,0.0,,199.4,0.0,199.4,none,0,,0.0,199.4,2025-01-04,other,,
T000057,EUR,C00811,P004,Essential Bag 04,2,83.73,83.73,0.0,,167.46,0.0,167.46,none,0,,0.0,167.46,2025-01-04,other,,
T000058,EUR,C00642,P002,Pure Band 02,2,19.22,19.22,0.0,,38.44,0.0,38.44,none,0,,0.0,38.44,2025-01-04,other,,
T000059,EUR,C00684,P007,Calm Cream 07,2,21.92,21.92,0.0,,43.84,0.0,43.84,none,0,,0.0,43.84,2025-01-04,other,,
T000060,EUR,C00252,P013,Bright Organizer 13,2,48.36,48.36,0.0,,96.72,0.0,96.72,none,0,,0.0,96.72,2025-01-04,other,,
T000061,EUR,C00561,P024,Modern Serum 24,1,66.52,59.87,0.1,LOYALTY10,66.52,6.65,59.87,none,0,,0.0,59.87,2025-01-04,website,,V001983
T000062,EUR,C00375,P001,Daily Lamp 01,2,96.68,96.68,0.0,,193.36,0.0,193.36,none,0,,0.0,193.36,2025-01-04,other,,
T000063,EUR,C00608,P005,Bright Organizer 05,1,70.21,70.21,0.0,,70.21,0.0,70.21,none,0,,0.0,70.21,2025-01-04,other,,
T000064,EUR,C00521,P009,Daily Lamp 09,2,27.05,27.05,0.0,,54.1,0.0,54.1,none,0,,0.0,54.1,2025-01-04,website,,V003390
T000065,EUR,C00995,P018,Pure Band 18,1,68.13,68.13,0.0,,68.13,0.0,68.13,none,0,,0.0,68.13,2025-01-04,other,,
T000066,EUR,C00098,P019,Urban Bottle 19,3,61.21,61.21,0.0,,183.63,0.0,183.63,full,3,2025-01-25,183.63,0.0,2025-01-04,other,,
T000067,EUR,C00084,P026,Pure Band 26,3,23.03,19.58,0.15,WEEKEND15,69.09,10.35,58.74,none,0,,0.0,58.74,2025-01-04,other,,
T000068,EUR,C00616,P008,Modern Serum 08,2,76.74,76.74,0.0,,153.48,0.0,153.48,none,0,,0.0,153.48,2025-01-04,website,,V005982
T000069,EUR,C00512,P011,Urban Bottle 11,2,58.41,58.41,0.0,,116.82,0.0,116.82,none,0,,0.0,116.82,2025-01-04,other,,
T000070,EUR,C00743,P021,Bright Organizer 21,1,91.23,91.23,0.0,,91.23,0.0,91.23,none,0,,0.0,91.23,2025-01-04,website,,V007999
T000071,EUR,C00318,P009,Daily Lamp 09,1,27.05,27.05,0.0,,27.05,0.0,27.05,none,0,,0.0,27.05,2025-01-04,other,,
T000072,EUR,C00032,P005,Bright Organizer 05,2,70.21,70.21,0.0,,140.42,0.0,140.42,none,0,,0.0,140.42,2025-01-05,other,,
T000073,EUR,C00159,P025,Daily Lamp 25,1,101.88,101.88,0.0,,101.88,0.0,101.88,none,0,,0.0,101.88,2025-01-05,other,,
T000074,EUR,C00552,P004,Essential Bag 04,2,83.73,83.73,0.0,,167.46,0.0,167.46,none,0,,0.0,167.46,2025-01-05,other,,
T000075,EUR,C00410,P022,Active Mat 22,1,31.79,31.79,0.0,,31.79,0.0,31.79,none,0,,0.0,31.79,2025-01-05,website,,V007706
T000076,EUR,C00163,P026,Pure Band 26,4,23.03,23.03,0.0,,92.12,0.0,92.12,none,0,,0.0,92.12,2025-01-05,other,,
T000077,EUR,C00555,P002,Pure Band 02,2,19.22,19.22,0.0,,38.44,0.0,38.44,none,0,,0.0,38.44,2025-01-05,other,,
T000078,EUR,C00907,P002,Pure Band 02,1,19.22,18.26,0.05,WELCOME5,19.22,0.96,18.26,none,0,,0.0,18.26,2025-01-05,other,,
T000079,EUR,C00916,P005,Bright Organizer 05,1,70.21,70.21,0.0,,70.21,0.0,70.21,full,1,2025-01-27,70.21,0.0,2025-01-05,other,,
T000080,EUR,C00609,P006,Active Mat 06,1,104.36,104.36,0.0,,104.36,0.0,104.36,none,0,,0.0,104.36,2025-01-05,other,,
T000081,EUR,C00380,P007,Calm Cream 07,1,21.92,18.63,0.15,WEEKEND15,21.92,3.29,18.63,none,0,,0.0,18.63,2025-01-05,other,,
T000082,EUR,C00813,P001,Daily Lamp 01,2,96.68,87.01,0.1,LOYALTY10,193.36,19.34,174.02,none,0,,0.0,174.02,2025-01-05,other,,
T000083,EUR,C00873,P006,Active Mat 06,1,104.36,104.36,0.0,,104.36,0.0,104.36,none,0,,0.0,104.36,2025-01-05,other,,
T000084,EUR,C00322,P008,Modern Serum 08,1,76.74,65.23,0.15,WEEKEND15,76.74,11.51,65.23,none,0,,0.0,65.23,2025-01-05,other,,
T000085,EUR,C00230,P006,Active Mat 06,1,104.36,104.36,0.0,,104.36,0.0,104.36,full,1,2025-01-09,104.36,0.0,2025-01-05,other,,
T000086,EUR,C00213,P029,Bright Organizer 29,1,15.67,15.67,0.0,,15.67,0.0,15.67,none,0,,0.0,15.67,2025-01-05,other,,
T000087,EUR,C00587,P017,Daily Lamp 17,1,94.4,94.4,0.0,,94.4,0.0,94.4,none,0,,0.0,94.4,2025-01-05,other,,
T000088,EUR,C00689,P001,Daily Lamp 01,2,96.68,82.18,0.15,WEEKEND15,193.36,29.0,164.36,none,0,,0.0,164.36,2025-01-05,other,,
T000089,EUR,C00932,P014,Active Mat 14,1,55.09,55.09,0.0,,55.09,0.0,55.09,none,0,,0.0,55.09,2025-01-05,other,,
T000090,EUR,C00902,P006,Active Mat 06,4,104.36,104.36,0.0,,417.44,0.0,417.44,none,0,,0.0,417.44,2025-01-05,website,,V006977
T000091,EUR,C00128,P025,Daily Lamp 25,1,101.88,101.88,0.0,,101.88,0.0,101.88,none,0,,0.0,101.88,2025-01-05,other,,
T000092,EUR,C00081,P017,Daily Lamp 17,2,94.4,94.4,0.0,,188.8,0.0,188.8,none,0,,0.0,188.8,2025-01-05,website,,V000994
T000093,EUR,C00689,P010,Pure Band 10,1,31.57,29.99,0.05,WELCOME5,31.57,1.58,29.99,none,0,,0.0,29.99,2025-01-06,other,,
T000094,EUR,C00449,P028,Essential Bag 28,1,98.03,98.03,0.0,,98.03,0.0,98.03,none,0,,0.0,98.03,2025-01-06,other,,
T000095,EUR,C00644,P001,Daily Lamp 01,1,96.68,96.68,0.0,,96.68,0.0,96.68,none,0,,0.0,96.68,2025-01-06,other,,
T000096,EUR,C00069,P007,Calm Cream 07,4,21.92,18.63,0.15,WEEKEND15,87.68,13.16,74.52,none,0,,0.0,74.52,2025-01-06,website,,V004443
T000097,EUR,C00082,P026,Pure Band 26,1,23.03,23.03,0.0,,23.03,0.0,23.03,none,0,,0.0,23.03,2025-01-06,website,,V003403
T000098,EUR,C00905,P008,Modern Serum 08,1,76.74,65.23,0.15,WEEKEND15,76.74,11.51,65.23,none,0,,0.0,65.23,2025-01-06,website,,V001560
T000099,EUR,C00650,P026,Pure Band 26,1,23.03,23.03,0.0,,23.03,0.0,23.03,none,0,,0.0,23.03,2025-01-06,other,,
T000100,EUR,C00735,P010,Pure Band 10,1,31.57,31.57,0.0,,31.57,0.0,31.57,none,0,,0.0,31.57,2025-01-06,other,,
T000101,EUR,C00653,P023,Calm Cream 23,2,43.34,39.01,0.1,LOYALTY10,86.68,8.66,78.02,none,0,,0.0,78.02,2025-01-06,other,,
T000102,EUR,C00575,P012,Essential Bag 12,4,99.7,99.7,0.0,,398.8,0.0,398.8,none,0,,0.0,398.8,2025-01-06,other,,
T000103,EUR,C00879,P015,Calm Cream 15,1,26.81,26.81,0.0,,26.81,0.0,26.81,none,0,,0.0,26.81,2025-01-06,other,,
T000104,EUR,C00338,P004,Essential Bag 04,2,83.73,83.73,0.0,,167.46,0.0,167.46,none,0,,0.0,167.46,2025-01-06,other,,
T000105,EUR,C00309,P007,Calm Cream 07,1,21.92,21.92,0.0,,21.92,0.0,21.92,none,0,,0.0,21.92,2025-01-06,other,,
T000106,EUR,C00586,P012,Essential Bag 12,1,99.7,99.7,0.0,,99.7,0.0,99.7,none,0,,0.0,99.7,2025-01-06,other,,
T000107,EUR,C00201,P028,Essential Bag 28,2,98.03,88.23,0.1,LOYALTY10,196.06,19.6,176.46,none,0,,0.0,176.46,2025-01-06,other,,
T000108,EUR,C00618,P005,Bright Organizer 05,2,70.21,63.19,0.1,LOYALTY10,140.42,14.04,126.38,none,0,,0.0,126.38,2025-01-07,other,,
T000109,EUR,C00092,P027,Urban Bottle 27,2,102.64,102.64,0.0,,205.28,0.0,205.28,full,2,2025-02-06,205.28,0.0,2025-01-07,other,,
T000110,EUR,C00093,P006,Active Mat 06,2,104.36,104.36,0.0,,208.72,0.0,208.72,none,0,,0.0,208.72,2025-01-07,other,,
T000111,EUR,C00414,P023,Calm Cream 23,1,43.34,41.17,0.05,WELCOME5,43.34,2.17,41.17,none,0,,0.0,41.17,2025-01-07,other,,
T000112,EUR,C00877,P006,Active Mat 06,1,104.36,104.36,0.0,,104.36,0.0,104.36,none,0,,0.0,104.36,2025-01-07,website,,V005835
T000113,EUR,C00465,P028,Essential Bag 28,1,98.03,98.03,0.0,,98.03,0.0,98.03,none,0,,0.0,98.03,2025-01-07,other,,
T000114,EUR,C00470,P019,Urban Bottle 19,1,61.21,52.03,0.15,WEEKEND15,61.21,9.18,52.03,none,0,,0.0,52.03,2025-01-07,other,,
T000115,EUR,C00239,P018,Pure Band 18,3,68.13,64.72,0.05,WELCOME5,204.39,10.23,194.16,none,0,,0.0,194.16,2025-01-07,other,,
T000116,EUR,C00242,P010,Pure Band 10,1,31.57,31.57,0.0,,31.57,0.0,31.57,none,0,,0.0,31.57,2025-01-07,other,,
T000117,EUR,C00621,P018,Pure Band 18,1,68.13,68.13,0.0,,68.13,0.0,68.13,none,0,,0.0,68.13,2025-01-07,other,,
T000118,EUR,C00660,P028,Essential Bag 28,2,98.03,83.33,0.15,WEEKEND15,196.06,29.4,166.66,none,0,,0.0,166.66,2025-01-07,other,,
T000119,EUR,C00954,P014,Active Mat 14,2,55.09,55.09,0.0,,110.18,0.0,110.18,none,0,,0.0,110.18,2025-01-07,other,,
T000120,EUR,C00176,P012,Essential Bag 12,2,99.7,99.7,0.0,,199.4,0.0,199.4,none,0,,0.0,199.4,2025-01-07,other,,
T000121,EUR,C00266,P005,Bright Organizer 05,1,70.21,70.21,0.0,,70.21,0.0,70.21,none,0,,0.0,70.21,2025-01-07,other,,
T000122,EUR,C00106,P019,Urban Bottle 19,2,61.21,61.21,0.0,,122.42,0.0,122.42,none,0,,0.0,122.42,2025-01-07,other,,
T000123,EUR,C00209,P030,Active Mat 30,4,15.8,15.8,0.0,,63.2,0.0,63.2,none,0,,0.0,63.2,2025-01-07,other,,
T000124,EUR,C00802,P027,Urban Bottle 27,1,102.64,102.64,0.0,,102.64,0.0,102.64,none,0,,0.0,102.64,2025-01-07,other,,
T000125,EUR,C00882,P005,Bright Organizer 05,1,70.21,70.21,0.0,,70.21,0.0,70.21,none,0,,0.0,70.21,2025-01-07,website,,V006604
T000126,EUR,C00848,P011,Urban Bottle 11,2,58.41,58.41,0.0,,116.82,0.0,116.82,none,0,,0.0,116.82,2025-01-07,other,,
T000127,EUR,C00125,P012,Essential Bag 12,1,99.7,99.7,0.0,,99.7,0.0,99.7,none,0,,0.0,99.7,2025-01-07,other,,
T000128,EUR,C00905,P018,Pure Band 18,2,68.13,68.13,0.0,,136.26,0.0,136.26,none,0,,0.0,136.26,2025-01-07,website,,V008845
T000129,EUR,C00131,P023,Calm Cream 23,1,43.34,41.17,0.05,WELCOME5,43.34,2.17,41.17,none,0,,0.0,41.17,2025-01-07,other,,
T000130,EUR,C00368,P023,Calm Cream 23,2,43.34,43.34,0.0,,86.68,0.0,86.68,none,0,,0.0,86.68,2025-01-08,other,,
T000131,EUR,C00380,P018,Pure Band 18,1,68.13,68.13,0.0,,68.13,0.0,68.13,none,0,,0.0,68.13,2025-01-08,other,,
T000132,EUR,C00863,P023,Calm Cream 23,1,43.34,43.34,0.0,,43.34,0.0,43.34,none,0,,0.0,43.34,2025-01-08,other,,
T000133,EUR,C00979,P001,Daily Lamp 01,1,96.68,96.68,0.0,,96.68,0.0,96.68,none,0,,0.0,96.68,2025-01-08,website,,V009237
T000134,EUR,C00948,P023,Calm Cream 23,2,43.34,43.34,0.0,,86.68,0.0,86.68,none,0,,0.0,86.68,2025-01-08,other,,
T000135,EUR,C00576,P025,Daily Lamp 25,2,101.88,101.88,0.0,,203.76,0.0,203.76,none,0,,0.0,203.76,2025-01-08,other,,
T000136,EUR,C00424,P025,Daily Lamp 25,1,101.88,96.79,0.05,WELCOME5,101.88,5.09,96.79,none,0,,0.0,96.79,2025-01-08,other,,
T000137,EUR,C00690,P009,Daily Lamp 09,1,27.05,27.05,0.0,,27.05,0.0,27.05,none,0,,0.0,27.05,2025-01-08,other,,
T000138,EUR,C00514,P013,Bright Organizer 13,2,48.36,43.52,0.1,LOYALTY10,96.72,9.68,87.04,none,0,,0.0,87.04,2025-01-08,other,,
T000139,EUR,C00755,P003,Urban Bottle 03,2,105.26,105.26,0.0,,210.52,0.0,210.52,none,0,,0.0,210.52,2025-01-08,other,,
T000140,EUR,C00949,P003,Urban Bottle 03,2,105.26,105.26,0.0,,210.52,0.0,210.52,none,0,,0.0,210.52,2025-01-08,other,,
T000141,EUR,C00105,P018,Pure Band 18,2,68.13,68.13,0.0,,136.26,0.0,136.26,none,0,,0.0,136.26,2025-01-08,other,,
T000142,EUR,C00888,P025,Daily Lamp 25,1,101.88,101.88,0.0,,101.88,0.0,101.88,none,0,,0.0,101.88,2025-01-08,other,,
T000143,EUR,C00024,P009,Daily Lamp 09,1,27.05,27.05,0.0,,27.05,0.0,27.05,none,0,,0.0,27.05,2025-01-08,website,,V000602
T000144,EUR,C00736,P017,Daily Lamp 17,1,94.4,94.4,0.0,,94.4,0.0,94.4,none,0,,0.0,94.4,2025-01-08,other,,
T000145,EUR,C00027,P013,Bright Organizer 13,1,48.36,43.52,0.1,LOYALTY10,48.36,4.84,43.52,none,0,,0.0,43.52,2025-01-08,other,,
T000146,EUR,C00190,P025,Daily Lamp 25,1,101.88,101.88,0.0,,101.88,0.0,101.88,none,0,,0.0,101.88,2025-01-08,other,,
T000147,EUR,C00542,P025,Daily Lamp 25,1,101.88,96.79,0.05,WELCOME5,101.88,5.09,96.79,none,0,,0.0,96.79,2025-01-08,other,,
T000148,EUR,C00202,P009,Daily Lamp 09,2,27.05,27.05,0.0,,54.1,0.0,54.1,none,0,,0.0,54.1,2025-01-08,website,,V004907
T000149,EUR,C00260,P001,Daily Lamp 01,1,96.68,96.68,0.0,,96.68,0.0,96.68,none,0,,0.0,96.68,2025-01-08,website,,V007761
T000150,EUR,C00793,P007,Calm Cream 07,1,21.92,20.82,0.05,WELCOME5,21.92,1.1,20.82,none,0,,0.0,20.82,2025-01-09,other,,
T000151,EUR,C00580,P016,Modern Serum 16,1,91.2,91.2,0.0,,91.2,0.0,91.2,none,0,,0.0,91.2,2025-01-09,other,,
T000152,EUR,C00492,P030,Active Mat 30,1,15.8,15.8,0.0,,15.8,0.0,15.8,none,0,,0.0,15.8,2025-01-09,other,,
T000153,EUR,C00005,P007,Calm Cream 07,1,21.92,21.92,0.0,,21.92,0.0,21.92,none,0,,0.0,21.92,2025-01-09,other,,
T000154,EUR,C00032,P006,Active Mat 06,1,104.36,104.36,0.0,,104.36,0.0,104.36,none,0,,0.0,104.36,2025-01-09,other,,
T000155,EUR,C00401,P007,Calm Cream 07,1,21.92,21.92,0.0,,21.92,0.0,21.92,none,0,,0.0,21.92,2025-01-09,other,,
T000156,EUR,C00795,P007,Calm Cream 07,1,21.92,19.73,0.1,LOYALTY10,21.92,2.19,19.73,none,0,,0.0,19.73,2025-01-09,other,,
T000157,EUR,C00432,P006,Active Mat 06,1,104.36,99.14,0.05,WELCOME5,104.36,5.22,99.14,none,0,,0.0,99.14,2025-01-09,other,,
T000158,EUR,C00469,P001,Daily Lamp 01,1,96.68,96.68,0.0,,96.68,0.0,96.68,none,0,,0.0,96.68,2025-01-09,other,,
T000159,EUR,C00097,P019,Urban Bottle 19,1,61.21,61.21,0.0,,61.21,0.0,61.21,none,0,,0.0,61.21,2025-01-09,other,,
T000160,EUR,C00117,P007,Calm Cream 07,2,21.92,20.82,0.05,WELCOME5,43.84,2.2,41.64,none,0,,0.0,41.64,2025-01-09,website,,V004501
T000161,EUR,C00210,P010,Pure Band 10,1,31.57,31.57,0.0,,31.57,0.0,31.57,none,0,,0.0,31.57,2025-01-09,other,,
T000162,EUR,C00130,P029,Bright Organizer 29,1,15.67,15.67,0.0,,15.67,0.0,15.67,none,0,,0.0,15.67,2025-01-09,website,,V009176
T000163,EUR,C00659,P011,Urban Bottle 11,1,58.41,55.49,0.05,WELCOME5,58.41,2.92,55.49,none,0,,0.0,55.49,2025-01-09,website,,V001808
T000164,EUR,C00525,P030,Active Mat 30,1,15.8,15.8,0.0,,15.8,0.0,15.8,none,0,,0.0,15.8,2025-01-09,other,,
T000165,EUR,C00976,P024,Modern Serum 24,1,66.52,63.19,0.05,WELCOME5,66.52,3.33,63.19,full,1,2025-02-02,63.19,0.0,2025-01-09,other,,
T000166,EUR,C00631,P002,Pure Band 02,2,19.22,19.22,0.0,,38.44,0.0,38.44,none,0,,0.0,38.44,2025-01-09,other,,
T000167,EUR,C00115,P005,Bright Organizer 05,2,70.21,63.19,0.1,LOYALTY10,140.42,14.04,126.38,none,0,,0.0,126.38,2025-01-09,other,,
T000168,EUR,C00731,P021,Bright Organizer 21,1,91.23,91.23,0.0,,91.23,0.0,91.23,none,0,,0.0,91.23,2025-01-09,other,,
T000169,EUR,C00451,P014,Active Mat 14,2,55.09,52.34,0.05,WELCOME5,110.18,5.5,104.68,none,0,,0.0,104.68,2025-01-09,other,,
T000170,EUR,C00106,P023,Calm Cream 23,2,43.34,43.34,0.0,,86.68,0.0,86.68,none,0,,0.0,86.68,2025-01-10,other,,
T000171,EUR,C00622,P005,Bright Organizer 05,2,70.21,63.19,0.1,LOYALTY10,140.42,14.04,126.38,none,0,,0.0,126.38,2025-01-10,other,,
T000172,EUR,C00670,P023,Calm Cream 23,2,43.34,39.01,0.1,LOYALTY10,86.68,8.66,78.02,none,0,,0.0,78.02,2025-01-10,other,,
T000173,EUR,C00284,P012,Essential Bag 12,1,99.7,99.7,0.0,,99.7,0.0,99.7,none,0,,0.0,99.7,2025-01-10,other,,
T000174,EUR,C00214,P017,Daily Lamp 17,1,94.4,94.4,0.0,,94.4,0.0,94.4,none,0,,0.0,94.4,2025-01-10,other,,
T000175,EUR,C00009,P025,Daily Lamp 25,1,101.88,101.88,0.0,,101.88,0.0,101.88,none,0,,0.0,101.88,2025-01-10,other,,
T000176,EUR,C00313,P026,Pure Band 26,1,23.03,23.03,0.0,,23.03,0.0,23.03,none,0,,0.0,23.03,2025-01-10,other,,
T000177,EUR,C00247,P024,Modern Serum 24,2,66.52,66.52,0.0,,133.04,0.0,133.04,none,0,,0.0,133.04,2025-01-10,other,,
T000178,EUR,C00276,P007,Calm Cream 07,2,21.92,21.92,0.0,,43.84,0.0,43.84,none,0,,0.0,43.84,2025-01-10,other,,
T000179,EUR,C00900,P017,Daily Lamp 17,1,94.4,94.4,0.0,,94.4,0.0,94.4,none,0,,0.0,94.4,2025-01-10,other,,
T000180,EUR,C00855,P011,Urban Bottle 11,1,58.41,58.41,0.0,,58.41,0.0,58.41,none,0,,0.0,58.41,2025-01-10,other,,
T000181,EUR,C00663,P021,Bright Organizer 21,1,91.23,91.23,0.0,,91.23,0.0,91.23,none,0,,0.0,91.23,2025-01-10,other,,
T000182,EUR,C00780,P009,Daily Lamp 09,3,27.05,27.05,0.0,,81.15,0.0,81.15,none,0,,0.0,81.15,2025-01-10,other,,
T000183,EUR,C00976,P017,Daily Lamp 17,2,94.4,94.4,0.0,,188.8,0.0,188.8,none,0,,0.0,188.8,2025-01-10,other,,
T000184,EUR,C00412,P029,Bright Organizer 29,1,15.67,15.67,0.0,,15.67,0.0,15.67,none,0,,0.0,15.67,2025-01-11,other,,
T000185,EUR,C00558,P021,Bright Organizer 21,3,91.23,91.23,0.0,,273.69,0.0,273.69,full,3,2025-02-10,273.69,0.0,2025-01-11,other,,
T000186,EUR,C00166,P021,Bright Organizer 21,1,91.23,91.23,0.0,,91.23,0.0,91.23,none,0,,0.0,91.23,2025-01-11,other,,
T000187,EUR,C00786,P018,Pure Band 18,4,68.13,64.72,0.05,WELCOME5,272.52,13.64,258.88,none,0,,0.0,258.88,2025-01-11,other,,
T000188,EUR,C00797,P012,Essential Bag 12,2,99.7,99.7,0.0,,199.4,0.0,199.4,none,0,,0.0,199.4,2025-01-11,other,,
T000189,EUR,C00809,P019,Urban Bottle 19,1,61.21,61.21,0.0,,61.21,0.0,61.21,none,0,,0.0,61.21,2025-01-11,other,,
T000190,EUR,C00511,P029,Bright Organizer 29,1,15.67,15.67,0.0,,15.67,0.0,15.67,none,0,,0.0,15.67,2025-01-11,other,,
T000191,EUR,C00845,P017,Daily Lamp 17,3,94.4,80.24,0.15,WEEKEND15,283.2,42.48,240.72,none,0,,0.0,240.72,2025-01-11,other,,
T000192,EUR,C00050,P020,Essential Bag 20,1,23.79,23.79,0.0,,23.79,0.0,23.79,none,0,,0.0,23.79,2025-01-11,other,,
T000193,EUR,C00955,P013,Bright Organizer 13,1,48.36,48.36,0.0,,48.36,0.0,48.36,none,0,,0.0,48.36,2025-01-11,other,,
T000194,EUR,C00525,P007,Calm Cream 07,1,21.92,21.92,0.0,,21.92,0.0,21.92,none,0,,0.0,21.92,2025-01-11,other,,
T000195,EUR,C00676,P021,Bright Organizer 21,1,91.23,91.23,0.0,,91.23,0.0,91.23,none,0,,0.0,91.23,2025-01-11,other,,
T000196,EUR,C00767,P008,Modern Serum 08,4,76.74,76.74,0.0,,306.96,0.0,306.96,none,0,,0.0,306.96,2025-01-11,other,,
T000197,EUR,C00706,P023,Calm Cream 23,1,43.34,43.34,0.0,,43.34,0.0,43.34,none,0,,0.0,43.34,2025-01-11,other,,
T000198,EUR,C00336,P001,Daily Lamp 01,1,96.68,96.68,0.0,,96.68,0.0,96.68,none,0,,0.0,96.68,2025-01-11,other,,
T000199,EUR,C00601,P015,Calm Cream 15,3,26.81,26.81,0.0,,80.43,0.0,80.43,none,0,,0.0,80.43,2025-01-11,other,,
T000200,EUR,C00182,P013,Bright Organizer 13,4,48.36,48.36,0.0,,193.44,0.0,193.44,none,0,,0.0,193.44,2025-01-11,other,,
T000201,EUR,C00901,P016,Modern Serum 16,1,91.2,91.2,0.0,,91.2,0.0,91.2,full,1,2025-02-07,91.2,0.0,2025-01-11,other,,
T000202,EUR,C00791,P016,Modern Serum 16,1,91.2,91.2,0.0,,91.2,0.0,91.2,none,0,,0.0,91.2,2025-01-12,other,,
T000203,EUR,C00604,P004,Essential Bag 04,1,83.73,83.73,0.0,,83.73,0.0,83.73,none,0,,0.0,83.73,2025-01-12,other,,
T000204,EUR,C00333,P023,Calm Cream 23,1,43.34,43.34,0.0,,43.34,0.0,43.34,none,0,,0.0,43.34,2025-01-12,other,,
T000205,EUR,C00473,P010,Pure Band 10,1,31.57,31.57,0.0,,31.57,0.0,31.57,none,0,,0.0,31.57,2025-01-12,website,,V000227
T000206,EUR,C00445,P008,Modern Serum 08,1,76.74,76.74,0.0,,76.74,0.0,76.74,none,0,,0.0,76.74,2025-01-12,other,,
T000207,EUR,C00395,P019,Urban Bottle 19,1,61.21,61.21,0.0,,61.21,0.0,61.21,none,0,,0.0,61.21,2025-01-12,other,,
T000208,EUR,C00037,P012,Essential Bag 12,1,99.7,99.7,0.0,,99.7,0.0,99.7,none,0,,0.0,99.7,2025-01-12,website,,V006809
T000209,EUR,C00399,P022,Active Mat 22,2,31.79,31.79,0.0,,63.58,0.0,63.58,none,0,,0.0,63.58,2025-01-12,other,,
T000210,EUR,C00809,P003,Urban Bottle 03,1,105.26,105.26,0.0,,105.26,0.0,105.26,none,0,,0.0,105.26,2025-01-12,other,,
T000211,EUR,C00572,P019,Urban Bottle 19,1,61.21,61.21,0.0,,61.21,0.0,61.21,none,0,,0.0,61.21,2025-01-12,other,,
T000212,EUR,C00982,P026,Pure Band 26,1,23.03,23.03,0.0,,23.03,0.0,23.03,full,1,2025-02-08,23.03,0.0,2025-01-12,other,,
T000213,EUR,C00562,P026,Pure Band 26,1,23.03,23.03,0.0,,23.03,0.0,23.03,none,0,,0.0,23.03,2025-01-12,other,,
T000214,EUR,C00976,P002,Pure Band 02,2,19.22,19.22,0.0,,38.44,0.0,38.44,none,0,,0.0,38.44,2025-01-12,other,,
T000215,EUR,C00144,P019,Urban Bottle 19,1,61.21,55.09,0.1,LOYALTY10,61.21,6.12,55.09,none,0,,0.0,55.09,2025-01-12,other,,
T000216,EUR,C00789,P025,Daily Lamp 25,1,101.88,96.79,0.05,WELCOME5,101.88,5.09,96.79,none,0,,0.0,96.79,2025-01-12,other,,
T000217,EUR,C00456,P026,Pure Band 26,1,23.03,23.03,0.0,,23.03,0.0,23.03,none,0,,0.0,23.03,2025-01-12,other,,
T000218,EUR,C00770,P030,Active Mat 30,1,15.8,15.8,0.0,,15.8,0.0,15.8,none,0,,0.0,15.8,2025-01-12,other,,
T000219,EUR,C00412,P023,Calm Cream 23,3,43.34,43.34,0.0,,130.02,0.0,130.02,none,0,,0.0,130.02,2025-01-12,other,,
T000220,EUR,C00756,P018,Pure Band 18,1,68.13,68.13,0.0,,68.13,0.0,68.13,none,0,,0.0,68.13,2025-01-12,other,,
T000221,EUR,C00129,P006,Active Mat 06,4,104.36,104.36,0.0,,417.44,0.0,417.44,none,0,,0.0,417.44,2025-01-12,other,,
T000222,EUR,C00174,P013,Bright Organizer 13,1,48.36,45.94,0.05,WELCOME5,48.36,2.42,45.94,none,0,,0.0,45.94,2025-01-12,other,,
T000223,EUR,C00120,P015,Calm Cream 15,1,26.81,25.47,0.05,WELCOME5,26.81,1.34,25.47,none,0,,0.0,25.47,2025-01-12,other,,
T000224,EUR,C00724,P024,Modern Serum 24,2,66.52,66.52,0.0,,133.04,0.0,133.04,none,0,,0.0,133.04,2025-01-12,other,,
T000225,EUR,C00633,P013,Bright Organizer 13,1,48.36,41.11,0.15,WEEKEND15,48.36,7.25,41.11,none,0,,0.0,41.11,2025-01-13,website,,V007840
T000226,EUR,C00539,P028,Essential Bag 28,2,98.03,98.03,0.0,,196.06,0.0,196.06,none,0,,0.0,196.06,2025-01-13,website,,V005226
T000227,EUR,C00477,P001,Daily Lamp 01,3,96.68,96.68,0.0,,290.04,0.0,290.04,none,0,,0.0,290.04,2025-01-13,other,,
T000228,EUR,C00556,P021,Bright Organizer 21,2,91.23,91.23,0.0,,182.46,0.0,182.46,none,0,,0.0,182.46,2025-01-13,other,,
T000229,EUR,C00674,P011,Urban Bottle 11,1,58.41,52.57,0.1,LOYALTY10,58.41,5.84,52.57,none,0,,0.0,52.57,2025-01-13,other,,
T000230,EUR,C00782,P001,Daily Lamp 01,1,96.68,96.68,0.0,,96.68,0.0,96.68,none,0,,0.0,96.68,2025-01-13,other,,
T000231,EUR,C00235,P025,Daily Lamp 25,2,101.88,101.88,0.0,,203.76,0.0,203.76,none,0,,0.0,203.76,2025-01-13,other,,
T000232,EUR,C00881,P006,Active Mat 06,2,104.36,104.36,0.0,,208.72,0.0,208.72,none,0,,0.0,208.72,2025-01-13,other,,
T000233,EUR,C00330,P025,Daily Lamp 25,1,101.88,101.88,0.0,,101.88,0.0,101.88,none,0,,0.0,101.88,2025-01-13,other,,
T000234,EUR,C00292,P024,Modern Serum 24,1,66.52,66.52,0.0,,66.52,0.0,66.52,none,0,,0.0,66.52,2025-01-13,website,,V005417
T000235,EUR,C00321,P005,Bright Organizer 05,2,70.21,70.21,0.0,,140.42,0.0,140.42,none,0,,0.0,140.42,2025-01-13,website,,V009658
T000236,EUR,C00524,P014,Active Mat 14,1,55.09,55.09,0.0,,55.09,0.0,55.09,none,0,,0.0,55.09,2025-01-13,other,,
T000237,EUR,C00564,P028,Essential Bag 28,2,98.03,98.03,0.0,,196.06,0.0,196.06,none,0,,0.0,196.06,2025-01-13,other,,
T000238,EUR,C00715,P009,Daily Lamp 09,2,27.05,27.05,0.0,,54.1,0.0,54.1,none,0,,0.0,54.1,2025-01-13,other,,
T000239,EUR,C00777,P030,Active Mat 30,2,15.8,15.01,0.05,WELCOME5,31.6,1.58,30.02,none,0,,0.0,30.02,2025-01-13,other,,
T000240,EUR,C00209,P002,Pure Band 02,1,19.22,19.22,0.0,,19.22,0.0,19.22,none,0,,0.0,19.22,2025-01-13,other,,
T000241,EUR,C00899,P028,Essential Bag 28,1,98.03,98.03,0.0,,98.03,0.0,98.03,none,0,,0.0,98.03,2025-01-13,website,,V001765
T000242,EUR,C00236,P009,Daily Lamp 09,1,27.05,27.05,0.0,,27.05,0.0,27.05,none,0,,0.0,27.05,2025-01-13,other,,
T000243,EUR,C00450,P016,Modern Serum 16,2,91.2,91.2,0.0,,182.4,0.0,182.4,none,0,,0.0,182.4,2025-01-13,other,,
T000244,EUR,C00794,P001,Daily Lamp 01,1,96.68,96.68,0.0,,96.68,0.0,96.68,none,0,,0.0,96.68,2025-01-14,other,,
T000245,EUR,C00842,P025,Daily Lamp 25,1,101.88,101.88,0.0,,101.88,0.0,101.88,full,1,2025-01-23,101.88,0.0,2025-01-14,other,,
T000246,EUR,C00396,P026,Pure Band 26,1,23.03,20.73,0.1,LOYALTY10,23.03,2.3,20.73,none,0,,0.0,20.73,2025-01-14,other,,
T000247,EUR,C00228,P030,Active Mat 30,1,15.8,15.8,0.0,,15.8,0.0,15.8,none,0,,0.0,15.8,2025-01-14,other,,
T000248,EUR,C00808,P017,Daily Lamp 17,1,94.4,84.96,0.1,RESET10,94.4,9.44,84.96,none,0,,0.0,84.96,2025-01-14,marketing_campaign,SEND004139,V010535
T000249,EUR,C00073,P016,Modern Serum 16,1,91.2,91.2,0.0,,91.2,0.0,91.2,none,0,,0.0,91.2,2025-01-14,other,,
T000250,EUR,C00228,P022,Active Mat 22,1,31.79,28.61,0.1,LOYALTY10,31.79,3.18,28.61,none,0,,0.0,28.61,2025-01-14,other,,
T000251,EUR,C00479,P015,Calm Cream 15,1,26.81,22.79,0.15,WEEKEND15,26.81,4.02,22.79,none,0,,0.0,22.79,2025-01-14,website,,V006778
T000252,EUR,C00784,P023,Calm Cream 23,1,43.34,43.34,0.0,,43.34,0.0,43.34,none,0,,0.0,43.34,2025-01-14,other,,
T000253,EUR,C00727,P026,Pure Band 26,1,23.03,23.03,0.0,,23.03,0.0,23.03,none,0,,0.0,23.03,2025-01-14,website,,V006191
T000254,EUR,C00984,P021,Bright Organizer 21,2,91.23,86.67,0.05,WELCOME5,182.46,9.12,173.34,none,0,,0.0,173.34,2025-01-14,other,,
T000255,EUR,C00295,P009,Daily Lamp 09,2,27.05,27.05,0.0,,54.1,0.0,54.1,none,0,,0.0,54.1,2025-01-14,website,,V003703
T000256,EUR,C00368,P015,Calm Cream 15,1,26.81,22.79,0.15,WEEKEND15,26.81,4.02,22.79,none,0,,0.0,22.79,2025-01-14,other,,
T000257,EUR,C00507,P030,Active Mat 30,2,15.8,15.8,0.0,,31.6,0.0,31.6,none,0,,0.0,31.6,2025-01-14,other,,
T000258,EUR,C00390,P015,Calm Cream 15,1,26.81,24.13,0.1,LOYALTY10,26.81,2.68,24.13,none,0,,0.0,24.13,2025-01-14,other,,
T000259,EUR,C00547,P006,Active Mat 06,1,104.36,104.36,0.0,,104.36,0.0,104.36,none,0,,0.0,104.36,2025-01-14,other,,
T000260,EUR,C00744,P023,Calm Cream 23,1,43.34,39.01,0.1,LOYALTY10,43.34,4.33,39.01,full,1,2025-01-27,39.01,0.0,2025-01-15,other,,
T000261,EUR,C00983,P022,Active Mat 22,1,31.79,31.79,0.0,,31.79,0.0,31.79,none,0,,0.0,31.79,2025-01-15,other,,
T000262,EUR,C00497,P006,Active Mat 06,1,104.36,104.36,0.0,,104.36,0.0,104.36,none,0,,0.0,104.36,2025-01-15,other,,
T000263,EUR,C00715,P022,Active Mat 22,1,31.79,31.79,0.0,,31.79,0.0,31.79,none,0,,0.0,31.79,2025-01-15,other,,
T000264,EUR,C00763,P022,Active Mat 22,2,31.79,31.79,0.0,,63.58,0.0,63.58,none,0,,0.0,63.58,2025-01-15,other,,
T000265,EUR,C00986,P027,Urban Bottle 27,4,102.64,102.64,0.0,,410.56,0.0,410.56,none,0,,0.0,410.56,2025-01-15,other,,
T000266,EUR,C00065,P008,Modern Serum 08,1,76.74,76.74,0.0,,76.74,0.0,76.74,none,0,,0.0,76.74,2025-01-15,other,,
T000267,EUR,C00832,P006,Active Mat 06,2,104.36,88.71,0.15,WEEKEND15,208.72,31.3,177.42,none,0,,0.0,177.42,2025-01-15,other,,
T000268,EUR,C00500,P010,Pure Band 10,2,31.57,31.57,0.0,,63.14,0.0,63.14,none,0,,0.0,63.14,2025-01-15,other,,
T000269,EUR,C00731,P029,Bright Organizer 29,1,15.67,15.67,0.0,,15.67,0.0,15.67,none,0,,0.0,15.67,2025-01-15,other,,
T000270,EUR,C00633,P021,Bright Organizer 21,4,91.23,86.67,0.05,WELCOME5,364.92,18.24,346.68,none,0,,0.0,346.68,2025-01-15,other,,
T000271,EUR,C00334,P006,Active Mat 06,1,104.36,99.14,0.05,WELCOME5,104.36,5.22,99.14,none,0,,0.0,99.14,2025-01-15,other,,
T000272,EUR,C00472,P021,Bright Organizer 21,1,91.23,91.23,0.0,,91.23,0.0,91.23,none,0,,0.0,91.23,2025-01-15,other,,
T000273,EUR,C00696,P017,Daily Lamp 17,2,94.4,89.68,0.05,WELCOME5,188.8,9.44,179.36,none,0,,0.0,179.36,2025-01-15,other,,
T000274,EUR,C00937,P015,Calm Cream 15,1,26.81,26.81,0.0,,26.81,0.0,26.81,none,0,,0.0,26.81,2025-01-15,website,,V006559
T000275,EUR,C00853,P018,Pure Band 18,1,68.13,61.32,0.1,LOYALTY10,68.13,6.81,61.32,none,0,,0.0,61.32,2025-01-15,other,,
T000276,EUR,C00145,P002,Pure Band 02,1,19.22,19.22,0.0,,19.22,0.0,19.22,none,0,,0.0,19.22,2025-01-15,other,,
T000277,EUR,C00747,P013,Bright Organizer 13,2,48.36,48.36,0.0,,96.72,0.0,96.72,none,0,,0.0,96.72,2025-01-15,other,,
T000278,EUR,C00034,P025,Daily Lamp 25,3,101.88,101.88,0.0,,305.64,0.0,305.64,full,3,2025-02-06,305.64,0.0,2025-01-15,other,,
T000279,EUR,C00270,P004,Essential Bag 04,3,83.73,83.73,0.0,,251.19,0.0,251.19,none,0,,0.0,251.19,2025-01-15,other,,
T000280,EUR,C00526,P002,Pure Band 02,1,19.22,19.22,0.0,,19.22,0.0,19.22,none,0,,0.0,19.22,2025-01-16,other,,
T000281,EUR,C00601,P001,Daily Lamp 01,1,96.68,87.01,0.1,LOYALTY10,96.68,9.67,87.01,none,0,,0.0,87.01,2025-01-16,other,,
T000282,EUR,C00342,P013,Bright Organizer 13,1,48.36,48.36,0.0,,48.36,0.0,48.36,none,0,,0.0,48.36,2025-01-16,other,,
T000283,EUR,C00204,P011,Urban Bottle 11,1,58.41,55.49,0.05,WELCOME5,58.41,2.92,55.49,none,0,,0.0,55.49,2025-01-16,other,,
T000284,EUR,C00967,P027,Urban Bottle 27,1,102.64,102.64,0.0,,102.64,0.0,102.64,none,0,,0.0,102.64,2025-01-16,other,,
T000285,EUR,C00208,P024,Modern Serum 24,1,66.52,66.52,0.0,,66.52,0.0,66.52,none,0,,0.0,66.52,2025-01-16,website,,V005335
T000286,EUR,C00819,P007,Calm Cream 07,1,21.92,21.92,0.0,,21.92,0.0,21.92,none,0,,0.0,21.92,2025-01-16,other,,
T000287,EUR,C00680,P009,Daily Lamp 09,2,27.05,27.05,0.0,,54.1,0.0,54.1,none,0,,0.0,54.1,2025-01-16,other,,
T000288,EUR,C00902,P021,Bright Organizer 21,1,91.23,91.23,0.0,,91.23,0.0,91.23,full,1,2025-01-29,91.23,0.0,2025-01-16,other,,
T000289,EUR,C00853,P002,Pure Band 02,1,19.22,19.22,0.0,,19.22,0.0,19.22,none,0,,0.0,19.22,2025-01-16,other,,
T000290,EUR,C00265,P009,Daily Lamp 09,1,27.05,27.05,0.0,,27.05,0.0,27.05,none,0,,0.0,27.05,2025-01-16,other,,
T000291,EUR,C00134,P017,Daily Lamp 17,2,94.4,94.4,0.0,,188.8,0.0,188.8,none,0,,0.0,188.8,2025-01-16,website,,V006453
T000292,EUR,C00646,P003,Urban Bottle 03,1,105.26,94.73,0.1,LOYALTY10,105.26,10.53,94.73,none,0,,0.0,94.73,2025-01-16,website,,V000368
T000293,EUR,C00589,P028,Essential Bag 28,2,98.03,98.03,0.0,,196.06,0.0,196.06,none,0,,0.0,196.06,2025-01-16,other,,
T000294,EUR,C00521,P004,Essential Bag 04,1,83.73,83.73,0.0,,83.73,0.0,83.73,none,0,,0.0,83.73,2025-01-16,other,,
T000295,EUR,C00510,P024,Modern Serum 24,2,66.52,59.87,0.1,LOYALTY10,133.04,13.3,119.74,none,0,,0.0,119.74,2025-01-16,other,,
T000296,EUR,C00251,P011,Urban Bottle 11,1,58.41,58.41,0.0,,58.41,0.0,58.41,none,0,,0.0,58.41,2025-01-16,other,,
T000297,EUR,C00454,P011,Urban Bottle 11,1,58.41,55.49,0.05,WELCOME5,58.41,2.92,55.49,none,0,,0.0,55.49,2025-01-16,other,,
T000298,EUR,C00086,P025,Daily Lamp 25,2,101.88,101.88,0.0,,203.76,0.0,203.76,none,0,,0.0,203.76,2025-01-16,other,,
T000299,EUR,C00801,P023,Calm Cream 23,2,43.34,43.34,0.0,,86.68,0.0,86.68,none,0,,0.0,86.68,2025-01-16,website,,V007580
T000300,EUR,C00886,P029,Bright Organizer 29,2,15.67,15.67,0.0,,31.34,0.0,31.34,none,0,,0.0,31.34,2025-01-16,other,,
T000301,EUR,C00690,P018,Pure Band 18,1,68.13,61.32,0.1,LOYALTY10,68.13,6.81,61.32,none,0,,0.0,61.32,2025-01-16,other,,
T000302,EUR,C00127,P005,Bright Organizer 05,1,70.21,70.21,0.0,,70.21,0.0,70.21,none,0,,0.0,70.21,2025-01-16,website,,V005234
T000303,EUR,C00946,P014,Active Mat 14,1,55.09,55.09,0.0,,55.09,0.0,55.09,none,0,,0.0,55.09,2025-01-17,other,,
T000304,EUR,C00544,P001,Daily Lamp 01,1,96.68,91.85,0.05,WELCOME5,96.68,4.83,91.85,none,0,,0.0,91.85,2025-01-17,other,,
T000305,EUR,C00806,P019,Urban Bottle 19,1,61.21,61.21,0.0,,61.21,0.0,61.21,none,0,,0.0,61.21,2025-01-17,other,,
T000306,EUR,C00596,P001,Daily Lamp 01,1,96.68,96.68,0.0,,96.68,0.0,96.68,none,0,,0.0,96.68,2025-01-17,other,,
T000307,EUR,C00279,P010,Pure Band 10,1,31.57,31.57,0.0,,31.57,0.0,31.57,none,0,,0.0,31.57,2025-01-17,other,,
T000308,EUR,C00619,P027,Urban Bottle 27,1,102.64,102.64,0.0,,102.64,0.0,102.64,none,0,,0.0,102.64,2025-01-17,other,,
T000309,EUR,C00367,P014,Active Mat 14,1,55.09,52.34,0.05,WELCOME5,55.09,2.75,52.34,none,0,,0.0,52.34,2025-01-17,other,,
T000310,EUR,C00995,P011,Urban Bottle 11,1,58.41,55.49,0.05,WELCOME5,58.41,2.92,55.49,none,0,,0.0,55.49,2025-01-17,other,,
T000311,EUR,C00227,P005,Bright Organizer 05,2,70.21,70.21,0.0,,140.42,0.0,140.42,none,0,,0.0,140.42,2025-01-17,other,,
T000312,EUR,C00684,P001,Daily Lamp 01,4,96.68,96.68,0.0,,386.72,0.0,386.72,none,0,,0.0,386.72,2025-01-17,other,,
T000313,EUR,C00945,P014,Active Mat 14,2,55.09,46.83,0.15,WEEKEND15,110.18,16.52,93.66,none,0,,0.0,93.66,2025-01-17,other,,
T000314,EUR,C00512,P021,Bright Organizer 21,1,91.23,91.23,0.0,,91.23,0.0,91.23,none,0,,0.0,91.23,2025-01-17,website,,V009510
T000315,EUR,C00303,P020,Essential Bag 20,1,23.79,23.79,0.0,,23.79,0.0,23.79,none,0,,0.0,23.79,2025-01-17,other,,
T000316,EUR,C00766,P028,Essential Bag 28,1,98.03,98.03,0.0,,98.03,0.0,98.03,none,0,,0.0,98.03,2025-01-17,other,,
T000317,EUR,C00647,P013,Bright Organizer 13,1,48.36,48.36,0.0,,48.36,0.0,48.36,none,0,,0.0,48.36,2025-01-17,other,,
T000318,EUR,C00961,P025,Daily Lamp 25,1,101.88,91.69,0.1,LOYALTY10,101.88,10.19,91.69,none,0,,0.0,91.69,2025-01-17,other,,
T000319,EUR,C00555,P020,Essential Bag 20,1,23.79,23.79,0.0,,23.79,0.0,23.79,full,1,2025-01-31,23.79,0.0,2025-01-17,other,,
T000320,EUR,C00013,P006,Active Mat 06,1,104.36,104.36,0.0,,104.36,0.0,104.36,none,0,,0.0,104.36,2025-01-18,other,,
T000321,EUR,C00671,P023,Calm Cream 23,3,43.34,43.34,0.0,,130.02,0.0,130.02,none,0,,0.0,130.02,2025-01-18,other,,
T000322,EUR,C00344,P012,Essential Bag 12,1,99.7,99.7,0.0,,99.7,0.0,99.7,none,0,,0.0,99.7,2025-01-18,other,,
T000323,EUR,C00016,P025,Daily Lamp 25,2,101.88,101.88,0.0,,203.76,0.0,203.76,none,0,,0.0,203.76,2025-01-18,other,,
T000324,EUR,C00208,P009,Daily Lamp 09,1,27.05,27.05,0.0,,27.05,0.0,27.05,none,0,,0.0,27.05,2025-01-18,other,,
T000325,EUR,C00921,P009,Daily Lamp 09,1,27.05,25.7,0.05,WELCOME5,27.05,1.35,25.7,none,0,,0.0,25.7,2025-01-18,other,,
T000326,EUR,C00665,P028,Essential Bag 28,1,98.03,98.03,0.0,,98.03,0.0,98.03,none,0,,0.0,98.03,2025-01-18,other,,
T000327,EUR,C00268,P025,Daily Lamp 25,3,101.88,101.88,0.0,,305.64,0.0,305.64,none,0,,0.0,305.64,2025-01-18,other,,
T000328,EUR,C00032,P027,Urban Bottle 27,1,102.64,97.51,0.05,WELCOME5,102.64,5.13,97.51,none,0,,0.0,97.51,2025-01-18,other,,
T000329,EUR,C00061,P012,Essential Bag 12,1,99.7,99.7,0.0,,99.7,0.0,99.7,none,0,,0.0,99.7,2025-01-18,other,,
T000330,EUR,C00087,P008,Modern Serum 08,1,76.74,76.74,0.0,,76.74,0.0,76.74,none,0,,0.0,76.74,2025-01-18,other,,
T000331,EUR,C00331,P020,Essential Bag 20,1,23.79,23.79,0.0,,23.79,0.0,23.79,none,0,,0.0,23.79,2025-01-18,other,,
T000332,EUR,C00313,P028,Essential Bag 28,1,98.03,98.03,0.0,,98.03,0.0,98.03,full,1,2025-01-20,98.03,0.0,2025-01-18,website,,V004505
T000333,EUR,C00706,P001,Daily Lamp 01,1,96.68,96.68,0.0,,96.68,0.0,96.68,none,0,,0.0,96.68,2025-01-18,other,,
T000334,EUR,C00604,P016,Modern Serum 16,1,91.2,91.2,0.0,,91.2,0.0,91.2,none,0,,0.0,91.2,2025-01-18,other,,
T000335,EUR,C00554,P001,Daily Lamp 01,1,96.68,96.68,0.0,,96.68,0.0,96.68,none,0,,0.0,96.68,2025-01-18,other,,
T000336,EUR,C00481,P016,Modern Serum 16,1,91.2,91.2,0.0,,91.2,0.0,91.2,none,0,,0.0,91.2,2025-01-18,other,,
T000337,EUR,C00949,P002,Pure Band 02,1,19.22,19.22,0.0,,19.22,0.0,19.22,none,0,,0.0,19.22,2025-01-18,other,,
T000338,EUR,C00972,P027,Urban Bottle 27,3,102.64,102.64,0.0,,307.92,0.0,307.92,none,0,,0.0,307.92,2025-01-19,other,,
T000339,EUR,C00578,P023,Calm Cream 23,1,43.34,43.34,0.0,,43.34,0.0,43.34,none,0,,0.0,43.34,2025-01-19,other,,
T000340,EUR,C00329,P015,Calm Cream 15,1,26.81,26.81,0.0,,26.81,0.0,26.81,none,0,,0.0,26.81,2025-01-19,other,,
T000341,EUR,C00293,P018,Pure Band 18,1,68.13,68.13,0.0,,68.13,0.0,68.13,none,0,,0.0,68.13,2025-01-19,other,,
T000342,EUR,C00712,P025,Daily Lamp 25,1,101.88,101.88,0.0,,101.88,0.0,101.88,none,0,,0.0,101.88,2025-01-19,other,,
T000343,EUR,C00423,P011,Urban Bottle 11,3,58.41,58.41,0.0,,175.23,0.0,175.23,none,0,,0.0,175.23,2025-01-19,other,,
T000344,EUR,C00481,P016,Modern Serum 16,2,91.2,91.2,0.0,,182.4,0.0,182.4,none,0,,0.0,182.4,2025-01-19,other,,
T000345,EUR,C00285,P025,Daily Lamp 25,1,101.88,101.88,0.0,,101.88,0.0,101.88,none,0,,0.0,101.88,2025-01-19,other,,
T000346,EUR,C00198,P006,Active Mat 06,1,104.36,88.71,0.15,WEEKEND15,104.36,15.65,88.71,none,0,,0.0,88.71,2025-01-19,other,,
T000347,EUR,C00545,P004,Essential Bag 04,2,83.73,83.73,0.0,,167.46,0.0,167.46,none,0,,0.0,167.46,2025-01-19,other,,
T000348,EUR,C00464,P027,Urban Bottle 27,1,102.64,87.24,0.15,WEEKEND15,102.64,15.4,87.24,none,0,,0.0,87.24,2025-01-19,other,,
T000349,EUR,C00452,P010,Pure Band 10,1,31.57,31.57,0.0,,31.57,0.0,31.57,none,0,,0.0,31.57,2025-01-19,other,,
T000350,EUR,C00151,P029,Bright Organizer 29,2,15.67,15.67,0.0,,31.34,0.0,31.34,none,0,,0.0,31.34,2025-01-19,website,,V007812
T000351,EUR,C00234,P001,Daily Lamp 01,2,96.68,96.68,0.0,,193.36,0.0,193.36,full,2,2025-02-10,193.36,0.0,2025-01-19,other,,
T000352,EUR,C00620,P030,Active Mat 30,1,15.8,15.8,0.0,,15.8,0.0,15.8,none,0,,0.0,15.8,2025-01-19,other,,
T000353,EUR,C00330,P025,Daily Lamp 25,1,101.88,101.88,0.0,,101.88,0.0,101.88,none,0,,0.0,101.88,2025-01-19,other,,
T000354,EUR,C00509,P002,Pure Band 02,2,19.22,19.22,0.0,,38.44,0.0,38.44,none,0,,0.0,38.44,2025-01-19,other,,
T000355,EUR,C00716,P001,Daily Lamp 01,1,96.68,96.68,0.0,,96.68,0.0,96.68,none,0,,0.0,96.68,2025-01-19,website,,V007141
T000356,EUR,C00713,P003,Urban Bottle 03,1,105.26,105.26,0.0,,105.26,0.0,105.26,none,0,,0.0,105.26,2025-01-19,other,,
T000357,EUR,C00267,P023,Calm Cream 23,1,43.34,43.34,0.0,,43.34,0.0,43.34,none,0,,0.0,43.34,2025-01-19,other,,
T000358,EUR,C00034,P014,Active Mat 14,1,55.09,46.83,0.15,WEEKEND15,55.09,8.26,46.83,none,0,,0.0,46.83,2025-01-19,other,,
T000359,EUR,C00005,P007,Calm Cream 07,1,21.92,19.73,0.1,RESET10,21.92,2.19,19.73,none,0,,0.0,19.73,2025-01-19,marketing_campaign,SEND000307,V010038
T000360,EUR,C00426,P025,Daily Lamp 25,2,101.88,101.88,0.0,,203.76,0.0,203.76,none,0,,0.0,203.76,2025-01-19,website,,V009683
T000361,EUR,C00559,P009,Daily Lamp 09,2,27.05,24.35,0.1,LOYALTY10,54.1,5.4,48.7,none,0,,0.0,48.7,2025-01-20,other,,
T000362,EUR,C00681,P020,Essential Bag 20,1,23.79,23.79,0.0,,23.79,0.0,23.79,none,0,,0.0,23.79,2025-01-20,other,,
T000363,EUR,C00703,P024,Modern Serum 24,2,66.52,66.52,0.0,,133.04,0.0,133.04,none,0,,0.0,133.04,2025-01-20,other,,
T000364,EUR,C00089,P009,Daily Lamp 09,2,27.05,27.05,0.0,,54.1,0.0,54.1,none,0,,0.0,54.1,2025-01-20,other,,
T000365,EUR,C00385,P022,Active Mat 22,1,31.79,31.79,0.0,,31.79,0.0,31.79,full,1,2025-01-30,31.79,0.0,2025-01-20,other,,
T000366,EUR,C00088,P006,Active Mat 06,1,104.36,104.36,0.0,,104.36,0.0,104.36,none,0,,0.0,104.36,2025-01-20,other,,
T000367,EUR,C00582,P012,Essential Bag 12,1,99.7,99.7,0.0,,99.7,0.0,99.7,none,0,,0.0,99.7,2025-01-20,other,,
T000368,EUR,C00749,P020,Essential Bag 20,1,23.79,23.79,0.0,,23.79,0.0,23.79,none,0,,0.0,23.79,2025-01-20,other,,
T000369,EUR,C00125,P006,Active Mat 06,2,104.36,104.36,0.0,,208.72,0.0,208.72,none,0,,0.0,208.72,2025-01-20,other,,
T000370,EUR,C00298,P018,Pure Band 18,1,68.13,57.91,0.15,WEEKEND15,68.13,10.22,57.91,none,0,,0.0,57.91,2025-01-20,other,,
T000371,EUR,C00371,P017,Daily Lamp 17,4,94.4,94.4,0.0,,377.6,0.0,377.6,full,4,2025-02-11,377.6,0.0,2025-01-20,other,,
T000372,EUR,C00090,P022,Active Mat 22,1,31.79,30.2,0.05,WELCOME5,31.79,1.59,30.2,none,0,,0.0,30.2,2025-01-20,other,,
T000373,EUR,C00963,P026,Pure Band 26,1,23.03,23.03,0.0,,23.03,0.0,23.03,none,0,,0.0,23.03,2025-01-20,other,,
T000374,EUR,C00189,P004,Essential Bag 04,2,83.73,83.73,0.0,,167.46,0.0,167.46,none,0,,0.0,167.46,2025-01-20,other,,
T000375,EUR,C00742,P003,Urban Bottle 03,1,105.26,105.26,0.0,,105.26,0.0,105.26,none,0,,0.0,105.26,2025-01-20,other,,
T000376,EUR,C00520,P012,Essential Bag 12,2,99.7,99.7,0.0,,199.4,0.0,199.4,none,0,,0.0,199.4,2025-01-21,other,,
T000377,EUR,C00777,P020,Essential Bag 20,1,23.79,20.22,0.15,WEEKEND15,23.79,3.57,20.22,none,0,,0.0,20.22,2025-01-21,other,,
T000378,EUR,C00913,P019,Urban Bottle 19,1,61.21,61.21,0.0,,61.21,0.0,61.21,none,0,,0.0,61.21,2025-01-21,other,,
T000379,EUR,C00752,P008,Modern Serum 08,1,76.74,69.07,0.1,LOYALTY10,76.74,7.67,69.07,none,0,,0.0,69.07,2025-01-21,other,,
T000380,EUR,C00251,P001,Daily Lamp 01,1,96.68,96.68,0.0,,96.68,0.0,96.68,none,0,,0.0,96.68,2025-01-21,other,,
T000381,EUR,C00864,P019,Urban Bottle 19,1,61.21,61.21,0.0,,61.21,0.0,61.21,none,0,,0.0,61.21,2025-01-21,other,,
T000382,EUR,C00207,P025,Daily Lamp 25,1,101.88,91.69,0.1,LOYALTY10,101.88,10.19,91.69,none,0,,0.0,91.69,2025-01-21,other,,
T000383,EUR,C00393,P029,Bright Organizer 29,1,15.67,15.67,0.0,,15.67,0.0,15.67,none,0,,0.0,15.67,2025-01-21,other,,
T000384,EUR,C00747,P011,Urban Bottle 11,2,58.41,58.41,0.0,,116.82,0.0,116.82,none,0,,0.0,116.82,2025-01-21,website,,V002800
T000385,EUR,C00392,P020,Essential Bag 20,2,23.79,20.22,0.15,WEEKEND15,47.58,7.14,40.44,none,0,,0.0,40.44,2025-01-21,website,,V009011
T000386,EUR,C00534,P010,Pure Band 10,1,31.57,31.57,0.0,,31.57,0.0,31.57,none,0,,0.0,31.57,2025-01-21,other,,
T000387,EUR,C00320,P023,Calm Cream 23,2,43.34,43.34,0.0,,86.68,0.0,86.68,none,0,,0.0,86.68,2025-01-21,other,,
T000388,EUR,C00125,P014,Active Mat 14,1,55.09,55.09,0.0,,55.09,0.0,55.09,none,0,,0.0,55.09,2025-01-21,other,,
T000389,EUR,C00139,P004,Essential Bag 04,3,83.73,83.73,0.0,,251.19,0.0,251.19,none,0,,0.0,251.19,2025-01-21,other,,
T000390,EUR,C00359,P015,Calm Cream 15,1,26.81,25.47,0.05,WELCOME5,26.81,1.34,25.47,none,0,,0.0,25.47,2025-01-21,website,,V006473
T000391,EUR,C00482,P030,Active Mat 30,1,15.8,15.8,0.0,,15.8,0.0,15.8,none,0,,0.0,15.8,2025-01-21,other,,
T000392,EUR,C00983,P001,Daily Lamp 01,1,96.68,96.68,0.0,,96.68,0.0,96.68,none,0,,0.0,96.68,2025-01-21,other,,
T000393,EUR,C00497,P008,Modern Serum 08,1,76.74,76.74,0.0,,76.74,0.0,76.74,none,0,,0.0,76.74,2025-01-21,other,,
T000394,EUR,C00270,P014,Active Mat 14,1,55.09,49.58,0.1,RESET10,55.09,5.51,49.58,none,0,,0.0,49.58,2025-01-21,marketing_campaign,SEND001826,V010240
T000395,EUR,C00466,P029,Bright Organizer 29,1,15.67,15.67,0.0,,15.67,0.0,15.67,none,0,,0.0,15.67,2025-01-21,other,,
T000396,EUR,C00223,P001,Daily Lamp 01,2,96.68,96.68,0.0,,193.36,0.0,193.36,none,0,,0.0,193.36,2025-01-21,other,,
T000397,EUR,C00245,P023,Calm Cream 23,2,43.34,43.34,0.0,,86.68,0.0,86.68,none,0,,0.0,86.68,2025-01-21,other,,
T000398,EUR,C00877,P023,Calm Cream 23,1,43.34,43.34,0.0,,43.34,0.0,43.34,none,0,,0.0,43.34,2025-01-21,other,,
T000399,EUR,C00687,P022,Active Mat 22,2,31.79,31.79,0.0,,63.58,0.0,63.58,none,0,,0.0,63.58,2025-01-22,website,,V001697
T000400,EUR,C00224,P011,Urban Bottle 11,3,58.41,58.41,0.0,,175.23,0.0,175.23,none,0,,0.0,175.23,2025-01-22,website,,V000680
T000401,EUR,C00567,P018,Pure Band 18,1,68.13,68.13,0.0,,68.13,0.0,68.13,none,0,,0.0,68.13,2025-01-22,other,,
T000402,EUR,C00364,P004,Essential Bag 04,1,83.73,83.73,0.0,,83.73,0.0,83.73,none,0,,0.0,83.73,2025-01-22,website,,V000886
T000403,EUR,C00327,P010,Pure Band 10,1,31.57,31.57,0.0,,31.57,0.0,31.57,none,0,,0.0,31.57,2025-01-22,other,,
T000404,EUR,C00506,P010,Pure Band 10,2,31.57,31.57,0.0,,63.14,0.0,63.14,none,0,,0.0,63.14,2025-01-22,other,,
T000405,EUR,C00184,P003,Urban Bottle 03,1,105.26,105.26,0.0,,105.26,0.0,105.26,none,0,,0.0,105.26,2025-01-22,other,,
T000406,EUR,C00588,P022,Active Mat 22,1,31.79,27.02,0.15,WEEKEND15,31.79,4.77,27.02,none,0,,0.0,27.02,2025-01-22,other,,
T000407,EUR,C00594,P010,Pure Band 10,1,31.57,31.57,0.0,,31.57,0.0,31.57,none,0,,0.0,31.57,2025-01-22,other,,
T000408,EUR,C00100,P024,Modern Serum 24,1,66.52,63.19,0.05,WELCOME5,66.52,3.33,63.19,none,0,,0.0,63.19,2025-01-22,other,,
T000409,EUR,C00967,P026,Pure Band 26,1,23.03,21.88,0.05,WELCOME5,23.03,1.15,21.88,none,0,,0.0,21.88,2025-01-22,other,,
T000410,EUR,C00051,P030,Active Mat 30,1,15.8,15.8,0.0,,15.8,0.0,15.8,none,0,,0.0,15.8,2025-01-22,other,,
T000411,EUR,C00566,P012,Essential Bag 12,1,99.7,99.7,0.0,,99.7,0.0,99.7,none,0,,0.0,99.7,2025-01-22,other,,
T000412,EUR,C00100,P021,Bright Organizer 21,1,91.23,91.23,0.0,,91.23,0.0,91.23,none,0,,0.0,91.23,2025-01-22,other,,
T000413,EUR,C00508,P004,Essential Bag 04,1,83.73,79.54,0.05,WELCOME5,83.73,4.19,79.54,none,0,,0.0,79.54,2025-01-22,other,,
T000414,EUR,C00416,P002,Pure Band 02,3,19.22,16.34,0.15,WEEKEND15,57.66,8.64,49.02,none,0,,0.0,49.02,2025-01-22,other,,
T000415,EUR,C00611,P017,Daily Lamp 17,1,94.4,80.24,0.15,WEEKEND15,94.4,14.16,80.24,none,0,,0.0,80.24,2025-01-22,other,,
T000416,EUR,C00610,P026,Pure Band 26,2,23.03,23.03,0.0,,46.06,0.0,46.06,none,0,,0.0,46.06,2025-01-22,website,,V009672
T000417,EUR,C00397,P006,Active Mat 06,1,104.36,104.36,0.0,,104.36,0.0,104.36,none,0,,0.0,104.36,2025-01-22,other,,
T000418,EUR,C00679,P018,Pure Band 18,2,68.13,68.13,0.0,,136.26,0.0,136.26,none,0,,0.0,136.26,2025-01-22,other,,
T000419,EUR,C00987,P006,Active Mat 06,2,104.36,104.36,0.0,,208.72,0.0,208.72,none,0,,0.0,208.72,2025-01-22,other,,
T000420,EUR,C00748,P025,Daily Lamp 25,1,101.88,96.79,0.05,WELCOME5,101.88,5.09,96.79,none,0,,0.0,96.79,2025-01-22,other,,
T000421,EUR,C00068,P028,Essential Bag 28,1,98.03,98.03,0.0,,98.03,0.0,98.03,none,0,,0.0,98.03,2025-01-23,other,,
T000422,EUR,C00114,P008,Modern Serum 08,1,76.74,69.07,0.1,LOYALTY10,76.74,7.67,69.07,none,0,,0.0,69.07,2025-01-23,other,,
T000423,EUR,C00979,P014,Active Mat 14,1,55.09,55.09,0.0,,55.09,0.0,55.09,none,0,,0.0,55.09,2025-01-23,other,,
T000424,EUR,C00856,P020,Essential Bag 20,1,23.79,23.79,0.0,,23.79,0.0,23.79,none,0,,0.0,23.79,2025-01-23,other,,
T000425,EUR,C00005,P020,Essential Bag 20,1,23.79,23.79,0.0,,23.79,0.0,23.79,full,1,2025-02-06,23.79,0.0,2025-01-23,other,,
T000426,EUR,C00797,P015,Calm Cream 15,1,26.81,26.81,0.0,,26.81,0.0,26.81,none,0,,0.0,26.81,2025-01-23,other,,
T000427,EUR,C00672,P001,Daily Lamp 01,1,96.68,96.68,0.0,,96.68,0.0,96.68,none,0,,0.0,96.68,2025-01-23,other,,
T000428,EUR,C00210,P013,Bright Organizer 13,1,48.36,48.36,0.0,,48.36,0.0,48.36,none,0,,0.0,48.36,2025-01-23,other,,
T000429,EUR,C00603,P002,Pure Band 02,2,19.22,19.22,0.0,,38.44,0.0,38.44,none,0,,0.0,38.44,2025-01-23,other,,
T000430,EUR,C00071,P022,Active Mat 22,3,31.79,31.79,0.0,,95.37,0.0,95.37,none,0,,0.0,95.37,2025-01-23,other,,
T000431,EUR,C00832,P006,Active Mat 06,2,104.36,104.36,0.0,,208.72,0.0,208.72,none,0,,0.0,208.72,2025-01-23,website,,V007759
T000432,EUR,C00704,P010,Pure Band 10,1,31.57,31.57,0.0,,31.57,0.0,31.57,none,0,,0.0,31.57,2025-01-23,other,,
T000433,EUR,C00300,P027,Urban Bottle 27,1,102.64,102.64,0.0,,102.64,0.0,102.64,none,0,,0.0,102.64,2025-01-23,website,,V007881
T000434,EUR,C00463,P009,Daily Lamp 09,1,27.05,27.05,0.0,,27.05,0.0,27.05,none,0,,0.0,27.05,2025-01-23,other,,
T000435,EUR,C00846,P016,Modern Serum 16,1,91.2,91.2,0.0,,91.2,0.0,91.2,none,0,,0.0,91.2,2025-01-23,other,,
T000436,EUR,C00762,P013,Bright Organizer 13,1,48.36,48.36,0.0,,48.36,0.0,48.36,none,0,,0.0,48.36,2025-01-23,other,,
T000437,EUR,C00933,P021,Bright Organizer 21,1,91.23,82.11,0.1,LOYALTY10,91.23,9.12,82.11,none,0,,0.0,82.11,2025-01-23,other,,
T000438,EUR,C00547,P006,Active Mat 06,1,104.36,104.36,0.0,,104.36,0.0,104.36,none,0,,0.0,104.36,2025-01-24,other,,
T000439,EUR,C00335,P019,Urban Bottle 19,1,61.21,55.09,0.1,RESET10,61.21,6.12,55.09,none,0,,0.0,55.09,2025-01-24,marketing_campaign,SEND003147,V010425
T000440,EUR,C00749,P008,Modern Serum 08,3,76.74,69.07,0.1,LOYALTY10,230.22,23.01,207.21,none,0,,0.0,207.21,2025-01-24,other,,
T000441,EUR,C00140,P020,Essential Bag 20,1,23.79,23.79,0.0,,23.79,0.0,23.79,none,0,,0.0,23.79,2025-01-24,other,,
T000442,EUR,C00397,P025,Daily Lamp 25,1,101.88,101.88,0.0,,101.88,0.0,101.88,none,0,,0.0,101.88,2025-01-24,other,,
T000443,EUR,C00170,P009,Daily Lamp 09,2,27.05,27.05,0.0,,54.1,0.0,54.1,full,2,2025-02-05,54.1,0.0,2025-01-24,other,,
T000444,EUR,C00714,P006,Active Mat 06,1,104.36,104.36,0.0,,104.36,0.0,104.36,none,0,,0.0,104.36,2025-01-24,other,,
T000445,EUR,C00065,P013,Bright Organizer 13,1,48.36,48.36,0.0,,48.36,0.0,48.36,none,0,,0.0,48.36,2025-01-24,other,,
T000446,EUR,C00982,P011,Urban Bottle 11,1,58.41,58.41,0.0,,58.41,0.0,58.41,none,0,,0.0,58.41,2025-01-24,other,,
T000447,EUR,C00306,P005,Bright Organizer 05,3,70.21,70.21,0.0,,210.63,0.0,210.63,none,0,,0.0,210.63,2025-01-24,other,,
T000448,EUR,C00055,P029,Bright Organizer 29,1,15.67,14.89,0.05,WELCOME5,15.67,0.78,14.89,none,0,,0.0,14.89,2025-01-24,other,,
T000449,EUR,C00879,P008,Modern Serum 08,1,76.74,76.74,0.0,,76.74,0.0,76.74,none,0,,0.0,76.74,2025-01-24,other,,
T000450,EUR,C00038,P016,Modern Serum 16,1,91.2,86.64,0.05,WELCOME5,91.2,4.56,86.64,none,0,,0.0,86.64,2025-01-24,other,,
T000451,EUR,C00327,P025,Daily Lamp 25,2,101.88,101.88,0.0,,203.76,0.0,203.76,none,0,,0.0,203.76,2025-01-24,other,,
T000452,EUR,C00106,P011,Urban Bottle 11,1,58.41,58.41,0.0,,58.41,0.0,58.41,none,0,,0.0,58.41,2025-01-24,other,,
T000453,EUR,C00010,P004,Essential Bag 04,1,83.73,83.73,0.0,,83.73,0.0,83.73,none,0,,0.0,83.73,2025-01-24,other,,
T000454,EUR,C00585,P020,Essential Bag 20,3,23.79,23.79,0.0,,71.37,0.0,71.37,none,0,,0.0,71.37,2025-01-24,other,,
T000455,EUR,C00904,P013,Bright Organizer 13,1,48.36,48.36,0.0,,48.36,0.0,48.36,none,0,,0.0,48.36,2025-01-24,other,,
T000456,EUR,C00118,P014,Active Mat 14,2,55.09,55.09,0.0,,110.18,0.0,110.18,none,0,,0.0,110.18,2025-01-24,other,,
T000457,EUR,C00357,P020,Essential Bag 20,1,23.79,23.79,0.0,,23.79,0.0,23.79,none,0,,0.0,23.79,2025-01-24,other,,
T000458,EUR,C00417,P013,Bright Organizer 13,4,48.36,48.36,0.0,,193.44,0.0,193.44,none,0,,0.0,193.44,2025-01-25,other,,
T000459,EUR,C00231,P003,Urban Bottle 03,1,105.26,105.26,0.0,,105.26,0.0,105.26,none,0,,0.0,105.26,2025-01-25,other,,
T000460,EUR,C00001,P028,Essential Bag 28,1,98.03,83.33,0.15,WEEKEND15,98.03,14.7,83.33,none,0,,0.0,83.33,2025-01-25,other,,
T000461,EUR,C00833,P003,Urban Bottle 03,1,105.26,105.26,0.0,,105.26,0.0,105.26,none,0,,0.0,105.26,2025-01-25,other,,
T000462,EUR,C00548,P020,Essential Bag 20,3,23.79,21.41,0.1,LOYALTY10,71.37,7.14,64.23,none,0,,0.0,64.23,2025-01-25,other,,
T000463,EUR,C00792,P007,Calm Cream 07,1,21.92,21.92,0.0,,21.92,0.0,21.92,none,0,,0.0,21.92,2025-01-25,website,,V007690
T000464,EUR,C00913,P023,Calm Cream 23,1,43.34,39.01,0.1,LOYALTY10,43.34,4.33,39.01,none,0,,0.0,39.01,2025-01-25,other,,
T000465,EUR,C00949,P021,Bright Organizer 21,1,91.23,91.23,0.0,,91.23,0.0,91.23,none,0,,0.0,91.23,2025-01-25,other,,
T000466,EUR,C00152,P024,Modern Serum 24,1,66.52,66.52,0.0,,66.52,0.0,66.52,none,0,,0.0,66.52,2025-01-25,other,,
T000467,EUR,C00982,P001,Daily Lamp 01,1,96.68,87.01,0.1,LOYALTY10,96.68,9.67,87.01,none,0,,0.0,87.01,2025-01-25,other,,
T000468,EUR,C00351,P021,Bright Organizer 21,1,91.23,86.67,0.05,WELCOME5,91.23,4.56,86.67,none,0,,0.0,86.67,2025-01-25,website,,V008273
T000469,EUR,C00609,P016,Modern Serum 16,3,91.2,91.2,0.0,,273.6,0.0,273.6,none,0,,0.0,273.6,2025-01-25,other,,
T000470,EUR,C00222,P002,Pure Band 02,1,19.22,19.22,0.0,,19.22,0.0,19.22,full,1,2025-02-16,19.22,0.0,2025-01-25,other,,
T000471,EUR,C00175,P019,Urban Bottle 19,1,61.21,61.21,0.0,,61.21,0.0,61.21,none,0,,0.0,61.21,2025-01-25,other,,
T000472,EUR,C00251,P021,Bright Organizer 21,1,91.23,91.23,0.0,,91.23,0.0,91.23,none,0,,0.0,91.23,2025-01-25,website,,V004988
T000473,EUR,C00852,P025,Daily Lamp 25,1,101.88,101.88,0.0,,101.88,0.0,101.88,none,0,,0.0,101.88,2025-01-25,other,,
T000474,EUR,C00165,P012,Essential Bag 12,1,99.7,99.7,0.0,,99.7,0.0,99.7,none,0,,0.0,99.7,2025-01-25,other,,
T000475,EUR,C00333,P009,Daily Lamp 09,1,27.05,27.05,0.0,,27.05,0.0,27.05,none,0,,0.0,27.05,2025-01-25,other,,
T000476,EUR,C00846,P001,Daily Lamp 01,1,96.68,91.85,0.05,WELCOME5,96.68,4.83,91.85,none,0,,0.0,91.85,2025-01-25,other,,
T000477,EUR,C00301,P008,Modern Serum 08,1,76.74,76.74,0.0,,76.74,0.0,76.74,none,0,,0.0,76.74,2025-01-25,other,,
T000478,EUR,C00946,P023,Calm Cream 23,2,43.34,43.34,0.0,,86.68,0.0,86.68,none,0,,0.0,86.68,2025-01-26,other,,
T000479,EUR,C00884,P003,Urban Bottle 03,2,105.26,105.26,0.0,,210.52,0.0,210.52,none,0,,0.0,210.52,2025-01-26,other,,
T000480,EUR,C00815,P001,Daily Lamp 01,1,96.68,87.01,0.1,LOYALTY10,96.68,9.67,87.01,none,0,,0.0,87.01,2025-01-26,other,,
T000481,EUR,C00580,P001,Daily Lamp 01,2,96.68,96.68,0.0,,193.36,0.0,193.36,none,0,,0.0,193.36,2025-01-26,other,,
T000482,EUR,C00257,P021,Bright Organizer 21,1,91.23,82.11,0.1,LOYALTY10,91.23,9.12,82.11,none,0,,0.0,82.11,2025-01-26,other,,
T000483,EUR,C00002,P001,Daily Lamp 01,1,96.68,82.18,0.15,WEEKEND15,96.68,14.5,82.18,none,0,,0.0,82.18,2025-01-26,other,,
T000484,EUR,C00530,P007,Calm Cream 07,1,21.92,21.92,0.0,,21.92,0.0,21.92,none,0,,0.0,21.92,2025-01-26,other,,
T000485,EUR,C00751,P023,Calm Cream 23,3,43.34,41.17,0.05,WELCOME5,130.02,6.51,123.51,none,0,,0.0,123.51,2025-01-26,other,,
T000486,EUR,C00521,P008,Modern Serum 08,1,76.74,76.74,0.0,,76.74,0.0,76.74,none,0,,0.0,76.74,2025-01-26,other,,
T000487,EUR,C00178,P025,Daily Lamp 25,1,101.88,101.88,0.0,,101.88,0.0,101.88,none,0,,0.0,101.88,2025-01-26,website,,V000567
T000488,EUR,C00114,P024,Modern Serum 24,2,66.52,63.19,0.05,WELCOME5,133.04,6.66,126.38,none,0,,0.0,126.38,2025-01-26,other,,
T000489,EUR,C00603,P014,Active Mat 14,2,55.09,55.09,0.0,,110.18,0.0,110.18,none,0,,0.0,110.18,2025-01-26,website,,V002458
T000490,EUR,C00104,P024,Modern Serum 24,1,66.52,66.52,0.0,,66.52,0.0,66.52,none,0,,0.0,66.52,2025-01-26,other,,
T000491,EUR,C00106,P019,Urban Bottle 19,1,61.21,61.21,0.0,,61.21,0.0,61.21,none,0,,0.0,61.21,2025-01-26,website,,V003341
T000492,EUR,C00707,P017,Daily Lamp 17,2,94.4,94.4,0.0,,188.8,0.0,188.8,none,0,,0.0,188.8,2025-01-26,other,,
T000493,EUR,C00686,P023,Calm Cream 23,3,43.34,43.34,0.0,,130.02,0.0,130.02,none,0,,0.0,130.02,2025-01-26,other,,
T000494,EUR,C00003,P020,Essential Bag 20,2,23.79,23.79,0.0,,47.58,0.0,47.58,none,0,,0.0,47.58,2025-01-27,other,,
T000495,EUR,C00668,P015,Calm Cream 15,1,26.81,26.81,0.0,,26.81,0.0,26.81,full,1,2025-02-08,26.81,0.0,2025-01-27,other,,
T000496,EUR,C00117,P022,Active Mat 22,1,31.79,31.79,0.0,,31.79,0.0,31.79,none,0,,0.0,31.79,2025-01-27,other,,
T000497,EUR,C00113,P014,Active Mat 14,2,55.09,49.58,0.1,RESET10,110.18,11.02,99.16,none,0,,0.0,99.16,2025-01-27,marketing_campaign,SEND006124,V010803
T000498,EUR,C00011,P009,Daily Lamp 09,1,27.05,27.05,0.0,,27.05,0.0,27.05,none,0,,0.0,27.05,2025-01-27,other,,
T000499,EUR,C00946,P022,Active Mat 22,1,31.79,31.79,0.0,,31.79,0.0,31.79,none,0,,0.0,31.79,2025-01-27,other,,
T000500,EUR,C00509,P004,Essential Bag 04,2,83.73,83.73,0.0,,167.46,0.0,167.46,none,0,,0.0,167.46,2025-01-27,other,,
T000501,EUR,C00677,P002,Pure Band 02,4,19.22,19.22,0.0,,76.88,0.0,76.88,none,0,,0.0,76.88,2025-01-27,other,,
T000502,EUR,C00113,P012,Essential Bag 12,1,99.7,99.7,0.0,,99.7,0.0,99.7,none,0,,0.0,99.7,2025-01-27,other,,
T000503,EUR,C00665,P028,Essential Bag 28,2,98.03,98.03,0.0,,196.06,0.0,196.06,none,0,,0.0,196.06,2025-01-27,other,,
T000504,EUR,C00474,P007,Calm Cream 07,1,21.92,21.92,0.0,,21.92,0.0,21.92,none,0,,0.0,21.92,2025-01-27,website,,V004664
T000505,EUR,C00403,P011,Urban Bottle 11,1,58.41,58.41,0.0,,58.41,0.0,58.41,none,0,,0.0,58.41,2025-01-27,other,,
T000506,EUR,C00821,P020,Essential Bag 20,1,23.79,23.79,0.0,,23.79,0.0,23.79,none,0,,0.0,23.79,2025-01-27,other,,
T000507,EUR,C00892,P011,Urban Bottle 11,1,58.41,58.41,0.0,,58.41,0.0,58.41,none,0,,0.0,58.41,2025-01-27,website,,V000518
T000508,EUR,C00358,P027,Urban Bottle 27,3,102.64,102.64,0.0,,307.92,0.0,307.92,none,0,,0.0,307.92,2025-01-27,other,,
T000509,EUR,C00539,P002,Pure Band 02,1,19.22,19.22,0.0,,19.22,0.0,19.22,none,0,,0.0,19.22,2025-01-27,other,,
T000510,EUR,C00466,P005,Bright Organizer 05,1,70.21,70.21,0.0,,70.21,0.0,70.21,none,0,,0.0,70.21,2025-01-27,other,,
T000511,EUR,C00106,P026,Pure Band 26,3,23.03,23.03,0.0,,69.09,0.0,69.09,none,0,,0.0,69.09,2025-01-27,other,,
T000512,EUR,C00427,P012,Essential Bag 12,2,99.7,99.7,0.0,,199.4,0.0,199.4,none,0,,0.0,199.4,2025-01-27,other,,
T000513,EUR,C00618,P012,Essential Bag 12,1,99.7,99.7,0.0,,99.7,0.0,99.7,full,1,2025-01-28,99.7,0.0,2025-01-27,other,,
T000514,EUR,C00252,P013,Bright Organizer 13,3,48.36,48.36,0.0,,145.08,0.0,145.08,none,0,,0.0,145.08,2025-01-27,other,,
T000515,EUR,C00705,P024,Modern Serum 24,2,66.52,56.54,0.15,WEEKEND15,133.04,19.96,113.08,none,0,,0.0,113.08,2025-01-27,website,,V006978
T000516,EUR,C00885,P006,Active Mat 06,1,104.36,104.36,0.0,,104.36,0.0,104.36,none,0,,0.0,104.36,2025-01-27,other,,
T000517,EUR,C00976,P006,Active Mat 06,1,104.36,99.14,0.05,WELCOME5,104.36,5.22,99.14,none,0,,0.0,99.14,2025-01-28,other,,
T000518,EUR,C00774,P027,Urban Bottle 27,1,102.64,102.64,0.0,,102.64,0.0,102.64,none,0,,0.0,102.64,2025-01-28,other,,
T000519,EUR,C00089,P004,Essential Bag 04,1,83.73,83.73,0.0,,83.73,0.0,83.73,none,0,,0.0,83.73,2025-01-28,other,,
T000520,EUR,C00912,P018,Pure Band 18,1,68.13,68.13,0.0,,68.13,0.0,68.13,none,0,,0.0,68.13,2025-01-28,other,,
T000521,EUR,C00043,P023,Calm Cream 23,2,43.34,43.34,0.0,,86.68,0.0,86.68,none,0,,0.0,86.68,2025-01-28,other,,
T000522,EUR,C00471,P009,Daily Lamp 09,1,27.05,25.7,0.05,WELCOME5,27.05,1.35,25.7,none,0,,0.0,25.7,2025-01-28,other,,
T000523,EUR,C00871,P026,Pure Band 26,2,23.03,23.03,0.0,,46.06,0.0,46.06,none,0,,0.0,46.06,2025-01-28,other,,
T000524,EUR,C00869,P012,Essential Bag 12,1,99.7,99.7,0.0,,99.7,0.0,99.7,none,0,,0.0,99.7,2025-01-28,other,,
T000525,EUR,C00924,P018,Pure Band 18,2,68.13,68.13,0.0,,136.26,0.0,136.26,none,0,,0.0,136.26,2025-01-28,other,,
T000526,EUR,C00837,P011,Urban Bottle 11,1,58.41,58.41,0.0,,58.41,0.0,58.41,none,0,,0.0,58.41,2025-01-28,other,,
T000527,EUR,C00396,P002,Pure Band 02,1,19.22,19.22,0.0,,19.22,0.0,19.22,none,0,,0.0,19.22,2025-01-28,website,,V000941
T000528,EUR,C00472,P018,Pure Band 18,1,68.13,68.13,0.0,,68.13,0.0,68.13,none,0,,0.0,68.13,2025-01-28,other,,
T000529,EUR,C00719,P023,Calm Cream 23,1,43.34,41.17,0.05,WELCOME5,43.34,2.17,41.17,none,0,,0.0,41.17,2025-01-28,other,,
T000530,EUR,C00664,P011,Urban Bottle 11,1,58.41,58.41,0.0,,58.41,0.0,58.41,none,0,,0.0,58.41,2025-01-28,other,,
T000531,EUR,C00417,P014,Active Mat 14,1,55.09,55.09,0.0,,55.09,0.0,55.09,none,0,,0.0,55.09,2025-01-28,other,,
T000532,EUR,C00708,P023,Calm Cream 23,1,43.34,43.34,0.0,,43.34,0.0,43.34,none,0,,0.0,43.34,2025-01-28,other,,
T000533,EUR,C00243,P009,Daily Lamp 09,1,27.05,27.05,0.0,,27.05,0.0,27.05,none,0,,0.0,27.05,2025-01-28,other,,
T000534,EUR,C00008,P006,Active Mat 06,1,104.36,99.14,0.05,WELCOME5,104.36,5.22,99.14,none,0,,0.0,99.14,2025-01-28,other,,
T000535,EUR,C00001,P017,Daily Lamp 17,1,94.4,94.4,0.0,,94.4,0.0,94.4,none,0,,0.0,94.4,2025-01-28,other,,
T000536,EUR,C00249,P004,Essential Bag 04,3,83.73,83.73,0.0,,251.19,0.0,251.19,none,0,,0.0,251.19,2025-01-28,other,,
T000537,EUR,C00457,P011,Urban Bottle 11,1,58.41,58.41,0.0,,58.41,0.0,58.41,full,1,2025-02-21,58.41,0.0,2025-01-28,other,,
T000538,EUR,C00377,P005,Bright Organizer 05,1,70.21,66.7,0.05,WELCOME5,70.21,3.51,66.7,none,0,,0.0,66.7,2025-01-28,other,,
T000539,EUR,C00660,P026,Pure Band 26,1,23.03,23.03,0.0,,23.03,0.0,23.03,none,0,,0.0,23.03,2025-01-28,website,,V000279
T000540,EUR,C00249,P021,Bright Organizer 21,1,91.23,91.23,0.0,,91.23,0.0,91.23,none,0,,0.0,91.23,2025-01-29,other,,
T000541,EUR,C00464,P007,Calm Cream 07,1,21.92,21.92,0.0,,21.92,0.0,21.92,none,0,,0.0,21.92,2025-01-29,other,,
T000542,EUR,C00458,P030,Active Mat 30,1,15.8,15.8,0.0,,15.8,0.0,15.8,none,0,,0.0,15.8,2025-01-29,other,,
T000543,EUR,C00727,P017,Daily Lamp 17,1,94.4,94.4,0.0,,94.4,0.0,94.4,none,0,,0.0,94.4,2025-01-29,other,,
T000544,EUR,C00955,P004,Essential Bag 04,2,83.73,75.36,0.1,LOYALTY10,167.46,16.74,150.72,none,0,,0.0,150.72,2025-01-29,other,,
T000545,EUR,C00747,P016,Modern Serum 16,3,91.2,91.2,0.0,,273.6,0.0,273.6,none,0,,0.0,273.6,2025-01-29,website,,V006015
T000546,EUR,C00762,P009,Daily Lamp 09,1,27.05,22.99,0.15,WEEKEND15,27.05,4.06,22.99,none,0,,0.0,22.99,2025-01-29,other,,
T000547,EUR,C00931,P016,Modern Serum 16,1,91.2,91.2,0.0,,91.2,0.0,91.2,none,0,,0.0,91.2,2025-01-29,other,,
T000548,EUR,C00573,P004,Essential Bag 04,3,83.73,75.36,0.1,LOYALTY10,251.19,25.11,226.08,none,0,,0.0,226.08,2025-01-29,other,,
T000549,EUR,C00309,P024,Modern Serum 24,1,66.52,66.52,0.0,,66.52,0.0,66.52,none,0,,0.0,66.52,2025-01-29,other,,
T000550,EUR,C00099,P025,Daily Lamp 25,2,101.88,101.88,0.0,,203.76,0.0,203.76,none,0,,0.0,203.76,2025-01-29,other,,
T000551,EUR,C00345,P014,Active Mat 14,1,55.09,55.09,0.0,,55.09,0.0,55.09,none,0,,0.0,55.09,2025-01-29,other,,
T000552,EUR,C00401,P005,Bright Organizer 05,1,70.21,70.21,0.0,,70.21,0.0,70.21,none,0,,0.0,70.21,2025-01-29,other,,
T000553,EUR,C00322,P009,Daily Lamp 09,3,27.05,27.05,0.0,,81.15,0.0,81.15,none,0,,0.0,81.15,2025-01-29,other,,
T000554,EUR,C00418,P024,Modern Serum 24,1,66.52,59.87,0.1,LOYALTY10,66.52,6.65,59.87,none,0,,0.0,59.87,2025-01-29,website,,V006657
T000555,EUR,C00493,P022,Active Mat 22,1,31.79,31.79,0.0,,31.79,0.0,31.79,none,0,,0.0,31.79,2025-01-29,other,,
T000556,EUR,C00027,P001,Daily Lamp 01,1,96.68,96.68,0.0,,96.68,0.0,96.68,none,0,,0.0,96.68,2025-01-29,other,,
T000557,EUR,C00759,P011,Urban Bottle 11,2,58.41,55.49,0.05,WELCOME5,116.82,5.84,110.98,none,0,,0.0,110.98,2025-01-29,website,,V003107
T000558,EUR,C00965,P012,Essential Bag 12,1,99.7,99.7,0.0,,99.7,0.0,99.7,none,0,,0.0,99.7,2025-01-29,other,,
T000559,EUR,C00722,P019,Urban Bottle 19,1,61.21,52.03,0.15,WEEKEND15,61.21,9.18,52.03,none,0,,0.0,52.03,2025-01-29,other,,
T000560,EUR,C00079,P011,Urban Bottle 11,1,58.41,58.41,0.0,,58.41,0.0,58.41,none,0,,0.0,58.41,2025-01-30,other,,
T000561,EUR,C00378,P003,Urban Bottle 03,2,105.26,105.26,0.0,,210.52,0.0,210.52,none,0,,0.0,210.52,2025-01-30,other,,
T000562,EUR,C00651,P004,Essential Bag 04,1,83.73,83.73,0.0,,83.73,0.0,83.73,none,0,,0.0,83.73,2025-01-30,other,,
T000563,EUR,C00079,P008,Modern Serum 08,1,76.74,69.07,0.1,LOYALTY10,76.74,7.67,69.07,none,0,,0.0,69.07,2025-01-30,other,,
T000564,EUR,C00393,P005,Bright Organizer 05,3,70.21,70.21,0.0,,210.63,0.0,210.63,none,0,,0.0,210.63,2025-01-30,other,,
T000565,EUR,C00178,P027,Urban Bottle 27,1,102.64,102.64,0.0,,102.64,0.0,102.64,none,0,,0.0,102.64,2025-01-30,other,,
T000566,EUR,C00115,P029,Bright Organizer 29,3,15.67,15.67,0.0,,47.01,0.0,47.01,none,0,,0.0,47.01,2025-01-30,other,,
T000567,EUR,C00667,P012,Essential Bag 12,1,99.7,99.7,0.0,,99.7,0.0,99.7,none,0,,0.0,99.7,2025-01-30,other,,
T000568,EUR,C00447,P024,Modern Serum 24,4,66.52,66.52,0.0,,266.08,0.0,266.08,none,0,,0.0,266.08,2025-01-30,other,,
T000569,EUR,C00866,P021,Bright Organizer 21,2,91.23,91.23,0.0,,182.46,0.0,182.46,full,2,2025-02-13,182.46,0.0,2025-01-30,other,,
T000570,EUR,C00353,P021,Bright Organizer 21,1,91.23,91.23,0.0,,91.23,0.0,91.23,none,0,,0.0,91.23,2025-01-30,other,,
T000571,EUR,C00755,P013,Bright Organizer 13,1,48.36,48.36,0.0,,48.36,0.0,48.36,none,0,,0.0,48.36,2025-01-30,other,,
T000572,EUR,C00661,P015,Calm Cream 15,1,26.81,26.81,0.0,,26.81,0.0,26.81,none,0,,0.0,26.81,2025-01-30,website,,V007241
T000573,EUR,C00978,P009,Daily Lamp 09,3,27.05,27.05,0.0,,81.15,0.0,81.15,full,3,2025-03-01,81.15,0.0,2025-01-30,other,,
T000574,EUR,C00170,P019,Urban Bottle 19,1,61.21,61.21,0.0,,61.21,0.0,61.21,none,0,,0.0,61.21,2025-01-30,other,,
T000575,EUR,C00574,P012,Essential Bag 12,2,99.7,99.7,0.0,,199.4,0.0,199.4,none,0,,0.0,199.4,2025-01-30,website,,V003270
T000576,EUR,C00592,P017,Daily Lamp 17,1,94.4,94.4,0.0,,94.4,0.0,94.4,none,0,,0.0,94.4,2025-01-30,website,,V004026
T000577,EUR,C00435,P019,Urban Bottle 19,3,61.21,61.21,0.0,,183.63,0.0,183.63,full,3,2025-02-10,183.63,0.0,2025-01-31,other,,
T000578,EUR,C00966,P004,Essential Bag 04,1,83.73,83.73,0.0,,83.73,0.0,83.73,none,0,,0.0,83.73,2025-01-31,other,,
T000579,EUR,C00935,P019,Urban Bottle 19,1,61.21,55.09,0.1,LOYALTY10,61.21,6.12,55.09,none,0,,0.0,55.09,2025-01-31,other,,
T000580,EUR,C00062,P023,Calm Cream 23,1,43.34,43.34,0.0,,43.34,0.0,43.34,none,0,,0.0,43.34,2025-01-31,other,,
T000581,EUR,C00930,P012,Essential Bag 12,1,99.7,84.75,0.15,WEEKEND15,99.7,14.95,84.75,full,1,2025-02-25,84.75,0.0,2025-01-31,other,,
T000582,EUR,C00767,P024,Modern Serum 24,3,66.52,66.52,0.0,,199.56,0.0,199.56,none,0,,0.0,199.56,2025-01-31,other,,
T000583,EUR,C00223,P030,Active Mat 30,1,15.8,15.8,0.0,,15.8,0.0,15.8,none,0,,0.0,15.8,2025-01-31,website,,V004937
T000584,EUR,C00143,P006,Active Mat 06,2,104.36,88.71,0.15,WEEKEND15,208.72,31.3,177.42,none,0,,0.0,177.42,2025-01-31,other,,
T000585,EUR,C00578,P002,Pure Band 02,1,19.22,19.22,0.0,,19.22,0.0,19.22,none,0,,0.0,19.22,2025-01-31,website,,V008487
T000586,EUR,C00221,P021,Bright Organizer 21,2,91.23,91.23,0.0,,182.46,0.0,182.46,none,0,,0.0,182.46,2025-01-31,other,,
T000587,EUR,C00103,P016,Modern Serum 16,1,91.2,91.2,0.0,,91.2,0.0,91.2,none,0,,0.0,91.2,2025-01-31,other,,
T000588,EUR,C00256,P028,Essential Bag 28,1,98.03,98.03,0.0,,98.03,0.0,98.03,none,0,,0.0,98.03,2025-01-31,other,,
T000589,EUR,C00160,P022,Active Mat 22,2,31.79,30.2,0.05,WELCOME5,63.58,3.18,60.4,none,0,,0.0,60.4,2025-01-31,other,,
T000590,EUR,C00129,P025,Daily Lamp 25,2,101.88,101.88,0.0,,203.76,0.0,203.76,none,0,,0.0,203.76,2025-01-31,other,,
T000591,EUR,C00117,P011,Urban Bottle 11,1,58.41,58.41,0.0,,58.41,0.0,58.41,none,0,,0.0,58.41,2025-01-31,other,,
T000592,EUR,C00637,P024,Modern Serum 24,1,66.52,66.52,0.0,,66.52,0.0,66.52,none,0,,0.0,66.52,2025-01-31,other,,
T000593,EUR,C00153,P001,Daily Lamp 01,2,96.68,96.68,0.0,,193.36,0.0,193.36,none,0,,0.0,193.36,2025-01-31,other,,
T000594,EUR,C00475,P011,Urban Bottle 11,2,58.41,49.65,0.15,WEEKEND15,116.82,17.52,99.3,none,0,,0.0,99.3,2025-02-01,other,,
T000595,EUR,C00640,P011,Urban Bottle 11,2,58.41,58.41,0.0,,116.82,0.0,116.82,none,0,,0.0,116.82,2025-02-01,other,,
T000596,EUR,C00019,P019,Urban Bottle 19,2,61.21,61.21,0.0,,122.42,0.0,122.42,none,0,,0.0,122.42,2025-02-01,other,,
T000597,EUR,C00222,P015,Calm Cream 15,1,26.81,24.13,0.1,LOYALTY10,26.81,2.68,24.13,none,0,,0.0,24.13,2025-02-01,other,,
T000598,EUR,C00270,P022,Active Mat 22,1,31.79,31.79,0.0,,31.79,0.0,31.79,none,0,,0.0,31.79,2025-02-01,other,,
T000599,EUR,C00990,P008,Modern Serum 08,2,76.74,76.74,0.0,,153.48,0.0,153.48,none,0,,0.0,153.48,2025-02-01,other,,
T000600,EUR,C00436,P003,Urban Bottle 03,1,105.26,105.26,0.0,,105.26,0.0,105.26,none,0,,0.0,105.26,2025-02-01,other,,
T000601,EUR,C00413,P015,Calm Cream 15,1,26.81,26.81,0.0,,26.81,0.0,26.81,none,0,,0.0,26.81,2025-02-01,other,,
T000602,EUR,C00821,P020,Essential Bag 20,1,23.79,23.79,0.0,,23.79,0.0,23.79,none,0,,0.0,23.79,2025-02-01,other,,
T000603,EUR,C00966,P012,Essential Bag 12,1,99.7,99.7,0.0,,99.7,0.0,99.7,none,0,,0.0,99.7,2025-02-01,other,,
T000604,EUR,C00125,P021,Bright Organizer 21,1,91.23,91.23,0.0,,91.23,0.0,91.23,none,0,,0.0,91.23,2025-02-01,other,,
T000605,EUR,C00901,P009,Daily Lamp 09,1,27.05,25.7,0.05,WELCOME5,27.05,1.35,25.7,none,0,,0.0,25.7,2025-02-01,other,,
T000606,EUR,C00242,P023,Calm Cream 23,4,43.34,43.34,0.0,,173.36,0.0,173.36,none,0,,0.0,173.36,2025-02-01,other,,
T000607,EUR,C00556,P013,Bright Organizer 13,3,48.36,48.36,0.0,,145.08,0.0,145.08,none,0,,0.0,145.08,2025-02-01,website,,V001610
T000608,EUR,C00454,P019,Urban Bottle 19,1,61.21,61.21,0.0,,61.21,0.0,61.21,none,0,,0.0,61.21,2025-02-01,other,,
T000609,EUR,C00185,P011,Urban Bottle 11,1,58.41,49.65,0.15,WEEKEND15,58.41,8.76,49.65,none,0,,0.0,49.65,2025-02-02,other,,
T000610,EUR,C00271,P015,Calm Cream 15,1,26.81,26.81,0.0,,26.81,0.0,26.81,none,0,,0.0,26.81,2025-02-02,other,,
T000611,EUR,C00993,P007,Calm Cream 07,1,21.92,19.73,0.1,LOYALTY10,21.92,2.19,19.73,none,0,,0.0,19.73,2025-02-02,other,,
T000612,EUR,C00819,P006,Active Mat 06,1,104.36,104.36,0.0,,104.36,0.0,104.36,none,0,,0.0,104.36,2025-02-02,other,,
T000613,EUR,C00410,P016,Modern Serum 16,3,91.2,91.2,0.0,,273.6,0.0,273.6,full,3,2025-03-02,273.6,0.0,2025-02-02,other,,
T000614,EUR,C00747,P011,Urban Bottle 11,4,58.41,58.41,0.0,,233.64,0.0,233.64,none,0,,0.0,233.64,2025-02-02,other,,
T000615,EUR,C00152,P012,Essential Bag 12,1,99.7,99.7,0.0,,99.7,0.0,99.7,none,0,,0.0,99.7,2025-02-02,other,,
T000616,EUR,C00486,P018,Pure Band 18,3,68.13,68.13,0.0,,204.39,0.0,204.39,none,0,,0.0,204.39,2025-02-02,other,,
T000617,EUR,C00735,P009,Daily Lamp 09,1,27.05,27.05,0.0,,27.05,0.0,27.05,none,0,,0.0,27.05,2025-02-02,other,,
T000618,EUR,C00542,P019,Urban Bottle 19,1,61.21,61.21,0.0,,61.21,0.0,61.21,none,0,,0.0,61.21,2025-02-02,other,,
T000619,EUR,C00627,P010,Pure Band 10,1,31.57,31.57,0.0,,31.57,0.0,31.57,none,0,,0.0,31.57,2025-02-02,other,,
T000620,EUR,C00845,P005,Bright Organizer 05,1,70.21,70.21,0.0,,70.21,0.0,70.21,none,0,,0.0,70.21,2025-02-02,other,,
T000621,EUR,C00675,P007,Calm Cream 07,1,21.92,21.92,0.0,,21.92,0.0,21.92,none,0,,0.0,21.92,2025-02-02,other,,
T000622,EUR,C00932,P011,Urban Bottle 11,2,58.41,58.41,0.0,,116.82,0.0,116.82,none,0,,0.0,116.82,2025-02-02,other,,
T000623,EUR,C00461,P019,Urban Bottle 19,1,61.21,58.15,0.05,WELCOME5,61.21,3.06,58.15,none,0,,0.0,58.15,2025-02-02,other,,
T000624,EUR,C00063,P006,Active Mat 06,1,104.36,104.36,0.0,,104.36,0.0,104.36,none,0,,0.0,104.36,2025-02-03,other,,
T000625,EUR,C00453,P001,Daily Lamp 01,1,96.68,87.01,0.1,LOYALTY10,96.68,9.67,87.01,none,0,,0.0,87.01,2025-02-03,other,,
T000626,EUR,C00351,P021,Bright Organizer 21,1,91.23,91.23,0.0,,91.23,0.0,91.23,none,0,,0.0,91.23,2025-02-03,other,,
T000627,EUR,C00779,P005,Bright Organizer 05,1,70.21,70.21,0.0,,70.21,0.0,70.21,none,0,,0.0,70.21,2025-02-03,other,,
T000628,EUR,C00372,P010,Pure Band 10,1,31.57,31.57,0.0,,31.57,0.0,31.57,none,0,,0.0,31.57,2025-02-03,other,,
T000629,EUR,C00088,P021,Bright Organizer 21,1,91.23,86.67,0.05,WELCOME5,91.23,4.56,86.67,none,0,,0.0,86.67,2025-02-03,other,,
T000630,EUR,C00319,P024,Modern Serum 24,1,66.52,66.52,0.0,,66.52,0.0,66.52,none,0,,0.0,66.52,2025-02-03,other,,
T000631,EUR,C00193,P029,Bright Organizer 29,2,15.67,15.67,0.0,,31.34,0.0,31.34,none,0,,0.0,31.34,2025-02-03,other,,
T000632,EUR,C00116,P013,Bright Organizer 13,1,48.36,48.36,0.0,,48.36,0.0,48.36,none,0,,0.0,48.36,2025-02-03,other,,
T000633,EUR,C00430,P001,Daily Lamp 01,1,96.68,96.68,0.0,,96.68,0.0,96.68,none,0,,0.0,96.68,2025-02-03,other,,
T000634,EUR,C00466,P020,Essential Bag 20,2,23.79,22.6,0.05,WELCOME5,47.58,2.38,45.2,none,0,,0.0,45.2,2025-02-03,other,,
T000635,EUR,C00978,P021,Bright Organizer 21,4,91.23,91.23,0.0,,364.92,0.0,364.92,none,0,,0.0,364.92,2025-02-03,other,,
T000636,EUR,C00957,P022,Active Mat 22,2,31.79,31.79,0.0,,63.58,0.0,63.58,none,0,,0.0,63.58,2025-02-03,other,,
T000637,EUR,C00385,P002,Pure Band 02,1,19.22,19.22,0.0,,19.22,0.0,19.22,none,0,,0.0,19.22,2025-02-03,other,,
T000638,EUR,C00443,P025,Daily Lamp 25,2,101.88,96.79,0.05,WELCOME5,203.76,10.18,193.58,full,2,2025-02-14,193.58,0.0,2025-02-03,other,,
T000639,EUR,C00791,P028,Essential Bag 28,1,98.03,98.03,0.0,,98.03,0.0,98.03,none,0,,0.0,98.03,2025-02-03,other,,
T000640,EUR,C00090,P013,Bright Organizer 13,1,48.36,48.36,0.0,,48.36,0.0,48.36,none,0,,0.0,48.36,2025-02-03,other,,
T000641,EUR,C00225,P015,Calm Cream 15,2,26.81,26.81,0.0,,53.62,0.0,53.62,none,0,,0.0,53.62,2025-02-03,other,,
T000642,EUR,C00608,P001,Daily Lamp 01,1,96.68,96.68,0.0,,96.68,0.0,96.68,none,0,,0.0,96.68,2025-02-04,other,,
T000643,EUR,C00664,P004,Essential Bag 04,1,83.73,83.73,0.0,,83.73,0.0,83.73,none,0,,0.0,83.73,2025-02-04,other,,
T000644,EUR,C00994,P016,Modern Serum 16,4,91.2,86.64,0.05,WELCOME5,364.8,18.24,346.56,none,0,,0.0,346.56,2025-02-04,other,,
T000645,EUR,C00952,P028,Essential Bag 28,1,98.03,98.03,0.0,,98.03,0.0,98.03,none,0,,0.0,98.03,2025-02-04,other,,
T000646,EUR,C00939,P028,Essential Bag 28,2,98.03,98.03,0.0,,196.06,0.0,196.06,none,0,,0.0,196.06,2025-02-04,other,,
T000647,EUR,C00792,P022,Active Mat 22,1,31.79,30.2,0.05,WELCOME5,31.79,1.59,30.2,none,0,,0.0,30.2,2025-02-04,other,,
T000648,EUR,C00316,P008,Modern Serum 08,1,76.74,76.74,0.0,,76.74,0.0,76.74,none,0,,0.0,76.74,2025-02-04,other,,
T000649,EUR,C00398,P029,Bright Organizer 29,1,15.67,15.67,0.0,,15.67,0.0,15.67,none,0,,0.0,15.67,2025-02-04,other,,
T000650,EUR,C00526,P020,Essential Bag 20,1,23.79,23.79,0.0,,23.79,0.0,23.79,none,0,,0.0,23.79,2025-02-04,other,,
T000651,EUR,C00314,P017,Daily Lamp 17,1,94.4,84.96,0.1,RESET10,94.4,9.44,84.96,none,0,,0.0,84.96,2025-02-04,marketing_campaign,SEND006807,V010900
T000652,EUR,C00819,P017,Daily Lamp 17,1,94.4,94.4,0.0,,94.4,0.0,94.4,none,0,,0.0,94.4,2025-02-04,other,,
T000653,EUR,C00145,P024,Modern Serum 24,2,66.52,66.52,0.0,,133.04,0.0,133.04,none,0,,0.0,133.04,2025-02-04,other,,
T000654,EUR,C00377,P025,Daily Lamp 25,1,101.88,101.88,0.0,,101.88,0.0,101.88,none,0,,0.0,101.88,2025-02-04,other,,
T000655,EUR,C00116,P030,Active Mat 30,2,15.8,15.8,0.0,,31.6,0.0,31.6,none,0,,0.0,31.6,2025-02-04,other,,
T000656,EUR,C00753,P011,Urban Bottle 11,1,58.41,55.49,0.05,WELCOME5,58.41,2.92,55.49,none,0,,0.0,55.49,2025-02-04,other,,
T000657,EUR,C00423,P001,Daily Lamp 01,1,96.68,96.68,0.0,,96.68,0.0,96.68,full,1,2025-02-09,96.68,0.0,2025-02-05,other,,
T000658,EUR,C00786,P026,Pure Band 26,1,23.03,23.03,0.0,,23.03,0.0,23.03,none,0,,0.0,23.03,2025-02-05,website,,V000539
T000659,EUR,C00868,P006,Active Mat 06,1,104.36,104.36,0.0,,104.36,0.0,104.36,none,0,,0.0,104.36,2025-02-05,website,,V007551
T000660,EUR,C00485,P027,Urban Bottle 27,2,102.64,102.64,0.0,,205.28,0.0,205.28,none,0,,0.0,205.28,2025-02-05,other,,
T000661,EUR,C00087,P016,Modern Serum 16,1,91.2,91.2,0.0,,91.2,0.0,91.2,none,0,,0.0,91.2,2025-02-05,other,,
T000662,EUR,C00837,P008,Modern Serum 08,1,76.74,76.74,0.0,,76.74,0.0,76.74,none,0,,0.0,76.74,2025-02-05,other,,
T000663,EUR,C00922,P009,Daily Lamp 09,2,27.05,24.35,0.1,LOYALTY10,54.1,5.4,48.7,none,0,,0.0,48.7,2025-02-05,other,,
T000664,EUR,C00486,P005,Bright Organizer 05,1,70.21,70.21,0.0,,70.21,0.0,70.21,full,1,2025-02-23,70.21,0.0,2025-02-05,other,,
T000665,EUR,C00793,P001,Daily Lamp 01,2,96.68,96.68,0.0,,193.36,0.0,193.36,none,0,,0.0,193.36,2025-02-05,other,,
T000666,EUR,C00268,P019,Urban Bottle 19,3,61.21,61.21,0.0,,183.63,0.0,183.63,none,0,,0.0,183.63,2025-02-05,other,,
T000667,EUR,C00218,P009,Daily Lamp 09,2,27.05,27.05,0.0,,54.1,0.0,54.1,none,0,,0.0,54.1,2025-02-05,other,,
T000668,EUR,C00979,P012,Essential Bag 12,2,99.7,84.75,0.15,WEEKEND15,199.4,29.9,169.5,none,0,,0.0,169.5,2025-02-05,other,,
T000669,EUR,C00529,P003,Urban Bottle 03,1,105.26,89.47,0.15,WEEKEND15,105.26,15.79,89.47,none,0,,0.0,89.47,2025-02-05,other,,
T000670,EUR,C00182,P027,Urban Bottle 27,1,102.64,92.38,0.1,LOYALTY10,102.64,10.26,92.38,none,0,,0.0,92.38,2025-02-05,other,,
T000671,EUR,C00515,P016,Modern Serum 16,1,91.2,82.08,0.1,LOYALTY10,91.2,9.12,82.08,none,0,,0.0,82.08,2025-02-05,other,,
T000672,EUR,C00928,P006,Active Mat 06,1,104.36,104.36,0.0,,104.36,0.0,104.36,none,0,,0.0,104.36,2025-02-05,other,,
T000673,EUR,C00539,P009,Daily Lamp 09,1,27.05,25.7,0.05,WELCOME5,27.05,1.35,25.7,none,0,,0.0,25.7,2025-02-05,other,,
T000674,EUR,C00942,P023,Calm Cream 23,2,43.34,39.01,0.1,LOYALTY10,86.68,8.66,78.02,none,0,,0.0,78.02,2025-02-05,other,,
T000675,EUR,C00654,P008,Modern Serum 08,1,76.74,76.74,0.0,,76.74,0.0,76.74,none,0,,0.0,76.74,2025-02-05,other,,
T000676,EUR,C00613,P029,Bright Organizer 29,1,15.67,13.32,0.15,WEEKEND15,15.67,2.35,13.32,none,0,,0.0,13.32,2025-02-05,other,,
T000677,EUR,C00399,P013,Bright Organizer 13,1,48.36,48.36,0.0,,48.36,0.0,48.36,none,0,,0.0,48.36,2025-02-05,other,,
T000678,EUR,C00977,P026,Pure Band 26,1,23.03,19.58,0.15,WEEKEND15,23.03,3.45,19.58,none,0,,0.0,19.58,2025-02-05,other,,
T000679,EUR,C00765,P020,Essential Bag 20,1,23.79,23.79,0.0,,23.79,0.0,23.79,none,0,,0.0,23.79,2025-02-06,other,,
T000680,EUR,C00382,P028,Essential Bag 28,1,98.03,98.03,0.0,,98.03,0.0,98.03,none,0,,0.0,98.03,2025-02-06,other,,
T000681,EUR,C00605,P018,Pure Band 18,3,68.13,61.32,0.1,LOYALTY10,204.39,20.43,183.96,none,0,,0.0,183.96,2025-02-06,other,,
T000682,EUR,C00691,P004,Essential Bag 04,1,83.73,83.73,0.0,,83.73,0.0,83.73,none,0,,0.0,83.73,2025-02-06,other,,
T000683,EUR,C00802,P026,Pure Band 26,1,23.03,23.03,0.0,,23.03,0.0,23.03,none,0,,0.0,23.03,2025-02-06,other,,
T000684,EUR,C00839,P008,Modern Serum 08,1,76.74,76.74,0.0,,76.74,0.0,76.74,none,0,,0.0,76.74,2025-02-06,other,,
T000685,EUR,C00988,P006,Active Mat 06,1,104.36,104.36,0.0,,104.36,0.0,104.36,none,0,,0.0,104.36,2025-02-06,other,,
T000686,EUR,C00028,P003,Urban Bottle 03,2,105.26,105.26,0.0,,210.52,0.0,210.52,none,0,,0.0,210.52,2025-02-06,other,,
T000687,EUR,C00369,P004,Essential Bag 04,1,83.73,79.54,0.05,WELCOME5,83.73,4.19,79.54,none,0,,0.0,79.54,2025-02-06,other,,
T000688,EUR,C00319,P008,Modern Serum 08,1,76.74,76.74,0.0,,76.74,0.0,76.74,none,0,,0.0,76.74,2025-02-06,other,,
T000689,EUR,C00387,P004,Essential Bag 04,2,83.73,83.73,0.0,,167.46,0.0,167.46,none,0,,0.0,167.46,2025-02-06,other,,
T000690,EUR,C00994,P025,Daily Lamp 25,1,101.88,101.88,0.0,,101.88,0.0,101.88,none,0,,0.0,101.88,2025-02-06,other,,
T000691,EUR,C00038,P018,Pure Band 18,1,68.13,68.13,0.0,,68.13,0.0,68.13,none,0,,0.0,68.13,2025-02-06,other,,
T000692,EUR,C00484,P029,Bright Organizer 29,1,15.67,15.67,0.0,,15.67,0.0,15.67,none,0,,0.0,15.67,2025-02-06,other,,
T000693,EUR,C00890,P018,Pure Band 18,1,68.13,57.91,0.15,WEEKEND15,68.13,10.22,57.91,full,1,2025-02-19,57.91,0.0,2025-02-06,other,,
T000694,EUR,C00664,P018,Pure Band 18,1,68.13,68.13,0.0,,68.13,0.0,68.13,none,0,,0.0,68.13,2025-02-06,website,,V006766
T000695,EUR,C00486,P011,Urban Bottle 11,2,58.41,49.65,0.15,WEEKEND15,116.82,17.52,99.3,none,0,,0.0,99.3,2025-02-06,other,,
T000696,EUR,C00973,P011,Urban Bottle 11,1,58.41,58.41,0.0,,58.41,0.0,58.41,none,0,,0.0,58.41,2025-02-06,other,,
T000697,EUR,C00904,P011,Urban Bottle 11,3,58.41,58.41,0.0,,175.23,0.0,175.23,none,0,,0.0,175.23,2025-02-06,other,,
T000698,EUR,C00653,P021,Bright Organizer 21,1,91.23,86.67,0.05,WELCOME5,91.23,4.56,86.67,none,0,,0.0,86.67,2025-02-06,other,,
T000699,EUR,C00080,P022,Active Mat 22,1,31.79,31.79,0.0,,31.79,0.0,31.79,none,0,,0.0,31.79,2025-02-06,other,,
T000700,EUR,C00413,P014,Active Mat 14,1,55.09,55.09,0.0,,55.09,0.0,55.09,none,0,,0.0,55.09,2025-02-06,website,,V004863
T000701,EUR,C00331,P009,Daily Lamp 09,1,27.05,27.05,0.0,,27.05,0.0,27.05,none,0,,0.0,27.05,2025-02-06,other,,
T000702,EUR,C00025,P017,Daily Lamp 17,1,94.4,94.4,0.0,,94.4,0.0,94.4,none,0,,0.0,94.4,2025-02-07,other,,
T000703,EUR,C00549,P016,Modern Serum 16,1,91.2,91.2,0.0,,91.2,0.0,91.2,none,0,,0.0,91.2,2025-02-07,other,,
T000704,EUR,C00102,P001,Daily Lamp 01,1,96.68,96.68,0.0,,96.68,0.0,96.68,none,0,,0.0,96.68,2025-02-07,website,,V006926
T000705,EUR,C00843,P012,Essential Bag 12,1,99.7,99.7,0.0,,99.7,0.0,99.7,none,0,,0.0,99.7,2025-02-07,other,,
T000706,EUR,C00795,P007,Calm Cream 07,2,21.92,21.92,0.0,,43.84,0.0,43.84,none,0,,0.0,43.84,2025-02-07,other,,
T000707,EUR,C00759,P023,Calm Cream 23,2,43.34,43.34,0.0,,86.68,0.0,86.68,none,0,,0.0,86.68,2025-02-07,other,,
T000708,EUR,C00453,P002,Pure Band 02,3,19.22,19.22,0.0,,57.66,0.0,57.66,none,0,,0.0,57.66,2025-02-07,other,,
T000709,EUR,C00982,P027,Urban Bottle 27,1,102.64,102.64,0.0,,102.64,0.0,102.64,none,0,,0.0,102.64,2025-02-07,other,,
T000710,EUR,C00920,P021,Bright Organizer 21,1,91.23,91.23,0.0,,91.23,0.0,91.23,none,0,,0.0,91.23,2025-02-07,other,,
T000711,EUR,C00453,P004,Essential Bag 04,1,83.73,71.17,0.15,WEEKEND15,83.73,12.56,71.17,none,0,,0.0,71.17,2025-02-07,other,,
T000712,EUR,C00410,P010,Pure Band 10,2,31.57,29.99,0.05,WELCOME5,63.14,3.16,59.98,none,0,,0.0,59.98,2025-02-07,other,,
T000713,EUR,C00040,P024,Modern Serum 24,2,66.52,66.52,0.0,,133.04,0.0,133.04,none,0,,0.0,133.04,2025-02-08,other,,
T000714,EUR,C00834,P019,Urban Bottle 19,1,61.21,58.15,0.05,WELCOME5,61.21,3.06,58.15,none,0,,0.0,58.15,2025-02-08,other,,
T000715,EUR,C00671,P016,Modern Serum 16,1,91.2,91.2,0.0,,91.2,0.0,91.2,none,0,,0.0,91.2,2025-02-08,other,,
T000716,EUR,C00182,P004,Essential Bag 04,3,83.73,83.73,0.0,,251.19,0.0,251.19,none,0,,0.0,251.19,2025-02-08,other,,
T000717,EUR,C00910,P001,Daily Lamp 01,1,96.68,96.68,0.0,,96.68,0.0,96.68,none,0,,0.0,96.68,2025-02-08,other,,
T000718,EUR,C00704,P016,Modern Serum 16,1,91.2,82.08,0.1,LOYALTY10,91.2,9.12,82.08,none,0,,0.0,82.08,2025-02-08,other,,
T000719,EUR,C00996,P021,Bright Organizer 21,1,91.23,91.23,0.0,,91.23,0.0,91.23,none,0,,0.0,91.23,2025-02-08,other,,
T000720,EUR,C00317,P027,Urban Bottle 27,1,102.64,102.64,0.0,,102.64,0.0,102.64,none,0,,0.0,102.64,2025-02-08,other,,
T000721,EUR,C00003,P010,Pure Band 10,3,31.57,28.41,0.1,LOYALTY10,94.71,9.48,85.23,none,0,,0.0,85.23,2025-02-08,other,,
T000722,EUR,C00511,P016,Modern Serum 16,2,91.2,91.2,0.0,,182.4,0.0,182.4,none,0,,0.0,182.4,2025-02-08,other,,
T000723,EUR,C00943,P021,Bright Organizer 21,2,91.23,91.23,0.0,,182.46,0.0,182.46,none,0,,0.0,182.46,2025-02-08,website,,V006159
T000724,EUR,C00573,P009,Daily Lamp 09,1,27.05,27.05,0.0,,27.05,0.0,27.05,none,0,,0.0,27.05,2025-02-08,other,,
T000725,EUR,C00856,P004,Essential Bag 04,4,83.73,83.73,0.0,,334.92,0.0,334.92,none,0,,0.0,334.92,2025-02-08,other,,
T000726,EUR,C00564,P019,Urban Bottle 19,1,61.21,61.21,0.0,,61.21,0.0,61.21,none,0,,0.0,61.21,2025-02-08,other,,
T000727,EUR,C00186,P010,Pure Band 10,1,31.57,31.57,0.0,,31.57,0.0,31.57,none,0,,0.0,31.57,2025-02-08,website,,V007788
T000728,EUR,C00444,P015,Calm Cream 15,1,26.81,26.81,0.0,,26.81,0.0,26.81,none,0,,0.0,26.81,2025-02-08,other,,
T000729,EUR,C00430,P009,Daily Lamp 09,1,27.05,27.05,0.0,,27.05,0.0,27.05,none,0,,0.0,27.05,2025-02-08,other,,
T000730,EUR,C00249,P009,Daily Lamp 09,1,27.05,22.99,0.15,WEEKEND15,27.05,4.06,22.99,none,0,,0.0,22.99,2025-02-08,other,,
T000731,EUR,C00425,P007,Calm Cream 07,1,21.92,21.92,0.0,,21.92,0.0,21.92,none,0,,0.0,21.92,2025-02-08,other,,
T000732,EUR,C00376,P007,Calm Cream 07,1,21.92,21.92,0.0,,21.92,0.0,21.92,full,1,2025-02-25,21.92,0.0,2025-02-08,other,,
T000733,EUR,C00910,P004,Essential Bag 04,2,83.73,83.73,0.0,,167.46,0.0,167.46,none,0,,0.0,167.46,2025-02-08,other,,
T000734,EUR,C00263,P004,Essential Bag 04,2,83.73,83.73,0.0,,167.46,0.0,167.46,none,0,,0.0,167.46,2025-02-08,other,,
T000735,EUR,C00914,P003,Urban Bottle 03,1,105.26,89.47,0.15,WEEKEND15,105.26,15.79,89.47,none,0,,0.0,89.47,2025-02-08,other,,
T000736,EUR,C00193,P022,Active Mat 22,1,31.79,28.61,0.1,LOYALTY10,31.79,3.18,28.61,none,0,,0.0,28.61,2025-02-08,other,,
T000737,EUR,C00151,P025,Daily Lamp 25,1,101.88,101.88,0.0,,101.88,0.0,101.88,none,0,,0.0,101.88,2025-02-08,other,,
T000738,EUR,C00814,P024,Modern Serum 24,1,66.52,63.19,0.05,WELCOME5,66.52,3.33,63.19,none,0,,0.0,63.19,2025-02-09,other,,
T000739,EUR,C00106,P001,Daily Lamp 01,1,96.68,96.68,0.0,,96.68,0.0,96.68,none,0,,0.0,96.68,2025-02-09,other,,
T000740,EUR,C00115,P026,Pure Band 26,1,23.03,21.88,0.05,WELCOME5,23.03,1.15,21.88,none,0,,0.0,21.88,2025-02-09,other,,
T000741,EUR,C00250,P009,Daily Lamp 09,1,27.05,27.05,0.0,,27.05,0.0,27.05,none,0,,0.0,27.05,2025-02-09,website,,V001197
T000742,EUR,C00204,P005,Bright Organizer 05,2,70.21,70.21,0.0,,140.42,0.0,140.42,none,0,,0.0,140.42,2025-02-09,other,,
T000743,EUR,C00327,P012,Essential Bag 12,1,99.7,99.7,0.0,,99.7,0.0,99.7,none,0,,0.0,99.7,2025-02-09,other,,
T000744,EUR,C00631,P009,Daily Lamp 09,1,27.05,27.05,0.0,,27.05,0.0,27.05,none,0,,0.0,27.05,2025-02-09,other,,
T000745,EUR,C00903,P021,Bright Organizer 21,1,91.23,91.23,0.0,,91.23,0.0,91.23,full,1,2025-02-21,91.23,0.0,2025-02-09,other,,
T000746,EUR,C00520,P011,Urban Bottle 11,1,58.41,58.41,0.0,,58.41,0.0,58.41,none,0,,0.0,58.41,2025-02-09,other,,
T000747,EUR,C00839,P018,Pure Band 18,1,68.13,68.13,0.0,,68.13,0.0,68.13,none,0,,0.0,68.13,2025-02-09,other,,
T000748,EUR,C00472,P004,Essential Bag 04,1,83.73,83.73,0.0,,83.73,0.0,83.73,none,0,,0.0,83.73,2025-02-09,other,,
T000749,EUR,C00314,P014,Active Mat 14,1,55.09,52.34,0.05,WELCOME5,55.09,2.75,52.34,none,0,,0.0,52.34,2025-02-09,other,,
T000750,EUR,C00808,P028,Essential Bag 28,1,98.03,93.13,0.05,WELCOME5,98.03,4.9,93.13,none,0,,0.0,93.13,2025-02-09,other,,
T000751,EUR,C00013,P003,Urban Bottle 03,1,105.26,105.26,0.0,,105.26,0.0,105.26,none,0,,0.0,105.26,2025-02-09,other,,
T000752,EUR,C00160,P020,Essential Bag 20,1,23.79,23.79,0.0,,23.79,0.0,23.79,full,1,2025-02-18,23.79,0.0,2025-02-09,other,,
T000753,EUR,C00505,P001,Daily Lamp 01,1,96.68,82.18,0.15,WEEKEND15,96.68,14.5,82.18,none,0,,0.0,82.18,2025-02-09,other,,
T000754,EUR,C00507,P006,Active Mat 06,1,104.36,104.36,0.0,,104.36,0.0,104.36,full,1,2025-02-16,104.36,0.0,2025-02-09,other,,
T000755,EUR,C00404,P010,Pure Band 10,2,31.57,29.99,0.05,WELCOME5,63.14,3.16,59.98,none,0,,0.0,59.98,2025-02-09,website,,V009905
T000756,EUR,C00120,P014,Active Mat 14,1,55.09,55.09,0.0,,55.09,0.0,55.09,none,0,,0.0,55.09,2025-02-09,other,,
T000757,EUR,C00705,P001,Daily Lamp 01,1,96.68,96.68,0.0,,96.68,0.0,96.68,none,0,,0.0,96.68,2025-02-10,other,,
T000758,EUR,C00905,P010,Pure Band 10,1,31.57,31.57,0.0,,31.57,0.0,31.57,none,0,,0.0,31.57,2025-02-10,other,,
T000759,EUR,C00220,P004,Essential Bag 04,1,83.73,83.73,0.0,,83.73,0.0,83.73,none,0,,0.0,83.73,2025-02-10,website,,V007030
T000760,EUR,C00684,P026,Pure Band 26,1,23.03,19.58,0.15,WEEKEND15,23.03,3.45,19.58,none,0,,0.0,19.58,2025-02-10,other,,
T000761,EUR,C00091,P029,Bright Organizer 29,1,15.67,15.67,0.0,,15.67,0.0,15.67,none,0,,0.0,15.67,2025-02-10,website,,V000286
T000762,EUR,C00570,P011,Urban Bottle 11,2,58.41,58.41,0.0,,116.82,0.0,116.82,none,0,,0.0,116.82,2025-02-10,other,,
T000763,EUR,C00223,P028,Essential Bag 28,1,98.03,98.03,0.0,,98.03,0.0,98.03,none,0,,0.0,98.03,2025-02-10,other,,
T000764,EUR,C00777,P018,Pure Band 18,1,68.13,68.13,0.0,,68.13,0.0,68.13,none,0,,0.0,68.13,2025-02-10,other,,
T000765,EUR,C00397,P006,Active Mat 06,1,104.36,104.36,0.0,,104.36,0.0,104.36,none,0,,0.0,104.36,2025-02-10,other,,
T000766,EUR,C00476,P014,Active Mat 14,1,55.09,52.34,0.05,WELCOME5,55.09,2.75,52.34,none,0,,0.0,52.34,2025-02-10,other,,
T000767,EUR,C00939,P004,Essential Bag 04,1,83.73,83.73,0.0,,83.73,0.0,83.73,none,0,,0.0,83.73,2025-02-10,other,,
T000768,EUR,C00436,P004,Essential Bag 04,2,83.73,83.73,0.0,,167.46,0.0,167.46,none,0,,0.0,167.46,2025-02-10,other,,
T000769,EUR,C00072,P018,Pure Band 18,3,68.13,64.72,0.05,WELCOME5,204.39,10.23,194.16,none,0,,0.0,194.16,2025-02-10,other,,
T000770,EUR,C00724,P008,Modern Serum 08,1,76.74,76.74,0.0,,76.74,0.0,76.74,none,0,,0.0,76.74,2025-02-10,other,,
T000771,EUR,C00358,P016,Modern Serum 16,1,91.2,77.52,0.15,WEEKEND15,91.2,13.68,77.52,none,0,,0.0,77.52,2025-02-10,other,,
T000772,EUR,C00383,P023,Calm Cream 23,2,43.34,43.34,0.0,,86.68,0.0,86.68,none,0,,0.0,86.68,2025-02-11,other,,
T000773,EUR,C00312,P005,Bright Organizer 05,2,70.21,66.7,0.05,WELCOME5,140.42,7.02,133.4,none,0,,0.0,133.4,2025-02-11,other,,
T000774,EUR,C00027,P028,Essential Bag 28,1,98.03,98.03,0.0,,98.03,0.0,98.03,none,0,,0.0,98.03,2025-02-11,other,,
T000775,EUR,C00899,P012,Essential Bag 12,1,99.7,99.7,0.0,,99.7,0.0,99.7,none,0,,0.0,99.7,2025-02-11,other,,
T000776,EUR,C00419,P004,Essential Bag 04,1,83.73,83.73,0.0,,83.73,0.0,83.73,none,0,,0.0,83.73,2025-02-11,other,,
T000777,EUR,C00410,P028,Essential Bag 28,1,98.03,98.03,0.0,,98.03,0.0,98.03,none,0,,0.0,98.03,2025-02-11,other,,
T000778,EUR,C00630,P020,Essential Bag 20,2,23.79,20.22,0.15,WEEKEND15,47.58,7.14,40.44,none,0,,0.0,40.44,2025-02-11,other,,
T000779,EUR,C00687,P004,Essential Bag 04,1,83.73,83.73,0.0,,83.73,0.0,83.73,none,0,,0.0,83.73,2025-02-11,other,,
T000780,EUR,C00089,P025,Daily Lamp 25,2,101.88,101.88,0.0,,203.76,0.0,203.76,none,0,,0.0,203.76,2025-02-11,other,,
T000781,EUR,C00007,P027,Urban Bottle 27,1,102.64,97.51,0.05,WELCOME5,102.64,5.13,97.51,none,0,,0.0,97.51,2025-02-11,other,,
T000782,EUR,C00835,P012,Essential Bag 12,1,99.7,99.7,0.0,,99.7,0.0,99.7,none,0,,0.0,99.7,2025-02-11,other,,
T000783,EUR,C00298,P018,Pure Band 18,1,68.13,61.32,0.1,LOYALTY10,68.13,6.81,61.32,none,0,,0.0,61.32,2025-02-11,other,,
T000784,EUR,C00821,P005,Bright Organizer 05,3,70.21,70.21,0.0,,210.63,0.0,210.63,none,0,,0.0,210.63,2025-02-11,other,,
T000785,EUR,C00746,P005,Bright Organizer 05,1,70.21,70.21,0.0,,70.21,0.0,70.21,none,0,,0.0,70.21,2025-02-12,other,,
T000786,EUR,C00146,P011,Urban Bottle 11,1,58.41,58.41,0.0,,58.41,0.0,58.41,none,0,,0.0,58.41,2025-02-12,other,,
T000787,EUR,C00816,P004,Essential Bag 04,2,83.73,83.73,0.0,,167.46,0.0,167.46,none,0,,0.0,167.46,2025-02-12,other,,
T000788,EUR,C00867,P013,Bright Organizer 13,1,48.36,48.36,0.0,,48.36,0.0,48.36,none,0,,0.0,48.36,2025-02-12,other,,
T000789,EUR,C00383,P023,Calm Cream 23,1,43.34,43.34,0.0,,43.34,0.0,43.34,none,0,,0.0,43.34,2025-02-12,other,,
T000790,EUR,C00365,P019,Urban Bottle 19,1,61.21,61.21,0.0,,61.21,0.0,61.21,none,0,,0.0,61.21,2025-02-12,other,,
T000791,EUR,C00374,P025,Daily Lamp 25,1,101.88,101.88,0.0,,101.88,0.0,101.88,none,0,,0.0,101.88,2025-02-12,website,,V009363
T000792,EUR,C00936,P008,Modern Serum 08,1,76.74,72.9,0.05,WELCOME5,76.74,3.84,72.9,none,0,,0.0,72.9,2025-02-12,website,,V001550
T000793,EUR,C00824,P002,Pure Band 02,1,19.22,19.22,0.0,,19.22,0.0,19.22,none,0,,0.0,19.22,2025-02-12,other,,
T000794,EUR,C00291,P024,Modern Serum 24,3,66.52,66.52,0.0,,199.56,0.0,199.56,none,0,,0.0,199.56,2025-02-12,other,,
T000795,EUR,C00511,P028,Essential Bag 28,1,98.03,98.03,0.0,,98.03,0.0,98.03,none,0,,0.0,98.03,2025-02-12,website,,V001973
T000796,EUR,C00302,P020,Essential Bag 20,1,23.79,23.79,0.0,,23.79,0.0,23.79,none,0,,0.0,23.79,2025-02-12,other,,
T000797,EUR,C00552,P006,Active Mat 06,1,104.36,104.36,0.0,,104.36,0.0,104.36,none,0,,0.0,104.36,2025-02-12,other,,
T000798,EUR,C00941,P022,Active Mat 22,1,31.79,31.79,0.0,,31.79,0.0,31.79,none,0,,0.0,31.79,2025-02-12,other,,
T000799,EUR,C00093,P020,Essential Bag 20,1,23.79,23.79,0.0,,23.79,0.0,23.79,none,0,,0.0,23.79,2025-02-12,website,,V006565
T000800,EUR,C00130,P009,Daily Lamp 09,2,27.05,27.05,0.0,,54.1,0.0,54.1,none,0,,0.0,54.1,2025-02-12,other,,
T000801,EUR,C00322,P002,Pure Band 02,3,19.22,19.22,0.0,,57.66,0.0,57.66,none,0,,0.0,57.66,2025-02-12,other,,
T000802,EUR,C00683,P030,Active Mat 30,1,15.8,14.22,0.1,LOYALTY10,15.8,1.58,14.22,none,0,,0.0,14.22,2025-02-12,other,,
T000803,EUR,C00966,P017,Daily Lamp 17,3,94.4,94.4,0.0,,283.2,0.0,283.2,none,0,,0.0,283.2,2025-02-12,other,,
T000804,EUR,C00233,P006,Active Mat 06,1,104.36,88.71,0.15,WEEKEND15,104.36,15.65,88.71,none,0,,0.0,88.71,2025-02-13,website,,V007699
T000805,EUR,C00542,P015,Calm Cream 15,1,26.81,26.81,0.0,,26.81,0.0,26.81,none,0,,0.0,26.81,2025-02-13,other,,
T000806,EUR,C00918,P028,Essential Bag 28,1,98.03,93.13,0.05,WELCOME5,98.03,4.9,93.13,none,0,,0.0,93.13,2025-02-13,other,,
T000807,EUR,C00534,P006,Active Mat 06,1,104.36,104.36,0.0,,104.36,0.0,104.36,none,0,,0.0,104.36,2025-02-13,other,,
T000808,EUR,C00948,P025,Daily Lamp 25,1,101.88,101.88,0.0,,101.88,0.0,101.88,none,0,,0.0,101.88,2025-02-13,website,,V006984
T000809,EUR,C00827,P018,Pure Band 18,1,68.13,68.13,0.0,,68.13,0.0,68.13,none,0,,0.0,68.13,2025-02-13,other,,
T000810,EUR,C00320,P029,Bright Organizer 29,2,15.67,14.89,0.05,WELCOME5,31.34,1.56,29.78,none,0,,0.0,29.78,2025-02-13,other,,
T000811,EUR,C00511,P008,Modern Serum 08,1,76.74,69.07,0.1,RESET10,76.74,7.67,69.07,none,0,,0.0,69.07,2025-02-13,marketing_campaign,SEND006359,V010837
T000812,EUR,C00667,P030,Active Mat 30,1,15.8,15.8,0.0,,15.8,0.0,15.8,none,0,,0.0,15.8,2025-02-13,other,,
T000813,EUR,C00938,P018,Pure Band 18,1,68.13,68.13,0.0,,68.13,0.0,68.13,none,0,,0.0,68.13,2025-02-13,website,,V000243
T000814,EUR,C00482,P001,Daily Lamp 01,1,96.68,96.68,0.0,,96.68,0.0,96.68,none,0,,0.0,96.68,2025-02-13,other,,
T000815,EUR,C00657,P001,Daily Lamp 01,1,96.68,96.68,0.0,,96.68,0.0,96.68,none,0,,0.0,96.68,2025-02-13,other,,
T000816,EUR,C00277,P016,Modern Serum 16,1,91.2,91.2,0.0,,91.2,0.0,91.2,none,0,,0.0,91.2,2025-02-13,website,,V003293
T000817,EUR,C00850,P003,Urban Bottle 03,1,105.26,105.26,0.0,,105.26,0.0,105.26,none,0,,0.0,105.26,2025-02-13,website,,V003742
T000818,EUR,C00313,P017,Daily Lamp 17,2,94.4,80.24,0.15,WEEKEND15,188.8,28.32,160.48,none,0,,0.0,160.48,2025-02-13,other,,
T000819,EUR,C00736,P002,Pure Band 02,3,19.22,19.22,0.0,,57.66,0.0,57.66,none,0,,0.0,57.66,2025-02-13,other,,
T000820,EUR,C00591,P024,Modern Serum 24,1,66.52,66.52,0.0,,66.52,0.0,66.52,none,0,,0.0,66.52,2025-02-13,other,,
T000821,EUR,C00057,P025,Daily Lamp 25,1,101.88,101.88,0.0,,101.88,0.0,101.88,none,0,,0.0,101.88,2025-02-13,other,,
T000822,EUR,C00222,P009,Daily Lamp 09,1,27.05,27.05,0.0,,27.05,0.0,27.05,none,0,,0.0,27.05,2025-02-13,other,,
T000823,EUR,C00885,P024,Modern Serum 24,2,66.52,56.54,0.15,WEEKEND15,133.04,19.96,113.08,full,2,2025-02-24,113.08,0.0,2025-02-14,other,,
T000824,EUR,C00567,P013,Bright Organizer 13,1,48.36,48.36,0.0,,48.36,0.0,48.36,none,0,,0.0,48.36,2025-02-14,other,,
T000825,EUR,C00826,P004,Essential Bag 04,1,83.73,83.73,0.0,,83.73,0.0,83.73,none,0,,0.0,83.73,2025-02-14,other,,
T000826,EUR,C00051,P011,Urban Bottle 11,2,58.41,55.49,0.05,WELCOME5,116.82,5.84,110.98,none,0,,0.0,110.98,2025-02-14,other,,
T000827,EUR,C00877,P029,Bright Organizer 29,2,15.67,15.67,0.0,,31.34,0.0,31.34,none,0,,0.0,31.34,2025-02-14,other,,
T000828,EUR,C00095,P030,Active Mat 30,1,15.8,15.8,0.0,,15.8,0.0,15.8,full,1,2025-03-02,15.8,0.0,2025-02-14,other,,
T000829,EUR,C00135,P025,Daily Lamp 25,1,101.88,101.88,0.0,,101.88,0.0,101.88,none,0,,0.0,101.88,2025-02-14,other,,
T000830,EUR,C00600,P030,Active Mat 30,1,15.8,13.43,0.15,WEEKEND15,15.8,2.37,13.43,full,1,2025-02-16,13.43,0.0,2025-02-14,website,,V002238
T000831,EUR,C00764,P028,Essential Bag 28,4,98.03,88.23,0.1,LOYALTY10,392.12,39.2,352.92,none,0,,0.0,352.92,2025-02-14,other,,
T000832,EUR,C00136,P001,Daily Lamp 01,1,96.68,96.68,0.0,,96.68,0.0,96.68,none,0,,0.0,96.68,2025-02-14,other,,
T000833,EUR,C00991,P029,Bright Organizer 29,1,15.67,15.67,0.0,,15.67,0.0,15.67,none,0,,0.0,15.67,2025-02-14,other,,
T000834,EUR,C00743,P001,Daily Lamp 01,2,96.68,96.68,0.0,,193.36,0.0,193.36,none,0,,0.0,193.36,2025-02-14,other,,
T000835,EUR,C00148,P018,Pure Band 18,1,68.13,61.32,0.1,LOYALTY10,68.13,6.81,61.32,none,0,,0.0,61.32,2025-02-14,other,,
T000836,EUR,C00545,P002,Pure Band 02,3,19.22,19.22,0.0,,57.66,0.0,57.66,none,0,,0.0,57.66,2025-02-15,other,,
T000837,EUR,C00810,P008,Modern Serum 08,1,76.74,76.74,0.0,,76.74,0.0,76.74,none,0,,0.0,76.74,2025-02-15,other,,
T000838,EUR,C00579,P020,Essential Bag 20,4,23.79,22.6,0.05,WELCOME5,95.16,4.76,90.4,none,0,,0.0,90.4,2025-02-15,other,,
T000839,EUR,C00342,P026,Pure Band 26,1,23.03,23.03,0.0,,23.03,0.0,23.03,full,1,2025-02-25,23.03,0.0,2025-02-15,other,,
T000840,EUR,C00615,P011,Urban Bottle 11,1,58.41,52.57,0.1,LOYALTY10,58.41,5.84,52.57,none,0,,0.0,52.57,2025-02-15,other,,
T000841,EUR,C00887,P009,Daily Lamp 09,1,27.05,25.7,0.05,WELCOME5,27.05,1.35,25.7,none,0,,0.0,25.7,2025-02-15,other,,
T000842,EUR,C00097,P004,Essential Bag 04,1,83.73,83.73,0.0,,83.73,0.0,83.73,none,0,,0.0,83.73,2025-02-15,other,,
T000843,EUR,C00821,P012,Essential Bag 12,1,99.7,89.73,0.1,RESET10,99.7,9.97,89.73,none,0,,0.0,89.73,2025-02-15,marketing_campaign,SEND004010,V010524
T000844,EUR,C00038,P007,Calm Cream 07,3,21.92,21.92,0.0,,65.76,0.0,65.76,none,0,,0.0,65.76,2025-02-15,other,,
T000845,EUR,C00642,P003,Urban Bottle 03,3,105.26,105.26,0.0,,315.78,0.0,315.78,none,0,,0.0,315.78,2025-02-15,website,,V000708
T000846,EUR,C00117,P010,Pure Band 10,1,31.57,31.57,0.0,,31.57,0.0,31.57,none,0,,0.0,31.57,2025-02-15,website,,V007686
T000847,EUR,C00112,P023,Calm Cream 23,1,43.34,43.34,0.0,,43.34,0.0,43.34,none,0,,0.0,43.34,2025-02-15,other,,
T000848,EUR,C00372,P011,Urban Bottle 11,1,58.41,58.41,0.0,,58.41,0.0,58.41,none,0,,0.0,58.41,2025-02-15,other,,
T000849,EUR,C00774,P024,Modern Serum 24,1,66.52,59.87,0.1,LOYALTY10,66.52,6.65,59.87,none,0,,0.0,59.87,2025-02-15,other,,
T000850,EUR,C00405,P003,Urban Bottle 03,1,105.26,105.26,0.0,,105.26,0.0,105.26,full,1,2025-03-07,105.26,0.0,2025-02-15,other,,
T000851,EUR,C00746,P021,Bright Organizer 21,1,91.23,86.67,0.05,WELCOME5,91.23,4.56,86.67,none,0,,0.0,86.67,2025-02-15,other,,
T000852,EUR,C00303,P019,Urban Bottle 19,1,61.21,61.21,0.0,,61.21,0.0,61.21,none,0,,0.0,61.21,2025-02-15,other,,
T000853,EUR,C00741,P003,Urban Bottle 03,4,105.26,105.26,0.0,,421.04,0.0,421.04,full,4,2025-03-17,421.04,0.0,2025-02-15,other,,
T000854,EUR,C00340,P005,Bright Organizer 05,2,70.21,70.21,0.0,,140.42,0.0,140.42,none,0,,0.0,140.42,2025-02-15,other,,
T000855,EUR,C00154,P023,Calm Cream 23,2,43.34,43.34,0.0,,86.68,0.0,86.68,none,0,,0.0,86.68,2025-02-15,other,,
T000856,EUR,C00501,P009,Daily Lamp 09,3,27.05,22.99,0.15,WEEKEND15,81.15,12.18,68.97,none,0,,0.0,68.97,2025-02-16,other,,
T000857,EUR,C00181,P018,Pure Band 18,1,68.13,68.13,0.0,,68.13,0.0,68.13,none,0,,0.0,68.13,2025-02-16,other,,
T000858,EUR,C00725,P023,Calm Cream 23,1,43.34,43.34,0.0,,43.34,0.0,43.34,none,0,,0.0,43.34,2025-02-16,other,,
T000859,EUR,C00674,P011,Urban Bottle 11,1,58.41,58.41,0.0,,58.41,0.0,58.41,none,0,,0.0,58.41,2025-02-16,other,,
T000860,EUR,C00292,P025,Daily Lamp 25,1,101.88,96.79,0.05,WELCOME5,101.88,5.09,96.79,none,0,,0.0,96.79,2025-02-16,other,,
T000861,EUR,C00509,P026,Pure Band 26,2,23.03,23.03,0.0,,46.06,0.0,46.06,none,0,,0.0,46.06,2025-02-16,website,,V002178
T000862,EUR,C00331,P009,Daily Lamp 09,1,27.05,27.05,0.0,,27.05,0.0,27.05,none,0,,0.0,27.05,2025-02-16,other,,
T000863,EUR,C00187,P004,Essential Bag 04,1,83.73,83.73,0.0,,83.73,0.0,83.73,none,0,,0.0,83.73,2025-02-16,other,,
T000864,EUR,C00838,P015,Calm Cream 15,1,26.81,26.81,0.0,,26.81,0.0,26.81,none,0,,0.0,26.81,2025-02-16,other,,
T000865,EUR,C00526,P024,Modern Serum 24,1,66.52,66.52,0.0,,66.52,0.0,66.52,none,0,,0.0,66.52,2025-02-16,other,,
T000866,EUR,C00765,P008,Modern Serum 08,2,76.74,76.74,0.0,,153.48,0.0,153.48,none,0,,0.0,153.48,2025-02-16,website,,V001233
T000867,EUR,C00171,P001,Daily Lamp 01,1,96.68,91.85,0.05,WELCOME5,96.68,4.83,91.85,none,0,,0.0,91.85,2025-02-16,website,,V005980
T000868,EUR,C00966,P026,Pure Band 26,3,23.03,23.03,0.0,,69.09,0.0,69.09,none,0,,0.0,69.09,2025-02-16,other,,
T000869,EUR,C00121,P027,Urban Bottle 27,1,102.64,102.64,0.0,,102.64,0.0,102.64,none,0,,0.0,102.64,2025-02-16,other,,
T000870,EUR,C00175,P018,Pure Band 18,1,68.13,68.13,0.0,,68.13,0.0,68.13,full,1,2025-03-14,68.13,0.0,2025-02-16,other,,
T000871,EUR,C00363,P007,Calm Cream 07,1,21.92,21.92,0.0,,21.92,0.0,21.92,full,1,2025-03-07,21.92,0.0,2025-02-16,other,,
T000872,EUR,C00811,P017,Daily Lamp 17,1,94.4,94.4,0.0,,94.4,0.0,94.4,none,0,,0.0,94.4,2025-02-16,other,,
T000873,EUR,C00004,P006,Active Mat 06,1,104.36,104.36,0.0,,104.36,0.0,104.36,none,0,,0.0,104.36,2025-02-16,other,,
T000874,EUR,C00385,P006,Active Mat 06,1,104.36,104.36,0.0,,104.36,0.0,104.36,none,0,,0.0,104.36,2025-02-16,other,,
T000875,EUR,C00442,P016,Modern Serum 16,3,91.2,91.2,0.0,,273.6,0.0,273.6,none,0,,0.0,273.6,2025-02-16,website,,V004293
T000876,EUR,C00561,P029,Bright Organizer 29,1,15.67,15.67,0.0,,15.67,0.0,15.67,none,0,,0.0,15.67,2025-02-16,other,,
T000877,EUR,C00479,P024,Modern Serum 24,1,66.52,59.87,0.1,RESET10,66.52,6.65,59.87,none,0,,0.0,59.87,2025-02-16,marketing_campaign,SEND006681,V010883
T000878,EUR,C00805,P008,Modern Serum 08,1,76.74,69.07,0.1,LOYALTY10,76.74,7.67,69.07,none,0,,0.0,69.07,2025-02-16,other,,
T000879,EUR,C00295,P002,Pure Band 02,1,19.22,19.22,0.0,,19.22,0.0,19.22,none,0,,0.0,19.22,2025-02-16,other,,
T000880,EUR,C00466,P024,Modern Serum 24,2,66.52,66.52,0.0,,133.04,0.0,133.04,none,0,,0.0,133.04,2025-02-16,other,,
T000881,EUR,C00170,P008,Modern Serum 08,1,76.74,76.74,0.0,,76.74,0.0,76.74,none,0,,0.0,76.74,2025-02-17,other,,
T000882,EUR,C00176,P027,Urban Bottle 27,1,102.64,87.24,0.15,WEEKEND15,102.64,15.4,87.24,none,0,,0.0,87.24,2025-02-17,other,,
T000883,EUR,C00382,P027,Urban Bottle 27,1,102.64,102.64,0.0,,102.64,0.0,102.64,none,0,,0.0,102.64,2025-02-17,other,,
T000884,EUR,C00930,P019,Urban Bottle 19,1,61.21,61.21,0.0,,61.21,0.0,61.21,none,0,,0.0,61.21,2025-02-17,other,,
T000885,EUR,C00827,P024,Modern Serum 24,1,66.52,66.52,0.0,,66.52,0.0,66.52,none,0,,0.0,66.52,2025-02-17,other,,
T000886,EUR,C00502,P014,Active Mat 14,1,55.09,55.09,0.0,,55.09,0.0,55.09,none,0,,0.0,55.09,2025-02-17,other,,
T000887,EUR,C00624,P005,Bright Organizer 05,1,70.21,70.21,0.0,,70.21,0.0,70.21,none,0,,0.0,70.21,2025-02-17,other,,
T000888,EUR,C00980,P020,Essential Bag 20,1,23.79,23.79,0.0,,23.79,0.0,23.79,none,0,,0.0,23.79,2025-02-17,other,,
T000889,EUR,C00537,P021,Bright Organizer 21,1,91.23,82.11,0.1,RESET10,91.23,9.12,82.11,none,0,,0.0,82.11,2025-02-17,marketing_campaign,SEND002617,V010359
T000890,EUR,C00523,P014,Active Mat 14,2,55.09,55.09,0.0,,110.18,0.0,110.18,none,0,,0.0,110.18,2025-02-17,other,,
T000891,EUR,C00949,P014,Active Mat 14,1,55.09,55.09,0.0,,55.09,0.0,55.09,none,0,,0.0,55.09,2025-02-17,other,,
T000892,EUR,C00271,P015,Calm Cream 15,2,26.81,26.81,0.0,,53.62,0.0,53.62,none,0,,0.0,53.62,2025-02-17,other,,
T000893,EUR,C00603,P007,Calm Cream 07,2,21.92,19.73,0.1,LOYALTY10,43.84,4.38,39.46,none,0,,0.0,39.46,2025-02-17,other,,
T000894,EUR,C00634,P027,Urban Bottle 27,1,102.64,87.24,0.15,WEEKEND15,102.64,15.4,87.24,none,0,,0.0,87.24,2025-02-17,other,,
T000895,EUR,C00957,P013,Bright Organizer 13,2,48.36,48.36,0.0,,96.72,0.0,96.72,none,0,,0.0,96.72,2025-02-17,other,,
T000896,EUR,C00976,P027,Urban Bottle 27,1,102.64,102.64,0.0,,102.64,0.0,102.64,none,0,,0.0,102.64,2025-02-17,other,,
T000897,EUR,C00637,P015,Calm Cream 15,1,26.81,26.81,0.0,,26.81,0.0,26.81,none,0,,0.0,26.81,2025-02-17,other,,
T000898,EUR,C00585,P025,Daily Lamp 25,1,101.88,101.88,0.0,,101.88,0.0,101.88,none,0,,0.0,101.88,2025-02-17,other,,
T000899,EUR,C00084,P005,Bright Organizer 05,1,70.21,70.21,0.0,,70.21,0.0,70.21,none,0,,0.0,70.21,2025-02-18,other,,
T000900,EUR,C00958,P003,Urban Bottle 03,1,105.26,89.47,0.15,WEEKEND15,105.26,15.79,89.47,none,0,,0.0,89.47,2025-02-18,website,,V001003
T000901,EUR,C00534,P014,Active Mat 14,2,55.09,55.09,0.0,,110.18,0.0,110.18,none,0,,0.0,110.18,2025-02-18,other,,
T000902,EUR,C00453,P021,Bright Organizer 21,2,91.23,91.23,0.0,,182.46,0.0,182.46,none,0,,0.0,182.46,2025-02-18,other,,
T000903,EUR,C00444,P022,Active Mat 22,1,31.79,31.79,0.0,,31.79,0.0,31.79,none,0,,0.0,31.79,2025-02-18,other,,
T000904,EUR,C00466,P022,Active Mat 22,1,31.79,31.79,0.0,,31.79,0.0,31.79,none,0,,0.0,31.79,2025-02-18,other,,
T000905,EUR,C00421,P027,Urban Bottle 27,1,102.64,92.38,0.1,RESET10,102.64,10.26,92.38,none,0,,0.0,92.38,2025-02-18,marketing_campaign,SEND006648,V010880
T000906,EUR,C00295,P020,Essential Bag 20,1,23.79,23.79,0.0,,23.79,0.0,23.79,none,0,,0.0,23.79,2025-02-18,website,,V005934
T000907,EUR,C00329,P023,Calm Cream 23,1,43.34,43.34,0.0,,43.34,0.0,43.34,none,0,,0.0,43.34,2025-02-18,other,,
T000908,EUR,C00216,P013,Bright Organizer 13,1,48.36,41.11,0.15,WEEKEND15,48.36,7.25,41.11,none,0,,0.0,41.11,2025-02-18,website,,V001429
T000909,EUR,C00301,P019,Urban Bottle 19,1,61.21,61.21,0.0,,61.21,0.0,61.21,full,1,2025-03-08,61.21,0.0,2025-02-18,other,,
T000910,EUR,C00165,P029,Bright Organizer 29,3,15.67,15.67,0.0,,47.01,0.0,47.01,none,0,,0.0,47.01,2025-02-18,website,,V000649
T000911,EUR,C00110,P024,Modern Serum 24,1,66.52,66.52,0.0,,66.52,0.0,66.52,none,0,,0.0,66.52,2025-02-18,website,,V006183
T000912,EUR,C00394,P010,Pure Band 10,1,31.57,31.57,0.0,,31.57,0.0,31.57,none,0,,0.0,31.57,2025-02-18,other,,
T000913,EUR,C00130,P003,Urban Bottle 03,2,105.26,105.26,0.0,,210.52,0.0,210.52,none,0,,0.0,210.52,2025-02-18,other,,
T000914,EUR,C00913,P027,Urban Bottle 27,1,102.64,102.64,0.0,,102.64,0.0,102.64,none,0,,0.0,102.64,2025-02-18,other,,
T000915,EUR,C00864,P008,Modern Serum 08,1,76.74,72.9,0.05,WELCOME5,76.74,3.84,72.9,none,0,,0.0,72.9,2025-02-18,other,,
T000916,EUR,C00667,P015,Calm Cream 15,1,26.81,22.79,0.15,WEEKEND15,26.81,4.02,22.79,none,0,,0.0,22.79,2025-02-18,other,,
T000917,EUR,C00735,P020,Essential Bag 20,1,23.79,23.79,0.0,,23.79,0.0,23.79,none,0,,0.0,23.79,2025-02-18,other,,
T000918,EUR,C00881,P005,Bright Organizer 05,1,70.21,70.21,0.0,,70.21,0.0,70.21,none,0,,0.0,70.21,2025-02-18,other,,
T000919,EUR,C00081,P007,Calm Cream 07,1,21.92,21.92,0.0,,21.92,0.0,21.92,none,0,,0.0,21.92,2025-02-18,other,,
T000920,EUR,C00466,P003,Urban Bottle 03,1,105.26,105.26,0.0,,105.26,0.0,105.26,none,0,,0.0,105.26,2025-02-18,other,,
T000921,EUR,C00173,P013,Bright Organizer 13,1,48.36,48.36,0.0,,48.36,0.0,48.36,none,0,,0.0,48.36,2025-02-18,other,,
T000922,EUR,C00235,P025,Daily Lamp 25,2,101.88,101.88,0.0,,203.76,0.0,203.76,none,0,,0.0,203.76,2025-02-19,other,,
T000923,EUR,C00390,P017,Daily Lamp 17,3,94.4,94.4,0.0,,283.2,0.0,283.2,none,0,,0.0,283.2,2025-02-19,other,,
T000924,EUR,C00536,P003,Urban Bottle 03,1,105.26,105.26,0.0,,105.26,0.0,105.26,none,0,,0.0,105.26,2025-02-19,other,,
T000925,EUR,C00238,P029,Bright Organizer 29,1,15.67,15.67,0.0,,15.67,0.0,15.67,none,0,,0.0,15.67,2025-02-19,other,,
T000926,EUR,C00832,P001,Daily Lamp 01,1,96.68,96.68,0.0,,96.68,0.0,96.68,full,1,2025-03-13,96.68,0.0,2025-02-19,other,,
T000927,EUR,C00397,P008,Modern Serum 08,1,76.74,72.9,0.05,WELCOME5,76.74,3.84,72.9,none,0,,0.0,72.9,2025-02-19,other,,
T000928,EUR,C00441,P023,Calm Cream 23,1,43.34,43.34,0.0,,43.34,0.0,43.34,none,0,,0.0,43.34,2025-02-19,website,,V003572
T000929,EUR,C00120,P016,Modern Serum 16,2,91.2,91.2,0.0,,182.4,0.0,182.4,none,0,,0.0,182.4,2025-02-19,other,,
T000930,EUR,C00261,P014,Active Mat 14,1,55.09,55.09,0.0,,55.09,0.0,55.09,none,0,,0.0,55.09,2025-02-19,other,,
T000931,EUR,C00602,P006,Active Mat 06,1,104.36,104.36,0.0,,104.36,0.0,104.36,none,0,,0.0,104.36,2025-02-19,other,,
T000932,EUR,C00756,P012,Essential Bag 12,1,99.7,99.7,0.0,,99.7,0.0,99.7,none,0,,0.0,99.7,2025-02-19,website,,V005895
T000933,EUR,C00895,P020,Essential Bag 20,1,23.79,20.22,0.15,WEEKEND15,23.79,3.57,20.22,none,0,,0.0,20.22,2025-02-19,other,,
T000934,EUR,C00135,P017,Daily Lamp 17,1,94.4,94.4,0.0,,94.4,0.0,94.4,none,0,,0.0,94.4,2025-02-19,other,,
T000935,EUR,C00163,P004,Essential Bag 04,1,83.73,83.73,0.0,,83.73,0.0,83.73,none,0,,0.0,83.73,2025-02-19,website,,V005257
T000936,EUR,C00741,P014,Active Mat 14,1,55.09,55.09,0.0,,55.09,0.0,55.09,none,0,,0.0,55.09,2025-02-19,other,,
T000937,EUR,C00356,P019,Urban Bottle 19,1,61.21,61.21,0.0,,61.21,0.0,61.21,none,0,,0.0,61.21,2025-02-20,other,,
T000938,EUR,C00214,P008,Modern Serum 08,1,76.74,76.74,0.0,,76.74,0.0,76.74,none,0,,0.0,76.74,2025-02-20,website,,V003849
T000939,EUR,C00837,P011,Urban Bottle 11,2,58.41,55.49,0.05,WELCOME5,116.82,5.84,110.98,none,0,,0.0,110.98,2025-02-20,other,,
T000940,EUR,C00555,P003,Urban Bottle 03,2,105.26,100.0,0.05,WELCOME5,210.52,10.52,200.0,none,0,,0.0,200.0,2025-02-20,other,,
T000941,EUR,C00989,P009,Daily Lamp 09,1,27.05,24.35,0.1,RESET10,27.05,2.7,24.35,none,0,,0.0,24.35,2025-02-20,marketing_campaign,SEND000731,V010094
T000942,EUR,C00234,P027,Urban Bottle 27,1,102.64,102.64,0.0,,102.64,0.0,102.64,none,0,,0.0,102.64,2025-02-20,other,,
T000943,EUR,C00742,P025,Daily Lamp 25,2,101.88,101.88,0.0,,203.76,0.0,203.76,none,0,,0.0,203.76,2025-02-20,other,,
T000944,EUR,C00601,P030,Active Mat 30,1,15.8,14.22,0.1,LOYALTY10,15.8,1.58,14.22,none,0,,0.0,14.22,2025-02-20,other,,
T000945,EUR,C00756,P004,Essential Bag 04,1,83.73,79.54,0.05,WELCOME5,83.73,4.19,79.54,none,0,,0.0,79.54,2025-02-20,other,,
T000946,EUR,C00728,P014,Active Mat 14,2,55.09,55.09,0.0,,110.18,0.0,110.18,none,0,,0.0,110.18,2025-02-20,other,,
T000947,EUR,C00365,P023,Calm Cream 23,2,43.34,36.84,0.15,WEEKEND15,86.68,13.0,73.68,none,0,,0.0,73.68,2025-02-20,other,,
T000948,EUR,C00403,P022,Active Mat 22,1,31.79,31.79,0.0,,31.79,0.0,31.79,none,0,,0.0,31.79,2025-02-20,other,,
T000949,EUR,C00151,P011,Urban Bottle 11,1,58.41,58.41,0.0,,58.41,0.0,58.41,none,0,,0.0,58.41,2025-02-20,other,,
T000950,EUR,C00429,P004,Essential Bag 04,1,83.73,83.73,0.0,,83.73,0.0,83.73,full,1,2025-02-23,83.73,0.0,2025-02-20,other,,
T000951,EUR,C00498,P024,Modern Serum 24,2,66.52,63.19,0.05,WELCOME5,133.04,6.66,126.38,none,0,,0.0,126.38,2025-02-21,other,,
T000952,EUR,C00877,P016,Modern Serum 16,1,91.2,91.2,0.0,,91.2,0.0,91.2,none,0,,0.0,91.2,2025-02-21,other,,
T000953,EUR,C00403,P001,Daily Lamp 01,2,96.68,96.68,0.0,,193.36,0.0,193.36,full,2,2025-03-19,193.36,0.0,2025-02-21,other,,
T000954,EUR,C00652,P005,Bright Organizer 05,1,70.21,70.21,0.0,,70.21,0.0,70.21,none,0,,0.0,70.21,2025-02-21,website,,V002501
T000955,EUR,C00016,P005,Bright Organizer 05,1,70.21,70.21,0.0,,70.21,0.0,70.21,none,0,,0.0,70.21,2025-02-21,other,,
T000956,EUR,C00192,P020,Essential Bag 20,1,23.79,23.79,0.0,,23.79,0.0,23.79,none,0,,0.0,23.79,2025-02-21,other,,
T000957,EUR,C00528,P020,Essential Bag 20,2,23.79,23.79,0.0,,47.58,0.0,47.58,none,0,,0.0,47.58,2025-02-21,other,,
T000958,EUR,C00312,P024,Modern Serum 24,2,66.52,66.52,0.0,,133.04,0.0,133.04,none,0,,0.0,133.04,2025-02-21,other,,
T000959,EUR,C00708,P025,Daily Lamp 25,1,101.88,101.88,0.0,,101.88,0.0,101.88,none,0,,0.0,101.88,2025-02-21,other,,
T000960,EUR,C00483,P005,Bright Organizer 05,3,70.21,70.21,0.0,,210.63,0.0,210.63,none,0,,0.0,210.63,2025-02-21,other,,
T000961,EUR,C00916,P021,Bright Organizer 21,1,91.23,77.55,0.15,WEEKEND15,91.23,13.68,77.55,none,0,,0.0,77.55,2025-02-21,other,,
T000962,EUR,C00503,P006,Active Mat 06,1,104.36,104.36,0.0,,104.36,0.0,104.36,none,0,,0.0,104.36,2025-02-21,other,,
T000963,EUR,C00712,P029,Bright Organizer 29,2,15.67,14.1,0.1,RESET10,31.34,3.14,28.2,none,0,,0.0,28.2,2025-02-21,marketing_campaign,SEND001857,V010242
T000964,EUR,C00289,P009,Daily Lamp 09,3,27.05,22.99,0.15,WEEKEND15,81.15,12.18,68.97,none,0,,0.0,68.97,2025-02-21,other,,
T000965,EUR,C00649,P028,Essential Bag 28,1,98.03,98.03,0.0,,98.03,0.0,98.03,none,0,,0.0,98.03,2025-02-21,other,,
T000966,EUR,C00010,P021,Bright Organizer 21,1,91.23,86.67,0.05,WELCOME5,91.23,4.56,86.67,none,0,,0.0,86.67,2025-02-21,other,,
T000967,EUR,C00348,P019,Urban Bottle 19,1,61.21,61.21,0.0,,61.21,0.0,61.21,none,0,,0.0,61.21,2025-02-21,other,,
T000968,EUR,C00494,P022,Active Mat 22,1,31.79,31.79,0.0,,31.79,0.0,31.79,none,0,,0.0,31.79,2025-02-21,other,,
T000969,EUR,C00800,P008,Modern Serum 08,1,76.74,69.07,0.1,LOYALTY10,76.74,7.67,69.07,none,0,,0.0,69.07,2025-02-21,other,,
T000970,EUR,C00474,P003,Urban Bottle 03,1,105.26,105.26,0.0,,105.26,0.0,105.26,none,0,,0.0,105.26,2025-02-21,other,,
T000971,EUR,C00546,P012,Essential Bag 12,1,99.7,99.7,0.0,,99.7,0.0,99.7,none,0,,0.0,99.7,2025-02-22,website,,V009103
T000972,EUR,C00024,P028,Essential Bag 28,1,98.03,98.03,0.0,,98.03,0.0,98.03,none,0,,0.0,98.03,2025-02-22,other,,
T000973,EUR,C00075,P009,Daily Lamp 09,2,27.05,27.05,0.0,,54.1,0.0,54.1,none,0,,0.0,54.1,2025-02-22,website,,V002829
T000974,EUR,C00178,P023,Calm Cream 23,1,43.34,39.01,0.1,LOYALTY10,43.34,4.33,39.01,none,0,,0.0,39.01,2025-02-22,other,,
T000975,EUR,C00282,P019,Urban Bottle 19,2,61.21,61.21,0.0,,122.42,0.0,122.42,none,0,,0.0,122.42,2025-02-22,other,,
T000976,EUR,C00907,P001,Daily Lamp 01,4,96.68,87.01,0.1,RESET10,386.72,38.68,348.04,none,0,,0.0,348.04,2025-02-22,marketing_campaign,SEND003784,V010496
T000977,EUR,C00093,P005,Bright Organizer 05,1,70.21,59.68,0.15,WEEKEND15,70.21,10.53,59.68,none,0,,0.0,59.68,2025-02-22,other,,
T000978,EUR,C00698,P023,Calm Cream 23,1,43.34,43.34,0.0,,43.34,0.0,43.34,none,0,,0.0,43.34,2025-02-22,other,,
T000979,EUR,C00575,P016,Modern Serum 16,4,91.2,91.2,0.0,,364.8,0.0,364.8,none,0,,0.0,364.8,2025-02-22,other,,
T000980,EUR,C00429,P023,Calm Cream 23,2,43.34,43.34,0.0,,86.68,0.0,86.68,full,2,2025-03-21,86.68,0.0,2025-02-22,other,,
T000981,EUR,C00129,P029,Bright Organizer 29,3,15.67,15.67,0.0,,47.01,0.0,47.01,none,0,,0.0,47.01,2025-02-22,other,,
T000982,EUR,C00349,P020,Essential Bag 20,1,23.79,23.79,0.0,,23.79,0.0,23.79,full,1,2025-03-07,23.79,0.0,2025-02-22,website,,V004552
T000983,EUR,C00852,P017,Daily Lamp 17,2,94.4,94.4,0.0,,188.8,0.0,188.8,none,0,,0.0,188.8,2025-02-22,other,,
T000984,EUR,C00189,P014,Active Mat 14,2,55.09,55.09,0.0,,110.18,0.0,110.18,none,0,,0.0,110.18,2025-02-22,other,,
T000985,EUR,C00289,P001,Daily Lamp 01,1,96.68,96.68,0.0,,96.68,0.0,96.68,full,1,2025-03-01,96.68,0.0,2025-02-22,other,,
T000986,EUR,C00402,P017,Daily Lamp 17,1,94.4,89.68,0.05,WELCOME5,94.4,4.72,89.68,full,1,2025-03-07,89.68,0.0,2025-02-22,other,,
T000987,EUR,C00928,P023,Calm Cream 23,1,43.34,41.17,0.05,WELCOME5,43.34,2.17,41.17,none,0,,0.0,41.17,2025-02-22,other,,
T000988,EUR,C00898,P016,Modern Serum 16,2,91.2,77.52,0.15,WEEKEND15,182.4,27.36,155.04,none,0,,0.0,155.04,2025-02-22,other,,
T000989,EUR,C00269,P030,Active Mat 30,2,15.8,15.8,0.0,,31.6,0.0,31.6,none,0,,0.0,31.6,2025-02-23,other,,
T000990,EUR,C00524,P025,Daily Lamp 25,1,101.88,101.88,0.0,,101.88,0.0,101.88,none,0,,0.0,101.88,2025-02-23,other,,
T000991,EUR,C00802,P007,Calm Cream 07,1,21.92,21.92,0.0,,21.92,0.0,21.92,none,0,,0.0,21.92,2025-02-23,other,,
T000992,EUR,C00078,P004,Essential Bag 04,1,83.73,83.73,0.0,,83.73,0.0,83.73,none,0,,0.0,83.73,2025-02-23,website,,V007577
T000993,EUR,C00837,P016,Modern Serum 16,1,91.2,91.2,0.0,,91.2,0.0,91.2,none,0,,0.0,91.2,2025-02-23,website,,V003263
T000994,EUR,C00804,P024,Modern Serum 24,2,66.52,66.52,0.0,,133.04,0.0,133.04,none,0,,0.0,133.04,2025-02-23,website,,V001617
T000995,EUR,C00702,P004,Essential Bag 04,1,83.73,83.73,0.0,,83.73,0.0,83.73,none,0,,0.0,83.73,2025-02-23,other,,
T000996,EUR,C00996,P017,Daily Lamp 17,1,94.4,89.68,0.05,WELCOME5,94.4,4.72,89.68,none,0,,0.0,89.68,2025-02-23,other,,
T000997,EUR,C00526,P010,Pure Band 10,1,31.57,31.57,0.0,,31.57,0.0,31.57,none,0,,0.0,31.57,2025-02-23,website,,V006177
T000998,EUR,C00807,P026,Pure Band 26,1,23.03,23.03,0.0,,23.03,0.0,23.03,none,0,,0.0,23.03,2025-02-23,other,,
T000999,EUR,C00436,P003,Urban Bottle 03,1,105.26,105.26,0.0,,105.26,0.0,105.26,none,0,,0.0,105.26,2025-02-23,other,,
T001000,EUR,C00701,P005,Bright Organizer 05,1,70.21,70.21,0.0,,70.21,0.0,70.21,none,0,,0.0,70.21,2025-02-23,other,,
T001001,EUR,C00906,P024,Modern Serum 24,2,66.52,66.52,0.0,,133.04,0.0,133.04,none,0,,0.0,133.04,2025-02-23,other,,
T001002,EUR,C00639,P001,Daily Lamp 01,1,96.68,96.68,0.0,,96.68,0.0,96.68,full,1,2025-02-28,96.68,0.0,2025-02-23,other,,
T001003,EUR,C00848,P015,Calm Cream 15,1,26.81,26.81,0.0,,26.81,0.0,26.81,none,0,,0.0,26.81,2025-02-23,other,,
T001004,EUR,C00968,P006,Active Mat 06,1,104.36,104.36,0.0,,104.36,0.0,104.36,none,0,,0.0,104.36,2025-02-23,other,,
T001005,EUR,C00201,P024,Modern Serum 24,1,66.52,66.52,0.0,,66.52,0.0,66.52,none,0,,0.0,66.52,2025-02-23,website,,V001274
T001006,EUR,C00637,P029,Bright Organizer 29,2,15.67,14.89,0.05,WELCOME5,31.34,1.56,29.78,none,0,,0.0,29.78,2025-02-24,other,,
T001007,EUR,C00449,P027,Urban Bottle 27,1,102.64,102.64,0.0,,102.64,0.0,102.64,none,0,,0.0,102.64,2025-02-24,other,,
T001008,EUR,C00334,P022,Active Mat 22,2,31.79,31.79,0.0,,63.58,0.0,63.58,none,0,,0.0,63.58,2025-02-24,other,,
T001009,EUR,C00772,P011,Urban Bottle 11,1,58.41,55.49,0.05,WELCOME5,58.41,2.92,55.49,none,0,,0.0,55.49,2025-02-24,other,,
T001010,EUR,C00755,P025,Daily Lamp 25,1,101.88,96.79,0.05,WELCOME5,101.88,5.09,96.79,none,0,,0.0,96.79,2025-02-24,other,,
T001011,EUR,C00839,P006,Active Mat 06,1,104.36,104.36,0.0,,104.36,0.0,104.36,none,0,,0.0,104.36,2025-02-24,other,,
T001012,EUR,C00248,P002,Pure Band 02,1,19.22,19.22,0.0,,19.22,0.0,19.22,none,0,,0.0,19.22,2025-02-24,other,,
T001013,EUR,C00297,P028,Essential Bag 28,1,98.03,98.03,0.0,,98.03,0.0,98.03,none,0,,0.0,98.03,2025-02-24,other,,
T001014,EUR,C00129,P017,Daily Lamp 17,2,94.4,94.4,0.0,,188.8,0.0,188.8,none,0,,0.0,188.8,2025-02-24,other,,
T001015,EUR,C00222,P011,Urban Bottle 11,3,58.41,58.41,0.0,,175.23,0.0,175.23,none,0,,0.0,175.23,2025-02-24,other,,
T001016,EUR,C00047,P012,Essential Bag 12,2,99.7,99.7,0.0,,199.4,0.0,199.4,none,0,,0.0,199.4,2025-02-24,other,,
T001017,EUR,C00906,P007,Calm Cream 07,1,21.92,21.92,0.0,,21.92,0.0,21.92,none,0,,0.0,21.92,2025-02-24,website,,V006170
T001018,EUR,C00498,P001,Daily Lamp 01,3,96.68,91.85,0.05,WELCOME5,290.04,14.49,275.55,none,0,,0.0,275.55,2025-02-24,other,,
T001019,EUR,C00016,P024,Modern Serum 24,1,66.52,66.52,0.0,,66.52,0.0,66.52,none,0,,0.0,66.52,2025-02-24,other,,
T001020,EUR,C00123,P011,Urban Bottle 11,1,58.41,58.41,0.0,,58.41,0.0,58.41,none,0,,0.0,58.41,2025-02-24,other,,
T001021,EUR,C00510,P004,Essential Bag 04,1,83.73,79.54,0.05,WELCOME5,83.73,4.19,79.54,none,0,,0.0,79.54,2025-02-24,other,,
T001022,EUR,C00801,P004,Essential Bag 04,3,83.73,83.73,0.0,,251.19,0.0,251.19,none,0,,0.0,251.19,2025-02-24,other,,
T001023,EUR,C00992,P010,Pure Band 10,3,31.57,31.57,0.0,,94.71,0.0,94.71,none,0,,0.0,94.71,2025-02-24,other,,
T001024,EUR,C00776,P004,Essential Bag 04,4,83.73,83.73,0.0,,334.92,0.0,334.92,none,0,,0.0,334.92,2025-02-24,other,,
T001025,EUR,C00567,P026,Pure Band 26,1,23.03,23.03,0.0,,23.03,0.0,23.03,none,0,,0.0,23.03,2025-02-24,other,,
T001026,EUR,C00221,P018,Pure Band 18,2,68.13,64.72,0.05,WELCOME5,136.26,6.82,129.44,none,0,,0.0,129.44,2025-02-25,other,,
T001027,EUR,C00426,P006,Active Mat 06,2,104.36,104.36,0.0,,208.72,0.0,208.72,none,0,,0.0,208.72,2025-02-25,other,,
T001028,EUR,C00782,P006,Active Mat 06,3,104.36,104.36,0.0,,313.08,0.0,313.08,none,0,,0.0,313.08,2025-02-25,other,,
T001029,EUR,C00836,P026,Pure Band 26,3,23.03,23.03,0.0,,69.09,0.0,69.09,none,0,,0.0,69.09,2025-02-25,other,,
T001030,EUR,C00833,P024,Modern Serum 24,1,66.52,59.87,0.1,LOYALTY10,66.52,6.65,59.87,none,0,,0.0,59.87,2025-02-25,website,,V001564
T001031,EUR,C00337,P006,Active Mat 06,1,104.36,104.36,0.0,,104.36,0.0,104.36,none,0,,0.0,104.36,2025-02-25,other,,
T001032,EUR,C00177,P011,Urban Bottle 11,1,58.41,55.49,0.05,WELCOME5,58.41,2.92,55.49,none,0,,0.0,55.49,2025-02-25,other,,
T001033,EUR,C00494,P009,Daily Lamp 09,2,27.05,24.35,0.1,LOYALTY10,54.1,5.4,48.7,none,0,,0.0,48.7,2025-02-25,other,,
T001034,EUR,C00600,P003,Urban Bottle 03,2,105.26,105.26,0.0,,210.52,0.0,210.52,none,0,,0.0,210.52,2025-02-25,other,,
T001035,EUR,C00687,P006,Active Mat 06,1,104.36,93.92,0.1,RESET10,104.36,10.44,93.92,none,0,,0.0,93.92,2025-02-25,marketing_campaign,SEND001391,V010190
T001036,EUR,C00567,P002,Pure Band 02,1,19.22,19.22,0.0,,19.22,0.0,19.22,none,0,,0.0,19.22,2025-02-25,other,,
T001037,EUR,C00716,P017,Daily Lamp 17,1,94.4,94.4,0.0,,94.4,0.0,94.4,none,0,,0.0,94.4,2025-02-25,other,,
T001038,EUR,C00174,P029,Bright Organizer 29,1,15.67,15.67,0.0,,15.67,0.0,15.67,none,0,,0.0,15.67,2025-02-25,other,,
T001039,EUR,C00291,P020,Essential Bag 20,1,23.79,23.79,0.0,,23.79,0.0,23.79,none,0,,0.0,23.79,2025-02-25,other,,
T001040,EUR,C00428,P012,Essential Bag 12,1,99.7,89.73,0.1,LOYALTY10,99.7,9.97,89.73,none,0,,0.0,89.73,2025-02-25,website,,V002021
T001041,EUR,C00088,P025,Daily Lamp 25,1,101.88,96.79,0.05,WELCOME5,101.88,5.09,96.79,none,0,,0.0,96.79,2025-02-25,other,,
T001042,EUR,C00776,P022,Active Mat 22,1,31.79,31.79,0.0,,31.79,0.0,31.79,none,0,,0.0,31.79,2025-02-25,other,,
T001043,EUR,C00900,P024,Modern Serum 24,2,66.52,66.52,0.0,,133.04,0.0,133.04,none,0,,0.0,133.04,2025-02-25,other,,
T001044,EUR,C00907,P003,Urban Bottle 03,3,105.26,105.26,0.0,,315.78,0.0,315.78,full,3,2025-03-15,315.78,0.0,2025-02-26,website,,V000149
T001045,EUR,C00147,P011,Urban Bottle 11,2,58.41,58.41,0.0,,116.82,0.0,116.82,none,0,,0.0,116.82,2025-02-26,other,,
T001046,EUR,C00684,P024,Modern Serum 24,1,66.52,66.52,0.0,,66.52,0.0,66.52,none,0,,0.0,66.52,2025-02-26,other,,
T001047,EUR,C00141,P010,Pure Band 10,3,31.57,31.57,0.0,,94.71,0.0,94.71,none,0,,0.0,94.71,2025-02-26,other,,
T001048,EUR,C00506,P018,Pure Band 18,1,68.13,64.72,0.05,WELCOME5,68.13,3.41,64.72,none,0,,0.0,64.72,2025-02-26,other,,
T001049,EUR,C00863,P016,Modern Serum 16,1,91.2,91.2,0.0,,91.2,0.0,91.2,none,0,,0.0,91.2,2025-02-26,other,,
T001050,EUR,C00012,P005,Bright Organizer 05,1,70.21,70.21,0.0,,70.21,0.0,70.21,none,0,,0.0,70.21,2025-02-26,other,,
T001051,EUR,C00540,P027,Urban Bottle 27,1,102.64,97.51,0.05,WELCOME5,102.64,5.13,97.51,none,0,,0.0,97.51,2025-02-26,other,,
T001052,EUR,C00549,P021,Bright Organizer 21,3,91.23,91.23,0.0,,273.69,0.0,273.69,none,0,,0.0,273.69,2025-02-26,website,,V007189
T001053,EUR,C00166,P012,Essential Bag 12,2,99.7,99.7,0.0,,199.4,0.0,199.4,none,0,,0.0,199.4,2025-02-26,other,,
T001054,EUR,C00627,P008,Modern Serum 08,2,76.74,65.23,0.15,WEEKEND15,153.48,23.02,130.46,none,0,,0.0,130.46,2025-02-26,other,,
T001055,EUR,C00190,P027,Urban Bottle 27,1,102.64,102.64,0.0,,102.64,0.0,102.64,none,0,,0.0,102.64,2025-02-26,other,,
T001056,EUR,C00225,P020,Essential Bag 20,2,23.79,22.6,0.05,WELCOME5,47.58,2.38,45.2,none,0,,0.0,45.2,2025-02-26,other,,
T001057,EUR,C00971,P024,Modern Serum 24,1,66.52,66.52,0.0,,66.52,0.0,66.52,none,0,,0.0,66.52,2025-02-26,other,,
T001058,EUR,C00127,P020,Essential Bag 20,1,23.79,23.79,0.0,,23.79,0.0,23.79,none,0,,0.0,23.79,2025-02-26,other,,
T001059,EUR,C00958,P028,Essential Bag 28,3,98.03,98.03,0.0,,294.09,0.0,294.09,none,0,,0.0,294.09,2025-02-26,other,,
T001060,EUR,C00041,P006,Active Mat 06,1,104.36,104.36,0.0,,104.36,0.0,104.36,none,0,,0.0,104.36,2025-02-26,other,,
T001061,EUR,C00363,P030,Active Mat 30,1,15.8,15.01,0.05,WELCOME5,15.8,0.79,15.01,none,0,,0.0,15.01,2025-02-26,other,,
T001062,EUR,C00936,P029,Bright Organizer 29,1,15.67,15.67,0.0,,15.67,0.0,15.67,full,1,2025-03-07,15.67,0.0,2025-02-26,other,,
T001063,EUR,C00400,P017,Daily Lamp 17,1,94.4,94.4,0.0,,94.4,0.0,94.4,none,0,,0.0,94.4,2025-02-26,website,,V009140
T001064,EUR,C00034,P016,Modern Serum 16,1,91.2,91.2,0.0,,91.2,0.0,91.2,none,0,,0.0,91.2,2025-02-26,website,,V004999
T001065,EUR,C00157,P019,Urban Bottle 19,1,61.21,61.21,0.0,,61.21,0.0,61.21,none,0,,0.0,61.21,2025-02-26,other,,
T001066,EUR,C00859,P030,Active Mat 30,4,15.8,13.43,0.15,WEEKEND15,63.2,9.48,53.72,none,0,,0.0,53.72,2025-02-26,website,,V001502
T001067,EUR,C00761,P024,Modern Serum 24,1,66.52,66.52,0.0,,66.52,0.0,66.52,none,0,,0.0,66.52,2025-02-26,website,,V004679
T001068,EUR,C00346,P003,Urban Bottle 03,2,105.26,89.47,0.15,WEEKEND15,210.52,31.58,178.94,none,0,,0.0,178.94,2025-02-26,other,,
T001069,EUR,C00068,P026,Pure Band 26,2,23.03,23.03,0.0,,46.06,0.0,46.06,none,0,,0.0,46.06,2025-02-26,other,,
T001070,EUR,C00359,P007,Calm Cream 07,1,21.92,19.73,0.1,RESET10,21.92,2.19,19.73,none,0,,0.0,19.73,2025-02-26,marketing_campaign,SEND004466,V010586
T001071,EUR,C00965,P001,Daily Lamp 01,1,96.68,96.68,0.0,,96.68,0.0,96.68,none,0,,0.0,96.68,2025-02-27,other,,
T001072,EUR,C00981,P012,Essential Bag 12,1,99.7,99.7,0.0,,99.7,0.0,99.7,full,1,2025-03-05,99.7,0.0,2025-02-27,other,,
T001073,EUR,C00936,P028,Essential Bag 28,2,98.03,98.03,0.0,,196.06,0.0,196.06,none,0,,0.0,196.06,2025-02-27,other,,
T001074,EUR,C00516,P014,Active Mat 14,1,55.09,55.09,0.0,,55.09,0.0,55.09,none,0,,0.0,55.09,2025-02-27,other,,
T001075,EUR,C00050,P021,Bright Organizer 21,1,91.23,91.23,0.0,,91.23,0.0,91.23,none,0,,0.0,91.23,2025-02-27,other,,
T001076,EUR,C00486,P018,Pure Band 18,4,68.13,68.13,0.0,,272.52,0.0,272.52,none,0,,0.0,272.52,2025-02-27,other,,
T001077,EUR,C00740,P023,Calm Cream 23,1,43.34,39.01,0.1,LOYALTY10,43.34,4.33,39.01,none,0,,0.0,39.01,2025-02-27,other,,
T001078,EUR,C00589,P007,Calm Cream 07,1,21.92,20.82,0.05,WELCOME5,21.92,1.1,20.82,none,0,,0.0,20.82,2025-02-27,other,,
T001079,EUR,C00619,P001,Daily Lamp 01,1,96.68,82.18,0.15,WEEKEND15,96.68,14.5,82.18,none,0,,0.0,82.18,2025-02-27,other,,
T001080,EUR,C00348,P016,Modern Serum 16,1,91.2,82.08,0.1,LOYALTY10,91.2,9.12,82.08,none,0,,0.0,82.08,2025-02-27,website,,V008373
T001081,EUR,C00384,P010,Pure Band 10,1,31.57,31.57,0.0,,31.57,0.0,31.57,none,0,,0.0,31.57,2025-02-27,other,,
T001082,EUR,C00425,P022,Active Mat 22,1,31.79,31.79,0.0,,31.79,0.0,31.79,none,0,,0.0,31.79,2025-02-27,other,,
T001083,EUR,C00510,P016,Modern Serum 16,1,91.2,86.64,0.05,WELCOME5,91.2,4.56,86.64,none,0,,0.0,86.64,2025-02-27,other,,
T001084,EUR,C00714,P005,Bright Organizer 05,1,70.21,66.7,0.05,WELCOME5,70.21,3.51,66.7,none,0,,0.0,66.7,2025-02-27,other,,
T001085,EUR,C00737,P018,Pure Band 18,1,68.13,68.13,0.0,,68.13,0.0,68.13,none,0,,0.0,68.13,2025-02-27,other,,
T001086,EUR,C00220,P028,Essential Bag 28,1,98.03,98.03,0.0,,98.03,0.0,98.03,none,0,,0.0,98.03,2025-02-27,other,,
T001087,EUR,C00289,P016,Modern Serum 16,1,91.2,91.2,0.0,,91.2,0.0,91.2,none,0,,0.0,91.2,2025-02-27,other,,
T001088,EUR,C00185,P022,Active Mat 22,3,31.79,31.79,0.0,,95.37,0.0,95.37,none,0,,0.0,95.37,2025-02-27,other,,
T001089,EUR,C00871,P017,Daily Lamp 17,2,94.4,80.24,0.15,WEEKEND15,188.8,28.32,160.48,none,0,,0.0,160.48,2025-02-28,other,,
T001090,EUR,C00446,P006,Active Mat 06,1,104.36,104.36,0.0,,104.36,0.0,104.36,none,0,,0.0,104.36,2025-02-28,other,,
T001091,EUR,C00100,P022,Active Mat 22,1,31.79,31.79,0.0,,31.79,0.0,31.79,none,0,,0.0,31.79,2025-02-28,other,,
T001092,EUR,C00703,P024,Modern Serum 24,1,66.52,66.52,0.0,,66.52,0.0,66.52,none,0,,0.0,66.52,2025-02-28,other,,
T001093,EUR,C00916,P007,Calm Cream 07,1,21.92,21.92,0.0,,21.92,0.0,21.92,full,1,2025-03-26,21.92,0.0,2025-02-28,other,,
T001094,EUR,C00209,P004,Essential Bag 04,1,83.73,83.73,0.0,,83.73,0.0,83.73,full,1,2025-03-18,83.73,0.0,2025-02-28,other,,
T001095,EUR,C00040,P014,Active Mat 14,1,55.09,55.09,0.0,,55.09,0.0,55.09,none,0,,0.0,55.09,2025-02-28,other,,
T001096,EUR,C00352,P007,Calm Cream 07,1,21.92,21.92,0.0,,21.92,0.0,21.92,none,0,,0.0,21.92,2025-02-28,other,,
T001097,EUR,C00392,P027,Urban Bottle 27,1,102.64,97.51,0.05,WELCOME5,102.64,5.13,97.51,none,0,,0.0,97.51,2025-02-28,other,,
T001098,EUR,C00445,P006,Active Mat 06,1,104.36,104.36,0.0,,104.36,0.0,104.36,none,0,,0.0,104.36,2025-02-28,website,,V004243
T001099,EUR,C00794,P026,Pure Band 26,1,23.03,21.88,0.05,WELCOME5,23.03,1.15,21.88,none,0,,0.0,21.88,2025-02-28,other,,
T001100,EUR,C00510,P025,Daily Lamp 25,3,101.88,101.88,0.0,,305.64,0.0,305.64,partial,2,2025-03-09,203.76,101.88,2025-02-28,other,,
T001101,EUR,C00149,P019,Urban Bottle 19,2,61.21,61.21,0.0,,122.42,0.0,122.42,none,0,,0.0,122.42,2025-02-28,other,,
T001102,EUR,C00209,P029,Bright Organizer 29,2,15.67,15.67,0.0,,31.34,0.0,31.34,none,0,,0.0,31.34,2025-02-28,other,,
T001103,EUR,C00416,P016,Modern Serum 16,2,91.2,91.2,0.0,,182.4,0.0,182.4,none,0,,0.0,182.4,2025-02-28,other,,
T001104,EUR,C00438,P010,Pure Band 10,3,31.57,29.99,0.05,WELCOME5,94.71,4.74,89.97,none,0,,0.0,89.97,2025-02-28,other,,
T001105,EUR,C00024,P026,Pure Band 26,2,23.03,23.03,0.0,,46.06,0.0,46.06,none,0,,0.0,46.06,2025-02-28,other,,
T001106,EUR,C00680,P027,Urban Bottle 27,3,102.64,102.64,0.0,,307.92,0.0,307.92,none,0,,0.0,307.92,2025-02-28,other,,
T001107,EUR,C00917,P014,Active Mat 14,1,55.09,55.09,0.0,,55.09,0.0,55.09,none,0,,0.0,55.09,2025-03-01,other,,
T001108,EUR,C00093,P004,Essential Bag 04,1,83.73,83.73,0.0,,83.73,0.0,83.73,none,0,,0.0,83.73,2025-03-01,other,,
T001109,EUR,C00424,P015,Calm Cream 15,1,26.81,26.81,0.0,,26.81,0.0,26.81,none,0,,0.0,26.81,2025-03-01,other,,
T001110,EUR,C00104,P011,Urban Bottle 11,1,58.41,58.41,0.0,,58.41,0.0,58.41,none,0,,0.0,58.41,2025-03-01,other,,
T001111,EUR,C00823,P011,Urban Bottle 11,1,58.41,58.41,0.0,,58.41,0.0,58.41,none,0,,0.0,58.41,2025-03-01,other,,
T001112,EUR,C00782,P014,Active Mat 14,3,55.09,55.09,0.0,,165.27,0.0,165.27,none,0,,0.0,165.27,2025-03-01,other,,
T001113,EUR,C00819,P025,Daily Lamp 25,1,101.88,101.88,0.0,,101.88,0.0,101.88,none,0,,0.0,101.88,2025-03-01,other,,
T001114,EUR,C00181,P020,Essential Bag 20,4,23.79,23.79,0.0,,95.16,0.0,95.16,partial,1,2025-03-31,23.79,71.37,2025-03-01,other,,
T001115,EUR,C00637,P022,Active Mat 22,2,31.79,31.79,0.0,,63.58,0.0,63.58,none,0,,0.0,63.58,2025-03-01,website,,V001989
T001116,EUR,C00247,P015,Calm Cream 15,1,26.81,22.79,0.15,WEEKEND15,26.81,4.02,22.79,none,0,,0.0,22.79,2025-03-01,other,,
T001117,EUR,C00182,P004,Essential Bag 04,1,83.73,83.73,0.0,,83.73,0.0,83.73,none,0,,0.0,83.73,2025-03-01,website,,V003689
T001118,EUR,C00043,P005,Bright Organizer 05,1,70.21,70.21,0.0,,70.21,0.0,70.21,none,0,,0.0,70.21,2025-03-01,other,,
T001119,EUR,C00643,P026,Pure Band 26,3,23.03,23.03,0.0,,69.09,0.0,69.09,none,0,,0.0,69.09,2025-03-01,website,,V001139
T001120,EUR,C00959,P004,Essential Bag 04,2,83.73,83.73,0.0,,167.46,0.0,167.46,none,0,,0.0,167.46,2025-03-01,other,,
T001121,EUR,C00456,P010,Pure Band 10,1,31.57,31.57,0.0,,31.57,0.0,31.57,none,0,,0.0,31.57,2025-03-01,other,,
T001122,EUR,C00885,P005,Bright Organizer 05,1,70.21,70.21,0.0,,70.21,0.0,70.21,none,0,,0.0,70.21,2025-03-01,other,,
T001123,EUR,C00796,P005,Bright Organizer 05,1,70.21,63.19,0.1,LOYALTY10,70.21,7.02,63.19,none,0,,0.0,63.19,2025-03-01,other,,
T001124,EUR,C00604,P002,Pure Band 02,3,19.22,17.3,0.1,LOYALTY10,57.66,5.76,51.9,none,0,,0.0,51.9,2025-03-01,website,,V002293
T001125,EUR,C00816,P016,Modern Serum 16,1,91.2,86.64,0.05,WELCOME5,91.2,4.56,86.64,none,0,,0.0,86.64,2025-03-01,other,,
T001126,EUR,C00209,P024,Modern Serum 24,2,66.52,66.52,0.0,,133.04,0.0,133.04,none,0,,0.0,133.04,2025-03-01,other,,
T001127,EUR,C00309,P028,Essential Bag 28,2,98.03,98.03,0.0,,196.06,0.0,196.06,none,0,,0.0,196.06,2025-03-01,other,,
T001128,EUR,C00169,P021,Bright Organizer 21,2,91.23,77.55,0.15,WEEKEND15,182.46,27.36,155.1,none,0,,0.0,155.1,2025-03-01,website,,V002889
T001129,EUR,C00213,P023,Calm Cream 23,1,43.34,36.84,0.15,WEEKEND15,43.34,6.5,36.84,none,0,,0.0,36.84,2025-03-01,other,,
T001130,EUR,C00813,P014,Active Mat 14,1,55.09,49.58,0.1,LOYALTY10,55.09,5.51,49.58,none,0,,0.0,49.58,2025-03-01,other,,
T001131,EUR,C00617,P012,Essential Bag 12,1,99.7,99.7,0.0,,99.7,0.0,99.7,none,0,,0.0,99.7,2025-03-02,other,,
T001132,EUR,C00280,P014,Active Mat 14,3,55.09,49.58,0.1,LOYALTY10,165.27,16.53,148.74,none,0,,0.0,148.74,2025-03-02,other,,
T001133,EUR,C00535,P012,Essential Bag 12,2,99.7,84.75,0.15,WEEKEND15,199.4,29.9,169.5,none,0,,0.0,169.5,2025-03-02,website,,V004324
T001134,EUR,C00049,P018,Pure Band 18,1,68.13,68.13,0.0,,68.13,0.0,68.13,none,0,,0.0,68.13,2025-03-02,other,,
T001135,EUR,C00091,P014,Active Mat 14,2,55.09,55.09,0.0,,110.18,0.0,110.18,none,0,,0.0,110.18,2025-03-02,other,,
T001136,EUR,C00312,P004,Essential Bag 04,1,83.73,83.73,0.0,,83.73,0.0,83.73,none,0,,0.0,83.73,2025-03-02,website,,V009179
T001137,EUR,C00150,P018,Pure Band 18,1,68.13,68.13,0.0,,68.13,0.0,68.13,none,0,,0.0,68.13,2025-03-02,website,,V009421
T001138,EUR,C00990,P018,Pure Band 18,1,68.13,68.13,0.0,,68.13,0.0,68.13,none,0,,0.0,68.13,2025-03-02,other,,
T001139,EUR,C00650,P019,Urban Bottle 19,1,61.21,61.21,0.0,,61.21,0.0,61.21,none,0,,0.0,61.21,2025-03-02,other,,
T001140,EUR,C00991,P019,Urban Bottle 19,2,61.21,52.03,0.15,WEEKEND15,122.42,18.36,104.06,none,0,,0.0,104.06,2025-03-02,other,,
T001141,EUR,C00933,P019,Urban Bottle 19,3,61.21,61.21,0.0,,183.63,0.0,183.63,none,0,,0.0,183.63,2025-03-02,other,,
T001142,EUR,C00084,P011,Urban Bottle 11,1,58.41,58.41,0.0,,58.41,0.0,58.41,none,0,,0.0,58.41,2025-03-02,other,,
T001143,EUR,C00528,P029,Bright Organizer 29,1,15.67,15.67,0.0,,15.67,0.0,15.67,none,0,,0.0,15.67,2025-03-02,other,,
T001144,EUR,C00446,P001,Daily Lamp 01,1,96.68,96.68,0.0,,96.68,0.0,96.68,none,0,,0.0,96.68,2025-03-02,other,,
T001145,EUR,C00246,P013,Bright Organizer 13,1,48.36,43.52,0.1,RESET10,48.36,4.84,43.52,none,0,,0.0,43.52,2025-03-02,marketing_campaign,SEND003006,V010406
T001146,EUR,C00393,P027,Urban Bottle 27,1,102.64,102.64,0.0,,102.64,0.0,102.64,none,0,,0.0,102.64,2025-03-02,other,,
T001147,EUR,C00189,P029,Bright Organizer 29,1,15.67,15.67,0.0,,15.67,0.0,15.67,none,0,,0.0,15.67,2025-03-02,other,,
T001148,EUR,C00345,P022,Active Mat 22,1,31.79,31.79,0.0,,31.79,0.0,31.79,none,0,,0.0,31.79,2025-03-02,other,,
T001149,EUR,C00533,P019,Urban Bottle 19,1,61.21,58.15,0.05,WELCOME5,61.21,3.06,58.15,none,0,,0.0,58.15,2025-03-03,other,,
T001150,EUR,C00783,P016,Modern Serum 16,1,91.2,91.2,0.0,,91.2,0.0,91.2,none,0,,0.0,91.2,2025-03-03,other,,
T001151,EUR,C00562,P024,Modern Serum 24,1,66.52,66.52,0.0,,66.52,0.0,66.52,none,0,,0.0,66.52,2025-03-03,other,,
T001152,EUR,C00025,P026,Pure Band 26,3,23.03,19.58,0.15,WEEKEND15,69.09,10.35,58.74,none,0,,0.0,58.74,2025-03-03,other,,
T001153,EUR,C00565,P029,Bright Organizer 29,3,15.67,14.1,0.1,RESET10,47.01,4.71,42.3,none,0,,0.0,42.3,2025-03-03,marketing_campaign,SEND000696,V010088
T001154,EUR,C00900,P023,Calm Cream 23,1,43.34,43.34,0.0,,43.34,0.0,43.34,none,0,,0.0,43.34,2025-03-03,other,,
T001155,EUR,C00716,P014,Active Mat 14,1,55.09,55.09,0.0,,55.09,0.0,55.09,full,1,2025-03-27,55.09,0.0,2025-03-03,other,,
T001156,EUR,C00544,P030,Active Mat 30,3,15.8,15.8,0.0,,47.4,0.0,47.4,none,0,,0.0,47.4,2025-03-03,other,,
T001157,EUR,C00054,P029,Bright Organizer 29,1,15.67,13.32,0.15,WEEKEND15,15.67,2.35,13.32,none,0,,0.0,13.32,2025-03-03,other,,
T001158,EUR,C00794,P011,Urban Bottle 11,3,58.41,58.41,0.0,,175.23,0.0,175.23,none,0,,0.0,175.23,2025-03-03,other,,
T001159,EUR,C00733,P022,Active Mat 22,1,31.79,31.79,0.0,,31.79,0.0,31.79,none,0,,0.0,31.79,2025-03-03,other,,
T001160,EUR,C00491,P021,Bright Organizer 21,1,91.23,91.23,0.0,,91.23,0.0,91.23,none,0,,0.0,91.23,2025-03-03,other,,
T001161,EUR,C00891,P028,Essential Bag 28,1,98.03,98.03,0.0,,98.03,0.0,98.03,none,0,,0.0,98.03,2025-03-03,other,,
T001162,EUR,C00763,P024,Modern Serum 24,3,66.52,66.52,0.0,,199.56,0.0,199.56,none,0,,0.0,199.56,2025-03-03,other,,
T001163,EUR,C00043,P023,Calm Cream 23,2,43.34,43.34,0.0,,86.68,0.0,86.68,none,0,,0.0,86.68,2025-03-03,other,,
T001164,EUR,C00339,P004,Essential Bag 04,1,83.73,83.73,0.0,,83.73,0.0,83.73,none,0,,0.0,83.73,2025-03-03,website,,V007305
T001165,EUR,C00728,P015,Calm Cream 15,1,26.81,25.47,0.05,WELCOME5,26.81,1.34,25.47,none,0,,0.0,25.47,2025-03-03,other,,
T001166,EUR,C00705,P014,Active Mat 14,1,55.09,55.09,0.0,,55.09,0.0,55.09,none,0,,0.0,55.09,2025-03-04,website,,V008473
T001167,EUR,C00802,P030,Active Mat 30,1,15.8,15.8,0.0,,15.8,0.0,15.8,none,0,,0.0,15.8,2025-03-04,other,,
T001168,EUR,C00614,P013,Bright Organizer 13,1,48.36,43.52,0.1,LOYALTY10,48.36,4.84,43.52,full,1,2025-03-16,43.52,0.0,2025-03-04,other,,
T001169,EUR,C00398,P004,Essential Bag 04,1,83.73,79.54,0.05,WELCOME5,83.73,4.19,79.54,none,0,,0.0,79.54,2025-03-04,other,,
T001170,EUR,C00501,P009,Daily Lamp 09,1,27.05,27.05,0.0,,27.05,0.0,27.05,none,0,,0.0,27.05,2025-03-04,other,,
T001171,EUR,C00713,P029,Bright Organizer 29,3,15.67,15.67,0.0,,47.01,0.0,47.01,none,0,,0.0,47.01,2025-03-04,other,,
T001172,EUR,C00328,P013,Bright Organizer 13,3,48.36,48.36,0.0,,145.08,0.0,145.08,none,0,,0.0,145.08,2025-03-04,other,,
T001173,EUR,C00354,P006,Active Mat 06,1,104.36,104.36,0.0,,104.36,0.0,104.36,none,0,,0.0,104.36,2025-03-04,other,,
T001174,EUR,C00590,P023,Calm Cream 23,1,43.34,43.34,0.0,,43.34,0.0,43.34,none,0,,0.0,43.34,2025-03-04,other,,
T001175,EUR,C00864,P020,Essential Bag 20,2,23.79,23.79,0.0,,47.58,0.0,47.58,none,0,,0.0,47.58,2025-03-04,other,,
T001176,EUR,C00619,P008,Modern Serum 08,2,76.74,76.74,0.0,,153.48,0.0,153.48,none,0,,0.0,153.48,2025-03-04,other,,
T001177,EUR,C00482,P016,Modern Serum 16,2,91.2,91.2,0.0,,182.4,0.0,182.4,none,0,,0.0,182.4,2025-03-04,other,,
T001178,EUR,C00401,P030,Active Mat 30,3,15.8,15.8,0.0,,47.4,0.0,47.4,none,0,,0.0,47.4,2025-03-04,other,,
T001179,EUR,C00473,P013,Bright Organizer 13,1,48.36,41.11,0.15,WEEKEND15,48.36,7.25,41.11,none,0,,0.0,41.11,2025-03-04,other,,
T001180,EUR,C00049,P027,Urban Bottle 27,1,102.64,102.64,0.0,,102.64,0.0,102.64,none,0,,0.0,102.64,2025-03-04,other,,
T001181,EUR,C00571,P016,Modern Serum 16,1,91.2,77.52,0.15,WEEKEND15,91.2,13.68,77.52,none,0,,0.0,77.52,2025-03-05,other,,
T001182,EUR,C00288,P023,Calm Cream 23,2,43.34,43.34,0.0,,86.68,0.0,86.68,none,0,,0.0,86.68,2025-03-05,website,,V007439
T001183,EUR,C00465,P026,Pure Band 26,1,23.03,23.03,0.0,,23.03,0.0,23.03,none,0,,0.0,23.03,2025-03-05,other,,
T001184,EUR,C00100,P019,Urban Bottle 19,1,61.21,61.21,0.0,,61.21,0.0,61.21,none,0,,0.0,61.21,2025-03-05,other,,
T001185,EUR,C00558,P014,Active Mat 14,1,55.09,52.34,0.05,WELCOME5,55.09,2.75,52.34,none,0,,0.0,52.34,2025-03-05,other,,
T001186,EUR,C00407,P009,Daily Lamp 09,1,27.05,27.05,0.0,,27.05,0.0,27.05,none,0,,0.0,27.05,2025-03-05,website,,V009219
T001187,EUR,C00650,P007,Calm Cream 07,1,21.92,20.82,0.05,WELCOME5,21.92,1.1,20.82,full,1,2025-03-20,20.82,0.0,2025-03-05,website,,V002883
T001188,EUR,C00901,P009,Daily Lamp 09,1,27.05,27.05,0.0,,27.05,0.0,27.05,none,0,,0.0,27.05,2025-03-05,website,,V009602
T001189,EUR,C00039,P012,Essential Bag 12,3,99.7,84.75,0.15,WEEKEND15,299.1,44.85,254.25,full,3,2025-03-06,254.25,0.0,2025-03-05,other,,
T001190,EUR,C00943,P004,Essential Bag 04,1,83.73,83.73,0.0,,83.73,0.0,83.73,none,0,,0.0,83.73,2025-03-05,other,,
T001191,EUR,C00313,P026,Pure Band 26,1,23.03,23.03,0.0,,23.03,0.0,23.03,none,0,,0.0,23.03,2025-03-05,other,,
T001192,EUR,C00094,P024,Modern Serum 24,1,66.52,59.87,0.1,LOYALTY10,66.52,6.65,59.87,none,0,,0.0,59.87,2025-03-05,other,,
T001193,EUR,C00724,P008,Modern Serum 08,3,76.74,76.74,0.0,,230.22,0.0,230.22,none,0,,0.0,230.22,2025-03-05,other,,
T001194,EUR,C00833,P001,Daily Lamp 01,1,96.68,96.68,0.0,,96.68,0.0,96.68,none,0,,0.0,96.68,2025-03-05,other,,
T001195,EUR,C00308,P024,Modern Serum 24,1,66.52,66.52,0.0,,66.52,0.0,66.52,none,0,,0.0,66.52,2025-03-05,other,,
T001196,EUR,C00506,P008,Modern Serum 08,1,76.74,76.74,0.0,,76.74,0.0,76.74,none,0,,0.0,76.74,2025-03-05,other,,
T001197,EUR,C00138,P026,Pure Band 26,1,23.03,19.58,0.15,WEEKEND15,23.03,3.45,19.58,none,0,,0.0,19.58,2025-03-06,other,,
T001198,EUR,C00761,P030,Active Mat 30,1,15.8,13.43,0.15,WEEKEND15,15.8,2.37,13.43,none,0,,0.0,13.43,2025-03-06,other,,
T001199,EUR,C00135,P014,Active Mat 14,1,55.09,55.09,0.0,,55.09,0.0,55.09,none,0,,0.0,55.09,2025-03-06,other,,
T001200,EUR,C00424,P016,Modern Serum 16,2,91.2,91.2,0.0,,182.4,0.0,182.4,none,0,,0.0,182.4,2025-03-06,website,,V002032
T001201,EUR,C00316,P014,Active Mat 14,1,55.09,49.58,0.1,LOYALTY10,55.09,5.51,49.58,none,0,,0.0,49.58,2025-03-06,other,,
T001202,EUR,C00081,P028,Essential Bag 28,2,98.03,88.23,0.1,LOYALTY10,196.06,19.6,176.46,none,0,,0.0,176.46,2025-03-06,other,,
T001203,EUR,C00769,P013,Bright Organizer 13,1,48.36,48.36,0.0,,48.36,0.0,48.36,none,0,,0.0,48.36,2025-03-06,other,,
T001204,EUR,C00212,P015,Calm Cream 15,1,26.81,24.13,0.1,LOYALTY10,26.81,2.68,24.13,none,0,,0.0,24.13,2025-03-06,other,,
T001205,EUR,C00074,P019,Urban Bottle 19,1,61.21,61.21,0.0,,61.21,0.0,61.21,none,0,,0.0,61.21,2025-03-06,other,,
T001206,EUR,C00436,P024,Modern Serum 24,1,66.52,66.52,0.0,,66.52,0.0,66.52,none,0,,0.0,66.52,2025-03-06,website,,V002303
T001207,EUR,C00678,P011,Urban Bottle 11,1,58.41,58.41,0.0,,58.41,0.0,58.41,none,0,,0.0,58.41,2025-03-06,website,,V008325
T001208,EUR,C00533,P028,Essential Bag 28,1,98.03,98.03,0.0,,98.03,0.0,98.03,none,0,,0.0,98.03,2025-03-06,other,,
T001209,EUR,C00825,P026,Pure Band 26,1,23.03,21.88,0.05,WELCOME5,23.03,1.15,21.88,none,0,,0.0,21.88,2025-03-06,other,,
T001210,EUR,C00806,P019,Urban Bottle 19,1,61.21,61.21,0.0,,61.21,0.0,61.21,none,0,,0.0,61.21,2025-03-06,other,,
T001211,EUR,C00948,P018,Pure Band 18,1,68.13,68.13,0.0,,68.13,0.0,68.13,none,0,,0.0,68.13,2025-03-06,other,,
T001212,EUR,C00174,P023,Calm Cream 23,1,43.34,43.34,0.0,,43.34,0.0,43.34,none,0,,0.0,43.34,2025-03-06,other,,
T001213,EUR,C00094,P028,Essential Bag 28,1,98.03,83.33,0.15,WEEKEND15,98.03,14.7,83.33,none,0,,0.0,83.33,2025-03-06,other,,
T001214,EUR,C00301,P020,Essential Bag 20,3,23.79,23.79,0.0,,71.37,0.0,71.37,none,0,,0.0,71.37,2025-03-06,other,,
T001215,EUR,C00846,P023,Calm Cream 23,3,43.34,43.34,0.0,,130.02,0.0,130.02,none,0,,0.0,130.02,2025-03-06,other,,
T001216,EUR,C00980,P004,Essential Bag 04,1,83.73,79.54,0.05,WELCOME5,83.73,4.19,79.54,none,0,,0.0,79.54,2025-03-07,other,,
T001217,EUR,C00589,P004,Essential Bag 04,1,83.73,79.54,0.05,WELCOME5,83.73,4.19,79.54,none,0,,0.0,79.54,2025-03-07,other,,
T001218,EUR,C00576,P002,Pure Band 02,1,19.22,19.22,0.0,,19.22,0.0,19.22,none,0,,0.0,19.22,2025-03-07,other,,
T001219,EUR,C00068,P021,Bright Organizer 21,1,91.23,91.23,0.0,,91.23,0.0,91.23,none,0,,0.0,91.23,2025-03-07,other,,
T001220,EUR,C00873,P016,Modern Serum 16,1,91.2,91.2,0.0,,91.2,0.0,91.2,none,0,,0.0,91.2,2025-03-07,other,,
T001221,EUR,C00295,P015,Calm Cream 15,3,26.81,26.81,0.0,,80.43,0.0,80.43,none,0,,0.0,80.43,2025-03-07,other,,
T001222,EUR,C00127,P006,Active Mat 06,1,104.36,104.36,0.0,,104.36,0.0,104.36,none,0,,0.0,104.36,2025-03-07,other,,
T001223,EUR,C00620,P016,Modern Serum 16,1,91.2,91.2,0.0,,91.2,0.0,91.2,none,0,,0.0,91.2,2025-03-07,other,,
T001224,EUR,C00333,P024,Modern Serum 24,2,66.52,66.52,0.0,,133.04,0.0,133.04,none,0,,0.0,133.04,2025-03-07,other,,
T001225,EUR,C00606,P009,Daily Lamp 09,1,27.05,27.05,0.0,,27.05,0.0,27.05,none,0,,0.0,27.05,2025-03-07,other,,
T001226,EUR,C00582,P006,Active Mat 06,4,104.36,104.36,0.0,,417.44,0.0,417.44,none,0,,0.0,417.44,2025-03-07,other,,
T001227,EUR,C00135,P009,Daily Lamp 09,2,27.05,27.05,0.0,,54.1,0.0,54.1,none,0,,0.0,54.1,2025-03-07,other,,
T001228,EUR,C00137,P026,Pure Band 26,1,23.03,23.03,0.0,,23.03,0.0,23.03,none,0,,0.0,23.03,2025-03-07,other,,
T001229,EUR,C00495,P023,Calm Cream 23,2,43.34,43.34,0.0,,86.68,0.0,86.68,none,0,,0.0,86.68,2025-03-08,other,,
T001230,EUR,C00467,P026,Pure Band 26,1,23.03,23.03,0.0,,23.03,0.0,23.03,full,1,2025-03-23,23.03,0.0,2025-03-08,other,,
T001231,EUR,C00781,P026,Pure Band 26,1,23.03,23.03,0.0,,23.03,0.0,23.03,none,0,,0.0,23.03,2025-03-08,other,,
T001232,EUR,C00306,P009,Daily Lamp 09,1,27.05,27.05,0.0,,27.05,0.0,27.05,none,0,,0.0,27.05,2025-03-08,other,,
T001233,EUR,C00249,P001,Daily Lamp 01,1,96.68,96.68,0.0,,96.68,0.0,96.68,none,0,,0.0,96.68,2025-03-08,other,,
T001234,EUR,C00814,P027,Urban Bottle 27,1,102.64,87.24,0.15,WEEKEND15,102.64,15.4,87.24,none,0,,0.0,87.24,2025-03-08,other,,
T001235,EUR,C00225,P016,Modern Serum 16,1,91.2,91.2,0.0,,91.2,0.0,91.2,none,0,,0.0,91.2,2025-03-08,other,,
T001236,EUR,C00868,P020,Essential Bag 20,3,23.79,23.79,0.0,,71.37,0.0,71.37,none,0,,0.0,71.37,2025-03-08,other,,
T001237,EUR,C00779,P011,Urban Bottle 11,1,58.41,49.65,0.15,WEEKEND15,58.41,8.76,49.65,none,0,,0.0,49.65,2025-03-08,other,,
T001238,EUR,C00257,P004,Essential Bag 04,2,83.73,83.73,0.0,,167.46,0.0,167.46,none,0,,0.0,167.46,2025-03-08,website,,V004850
T001239,EUR,C00611,P013,Bright Organizer 13,3,48.36,45.94,0.05,WELCOME5,145.08,7.26,137.82,none,0,,0.0,137.82,2025-03-08,other,,
T001240,EUR,C00383,P010,Pure Band 10,1,31.57,31.57,0.0,,31.57,0.0,31.57,none,0,,0.0,31.57,2025-03-08,other,,
T001241,EUR,C00372,P016,Modern Serum 16,1,91.2,91.2,0.0,,91.2,0.0,91.2,none,0,,0.0,91.2,2025-03-08,website,,V008333
T001242,EUR,C00106,P011,Urban Bottle 11,1,58.41,58.41,0.0,,58.41,0.0,58.41,none,0,,0.0,58.41,2025-03-08,other,,
T001243,EUR,C00482,P007,Calm Cream 07,2,21.92,21.92,0.0,,43.84,0.0,43.84,none,0,,0.0,43.84,2025-03-08,other,,
T001244,EUR,C00030,P014,Active Mat 14,2,55.09,55.09,0.0,,110.18,0.0,110.18,none,0,,0.0,110.18,2025-03-08,other,,
T001245,EUR,C00401,P014,Active Mat 14,1,55.09,55.09,0.0,,55.09,0.0,55.09,none,0,,0.0,55.09,2025-03-08,other,,
T001246,EUR,C00465,P001,Daily Lamp 01,2,96.68,96.68,0.0,,193.36,0.0,193.36,none,0,,0.0,193.36,2025-03-08,other,,
T001247,EUR,C00860,P016,Modern Serum 16,1,91.2,91.2,0.0,,91.2,0.0,91.2,none,0,,0.0,91.2,2025-03-08,other,,
T001248,EUR,C00340,P017,Daily Lamp 17,1,94.4,94.4,0.0,,94.4,0.0,94.4,none,0,,0.0,94.4,2025-03-08,other,,
T001249,EUR,C00916,P025,Daily Lamp 25,1,101.88,86.6,0.15,WEEKEND15,101.88,15.28,86.6,none,0,,0.0,86.6,2025-03-08,other,,
T001250,EUR,C00283,P005,Bright Organizer 05,2,70.21,70.21,0.0,,140.42,0.0,140.42,none,0,,0.0,140.42,2025-03-08,other,,
T001251,EUR,C00285,P019,Urban Bottle 19,2,61.21,61.21,0.0,,122.42,0.0,122.42,none,0,,0.0,122.42,2025-03-09,other,,
T001252,EUR,C00880,P024,Modern Serum 24,2,66.52,66.52,0.0,,133.04,0.0,133.04,none,0,,0.0,133.04,2025-03-09,other,,
T001253,EUR,C00300,P020,Essential Bag 20,1,23.79,21.41,0.1,LOYALTY10,23.79,2.38,21.41,none,0,,0.0,21.41,2025-03-09,other,,
T001254,EUR,C00824,P005,Bright Organizer 05,1,70.21,70.21,0.0,,70.21,0.0,70.21,none,0,,0.0,70.21,2025-03-09,website,,V001123
T001255,EUR,C00509,P002,Pure Band 02,1,19.22,18.26,0.05,WELCOME5,19.22,0.96,18.26,none,0,,0.0,18.26,2025-03-09,other,,
T001256,EUR,C00941,P014,Active Mat 14,1,55.09,55.09,0.0,,55.09,0.0,55.09,none,0,,0.0,55.09,2025-03-09,other,,
T001257,EUR,C00776,P002,Pure Band 02,1,19.22,19.22,0.0,,19.22,0.0,19.22,none,0,,0.0,19.22,2025-03-09,other,,
T001258,EUR,C00318,P023,Calm Cream 23,1,43.34,36.84,0.15,WEEKEND15,43.34,6.5,36.84,none,0,,0.0,36.84,2025-03-09,other,,
T001259,EUR,C00978,P003,Urban Bottle 03,3,105.26,105.26,0.0,,315.78,0.0,315.78,none,0,,0.0,315.78,2025-03-09,other,,
T001260,EUR,C00028,P019,Urban Bottle 19,1,61.21,61.21,0.0,,61.21,0.0,61.21,none,0,,0.0,61.21,2025-03-09,other,,
T001261,EUR,C00486,P017,Daily Lamp 17,1,94.4,94.4,0.0,,94.4,0.0,94.4,none,0,,0.0,94.4,2025-03-09,other,,
T001262,EUR,C00048,P022,Active Mat 22,1,31.79,28.61,0.1,LOYALTY10,31.79,3.18,28.61,none,0,,0.0,28.61,2025-03-09,other,,
T001263,EUR,C00022,P024,Modern Serum 24,1,66.52,59.87,0.1,SPRING10,66.52,6.65,59.87,none,0,,0.0,59.87,2025-03-09,marketing_campaign,SEND004353,V010569
T001264,EUR,C00190,P006,Active Mat 06,2,104.36,88.71,0.15,WEEKEND15,208.72,31.3,177.42,none,0,,0.0,177.42,2025-03-09,other,,
T001265,EUR,C00303,P006,Active Mat 06,1,104.36,104.36,0.0,,104.36,0.0,104.36,none,0,,0.0,104.36,2025-03-09,other,,
T001266,EUR,C00874,P027,Urban Bottle 27,1,102.64,102.64,0.0,,102.64,0.0,102.64,none,0,,0.0,102.64,2025-03-09,website,,V005595
T001267,EUR,C00085,P006,Active Mat 06,2,104.36,104.36,0.0,,208.72,0.0,208.72,none,0,,0.0,208.72,2025-03-09,other,,
T001268,EUR,C00861,P003,Urban Bottle 03,1,105.26,105.26,0.0,,105.26,0.0,105.26,none,0,,0.0,105.26,2025-03-09,other,,
T001269,EUR,C00631,P009,Daily Lamp 09,1,27.05,27.05,0.0,,27.05,0.0,27.05,none,0,,0.0,27.05,2025-03-09,other,,
T001270,EUR,C00183,P025,Daily Lamp 25,1,101.88,101.88,0.0,,101.88,0.0,101.88,none,0,,0.0,101.88,2025-03-09,other,,
T001271,EUR,C00096,P014,Active Mat 14,3,55.09,55.09,0.0,,165.27,0.0,165.27,none,0,,0.0,165.27,2025-03-09,other,,
T001272,EUR,C00331,P009,Daily Lamp 09,1,27.05,27.05,0.0,,27.05,0.0,27.05,none,0,,0.0,27.05,2025-03-09,website,,V004297
T001273,EUR,C00568,P029,Bright Organizer 29,1,15.67,15.67,0.0,,15.67,0.0,15.67,none,0,,0.0,15.67,2025-03-10,other,,
T001274,EUR,C00577,P019,Urban Bottle 19,1,61.21,61.21,0.0,,61.21,0.0,61.21,none,0,,0.0,61.21,2025-03-10,other,,
T001275,EUR,C00330,P017,Daily Lamp 17,1,94.4,94.4,0.0,,94.4,0.0,94.4,none,0,,0.0,94.4,2025-03-10,other,,
T001276,EUR,C00200,P001,Daily Lamp 01,1,96.68,96.68,0.0,,96.68,0.0,96.68,none,0,,0.0,96.68,2025-03-10,other,,
T001277,EUR,C00033,P007,Calm Cream 07,2,21.92,18.63,0.15,WEEKEND15,43.84,6.58,37.26,none,0,,0.0,37.26,2025-03-10,other,,
T001278,EUR,C00170,P012,Essential Bag 12,3,99.7,94.72,0.05,WELCOME5,299.1,14.94,284.16,none,0,,0.0,284.16,2025-03-10,other,,
T001279,EUR,C00896,P007,Calm Cream 07,1,21.92,21.92,0.0,,21.92,0.0,21.92,none,0,,0.0,21.92,2025-03-10,other,,
T001280,EUR,C00419,P008,Modern Serum 08,1,76.74,76.74,0.0,,76.74,0.0,76.74,none,0,,0.0,76.74,2025-03-10,other,,
T001281,EUR,C00406,P023,Calm Cream 23,1,43.34,39.01,0.1,LOYALTY10,43.34,4.33,39.01,none,0,,0.0,39.01,2025-03-10,other,,
T001282,EUR,C00341,P024,Modern Serum 24,3,66.52,56.54,0.15,WEEKEND15,199.56,29.94,169.62,none,0,,0.0,169.62,2025-03-10,other,,
T001283,EUR,C00902,P004,Essential Bag 04,1,83.73,83.73,0.0,,83.73,0.0,83.73,none,0,,0.0,83.73,2025-03-10,other,,
T001284,EUR,C00944,P017,Daily Lamp 17,1,94.4,84.96,0.1,LOYALTY10,94.4,9.44,84.96,none,0,,0.0,84.96,2025-03-10,other,,
T001285,EUR,C00178,P017,Daily Lamp 17,4,94.4,94.4,0.0,,377.6,0.0,377.6,none,0,,0.0,377.6,2025-03-10,other,,
T001286,EUR,C00820,P020,Essential Bag 20,1,23.79,23.79,0.0,,23.79,0.0,23.79,none,0,,0.0,23.79,2025-03-10,other,,
T001287,EUR,C00662,P028,Essential Bag 28,2,98.03,98.03,0.0,,196.06,0.0,196.06,none,0,,0.0,196.06,2025-03-10,other,,
T001288,EUR,C00018,P007,Calm Cream 07,3,21.92,21.92,0.0,,65.76,0.0,65.76,none,0,,0.0,65.76,2025-03-10,other,,
T001289,EUR,C00836,P004,Essential Bag 04,1,83.73,83.73,0.0,,83.73,0.0,83.73,none,0,,0.0,83.73,2025-03-10,other,,
T001290,EUR,C00477,P009,Daily Lamp 09,1,27.05,27.05,0.0,,27.05,0.0,27.05,none,0,,0.0,27.05,2025-03-10,other,,
T001291,EUR,C00142,P014,Active Mat 14,3,55.09,55.09,0.0,,165.27,0.0,165.27,none,0,,0.0,165.27,2025-03-10,other,,
T001292,EUR,C00003,P019,Urban Bottle 19,1,61.21,61.21,0.0,,61.21,0.0,61.21,none,0,,0.0,61.21,2025-03-10,website,,V002671
T001293,EUR,C00760,P012,Essential Bag 12,3,99.7,99.7,0.0,,299.1,0.0,299.1,none,0,,0.0,299.1,2025-03-10,other,,
T001294,EUR,C00871,P029,Bright Organizer 29,3,15.67,15.67,0.0,,47.01,0.0,47.01,none,0,,0.0,47.01,2025-03-10,website,,V004644
T001295,EUR,C00957,P006,Active Mat 06,1,104.36,104.36,0.0,,104.36,0.0,104.36,none,0,,0.0,104.36,2025-03-10,other,,
T001296,EUR,C00696,P025,Daily Lamp 25,1,101.88,101.88,0.0,,101.88,0.0,101.88,none,0,,0.0,101.88,2025-03-10,other,,
T001297,EUR,C00105,P015,Calm Cream 15,1,26.81,22.79,0.15,WEEKEND15,26.81,4.02,22.79,none,0,,0.0,22.79,2025-03-11,website,,V000847
T001298,EUR,C00832,P001,Daily Lamp 01,2,96.68,96.68,0.0,,193.36,0.0,193.36,none,0,,0.0,193.36,2025-03-11,other,,
T001299,EUR,C00035,P021,Bright Organizer 21,1,91.23,91.23,0.0,,91.23,0.0,91.23,none,0,,0.0,91.23,2025-03-11,other,,
T001300,EUR,C00398,P021,Bright Organizer 21,1,91.23,91.23,0.0,,91.23,0.0,91.23,none,0,,0.0,91.23,2025-03-11,other,,
T001301,EUR,C00403,P021,Bright Organizer 21,2,91.23,91.23,0.0,,182.46,0.0,182.46,none,0,,0.0,182.46,2025-03-11,other,,
T001302,EUR,C00353,P001,Daily Lamp 01,3,96.68,96.68,0.0,,290.04,0.0,290.04,none,0,,0.0,290.04,2025-03-11,other,,
T001303,EUR,C00229,P029,Bright Organizer 29,2,15.67,15.67,0.0,,31.34,0.0,31.34,none,0,,0.0,31.34,2025-03-11,other,,
T001304,EUR,C00194,P025,Daily Lamp 25,1,101.88,101.88,0.0,,101.88,0.0,101.88,none,0,,0.0,101.88,2025-03-11,website,,V008176
T001305,EUR,C00931,P010,Pure Band 10,1,31.57,31.57,0.0,,31.57,0.0,31.57,none,0,,0.0,31.57,2025-03-11,other,,
T001306,EUR,C00306,P025,Daily Lamp 25,2,101.88,101.88,0.0,,203.76,0.0,203.76,none,0,,0.0,203.76,2025-03-11,website,,V006887
T001307,EUR,C00955,P011,Urban Bottle 11,1,58.41,58.41,0.0,,58.41,0.0,58.41,none,0,,0.0,58.41,2025-03-11,other,,
T001308,EUR,C00479,P021,Bright Organizer 21,1,91.23,91.23,0.0,,91.23,0.0,91.23,none,0,,0.0,91.23,2025-03-11,other,,
T001309,EUR,C00430,P008,Modern Serum 08,1,76.74,65.23,0.15,WEEKEND15,76.74,11.51,65.23,none,0,,0.0,65.23,2025-03-11,other,,
T001310,EUR,C00761,P030,Active Mat 30,1,15.8,15.8,0.0,,15.8,0.0,15.8,none,0,,0.0,15.8,2025-03-11,other,,
T001311,EUR,C00441,P016,Modern Serum 16,1,91.2,91.2,0.0,,91.2,0.0,91.2,none,0,,0.0,91.2,2025-03-11,other,,
T001312,EUR,C00717,P008,Modern Serum 08,1,76.74,76.74,0.0,,76.74,0.0,76.74,none,0,,0.0,76.74,2025-03-12,other,,
T001313,EUR,C00173,P028,Essential Bag 28,1,98.03,98.03,0.0,,98.03,0.0,98.03,full,1,2025-03-29,98.03,0.0,2025-03-12,other,,
T001314,EUR,C00343,P024,Modern Serum 24,1,66.52,66.52,0.0,,66.52,0.0,66.52,none,0,,0.0,66.52,2025-03-12,other,,
T001315,EUR,C00598,P006,Active Mat 06,1,104.36,104.36,0.0,,104.36,0.0,104.36,none,0,,0.0,104.36,2025-03-12,other,,
T001316,EUR,C00896,P014,Active Mat 14,1,55.09,55.09,0.0,,55.09,0.0,55.09,none,0,,0.0,55.09,2025-03-12,other,,
T001317,EUR,C00862,P003,Urban Bottle 03,1,105.26,105.26,0.0,,105.26,0.0,105.26,none,0,,0.0,105.26,2025-03-12,other,,
T001318,EUR,C00075,P026,Pure Band 26,4,23.03,21.88,0.05,WELCOME5,92.12,4.6,87.52,none,0,,0.0,87.52,2025-03-12,other,,
T001319,EUR,C00295,P025,Daily Lamp 25,2,101.88,101.88,0.0,,203.76,0.0,203.76,none,0,,0.0,203.76,2025-03-12,other,,
T001320,EUR,C00713,P010,Pure Band 10,1,31.57,31.57,0.0,,31.57,0.0,31.57,none,0,,0.0,31.57,2025-03-12,other,,
T001321,EUR,C00513,P029,Bright Organizer 29,1,15.67,15.67,0.0,,15.67,0.0,15.67,full,1,2025-03-27,15.67,0.0,2025-03-12,other,,
T001322,EUR,C00200,P017,Daily Lamp 17,2,94.4,94.4,0.0,,188.8,0.0,188.8,none,0,,0.0,188.8,2025-03-12,other,,
T001323,EUR,C00691,P005,Bright Organizer 05,1,70.21,70.21,0.0,,70.21,0.0,70.21,none,0,,0.0,70.21,2025-03-12,other,,
T001324,EUR,C00821,P017,Daily Lamp 17,2,94.4,84.96,0.1,LOYALTY10,188.8,18.88,169.92,none,0,,0.0,169.92,2025-03-12,other,,
T001325,EUR,C00768,P030,Active Mat 30,1,15.8,15.8,0.0,,15.8,0.0,15.8,none,0,,0.0,15.8,2025-03-12,other,,
T001326,EUR,C00045,P019,Urban Bottle 19,2,61.21,61.21,0.0,,122.42,0.0,122.42,none,0,,0.0,122.42,2025-03-12,other,,
T001327,EUR,C00856,P011,Urban Bottle 11,1,58.41,49.65,0.15,WEEKEND15,58.41,8.76,49.65,none,0,,0.0,49.65,2025-03-12,other,,
T001328,EUR,C00799,P001,Daily Lamp 01,2,96.68,96.68,0.0,,193.36,0.0,193.36,none,0,,0.0,193.36,2025-03-12,other,,
T001329,EUR,C00517,P004,Essential Bag 04,1,83.73,83.73,0.0,,83.73,0.0,83.73,none,0,,0.0,83.73,2025-03-12,other,,
T001330,EUR,C00958,P013,Bright Organizer 13,1,48.36,48.36,0.0,,48.36,0.0,48.36,none,0,,0.0,48.36,2025-03-12,other,,
T001331,EUR,C00977,P020,Essential Bag 20,1,23.79,23.79,0.0,,23.79,0.0,23.79,none,0,,0.0,23.79,2025-03-12,other,,
T001332,EUR,C00389,P025,Daily Lamp 25,1,101.88,101.88,0.0,,101.88,0.0,101.88,none,0,,0.0,101.88,2025-03-12,other,,
T001333,EUR,C00206,P026,Pure Band 26,1,23.03,23.03,0.0,,23.03,0.0,23.03,none,0,,0.0,23.03,2025-03-12,other,,
T001334,EUR,C00363,P014,Active Mat 14,1,55.09,55.09,0.0,,55.09,0.0,55.09,none,0,,0.0,55.09,2025-03-13,other,,
T001335,EUR,C00730,P025,Daily Lamp 25,1,101.88,101.88,0.0,,101.88,0.0,101.88,none,0,,0.0,101.88,2025-03-13,other,,
T001336,EUR,C00103,P022,Active Mat 22,1,31.79,31.79,0.0,,31.79,0.0,31.79,none,0,,0.0,31.79,2025-03-13,other,,
T001337,EUR,C00614,P012,Essential Bag 12,2,99.7,99.7,0.0,,199.4,0.0,199.4,none,0,,0.0,199.4,2025-03-13,other,,
T001338,EUR,C00943,P006,Active Mat 06,1,104.36,104.36,0.0,,104.36,0.0,104.36,none,0,,0.0,104.36,2025-03-13,website,,V004556
T001339,EUR,C00684,P023,Calm Cream 23,1,43.34,43.34,0.0,,43.34,0.0,43.34,none,0,,0.0,43.34,2025-03-13,other,,
T001340,EUR,C00592,P001,Daily Lamp 01,2,96.68,96.68,0.0,,193.36,0.0,193.36,none,0,,0.0,193.36,2025-03-13,other,,
T001341,EUR,C00506,P024,Modern Serum 24,1,66.52,66.52,0.0,,66.52,0.0,66.52,none,0,,0.0,66.52,2025-03-13,website,,V004919
T001342,EUR,C00665,P026,Pure Band 26,2,23.03,23.03,0.0,,46.06,0.0,46.06,none,0,,0.0,46.06,2025-03-13,other,,
T001343,EUR,C00403,P005,Bright Organizer 05,1,70.21,70.21,0.0,,70.21,0.0,70.21,none,0,,0.0,70.21,2025-03-13,website,,V009294
T001344,EUR,C00790,P002,Pure Band 02,1,19.22,19.22,0.0,,19.22,0.0,19.22,none,0,,0.0,19.22,2025-03-13,website,,V005441
T001345,EUR,C00480,P011,Urban Bottle 11,1,58.41,58.41,0.0,,58.41,0.0,58.41,none,0,,0.0,58.41,2025-03-13,other,,
T001346,EUR,C00242,P003,Urban Bottle 03,1,105.26,89.47,0.15,WEEKEND15,105.26,15.79,89.47,none,0,,0.0,89.47,2025-03-13,other,,
T001347,EUR,C00451,P001,Daily Lamp 01,3,96.68,91.85,0.05,WELCOME5,290.04,14.49,275.55,none,0,,0.0,275.55,2025-03-13,other,,
T001348,EUR,C00883,P024,Modern Serum 24,1,66.52,66.52,0.0,,66.52,0.0,66.52,none,0,,0.0,66.52,2025-03-13,website,,V001967
T001349,EUR,C00286,P022,Active Mat 22,2,31.79,31.79,0.0,,63.58,0.0,63.58,none,0,,0.0,63.58,2025-03-13,other,,
T001350,EUR,C00043,P028,Essential Bag 28,1,98.03,88.23,0.1,LOYALTY10,98.03,9.8,88.23,none,0,,0.0,88.23,2025-03-13,other,,
T001351,EUR,C00022,P004,Essential Bag 04,1,83.73,83.73,0.0,,83.73,0.0,83.73,none,0,,0.0,83.73,2025-03-13,other,,
T001352,EUR,C00302,P026,Pure Band 26,1,23.03,23.03,0.0,,23.03,0.0,23.03,none,0,,0.0,23.03,2025-03-13,other,,
T001353,EUR,C00767,P004,Essential Bag 04,1,83.73,83.73,0.0,,83.73,0.0,83.73,none,0,,0.0,83.73,2025-03-13,other,,
T001354,EUR,C00605,P018,Pure Band 18,1,68.13,68.13,0.0,,68.13,0.0,68.13,none,0,,0.0,68.13,2025-03-13,other,,
T001355,EUR,C00791,P021,Bright Organizer 21,1,91.23,91.23,0.0,,91.23,0.0,91.23,none,0,,0.0,91.23,2025-03-13,other,,
T001356,EUR,C00078,P006,Active Mat 06,2,104.36,104.36,0.0,,208.72,0.0,208.72,none,0,,0.0,208.72,2025-03-13,other,,
T001357,EUR,C00136,P004,Essential Bag 04,4,83.73,83.73,0.0,,334.92,0.0,334.92,none,0,,0.0,334.92,2025-03-13,other,,
T001358,EUR,C00870,P007,Calm Cream 07,4,21.92,21.92,0.0,,87.68,0.0,87.68,none,0,,0.0,87.68,2025-03-13,other,,
T001359,EUR,C00097,P009,Daily Lamp 09,2,27.05,27.05,0.0,,54.1,0.0,54.1,none,0,,0.0,54.1,2025-03-13,other,,
T001360,EUR,C00158,P001,Daily Lamp 01,3,96.68,96.68,0.0,,290.04,0.0,290.04,none,0,,0.0,290.04,2025-03-13,other,,
T001361,EUR,C00380,P008,Modern Serum 08,1,76.74,76.74,0.0,,76.74,0.0,76.74,none,0,,0.0,76.74,2025-03-14,website,,V009821
T001362,EUR,C00712,P019,Urban Bottle 19,1,61.21,61.21,0.0,,61.21,0.0,61.21,none,0,,0.0,61.21,2025-03-14,other,,
T001363,EUR,C00705,P026,Pure Band 26,2,23.03,23.03,0.0,,46.06,0.0,46.06,none,0,,0.0,46.06,2025-03-14,other,,
T001364,EUR,C00423,P004,Essential Bag 04,1,83.73,83.73,0.0,,83.73,0.0,83.73,none,0,,0.0,83.73,2025-03-14,other,,
T001365,EUR,C00510,P019,Urban Bottle 19,1,61.21,61.21,0.0,,61.21,0.0,61.21,none,0,,0.0,61.21,2025-03-14,website,,V005464
T001366,EUR,C00966,P010,Pure Band 10,1,31.57,31.57,0.0,,31.57,0.0,31.57,full,1,2025-03-15,31.57,0.0,2025-03-14,other,,
T001367,EUR,C00865,P023,Calm Cream 23,1,43.34,43.34,0.0,,43.34,0.0,43.34,none,0,,0.0,43.34,2025-03-14,other,,
T001368,EUR,C00538,P015,Calm Cream 15,1,26.81,26.81,0.0,,26.81,0.0,26.81,none,0,,0.0,26.81,2025-03-14,other,,
T001369,EUR,C00821,P003,Urban Bottle 03,2,105.26,105.26,0.0,,210.52,0.0,210.52,none,0,,0.0,210.52,2025-03-14,other,,
T001370,EUR,C00719,P004,Essential Bag 04,1,83.73,71.17,0.15,WEEKEND15,83.73,12.56,71.17,none,0,,0.0,71.17,2025-03-14,other,,
T001371,EUR,C00475,P016,Modern Serum 16,1,91.2,91.2,0.0,,91.2,0.0,91.2,none,0,,0.0,91.2,2025-03-14,other,,
T001372,EUR,C00992,P022,Active Mat 22,1,31.79,28.61,0.1,LOYALTY10,31.79,3.18,28.61,none,0,,0.0,28.61,2025-03-14,other,,
T001373,EUR,C00305,P007,Calm Cream 07,2,21.92,21.92,0.0,,43.84,0.0,43.84,none,0,,0.0,43.84,2025-03-14,other,,
T001374,EUR,C00245,P004,Essential Bag 04,1,83.73,83.73,0.0,,83.73,0.0,83.73,none,0,,0.0,83.73,2025-03-14,other,,
T001375,EUR,C00867,P013,Bright Organizer 13,1,48.36,48.36,0.0,,48.36,0.0,48.36,none,0,,0.0,48.36,2025-03-14,other,,
T001376,EUR,C00127,P026,Pure Band 26,2,23.03,19.58,0.15,WEEKEND15,46.06,6.9,39.16,none,0,,0.0,39.16,2025-03-14,other,,
T001377,EUR,C00776,P004,Essential Bag 04,1,83.73,83.73,0.0,,83.73,0.0,83.73,none,0,,0.0,83.73,2025-03-14,other,,
T001378,EUR,C00146,P019,Urban Bottle 19,2,61.21,61.21,0.0,,122.42,0.0,122.42,none,0,,0.0,122.42,2025-03-15,other,,
T001379,EUR,C00938,P004,Essential Bag 04,1,83.73,75.36,0.1,LOYALTY10,83.73,8.37,75.36,none,0,,0.0,75.36,2025-03-15,other,,
T001380,EUR,C00331,P012,Essential Bag 12,1,99.7,99.7,0.0,,99.7,0.0,99.7,none,0,,0.0,99.7,2025-03-15,other,,
T001381,EUR,C00793,P029,Bright Organizer 29,1,15.67,15.67,0.0,,15.67,0.0,15.67,none,0,,0.0,15.67,2025-03-15,other,,
T001382,EUR,C00233,P019,Urban Bottle 19,1,61.21,55.09,0.1,LOYALTY10,61.21,6.12,55.09,none,0,,0.0,55.09,2025-03-15,other,,
T001383,EUR,C00549,P028,Essential Bag 28,1,98.03,83.33,0.15,WEEKEND15,98.03,14.7,83.33,none,0,,0.0,83.33,2025-03-15,other,,
T001384,EUR,C00493,P013,Bright Organizer 13,1,48.36,48.36,0.0,,48.36,0.0,48.36,none,0,,0.0,48.36,2025-03-15,other,,
T001385,EUR,C00643,P003,Urban Bottle 03,1,105.26,89.47,0.15,WEEKEND15,105.26,15.79,89.47,none,0,,0.0,89.47,2025-03-15,other,,
T001386,EUR,C00844,P020,Essential Bag 20,1,23.79,23.79,0.0,,23.79,0.0,23.79,none,0,,0.0,23.79,2025-03-15,other,,
T001387,EUR,C00276,P011,Urban Bottle 11,2,58.41,58.41,0.0,,116.82,0.0,116.82,none,0,,0.0,116.82,2025-03-15,other,,
T001388,EUR,C00544,P015,Calm Cream 15,1,26.81,26.81,0.0,,26.81,0.0,26.81,none,0,,0.0,26.81,2025-03-16,other,,
T001389,EUR,C00184,P005,Bright Organizer 05,1,70.21,70.21,0.0,,70.21,0.0,70.21,none,0,,0.0,70.21,2025-03-16,other,,
T001390,EUR,C00437,P006,Active Mat 06,2,104.36,99.14,0.05,WELCOME5,208.72,10.44,198.28,none,0,,0.0,198.28,2025-03-16,other,,
T001391,EUR,C00831,P021,Bright Organizer 21,1,91.23,91.23,0.0,,91.23,0.0,91.23,none,0,,0.0,91.23,2025-03-16,other,,
T001392,EUR,C00820,P012,Essential Bag 12,1,99.7,99.7,0.0,,99.7,0.0,99.7,none,0,,0.0,99.7,2025-03-16,other,,
T001393,EUR,C00860,P021,Bright Organizer 21,2,91.23,82.11,0.1,LOYALTY10,182.46,18.24,164.22,none,0,,0.0,164.22,2025-03-16,other,,
T001394,EUR,C00763,P030,Active Mat 30,2,15.8,15.8,0.0,,31.6,0.0,31.6,none,0,,0.0,31.6,2025-03-16,other,,
T001395,EUR,C00971,P016,Modern Serum 16,1,91.2,91.2,0.0,,91.2,0.0,91.2,none,0,,0.0,91.2,2025-03-16,other,,
T001396,EUR,C00329,P017,Daily Lamp 17,2,94.4,94.4,0.0,,188.8,0.0,188.8,none,0,,0.0,188.8,2025-03-16,other,,
T001397,EUR,C00372,P024,Modern Serum 24,3,66.52,66.52,0.0,,199.56,0.0,199.56,none,0,,0.0,199.56,2025-03-16,other,,
T001398,EUR,C00058,P011,Urban Bottle 11,1,58.41,58.41,0.0,,58.41,0.0,58.41,none,0,,0.0,58.41,2025-03-16,other,,
T001399,EUR,C00890,P019,Urban Bottle 19,2,61.21,55.09,0.1,LOYALTY10,122.42,12.24,110.18,none,0,,0.0,110.18,2025-03-16,other,,
T001400,EUR,C00169,P014,Active Mat 14,1,55.09,55.09,0.0,,55.09,0.0,55.09,none,0,,0.0,55.09,2025-03-16,other,,
T001401,EUR,C00017,P014,Active Mat 14,2,55.09,55.09,0.0,,110.18,0.0,110.18,none,0,,0.0,110.18,2025-03-16,website,,V003762
T001402,EUR,C00614,P030,Active Mat 30,1,15.8,15.8,0.0,,15.8,0.0,15.8,none,0,,0.0,15.8,2025-03-16,other,,
T001403,EUR,C00075,P028,Essential Bag 28,1,98.03,93.13,0.05,WELCOME5,98.03,4.9,93.13,none,0,,0.0,93.13,2025-03-16,other,,
T001404,EUR,C00765,P019,Urban Bottle 19,2,61.21,61.21,0.0,,122.42,0.0,122.42,none,0,,0.0,122.42,2025-03-16,other,,
T001405,EUR,C00652,P004,Essential Bag 04,1,83.73,79.54,0.05,WELCOME5,83.73,4.19,79.54,none,0,,0.0,79.54,2025-03-16,other,,
T001406,EUR,C00868,P004,Essential Bag 04,1,83.73,83.73,0.0,,83.73,0.0,83.73,none,0,,0.0,83.73,2025-03-16,other,,
T001407,EUR,C00594,P012,Essential Bag 12,2,99.7,99.7,0.0,,199.4,0.0,199.4,none,0,,0.0,199.4,2025-03-16,other,,
T001408,EUR,C00398,P027,Urban Bottle 27,1,102.64,92.38,0.1,LOYALTY10,102.64,10.26,92.38,none,0,,0.0,92.38,2025-03-16,other,,
T001409,EUR,C00930,P009,Daily Lamp 09,2,27.05,27.05,0.0,,54.1,0.0,54.1,none,0,,0.0,54.1,2025-03-17,website,,V002554
T001410,EUR,C00195,P029,Bright Organizer 29,1,15.67,15.67,0.0,,15.67,0.0,15.67,none,0,,0.0,15.67,2025-03-17,website,,V009794
T001411,EUR,C00893,P019,Urban Bottle 19,1,61.21,61.21,0.0,,61.21,0.0,61.21,none,0,,0.0,61.21,2025-03-17,other,,
T001412,EUR,C00017,P006,Active Mat 06,2,104.36,104.36,0.0,,208.72,0.0,208.72,none,0,,0.0,208.72,2025-03-17,other,,
T001413,EUR,C00732,P014,Active Mat 14,1,55.09,55.09,0.0,,55.09,0.0,55.09,none,0,,0.0,55.09,2025-03-17,other,,
T001414,EUR,C00171,P023,Calm Cream 23,1,43.34,36.84,0.15,WEEKEND15,43.34,6.5,36.84,none,0,,0.0,36.84,2025-03-17,website,,V002970
T001415,EUR,C00127,P026,Pure Band 26,1,23.03,23.03,0.0,,23.03,0.0,23.03,none,0,,0.0,23.03,2025-03-17,other,,
T001416,EUR,C00535,P023,Calm Cream 23,2,43.34,43.34,0.0,,86.68,0.0,86.68,none,0,,0.0,86.68,2025-03-17,other,,
T001417,EUR,C00362,P013,Bright Organizer 13,1,48.36,48.36,0.0,,48.36,0.0,48.36,full,1,2025-03-23,48.36,0.0,2025-03-17,other,,
T001418,EUR,C00307,P008,Modern Serum 08,3,76.74,65.23,0.15,WEEKEND15,230.22,34.53,195.69,none,0,,0.0,195.69,2025-03-17,website,,V007636
T001419,EUR,C00416,P024,Modern Serum 24,1,66.52,66.52,0.0,,66.52,0.0,66.52,none,0,,0.0,66.52,2025-03-17,other,,
T001420,EUR,C00604,P015,Calm Cream 15,2,26.81,26.81,0.0,,53.62,0.0,53.62,none,0,,0.0,53.62,2025-03-17,other,,
T001421,EUR,C00386,P024,Modern Serum 24,1,66.52,66.52,0.0,,66.52,0.0,66.52,none,0,,0.0,66.52,2025-03-17,other,,
T001422,EUR,C00228,P011,Urban Bottle 11,3,58.41,58.41,0.0,,175.23,0.0,175.23,none,0,,0.0,175.23,2025-03-17,other,,
T001423,EUR,C00924,P014,Active Mat 14,1,55.09,55.09,0.0,,55.09,0.0,55.09,none,0,,0.0,55.09,2025-03-17,other,,
T001424,EUR,C00615,P003,Urban Bottle 03,1,105.26,105.26,0.0,,105.26,0.0,105.26,none,0,,0.0,105.26,2025-03-17,other,,
T001425,EUR,C00529,P001,Daily Lamp 01,3,96.68,96.68,0.0,,290.04,0.0,290.04,none,0,,0.0,290.04,2025-03-17,other,,
T001426,EUR,C00864,P017,Daily Lamp 17,3,94.4,94.4,0.0,,283.2,0.0,283.2,none,0,,0.0,283.2,2025-03-17,other,,
T001427,EUR,C00624,P012,Essential Bag 12,1,99.7,99.7,0.0,,99.7,0.0,99.7,none,0,,0.0,99.7,2025-03-17,other,,
T001428,EUR,C00718,P019,Urban Bottle 19,1,61.21,61.21,0.0,,61.21,0.0,61.21,none,0,,0.0,61.21,2025-03-17,other,,
T001429,EUR,C00726,P012,Essential Bag 12,1,99.7,99.7,0.0,,99.7,0.0,99.7,none,0,,0.0,99.7,2025-03-17,other,,
T001430,EUR,C00473,P020,Essential Bag 20,1,23.79,23.79,0.0,,23.79,0.0,23.79,none,0,,0.0,23.79,2025-03-17,other,,
T001431,EUR,C00861,P028,Essential Bag 28,1,98.03,98.03,0.0,,98.03,0.0,98.03,none,0,,0.0,98.03,2025-03-17,other,,
T001432,EUR,C00400,P005,Bright Organizer 05,2,70.21,70.21,0.0,,140.42,0.0,140.42,none,0,,0.0,140.42,2025-03-17,other,,
T001433,EUR,C00819,P018,Pure Band 18,1,68.13,68.13,0.0,,68.13,0.0,68.13,none,0,,0.0,68.13,2025-03-17,other,,
T001434,EUR,C00700,P001,Daily Lamp 01,1,96.68,96.68,0.0,,96.68,0.0,96.68,none,0,,0.0,96.68,2025-03-17,other,,
T001435,EUR,C00936,P018,Pure Band 18,2,68.13,68.13,0.0,,136.26,0.0,136.26,full,2,2025-04-16,136.26,0.0,2025-03-18,other,,
T001436,EUR,C00183,P022,Active Mat 22,1,31.79,27.02,0.15,WEEKEND15,31.79,4.77,27.02,none,0,,0.0,27.02,2025-03-18,other,,
T001437,EUR,C00349,P004,Essential Bag 04,1,83.73,83.73,0.0,,83.73,0.0,83.73,none,0,,0.0,83.73,2025-03-18,other,,
T001438,EUR,C00081,P012,Essential Bag 12,1,99.7,99.7,0.0,,99.7,0.0,99.7,none,0,,0.0,99.7,2025-03-18,other,,
T001439,EUR,C00014,P017,Daily Lamp 17,1,94.4,94.4,0.0,,94.4,0.0,94.4,none,0,,0.0,94.4,2025-03-18,other,,
T001440,EUR,C00973,P021,Bright Organizer 21,1,91.23,77.55,0.15,WEEKEND15,91.23,13.68,77.55,none,0,,0.0,77.55,2025-03-18,other,,
T001441,EUR,C00888,P021,Bright Organizer 21,2,91.23,91.23,0.0,,182.46,0.0,182.46,none,0,,0.0,182.46,2025-03-18,other,,
T001442,EUR,C00962,P021,Bright Organizer 21,2,91.23,77.55,0.15,WEEKEND15,182.46,27.36,155.1,none,0,,0.0,155.1,2025-03-18,other,,
T001443,EUR,C00092,P019,Urban Bottle 19,4,61.21,61.21,0.0,,244.84,0.0,244.84,none,0,,0.0,244.84,2025-03-18,other,,
T001444,EUR,C00887,P023,Calm Cream 23,1,43.34,43.34,0.0,,43.34,0.0,43.34,none,0,,0.0,43.34,2025-03-18,other,,
T001445,EUR,C00801,P005,Bright Organizer 05,1,70.21,70.21,0.0,,70.21,0.0,70.21,none,0,,0.0,70.21,2025-03-18,website,,V001679
T001446,EUR,C00131,P015,Calm Cream 15,2,26.81,26.81,0.0,,53.62,0.0,53.62,none,0,,0.0,53.62,2025-03-18,other,,
T001447,EUR,C00002,P019,Urban Bottle 19,1,61.21,58.15,0.05,WELCOME5,61.21,3.06,58.15,none,0,,0.0,58.15,2025-03-18,website,,V007834
T001448,EUR,C00485,P023,Calm Cream 23,1,43.34,43.34,0.0,,43.34,0.0,43.34,none,0,,0.0,43.34,2025-03-18,website,,V004780
T001449,EUR,C00025,P016,Modern Serum 16,1,91.2,91.2,0.0,,91.2,0.0,91.2,none,0,,0.0,91.2,2025-03-18,other,,
T001450,EUR,C00038,P030,Active Mat 30,1,15.8,15.01,0.05,WELCOME5,15.8,0.79,15.01,none,0,,0.0,15.01,2025-03-18,other,,
T001451,EUR,C00565,P025,Daily Lamp 25,1,101.88,101.88,0.0,,101.88,0.0,101.88,none,0,,0.0,101.88,2025-03-18,other,,
T001452,EUR,C00560,P015,Calm Cream 15,1,26.81,26.81,0.0,,26.81,0.0,26.81,none,0,,0.0,26.81,2025-03-18,other,,
T001453,EUR,C00367,P025,Daily Lamp 25,1,101.88,91.69,0.1,LOYALTY10,101.88,10.19,91.69,none,0,,0.0,91.69,2025-03-18,other,,
T001454,EUR,C00192,P009,Daily Lamp 09,1,27.05,22.99,0.15,WEEKEND15,27.05,4.06,22.99,none,0,,0.0,22.99,2025-03-18,other,,
T001455,EUR,C00029,P008,Modern Serum 08,2,76.74,76.74,0.0,,153.48,0.0,153.48,none,0,,0.0,153.48,2025-03-18,other,,
T001456,EUR,C00751,P013,Bright Organizer 13,1,48.36,41.11,0.15,WEEKEND15,48.36,7.25,41.11,none,0,,0.0,41.11,2025-03-18,other,,
T001457,EUR,C00948,P007,Calm Cream 07,1,21.92,21.92,0.0,,21.92,0.0,21.92,none,0,,0.0,21.92,2025-03-18,other,,
T001458,EUR,C00651,P003,Urban Bottle 03,2,105.26,105.26,0.0,,210.52,0.0,210.52,none,0,,0.0,210.52,2025-03-18,other,,
T001459,EUR,C00375,P020,Essential Bag 20,1,23.79,23.79,0.0,,23.79,0.0,23.79,none,0,,0.0,23.79,2025-03-18,other,,
T001460,EUR,C00530,P010,Pure Band 10,2,31.57,31.57,0.0,,63.14,0.0,63.14,none,0,,0.0,63.14,2025-03-18,other,,
T001461,EUR,C00908,P008,Modern Serum 08,2,76.74,76.74,0.0,,153.48,0.0,153.48,none,0,,0.0,153.48,2025-03-19,other,,
T001462,EUR,C00667,P027,Urban Bottle 27,3,102.64,102.64,0.0,,307.92,0.0,307.92,none,0,,0.0,307.92,2025-03-19,other,,
T001463,EUR,C00203,P012,Essential Bag 12,1,99.7,99.7,0.0,,99.7,0.0,99.7,none,0,,0.0,99.7,2025-03-19,other,,
T001464,EUR,C00385,P009,Daily Lamp 09,1,27.05,25.7,0.05,WELCOME5,27.05,1.35,25.7,none,0,,0.0,25.7,2025-03-19,other,,
T001465,EUR,C00692,P001,Daily Lamp 01,2,96.68,96.68,0.0,,193.36,0.0,193.36,none,0,,0.0,193.36,2025-03-19,website,,V007486
T001466,EUR,C00438,P024,Modern Serum 24,2,66.52,66.52,0.0,,133.04,0.0,133.04,none,0,,0.0,133.04,2025-03-19,other,,
T001467,EUR,C00818,P024,Modern Serum 24,1,66.52,66.52,0.0,,66.52,0.0,66.52,none,0,,0.0,66.52,2025-03-19,website,,V009788
T001468,EUR,C00798,P005,Bright Organizer 05,1,70.21,59.68,0.15,WEEKEND15,70.21,10.53,59.68,none,0,,0.0,59.68,2025-03-19,other,,
T001469,EUR,C00719,P025,Daily Lamp 25,1,101.88,101.88,0.0,,101.88,0.0,101.88,none,0,,0.0,101.88,2025-03-19,other,,
T001470,EUR,C00936,P022,Active Mat 22,1,31.79,28.61,0.1,LOYALTY10,31.79,3.18,28.61,none,0,,0.0,28.61,2025-03-19,other,,
T001471,EUR,C00474,P025,Daily Lamp 25,3,101.88,101.88,0.0,,305.64,0.0,305.64,none,0,,0.0,305.64,2025-03-19,other,,
T001472,EUR,C00407,P014,Active Mat 14,1,55.09,55.09,0.0,,55.09,0.0,55.09,none,0,,0.0,55.09,2025-03-19,other,,
T001473,EUR,C00687,P020,Essential Bag 20,3,23.79,23.79,0.0,,71.37,0.0,71.37,none,0,,0.0,71.37,2025-03-19,website,,V003924
T001474,EUR,C00554,P023,Calm Cream 23,1,43.34,43.34,0.0,,43.34,0.0,43.34,none,0,,0.0,43.34,2025-03-19,other,,
T001475,EUR,C00027,P024,Modern Serum 24,3,66.52,66.52,0.0,,199.56,0.0,199.56,none,0,,0.0,199.56,2025-03-19,other,,
T001476,EUR,C01000,P024,Modern Serum 24,3,66.52,56.54,0.15,WEEKEND15,199.56,29.94,169.62,none,0,,0.0,169.62,2025-03-19,other,,
T001477,EUR,C00047,P001,Daily Lamp 01,3,96.68,96.68,0.0,,290.04,0.0,290.04,none,0,,0.0,290.04,2025-03-19,other,,
T001478,EUR,C00497,P008,Modern Serum 08,1,76.74,76.74,0.0,,76.74,0.0,76.74,none,0,,0.0,76.74,2025-03-19,other,,
T001479,EUR,C00166,P022,Active Mat 22,2,31.79,31.79,0.0,,63.58,0.0,63.58,none,0,,0.0,63.58,2025-03-19,other,,
T001480,EUR,C00122,P008,Modern Serum 08,1,76.74,76.74,0.0,,76.74,0.0,76.74,none,0,,0.0,76.74,2025-03-19,other,,
T001481,EUR,C00509,P030,Active Mat 30,2,15.8,15.8,0.0,,31.6,0.0,31.6,none,0,,0.0,31.6,2025-03-19,other,,
T001482,EUR,C00925,P028,Essential Bag 28,1,98.03,98.03,0.0,,98.03,0.0,98.03,none,0,,0.0,98.03,2025-03-19,other,,
T001483,EUR,C00235,P030,Active Mat 30,1,15.8,14.22,0.1,LOYALTY10,15.8,1.58,14.22,none,0,,0.0,14.22,2025-03-20,other,,
T001484,EUR,C00569,P011,Urban Bottle 11,2,58.41,58.41,0.0,,116.82,0.0,116.82,none,0,,0.0,116.82,2025-03-20,other,,
T001485,EUR,C00747,P008,Modern Serum 08,3,76.74,76.74,0.0,,230.22,0.0,230.22,none,0,,0.0,230.22,2025-03-20,other,,
T001486,EUR,C00943,P021,Bright Organizer 21,3,91.23,82.11,0.1,LOYALTY10,273.69,27.36,246.33,none,0,,0.0,246.33,2025-03-20,website,,V006572
T001487,EUR,C00971,P012,Essential Bag 12,2,99.7,94.72,0.05,WELCOME5,199.4,9.96,189.44,none,0,,0.0,189.44,2025-03-20,other,,
T001488,EUR,C00735,P005,Bright Organizer 05,1,70.21,63.19,0.1,LOYALTY10,70.21,7.02,63.19,full,1,2025-03-31,63.19,0.0,2025-03-20,website,,V002963
T001489,EUR,C00466,P015,Calm Cream 15,1,26.81,26.81,0.0,,26.81,0.0,26.81,none,0,,0.0,26.81,2025-03-20,other,,
T001490,EUR,C00559,P019,Urban Bottle 19,1,61.21,61.21,0.0,,61.21,0.0,61.21,none,0,,0.0,61.21,2025-03-20,other,,
T001491,EUR,C00028,P009,Daily Lamp 09,1,27.05,27.05,0.0,,27.05,0.0,27.05,none,0,,0.0,27.05,2025-03-20,other,,
T001492,EUR,C00949,P008,Modern Serum 08,1,76.74,65.23,0.15,WEEKEND15,76.74,11.51,65.23,full,1,2025-04-04,65.23,0.0,2025-03-20,other,,
T001493,EUR,C00808,P028,Essential Bag 28,1,98.03,98.03,0.0,,98.03,0.0,98.03,none,0,,0.0,98.03,2025-03-20,other,,
T001494,EUR,C00830,P002,Pure Band 02,1,19.22,19.22,0.0,,19.22,0.0,19.22,none,0,,0.0,19.22,2025-03-20,other,,
T001495,EUR,C00355,P009,Daily Lamp 09,1,27.05,27.05,0.0,,27.05,0.0,27.05,none,0,,0.0,27.05,2025-03-20,other,,
T001496,EUR,C00315,P024,Modern Serum 24,1,66.52,66.52,0.0,,66.52,0.0,66.52,none,0,,0.0,66.52,2025-03-20,other,,
T001497,EUR,C00149,P019,Urban Bottle 19,1,61.21,61.21,0.0,,61.21,0.0,61.21,none,0,,0.0,61.21,2025-03-20,other,,
T001498,EUR,C00662,P021,Bright Organizer 21,1,91.23,91.23,0.0,,91.23,0.0,91.23,none,0,,0.0,91.23,2025-03-20,other,,
T001499,EUR,C00180,P010,Pure Band 10,1,31.57,31.57,0.0,,31.57,0.0,31.57,none,0,,0.0,31.57,2025-03-20,other,,
T001500,EUR,C00437,P008,Modern Serum 08,1,76.74,76.74,0.0,,76.74,0.0,76.74,none,0,,0.0,76.74,2025-03-20,other,,
T001501,EUR,C00776,P026,Pure Band 26,1,23.03,23.03,0.0,,23.03,0.0,23.03,none,0,,0.0,23.03,2025-03-20,other,,
T001502,EUR,C00735,P023,Calm Cream 23,2,43.34,43.34,0.0,,86.68,0.0,86.68,partial,1,2025-03-26,43.34,43.34,2025-03-20,other,,
T001503,EUR,C00858,P018,Pure Band 18,1,68.13,68.13,0.0,,68.13,0.0,68.13,none,0,,0.0,68.13,2025-03-20,other,,
T001504,EUR,C00130,P019,Urban Bottle 19,1,61.21,61.21,0.0,,61.21,0.0,61.21,none,0,,0.0,61.21,2025-03-21,other,,
T001505,EUR,C00369,P023,Calm Cream 23,1,43.34,43.34,0.0,,43.34,0.0,43.34,none,0,,0.0,43.34,2025-03-21,website,,V000411
T001506,EUR,C00680,P003,Urban Bottle 03,2,105.26,105.26,0.0,,210.52,0.0,210.52,none,0,,0.0,210.52,2025-03-21,other,,
T001507,EUR,C00265,P011,Urban Bottle 11,1,58.41,49.65,0.15,WEEKEND15,58.41,8.76,49.65,none,0,,0.0,49.65,2025-03-21,website,,V000290
T001508,EUR,C00516,P004,Essential Bag 04,1,83.73,83.73,0.0,,83.73,0.0,83.73,none,0,,0.0,83.73,2025-03-21,other,,
T001509,EUR,C00250,P011,Urban Bottle 11,1,58.41,49.65,0.15,WEEKEND15,58.41,8.76,49.65,none,0,,0.0,49.65,2025-03-21,other,,
T001510,EUR,C00983,P001,Daily Lamp 01,2,96.68,87.01,0.1,LOYALTY10,193.36,19.34,174.02,none,0,,0.0,174.02,2025-03-21,other,,
T001511,EUR,C00521,P019,Urban Bottle 19,1,61.21,61.21,0.0,,61.21,0.0,61.21,none,0,,0.0,61.21,2025-03-21,other,,
T001512,EUR,C00840,P014,Active Mat 14,1,55.09,55.09,0.0,,55.09,0.0,55.09,none,0,,0.0,55.09,2025-03-21,other,,
T001513,EUR,C00083,P025,Daily Lamp 25,1,101.88,91.69,0.1,SPRING10,101.88,10.19,91.69,none,0,,0.0,91.69,2025-03-21,marketing_campaign,SEND005716,V010756
T001514,EUR,C00674,P021,Bright Organizer 21,2,91.23,82.11,0.1,LOYALTY10,182.46,18.24,164.22,none,0,,0.0,164.22,2025-03-21,other,,
T001515,EUR,C00539,P015,Calm Cream 15,1,26.81,22.79,0.15,WEEKEND15,26.81,4.02,22.79,none,0,,0.0,22.79,2025-03-21,other,,
T001516,EUR,C00603,P020,Essential Bag 20,2,23.79,23.79,0.0,,47.58,0.0,47.58,none,0,,0.0,47.58,2025-03-21,other,,
T001517,EUR,C00954,P021,Bright Organizer 21,2,91.23,91.23,0.0,,182.46,0.0,182.46,none,0,,0.0,182.46,2025-03-21,other,,
T001518,EUR,C00181,P011,Urban Bottle 11,1,58.41,58.41,0.0,,58.41,0.0,58.41,none,0,,0.0,58.41,2025-03-21,website,,V003139
T001519,EUR,C00711,P023,Calm Cream 23,1,43.34,36.84,0.15,WEEKEND15,43.34,6.5,36.84,none,0,,0.0,36.84,2025-03-21,other,,
T001520,EUR,C00562,P012,Essential Bag 12,1,99.7,99.7,0.0,,99.7,0.0,99.7,none,0,,0.0,99.7,2025-03-21,other,,
T001521,EUR,C00055,P028,Essential Bag 28,1,98.03,98.03,0.0,,98.03,0.0,98.03,none,0,,0.0,98.03,2025-03-21,website,,V005999
T001522,EUR,C00643,P004,Essential Bag 04,2,83.73,83.73,0.0,,167.46,0.0,167.46,none,0,,0.0,167.46,2025-03-21,other,,
T001523,EUR,C00038,P005,Bright Organizer 05,1,70.21,59.68,0.15,WEEKEND15,70.21,10.53,59.68,none,0,,0.0,59.68,2025-03-21,other,,
T001524,EUR,C00712,P008,Modern Serum 08,1,76.74,76.74,0.0,,76.74,0.0,76.74,none,0,,0.0,76.74,2025-03-21,other,,
T001525,EUR,C00217,P003,Urban Bottle 03,3,105.26,94.73,0.1,LOYALTY10,315.78,31.59,284.19,none,0,,0.0,284.19,2025-03-22,other,,
T001526,EUR,C00641,P005,Bright Organizer 05,2,70.21,70.21,0.0,,140.42,0.0,140.42,none,0,,0.0,140.42,2025-03-22,website,,V002109
T001527,EUR,C00057,P025,Daily Lamp 25,1,101.88,101.88,0.0,,101.88,0.0,101.88,none,0,,0.0,101.88,2025-03-22,other,,
T001528,EUR,C00655,P011,Urban Bottle 11,1,58.41,49.65,0.15,WEEKEND15,58.41,8.76,49.65,none,0,,0.0,49.65,2025-03-22,other,,
T001529,EUR,C00965,P006,Active Mat 06,1,104.36,88.71,0.15,WEEKEND15,104.36,15.65,88.71,none,0,,0.0,88.71,2025-03-22,other,,
T001530,EUR,C00279,P007,Calm Cream 07,1,21.92,21.92,0.0,,21.92,0.0,21.92,none,0,,0.0,21.92,2025-03-22,other,,
T001531,EUR,C00992,P011,Urban Bottle 11,1,58.41,58.41,0.0,,58.41,0.0,58.41,none,0,,0.0,58.41,2025-03-22,other,,
T001532,EUR,C00173,P008,Modern Serum 08,1,76.74,65.23,0.15,WEEKEND15,76.74,11.51,65.23,none,0,,0.0,65.23,2025-03-22,other,,
T001533,EUR,C00150,P022,Active Mat 22,1,31.79,27.02,0.15,WEEKEND15,31.79,4.77,27.02,none,0,,0.0,27.02,2025-03-22,other,,
T001534,EUR,C00153,P012,Essential Bag 12,1,99.7,84.75,0.15,WEEKEND15,99.7,14.95,84.75,none,0,,0.0,84.75,2025-03-22,other,,
T001535,EUR,C00089,P020,Essential Bag 20,2,23.79,23.79,0.0,,47.58,0.0,47.58,none,0,,0.0,47.58,2025-03-22,other,,
T001536,EUR,C00859,P006,Active Mat 06,1,104.36,104.36,0.0,,104.36,0.0,104.36,none,0,,0.0,104.36,2025-03-22,other,,
T001537,EUR,C00379,P012,Essential Bag 12,1,99.7,99.7,0.0,,99.7,0.0,99.7,none,0,,0.0,99.7,2025-03-22,other,,
T001538,EUR,C00106,P006,Active Mat 06,2,104.36,104.36,0.0,,208.72,0.0,208.72,none,0,,0.0,208.72,2025-03-22,other,,
T001539,EUR,C00630,P007,Calm Cream 07,1,21.92,21.92,0.0,,21.92,0.0,21.92,full,1,2025-04-19,21.92,0.0,2025-03-22,other,,
T001540,EUR,C00102,P003,Urban Bottle 03,1,105.26,105.26,0.0,,105.26,0.0,105.26,none,0,,0.0,105.26,2025-03-22,other,,
T001541,EUR,C00809,P009,Daily Lamp 09,1,27.05,27.05,0.0,,27.05,0.0,27.05,none,0,,0.0,27.05,2025-03-22,other,,
T001542,EUR,C00388,P019,Urban Bottle 19,1,61.21,61.21,0.0,,61.21,0.0,61.21,none,0,,0.0,61.21,2025-03-23,other,,
T001543,EUR,C00998,P008,Modern Serum 08,1,76.74,76.74,0.0,,76.74,0.0,76.74,none,0,,0.0,76.74,2025-03-23,other,,
T001544,EUR,C00972,P025,Daily Lamp 25,1,101.88,101.88,0.0,,101.88,0.0,101.88,none,0,,0.0,101.88,2025-03-23,other,,
T001545,EUR,C00486,P002,Pure Band 02,1,19.22,19.22,0.0,,19.22,0.0,19.22,none,0,,0.0,19.22,2025-03-23,other,,
T001546,EUR,C00396,P003,Urban Bottle 03,1,105.26,94.73,0.1,LOYALTY10,105.26,10.53,94.73,none,0,,0.0,94.73,2025-03-23,other,,
T001547,EUR,C00111,P004,Essential Bag 04,1,83.73,83.73,0.0,,83.73,0.0,83.73,none,0,,0.0,83.73,2025-03-23,other,,
T001548,EUR,C00124,P005,Bright Organizer 05,3,70.21,70.21,0.0,,210.63,0.0,210.63,none,0,,0.0,210.63,2025-03-23,other,,
T001549,EUR,C00022,P013,Bright Organizer 13,1,48.36,48.36,0.0,,48.36,0.0,48.36,none,0,,0.0,48.36,2025-03-23,other,,
T001550,EUR,C00577,P025,Daily Lamp 25,2,101.88,101.88,0.0,,203.76,0.0,203.76,full,2,2025-04-02,203.76,0.0,2025-03-23,other,,
T001551,EUR,C00238,P001,Daily Lamp 01,3,96.68,91.85,0.05,WELCOME5,290.04,14.49,275.55,full,3,2025-04-13,275.55,0.0,2025-03-23,other,,
T001552,EUR,C00837,P028,Essential Bag 28,1,98.03,98.03,0.0,,98.03,0.0,98.03,none,0,,0.0,98.03,2025-03-23,other,,
T001553,EUR,C00597,P019,Urban Bottle 19,2,61.21,61.21,0.0,,122.42,0.0,122.42,none,0,,0.0,122.42,2025-03-23,other,,
T001554,EUR,C00151,P021,Bright Organizer 21,2,91.23,86.67,0.05,WELCOME5,182.46,9.12,173.34,none,0,,0.0,173.34,2025-03-23,other,,
T001555,EUR,C00654,P011,Urban Bottle 11,1,58.41,58.41,0.0,,58.41,0.0,58.41,none,0,,0.0,58.41,2025-03-23,website,,V003115
T001556,EUR,C00848,P010,Pure Band 10,1,31.57,31.57,0.0,,31.57,0.0,31.57,none,0,,0.0,31.57,2025-03-23,other,,
T001557,EUR,C00347,P010,Pure Band 10,1,31.57,31.57,0.0,,31.57,0.0,31.57,none,0,,0.0,31.57,2025-03-23,other,,
T001558,EUR,C00539,P026,Pure Band 26,1,23.03,23.03,0.0,,23.03,0.0,23.03,none,0,,0.0,23.03,2025-03-23,other,,
T001559,EUR,C00296,P021,Bright Organizer 21,1,91.23,91.23,0.0,,91.23,0.0,91.23,none,0,,0.0,91.23,2025-03-23,other,,
T001560,EUR,C00502,P005,Bright Organizer 05,2,70.21,70.21,0.0,,140.42,0.0,140.42,none,0,,0.0,140.42,2025-03-23,other,,
T001561,EUR,C00917,P026,Pure Band 26,1,23.03,23.03,0.0,,23.03,0.0,23.03,none,0,,0.0,23.03,2025-03-23,other,,
T001562,EUR,C00367,P001,Daily Lamp 01,2,96.68,96.68,0.0,,193.36,0.0,193.36,none,0,,0.0,193.36,2025-03-23,other,,
T001563,EUR,C00230,P028,Essential Bag 28,2,98.03,98.03,0.0,,196.06,0.0,196.06,full,2,2025-03-24,196.06,0.0,2025-03-23,other,,
T001564,EUR,C00761,P012,Essential Bag 12,1,99.7,99.7,0.0,,99.7,0.0,99.7,none,0,,0.0,99.7,2025-03-23,other,,
T001565,EUR,C00204,P023,Calm Cream 23,3,43.34,36.84,0.15,WEEKEND15,130.02,19.5,110.52,none,0,,0.0,110.52,2025-03-23,other,,
T001566,EUR,C00306,P006,Active Mat 06,1,104.36,104.36,0.0,,104.36,0.0,104.36,none,0,,0.0,104.36,2025-03-24,other,,
T001567,EUR,C00916,P010,Pure Band 10,1,31.57,31.57,0.0,,31.57,0.0,31.57,none,0,,0.0,31.57,2025-03-24,other,,
T001568,EUR,C00533,P023,Calm Cream 23,2,43.34,43.34,0.0,,86.68,0.0,86.68,none,0,,0.0,86.68,2025-03-24,other,,
T001569,EUR,C00729,P005,Bright Organizer 05,2,70.21,70.21,0.0,,140.42,0.0,140.42,none,0,,0.0,140.42,2025-03-24,other,,
T001570,EUR,C00343,P030,Active Mat 30,1,15.8,15.8,0.0,,15.8,0.0,15.8,none,0,,0.0,15.8,2025-03-24,website,,V008989
T001571,EUR,C00938,P009,Daily Lamp 09,1,27.05,27.05,0.0,,27.05,0.0,27.05,none,0,,0.0,27.05,2025-03-24,other,,
T001572,EUR,C00067,P008,Modern Serum 08,1,76.74,69.07,0.1,LOYALTY10,76.74,7.67,69.07,none,0,,0.0,69.07,2025-03-24,other,,
T001573,EUR,C00933,P007,Calm Cream 07,1,21.92,21.92,0.0,,21.92,0.0,21.92,none,0,,0.0,21.92,2025-03-24,other,,
T001574,EUR,C00071,P026,Pure Band 26,1,23.03,23.03,0.0,,23.03,0.0,23.03,none,0,,0.0,23.03,2025-03-24,other,,
T001575,EUR,C00211,P009,Daily Lamp 09,1,27.05,25.7,0.05,WELCOME5,27.05,1.35,25.7,none,0,,0.0,25.7,2025-03-24,other,,
T001576,EUR,C00232,P024,Modern Serum 24,2,66.52,66.52,0.0,,133.04,0.0,133.04,none,0,,0.0,133.04,2025-03-24,other,,
T001577,EUR,C00013,P029,Bright Organizer 29,2,15.67,14.89,0.05,WELCOME5,31.34,1.56,29.78,none,0,,0.0,29.78,2025-03-24,other,,
T001578,EUR,C00920,P011,Urban Bottle 11,1,58.41,49.65,0.15,WEEKEND15,58.41,8.76,49.65,none,0,,0.0,49.65,2025-03-24,other,,
T001579,EUR,C00378,P009,Daily Lamp 09,1,27.05,27.05,0.0,,27.05,0.0,27.05,none,0,,0.0,27.05,2025-03-24,website,,V003574
T001580,EUR,C00751,P016,Modern Serum 16,1,91.2,77.52,0.15,WEEKEND15,91.2,13.68,77.52,none,0,,0.0,77.52,2025-03-24,other,,
T001581,EUR,C00103,P022,Active Mat 22,3,31.79,28.61,0.1,LOYALTY10,95.37,9.54,85.83,none,0,,0.0,85.83,2025-03-24,other,,
T001582,EUR,C00948,P017,Daily Lamp 17,2,94.4,94.4,0.0,,188.8,0.0,188.8,none,0,,0.0,188.8,2025-03-24,other,,
T001583,EUR,C00215,P008,Modern Serum 08,1,76.74,76.74,0.0,,76.74,0.0,76.74,none,0,,0.0,76.74,2025-03-24,other,,
T001584,EUR,C00469,P026,Pure Band 26,1,23.03,23.03,0.0,,23.03,0.0,23.03,none,0,,0.0,23.03,2025-03-24,other,,
T001585,EUR,C00655,P003,Urban Bottle 03,1,105.26,94.73,0.1,LOYALTY10,105.26,10.53,94.73,none,0,,0.0,94.73,2025-03-24,other,,
T001586,EUR,C00015,P014,Active Mat 14,1,55.09,55.09,0.0,,55.09,0.0,55.09,none,0,,0.0,55.09,2025-03-24,other,,
T001587,EUR,C00234,P009,Daily Lamp 09,1,27.05,27.05,0.0,,27.05,0.0,27.05,none,0,,0.0,27.05,2025-03-24,website,,V005844
T001588,EUR,C00963,P004,Essential Bag 04,1,83.73,83.73,0.0,,83.73,0.0,83.73,none,0,,0.0,83.73,2025-03-25,other,,
T001589,EUR,C00601,P014,Active Mat 14,1,55.09,52.34,0.05,WELCOME5,55.09,2.75,52.34,none,0,,0.0,52.34,2025-03-25,other,,
T001590,EUR,C00687,P002,Pure Band 02,1,19.22,19.22,0.0,,19.22,0.0,19.22,none,0,,0.0,19.22,2025-03-25,website,,V001941
T001591,EUR,C00726,P004,Essential Bag 04,2,83.73,83.73,0.0,,167.46,0.0,167.46,none,0,,0.0,167.46,2025-03-25,other,,
T001592,EUR,C00001,P003,Urban Bottle 03,1,105.26,105.26,0.0,,105.26,0.0,105.26,none,0,,0.0,105.26,2025-03-25,other,,
T001593,EUR,C00022,P014,Active Mat 14,1,55.09,55.09,0.0,,55.09,0.0,55.09,none,0,,0.0,55.09,2025-03-25,other,,
T001594,EUR,C00277,P026,Pure Band 26,2,23.03,20.73,0.1,SPRING10,46.06,4.6,41.46,none,0,,0.0,41.46,2025-03-25,marketing_campaign,SEND000513,V010065
T001595,EUR,C00383,P015,Calm Cream 15,1,26.81,26.81,0.0,,26.81,0.0,26.81,none,0,,0.0,26.81,2025-03-25,other,,
T001596,EUR,C00601,P005,Bright Organizer 05,2,70.21,70.21,0.0,,140.42,0.0,140.42,full,2,2025-04-14,140.42,0.0,2025-03-25,website,,V009629
T001597,EUR,C00302,P008,Modern Serum 08,2,76.74,76.74,0.0,,153.48,0.0,153.48,none,0,,0.0,153.48,2025-03-25,other,,
T001598,EUR,C00148,P030,Active Mat 30,1,15.8,15.8,0.0,,15.8,0.0,15.8,full,1,2025-04-17,15.8,0.0,2025-03-25,other,,
T001599,EUR,C00150,P030,Active Mat 30,1,15.8,15.8,0.0,,15.8,0.0,15.8,none,0,,0.0,15.8,2025-03-25,other,,
T001600,EUR,C00555,P008,Modern Serum 08,2,76.74,72.9,0.05,WELCOME5,153.48,7.68,145.8,none,0,,0.0,145.8,2025-03-25,other,,
T001601,EUR,C00592,P013,Bright Organizer 13,2,48.36,48.36,0.0,,96.72,0.0,96.72,full,2,2025-04-20,96.72,0.0,2025-03-25,other,,
T001602,EUR,C00841,P020,Essential Bag 20,1,23.79,23.79,0.0,,23.79,0.0,23.79,none,0,,0.0,23.79,2025-03-25,other,,
T001603,EUR,C00525,P018,Pure Band 18,1,68.13,61.32,0.1,LOYALTY10,68.13,6.81,61.32,none,0,,0.0,61.32,2025-03-25,other,,
T001604,EUR,C00518,P027,Urban Bottle 27,2,102.64,102.64,0.0,,205.28,0.0,205.28,none,0,,0.0,205.28,2025-03-25,website,,V008595
T001605,EUR,C00137,P008,Modern Serum 08,1,76.74,76.74,0.0,,76.74,0.0,76.74,none,0,,0.0,76.74,2025-03-25,other,,
T001606,EUR,C00667,P012,Essential Bag 12,1,99.7,94.72,0.05,WELCOME5,99.7,4.98,94.72,none,0,,0.0,94.72,2025-03-26,website,,V003856
T001607,EUR,C00751,P012,Essential Bag 12,3,99.7,99.7,0.0,,299.1,0.0,299.1,none,0,,0.0,299.1,2025-03-26,other,,
T001608,EUR,C00931,P015,Calm Cream 15,1,26.81,25.47,0.05,WELCOME5,26.81,1.34,25.47,none,0,,0.0,25.47,2025-03-26,other,,
T001609,EUR,C00450,P006,Active Mat 06,1,104.36,104.36,0.0,,104.36,0.0,104.36,none,0,,0.0,104.36,2025-03-26,other,,
T001610,EUR,C00061,P018,Pure Band 18,1,68.13,68.13,0.0,,68.13,0.0,68.13,none,0,,0.0,68.13,2025-03-26,other,,
T001611,EUR,C00537,P028,Essential Bag 28,1,98.03,98.03,0.0,,98.03,0.0,98.03,none,0,,0.0,98.03,2025-03-26,other,,
T001612,EUR,C00338,P008,Modern Serum 08,1,76.74,76.74,0.0,,76.74,0.0,76.74,none,0,,0.0,76.74,2025-03-26,other,,
T001613,EUR,C00644,P028,Essential Bag 28,2,98.03,98.03,0.0,,196.06,0.0,196.06,none,0,,0.0,196.06,2025-03-26,other,,
T001614,EUR,C00145,P017,Daily Lamp 17,1,94.4,94.4,0.0,,94.4,0.0,94.4,none,0,,0.0,94.4,2025-03-26,other,,
T001615,EUR,C00413,P018,Pure Band 18,2,68.13,68.13,0.0,,136.26,0.0,136.26,none,0,,0.0,136.26,2025-03-26,other,,
T001616,EUR,C00703,P009,Daily Lamp 09,1,27.05,27.05,0.0,,27.05,0.0,27.05,none,0,,0.0,27.05,2025-03-26,other,,
T001617,EUR,C00791,P026,Pure Band 26,1,23.03,23.03,0.0,,23.03,0.0,23.03,none,0,,0.0,23.03,2025-03-26,other,,
T001618,EUR,C00959,P010,Pure Band 10,1,31.57,29.99,0.05,WELCOME5,31.57,1.58,29.99,none,0,,0.0,29.99,2025-03-26,other,,
T001619,EUR,C00465,P008,Modern Serum 08,1,76.74,76.74,0.0,,76.74,0.0,76.74,none,0,,0.0,76.74,2025-03-26,website,,V008467
T001620,EUR,C00912,P026,Pure Band 26,2,23.03,19.58,0.15,WEEKEND15,46.06,6.9,39.16,none,0,,0.0,39.16,2025-03-26,other,,
T001621,EUR,C00724,P011,Urban Bottle 11,1,58.41,52.57,0.1,LOYALTY10,58.41,5.84,52.57,none,0,,0.0,52.57,2025-03-26,other,,
T001622,EUR,C00794,P015,Calm Cream 15,2,26.81,26.81,0.0,,53.62,0.0,53.62,none,0,,0.0,53.62,2025-03-27,other,,
T001623,EUR,C00962,P009,Daily Lamp 09,1,27.05,24.35,0.1,SPRING10,27.05,2.7,24.35,none,0,,0.0,24.35,2025-03-27,marketing_campaign,SEND004196,V010545
T001624,EUR,C00738,P027,Urban Bottle 27,1,102.64,102.64,0.0,,102.64,0.0,102.64,none,0,,0.0,102.64,2025-03-27,other,,
T001625,EUR,C00745,P029,Bright Organizer 29,2,15.67,15.67,0.0,,31.34,0.0,31.34,none,0,,0.0,31.34,2025-03-27,website,,V008504
T001626,EUR,C00295,P020,Essential Bag 20,2,23.79,22.6,0.05,WELCOME5,47.58,2.38,45.2,none,0,,0.0,45.2,2025-03-27,other,,
T001627,EUR,C00584,P006,Active Mat 06,1,104.36,104.36,0.0,,104.36,0.0,104.36,none,0,,0.0,104.36,2025-03-27,other,,
T001628,EUR,C00476,P004,Essential Bag 04,2,83.73,83.73,0.0,,167.46,0.0,167.46,none,0,,0.0,167.46,2025-03-27,other,,
T001629,EUR,C00100,P006,Active Mat 06,1,104.36,104.36,0.0,,104.36,0.0,104.36,none,0,,0.0,104.36,2025-03-27,website,,V004755
T001630,EUR,C00142,P009,Daily Lamp 09,2,27.05,27.05,0.0,,54.1,0.0,54.1,none,0,,0.0,54.1,2025-03-27,other,,
T001631,EUR,C00612,P005,Bright Organizer 05,3,70.21,70.21,0.0,,210.63,0.0,210.63,none,0,,0.0,210.63,2025-03-27,other,,
T001632,EUR,C00082,P026,Pure Band 26,1,23.03,23.03,0.0,,23.03,0.0,23.03,none,0,,0.0,23.03,2025-03-27,other,,
T001633,EUR,C00803,P026,Pure Band 26,4,23.03,23.03,0.0,,92.12,0.0,92.12,none,0,,0.0,92.12,2025-03-27,website,,V008714
T001634,EUR,C00640,P019,Urban Bottle 19,1,61.21,61.21,0.0,,61.21,0.0,61.21,none,0,,0.0,61.21,2025-03-27,other,,
T001635,EUR,C00634,P006,Active Mat 06,2,104.36,104.36,0.0,,208.72,0.0,208.72,none,0,,0.0,208.72,2025-03-27,website,,V000884
T001636,EUR,C00492,P020,Essential Bag 20,2,23.79,23.79,0.0,,47.58,0.0,47.58,none,0,,0.0,47.58,2025-03-27,other,,
T001637,EUR,C00011,P001,Daily Lamp 01,2,96.68,96.68,0.0,,193.36,0.0,193.36,none,0,,0.0,193.36,2025-03-27,other,,
T001638,EUR,C00534,P013,Bright Organizer 13,1,48.36,45.94,0.05,WELCOME5,48.36,2.42,45.94,none,0,,0.0,45.94,2025-03-27,other,,
T001639,EUR,C00644,P005,Bright Organizer 05,1,70.21,70.21,0.0,,70.21,0.0,70.21,none,0,,0.0,70.21,2025-03-27,other,,
T001640,EUR,C00273,P007,Calm Cream 07,1,21.92,21.92,0.0,,21.92,0.0,21.92,none,0,,0.0,21.92,2025-03-27,other,,
T001641,EUR,C00331,P019,Urban Bottle 19,1,61.21,61.21,0.0,,61.21,0.0,61.21,none,0,,0.0,61.21,2025-03-27,other,,
T001642,EUR,C00679,P024,Modern Serum 24,1,66.52,66.52,0.0,,66.52,0.0,66.52,none,0,,0.0,66.52,2025-03-27,other,,
T001643,EUR,C00780,P026,Pure Band 26,2,23.03,23.03,0.0,,46.06,0.0,46.06,none,0,,0.0,46.06,2025-03-27,other,,
T001644,EUR,C00411,P009,Daily Lamp 09,1,27.05,27.05,0.0,,27.05,0.0,27.05,none,0,,0.0,27.05,2025-03-27,other,,
T001645,EUR,C00215,P003,Urban Bottle 03,1,105.26,105.26,0.0,,105.26,0.0,105.26,none,0,,0.0,105.26,2025-03-27,other,,
T001646,EUR,C00075,P001,Daily Lamp 01,1,96.68,82.18,0.15,WEEKEND15,96.68,14.5,82.18,none,0,,0.0,82.18,2025-03-27,other,,
T001647,EUR,C00007,P025,Daily Lamp 25,1,101.88,101.88,0.0,,101.88,0.0,101.88,none,0,,0.0,101.88,2025-03-27,other,,
T001648,EUR,C00350,P005,Bright Organizer 05,1,70.21,70.21,0.0,,70.21,0.0,70.21,none,0,,0.0,70.21,2025-03-27,website,,V002252
T001649,EUR,C00080,P023,Calm Cream 23,2,43.34,43.34,0.0,,86.68,0.0,86.68,none,0,,0.0,86.68,2025-03-28,other,,
T001650,EUR,C00505,P021,Bright Organizer 21,1,91.23,82.11,0.1,SPRING10,91.23,9.12,82.11,none,0,,0.0,82.11,2025-03-28,marketing_campaign,SEND006075,V010796
T001651,EUR,C00886,P022,Active Mat 22,1,31.79,31.79,0.0,,31.79,0.0,31.79,none,0,,0.0,31.79,2025-03-28,other,,
T001652,EUR,C00126,P029,Bright Organizer 29,1,15.67,15.67,0.0,,15.67,0.0,15.67,full,1,2025-04-07,15.67,0.0,2025-03-28,other,,
T001653,EUR,C00374,P018,Pure Band 18,1,68.13,68.13,0.0,,68.13,0.0,68.13,none,0,,0.0,68.13,2025-03-28,other,,
T001654,EUR,C00067,P028,Essential Bag 28,1,98.03,98.03,0.0,,98.03,0.0,98.03,none,0,,0.0,98.03,2025-03-28,other,,
T001655,EUR,C00768,P009,Daily Lamp 09,1,27.05,27.05,0.0,,27.05,0.0,27.05,none,0,,0.0,27.05,2025-03-28,other,,
T001656,EUR,C00776,P019,Urban Bottle 19,1,61.21,61.21,0.0,,61.21,0.0,61.21,none,0,,0.0,61.21,2025-03-28,other,,
T001657,EUR,C00484,P024,Modern Serum 24,1,66.52,59.87,0.1,LOYALTY10,66.52,6.65,59.87,none,0,,0.0,59.87,2025-03-28,website,,V005634
T001658,EUR,C00294,P002,Pure Band 02,1,19.22,19.22,0.0,,19.22,0.0,19.22,none,0,,0.0,19.22,2025-03-28,other,,
T001659,EUR,C00032,P005,Bright Organizer 05,1,70.21,59.68,0.15,WEEKEND15,70.21,10.53,59.68,none,0,,0.0,59.68,2025-03-28,other,,
T001660,EUR,C00306,P001,Daily Lamp 01,2,96.68,96.68,0.0,,193.36,0.0,193.36,none,0,,0.0,193.36,2025-03-28,website,,V000489
T001661,EUR,C00238,P008,Modern Serum 08,1,76.74,65.23,0.15,WEEKEND15,76.74,11.51,65.23,none,0,,0.0,65.23,2025-03-28,website,,V008566
T001662,EUR,C00378,P025,Daily Lamp 25,1,101.88,101.88,0.0,,101.88,0.0,101.88,none,0,,0.0,101.88,2025-03-28,other,,
T001663,EUR,C00113,P004,Essential Bag 04,1,83.73,83.73,0.0,,83.73,0.0,83.73,none,0,,0.0,83.73,2025-03-28,other,,
T001664,EUR,C00873,P012,Essential Bag 12,1,99.7,84.75,0.15,WEEKEND15,99.7,14.95,84.75,none,0,,0.0,84.75,2025-03-29,other,,
T001665,EUR,C00616,P004,Essential Bag 04,1,83.73,83.73,0.0,,83.73,0.0,83.73,none,0,,0.0,83.73,2025-03-29,other,,
T001666,EUR,C00820,P026,Pure Band 26,2,23.03,23.03,0.0,,46.06,0.0,46.06,none,0,,0.0,46.06,2025-03-29,other,,
T001667,EUR,C00690,P016,Modern Serum 16,2,91.2,91.2,0.0,,182.4,0.0,182.4,none,0,,0.0,182.4,2025-03-29,other,,
T001668,EUR,C00471,P028,Essential Bag 28,1,98.03,98.03,0.0,,98.03,0.0,98.03,none,0,,0.0,98.03,2025-03-29,website,,V003507
T001669,EUR,C00524,P020,Essential Bag 20,1,23.79,23.79,0.0,,23.79,0.0,23.79,none,0,,0.0,23.79,2025-03-29,other,,
T001670,EUR,C00861,P010,Pure Band 10,1,31.57,31.57,0.0,,31.57,0.0,31.57,none,0,,0.0,31.57,2025-03-29,other,,
T001671,EUR,C00023,P014,Active Mat 14,2,55.09,55.09,0.0,,110.18,0.0,110.18,none,0,,0.0,110.18,2025-03-29,other,,
T001672,EUR,C00150,P022,Active Mat 22,2,31.79,31.79,0.0,,63.58,0.0,63.58,none,0,,0.0,63.58,2025-03-29,other,,
T001673,EUR,C00225,P026,Pure Band 26,1,23.03,23.03,0.0,,23.03,0.0,23.03,full,1,2025-04-01,23.03,0.0,2025-03-29,other,,
T001674,EUR,C00997,P023,Calm Cream 23,1,43.34,43.34,0.0,,43.34,0.0,43.34,full,1,2025-04-28,43.34,0.0,2025-03-29,other,,
T001675,EUR,C00088,P009,Daily Lamp 09,2,27.05,27.05,0.0,,54.1,0.0,54.1,none,0,,0.0,54.1,2025-03-29,other,,
T001676,EUR,C00608,P006,Active Mat 06,1,104.36,104.36,0.0,,104.36,0.0,104.36,none,0,,0.0,104.36,2025-03-29,other,,
T001677,EUR,C00964,P012,Essential Bag 12,1,99.7,99.7,0.0,,99.7,0.0,99.7,none,0,,0.0,99.7,2025-03-29,other,,
T001678,EUR,C00319,P025,Daily Lamp 25,2,101.88,91.69,0.1,SPRING10,203.76,20.38,183.38,none,0,,0.0,183.38,2025-03-29,marketing_campaign,SEND003269,V010438
T001679,EUR,C00109,P017,Daily Lamp 17,1,94.4,89.68,0.05,WELCOME5,94.4,4.72,89.68,none,0,,0.0,89.68,2025-03-29,other,,
T001680,EUR,C00884,P003,Urban Bottle 03,1,105.26,105.26,0.0,,105.26,0.0,105.26,none,0,,0.0,105.26,2025-03-29,other,,
T001681,EUR,C00995,P030,Active Mat 30,1,15.8,15.8,0.0,,15.8,0.0,15.8,none,0,,0.0,15.8,2025-03-29,other,,
T001682,EUR,C00213,P013,Bright Organizer 13,1,48.36,48.36,0.0,,48.36,0.0,48.36,none,0,,0.0,48.36,2025-03-30,other,,
T001683,EUR,C00074,P004,Essential Bag 04,1,83.73,75.36,0.1,LOYALTY10,83.73,8.37,75.36,none,0,,0.0,75.36,2025-03-30,other,,
T001684,EUR,C00198,P027,Urban Bottle 27,1,102.64,102.64,0.0,,102.64,0.0,102.64,none,0,,0.0,102.64,2025-03-30,other,,
T001685,EUR,C00251,P015,Calm Cream 15,1,26.81,26.81,0.0,,26.81,0.0,26.81,none,0,,0.0,26.81,2025-03-30,website,,V009563
T001686,EUR,C00811,P017,Daily Lamp 17,2,94.4,94.4,0.0,,188.8,0.0,188.8,none,0,,0.0,188.8,2025-03-30,other,,
T001687,EUR,C00455,P009,Daily Lamp 09,2,27.05,22.99,0.15,WEEKEND15,54.1,8.12,45.98,none,0,,0.0,45.98,2025-03-30,other,,
T001688,EUR,C00550,P025,Daily Lamp 25,1,101.88,101.88,0.0,,101.88,0.0,101.88,none,0,,0.0,101.88,2025-03-30,website,,V004420
T001689,EUR,C00905,P010,Pure Band 10,1,31.57,28.41,0.1,LOYALTY10,31.57,3.16,28.41,none,0,,0.0,28.41,2025-03-30,website,,V006322
T001690,EUR,C00064,P001,Daily Lamp 01,3,96.68,96.68,0.0,,290.04,0.0,290.04,none,0,,0.0,290.04,2025-03-30,other,,
T001691,EUR,C00753,P003,Urban Bottle 03,1,105.26,105.26,0.0,,105.26,0.0,105.26,none,0,,0.0,105.26,2025-03-30,other,,
T001692,EUR,C00960,P005,Bright Organizer 05,1,70.21,70.21,0.0,,70.21,0.0,70.21,none,0,,0.0,70.21,2025-03-30,website,,V009220
T001693,EUR,C00796,P028,Essential Bag 28,1,98.03,98.03,0.0,,98.03,0.0,98.03,none,0,,0.0,98.03,2025-03-30,website,,V008962
T001694,EUR,C00933,P002,Pure Band 02,1,19.22,19.22,0.0,,19.22,0.0,19.22,none,0,,0.0,19.22,2025-03-30,other,,
T001695,EUR,C00940,P006,Active Mat 06,1,104.36,104.36,0.0,,104.36,0.0,104.36,none,0,,0.0,104.36,2025-03-30,other,,
T001696,EUR,C00033,P024,Modern Serum 24,1,66.52,66.52,0.0,,66.52,0.0,66.52,full,1,2025-04-09,66.52,0.0,2025-03-30,other,,
T001697,EUR,C00118,P002,Pure Band 02,2,19.22,19.22,0.0,,38.44,0.0,38.44,none,0,,0.0,38.44,2025-03-30,other,,
T001698,EUR,C00651,P016,Modern Serum 16,1,91.2,91.2,0.0,,91.2,0.0,91.2,none,0,,0.0,91.2,2025-03-30,other,,
T001699,EUR,C00203,P006,Active Mat 06,3,104.36,104.36,0.0,,313.08,0.0,313.08,none,0,,0.0,313.08,2025-03-30,other,,
T001700,EUR,C00530,P017,Daily Lamp 17,1,94.4,94.4,0.0,,94.4,0.0,94.4,full,1,2025-04-12,94.4,0.0,2025-03-30,other,,
T001701,EUR,C00592,P026,Pure Band 26,1,23.03,23.03,0.0,,23.03,0.0,23.03,none,0,,0.0,23.03,2025-03-30,other,,
T001702,EUR,C00179,P005,Bright Organizer 05,2,70.21,70.21,0.0,,140.42,0.0,140.42,none,0,,0.0,140.42,2025-03-30,other,,
T001703,EUR,C00822,P028,Essential Bag 28,1,98.03,98.03,0.0,,98.03,0.0,98.03,none,0,,0.0,98.03,2025-03-30,website,,V006519
T001704,EUR,C00656,P029,Bright Organizer 29,3,15.67,15.67,0.0,,47.01,0.0,47.01,none,0,,0.0,47.01,2025-03-31,other,,
T001705,EUR,C00937,P016,Modern Serum 16,1,91.2,82.08,0.1,LOYALTY10,91.2,9.12,82.08,none,0,,0.0,82.08,2025-03-31,other,,
T001706,EUR,C00832,P016,Modern Serum 16,1,91.2,91.2,0.0,,91.2,0.0,91.2,none,0,,0.0,91.2,2025-03-31,other,,
T001707,EUR,C00348,P008,Modern Serum 08,1,76.74,76.74,0.0,,76.74,0.0,76.74,none,0,,0.0,76.74,2025-03-31,other,,
T001708,EUR,C00895,P016,Modern Serum 16,2,91.2,91.2,0.0,,182.4,0.0,182.4,none,0,,0.0,182.4,2025-03-31,website,,V002978
T001709,EUR,C00264,P005,Bright Organizer 05,3,70.21,70.21,0.0,,210.63,0.0,210.63,partial,2,2025-04-04,140.42,70.21,2025-03-31,other,,
T001710,EUR,C00329,P025,Daily Lamp 25,1,101.88,91.69,0.1,LOYALTY10,101.88,10.19,91.69,none,0,,0.0,91.69,2025-03-31,other,,
T001711,EUR,C00701,P001,Daily Lamp 01,1,96.68,96.68,0.0,,96.68,0.0,96.68,none,0,,0.0,96.68,2025-03-31,other,,
T001712,EUR,C00967,P022,Active Mat 22,4,31.79,31.79,0.0,,127.16,0.0,127.16,none,0,,0.0,127.16,2025-03-31,other,,
T001713,EUR,C00411,P024,Modern Serum 24,1,66.52,66.52,0.0,,66.52,0.0,66.52,none,0,,0.0,66.52,2025-03-31,other,,
T001714,EUR,C00626,P013,Bright Organizer 13,2,48.36,48.36,0.0,,96.72,0.0,96.72,none,0,,0.0,96.72,2025-03-31,other,,
T001715,EUR,C00426,P025,Daily Lamp 25,1,101.88,101.88,0.0,,101.88,0.0,101.88,none,0,,0.0,101.88,2025-03-31,other,,
T001716,EUR,C00139,P027,Urban Bottle 27,1,102.64,102.64,0.0,,102.64,0.0,102.64,none,0,,0.0,102.64,2025-03-31,other,,
T001717,EUR,C00760,P028,Essential Bag 28,3,98.03,98.03,0.0,,294.09,0.0,294.09,none,0,,0.0,294.09,2025-03-31,other,,
T001718,EUR,C00647,P009,Daily Lamp 09,1,27.05,25.7,0.05,WELCOME5,27.05,1.35,25.7,none,0,,0.0,25.7,2025-04-01,website,,V008015
T001719,EUR,C00520,P022,Active Mat 22,1,31.79,28.61,0.1,LOYALTY10,31.79,3.18,28.61,none,0,,0.0,28.61,2025-04-01,other,,
T001720,EUR,C00864,P006,Active Mat 06,2,104.36,104.36,0.0,,208.72,0.0,208.72,none,0,,0.0,208.72,2025-04-01,other,,
T001721,EUR,C00049,P006,Active Mat 06,1,104.36,104.36,0.0,,104.36,0.0,104.36,none,0,,0.0,104.36,2025-04-01,other,,
T001722,EUR,C00927,P017,Daily Lamp 17,2,94.4,80.24,0.15,WEEKEND15,188.8,28.32,160.48,none,0,,0.0,160.48,2025-04-01,other,,
T001723,EUR,C00393,P011,Urban Bottle 11,3,58.41,58.41,0.0,,175.23,0.0,175.23,none,0,,0.0,175.23,2025-04-01,other,,
T001724,EUR,C00086,P008,Modern Serum 08,2,76.74,69.07,0.1,LOYALTY10,153.48,15.34,138.14,none,0,,0.0,138.14,2025-04-01,other,,
T001725,EUR,C00371,P030,Active Mat 30,1,15.8,15.8,0.0,,15.8,0.0,15.8,none,0,,0.0,15.8,2025-04-01,other,,
T001726,EUR,C00444,P023,Calm Cream 23,1,43.34,43.34,0.0,,43.34,0.0,43.34,none,0,,0.0,43.34,2025-04-01,other,,
T001727,EUR,C00624,P026,Pure Band 26,2,23.03,20.73,0.1,LOYALTY10,46.06,4.6,41.46,none,0,,0.0,41.46,2025-04-01,website,,V008385
T001728,EUR,C00337,P015,Calm Cream 15,1,26.81,26.81,0.0,,26.81,0.0,26.81,none,0,,0.0,26.81,2025-04-01,other,,
T001729,EUR,C00263,P029,Bright Organizer 29,1,15.67,15.67,0.0,,15.67,0.0,15.67,none,0,,0.0,15.67,2025-04-01,other,,
T001730,EUR,C00914,P014,Active Mat 14,1,55.09,55.09,0.0,,55.09,0.0,55.09,none,0,,0.0,55.09,2025-04-01,other,,
T001731,EUR,C00516,P026,Pure Band 26,1,23.03,19.58,0.15,WEEKEND15,23.03,3.45,19.58,none,0,,0.0,19.58,2025-04-01,other,,
T001732,EUR,C00709,P028,Essential Bag 28,1,98.03,98.03,0.0,,98.03,0.0,98.03,none,0,,0.0,98.03,2025-04-01,other,,
T001733,EUR,C00871,P020,Essential Bag 20,1,23.79,22.6,0.05,WELCOME5,23.79,1.19,22.6,none,0,,0.0,22.6,2025-04-01,other,,
T001734,EUR,C00584,P024,Modern Serum 24,1,66.52,66.52,0.0,,66.52,0.0,66.52,none,0,,0.0,66.52,2025-04-01,other,,
T001735,EUR,C00296,P018,Pure Band 18,1,68.13,68.13,0.0,,68.13,0.0,68.13,none,0,,0.0,68.13,2025-04-01,other,,
T001736,EUR,C00194,P014,Active Mat 14,1,55.09,55.09,0.0,,55.09,0.0,55.09,none,0,,0.0,55.09,2025-04-01,other,,
T001737,EUR,C00440,P013,Bright Organizer 13,1,48.36,43.52,0.1,SPRING10,48.36,4.84,43.52,none,0,,0.0,43.52,2025-04-01,marketing_campaign,SEND005376,V010705
T001738,EUR,C00432,P025,Daily Lamp 25,1,101.88,101.88,0.0,,101.88,0.0,101.88,none,0,,0.0,101.88,2025-04-01,other,,
T001739,EUR,C00956,P012,Essential Bag 12,1,99.7,99.7,0.0,,99.7,0.0,99.7,full,1,2025-04-26,99.7,0.0,2025-04-02,other,,
T001740,EUR,C00296,P003,Urban Bottle 03,2,105.26,105.26,0.0,,210.52,0.0,210.52,none,0,,0.0,210.52,2025-04-02,other,,
T001741,EUR,C00817,P013,Bright Organizer 13,2,48.36,41.11,0.15,WEEKEND15,96.72,14.5,82.22,none,0,,0.0,82.22,2025-04-02,other,,
T001742,EUR,C00711,P001,Daily Lamp 01,1,96.68,96.68,0.0,,96.68,0.0,96.68,none,0,,0.0,96.68,2025-04-02,other,,
T001743,EUR,C00392,P001,Daily Lamp 01,1,96.68,96.68,0.0,,96.68,0.0,96.68,none,0,,0.0,96.68,2025-04-02,other,,
T001744,EUR,C00117,P029,Bright Organizer 29,2,15.67,15.67,0.0,,31.34,0.0,31.34,none,0,,0.0,31.34,2025-04-02,other,,
T001745,EUR,C00397,P019,Urban Bottle 19,1,61.21,61.21,0.0,,61.21,0.0,61.21,none,0,,0.0,61.21,2025-04-02,other,,
T001746,EUR,C00157,P004,Essential Bag 04,1,83.73,83.73,0.0,,83.73,0.0,83.73,none,0,,0.0,83.73,2025-04-02,other,,
T001747,EUR,C00247,P024,Modern Serum 24,1,66.52,59.87,0.1,SPRING10,66.52,6.65,59.87,none,0,,0.0,59.87,2025-04-02,marketing_campaign,SEND000880,V010107
T001748,EUR,C00516,P020,Essential Bag 20,4,23.79,23.79,0.0,,95.16,0.0,95.16,none,0,,0.0,95.16,2025-04-02,other,,
T001749,EUR,C00246,P012,Essential Bag 12,1,99.7,99.7,0.0,,99.7,0.0,99.7,none,0,,0.0,99.7,2025-04-02,other,,
T001750,EUR,C00310,P010,Pure Band 10,1,31.57,31.57,0.0,,31.57,0.0,31.57,none,0,,0.0,31.57,2025-04-02,website,,V005301
T001751,EUR,C00753,P020,Essential Bag 20,2,23.79,23.79,0.0,,47.58,0.0,47.58,none,0,,0.0,47.58,2025-04-02,other,,
T001752,EUR,C00154,P010,Pure Band 10,1,31.57,31.57,0.0,,31.57,0.0,31.57,none,0,,0.0,31.57,2025-04-02,other,,
T001753,EUR,C00695,P012,Essential Bag 12,1,99.7,99.7,0.0,,99.7,0.0,99.7,none,0,,0.0,99.7,2025-04-03,other,,
T001754,EUR,C00754,P004,Essential Bag 04,1,83.73,83.73,0.0,,83.73,0.0,83.73,none,0,,0.0,83.73,2025-04-03,other,,
T001755,EUR,C00419,P006,Active Mat 06,1,104.36,104.36,0.0,,104.36,0.0,104.36,none,0,,0.0,104.36,2025-04-03,other,,
T001756,EUR,C00043,P004,Essential Bag 04,1,83.73,71.17,0.15,WEEKEND15,83.73,12.56,71.17,none,0,,0.0,71.17,2025-04-03,other,,
T001757,EUR,C00372,P018,Pure Band 18,1,68.13,68.13,0.0,,68.13,0.0,68.13,none,0,,0.0,68.13,2025-04-03,other,,
T001758,EUR,C00083,P015,Calm Cream 15,1,26.81,26.81,0.0,,26.81,0.0,26.81,none,0,,0.0,26.81,2025-04-03,other,,
T001759,EUR,C00936,P011,Urban Bottle 11,1,58.41,49.65,0.15,WEEKEND15,58.41,8.76,49.65,none,0,,0.0,49.65,2025-04-03,other,,
T001760,EUR,C00599,P010,Pure Band 10,2,31.57,31.57,0.0,,63.14,0.0,63.14,none,0,,0.0,63.14,2025-04-03,other,,
T001761,EUR,C00166,P005,Bright Organizer 05,3,70.21,70.21,0.0,,210.63,0.0,210.63,none,0,,0.0,210.63,2025-04-03,other,,
T001762,EUR,C00899,P020,Essential Bag 20,1,23.79,23.79,0.0,,23.79,0.0,23.79,none,0,,0.0,23.79,2025-04-03,other,,
T001763,EUR,C00197,P017,Daily Lamp 17,1,94.4,94.4,0.0,,94.4,0.0,94.4,none,0,,0.0,94.4,2025-04-03,other,,
T001764,EUR,C00230,P025,Daily Lamp 25,1,101.88,101.88,0.0,,101.88,0.0,101.88,none,0,,0.0,101.88,2025-04-03,other,,
T001765,EUR,C00642,P017,Daily Lamp 17,1,94.4,94.4,0.0,,94.4,0.0,94.4,none,0,,0.0,94.4,2025-04-03,website,,V008908
T001766,EUR,C00564,P004,Essential Bag 04,1,83.73,83.73,0.0,,83.73,0.0,83.73,none,0,,0.0,83.73,2025-04-03,other,,
T001767,EUR,C00987,P005,Bright Organizer 05,1,70.21,70.21,0.0,,70.21,0.0,70.21,none,0,,0.0,70.21,2025-04-03,other,,
T001768,EUR,C00922,P014,Active Mat 14,1,55.09,55.09,0.0,,55.09,0.0,55.09,none,0,,0.0,55.09,2025-04-03,other,,
T001769,EUR,C00031,P030,Active Mat 30,3,15.8,15.8,0.0,,47.4,0.0,47.4,none,0,,0.0,47.4,2025-04-03,other,,
T001770,EUR,C00882,P007,Calm Cream 07,1,21.92,21.92,0.0,,21.92,0.0,21.92,none,0,,0.0,21.92,2025-04-03,other,,
T001771,EUR,C00475,P014,Active Mat 14,1,55.09,55.09,0.0,,55.09,0.0,55.09,none,0,,0.0,55.09,2025-04-03,other,,
T001772,EUR,C00194,P016,Modern Serum 16,1,91.2,91.2,0.0,,91.2,0.0,91.2,none,0,,0.0,91.2,2025-04-03,other,,
T001773,EUR,C00530,P008,Modern Serum 08,1,76.74,76.74,0.0,,76.74,0.0,76.74,none,0,,0.0,76.74,2025-04-03,other,,
T001774,EUR,C00428,P028,Essential Bag 28,1,98.03,93.13,0.05,WELCOME5,98.03,4.9,93.13,none,0,,0.0,93.13,2025-04-03,other,,
T001775,EUR,C00394,P024,Modern Serum 24,1,66.52,66.52,0.0,,66.52,0.0,66.52,none,0,,0.0,66.52,2025-04-03,other,,
T001776,EUR,C00586,P009,Daily Lamp 09,2,27.05,22.99,0.15,WEEKEND15,54.1,8.12,45.98,none,0,,0.0,45.98,2025-04-03,other,,
T001777,EUR,C00254,P006,Active Mat 06,2,104.36,104.36,0.0,,208.72,0.0,208.72,none,0,,0.0,208.72,2025-04-03,website,,V003682
T001778,EUR,C00552,P002,Pure Band 02,1,19.22,19.22,0.0,,19.22,0.0,19.22,none,0,,0.0,19.22,2025-04-03,other,,
T001779,EUR,C00639,P019,Urban Bottle 19,1,61.21,61.21,0.0,,61.21,0.0,61.21,full,1,2025-04-05,61.21,0.0,2025-04-03,other,,
T001780,EUR,C00434,P005,Bright Organizer 05,1,70.21,70.21,0.0,,70.21,0.0,70.21,none,0,,0.0,70.21,2025-04-03,other,,
T001781,EUR,C00765,P006,Active Mat 06,1,104.36,104.36,0.0,,104.36,0.0,104.36,none,0,,0.0,104.36,2025-04-03,other,,
T001782,EUR,C00735,P024,Modern Serum 24,4,66.52,66.52,0.0,,266.08,0.0,266.08,none,0,,0.0,266.08,2025-04-04,website,,V006630
T001783,EUR,C00196,P009,Daily Lamp 09,1,27.05,27.05,0.0,,27.05,0.0,27.05,none,0,,0.0,27.05,2025-04-04,other,,
T001784,EUR,C00037,P002,Pure Band 02,1,19.22,19.22,0.0,,19.22,0.0,19.22,none,0,,0.0,19.22,2025-04-04,other,,
T001785,EUR,C00105,P018,Pure Band 18,2,68.13,68.13,0.0,,136.26,0.0,136.26,none,0,,0.0,136.26,2025-04-04,other,,
T001786,EUR,C00639,P024,Modern Serum 24,1,66.52,66.52,0.0,,66.52,0.0,66.52,full,1,2025-04-30,66.52,0.0,2025-04-04,other,,
T001787,EUR,C00970,P017,Daily Lamp 17,1,94.4,94.4,0.0,,94.4,0.0,94.4,none,0,,0.0,94.4,2025-04-04,other,,
T001788,EUR,C00515,P006,Active Mat 06,1,104.36,104.36,0.0,,104.36,0.0,104.36,none,0,,0.0,104.36,2025-04-04,other,,
T001789,EUR,C00500,P030,Active Mat 30,1,15.8,13.43,0.15,WEEKEND15,15.8,2.37,13.43,none,0,,0.0,13.43,2025-04-04,other,,
T001790,EUR,C00438,P019,Urban Bottle 19,1,61.21,61.21,0.0,,61.21,0.0,61.21,none,0,,0.0,61.21,2025-04-04,other,,
T001791,EUR,C00272,P014,Active Mat 14,1,55.09,55.09,0.0,,55.09,0.0,55.09,none,0,,0.0,55.09,2025-04-04,other,,
T001792,EUR,C00407,P019,Urban Bottle 19,1,61.21,61.21,0.0,,61.21,0.0,61.21,none,0,,0.0,61.21,2025-04-04,other,,
T001793,EUR,C00362,P004,Essential Bag 04,1,83.73,83.73,0.0,,83.73,0.0,83.73,none,0,,0.0,83.73,2025-04-04,other,,
T001794,EUR,C00482,P005,Bright Organizer 05,1,70.21,70.21,0.0,,70.21,0.0,70.21,none,0,,0.0,70.21,2025-04-04,other,,
T001795,EUR,C00702,P010,Pure Band 10,1,31.57,29.99,0.05,WELCOME5,31.57,1.58,29.99,none,0,,0.0,29.99,2025-04-04,website,,V001082
T001796,EUR,C00682,P001,Daily Lamp 01,2,96.68,96.68,0.0,,193.36,0.0,193.36,none,0,,0.0,193.36,2025-04-04,other,,
T001797,EUR,C00707,P008,Modern Serum 08,2,76.74,76.74,0.0,,153.48,0.0,153.48,none,0,,0.0,153.48,2025-04-04,other,,
T001798,EUR,C00550,P015,Calm Cream 15,1,26.81,26.81,0.0,,26.81,0.0,26.81,none,0,,0.0,26.81,2025-04-04,other,,
T001799,EUR,C00216,P010,Pure Band 10,1,31.57,31.57,0.0,,31.57,0.0,31.57,none,0,,0.0,31.57,2025-04-04,other,,
T001800,EUR,C00958,P009,Daily Lamp 09,1,27.05,24.35,0.1,LOYALTY10,27.05,2.7,24.35,none,0,,0.0,24.35,2025-04-04,other,,
T001801,EUR,C00841,P002,Pure Band 02,1,19.22,19.22,0.0,,19.22,0.0,19.22,none,0,,0.0,19.22,2025-04-04,other,,
T001802,EUR,C00062,P015,Calm Cream 15,1,26.81,26.81,0.0,,26.81,0.0,26.81,none,0,,0.0,26.81,2025-04-05,other,,
T001803,EUR,C00866,P005,Bright Organizer 05,2,70.21,70.21,0.0,,140.42,0.0,140.42,none,0,,0.0,140.42,2025-04-05,website,,V001248
T001804,EUR,C00460,P027,Urban Bottle 27,1,102.64,102.64,0.0,,102.64,0.0,102.64,none,0,,0.0,102.64,2025-04-05,other,,
T001805,EUR,C00240,P010,Pure Band 10,3,31.57,31.57,0.0,,94.71,0.0,94.71,none,0,,0.0,94.71,2025-04-05,other,,
T001806,EUR,C00048,P013,Bright Organizer 13,1,48.36,43.52,0.1,LOYALTY10,48.36,4.84,43.52,full,1,2025-04-30,43.52,0.0,2025-04-05,other,,
T001807,EUR,C00424,P006,Active Mat 06,1,104.36,104.36,0.0,,104.36,0.0,104.36,none,0,,0.0,104.36,2025-04-05,other,,
T001808,EUR,C00752,P028,Essential Bag 28,2,98.03,98.03,0.0,,196.06,0.0,196.06,none,0,,0.0,196.06,2025-04-05,other,,
T001809,EUR,C00183,P019,Urban Bottle 19,3,61.21,61.21,0.0,,183.63,0.0,183.63,none,0,,0.0,183.63,2025-04-05,other,,
T001810,EUR,C00063,P016,Modern Serum 16,2,91.2,91.2,0.0,,182.4,0.0,182.4,none,0,,0.0,182.4,2025-04-05,other,,
T001811,EUR,C00436,P018,Pure Band 18,3,68.13,68.13,0.0,,204.39,0.0,204.39,full,3,2025-05-04,204.39,0.0,2025-04-05,other,,
T001812,EUR,C00555,P019,Urban Bottle 19,1,61.21,61.21,0.0,,61.21,0.0,61.21,none,0,,0.0,61.21,2025-04-05,website,,V008997
T001813,EUR,C00516,P001,Daily Lamp 01,1,96.68,96.68,0.0,,96.68,0.0,96.68,none,0,,0.0,96.68,2025-04-05,other,,
T001814,EUR,C00646,P020,Essential Bag 20,1,23.79,23.79,0.0,,23.79,0.0,23.79,none,0,,0.0,23.79,2025-04-05,other,,
T001815,EUR,C00260,P004,Essential Bag 04,1,83.73,83.73,0.0,,83.73,0.0,83.73,full,1,2025-04-07,83.73,0.0,2025-04-05,other,,
T001816,EUR,C00905,P016,Modern Serum 16,2,91.2,82.08,0.1,LOYALTY10,182.4,18.24,164.16,none,0,,0.0,164.16,2025-04-05,other,,
T001817,EUR,C00442,P012,Essential Bag 12,1,99.7,99.7,0.0,,99.7,0.0,99.7,none,0,,0.0,99.7,2025-04-05,other,,
T001818,EUR,C00332,P014,Active Mat 14,1,55.09,55.09,0.0,,55.09,0.0,55.09,none,0,,0.0,55.09,2025-04-05,other,,
T001819,EUR,C00331,P019,Urban Bottle 19,1,61.21,61.21,0.0,,61.21,0.0,61.21,none,0,,0.0,61.21,2025-04-05,other,,
T001820,EUR,C00247,P009,Daily Lamp 09,1,27.05,27.05,0.0,,27.05,0.0,27.05,none,0,,0.0,27.05,2025-04-05,other,,
T001821,EUR,C00520,P002,Pure Band 02,3,19.22,18.26,0.05,WELCOME5,57.66,2.88,54.78,none,0,,0.0,54.78,2025-04-05,other,,
T001822,EUR,C00793,P021,Bright Organizer 21,1,91.23,91.23,0.0,,91.23,0.0,91.23,none,0,,0.0,91.23,2025-04-05,other,,
T001823,EUR,C00284,P021,Bright Organizer 21,1,91.23,91.23,0.0,,91.23,0.0,91.23,none,0,,0.0,91.23,2025-04-06,other,,
T001824,EUR,C00412,P027,Urban Bottle 27,1,102.64,102.64,0.0,,102.64,0.0,102.64,none,0,,0.0,102.64,2025-04-06,other,,
T001825,EUR,C00254,P024,Modern Serum 24,1,66.52,66.52,0.0,,66.52,0.0,66.52,none,0,,0.0,66.52,2025-04-06,other,,
T001826,EUR,C00120,P022,Active Mat 22,1,31.79,31.79,0.0,,31.79,0.0,31.79,none,0,,0.0,31.79,2025-04-06,other,,
T001827,EUR,C00509,P018,Pure Band 18,1,68.13,68.13,0.0,,68.13,0.0,68.13,none,0,,0.0,68.13,2025-04-06,other,,
T001828,EUR,C00569,P027,Urban Bottle 27,2,102.64,102.64,0.0,,205.28,0.0,205.28,none,0,,0.0,205.28,2025-04-06,other,,
T001829,EUR,C00252,P016,Modern Serum 16,1,91.2,91.2,0.0,,91.2,0.0,91.2,none,0,,0.0,91.2,2025-04-06,other,,
T001830,EUR,C00606,P017,Daily Lamp 17,1,94.4,94.4,0.0,,94.4,0.0,94.4,none,0,,0.0,94.4,2025-04-06,website,,V003740
T001831,EUR,C00168,P004,Essential Bag 04,1,83.73,75.36,0.1,LOYALTY10,83.73,8.37,75.36,full,1,2025-04-22,75.36,0.0,2025-04-06,other,,
T001832,EUR,C00382,P014,Active Mat 14,1,55.09,55.09,0.0,,55.09,0.0,55.09,none,0,,0.0,55.09,2025-04-06,other,,
T001833,EUR,C00771,P014,Active Mat 14,1,55.09,46.83,0.15,WEEKEND15,55.09,8.26,46.83,none,0,,0.0,46.83,2025-04-06,other,,
T001834,EUR,C00406,P027,Urban Bottle 27,1,102.64,92.38,0.1,SPRING10,102.64,10.26,92.38,none,0,,0.0,92.38,2025-04-06,marketing_campaign,SEND002199,V010295
T001835,EUR,C00856,P021,Bright Organizer 21,2,91.23,91.23,0.0,,182.46,0.0,182.46,none,0,,0.0,182.46,2025-04-06,website,,V006454
T001836,EUR,C00770,P017,Daily Lamp 17,1,94.4,94.4,0.0,,94.4,0.0,94.4,none,0,,0.0,94.4,2025-04-06,website,,V008591
T001837,EUR,C00390,P017,Daily Lamp 17,2,94.4,89.68,0.05,WELCOME5,188.8,9.44,179.36,none,0,,0.0,179.36,2025-04-06,other,,
T001838,EUR,C00564,P010,Pure Band 10,1,31.57,31.57,0.0,,31.57,0.0,31.57,none,0,,0.0,31.57,2025-04-06,other,,
T001839,EUR,C00591,P016,Modern Serum 16,1,91.2,91.2,0.0,,91.2,0.0,91.2,none,0,,0.0,91.2,2025-04-06,other,,
T001840,EUR,C00610,P019,Urban Bottle 19,2,61.21,55.09,0.1,LOYALTY10,122.42,12.24,110.18,none,0,,0.0,110.18,2025-04-06,other,,
T001841,EUR,C00791,P002,Pure Band 02,2,19.22,17.3,0.1,LOYALTY10,38.44,3.84,34.6,none,0,,0.0,34.6,2025-04-06,other,,
T001842,EUR,C00206,P025,Daily Lamp 25,1,101.88,96.79,0.05,WELCOME5,101.88,5.09,96.79,none,0,,0.0,96.79,2025-04-06,other,,
T001843,EUR,C00230,P024,Modern Serum 24,3,66.52,63.19,0.05,WELCOME5,199.56,9.99,189.57,none,0,,0.0,189.57,2025-04-06,other,,
T001844,EUR,C00217,P008,Modern Serum 08,3,76.74,65.23,0.15,WEEKEND15,230.22,34.53,195.69,none,0,,0.0,195.69,2025-04-06,other,,
T001845,EUR,C00505,P018,Pure Band 18,1,68.13,68.13,0.0,,68.13,0.0,68.13,none,0,,0.0,68.13,2025-04-07,other,,
T001846,EUR,C00178,P002,Pure Band 02,1,19.22,18.26,0.05,WELCOME5,19.22,0.96,18.26,none,0,,0.0,18.26,2025-04-07,other,,
T001847,EUR,C00390,P026,Pure Band 26,1,23.03,23.03,0.0,,23.03,0.0,23.03,none,0,,0.0,23.03,2025-04-07,other,,
T001848,EUR,C00814,P025,Daily Lamp 25,1,101.88,101.88,0.0,,101.88,0.0,101.88,none,0,,0.0,101.88,2025-04-07,other,,
T001849,EUR,C00089,P017,Daily Lamp 17,3,94.4,94.4,0.0,,283.2,0.0,283.2,none,0,,0.0,283.2,2025-04-07,other,,
T001850,EUR,C00778,P001,Daily Lamp 01,1,96.68,96.68,0.0,,96.68,0.0,96.68,none,0,,0.0,96.68,2025-04-07,other,,
T001851,EUR,C00843,P029,Bright Organizer 29,2,15.67,15.67,0.0,,31.34,0.0,31.34,none,0,,0.0,31.34,2025-04-07,other,,
T001852,EUR,C00081,P023,Calm Cream 23,2,43.34,43.34,0.0,,86.68,0.0,86.68,none,0,,0.0,86.68,2025-04-07,other,,
T001853,EUR,C00559,P012,Essential Bag 12,1,99.7,99.7,0.0,,99.7,0.0,99.7,none,0,,0.0,99.7,2025-04-07,other,,
T001854,EUR,C00337,P019,Urban Bottle 19,2,61.21,61.21,0.0,,122.42,0.0,122.42,none,0,,0.0,122.42,2025-04-07,other,,
T001855,EUR,C00431,P023,Calm Cream 23,1,43.34,43.34,0.0,,43.34,0.0,43.34,none,0,,0.0,43.34,2025-04-07,other,,
T001856,EUR,C00898,P016,Modern Serum 16,1,91.2,91.2,0.0,,91.2,0.0,91.2,none,0,,0.0,91.2,2025-04-07,other,,
T001857,EUR,C00935,P017,Daily Lamp 17,2,94.4,94.4,0.0,,188.8,0.0,188.8,none,0,,0.0,188.8,2025-04-07,other,,
T001858,EUR,C00329,P019,Urban Bottle 19,1,61.21,58.15,0.05,WELCOME5,61.21,3.06,58.15,none,0,,0.0,58.15,2025-04-07,other,,
T001859,EUR,C00266,P026,Pure Band 26,1,23.03,19.58,0.15,WEEKEND15,23.03,3.45,19.58,none,0,,0.0,19.58,2025-04-07,other,,
T001860,EUR,C00933,P001,Daily Lamp 01,3,96.68,96.68,0.0,,290.04,0.0,290.04,none,0,,0.0,290.04,2025-04-08,other,,
T001861,EUR,C00865,P001,Daily Lamp 01,1,96.68,96.68,0.0,,96.68,0.0,96.68,none,0,,0.0,96.68,2025-04-08,other,,
T001862,EUR,C00234,P010,Pure Band 10,1,31.57,31.57,0.0,,31.57,0.0,31.57,none,0,,0.0,31.57,2025-04-08,other,,
T001863,EUR,C00171,P009,Daily Lamp 09,1,27.05,27.05,0.0,,27.05,0.0,27.05,none,0,,0.0,27.05,2025-04-08,other,,
T001864,EUR,C00751,P009,Daily Lamp 09,1,27.05,27.05,0.0,,27.05,0.0,27.05,none,0,,0.0,27.05,2025-04-08,other,,
T001865,EUR,C00424,P001,Daily Lamp 01,1,96.68,96.68,0.0,,96.68,0.0,96.68,none,0,,0.0,96.68,2025-04-08,other,,
T001866,EUR,C00570,P004,Essential Bag 04,1,83.73,83.73,0.0,,83.73,0.0,83.73,none,0,,0.0,83.73,2025-04-08,other,,
T001867,EUR,C00723,P026,Pure Band 26,1,23.03,23.03,0.0,,23.03,0.0,23.03,none,0,,0.0,23.03,2025-04-08,other,,
T001868,EUR,C00725,P018,Pure Band 18,1,68.13,68.13,0.0,,68.13,0.0,68.13,none,0,,0.0,68.13,2025-04-08,website,,V001430
T001869,EUR,C00837,P009,Daily Lamp 09,1,27.05,27.05,0.0,,27.05,0.0,27.05,none,0,,0.0,27.05,2025-04-08,other,,
T001870,EUR,C00133,P005,Bright Organizer 05,2,70.21,70.21,0.0,,140.42,0.0,140.42,none,0,,0.0,140.42,2025-04-08,other,,
T001871,EUR,C00089,P024,Modern Serum 24,3,66.52,66.52,0.0,,199.56,0.0,199.56,none,0,,0.0,199.56,2025-04-08,other,,
T001872,EUR,C00759,P030,Active Mat 30,1,15.8,15.8,0.0,,15.8,0.0,15.8,none,0,,0.0,15.8,2025-04-08,other,,
T001873,EUR,C00807,P026,Pure Band 26,1,23.03,23.03,0.0,,23.03,0.0,23.03,none,0,,0.0,23.03,2025-04-08,other,,
T001874,EUR,C00785,P018,Pure Band 18,1,68.13,68.13,0.0,,68.13,0.0,68.13,none,0,,0.0,68.13,2025-04-08,website,,V004546
T001875,EUR,C00964,P014,Active Mat 14,1,55.09,55.09,0.0,,55.09,0.0,55.09,none,0,,0.0,55.09,2025-04-08,other,,
T001876,EUR,C00865,P014,Active Mat 14,1,55.09,46.83,0.15,WEEKEND15,55.09,8.26,46.83,none,0,,0.0,46.83,2025-04-08,other,,
T001877,EUR,C00583,P007,Calm Cream 07,1,21.92,18.63,0.15,WEEKEND15,21.92,3.29,18.63,none,0,,0.0,18.63,2025-04-08,other,,
T001878,EUR,C00871,P008,Modern Serum 08,1,76.74,76.74,0.0,,76.74,0.0,76.74,none,0,,0.0,76.74,2025-04-08,other,,
T001879,EUR,C00704,P021,Bright Organizer 21,1,91.23,91.23,0.0,,91.23,0.0,91.23,none,0,,0.0,91.23,2025-04-08,other,,
T001880,EUR,C00457,P018,Pure Band 18,1,68.13,68.13,0.0,,68.13,0.0,68.13,none,0,,0.0,68.13,2025-04-08,other,,
T001881,EUR,C00216,P010,Pure Band 10,2,31.57,31.57,0.0,,63.14,0.0,63.14,none,0,,0.0,63.14,2025-04-08,other,,
T001882,EUR,C00306,P014,Active Mat 14,1,55.09,55.09,0.0,,55.09,0.0,55.09,none,0,,0.0,55.09,2025-04-08,other,,
T001883,EUR,C00795,P029,Bright Organizer 29,2,15.67,15.67,0.0,,31.34,0.0,31.34,none,0,,0.0,31.34,2025-04-08,website,,V007883
T001884,EUR,C00307,P012,Essential Bag 12,1,99.7,99.7,0.0,,99.7,0.0,99.7,none,0,,0.0,99.7,2025-04-08,other,,
T001885,EUR,C00198,P020,Essential Bag 20,1,23.79,23.79,0.0,,23.79,0.0,23.79,none,0,,0.0,23.79,2025-04-08,other,,
T001886,EUR,C00745,P027,Urban Bottle 27,4,102.64,102.64,0.0,,410.56,0.0,410.56,none,0,,0.0,410.56,2025-04-08,website,,V001030
T001887,EUR,C00714,P020,Essential Bag 20,1,23.79,23.79,0.0,,23.79,0.0,23.79,none,0,,0.0,23.79,2025-04-09,other,,
T001888,EUR,C00957,P019,Urban Bottle 19,1,61.21,61.21,0.0,,61.21,0.0,61.21,none,0,,0.0,61.21,2025-04-09,other,,
T001889,EUR,C00035,P009,Daily Lamp 09,2,27.05,25.7,0.05,WELCOME5,54.1,2.7,51.4,none,0,,0.0,51.4,2025-04-09,other,,
T001890,EUR,C00514,P013,Bright Organizer 13,1,48.36,48.36,0.0,,48.36,0.0,48.36,none,0,,0.0,48.36,2025-04-09,other,,
T001891,EUR,C00717,P030,Active Mat 30,1,15.8,14.22,0.1,LOYALTY10,15.8,1.58,14.22,none,0,,0.0,14.22,2025-04-09,other,,
T001892,EUR,C00294,P010,Pure Band 10,1,31.57,31.57,0.0,,31.57,0.0,31.57,none,0,,0.0,31.57,2025-04-09,other,,
T001893,EUR,C00234,P018,Pure Band 18,1,68.13,68.13,0.0,,68.13,0.0,68.13,none,0,,0.0,68.13,2025-04-09,other,,
T001894,EUR,C00135,P008,Modern Serum 08,1,76.74,76.74,0.0,,76.74,0.0,76.74,none,0,,0.0,76.74,2025-04-09,website,,V003950
T001895,EUR,C00846,P024,Modern Serum 24,1,66.52,66.52,0.0,,66.52,0.0,66.52,none,0,,0.0,66.52,2025-04-09,other,,
T001896,EUR,C00979,P017,Daily Lamp 17,1,94.4,94.4,0.0,,94.4,0.0,94.4,none,0,,0.0,94.4,2025-04-09,other,,
T001897,EUR,C00093,P022,Active Mat 22,1,31.79,31.79,0.0,,31.79,0.0,31.79,none,0,,0.0,31.79,2025-04-09,other,,
T001898,EUR,C00089,P016,Modern Serum 16,1,91.2,91.2,0.0,,91.2,0.0,91.2,none,0,,0.0,91.2,2025-04-09,other,,
T001899,EUR,C00275,P013,Bright Organizer 13,4,48.36,45.94,0.05,WELCOME5,193.44,9.68,183.76,none,0,,0.0,183.76,2025-04-09,other,,
T001900,EUR,C00809,P025,Daily Lamp 25,1,101.88,91.69,0.1,LOYALTY10,101.88,10.19,91.69,none,0,,0.0,91.69,2025-04-09,other,,
T001901,EUR,C00029,P004,Essential Bag 04,1,83.73,83.73,0.0,,83.73,0.0,83.73,none,0,,0.0,83.73,2025-04-09,other,,
T001902,EUR,C00624,P017,Daily Lamp 17,1,94.4,94.4,0.0,,94.4,0.0,94.4,none,0,,0.0,94.4,2025-04-09,other,,
T001903,EUR,C00417,P006,Active Mat 06,1,104.36,88.71,0.15,WEEKEND15,104.36,15.65,88.71,none,0,,0.0,88.71,2025-04-09,website,,V005178
T001904,EUR,C00807,P018,Pure Band 18,1,68.13,68.13,0.0,,68.13,0.0,68.13,none,0,,0.0,68.13,2025-04-09,website,,V008927
T001905,EUR,C00422,P019,Urban Bottle 19,2,61.21,61.21,0.0,,122.42,0.0,122.42,none,0,,0.0,122.42,2025-04-09,other,,
T001906,EUR,C00869,P024,Modern Serum 24,1,66.52,66.52,0.0,,66.52,0.0,66.52,none,0,,0.0,66.52,2025-04-09,other,,
T001907,EUR,C00671,P009,Daily Lamp 09,1,27.05,27.05,0.0,,27.05,0.0,27.05,none,0,,0.0,27.05,2025-04-10,other,,
T001908,EUR,C00130,P021,Bright Organizer 21,2,91.23,91.23,0.0,,182.46,0.0,182.46,none,0,,0.0,182.46,2025-04-10,other,,
T001909,EUR,C00255,P012,Essential Bag 12,1,99.7,99.7,0.0,,99.7,0.0,99.7,none,0,,0.0,99.7,2025-04-10,other,,
T001910,EUR,C00977,P030,Active Mat 30,2,15.8,15.01,0.05,WELCOME5,31.6,1.58,30.02,none,0,,0.0,30.02,2025-04-10,other,,
T001911,EUR,C00441,P024,Modern Serum 24,3,66.52,66.52,0.0,,199.56,0.0,199.56,none,0,,0.0,199.56,2025-04-10,other,,
T001912,EUR,C00146,P030,Active Mat 30,1,15.8,15.8,0.0,,15.8,0.0,15.8,none,0,,0.0,15.8,2025-04-10,other,,
T001913,EUR,C00766,P002,Pure Band 02,2,19.22,19.22,0.0,,38.44,0.0,38.44,none,0,,0.0,38.44,2025-04-10,other,,
T001914,EUR,C00782,P017,Daily Lamp 17,1,94.4,94.4,0.0,,94.4,0.0,94.4,none,0,,0.0,94.4,2025-04-10,other,,
T001915,EUR,C00689,P028,Essential Bag 28,1,98.03,98.03,0.0,,98.03,0.0,98.03,none,0,,0.0,98.03,2025-04-10,other,,
T001916,EUR,C00014,P015,Calm Cream 15,1,26.81,26.81,0.0,,26.81,0.0,26.81,none,0,,0.0,26.81,2025-04-10,website,,V007135
T001917,EUR,C00033,P021,Bright Organizer 21,1,91.23,91.23,0.0,,91.23,0.0,91.23,none,0,,0.0,91.23,2025-04-10,website,,V003034
T001918,EUR,C00303,P009,Daily Lamp 09,1,27.05,27.05,0.0,,27.05,0.0,27.05,none,0,,0.0,27.05,2025-04-10,other,,
T001919,EUR,C00798,P018,Pure Band 18,2,68.13,68.13,0.0,,136.26,0.0,136.26,none,0,,0.0,136.26,2025-04-10,website,,V001342
T001920,EUR,C00155,P002,Pure Band 02,1,19.22,16.34,0.15,WEEKEND15,19.22,2.88,16.34,none,0,,0.0,16.34,2025-04-10,other,,
T001921,EUR,C00647,P001,Daily Lamp 01,1,96.68,96.68,0.0,,96.68,0.0,96.68,none,0,,0.0,96.68,2025-04-10,other,,
T001922,EUR,C00466,P007,Calm Cream 07,1,21.92,21.92,0.0,,21.92,0.0,21.92,none,0,,0.0,21.92,2025-04-10,other,,
T001923,EUR,C00302,P028,Essential Bag 28,1,98.03,93.13,0.05,WELCOME5,98.03,4.9,93.13,none,0,,0.0,93.13,2025-04-10,other,,
T001924,EUR,C00123,P020,Essential Bag 20,1,23.79,23.79,0.0,,23.79,0.0,23.79,none,0,,0.0,23.79,2025-04-10,other,,
T001925,EUR,C00190,P011,Urban Bottle 11,1,58.41,52.57,0.1,LOYALTY10,58.41,5.84,52.57,none,0,,0.0,52.57,2025-04-10,other,,
T001926,EUR,C00913,P005,Bright Organizer 05,1,70.21,70.21,0.0,,70.21,0.0,70.21,none,0,,0.0,70.21,2025-04-10,website,,V003678
T001927,EUR,C00116,P009,Daily Lamp 09,2,27.05,27.05,0.0,,54.1,0.0,54.1,none,0,,0.0,54.1,2025-04-10,other,,
T001928,EUR,C00758,P006,Active Mat 06,3,104.36,104.36,0.0,,313.08,0.0,313.08,partial,1,2025-04-26,104.36,208.72,2025-04-10,other,,
T001929,EUR,C00421,P004,Essential Bag 04,2,83.73,79.54,0.05,WELCOME5,167.46,8.38,159.08,none,0,,0.0,159.08,2025-04-10,other,,
T001930,EUR,C00491,P021,Bright Organizer 21,1,91.23,91.23,0.0,,91.23,0.0,91.23,none,0,,0.0,91.23,2025-04-10,other,,
T001931,EUR,C00557,P016,Modern Serum 16,1,91.2,91.2,0.0,,91.2,0.0,91.2,none,0,,0.0,91.2,2025-04-10,website,,V003478
T001932,EUR,C00368,P015,Calm Cream 15,1,26.81,22.79,0.15,WEEKEND15,26.81,4.02,22.79,none,0,,0.0,22.79,2025-04-10,other,,
T001933,EUR,C00570,P024,Modern Serum 24,1,66.52,66.52,0.0,,66.52,0.0,66.52,none,0,,0.0,66.52,2025-04-10,other,,
T001934,EUR,C00302,P022,Active Mat 22,2,31.79,31.79,0.0,,63.58,0.0,63.58,none,0,,0.0,63.58,2025-04-10,other,,
T001935,EUR,C00718,P025,Daily Lamp 25,1,101.88,101.88,0.0,,101.88,0.0,101.88,none,0,,0.0,101.88,2025-04-10,other,,
T001936,EUR,C00159,P022,Active Mat 22,3,31.79,31.79,0.0,,95.37,0.0,95.37,partial,1,2025-04-13,31.79,63.58,2025-04-11,other,,
T001937,EUR,C00362,P001,Daily Lamp 01,1,96.68,96.68,0.0,,96.68,0.0,96.68,none,0,,0.0,96.68,2025-04-11,other,,
T001938,EUR,C00082,P028,Essential Bag 28,1,98.03,98.03,0.0,,98.03,0.0,98.03,none,0,,0.0,98.03,2025-04-11,other,,
T001939,EUR,C00336,P027,Urban Bottle 27,1,102.64,102.64,0.0,,102.64,0.0,102.64,none,0,,0.0,102.64,2025-04-11,website,,V003009
T001940,EUR,C00650,P016,Modern Serum 16,1,91.2,91.2,0.0,,91.2,0.0,91.2,none,0,,0.0,91.2,2025-04-11,website,,V008677
T001941,EUR,C00256,P012,Essential Bag 12,1,99.7,84.75,0.15,WEEKEND15,99.7,14.95,84.75,none,0,,0.0,84.75,2025-04-11,other,,
T001942,EUR,C00867,P019,Urban Bottle 19,1,61.21,55.09,0.1,LOYALTY10,61.21,6.12,55.09,none,0,,0.0,55.09,2025-04-11,other,,
T001943,EUR,C00490,P019,Urban Bottle 19,1,61.21,58.15,0.05,WELCOME5,61.21,3.06,58.15,none,0,,0.0,58.15,2025-04-11,other,,
T001944,EUR,C00876,P025,Daily Lamp 25,2,101.88,101.88,0.0,,203.76,0.0,203.76,none,0,,0.0,203.76,2025-04-11,website,,V004182
T001945,EUR,C00607,P012,Essential Bag 12,2,99.7,99.7,0.0,,199.4,0.0,199.4,none,0,,0.0,199.4,2025-04-11,other,,
T001946,EUR,C00984,P023,Calm Cream 23,1,43.34,43.34,0.0,,43.34,0.0,43.34,none,0,,0.0,43.34,2025-04-11,other,,
T001947,EUR,C00899,P001,Daily Lamp 01,2,96.68,96.68,0.0,,193.36,0.0,193.36,none,0,,0.0,193.36,2025-04-12,other,,
T001948,EUR,C00694,P011,Urban Bottle 11,3,58.41,58.41,0.0,,175.23,0.0,175.23,none,0,,0.0,175.23,2025-04-12,other,,
T001949,EUR,C00241,P021,Bright Organizer 21,1,91.23,91.23,0.0,,91.23,0.0,91.23,none,0,,0.0,91.23,2025-04-12,other,,
T001950,EUR,C00829,P010,Pure Band 10,1,31.57,29.99,0.05,WELCOME5,31.57,1.58,29.99,none,0,,0.0,29.99,2025-04-12,other,,
T001951,EUR,C00155,P018,Pure Band 18,1,68.13,68.13,0.0,,68.13,0.0,68.13,none,0,,0.0,68.13,2025-04-12,other,,
T001952,EUR,C00164,P006,Active Mat 06,1,104.36,104.36,0.0,,104.36,0.0,104.36,none,0,,0.0,104.36,2025-04-12,other,,
T001953,EUR,C00701,P004,Essential Bag 04,2,83.73,83.73,0.0,,167.46,0.0,167.46,none,0,,0.0,167.46,2025-04-12,other,,
T001954,EUR,C00726,P015,Calm Cream 15,1,26.81,26.81,0.0,,26.81,0.0,26.81,full,1,2025-05-02,26.81,0.0,2025-04-12,other,,
T001955,EUR,C00251,P005,Bright Organizer 05,2,70.21,70.21,0.0,,140.42,0.0,140.42,none,0,,0.0,140.42,2025-04-12,other,,
T001956,EUR,C00298,P025,Daily Lamp 25,4,101.88,101.88,0.0,,407.52,0.0,407.52,none,0,,0.0,407.52,2025-04-12,other,,
T001957,EUR,C00560,P006,Active Mat 06,2,104.36,104.36,0.0,,208.72,0.0,208.72,none,0,,0.0,208.72,2025-04-12,website,,V002270
T001958,EUR,C00985,P025,Daily Lamp 25,2,101.88,96.79,0.05,WELCOME5,203.76,10.18,193.58,none,0,,0.0,193.58,2025-04-12,other,,
T001959,EUR,C00651,P009,Daily Lamp 09,1,27.05,27.05,0.0,,27.05,0.0,27.05,none,0,,0.0,27.05,2025-04-12,other,,
T001960,EUR,C00249,P016,Modern Serum 16,1,91.2,91.2,0.0,,91.2,0.0,91.2,none,0,,0.0,91.2,2025-04-12,other,,
T001961,EUR,C00810,P011,Urban Bottle 11,1,58.41,58.41,0.0,,58.41,0.0,58.41,none,0,,0.0,58.41,2025-04-12,other,,
T001962,EUR,C00257,P021,Bright Organizer 21,1,91.23,77.55,0.15,WEEKEND15,91.23,13.68,77.55,none,0,,0.0,77.55,2025-04-13,other,,
T001963,EUR,C00182,P009,Daily Lamp 09,1,27.05,27.05,0.0,,27.05,0.0,27.05,none,0,,0.0,27.05,2025-04-13,other,,
T001964,EUR,C00084,P011,Urban Bottle 11,1,58.41,58.41,0.0,,58.41,0.0,58.41,none,0,,0.0,58.41,2025-04-13,other,,
T001965,EUR,C00010,P029,Bright Organizer 29,2,15.67,15.67,0.0,,31.34,0.0,31.34,none,0,,0.0,31.34,2025-04-13,website,,V006725
T001966,EUR,C00924,P011,Urban Bottle 11,1,58.41,58.41,0.0,,58.41,0.0,58.41,none,0,,0.0,58.41,2025-04-13,other,,
T001967,EUR,C00370,P019,Urban Bottle 19,2,61.21,61.21,0.0,,122.42,0.0,122.42,none,0,,0.0,122.42,2025-04-13,other,,
T001968,EUR,C00817,P017,Daily Lamp 17,1,94.4,80.24,0.15,WEEKEND15,94.4,14.16,80.24,none,0,,0.0,80.24,2025-04-13,other,,
T001969,EUR,C00858,P026,Pure Band 26,1,23.03,21.88,0.05,WELCOME5,23.03,1.15,21.88,none,0,,0.0,21.88,2025-04-13,other,,
T001970,EUR,C00246,P003,Urban Bottle 03,3,105.26,105.26,0.0,,315.78,0.0,315.78,none,0,,0.0,315.78,2025-04-13,other,,
T001971,EUR,C00977,P009,Daily Lamp 09,2,27.05,22.99,0.15,WEEKEND15,54.1,8.12,45.98,none,0,,0.0,45.98,2025-04-13,other,,
T001972,EUR,C00943,P004,Essential Bag 04,1,83.73,79.54,0.05,WELCOME5,83.73,4.19,79.54,full,1,2025-04-21,79.54,0.0,2025-04-13,website,,V005504
T001973,EUR,C00644,P001,Daily Lamp 01,2,96.68,96.68,0.0,,193.36,0.0,193.36,none,0,,0.0,193.36,2025-04-13,other,,
T001974,EUR,C00425,P017,Daily Lamp 17,1,94.4,94.4,0.0,,94.4,0.0,94.4,none,0,,0.0,94.4,2025-04-13,other,,
T001975,EUR,C00762,P030,Active Mat 30,2,15.8,15.8,0.0,,31.6,0.0,31.6,none,0,,0.0,31.6,2025-04-13,other,,
T001976,EUR,C00102,P001,Daily Lamp 01,1,96.68,96.68,0.0,,96.68,0.0,96.68,none,0,,0.0,96.68,2025-04-13,other,,
T001977,EUR,C00778,P026,Pure Band 26,1,23.03,23.03,0.0,,23.03,0.0,23.03,none,0,,0.0,23.03,2025-04-13,other,,
T001978,EUR,C00005,P016,Modern Serum 16,1,91.2,86.64,0.05,WELCOME5,91.2,4.56,86.64,none,0,,0.0,86.64,2025-04-13,other,,
T001979,EUR,C00547,P030,Active Mat 30,1,15.8,15.8,0.0,,15.8,0.0,15.8,none,0,,0.0,15.8,2025-04-14,other,,
T001980,EUR,C00936,P011,Urban Bottle 11,1,58.41,55.49,0.05,WELCOME5,58.41,2.92,55.49,none,0,,0.0,55.49,2025-04-14,website,,V002993
T001981,EUR,C00974,P004,Essential Bag 04,1,83.73,75.36,0.1,LOYALTY10,83.73,8.37,75.36,full,1,2025-05-06,75.36,0.0,2025-04-14,other,,
T001982,EUR,C00086,P016,Modern Serum 16,1,91.2,82.08,0.1,LOYALTY10,91.2,9.12,82.08,none,0,,0.0,82.08,2025-04-14,other,,
T001983,EUR,C00004,P004,Essential Bag 04,1,83.73,83.73,0.0,,83.73,0.0,83.73,none,0,,0.0,83.73,2025-04-14,other,,
T001984,EUR,C00367,P025,Daily Lamp 25,1,101.88,101.88,0.0,,101.88,0.0,101.88,none,0,,0.0,101.88,2025-04-14,other,,
T001985,EUR,C01000,P025,Daily Lamp 25,1,101.88,101.88,0.0,,101.88,0.0,101.88,none,0,,0.0,101.88,2025-04-14,other,,
T001986,EUR,C00773,P005,Bright Organizer 05,2,70.21,70.21,0.0,,140.42,0.0,140.42,none,0,,0.0,140.42,2025-04-14,other,,
T001987,EUR,C00354,P028,Essential Bag 28,2,98.03,98.03,0.0,,196.06,0.0,196.06,none,0,,0.0,196.06,2025-04-14,other,,
T001988,EUR,C00130,P012,Essential Bag 12,1,99.7,99.7,0.0,,99.7,0.0,99.7,none,0,,0.0,99.7,2025-04-14,website,,V001075
T001989,EUR,C00103,P009,Daily Lamp 09,2,27.05,27.05,0.0,,54.1,0.0,54.1,none,0,,0.0,54.1,2025-04-14,other,,
T001990,EUR,C00805,P006,Active Mat 06,1,104.36,99.14,0.05,WELCOME5,104.36,5.22,99.14,none,0,,0.0,99.14,2025-04-14,other,,
T001991,EUR,C00220,P015,Calm Cream 15,1,26.81,26.81,0.0,,26.81,0.0,26.81,none,0,,0.0,26.81,2025-04-14,other,,
T001992,EUR,C00884,P021,Bright Organizer 21,2,91.23,77.55,0.15,WEEKEND15,182.46,27.36,155.1,none,0,,0.0,155.1,2025-04-14,other,,
T001993,EUR,C00151,P002,Pure Band 02,1,19.22,19.22,0.0,,19.22,0.0,19.22,none,0,,0.0,19.22,2025-04-14,other,,
T001994,EUR,C00973,P008,Modern Serum 08,2,76.74,76.74,0.0,,153.48,0.0,153.48,none,0,,0.0,153.48,2025-04-14,other,,
T001995,EUR,C00437,P002,Pure Band 02,4,19.22,19.22,0.0,,76.88,0.0,76.88,none,0,,0.0,76.88,2025-04-14,other,,
T001996,EUR,C00636,P023,Calm Cream 23,1,43.34,43.34,0.0,,43.34,0.0,43.34,none,0,,0.0,43.34,2025-04-14,other,,
T001997,EUR,C00952,P012,Essential Bag 12,1,99.7,99.7,0.0,,99.7,0.0,99.7,none,0,,0.0,99.7,2025-04-14,other,,
T001998,EUR,C00207,P001,Daily Lamp 01,1,96.68,96.68,0.0,,96.68,0.0,96.68,none,0,,0.0,96.68,2025-04-14,other,,
T001999,EUR,C00776,P023,Calm Cream 23,2,43.34,41.17,0.05,WELCOME5,86.68,4.34,82.34,none,0,,0.0,82.34,2025-04-14,other,,
T002000,EUR,C00557,P018,Pure Band 18,1,68.13,68.13,0.0,,68.13,0.0,68.13,none,0,,0.0,68.13,2025-04-15,website,,V003710
T002001,EUR,C00857,P005,Bright Organizer 05,1,70.21,70.21,0.0,,70.21,0.0,70.21,none,0,,0.0,70.21,2025-04-15,website,,V007650
T002002,EUR,C00332,P003,Urban Bottle 03,1,105.26,105.26,0.0,,105.26,0.0,105.26,none,0,,0.0,105.26,2025-04-15,other,,
T002003,EUR,C00037,P021,Bright Organizer 21,1,91.23,82.11,0.1,LOYALTY10,91.23,9.12,82.11,none,0,,0.0,82.11,2025-04-15,other,,
T002004,EUR,C00735,P015,Calm Cream 15,2,26.81,26.81,0.0,,53.62,0.0,53.62,none,0,,0.0,53.62,2025-04-15,other,,
T002005,EUR,C00220,P027,Urban Bottle 27,1,102.64,102.64,0.0,,102.64,0.0,102.64,none,0,,0.0,102.64,2025-04-15,other,,
T002006,EUR,C00496,P020,Essential Bag 20,1,23.79,23.79,0.0,,23.79,0.0,23.79,none,0,,0.0,23.79,2025-04-15,other,,
T002007,EUR,C00818,P017,Daily Lamp 17,1,94.4,94.4,0.0,,94.4,0.0,94.4,none,0,,0.0,94.4,2025-04-15,other,,
T002008,EUR,C00972,P030,Active Mat 30,1,15.8,15.8,0.0,,15.8,0.0,15.8,none,0,,0.0,15.8,2025-04-15,other,,
T002009,EUR,C00462,P029,Bright Organizer 29,1,15.67,15.67,0.0,,15.67,0.0,15.67,none,0,,0.0,15.67,2025-04-15,other,,
T002010,EUR,C00041,P021,Bright Organizer 21,1,91.23,91.23,0.0,,91.23,0.0,91.23,none,0,,0.0,91.23,2025-04-15,other,,
T002011,EUR,C00042,P005,Bright Organizer 05,2,70.21,70.21,0.0,,140.42,0.0,140.42,none,0,,0.0,140.42,2025-04-15,other,,
T002012,EUR,C00740,P006,Active Mat 06,1,104.36,104.36,0.0,,104.36,0.0,104.36,none,0,,0.0,104.36,2025-04-15,other,,
T002013,EUR,C00963,P019,Urban Bottle 19,1,61.21,61.21,0.0,,61.21,0.0,61.21,none,0,,0.0,61.21,2025-04-15,other,,
T002014,EUR,C00124,P028,Essential Bag 28,1,98.03,98.03,0.0,,98.03,0.0,98.03,full,1,2025-05-08,98.03,0.0,2025-04-15,other,,
T002015,EUR,C00867,P002,Pure Band 02,2,19.22,19.22,0.0,,38.44,0.0,38.44,none,0,,0.0,38.44,2025-04-15,other,,
T002016,EUR,C00035,P021,Bright Organizer 21,1,91.23,91.23,0.0,,91.23,0.0,91.23,none,0,,0.0,91.23,2025-04-15,other,,
T002017,EUR,C00086,P015,Calm Cream 15,3,26.81,26.81,0.0,,80.43,0.0,80.43,partial,1,2025-04-26,26.81,53.62,2025-04-15,website,,V000157
T002018,EUR,C00291,P021,Bright Organizer 21,1,91.23,91.23,0.0,,91.23,0.0,91.23,none,0,,0.0,91.23,2025-04-15,other,,
T002019,EUR,C00363,P023,Calm Cream 23,2,43.34,39.01,0.1,SPRING10,86.68,8.66,78.02,none,0,,0.0,78.02,2025-04-16,marketing_campaign,SEND003176,V010428
T002020,EUR,C00943,P018,Pure Band 18,2,68.13,68.13,0.0,,136.26,0.0,136.26,full,2,2025-04-25,136.26,0.0,2025-04-16,other,,
T002021,EUR,C00144,P015,Calm Cream 15,2,26.81,26.81,0.0,,53.62,0.0,53.62,none,0,,0.0,53.62,2025-04-16,other,,
T002022,EUR,C00178,P006,Active Mat 06,1,104.36,99.14,0.05,WELCOME5,104.36,5.22,99.14,none,0,,0.0,99.14,2025-04-16,other,,
T002023,EUR,C00592,P027,Urban Bottle 27,2,102.64,102.64,0.0,,205.28,0.0,205.28,none,0,,0.0,205.28,2025-04-16,other,,
T002024,EUR,C00801,P008,Modern Serum 08,1,76.74,72.9,0.05,WELCOME5,76.74,3.84,72.9,none,0,,0.0,72.9,2025-04-16,other,,
T002025,EUR,C00977,P010,Pure Band 10,1,31.57,31.57,0.0,,31.57,0.0,31.57,none,0,,0.0,31.57,2025-04-16,other,,
T002026,EUR,C00389,P002,Pure Band 02,1,19.22,17.3,0.1,LOYALTY10,19.22,1.92,17.3,none,0,,0.0,17.3,2025-04-16,other,,
T002027,EUR,C00689,P005,Bright Organizer 05,4,70.21,63.19,0.1,LOYALTY10,280.84,28.08,252.76,none,0,,0.0,252.76,2025-04-16,other,,
T002028,EUR,C00763,P014,Active Mat 14,1,55.09,49.58,0.1,LOYALTY10,55.09,5.51,49.58,none,0,,0.0,49.58,2025-04-16,other,,
T002029,EUR,C00318,P004,Essential Bag 04,1,83.73,83.73,0.0,,83.73,0.0,83.73,none,0,,0.0,83.73,2025-04-16,other,,
T002030,EUR,C00615,P014,Active Mat 14,2,55.09,49.58,0.1,LOYALTY10,110.18,11.02,99.16,full,2,2025-05-04,99.16,0.0,2025-04-16,other,,
T002031,EUR,C00933,P004,Essential Bag 04,1,83.73,83.73,0.0,,83.73,0.0,83.73,none,0,,0.0,83.73,2025-04-16,other,,
T002032,EUR,C00566,P005,Bright Organizer 05,2,70.21,70.21,0.0,,140.42,0.0,140.42,none,0,,0.0,140.42,2025-04-16,other,,
T002033,EUR,C00252,P009,Daily Lamp 09,1,27.05,27.05,0.0,,27.05,0.0,27.05,none,0,,0.0,27.05,2025-04-16,other,,
T002034,EUR,C00405,P011,Urban Bottle 11,1,58.41,58.41,0.0,,58.41,0.0,58.41,none,0,,0.0,58.41,2025-04-16,other,,
T002035,EUR,C00062,P026,Pure Band 26,1,23.03,23.03,0.0,,23.03,0.0,23.03,none,0,,0.0,23.03,2025-04-16,other,,
T002036,EUR,C00436,P008,Modern Serum 08,1,76.74,76.74,0.0,,76.74,0.0,76.74,none,0,,0.0,76.74,2025-04-16,other,,
T002037,EUR,C00236,P018,Pure Band 18,1,68.13,68.13,0.0,,68.13,0.0,68.13,full,1,2025-05-04,68.13,0.0,2025-04-17,other,,
T002038,EUR,C00989,P004,Essential Bag 04,2,83.73,83.73,0.0,,167.46,0.0,167.46,none,0,,0.0,167.46,2025-04-17,other,,
T002039,EUR,C00862,P002,Pure Band 02,1,19.22,19.22,0.0,,19.22,0.0,19.22,none,0,,0.0,19.22,2025-04-17,other,,
T002040,EUR,C00263,P003,Urban Bottle 03,1,105.26,105.26,0.0,,105.26,0.0,105.26,none,0,,0.0,105.26,2025-04-17,other,,
T002041,EUR,C00400,P024,Modern Serum 24,3,66.52,66.52,0.0,,199.56,0.0,199.56,none,0,,0.0,199.56,2025-04-17,other,,
T002042,EUR,C00258,P021,Bright Organizer 21,2,91.23,91.23,0.0,,182.46,0.0,182.46,none,0,,0.0,182.46,2025-04-17,other,,
T002043,EUR,C00371,P015,Calm Cream 15,1,26.81,26.81,0.0,,26.81,0.0,26.81,none,0,,0.0,26.81,2025-04-17,other,,
T002044,EUR,C00766,P011,Urban Bottle 11,1,58.41,58.41,0.0,,58.41,0.0,58.41,full,1,2025-04-23,58.41,0.0,2025-04-17,other,,
T002045,EUR,C00390,P014,Active Mat 14,2,55.09,49.58,0.1,LOYALTY10,110.18,11.02,99.16,none,0,,0.0,99.16,2025-04-17,other,,
T002046,EUR,C00167,P003,Urban Bottle 03,1,105.26,105.26,0.0,,105.26,0.0,105.26,full,1,2025-04-23,105.26,0.0,2025-04-17,other,,
T002047,EUR,C00052,P025,Daily Lamp 25,1,101.88,96.79,0.05,WELCOME5,101.88,5.09,96.79,none,0,,0.0,96.79,2025-04-17,other,,
T002048,EUR,C00659,P002,Pure Band 02,1,19.22,19.22,0.0,,19.22,0.0,19.22,none,0,,0.0,19.22,2025-04-17,other,,
T002049,EUR,C00375,P028,Essential Bag 28,1,98.03,98.03,0.0,,98.03,0.0,98.03,none,0,,0.0,98.03,2025-04-17,other,,
T002050,EUR,C00878,P016,Modern Serum 16,2,91.2,91.2,0.0,,182.4,0.0,182.4,none,0,,0.0,182.4,2025-04-17,website,,V004168
T002051,EUR,C00051,P019,Urban Bottle 19,1,61.21,58.15,0.05,WELCOME5,61.21,3.06,58.15,none,0,,0.0,58.15,2025-04-17,other,,
T002052,EUR,C00628,P014,Active Mat 14,1,55.09,55.09,0.0,,55.09,0.0,55.09,none,0,,0.0,55.09,2025-04-17,website,,V000150
T002053,EUR,C00121,P023,Calm Cream 23,1,43.34,43.34,0.0,,43.34,0.0,43.34,full,1,2025-05-16,43.34,0.0,2025-04-17,other,,
T002054,EUR,C00247,P002,Pure Band 02,2,19.22,19.22,0.0,,38.44,0.0,38.44,none,0,,0.0,38.44,2025-04-17,other,,
T002055,EUR,C00672,P028,Essential Bag 28,1,98.03,98.03,0.0,,98.03,0.0,98.03,none,0,,0.0,98.03,2025-04-17,other,,
T002056,EUR,C00626,P012,Essential Bag 12,1,99.7,99.7,0.0,,99.7,0.0,99.7,none,0,,0.0,99.7,2025-04-17,other,,
T002057,EUR,C00327,P030,Active Mat 30,2,15.8,14.22,0.1,LOYALTY10,31.6,3.16,28.44,none,0,,0.0,28.44,2025-04-18,other,,
T002058,EUR,C00352,P003,Urban Bottle 03,1,105.26,105.26,0.0,,105.26,0.0,105.26,none,0,,0.0,105.26,2025-04-18,other,,
T002059,EUR,C00645,P021,Bright Organizer 21,1,91.23,91.23,0.0,,91.23,0.0,91.23,none,0,,0.0,91.23,2025-04-18,other,,
T002060,EUR,C00224,P027,Urban Bottle 27,1,102.64,102.64,0.0,,102.64,0.0,102.64,none,0,,0.0,102.64,2025-04-18,other,,
T002061,EUR,C00096,P027,Urban Bottle 27,1,102.64,102.64,0.0,,102.64,0.0,102.64,none,0,,0.0,102.64,2025-04-18,other,,
T002062,EUR,C00705,P017,Daily Lamp 17,1,94.4,89.68,0.05,WELCOME5,94.4,4.72,89.68,full,1,2025-04-27,89.68,0.0,2025-04-18,other,,
T002063,EUR,C00304,P021,Bright Organizer 21,3,91.23,91.23,0.0,,273.69,0.0,273.69,none,0,,0.0,273.69,2025-04-18,other,,
T002064,EUR,C00252,P010,Pure Band 10,1,31.57,31.57,0.0,,31.57,0.0,31.57,none,0,,0.0,31.57,2025-04-18,other,,
T002065,EUR,C00471,P010,Pure Band 10,1,31.57,31.57,0.0,,31.57,0.0,31.57,none,0,,0.0,31.57,2025-04-18,other,,
T002066,EUR,C00548,P008,Modern Serum 08,1,76.74,65.23,0.15,WEEKEND15,76.74,11.51,65.23,none,0,,0.0,65.23,2025-04-18,other,,
T002067,EUR,C00313,P011,Urban Bottle 11,2,58.41,58.41,0.0,,116.82,0.0,116.82,none,0,,0.0,116.82,2025-04-18,other,,
T002068,EUR,C00554,P019,Urban Bottle 19,1,61.21,61.21,0.0,,61.21,0.0,61.21,none,0,,0.0,61.21,2025-04-18,website,,V005407
T002069,EUR,C00450,P001,Daily Lamp 01,1,96.68,91.85,0.05,WELCOME5,96.68,4.83,91.85,none,0,,0.0,91.85,2025-04-18,website,,V002652
T002070,EUR,C00743,P006,Active Mat 06,1,104.36,104.36,0.0,,104.36,0.0,104.36,none,0,,0.0,104.36,2025-04-18,other,,
T002071,EUR,C00441,P002,Pure Band 02,1,19.22,19.22,0.0,,19.22,0.0,19.22,none,0,,0.0,19.22,2025-04-18,other,,
T002072,EUR,C00059,P029,Bright Organizer 29,1,15.67,15.67,0.0,,15.67,0.0,15.67,none,0,,0.0,15.67,2025-04-18,other,,
T002073,EUR,C00372,P010,Pure Band 10,1,31.57,31.57,0.0,,31.57,0.0,31.57,none,0,,0.0,31.57,2025-04-18,other,,
T002074,EUR,C00541,P020,Essential Bag 20,1,23.79,23.79,0.0,,23.79,0.0,23.79,none,0,,0.0,23.79,2025-04-18,other,,
T002075,EUR,C00869,P011,Urban Bottle 11,1,58.41,58.41,0.0,,58.41,0.0,58.41,none,0,,0.0,58.41,2025-04-18,other,,
T002076,EUR,C00126,P023,Calm Cream 23,1,43.34,43.34,0.0,,43.34,0.0,43.34,none,0,,0.0,43.34,2025-04-18,other,,
T002077,EUR,C00555,P013,Bright Organizer 13,1,48.36,48.36,0.0,,48.36,0.0,48.36,none,0,,0.0,48.36,2025-04-18,other,,
T002078,EUR,C00525,P009,Daily Lamp 09,1,27.05,27.05,0.0,,27.05,0.0,27.05,none,0,,0.0,27.05,2025-04-19,other,,
T002079,EUR,C00389,P003,Urban Bottle 03,1,105.26,105.26,0.0,,105.26,0.0,105.26,none,0,,0.0,105.26,2025-04-19,other,,
T002080,EUR,C00565,P013,Bright Organizer 13,1,48.36,48.36,0.0,,48.36,0.0,48.36,none,0,,0.0,48.36,2025-04-19,other,,
T002081,EUR,C00597,P006,Active Mat 06,2,104.36,104.36,0.0,,208.72,0.0,208.72,none,0,,0.0,208.72,2025-04-19,other,,
T002082,EUR,C00310,P006,Active Mat 06,2,104.36,104.36,0.0,,208.72,0.0,208.72,none,0,,0.0,208.72,2025-04-19,other,,
T002083,EUR,C00644,P021,Bright Organizer 21,2,91.23,91.23,0.0,,182.46,0.0,182.46,none,0,,0.0,182.46,2025-04-19,other,,
T002084,EUR,C00470,P001,Daily Lamp 01,1,96.68,96.68,0.0,,96.68,0.0,96.68,none,0,,0.0,96.68,2025-04-19,other,,
T002085,EUR,C00985,P009,Daily Lamp 09,4,27.05,27.05,0.0,,108.2,0.0,108.2,none,0,,0.0,108.2,2025-04-19,other,,
T002086,EUR,C00434,P006,Active Mat 06,1,104.36,104.36,0.0,,104.36,0.0,104.36,none,0,,0.0,104.36,2025-04-19,other,,
T002087,EUR,C00543,P004,Essential Bag 04,1,83.73,83.73,0.0,,83.73,0.0,83.73,none,0,,0.0,83.73,2025-04-19,website,,V007186
T002088,EUR,C00103,P028,Essential Bag 28,1,98.03,98.03,0.0,,98.03,0.0,98.03,none,0,,0.0,98.03,2025-04-19,other,,
T002089,EUR,C00156,P005,Bright Organizer 05,1,70.21,70.21,0.0,,70.21,0.0,70.21,none,0,,0.0,70.21,2025-04-19,other,,
T002090,EUR,C00452,P004,Essential Bag 04,2,83.73,83.73,0.0,,167.46,0.0,167.46,none,0,,0.0,167.46,2025-04-19,other,,
T002091,EUR,C00898,P024,Modern Serum 24,1,66.52,66.52,0.0,,66.52,0.0,66.52,none,0,,0.0,66.52,2025-04-20,other,,
T002092,EUR,C00392,P011,Urban Bottle 11,1,58.41,58.41,0.0,,58.41,0.0,58.41,none,0,,0.0,58.41,2025-04-20,other,,
T002093,EUR,C00878,P018,Pure Band 18,1,68.13,68.13,0.0,,68.13,0.0,68.13,none,0,,0.0,68.13,2025-04-20,other,,
T002094,EUR,C00189,P014,Active Mat 14,2,55.09,55.09,0.0,,110.18,0.0,110.18,none,0,,0.0,110.18,2025-04-20,other,,
T002095,EUR,C00014,P004,Essential Bag 04,1,83.73,75.36,0.1,LOYALTY10,83.73,8.37,75.36,none,0,,0.0,75.36,2025-04-20,other,,
T002096,EUR,C00100,P023,Calm Cream 23,2,43.34,43.34,0.0,,86.68,0.0,86.68,none,0,,0.0,86.68,2025-04-20,other,,
T002097,EUR,C00783,P005,Bright Organizer 05,2,70.21,66.7,0.05,WELCOME5,140.42,7.02,133.4,none,0,,0.0,133.4,2025-04-20,other,,
T002098,EUR,C00733,P025,Daily Lamp 25,2,101.88,96.79,0.05,WELCOME5,203.76,10.18,193.58,none,0,,0.0,193.58,2025-04-20,website,,V004283
T002099,EUR,C00415,P023,Calm Cream 23,1,43.34,43.34,0.0,,43.34,0.0,43.34,none,0,,0.0,43.34,2025-04-20,other,,
T002100,EUR,C00009,P004,Essential Bag 04,1,83.73,83.73,0.0,,83.73,0.0,83.73,none,0,,0.0,83.73,2025-04-20,other,,
T002101,EUR,C00004,P026,Pure Band 26,2,23.03,23.03,0.0,,46.06,0.0,46.06,none,0,,0.0,46.06,2025-04-20,other,,
T002102,EUR,C00227,P002,Pure Band 02,1,19.22,19.22,0.0,,19.22,0.0,19.22,none,0,,0.0,19.22,2025-04-20,other,,
T002103,EUR,C00543,P024,Modern Serum 24,1,66.52,66.52,0.0,,66.52,0.0,66.52,none,0,,0.0,66.52,2025-04-20,website,,V009079
T002104,EUR,C00107,P001,Daily Lamp 01,1,96.68,96.68,0.0,,96.68,0.0,96.68,none,0,,0.0,96.68,2025-04-20,website,,V007134
T002105,EUR,C00934,P011,Urban Bottle 11,1,58.41,58.41,0.0,,58.41,0.0,58.41,none,0,,0.0,58.41,2025-04-20,other,,
T002106,EUR,C00949,P008,Modern Serum 08,1,76.74,76.74,0.0,,76.74,0.0,76.74,none,0,,0.0,76.74,2025-04-20,other,,
T002107,EUR,C00886,P019,Urban Bottle 19,2,61.21,61.21,0.0,,122.42,0.0,122.42,none,0,,0.0,122.42,2025-04-20,other,,
T002108,EUR,C00942,P001,Daily Lamp 01,3,96.68,96.68,0.0,,290.04,0.0,290.04,none,0,,0.0,290.04,2025-04-20,other,,
T002109,EUR,C00487,P004,Essential Bag 04,1,83.73,83.73,0.0,,83.73,0.0,83.73,none,0,,0.0,83.73,2025-04-20,other,,
T002110,EUR,C00497,P004,Essential Bag 04,1,83.73,83.73,0.0,,83.73,0.0,83.73,none,0,,0.0,83.73,2025-04-21,other,,
T002111,EUR,C00470,P004,Essential Bag 04,1,83.73,75.36,0.1,LOYALTY10,83.73,8.37,75.36,none,0,,0.0,75.36,2025-04-21,other,,
T002112,EUR,C00287,P005,Bright Organizer 05,1,70.21,59.68,0.15,WEEKEND15,70.21,10.53,59.68,none,0,,0.0,59.68,2025-04-21,other,,
T002113,EUR,C00606,P019,Urban Bottle 19,2,61.21,61.21,0.0,,122.42,0.0,122.42,none,0,,0.0,122.42,2025-04-21,other,,
T002114,EUR,C00708,P006,Active Mat 06,2,104.36,104.36,0.0,,208.72,0.0,208.72,none,0,,0.0,208.72,2025-04-21,other,,
T002115,EUR,C00724,P003,Urban Bottle 03,1,105.26,100.0,0.05,WELCOME5,105.26,5.26,100.0,none,0,,0.0,100.0,2025-04-21,website,,V002272
T002116,EUR,C00929,P014,Active Mat 14,1,55.09,55.09,0.0,,55.09,0.0,55.09,none,0,,0.0,55.09,2025-04-21,other,,
T002117,EUR,C00419,P017,Daily Lamp 17,1,94.4,94.4,0.0,,94.4,0.0,94.4,none,0,,0.0,94.4,2025-04-21,other,,
T002118,EUR,C00401,P015,Calm Cream 15,1,26.81,26.81,0.0,,26.81,0.0,26.81,none,0,,0.0,26.81,2025-04-21,other,,
T002119,EUR,C00203,P021,Bright Organizer 21,1,91.23,91.23,0.0,,91.23,0.0,91.23,none,0,,0.0,91.23,2025-04-21,website,,V006086
T002120,EUR,C00248,P009,Daily Lamp 09,2,27.05,24.35,0.1,LOYALTY10,54.1,5.4,48.7,none,0,,0.0,48.7,2025-04-21,website,,V009506
T002121,EUR,C00094,P024,Modern Serum 24,1,66.52,66.52,0.0,,66.52,0.0,66.52,none,0,,0.0,66.52,2025-04-21,other,,
T002122,EUR,C00978,P012,Essential Bag 12,1,99.7,84.75,0.15,WEEKEND15,99.7,14.95,84.75,none,0,,0.0,84.75,2025-04-21,website,,V008920
T002123,EUR,C00767,P010,Pure Band 10,1,31.57,31.57,0.0,,31.57,0.0,31.57,none,0,,0.0,31.57,2025-04-21,other,,
T002124,EUR,C00288,P029,Bright Organizer 29,1,15.67,15.67,0.0,,15.67,0.0,15.67,none,0,,0.0,15.67,2025-04-21,other,,
T002125,EUR,C00776,P023,Calm Cream 23,2,43.34,36.84,0.15,WEEKEND15,86.68,13.0,73.68,none,0,,0.0,73.68,2025-04-21,other,,
T002126,EUR,C00453,P021,Bright Organizer 21,2,91.23,91.23,0.0,,182.46,0.0,182.46,partial,1,2025-05-17,91.23,91.23,2025-04-21,other,,
T002127,EUR,C00076,P016,Modern Serum 16,1,91.2,82.08,0.1,LOYALTY10,91.2,9.12,82.08,none,0,,0.0,82.08,2025-04-21,other,,
T002128,EUR,C00039,P015,Calm Cream 15,1,26.81,24.13,0.1,LOYALTY10,26.81,2.68,24.13,none,0,,0.0,24.13,2025-04-21,other,,
T002129,EUR,C00357,P019,Urban Bottle 19,2,61.21,58.15,0.05,WELCOME5,122.42,6.12,116.3,none,0,,0.0,116.3,2025-04-21,other,,
T002130,EUR,C00317,P006,Active Mat 06,1,104.36,104.36,0.0,,104.36,0.0,104.36,none,0,,0.0,104.36,2025-04-21,other,,
T002131,EUR,C00646,P001,Daily Lamp 01,1,96.68,96.68,0.0,,96.68,0.0,96.68,none,0,,0.0,96.68,2025-04-22,other,,
T002132,EUR,C00304,P022,Active Mat 22,1,31.79,31.79,0.0,,31.79,0.0,31.79,none,0,,0.0,31.79,2025-04-22,other,,
T002133,EUR,C00974,P018,Pure Band 18,1,68.13,68.13,0.0,,68.13,0.0,68.13,none,0,,0.0,68.13,2025-04-22,other,,
T002134,EUR,C00136,P013,Bright Organizer 13,1,48.36,48.36,0.0,,48.36,0.0,48.36,none,0,,0.0,48.36,2025-04-22,other,,
T002135,EUR,C00044,P024,Modern Serum 24,1,66.52,59.87,0.1,LOYALTY10,66.52,6.65,59.87,none,0,,0.0,59.87,2025-04-22,other,,
T002136,EUR,C00603,P015,Calm Cream 15,1,26.81,26.81,0.0,,26.81,0.0,26.81,full,1,2025-05-06,26.81,0.0,2025-04-22,other,,
T002137,EUR,C00314,P030,Active Mat 30,1,15.8,15.8,0.0,,15.8,0.0,15.8,none,0,,0.0,15.8,2025-04-22,other,,
T002138,EUR,C00003,P006,Active Mat 06,1,104.36,99.14,0.05,WELCOME5,104.36,5.22,99.14,none,0,,0.0,99.14,2025-04-22,other,,
T002139,EUR,C00949,P006,Active Mat 06,2,104.36,104.36,0.0,,208.72,0.0,208.72,none,0,,0.0,208.72,2025-04-22,other,,
T002140,EUR,C00894,P006,Active Mat 06,1,104.36,99.14,0.05,WELCOME5,104.36,5.22,99.14,none,0,,0.0,99.14,2025-04-22,website,,V007676
T002141,EUR,C00214,P030,Active Mat 30,1,15.8,15.01,0.05,WELCOME5,15.8,0.79,15.01,none,0,,0.0,15.01,2025-04-22,website,,V000261
T002142,EUR,C00001,P006,Active Mat 06,1,104.36,104.36,0.0,,104.36,0.0,104.36,none,0,,0.0,104.36,2025-04-22,other,,
T002143,EUR,C00915,P019,Urban Bottle 19,1,61.21,61.21,0.0,,61.21,0.0,61.21,none,0,,0.0,61.21,2025-04-22,other,,
T002144,EUR,C00391,P020,Essential Bag 20,1,23.79,23.79,0.0,,23.79,0.0,23.79,none,0,,0.0,23.79,2025-04-22,other,,
T002145,EUR,C00063,P018,Pure Band 18,1,68.13,68.13,0.0,,68.13,0.0,68.13,none,0,,0.0,68.13,2025-04-22,other,,
T002146,EUR,C00165,P011,Urban Bottle 11,2,58.41,58.41,0.0,,116.82,0.0,116.82,none,0,,0.0,116.82,2025-04-22,other,,
T002147,EUR,C00212,P004,Essential Bag 04,2,83.73,83.73,0.0,,167.46,0.0,167.46,none,0,,0.0,167.46,2025-04-22,other,,
T002148,EUR,C00401,P012,Essential Bag 12,2,99.7,99.7,0.0,,199.4,0.0,199.4,none,0,,0.0,199.4,2025-04-22,website,,V003941
T002149,EUR,C01000,P006,Active Mat 06,1,104.36,104.36,0.0,,104.36,0.0,104.36,none,0,,0.0,104.36,2025-04-22,other,,
T002150,EUR,C00348,P015,Calm Cream 15,2,26.81,26.81,0.0,,53.62,0.0,53.62,full,2,2025-05-18,53.62,0.0,2025-04-23,other,,
T002151,EUR,C00159,P011,Urban Bottle 11,1,58.41,52.57,0.1,SPRING10,58.41,5.84,52.57,none,0,,0.0,52.57,2025-04-23,marketing_campaign,SEND006748,V010893
T002152,EUR,C00814,P012,Essential Bag 12,2,99.7,94.72,0.05,WELCOME5,199.4,9.96,189.44,none,0,,0.0,189.44,2025-04-23,other,,
T002153,EUR,C00809,P024,Modern Serum 24,1,66.52,66.52,0.0,,66.52,0.0,66.52,full,1,2025-05-17,66.52,0.0,2025-04-23,other,,
T002154,EUR,C00948,P019,Urban Bottle 19,1,61.21,61.21,0.0,,61.21,0.0,61.21,none,0,,0.0,61.21,2025-04-23,other,,
T002155,EUR,C00873,P013,Bright Organizer 13,1,48.36,48.36,0.0,,48.36,0.0,48.36,none,0,,0.0,48.36,2025-04-23,other,,
T002156,EUR,C00057,P019,Urban Bottle 19,1,61.21,61.21,0.0,,61.21,0.0,61.21,none,0,,0.0,61.21,2025-04-23,other,,
T002157,EUR,C00217,P028,Essential Bag 28,2,98.03,98.03,0.0,,196.06,0.0,196.06,none,0,,0.0,196.06,2025-04-23,other,,
T002158,EUR,C00304,P008,Modern Serum 08,2,76.74,76.74,0.0,,153.48,0.0,153.48,full,2,2025-05-01,153.48,0.0,2025-04-23,other,,
T002159,EUR,C00936,P023,Calm Cream 23,3,43.34,39.01,0.1,SPRING10,130.02,12.99,117.03,none,0,,0.0,117.03,2025-04-23,marketing_campaign,SEND000105,V010011
T002160,EUR,C00287,P006,Active Mat 06,2,104.36,99.14,0.05,WELCOME5,208.72,10.44,198.28,none,0,,0.0,198.28,2025-04-23,other,,
T002161,EUR,C00634,P008,Modern Serum 08,1,76.74,76.74,0.0,,76.74,0.0,76.74,none,0,,0.0,76.74,2025-04-23,other,,
T002162,EUR,C00694,P012,Essential Bag 12,1,99.7,99.7,0.0,,99.7,0.0,99.7,none,0,,0.0,99.7,2025-04-23,other,,
T002163,EUR,C00206,P012,Essential Bag 12,1,99.7,99.7,0.0,,99.7,0.0,99.7,none,0,,0.0,99.7,2025-04-23,other,,
T002164,EUR,C00176,P018,Pure Band 18,1,68.13,68.13,0.0,,68.13,0.0,68.13,none,0,,0.0,68.13,2025-04-23,other,,
T002165,EUR,C00969,P014,Active Mat 14,2,55.09,49.58,0.1,SPRING10,110.18,11.02,99.16,none,0,,0.0,99.16,2025-04-23,marketing_campaign,SEND005265,V010689
T002166,EUR,C00220,P010,Pure Band 10,1,31.57,31.57,0.0,,31.57,0.0,31.57,none,0,,0.0,31.57,2025-04-24,other,,
T002167,EUR,C00756,P022,Active Mat 22,1,31.79,28.61,0.1,LOYALTY10,31.79,3.18,28.61,none,0,,0.0,28.61,2025-04-24,other,,
T002168,EUR,C00248,P026,Pure Band 26,1,23.03,23.03,0.0,,23.03,0.0,23.03,none,0,,0.0,23.03,2025-04-24,other,,
T002169,EUR,C00948,P028,Essential Bag 28,1,98.03,98.03,0.0,,98.03,0.0,98.03,none,0,,0.0,98.03,2025-04-24,website,,V003226
T002170,EUR,C00632,P005,Bright Organizer 05,2,70.21,70.21,0.0,,140.42,0.0,140.42,none,0,,0.0,140.42,2025-04-24,other,,
T002171,EUR,C00822,P004,Essential Bag 04,2,83.73,83.73,0.0,,167.46,0.0,167.46,none,0,,0.0,167.46,2025-04-24,other,,
T002172,EUR,C00905,P003,Urban Bottle 03,3,105.26,94.73,0.1,LOYALTY10,315.78,31.59,284.19,none,0,,0.0,284.19,2025-04-24,other,,
T002173,EUR,C00006,P009,Daily Lamp 09,2,27.05,27.05,0.0,,54.1,0.0,54.1,none,0,,0.0,54.1,2025-04-24,other,,
T002174,EUR,C00130,P011,Urban Bottle 11,1,58.41,58.41,0.0,,58.41,0.0,58.41,none,0,,0.0,58.41,2025-04-24,other,,
T002175,EUR,C00730,P008,Modern Serum 08,1,76.74,76.74,0.0,,76.74,0.0,76.74,full,1,2025-05-23,76.74,0.0,2025-04-24,other,,
T002176,EUR,C00745,P023,Calm Cream 23,1,43.34,41.17,0.05,WELCOME5,43.34,2.17,41.17,none,0,,0.0,41.17,2025-04-24,other,,
T002177,EUR,C00273,P029,Bright Organizer 29,1,15.67,15.67,0.0,,15.67,0.0,15.67,none,0,,0.0,15.67,2025-04-24,other,,
T002178,EUR,C00587,P014,Active Mat 14,3,55.09,55.09,0.0,,165.27,0.0,165.27,none,0,,0.0,165.27,2025-04-24,other,,
T002179,EUR,C00888,P012,Essential Bag 12,1,99.7,99.7,0.0,,99.7,0.0,99.7,none,0,,0.0,99.7,2025-04-24,other,,
T002180,EUR,C00670,P014,Active Mat 14,1,55.09,55.09,0.0,,55.09,0.0,55.09,none,0,,0.0,55.09,2025-04-24,other,,
T002181,EUR,C00060,P029,Bright Organizer 29,1,15.67,14.89,0.05,WELCOME5,15.67,0.78,14.89,none,0,,0.0,14.89,2025-04-24,other,,
T002182,EUR,C00434,P026,Pure Band 26,1,23.03,23.03,0.0,,23.03,0.0,23.03,none,0,,0.0,23.03,2025-04-24,other,,
T002183,EUR,C00761,P014,Active Mat 14,1,55.09,49.58,0.1,LOYALTY10,55.09,5.51,49.58,none,0,,0.0,49.58,2025-04-24,other,,
T002184,EUR,C00392,P029,Bright Organizer 29,2,15.67,15.67,0.0,,31.34,0.0,31.34,none,0,,0.0,31.34,2025-04-24,other,,
T002185,EUR,C00844,P005,Bright Organizer 05,1,70.21,70.21,0.0,,70.21,0.0,70.21,none,0,,0.0,70.21,2025-04-24,other,,
T002186,EUR,C00045,P017,Daily Lamp 17,1,94.4,94.4,0.0,,94.4,0.0,94.4,none,0,,0.0,94.4,2025-04-24,website,,V000944
T002187,EUR,C00352,P026,Pure Band 26,1,23.03,23.03,0.0,,23.03,0.0,23.03,none,0,,0.0,23.03,2025-04-24,other,,
T002188,EUR,C00197,P010,Pure Band 10,1,31.57,31.57,0.0,,31.57,0.0,31.57,none,0,,0.0,31.57,2025-04-24,other,,
T002189,EUR,C00127,P022,Active Mat 22,1,31.79,31.79,0.0,,31.79,0.0,31.79,none,0,,0.0,31.79,2025-04-24,other,,
T002190,EUR,C00526,P005,Bright Organizer 05,1,70.21,70.21,0.0,,70.21,0.0,70.21,none,0,,0.0,70.21,2025-04-24,other,,
T002191,EUR,C00240,P025,Daily Lamp 25,2,101.88,101.88,0.0,,203.76,0.0,203.76,none,0,,0.0,203.76,2025-04-24,other,,
T002192,EUR,C00157,P016,Modern Serum 16,1,91.2,77.52,0.15,WEEKEND15,91.2,13.68,77.52,none,0,,0.0,77.52,2025-04-24,other,,
T002193,EUR,C00470,P005,Bright Organizer 05,1,70.21,70.21,0.0,,70.21,0.0,70.21,full,1,2025-04-27,70.21,0.0,2025-04-25,other,,
T002194,EUR,C00722,P018,Pure Band 18,1,68.13,68.13,0.0,,68.13,0.0,68.13,none,0,,0.0,68.13,2025-04-25,other,,
T002195,EUR,C00690,P011,Urban Bottle 11,1,58.41,58.41,0.0,,58.41,0.0,58.41,full,1,2025-05-16,58.41,0.0,2025-04-25,other,,
T002196,EUR,C00599,P008,Modern Serum 08,1,76.74,76.74,0.0,,76.74,0.0,76.74,none,0,,0.0,76.74,2025-04-25,other,,
T002197,EUR,C00945,P016,Modern Serum 16,1,91.2,91.2,0.0,,91.2,0.0,91.2,none,0,,0.0,91.2,2025-04-25,other,,
T002198,EUR,C00592,P004,Essential Bag 04,1,83.73,83.73,0.0,,83.73,0.0,83.73,none,0,,0.0,83.73,2025-04-25,other,,
T002199,EUR,C00049,P002,Pure Band 02,1,19.22,19.22,0.0,,19.22,0.0,19.22,none,0,,0.0,19.22,2025-04-25,other,,
T002200,EUR,C00617,P011,Urban Bottle 11,1,58.41,58.41,0.0,,58.41,0.0,58.41,none,0,,0.0,58.41,2025-04-25,other,,
T002201,EUR,C00358,P023,Calm Cream 23,1,43.34,43.34,0.0,,43.34,0.0,43.34,none,0,,0.0,43.34,2025-04-25,other,,
T002202,EUR,C00882,P012,Essential Bag 12,1,99.7,99.7,0.0,,99.7,0.0,99.7,none,0,,0.0,99.7,2025-04-25,other,,
T002203,EUR,C00474,P005,Bright Organizer 05,1,70.21,70.21,0.0,,70.21,0.0,70.21,none,0,,0.0,70.21,2025-04-25,website,,V006181
T002204,EUR,C00302,P025,Daily Lamp 25,1,101.88,101.88,0.0,,101.88,0.0,101.88,none,0,,0.0,101.88,2025-04-25,other,,
T002205,EUR,C00032,P023,Calm Cream 23,1,43.34,43.34,0.0,,43.34,0.0,43.34,none,0,,0.0,43.34,2025-04-25,other,,
T002206,EUR,C00569,P020,Essential Bag 20,1,23.79,23.79,0.0,,23.79,0.0,23.79,none,0,,0.0,23.79,2025-04-25,other,,
T002207,EUR,C00769,P021,Bright Organizer 21,1,91.23,91.23,0.0,,91.23,0.0,91.23,none,0,,0.0,91.23,2025-04-25,other,,
T002208,EUR,C00865,P005,Bright Organizer 05,1,70.21,70.21,0.0,,70.21,0.0,70.21,none,0,,0.0,70.21,2025-04-25,other,,
T002209,EUR,C00979,P023,Calm Cream 23,2,43.34,43.34,0.0,,86.68,0.0,86.68,none,0,,0.0,86.68,2025-04-25,other,,
T002210,EUR,C00955,P021,Bright Organizer 21,1,91.23,91.23,0.0,,91.23,0.0,91.23,none,0,,0.0,91.23,2025-04-25,other,,
T002211,EUR,C00406,P005,Bright Organizer 05,2,70.21,63.19,0.1,LOYALTY10,140.42,14.04,126.38,none,0,,0.0,126.38,2025-04-26,other,,
T002212,EUR,C00707,P025,Daily Lamp 25,1,101.88,101.88,0.0,,101.88,0.0,101.88,none,0,,0.0,101.88,2025-04-26,other,,
T002213,EUR,C00908,P007,Calm Cream 07,1,21.92,21.92,0.0,,21.92,0.0,21.92,none,0,,0.0,21.92,2025-04-26,other,,
T002214,EUR,C00451,P007,Calm Cream 07,1,21.92,21.92,0.0,,21.92,0.0,21.92,full,1,2025-05-25,21.92,0.0,2025-04-26,other,,
T002215,EUR,C00329,P023,Calm Cream 23,1,43.34,43.34,0.0,,43.34,0.0,43.34,none,0,,0.0,43.34,2025-04-26,other,,
T002216,EUR,C00207,P021,Bright Organizer 21,1,91.23,91.23,0.0,,91.23,0.0,91.23,none,0,,0.0,91.23,2025-04-26,other,,
T002217,EUR,C00237,P017,Daily Lamp 17,1,94.4,94.4,0.0,,94.4,0.0,94.4,none,0,,0.0,94.4,2025-04-26,other,,
T002218,EUR,C00596,P012,Essential Bag 12,1,99.7,99.7,0.0,,99.7,0.0,99.7,none,0,,0.0,99.7,2025-04-26,website,,V009415
T002219,EUR,C00289,P022,Active Mat 22,2,31.79,28.61,0.1,LOYALTY10,63.58,6.36,57.22,none,0,,0.0,57.22,2025-04-26,other,,
T002220,EUR,C00277,P018,Pure Band 18,1,68.13,68.13,0.0,,68.13,0.0,68.13,none,0,,0.0,68.13,2025-04-26,other,,
T002221,EUR,C00107,P024,Modern Serum 24,1,66.52,66.52,0.0,,66.52,0.0,66.52,none,0,,0.0,66.52,2025-04-26,other,,
T002222,EUR,C00637,P029,Bright Organizer 29,2,15.67,14.89,0.05,WELCOME5,31.34,1.56,29.78,none,0,,0.0,29.78,2025-04-26,other,,
T002223,EUR,C00998,P023,Calm Cream 23,1,43.34,39.01,0.1,LOYALTY10,43.34,4.33,39.01,none,0,,0.0,39.01,2025-04-26,other,,
T002224,EUR,C00934,P014,Active Mat 14,1,55.09,55.09,0.0,,55.09,0.0,55.09,none,0,,0.0,55.09,2025-04-26,other,,
T002225,EUR,C00491,P026,Pure Band 26,1,23.03,21.88,0.05,WELCOME5,23.03,1.15,21.88,none,0,,0.0,21.88,2025-04-26,other,,
T002226,EUR,C00322,P026,Pure Band 26,1,23.03,23.03,0.0,,23.03,0.0,23.03,none,0,,0.0,23.03,2025-04-26,other,,
T002227,EUR,C00182,P002,Pure Band 02,2,19.22,19.22,0.0,,38.44,0.0,38.44,partial,1,2025-05-06,19.22,19.22,2025-04-26,other,,
T002228,EUR,C00041,P020,Essential Bag 20,1,23.79,23.79,0.0,,23.79,0.0,23.79,none,0,,0.0,23.79,2025-04-26,other,,
T002229,EUR,C00048,P016,Modern Serum 16,1,91.2,91.2,0.0,,91.2,0.0,91.2,none,0,,0.0,91.2,2025-04-26,other,,
T002230,EUR,C00281,P005,Bright Organizer 05,1,70.21,63.19,0.1,LOYALTY10,70.21,7.02,63.19,full,1,2025-05-21,63.19,0.0,2025-04-26,other,,
T002231,EUR,C00200,P021,Bright Organizer 21,1,91.23,91.23,0.0,,91.23,0.0,91.23,none,0,,0.0,91.23,2025-04-27,website,,V005078
T002232,EUR,C00325,P024,Modern Serum 24,1,66.52,66.52,0.0,,66.52,0.0,66.52,none,0,,0.0,66.52,2025-04-27,other,,
T002233,EUR,C00105,P008,Modern Serum 08,3,76.74,69.07,0.1,SPRING10,230.22,23.01,207.21,none,0,,0.0,207.21,2025-04-27,marketing_campaign,SEND000959,V010126
T002234,EUR,C00559,P028,Essential Bag 28,1,98.03,98.03,0.0,,98.03,0.0,98.03,none,0,,0.0,98.03,2025-04-27,website,,V004565
T002235,EUR,C00142,P016,Modern Serum 16,1,91.2,91.2,0.0,,91.2,0.0,91.2,none,0,,0.0,91.2,2025-04-27,other,,
T002236,EUR,C00926,P005,Bright Organizer 05,2,70.21,70.21,0.0,,140.42,0.0,140.42,none,0,,0.0,140.42,2025-04-27,other,,
T002237,EUR,C00780,P019,Urban Bottle 19,2,61.21,61.21,0.0,,122.42,0.0,122.42,none,0,,0.0,122.42,2025-04-27,other,,
T002238,EUR,C00483,P027,Urban Bottle 27,1,102.64,102.64,0.0,,102.64,0.0,102.64,none,0,,0.0,102.64,2025-04-27,other,,
T002239,EUR,C00029,P008,Modern Serum 08,2,76.74,76.74,0.0,,153.48,0.0,153.48,none,0,,0.0,153.48,2025-04-27,other,,
T002240,EUR,C00441,P015,Calm Cream 15,1,26.81,26.81,0.0,,26.81,0.0,26.81,none,0,,0.0,26.81,2025-04-27,other,,
T002241,EUR,C00824,P021,Bright Organizer 21,1,91.23,91.23,0.0,,91.23,0.0,91.23,none,0,,0.0,91.23,2025-04-27,other,,
T002242,EUR,C00138,P018,Pure Band 18,3,68.13,61.32,0.1,SPRING10,204.39,20.43,183.96,none,0,,0.0,183.96,2025-04-27,marketing_campaign,SEND005736,V010758
T002243,EUR,C00138,P021,Bright Organizer 21,2,91.23,91.23,0.0,,182.46,0.0,182.46,none,0,,0.0,182.46,2025-04-27,other,,
T002244,EUR,C00538,P030,Active Mat 30,1,15.8,15.8,0.0,,15.8,0.0,15.8,none,0,,0.0,15.8,2025-04-27,other,,
T002245,EUR,C00392,P010,Pure Band 10,1,31.57,31.57,0.0,,31.57,0.0,31.57,none,0,,0.0,31.57,2025-04-27,other,,
T002246,EUR,C00060,P019,Urban Bottle 19,1,61.21,61.21,0.0,,61.21,0.0,61.21,none,0,,0.0,61.21,2025-04-27,website,,V002317
T002247,EUR,C00664,P005,Bright Organizer 05,1,70.21,70.21,0.0,,70.21,0.0,70.21,none,0,,0.0,70.21,2025-04-27,other,,
T002248,EUR,C00855,P002,Pure Band 02,2,19.22,19.22,0.0,,38.44,0.0,38.44,none,0,,0.0,38.44,2025-04-27,other,,
T002249,EUR,C00739,P014,Active Mat 14,1,55.09,55.09,0.0,,55.09,0.0,55.09,none,0,,0.0,55.09,2025-04-27,other,,
T002250,EUR,C00182,P028,Essential Bag 28,1,98.03,98.03,0.0,,98.03,0.0,98.03,none,0,,0.0,98.03,2025-04-27,other,,
T002251,EUR,C00259,P018,Pure Band 18,1,68.13,68.13,0.0,,68.13,0.0,68.13,none,0,,0.0,68.13,2025-04-28,other,,
T002252,EUR,C00307,P016,Modern Serum 16,1,91.2,91.2,0.0,,91.2,0.0,91.2,none,0,,0.0,91.2,2025-04-28,website,,V005203
T002253,EUR,C00313,P016,Modern Serum 16,1,91.2,91.2,0.0,,91.2,0.0,91.2,none,0,,0.0,91.2,2025-04-28,other,,
T002254,EUR,C00575,P010,Pure Band 10,1,31.57,31.57,0.0,,31.57,0.0,31.57,none,0,,0.0,31.57,2025-04-28,website,,V000732
T002255,EUR,C00028,P014,Active Mat 14,1,55.09,46.83,0.15,WEEKEND15,55.09,8.26,46.83,none,0,,0.0,46.83,2025-04-28,other,,
T002256,EUR,C00674,P010,Pure Band 10,1,31.57,28.41,0.1,LOYALTY10,31.57,3.16,28.41,none,0,,0.0,28.41,2025-04-28,other,,
T002257,EUR,C00032,P016,Modern Serum 16,2,91.2,91.2,0.0,,182.4,0.0,182.4,none,0,,0.0,182.4,2025-04-28,website,,V008685
T002258,EUR,C00721,P028,Essential Bag 28,1,98.03,98.03,0.0,,98.03,0.0,98.03,none,0,,0.0,98.03,2025-04-28,other,,
T002259,EUR,C00976,P017,Daily Lamp 17,2,94.4,94.4,0.0,,188.8,0.0,188.8,none,0,,0.0,188.8,2025-04-28,other,,
T002260,EUR,C00607,P023,Calm Cream 23,1,43.34,43.34,0.0,,43.34,0.0,43.34,none,0,,0.0,43.34,2025-04-28,other,,
T002261,EUR,C00685,P002,Pure Band 02,1,19.22,19.22,0.0,,19.22,0.0,19.22,none,0,,0.0,19.22,2025-04-28,other,,
T002262,EUR,C00124,P019,Urban Bottle 19,1,61.21,58.15,0.05,WELCOME5,61.21,3.06,58.15,none,0,,0.0,58.15,2025-04-28,other,,
T002263,EUR,C00831,P024,Modern Serum 24,1,66.52,66.52,0.0,,66.52,0.0,66.52,none,0,,0.0,66.52,2025-04-28,other,,
T002264,EUR,C00394,P017,Daily Lamp 17,1,94.4,80.24,0.15,WEEKEND15,94.4,14.16,80.24,none,0,,0.0,80.24,2025-04-28,other,,
T002265,EUR,C00188,P014,Active Mat 14,2,55.09,55.09,0.0,,110.18,0.0,110.18,none,0,,0.0,110.18,2025-04-28,website,,V005090
T002266,EUR,C00845,P015,Calm Cream 15,1,26.81,26.81,0.0,,26.81,0.0,26.81,none,0,,0.0,26.81,2025-04-28,other,,
T002267,EUR,C00253,P001,Daily Lamp 01,2,96.68,96.68,0.0,,193.36,0.0,193.36,none,0,,0.0,193.36,2025-04-28,other,,
T002268,EUR,C00208,P008,Modern Serum 08,1,76.74,76.74,0.0,,76.74,0.0,76.74,none,0,,0.0,76.74,2025-04-28,other,,
T002269,EUR,C00885,P016,Modern Serum 16,2,91.2,91.2,0.0,,182.4,0.0,182.4,full,2,2025-05-11,182.4,0.0,2025-04-28,website,,V009125
T002270,EUR,C00956,P023,Calm Cream 23,1,43.34,43.34,0.0,,43.34,0.0,43.34,none,0,,0.0,43.34,2025-04-28,other,,
T002271,EUR,C00785,P014,Active Mat 14,1,55.09,55.09,0.0,,55.09,0.0,55.09,none,0,,0.0,55.09,2025-04-28,other,,
T002272,EUR,C00548,P025,Daily Lamp 25,1,101.88,101.88,0.0,,101.88,0.0,101.88,none,0,,0.0,101.88,2025-04-29,other,,
T002273,EUR,C00501,P001,Daily Lamp 01,1,96.68,96.68,0.0,,96.68,0.0,96.68,none,0,,0.0,96.68,2025-04-29,other,,
T002274,EUR,C00571,P005,Bright Organizer 05,1,70.21,70.21,0.0,,70.21,0.0,70.21,none,0,,0.0,70.21,2025-04-29,other,,
T002275,EUR,C00683,P001,Daily Lamp 01,1,96.68,96.68,0.0,,96.68,0.0,96.68,none,0,,0.0,96.68,2025-04-29,other,,
T002276,EUR,C00105,P010,Pure Band 10,1,31.57,31.57,0.0,,31.57,0.0,31.57,none,0,,0.0,31.57,2025-04-29,other,,
T002277,EUR,C00004,P024,Modern Serum 24,1,66.52,56.54,0.15,WEEKEND15,66.52,9.98,56.54,full,1,2025-05-24,56.54,0.0,2025-04-29,other,,
T002278,EUR,C00896,P026,Pure Band 26,2,23.03,23.03,0.0,,46.06,0.0,46.06,none,0,,0.0,46.06,2025-04-29,other,,
T002279,EUR,C00520,P011,Urban Bottle 11,1,58.41,49.65,0.15,WEEKEND15,58.41,8.76,49.65,none,0,,0.0,49.65,2025-04-29,other,,
T002280,EUR,C00389,P009,Daily Lamp 09,1,27.05,27.05,0.0,,27.05,0.0,27.05,none,0,,0.0,27.05,2025-04-29,other,,
T002281,EUR,C00155,P030,Active Mat 30,3,15.8,15.8,0.0,,47.4,0.0,47.4,none,0,,0.0,47.4,2025-04-29,website,,V001729
T002282,EUR,C00680,P001,Daily Lamp 01,1,96.68,96.68,0.0,,96.68,0.0,96.68,none,0,,0.0,96.68,2025-04-29,other,,
T002283,EUR,C00684,P024,Modern Serum 24,2,66.52,66.52,0.0,,133.04,0.0,133.04,none,0,,0.0,133.04,2025-04-29,other,,
T002284,EUR,C00114,P021,Bright Organizer 21,1,91.23,91.23,0.0,,91.23,0.0,91.23,none,0,,0.0,91.23,2025-04-29,website,,V004838
T002285,EUR,C00230,P019,Urban Bottle 19,2,61.21,61.21,0.0,,122.42,0.0,122.42,none,0,,0.0,122.42,2025-04-29,other,,
T002286,EUR,C00390,P020,Essential Bag 20,1,23.79,23.79,0.0,,23.79,0.0,23.79,none,0,,0.0,23.79,2025-04-29,other,,
T002287,EUR,C00444,P015,Calm Cream 15,1,26.81,26.81,0.0,,26.81,0.0,26.81,none,0,,0.0,26.81,2025-04-29,website,,V009963
T002288,EUR,C00630,P001,Daily Lamp 01,1,96.68,82.18,0.15,WEEKEND15,96.68,14.5,82.18,none,0,,0.0,82.18,2025-04-29,other,,
T002289,EUR,C00365,P015,Calm Cream 15,1,26.81,26.81,0.0,,26.81,0.0,26.81,none,0,,0.0,26.81,2025-04-29,other,,
T002290,EUR,C00655,P027,Urban Bottle 27,3,102.64,102.64,0.0,,307.92,0.0,307.92,none,0,,0.0,307.92,2025-04-29,other,,
T002291,EUR,C00879,P018,Pure Band 18,1,68.13,57.91,0.15,WEEKEND15,68.13,10.22,57.91,none,0,,0.0,57.91,2025-04-29,other,,
T002292,EUR,C00971,P014,Active Mat 14,4,55.09,55.09,0.0,,220.36,0.0,220.36,none,0,,0.0,220.36,2025-04-29,other,,
T002293,EUR,C00512,P026,Pure Band 26,1,23.03,23.03,0.0,,23.03,0.0,23.03,none,0,,0.0,23.03,2025-04-29,other,,
T002294,EUR,C00756,P025,Daily Lamp 25,2,101.88,96.79,0.05,WELCOME5,203.76,10.18,193.58,partial,1,2025-05-21,96.79,96.79,2025-04-30,other,,
T002295,EUR,C00009,P012,Essential Bag 12,1,99.7,89.73,0.1,SPRING10,99.7,9.97,89.73,none,0,,0.0,89.73,2025-04-30,marketing_campaign,SEND003472,V010458
T002296,EUR,C00093,P023,Calm Cream 23,1,43.34,39.01,0.1,LOYALTY10,43.34,4.33,39.01,none,0,,0.0,39.01,2025-04-30,other,,
T002297,EUR,C00229,P014,Active Mat 14,1,55.09,55.09,0.0,,55.09,0.0,55.09,none,0,,0.0,55.09,2025-04-30,other,,
T002298,EUR,C00932,P010,Pure Band 10,1,31.57,31.57,0.0,,31.57,0.0,31.57,none,0,,0.0,31.57,2025-04-30,other,,
T002299,EUR,C00315,P001,Daily Lamp 01,2,96.68,96.68,0.0,,193.36,0.0,193.36,none,0,,0.0,193.36,2025-04-30,website,,V008232
T002300,EUR,C00010,P019,Urban Bottle 19,2,61.21,58.15,0.05,WELCOME5,122.42,6.12,116.3,none,0,,0.0,116.3,2025-04-30,other,,
T002301,EUR,C00255,P011,Urban Bottle 11,1,58.41,58.41,0.0,,58.41,0.0,58.41,none,0,,0.0,58.41,2025-04-30,website,,V008599
T002302,EUR,C00576,P024,Modern Serum 24,1,66.52,59.87,0.1,LOYALTY10,66.52,6.65,59.87,none,0,,0.0,59.87,2025-04-30,other,,
T002303,EUR,C00284,P028,Essential Bag 28,1,98.03,98.03,0.0,,98.03,0.0,98.03,none,0,,0.0,98.03,2025-04-30,other,,
T002304,EUR,C00315,P021,Bright Organizer 21,3,91.23,91.23,0.0,,273.69,0.0,273.69,none,0,,0.0,273.69,2025-04-30,other,,
T002305,EUR,C00269,P023,Calm Cream 23,1,43.34,43.34,0.0,,43.34,0.0,43.34,none,0,,0.0,43.34,2025-04-30,other,,
T002306,EUR,C00709,P005,Bright Organizer 05,2,70.21,70.21,0.0,,140.42,0.0,140.42,none,0,,0.0,140.42,2025-04-30,other,,
T002307,EUR,C00863,P021,Bright Organizer 21,1,91.23,82.11,0.1,LOYALTY10,91.23,9.12,82.11,none,0,,0.0,82.11,2025-04-30,other,,
T002308,EUR,C00959,P030,Active Mat 30,1,15.8,15.8,0.0,,15.8,0.0,15.8,none,0,,0.0,15.8,2025-04-30,other,,
T002309,EUR,C00782,P010,Pure Band 10,3,31.57,31.57,0.0,,94.71,0.0,94.71,none,0,,0.0,94.71,2025-04-30,other,,
T002310,EUR,C00413,P014,Active Mat 14,1,55.09,55.09,0.0,,55.09,0.0,55.09,none,0,,0.0,55.09,2025-05-01,other,,
T002311,EUR,C00664,P008,Modern Serum 08,1,76.74,76.74,0.0,,76.74,0.0,76.74,none,0,,0.0,76.74,2025-05-01,other,,
T002312,EUR,C00385,P015,Calm Cream 15,1,26.81,26.81,0.0,,26.81,0.0,26.81,none,0,,0.0,26.81,2025-05-01,other,,
T002313,EUR,C00958,P023,Calm Cream 23,3,43.34,43.34,0.0,,130.02,0.0,130.02,none,0,,0.0,130.02,2025-05-01,other,,
T002314,EUR,C00549,P001,Daily Lamp 01,1,96.68,96.68,0.0,,96.68,0.0,96.68,none,0,,0.0,96.68,2025-05-01,other,,
T002315,EUR,C00018,P027,Urban Bottle 27,1,102.64,102.64,0.0,,102.64,0.0,102.64,none,0,,0.0,102.64,2025-05-01,other,,
T002316,EUR,C00107,P025,Daily Lamp 25,1,101.88,101.88,0.0,,101.88,0.0,101.88,none,0,,0.0,101.88,2025-05-01,other,,
T002317,EUR,C00633,P030,Active Mat 30,1,15.8,15.8,0.0,,15.8,0.0,15.8,none,0,,0.0,15.8,2025-05-01,other,,
T002318,EUR,C00917,P028,Essential Bag 28,3,98.03,98.03,0.0,,294.09,0.0,294.09,none,0,,0.0,294.09,2025-05-01,other,,
T002319,EUR,C00520,P028,Essential Bag 28,1,98.03,83.33,0.15,WEEKEND15,98.03,14.7,83.33,full,1,2025-05-25,83.33,0.0,2025-05-01,other,,
T002320,EUR,C00441,P021,Bright Organizer 21,1,91.23,91.23,0.0,,91.23,0.0,91.23,none,0,,0.0,91.23,2025-05-01,other,,
T002321,EUR,C00948,P024,Modern Serum 24,2,66.52,66.52,0.0,,133.04,0.0,133.04,none,0,,0.0,133.04,2025-05-01,other,,
T002322,EUR,C00439,P024,Modern Serum 24,1,66.52,66.52,0.0,,66.52,0.0,66.52,none,0,,0.0,66.52,2025-05-01,other,,
T002323,EUR,C00221,P001,Daily Lamp 01,4,96.68,96.68,0.0,,386.72,0.0,386.72,none,0,,0.0,386.72,2025-05-01,other,,
T002324,EUR,C00266,P012,Essential Bag 12,1,99.7,94.72,0.05,WELCOME5,99.7,4.98,94.72,none,0,,0.0,94.72,2025-05-01,other,,
T002325,EUR,C00200,P004,Essential Bag 04,1,83.73,83.73,0.0,,83.73,0.0,83.73,none,0,,0.0,83.73,2025-05-01,other,,
T002326,EUR,C00879,P003,Urban Bottle 03,1,105.26,100.0,0.05,WELCOME5,105.26,5.26,100.0,none,0,,0.0,100.0,2025-05-01,other,,
T002327,EUR,C00716,P005,Bright Organizer 05,1,70.21,70.21,0.0,,70.21,0.0,70.21,none,0,,0.0,70.21,2025-05-01,other,,
T002328,EUR,C00081,P012,Essential Bag 12,2,99.7,99.7,0.0,,199.4,0.0,199.4,none,0,,0.0,199.4,2025-05-01,other,,
T002329,EUR,C00294,P013,Bright Organizer 13,2,48.36,48.36,0.0,,96.72,0.0,96.72,none,0,,0.0,96.72,2025-05-01,other,,
T002330,EUR,C00321,P005,Bright Organizer 05,1,70.21,70.21,0.0,,70.21,0.0,70.21,none,0,,0.0,70.21,2025-05-01,other,,
T002331,EUR,C00373,P001,Daily Lamp 01,1,96.68,96.68,0.0,,96.68,0.0,96.68,none,0,,0.0,96.68,2025-05-01,other,,
T002332,EUR,C00406,P014,Active Mat 14,1,55.09,49.58,0.1,LOYALTY10,55.09,5.51,49.58,none,0,,0.0,49.58,2025-05-01,other,,
T002333,EUR,C00285,P029,Bright Organizer 29,1,15.67,13.32,0.15,WEEKEND15,15.67,2.35,13.32,none,0,,0.0,13.32,2025-05-01,other,,
T002334,EUR,C00920,P009,Daily Lamp 09,2,27.05,27.05,0.0,,54.1,0.0,54.1,full,2,2025-05-15,54.1,0.0,2025-05-01,other,,
T002335,EUR,C00564,P027,Urban Bottle 27,3,102.64,102.64,0.0,,307.92,0.0,307.92,none,0,,0.0,307.92,2025-05-01,other,,
T002336,EUR,C00197,P001,Daily Lamp 01,1,96.68,82.18,0.15,WEEKEND15,96.68,14.5,82.18,none,0,,0.0,82.18,2025-05-01,other,,
T002337,EUR,C00483,P011,Urban Bottle 11,1,58.41,58.41,0.0,,58.41,0.0,58.41,full,1,2025-05-23,58.41,0.0,2025-05-01,other,,
T002338,EUR,C00215,P015,Calm Cream 15,1,26.81,26.81,0.0,,26.81,0.0,26.81,full,1,2025-05-21,26.81,0.0,2025-05-01,other,,
T002339,EUR,C00672,P017,Daily Lamp 17,1,94.4,94.4,0.0,,94.4,0.0,94.4,none,0,,0.0,94.4,2025-05-02,other,,
T002340,EUR,C00795,P030,Active Mat 30,2,15.8,15.8,0.0,,31.6,0.0,31.6,partial,1,2025-06-01,15.8,15.8,2025-05-02,other,,
T002341,EUR,C00108,P028,Essential Bag 28,1,98.03,98.03,0.0,,98.03,0.0,98.03,none,0,,0.0,98.03,2025-05-02,other,,
T002342,EUR,C00085,P003,Urban Bottle 03,1,105.26,105.26,0.0,,105.26,0.0,105.26,none,0,,0.0,105.26,2025-05-02,other,,
T002343,EUR,C00774,P006,Active Mat 06,1,104.36,104.36,0.0,,104.36,0.0,104.36,none,0,,0.0,104.36,2025-05-02,other,,
T002344,EUR,C00136,P030,Active Mat 30,1,15.8,15.8,0.0,,15.8,0.0,15.8,none,0,,0.0,15.8,2025-05-02,other,,
T002345,EUR,C00257,P007,Calm Cream 07,1,21.92,21.92,0.0,,21.92,0.0,21.92,none,0,,0.0,21.92,2025-05-02,other,,
T002346,EUR,C00635,P029,Bright Organizer 29,1,15.67,14.1,0.1,LOYALTY10,15.67,1.57,14.1,none,0,,0.0,14.1,2025-05-02,other,,
T002347,EUR,C00677,P024,Modern Serum 24,1,66.52,66.52,0.0,,66.52,0.0,66.52,none,0,,0.0,66.52,2025-05-02,other,,
T002348,EUR,C00981,P003,Urban Bottle 03,2,105.26,105.26,0.0,,210.52,0.0,210.52,none,0,,0.0,210.52,2025-05-02,other,,
T002349,EUR,C00882,P010,Pure Band 10,1,31.57,28.41,0.1,LOYALTY10,31.57,3.16,28.41,none,0,,0.0,28.41,2025-05-02,other,,
T002350,EUR,C00861,P012,Essential Bag 12,1,99.7,99.7,0.0,,99.7,0.0,99.7,none,0,,0.0,99.7,2025-05-03,other,,
T002351,EUR,C00568,P019,Urban Bottle 19,1,61.21,61.21,0.0,,61.21,0.0,61.21,none,0,,0.0,61.21,2025-05-03,other,,
T002352,EUR,C00599,P025,Daily Lamp 25,2,101.88,101.88,0.0,,203.76,0.0,203.76,full,2,2025-06-02,203.76,0.0,2025-05-03,other,,
T002353,EUR,C00964,P010,Pure Band 10,1,31.57,31.57,0.0,,31.57,0.0,31.57,none,0,,0.0,31.57,2025-05-03,other,,
T002354,EUR,C00375,P024,Modern Serum 24,1,66.52,66.52,0.0,,66.52,0.0,66.52,none,0,,0.0,66.52,2025-05-03,website,,V003161
T002355,EUR,C00367,P029,Bright Organizer 29,2,15.67,13.32,0.15,WEEKEND15,31.34,4.7,26.64,none,0,,0.0,26.64,2025-05-03,other,,
T002356,EUR,C00509,P001,Daily Lamp 01,2,96.68,82.18,0.15,WEEKEND15,193.36,29.0,164.36,none,0,,0.0,164.36,2025-05-03,other,,
T002357,EUR,C00481,P014,Active Mat 14,1,55.09,55.09,0.0,,55.09,0.0,55.09,none,0,,0.0,55.09,2025-05-03,other,,
T002358,EUR,C00068,P001,Daily Lamp 01,1,96.68,96.68,0.0,,96.68,0.0,96.68,none,0,,0.0,96.68,2025-05-03,other,,
T002359,EUR,C00418,P021,Bright Organizer 21,1,91.23,77.55,0.15,WEEKEND15,91.23,13.68,77.55,none,0,,0.0,77.55,2025-05-03,other,,
T002360,EUR,C00526,P027,Urban Bottle 27,1,102.64,102.64,0.0,,102.64,0.0,102.64,none,0,,0.0,102.64,2025-05-03,other,,
T002361,EUR,C00688,P024,Modern Serum 24,3,66.52,59.87,0.1,SPRING10,199.56,19.95,179.61,none,0,,0.0,179.61,2025-05-04,marketing_campaign,SEND006378,V010840
T002362,EUR,C00285,P023,Calm Cream 23,2,43.34,41.17,0.05,WELCOME5,86.68,4.34,82.34,partial,1,2025-05-13,41.17,41.17,2025-05-04,other,,
T002363,EUR,C00570,P030,Active Mat 30,1,15.8,15.8,0.0,,15.8,0.0,15.8,none,0,,0.0,15.8,2025-05-04,other,,
T002364,EUR,C00054,P029,Bright Organizer 29,1,15.67,15.67,0.0,,15.67,0.0,15.67,none,0,,0.0,15.67,2025-05-04,other,,
T002365,EUR,C00398,P006,Active Mat 06,1,104.36,104.36,0.0,,104.36,0.0,104.36,none,0,,0.0,104.36,2025-05-04,website,,V002441
T002366,EUR,C00021,P025,Daily Lamp 25,2,101.88,101.88,0.0,,203.76,0.0,203.76,none,0,,0.0,203.76,2025-05-04,other,,
T002367,EUR,C00046,P028,Essential Bag 28,1,98.03,98.03,0.0,,98.03,0.0,98.03,none,0,,0.0,98.03,2025-05-04,other,,
T002368,EUR,C00816,P019,Urban Bottle 19,2,61.21,55.09,0.1,LOYALTY10,122.42,12.24,110.18,none,0,,0.0,110.18,2025-05-04,other,,
T002369,EUR,C00828,P018,Pure Band 18,1,68.13,68.13,0.0,,68.13,0.0,68.13,none,0,,0.0,68.13,2025-05-04,other,,
T002370,EUR,C00545,P006,Active Mat 06,1,104.36,93.92,0.1,LOYALTY10,104.36,10.44,93.92,none,0,,0.0,93.92,2025-05-04,other,,
T002371,EUR,C00281,P022,Active Mat 22,1,31.79,31.79,0.0,,31.79,0.0,31.79,none,0,,0.0,31.79,2025-05-04,other,,
T002372,EUR,C00782,P018,Pure Band 18,2,68.13,68.13,0.0,,136.26,0.0,136.26,none,0,,0.0,136.26,2025-05-04,other,,
T002373,EUR,C00079,P028,Essential Bag 28,2,98.03,98.03,0.0,,196.06,0.0,196.06,none,0,,0.0,196.06,2025-05-04,other,,
T002374,EUR,C00456,P004,Essential Bag 04,1,83.73,83.73,0.0,,83.73,0.0,83.73,none,0,,0.0,83.73,2025-05-04,other,,
T002375,EUR,C00669,P012,Essential Bag 12,3,99.7,99.7,0.0,,299.1,0.0,299.1,full,3,2025-05-20,299.1,0.0,2025-05-05,website,,V001093
T002376,EUR,C00045,P013,Bright Organizer 13,1,48.36,41.11,0.15,WEEKEND15,48.36,7.25,41.11,none,0,,0.0,41.11,2025-05-05,other,,
T002377,EUR,C00991,P004,Essential Bag 04,1,83.73,83.73,0.0,,83.73,0.0,83.73,none,0,,0.0,83.73,2025-05-05,other,,
T002378,EUR,C00089,P028,Essential Bag 28,1,98.03,88.23,0.1,LOYALTY10,98.03,9.8,88.23,none,0,,0.0,88.23,2025-05-05,website,,V009053
T002379,EUR,C00815,P005,Bright Organizer 05,1,70.21,70.21,0.0,,70.21,0.0,70.21,none,0,,0.0,70.21,2025-05-05,other,,
T002380,EUR,C00635,P023,Calm Cream 23,4,43.34,41.17,0.05,WELCOME5,173.36,8.68,164.68,none,0,,0.0,164.68,2025-05-05,other,,
T002381,EUR,C00731,P028,Essential Bag 28,1,98.03,98.03,0.0,,98.03,0.0,98.03,none,0,,0.0,98.03,2025-05-05,other,,
T002382,EUR,C00154,P030,Active Mat 30,1,15.8,14.22,0.1,LOYALTY10,15.8,1.58,14.22,none,0,,0.0,14.22,2025-05-05,other,,
T002383,EUR,C00988,P001,Daily Lamp 01,2,96.68,82.18,0.15,WEEKEND15,193.36,29.0,164.36,none,0,,0.0,164.36,2025-05-05,other,,
T002384,EUR,C00151,P001,Daily Lamp 01,1,96.68,96.68,0.0,,96.68,0.0,96.68,none,0,,0.0,96.68,2025-05-05,other,,
T002385,EUR,C00010,P012,Essential Bag 12,1,99.7,99.7,0.0,,99.7,0.0,99.7,none,0,,0.0,99.7,2025-05-05,other,,
T002386,EUR,C00401,P025,Daily Lamp 25,3,101.88,101.88,0.0,,305.64,0.0,305.64,none,0,,0.0,305.64,2025-05-05,other,,
T002387,EUR,C00325,P012,Essential Bag 12,1,99.7,89.73,0.1,LOYALTY10,99.7,9.97,89.73,none,0,,0.0,89.73,2025-05-05,other,,
T002388,EUR,C00275,P013,Bright Organizer 13,1,48.36,48.36,0.0,,48.36,0.0,48.36,none,0,,0.0,48.36,2025-05-05,website,,V005305
T002389,EUR,C00776,P017,Daily Lamp 17,2,94.4,94.4,0.0,,188.8,0.0,188.8,none,0,,0.0,188.8,2025-05-05,other,,
T002390,EUR,C00082,P005,Bright Organizer 05,1,70.21,70.21,0.0,,70.21,0.0,70.21,none,0,,0.0,70.21,2025-05-05,other,,
T002391,EUR,C00676,P011,Urban Bottle 11,1,58.41,58.41,0.0,,58.41,0.0,58.41,full,1,2025-05-12,58.41,0.0,2025-05-05,other,,
T002392,EUR,C00244,P027,Urban Bottle 27,1,102.64,102.64,0.0,,102.64,0.0,102.64,none,0,,0.0,102.64,2025-05-05,website,,V006505
T002393,EUR,C00600,P001,Daily Lamp 01,1,96.68,87.01,0.1,LOYALTY10,96.68,9.67,87.01,none,0,,0.0,87.01,2025-05-06,other,,
T002394,EUR,C00405,P011,Urban Bottle 11,1,58.41,58.41,0.0,,58.41,0.0,58.41,none,0,,0.0,58.41,2025-05-06,website,,V001841
T002395,EUR,C00275,P029,Bright Organizer 29,1,15.67,15.67,0.0,,15.67,0.0,15.67,none,0,,0.0,15.67,2025-05-06,other,,
T002396,EUR,C00970,P011,Urban Bottle 11,1,58.41,58.41,0.0,,58.41,0.0,58.41,none,0,,0.0,58.41,2025-05-06,other,,
T002397,EUR,C00380,P018,Pure Band 18,1,68.13,68.13,0.0,,68.13,0.0,68.13,full,1,2025-05-08,68.13,0.0,2025-05-06,other,,
T002398,EUR,C00484,P019,Urban Bottle 19,1,61.21,61.21,0.0,,61.21,0.0,61.21,none,0,,0.0,61.21,2025-05-06,other,,
T002399,EUR,C00465,P002,Pure Band 02,1,19.22,19.22,0.0,,19.22,0.0,19.22,none,0,,0.0,19.22,2025-05-06,other,,
T002400,EUR,C00321,P026,Pure Band 26,1,23.03,23.03,0.0,,23.03,0.0,23.03,none,0,,0.0,23.03,2025-05-06,other,,
T002401,EUR,C00019,P017,Daily Lamp 17,1,94.4,94.4,0.0,,94.4,0.0,94.4,none,0,,0.0,94.4,2025-05-06,website,,V005956
T002402,EUR,C00261,P010,Pure Band 10,2,31.57,31.57,0.0,,63.14,0.0,63.14,none,0,,0.0,63.14,2025-05-07,other,,
T002403,EUR,C00224,P022,Active Mat 22,1,31.79,31.79,0.0,,31.79,0.0,31.79,none,0,,0.0,31.79,2025-05-07,other,,
T002404,EUR,C00084,P017,Daily Lamp 17,1,94.4,94.4,0.0,,94.4,0.0,94.4,none,0,,0.0,94.4,2025-05-07,other,,
T002405,EUR,C00056,P014,Active Mat 14,2,55.09,55.09,0.0,,110.18,0.0,110.18,full,2,2025-05-13,110.18,0.0,2025-05-07,other,,
T002406,EUR,C00299,P019,Urban Bottle 19,1,61.21,58.15,0.05,WELCOME5,61.21,3.06,58.15,none,0,,0.0,58.15,2025-05-07,other,,
T002407,EUR,C00055,P005,Bright Organizer 05,1,70.21,70.21,0.0,,70.21,0.0,70.21,none,0,,0.0,70.21,2025-05-07,other,,
T002408,EUR,C00973,P004,Essential Bag 04,2,83.73,83.73,0.0,,167.46,0.0,167.46,none,0,,0.0,167.46,2025-05-07,website,,V000900
T002409,EUR,C00607,P012,Essential Bag 12,1,99.7,99.7,0.0,,99.7,0.0,99.7,full,1,2025-06-03,99.7,0.0,2025-05-07,website,,V009328
T002410,EUR,C00484,P001,Daily Lamp 01,3,96.68,91.85,0.05,WELCOME5,290.04,14.49,275.55,none,0,,0.0,275.55,2025-05-07,other,,
T002411,EUR,C00749,P004,Essential Bag 04,1,83.73,83.73,0.0,,83.73,0.0,83.73,none,0,,0.0,83.73,2025-05-07,other,,
T002412,EUR,C00847,P012,Essential Bag 12,1,99.7,89.73,0.1,LOYALTY10,99.7,9.97,89.73,none,0,,0.0,89.73,2025-05-07,other,,
T002413,EUR,C00262,P007,Calm Cream 07,3,21.92,19.73,0.1,LOYALTY10,65.76,6.57,59.19,none,0,,0.0,59.19,2025-05-07,other,,
T002414,EUR,C00593,P029,Bright Organizer 29,1,15.67,15.67,0.0,,15.67,0.0,15.67,none,0,,0.0,15.67,2025-05-07,other,,
T002415,EUR,C00420,P023,Calm Cream 23,2,43.34,43.34,0.0,,86.68,0.0,86.68,none,0,,0.0,86.68,2025-05-07,website,,V002549
T002416,EUR,C00089,P014,Active Mat 14,1,55.09,55.09,0.0,,55.09,0.0,55.09,none,0,,0.0,55.09,2025-05-07,other,,
T002417,EUR,C00757,P019,Urban Bottle 19,2,61.21,61.21,0.0,,122.42,0.0,122.42,none,0,,0.0,122.42,2025-05-07,website,,V008881
T002418,EUR,C00353,P015,Calm Cream 15,2,26.81,24.13,0.1,LOYALTY10,53.62,5.36,48.26,none,0,,0.0,48.26,2025-05-07,other,,
T002419,EUR,C00182,P005,Bright Organizer 05,2,70.21,70.21,0.0,,140.42,0.0,140.42,none,0,,0.0,140.42,2025-05-08,other,,
T002420,EUR,C00136,P029,Bright Organizer 29,1,15.67,15.67,0.0,,15.67,0.0,15.67,none,0,,0.0,15.67,2025-05-08,other,,
T002421,EUR,C00224,P015,Calm Cream 15,1,26.81,26.81,0.0,,26.81,0.0,26.81,none,0,,0.0,26.81,2025-05-08,website,,V004722
T002422,EUR,C00212,P010,Pure Band 10,2,31.57,31.57,0.0,,63.14,0.0,63.14,none,0,,0.0,63.14,2025-05-08,other,,
T002423,EUR,C00045,P011,Urban Bottle 11,2,58.41,58.41,0.0,,116.82,0.0,116.82,none,0,,0.0,116.82,2025-05-08,other,,
T002424,EUR,C00303,P011,Urban Bottle 11,1,58.41,55.49,0.05,WELCOME5,58.41,2.92,55.49,none,0,,0.0,55.49,2025-05-08,other,,
T002425,EUR,C00033,P011,Urban Bottle 11,1,58.41,58.41,0.0,,58.41,0.0,58.41,none,0,,0.0,58.41,2025-05-08,other,,
T002426,EUR,C00530,P013,Bright Organizer 13,1,48.36,48.36,0.0,,48.36,0.0,48.36,none,0,,0.0,48.36,2025-05-08,other,,
T002427,EUR,C00821,P023,Calm Cream 23,1,43.34,43.34,0.0,,43.34,0.0,43.34,none,0,,0.0,43.34,2025-05-08,other,,
T002428,EUR,C00378,P022,Active Mat 22,1,31.79,31.79,0.0,,31.79,0.0,31.79,none,0,,0.0,31.79,2025-05-08,other,,
T002429,EUR,C00203,P014,Active Mat 14,1,55.09,55.09,0.0,,55.09,0.0,55.09,none,0,,0.0,55.09,2025-05-08,other,,
T002430,EUR,C00963,P017,Daily Lamp 17,2,94.4,89.68,0.05,WELCOME5,188.8,9.44,179.36,none,0,,0.0,179.36,2025-05-08,other,,
T002431,EUR,C00619,P025,Daily Lamp 25,1,101.88,86.6,0.15,WEEKEND15,101.88,15.28,86.6,none,0,,0.0,86.6,2025-05-08,website,,V000818
T002432,EUR,C00529,P027,Urban Bottle 27,1,102.64,87.24,0.15,WEEKEND15,102.64,15.4,87.24,none,0,,0.0,87.24,2025-05-08,other,,
T002433,EUR,C00529,P004,Essential Bag 04,2,83.73,83.73,0.0,,167.46,0.0,167.46,none,0,,0.0,167.46,2025-05-08,other,,
T002434,EUR,C00158,P011,Urban Bottle 11,2,58.41,58.41,0.0,,116.82,0.0,116.82,none,0,,0.0,116.82,2025-05-08,other,,
T002435,EUR,C00080,P030,Active Mat 30,1,15.8,15.8,0.0,,15.8,0.0,15.8,none,0,,0.0,15.8,2025-05-08,other,,
T002436,EUR,C00501,P019,Urban Bottle 19,1,61.21,61.21,0.0,,61.21,0.0,61.21,none,0,,0.0,61.21,2025-05-08,other,,
T002437,EUR,C00531,P030,Active Mat 30,1,15.8,15.8,0.0,,15.8,0.0,15.8,none,0,,0.0,15.8,2025-05-08,other,,
T002438,EUR,C00404,P001,Daily Lamp 01,1,96.68,91.85,0.05,WELCOME5,96.68,4.83,91.85,none,0,,0.0,91.85,2025-05-08,other,,
T002439,EUR,C00367,P023,Calm Cream 23,1,43.34,43.34,0.0,,43.34,0.0,43.34,none,0,,0.0,43.34,2025-05-08,other,,
T002440,EUR,C00097,P001,Daily Lamp 01,1,96.68,96.68,0.0,,96.68,0.0,96.68,none,0,,0.0,96.68,2025-05-09,other,,
T002441,EUR,C00816,P012,Essential Bag 12,1,99.7,99.7,0.0,,99.7,0.0,99.7,none,0,,0.0,99.7,2025-05-09,other,,
T002442,EUR,C00706,P018,Pure Band 18,1,68.13,68.13,0.0,,68.13,0.0,68.13,none,0,,0.0,68.13,2025-05-09,other,,
T002443,EUR,C00118,P002,Pure Band 02,1,19.22,19.22,0.0,,19.22,0.0,19.22,none,0,,0.0,19.22,2025-05-09,other,,
T002444,EUR,C00492,P029,Bright Organizer 29,4,15.67,15.67,0.0,,62.68,0.0,62.68,none,0,,0.0,62.68,2025-05-09,other,,
T002445,EUR,C00537,P023,Calm Cream 23,2,43.34,43.34,0.0,,86.68,0.0,86.68,none,0,,0.0,86.68,2025-05-09,other,,
T002446,EUR,C00954,P022,Active Mat 22,1,31.79,31.79,0.0,,31.79,0.0,31.79,none,0,,0.0,31.79,2025-05-09,other,,
T002447,EUR,C00917,P029,Bright Organizer 29,4,15.67,15.67,0.0,,62.68,0.0,62.68,none,0,,0.0,62.68,2025-05-09,other,,
T002448,EUR,C00142,P001,Daily Lamp 01,1,96.68,96.68,0.0,,96.68,0.0,96.68,none,0,,0.0,96.68,2025-05-09,other,,
T002449,EUR,C00961,P003,Urban Bottle 03,2,105.26,105.26,0.0,,210.52,0.0,210.52,none,0,,0.0,210.52,2025-05-09,other,,
T002450,EUR,C00345,P006,Active Mat 06,1,104.36,104.36,0.0,,104.36,0.0,104.36,none,0,,0.0,104.36,2025-05-09,website,,V009952
T002451,EUR,C00235,P028,Essential Bag 28,1,98.03,98.03,0.0,,98.03,0.0,98.03,none,0,,0.0,98.03,2025-05-09,other,,
T002452,EUR,C00502,P004,Essential Bag 04,1,83.73,83.73,0.0,,83.73,0.0,83.73,none,0,,0.0,83.73,2025-05-09,other,,
T002453,EUR,C00354,P015,Calm Cream 15,1,26.81,26.81,0.0,,26.81,0.0,26.81,none,0,,0.0,26.81,2025-05-09,other,,
T002454,EUR,C00398,P014,Active Mat 14,1,55.09,55.09,0.0,,55.09,0.0,55.09,none,0,,0.0,55.09,2025-05-09,website,,V005874
T002455,EUR,C00366,P013,Bright Organizer 13,3,48.36,45.94,0.05,WELCOME5,145.08,7.26,137.82,none,0,,0.0,137.82,2025-05-09,other,,
T002456,EUR,C00980,P001,Daily Lamp 01,1,96.68,87.01,0.1,LOYALTY10,96.68,9.67,87.01,full,1,2025-05-24,87.01,0.0,2025-05-09,website,,V004967
T002457,EUR,C00811,P004,Essential Bag 04,1,83.73,83.73,0.0,,83.73,0.0,83.73,none,0,,0.0,83.73,2025-05-09,other,,
T002458,EUR,C00310,P021,Bright Organizer 21,2,91.23,91.23,0.0,,182.46,0.0,182.46,none,0,,0.0,182.46,2025-05-09,other,,
T002459,EUR,C00481,P014,Active Mat 14,2,55.09,55.09,0.0,,110.18,0.0,110.18,none,0,,0.0,110.18,2025-05-09,other,,
T002460,EUR,C00332,P014,Active Mat 14,3,55.09,55.09,0.0,,165.27,0.0,165.27,none,0,,0.0,165.27,2025-05-09,other,,
T002461,EUR,C00411,P014,Active Mat 14,1,55.09,55.09,0.0,,55.09,0.0,55.09,none,0,,0.0,55.09,2025-05-09,other,,
T002462,EUR,C00419,P007,Calm Cream 07,2,21.92,21.92,0.0,,43.84,0.0,43.84,none,0,,0.0,43.84,2025-05-10,other,,
T002463,EUR,C00173,P005,Bright Organizer 05,1,70.21,70.21,0.0,,70.21,0.0,70.21,none,0,,0.0,70.21,2025-05-10,other,,
T002464,EUR,C00004,P014,Active Mat 14,1,55.09,55.09,0.0,,55.09,0.0,55.09,none,0,,0.0,55.09,2025-05-10,other,,
T002465,EUR,C00819,P024,Modern Serum 24,1,66.52,59.87,0.1,LOYALTY10,66.52,6.65,59.87,none,0,,0.0,59.87,2025-05-10,other,,
T002466,EUR,C00796,P012,Essential Bag 12,1,99.7,99.7,0.0,,99.7,0.0,99.7,none,0,,0.0,99.7,2025-05-10,website,,V009756
T002467,EUR,C00223,P027,Urban Bottle 27,2,102.64,102.64,0.0,,205.28,0.0,205.28,none,0,,0.0,205.28,2025-05-10,other,,
T002468,EUR,C00620,P019,Urban Bottle 19,1,61.21,61.21,0.0,,61.21,0.0,61.21,none,0,,0.0,61.21,2025-05-10,other,,
T002469,EUR,C00948,P007,Calm Cream 07,2,21.92,21.92,0.0,,43.84,0.0,43.84,none,0,,0.0,43.84,2025-05-10,other,,
T002470,EUR,C00066,P009,Daily Lamp 09,1,27.05,27.05,0.0,,27.05,0.0,27.05,none,0,,0.0,27.05,2025-05-10,other,,
T002471,EUR,C00512,P013,Bright Organizer 13,1,48.36,43.52,0.1,LOYALTY10,48.36,4.84,43.52,none,0,,0.0,43.52,2025-05-10,other,,
T002472,EUR,C00399,P025,Daily Lamp 25,2,101.88,91.69,0.1,LOYALTY10,203.76,20.38,183.38,partial,1,2025-06-04,91.69,91.69,2025-05-10,other,,
T002473,EUR,C00465,P025,Daily Lamp 25,3,101.88,101.88,0.0,,305.64,0.0,305.64,none,0,,0.0,305.64,2025-05-10,other,,
T002474,EUR,C00792,P004,Essential Bag 04,1,83.73,83.73,0.0,,83.73,0.0,83.73,none,0,,0.0,83.73,2025-05-10,other,,
T002475,EUR,C00509,P013,Bright Organizer 13,1,48.36,45.94,0.05,WELCOME5,48.36,2.42,45.94,none,0,,0.0,45.94,2025-05-10,other,,
T002476,EUR,C00515,P028,Essential Bag 28,1,98.03,98.03,0.0,,98.03,0.0,98.03,full,1,2025-05-25,98.03,0.0,2025-05-10,other,,
T002477,EUR,C00343,P006,Active Mat 06,1,104.36,104.36,0.0,,104.36,0.0,104.36,none,0,,0.0,104.36,2025-05-10,other,,
T002478,EUR,C00324,P004,Essential Bag 04,1,83.73,83.73,0.0,,83.73,0.0,83.73,none,0,,0.0,83.73,2025-05-10,other,,
T002479,EUR,C00557,P003,Urban Bottle 03,1,105.26,100.0,0.05,WELCOME5,105.26,5.26,100.0,none,0,,0.0,100.0,2025-05-10,other,,
T002480,EUR,C00368,P016,Modern Serum 16,2,91.2,91.2,0.0,,182.4,0.0,182.4,none,0,,0.0,182.4,2025-05-10,other,,
T002481,EUR,C00135,P010,Pure Band 10,2,31.57,31.57,0.0,,63.14,0.0,63.14,none,0,,0.0,63.14,2025-05-10,other,,
T002482,EUR,C00281,P021,Bright Organizer 21,2,91.23,91.23,0.0,,182.46,0.0,182.46,none,0,,0.0,182.46,2025-05-10,other,,
T002483,EUR,C00521,P011,Urban Bottle 11,1,58.41,52.57,0.1,LOYALTY10,58.41,5.84,52.57,none,0,,0.0,52.57,2025-05-11,other,,
T002484,EUR,C00339,P012,Essential Bag 12,1,99.7,99.7,0.0,,99.7,0.0,99.7,none,0,,0.0,99.7,2025-05-11,other,,
T002485,EUR,C00888,P024,Modern Serum 24,2,66.52,66.52,0.0,,133.04,0.0,133.04,none,0,,0.0,133.04,2025-05-11,website,,V009660
T002486,EUR,C00853,P019,Urban Bottle 19,1,61.21,61.21,0.0,,61.21,0.0,61.21,none,0,,0.0,61.21,2025-05-11,other,,
T002487,EUR,C00116,P012,Essential Bag 12,1,99.7,99.7,0.0,,99.7,0.0,99.7,none,0,,0.0,99.7,2025-05-11,other,,
T002488,EUR,C00082,P009,Daily Lamp 09,3,27.05,27.05,0.0,,81.15,0.0,81.15,none,0,,0.0,81.15,2025-05-11,website,,V007019
T002489,EUR,C00444,P007,Calm Cream 07,1,21.92,21.92,0.0,,21.92,0.0,21.92,none,0,,0.0,21.92,2025-05-11,website,,V007731
T002490,EUR,C00573,P021,Bright Organizer 21,1,91.23,91.23,0.0,,91.23,0.0,91.23,none,0,,0.0,91.23,2025-05-11,other,,
T002491,EUR,C00514,P023,Calm Cream 23,1,43.34,43.34,0.0,,43.34,0.0,43.34,none,0,,0.0,43.34,2025-05-11,other,,
T002492,EUR,C00858,P015,Calm Cream 15,1,26.81,22.79,0.15,WEEKEND15,26.81,4.02,22.79,none,0,,0.0,22.79,2025-05-11,website,,V008901
T002493,EUR,C00937,P009,Daily Lamp 09,1,27.05,27.05,0.0,,27.05,0.0,27.05,none,0,,0.0,27.05,2025-05-11,other,,
T002494,EUR,C00948,P012,Essential Bag 12,1,99.7,99.7,0.0,,99.7,0.0,99.7,none,0,,0.0,99.7,2025-05-11,other,,
T002495,EUR,C00491,P027,Urban Bottle 27,1,102.64,102.64,0.0,,102.64,0.0,102.64,full,1,2025-05-27,102.64,0.0,2025-05-11,other,,
T002496,EUR,C00951,P002,Pure Band 02,1,19.22,19.22,0.0,,19.22,0.0,19.22,none,0,,0.0,19.22,2025-05-11,other,,
T002497,EUR,C00043,P005,Bright Organizer 05,1,70.21,70.21,0.0,,70.21,0.0,70.21,none,0,,0.0,70.21,2025-05-11,other,,
T002498,EUR,C00879,P030,Active Mat 30,2,15.8,15.8,0.0,,31.6,0.0,31.6,none,0,,0.0,31.6,2025-05-12,other,,
T002499,EUR,C00686,P005,Bright Organizer 05,2,70.21,70.21,0.0,,140.42,0.0,140.42,none,0,,0.0,140.42,2025-05-12,other,,
T002500,EUR,C00353,P017,Daily Lamp 17,2,94.4,89.68,0.05,WELCOME5,188.8,9.44,179.36,none,0,,0.0,179.36,2025-05-12,other,,
T002501,EUR,C00704,P020,Essential Bag 20,1,23.79,23.79,0.0,,23.79,0.0,23.79,none,0,,0.0,23.79,2025-05-12,other,,
T002502,EUR,C00025,P002,Pure Band 02,1,19.22,19.22,0.0,,19.22,0.0,19.22,none,0,,0.0,19.22,2025-05-12,other,,
T002503,EUR,C00265,P013,Bright Organizer 13,1,48.36,48.36,0.0,,48.36,0.0,48.36,none,0,,0.0,48.36,2025-05-12,other,,
T002504,EUR,C00878,P011,Urban Bottle 11,1,58.41,58.41,0.0,,58.41,0.0,58.41,none,0,,0.0,58.41,2025-05-12,other,,
T002505,EUR,C00891,P029,Bright Organizer 29,1,15.67,15.67,0.0,,15.67,0.0,15.67,none,0,,0.0,15.67,2025-05-12,other,,
T002506,EUR,C00143,P008,Modern Serum 08,1,76.74,76.74,0.0,,76.74,0.0,76.74,none,0,,0.0,76.74,2025-05-12,website,,V009547
T002507,EUR,C00748,P001,Daily Lamp 01,2,96.68,96.68,0.0,,193.36,0.0,193.36,none,0,,0.0,193.36,2025-05-12,website,,V004056
T002508,EUR,C00380,P021,Bright Organizer 21,1,91.23,91.23,0.0,,91.23,0.0,91.23,none,0,,0.0,91.23,2025-05-12,other,,
T002509,EUR,C00171,P024,Modern Serum 24,2,66.52,66.52,0.0,,133.04,0.0,133.04,none,0,,0.0,133.04,2025-05-12,other,,
T002510,EUR,C00660,P022,Active Mat 22,1,31.79,31.79,0.0,,31.79,0.0,31.79,none,0,,0.0,31.79,2025-05-12,other,,
T002511,EUR,C00320,P028,Essential Bag 28,1,98.03,98.03,0.0,,98.03,0.0,98.03,full,1,2025-06-01,98.03,0.0,2025-05-13,other,,
T002512,EUR,C00398,P013,Bright Organizer 13,1,48.36,48.36,0.0,,48.36,0.0,48.36,none,0,,0.0,48.36,2025-05-13,other,,
T002513,EUR,C00189,P021,Bright Organizer 21,1,91.23,91.23,0.0,,91.23,0.0,91.23,none,0,,0.0,91.23,2025-05-13,other,,
T002514,EUR,C00693,P008,Modern Serum 08,1,76.74,76.74,0.0,,76.74,0.0,76.74,none,0,,0.0,76.74,2025-05-13,other,,
T002515,EUR,C00911,P002,Pure Band 02,1,19.22,16.34,0.15,WEEKEND15,19.22,2.88,16.34,none,0,,0.0,16.34,2025-05-13,website,,V007338
T002516,EUR,C00192,P011,Urban Bottle 11,4,58.41,58.41,0.0,,233.64,0.0,233.64,none,0,,0.0,233.64,2025-05-13,other,,
T002517,EUR,C00711,P005,Bright Organizer 05,2,70.21,70.21,0.0,,140.42,0.0,140.42,none,0,,0.0,140.42,2025-05-13,other,,
T002518,EUR,C00915,P020,Essential Bag 20,1,23.79,23.79,0.0,,23.79,0.0,23.79,none,0,,0.0,23.79,2025-05-13,other,,
T002519,EUR,C00942,P022,Active Mat 22,2,31.79,31.79,0.0,,63.58,0.0,63.58,none,0,,0.0,63.58,2025-05-13,other,,
T002520,EUR,C00119,P012,Essential Bag 12,1,99.7,99.7,0.0,,99.7,0.0,99.7,none,0,,0.0,99.7,2025-05-13,other,,
T002521,EUR,C00672,P014,Active Mat 14,1,55.09,52.34,0.05,WELCOME5,55.09,2.75,52.34,none,0,,0.0,52.34,2025-05-13,website,,V002424
T002522,EUR,C00392,P012,Essential Bag 12,2,99.7,99.7,0.0,,199.4,0.0,199.4,none,0,,0.0,199.4,2025-05-13,other,,
T002523,EUR,C00151,P024,Modern Serum 24,2,66.52,66.52,0.0,,133.04,0.0,133.04,none,0,,0.0,133.04,2025-05-13,other,,
T002524,EUR,C00230,P029,Bright Organizer 29,1,15.67,15.67,0.0,,15.67,0.0,15.67,none,0,,0.0,15.67,2025-05-13,website,,V004632
T002525,EUR,C00106,P014,Active Mat 14,2,55.09,52.34,0.05,WELCOME5,110.18,5.5,104.68,none,0,,0.0,104.68,2025-05-13,other,,
T002526,EUR,C00958,P010,Pure Band 10,1,31.57,31.57,0.0,,31.57,0.0,31.57,none,0,,0.0,31.57,2025-05-13,other,,
T002527,EUR,C00256,P024,Modern Serum 24,1,66.52,66.52,0.0,,66.52,0.0,66.52,none,0,,0.0,66.52,2025-05-13,other,,
T002528,EUR,C00174,P028,Essential Bag 28,1,98.03,98.03,0.0,,98.03,0.0,98.03,none,0,,0.0,98.03,2025-05-13,other,,
T002529,EUR,C00999,P022,Active Mat 22,2,31.79,31.79,0.0,,63.58,0.0,63.58,none,0,,0.0,63.58,2025-05-13,other,,
T002530,EUR,C00241,P026,Pure Band 26,1,23.03,23.03,0.0,,23.03,0.0,23.03,none,0,,0.0,23.03,2025-05-13,other,,
T002531,EUR,C00570,P017,Daily Lamp 17,4,94.4,84.96,0.1,LOYALTY10,377.6,37.76,339.84,none,0,,0.0,339.84,2025-05-14,other,,
T002532,EUR,C00366,P011,Urban Bottle 11,2,58.41,58.41,0.0,,116.82,0.0,116.82,none,0,,0.0,116.82,2025-05-14,other,,
T002533,EUR,C00566,P011,Urban Bottle 11,2,58.41,52.57,0.1,LOYALTY10,116.82,11.68,105.14,none,0,,0.0,105.14,2025-05-14,other,,
T002534,EUR,C00943,P027,Urban Bottle 27,1,102.64,102.64,0.0,,102.64,0.0,102.64,none,0,,0.0,102.64,2025-05-14,other,,
T002535,EUR,C00573,P004,Essential Bag 04,1,83.73,83.73,0.0,,83.73,0.0,83.73,none,0,,0.0,83.73,2025-05-14,other,,
T002536,EUR,C00351,P023,Calm Cream 23,2,43.34,43.34,0.0,,86.68,0.0,86.68,none,0,,0.0,86.68,2025-05-14,other,,
T002537,EUR,C00403,P011,Urban Bottle 11,1,58.41,52.57,0.1,LOYALTY10,58.41,5.84,52.57,none,0,,0.0,52.57,2025-05-14,other,,
T002538,EUR,C00167,P024,Modern Serum 24,1,66.52,66.52,0.0,,66.52,0.0,66.52,none,0,,0.0,66.52,2025-05-14,other,,
T002539,EUR,C00865,P004,Essential Bag 04,1,83.73,71.17,0.15,MEMBER15,83.73,12.56,71.17,none,0,,0.0,71.17,2025-05-14,marketing_campaign,SEND005783,V010767
T002540,EUR,C00557,P001,Daily Lamp 01,3,96.68,96.68,0.0,,290.04,0.0,290.04,none,0,,0.0,290.04,2025-05-14,other,,
T002541,EUR,C00519,P005,Bright Organizer 05,2,70.21,63.19,0.1,LOYALTY10,140.42,14.04,126.38,none,0,,0.0,126.38,2025-05-14,other,,
T002542,EUR,C00297,P014,Active Mat 14,3,55.09,55.09,0.0,,165.27,0.0,165.27,none,0,,0.0,165.27,2025-05-14,other,,
T002543,EUR,C00230,P009,Daily Lamp 09,1,27.05,24.35,0.1,LOYALTY10,27.05,2.7,24.35,none,0,,0.0,24.35,2025-05-14,other,,
T002544,EUR,C00367,P018,Pure Band 18,1,68.13,68.13,0.0,,68.13,0.0,68.13,none,0,,0.0,68.13,2025-05-14,other,,
T002545,EUR,C00402,P019,Urban Bottle 19,1,61.21,61.21,0.0,,61.21,0.0,61.21,none,0,,0.0,61.21,2025-05-14,website,,V005821
T002546,EUR,C00672,P026,Pure Band 26,1,23.03,23.03,0.0,,23.03,0.0,23.03,none,0,,0.0,23.03,2025-05-14,other,,
T002547,EUR,C00233,P010,Pure Band 10,1,31.57,31.57,0.0,,31.57,0.0,31.57,none,0,,0.0,31.57,2025-05-14,other,,
T002548,EUR,C00583,P027,Urban Bottle 27,3,102.64,102.64,0.0,,307.92,0.0,307.92,none,0,,0.0,307.92,2025-05-15,website,,V008409
T002549,EUR,C00417,P028,Essential Bag 28,1,98.03,88.23,0.1,LOYALTY10,98.03,9.8,88.23,full,1,2025-05-16,88.23,0.0,2025-05-15,other,,
T002550,EUR,C00832,P026,Pure Band 26,1,23.03,19.58,0.15,WEEKEND15,23.03,3.45,19.58,none,0,,0.0,19.58,2025-05-15,other,,
T002551,EUR,C00969,P013,Bright Organizer 13,1,48.36,48.36,0.0,,48.36,0.0,48.36,none,0,,0.0,48.36,2025-05-15,other,,
T002552,EUR,C00740,P010,Pure Band 10,1,31.57,28.41,0.1,LOYALTY10,31.57,3.16,28.41,none,0,,0.0,28.41,2025-05-15,website,,V008416
T002553,EUR,C00948,P010,Pure Band 10,2,31.57,31.57,0.0,,63.14,0.0,63.14,none,0,,0.0,63.14,2025-05-15,other,,
T002554,EUR,C00740,P024,Modern Serum 24,1,66.52,66.52,0.0,,66.52,0.0,66.52,none,0,,0.0,66.52,2025-05-15,website,,V009386
T002555,EUR,C00593,P009,Daily Lamp 09,2,27.05,27.05,0.0,,54.1,0.0,54.1,none,0,,0.0,54.1,2025-05-15,other,,
T002556,EUR,C00609,P014,Active Mat 14,3,55.09,55.09,0.0,,165.27,0.0,165.27,full,3,2025-05-25,165.27,0.0,2025-05-15,other,,
T002557,EUR,C00672,P020,Essential Bag 20,3,23.79,23.79,0.0,,71.37,0.0,71.37,none,0,,0.0,71.37,2025-05-15,website,,V001463
T002558,EUR,C00886,P002,Pure Band 02,3,19.22,19.22,0.0,,57.66,0.0,57.66,none,0,,0.0,57.66,2025-05-15,website,,V003113
T002559,EUR,C00137,P023,Calm Cream 23,3,43.34,43.34,0.0,,130.02,0.0,130.02,none,0,,0.0,130.02,2025-05-15,other,,
T002560,EUR,C00931,P027,Urban Bottle 27,1,102.64,87.24,0.15,MEMBER15,102.64,15.4,87.24,none,0,,0.0,87.24,2025-05-15,marketing_campaign,SEND006446,V010849
T002561,EUR,C00283,P028,Essential Bag 28,1,98.03,93.13,0.05,WELCOME5,98.03,4.9,93.13,none,0,,0.0,93.13,2025-05-15,other,,
T002562,EUR,C00218,P026,Pure Band 26,1,23.03,23.03,0.0,,23.03,0.0,23.03,none,0,,0.0,23.03,2025-05-15,website,,V009058
T002563,EUR,C00669,P028,Essential Bag 28,2,98.03,88.23,0.1,LOYALTY10,196.06,19.6,176.46,none,0,,0.0,176.46,2025-05-15,other,,
T002564,EUR,C00128,P015,Calm Cream 15,2,26.81,26.81,0.0,,53.62,0.0,53.62,none,0,,0.0,53.62,2025-05-15,other,,
T002565,EUR,C00745,P002,Pure Band 02,1,19.22,19.22,0.0,,19.22,0.0,19.22,none,0,,0.0,19.22,2025-05-15,other,,
T002566,EUR,C00530,P001,Daily Lamp 01,1,96.68,96.68,0.0,,96.68,0.0,96.68,none,0,,0.0,96.68,2025-05-15,other,,
T002567,EUR,C00024,P002,Pure Band 02,4,19.22,19.22,0.0,,76.88,0.0,76.88,none,0,,0.0,76.88,2025-05-15,other,,
T002568,EUR,C00464,P009,Daily Lamp 09,1,27.05,27.05,0.0,,27.05,0.0,27.05,none,0,,0.0,27.05,2025-05-15,website,,V005081
T002569,EUR,C00737,P006,Active Mat 06,2,104.36,104.36,0.0,,208.72,0.0,208.72,none,0,,0.0,208.72,2025-05-15,website,,V008372
T002570,EUR,C00671,P013,Bright Organizer 13,1,48.36,45.94,0.05,WELCOME5,48.36,2.42,45.94,none,0,,0.0,45.94,2025-05-15,website,,V005968
T002571,EUR,C00829,P006,Active Mat 06,1,104.36,104.36,0.0,,104.36,0.0,104.36,none,0,,0.0,104.36,2025-05-15,other,,
T002572,EUR,C00547,P028,Essential Bag 28,2,98.03,98.03,0.0,,196.06,0.0,196.06,none,0,,0.0,196.06,2025-05-15,other,,
T002573,EUR,C00718,P024,Modern Serum 24,1,66.52,66.52,0.0,,66.52,0.0,66.52,none,0,,0.0,66.52,2025-05-15,other,,
T002574,EUR,C00963,P021,Bright Organizer 21,2,91.23,91.23,0.0,,182.46,0.0,182.46,none,0,,0.0,182.46,2025-05-15,other,,
T002575,EUR,C00980,P015,Calm Cream 15,1,26.81,26.81,0.0,,26.81,0.0,26.81,full,1,2025-05-19,26.81,0.0,2025-05-15,other,,
T002576,EUR,C00442,P011,Urban Bottle 11,2,58.41,58.41,0.0,,116.82,0.0,116.82,none,0,,0.0,116.82,2025-05-15,other,,
T002577,EUR,C00372,P009,Daily Lamp 09,1,27.05,27.05,0.0,,27.05,0.0,27.05,none,0,,0.0,27.05,2025-05-15,website,,V005949
T002578,EUR,C00595,P014,Active Mat 14,1,55.09,55.09,0.0,,55.09,0.0,55.09,full,1,2025-05-19,55.09,0.0,2025-05-16,other,,
T002579,EUR,C00298,P030,Active Mat 30,2,15.8,15.8,0.0,,31.6,0.0,31.6,full,2,2025-05-24,31.6,0.0,2025-05-16,other,,
T002580,EUR,C00057,P011,Urban Bottle 11,1,58.41,58.41,0.0,,58.41,0.0,58.41,none,0,,0.0,58.41,2025-05-16,website,,V005300
T002581,EUR,C00739,P027,Urban Bottle 27,1,102.64,102.64,0.0,,102.64,0.0,102.64,none,0,,0.0,102.64,2025-05-16,other,,
T002582,EUR,C00661,P014,Active Mat 14,1,55.09,52.34,0.05,WELCOME5,55.09,2.75,52.34,none,0,,0.0,52.34,2025-05-16,other,,
T002583,EUR,C00923,P022,Active Mat 22,2,31.79,27.02,0.15,WEEKEND15,63.58,9.54,54.04,none,0,,0.0,54.04,2025-05-16,other,,
T002584,EUR,C00183,P002,Pure Band 02,1,19.22,19.22,0.0,,19.22,0.0,19.22,none,0,,0.0,19.22,2025-05-16,other,,
T002585,EUR,C00978,P029,Bright Organizer 29,2,15.67,13.32,0.15,MEMBER15,31.34,4.7,26.64,none,0,,0.0,26.64,2025-05-16,marketing_campaign,SEND006829,V010905
T002586,EUR,C00890,P027,Urban Bottle 27,1,102.64,102.64,0.0,,102.64,0.0,102.64,none,0,,0.0,102.64,2025-05-16,other,,
T002587,EUR,C00637,P028,Essential Bag 28,2,98.03,98.03,0.0,,196.06,0.0,196.06,none,0,,0.0,196.06,2025-05-16,other,,
T002588,EUR,C00251,P003,Urban Bottle 03,1,105.26,105.26,0.0,,105.26,0.0,105.26,none,0,,0.0,105.26,2025-05-16,other,,
T002589,EUR,C00260,P012,Essential Bag 12,1,99.7,99.7,0.0,,99.7,0.0,99.7,none,0,,0.0,99.7,2025-05-16,other,,
T002590,EUR,C00511,P004,Essential Bag 04,2,83.73,83.73,0.0,,167.46,0.0,167.46,none,0,,0.0,167.46,2025-05-16,website,,V003407
T002591,EUR,C00787,P003,Urban Bottle 03,1,105.26,105.26,0.0,,105.26,0.0,105.26,none,0,,0.0,105.26,2025-05-16,other,,
T002592,EUR,C00530,P025,Daily Lamp 25,1,101.88,101.88,0.0,,101.88,0.0,101.88,full,1,2025-05-27,101.88,0.0,2025-05-16,other,,
T002593,EUR,C00807,P004,Essential Bag 04,2,83.73,79.54,0.05,WELCOME5,167.46,8.38,159.08,none,0,,0.0,159.08,2025-05-16,other,,
T002594,EUR,C00052,P002,Pure Band 02,1,19.22,19.22,0.0,,19.22,0.0,19.22,none,0,,0.0,19.22,2025-05-16,other,,
T002595,EUR,C00903,P017,Daily Lamp 17,2,94.4,94.4,0.0,,188.8,0.0,188.8,full,2,2025-05-18,188.8,0.0,2025-05-17,other,,
T002596,EUR,C00533,P021,Bright Organizer 21,1,91.23,91.23,0.0,,91.23,0.0,91.23,none,0,,0.0,91.23,2025-05-17,website,,V003736
T002597,EUR,C00650,P029,Bright Organizer 29,1,15.67,15.67,0.0,,15.67,0.0,15.67,none,0,,0.0,15.67,2025-05-17,other,,
T002598,EUR,C00413,P002,Pure Band 02,2,19.22,19.22,0.0,,38.44,0.0,38.44,none,0,,0.0,38.44,2025-05-17,other,,
T002599,EUR,C00080,P009,Daily Lamp 09,1,27.05,27.05,0.0,,27.05,0.0,27.05,none,0,,0.0,27.05,2025-05-17,other,,
T002600,EUR,C00066,P003,Urban Bottle 03,2,105.26,105.26,0.0,,210.52,0.0,210.52,none,0,,0.0,210.52,2025-05-17,website,,V000394
T002601,EUR,C00255,P015,Calm Cream 15,2,26.81,26.81,0.0,,53.62,0.0,53.62,none,0,,0.0,53.62,2025-05-17,other,,
T002602,EUR,C00409,P006,Active Mat 06,3,104.36,104.36,0.0,,313.08,0.0,313.08,none,0,,0.0,313.08,2025-05-17,other,,
T002603,EUR,C00600,P016,Modern Serum 16,2,91.2,91.2,0.0,,182.4,0.0,182.4,none,0,,0.0,182.4,2025-05-17,other,,
T002604,EUR,C00779,P030,Active Mat 30,1,15.8,15.8,0.0,,15.8,0.0,15.8,full,1,2025-05-21,15.8,0.0,2025-05-17,other,,
T002605,EUR,C00295,P029,Bright Organizer 29,1,15.67,15.67,0.0,,15.67,0.0,15.67,none,0,,0.0,15.67,2025-05-17,other,,
T002606,EUR,C00573,P028,Essential Bag 28,2,98.03,98.03,0.0,,196.06,0.0,196.06,none,0,,0.0,196.06,2025-05-17,other,,
T002607,EUR,C00327,P008,Modern Serum 08,1,76.74,76.74,0.0,,76.74,0.0,76.74,none,0,,0.0,76.74,2025-05-17,other,,
T002608,EUR,C00822,P011,Urban Bottle 11,1,58.41,49.65,0.15,WEEKEND15,58.41,8.76,49.65,none,0,,0.0,49.65,2025-05-17,other,,
T002609,EUR,C00021,P027,Urban Bottle 27,1,102.64,102.64,0.0,,102.64,0.0,102.64,none,0,,0.0,102.64,2025-05-17,other,,
T002610,EUR,C00186,P010,Pure Band 10,1,31.57,31.57,0.0,,31.57,0.0,31.57,none,0,,0.0,31.57,2025-05-17,other,,
T002611,EUR,C00323,P018,Pure Band 18,1,68.13,68.13,0.0,,68.13,0.0,68.13,none,0,,0.0,68.13,2025-05-17,other,,
T002612,EUR,C00408,P023,Calm Cream 23,1,43.34,43.34,0.0,,43.34,0.0,43.34,none,0,,0.0,43.34,2025-05-17,other,,
T002613,EUR,C00976,P029,Bright Organizer 29,1,15.67,15.67,0.0,,15.67,0.0,15.67,none,0,,0.0,15.67,2025-05-17,other,,
T002614,EUR,C00712,P015,Calm Cream 15,1,26.81,26.81,0.0,,26.81,0.0,26.81,none,0,,0.0,26.81,2025-05-17,other,,
T002615,EUR,C00955,P016,Modern Serum 16,1,91.2,91.2,0.0,,91.2,0.0,91.2,none,0,,0.0,91.2,2025-05-17,other,,
T002616,EUR,C00069,P029,Bright Organizer 29,1,15.67,15.67,0.0,,15.67,0.0,15.67,none,0,,0.0,15.67,2025-05-17,other,,
T002617,EUR,C00584,P017,Daily Lamp 17,1,94.4,94.4,0.0,,94.4,0.0,94.4,none,0,,0.0,94.4,2025-05-17,other,,
T002618,EUR,C00608,P015,Calm Cream 15,2,26.81,26.81,0.0,,53.62,0.0,53.62,none,0,,0.0,53.62,2025-05-17,other,,
T002619,EUR,C00865,P014,Active Mat 14,1,55.09,55.09,0.0,,55.09,0.0,55.09,none,0,,0.0,55.09,2025-05-17,other,,
T002620,EUR,C00215,P028,Essential Bag 28,1,98.03,98.03,0.0,,98.03,0.0,98.03,none,0,,0.0,98.03,2025-05-17,website,,V005996
T002621,EUR,C00787,P025,Daily Lamp 25,3,101.88,101.88,0.0,,305.64,0.0,305.64,none,0,,0.0,305.64,2025-05-17,other,,
T002622,EUR,C00182,P005,Bright Organizer 05,3,70.21,59.68,0.15,WEEKEND15,210.63,31.59,179.04,none,0,,0.0,179.04,2025-05-17,other,,
T002623,EUR,C00576,P019,Urban Bottle 19,1,61.21,61.21,0.0,,61.21,0.0,61.21,none,0,,0.0,61.21,2025-05-17,website,,V004693
T002624,EUR,C00228,P001,Daily Lamp 01,2,96.68,96.68,0.0,,193.36,0.0,193.36,none,0,,0.0,193.36,2025-05-18,website,,V001601
T002625,EUR,C00759,P020,Essential Bag 20,1,23.79,22.6,0.05,WELCOME5,23.79,1.19,22.6,none,0,,0.0,22.6,2025-05-18,other,,
T002626,EUR,C00771,P029,Bright Organizer 29,3,15.67,15.67,0.0,,47.01,0.0,47.01,full,3,2025-06-08,47.01,0.0,2025-05-18,other,,
T002627,EUR,C00423,P016,Modern Serum 16,2,91.2,86.64,0.05,WELCOME5,182.4,9.12,173.28,none,0,,0.0,173.28,2025-05-18,other,,
T002628,EUR,C00590,P001,Daily Lamp 01,2,96.68,96.68,0.0,,193.36,0.0,193.36,none,0,,0.0,193.36,2025-05-18,other,,
T002629,EUR,C00049,P030,Active Mat 30,1,15.8,14.22,0.1,LOYALTY10,15.8,1.58,14.22,none,0,,0.0,14.22,2025-05-18,other,,
T002630,EUR,C00960,P012,Essential Bag 12,1,99.7,99.7,0.0,,99.7,0.0,99.7,none,0,,0.0,99.7,2025-05-18,website,,V009212
T002631,EUR,C00957,P008,Modern Serum 08,1,76.74,76.74,0.0,,76.74,0.0,76.74,none,0,,0.0,76.74,2025-05-18,other,,
T002632,EUR,C00901,P016,Modern Serum 16,1,91.2,91.2,0.0,,91.2,0.0,91.2,none,0,,0.0,91.2,2025-05-18,other,,
T002633,EUR,C00524,P005,Bright Organizer 05,1,70.21,70.21,0.0,,70.21,0.0,70.21,none,0,,0.0,70.21,2025-05-18,other,,
T002634,EUR,C00919,P023,Calm Cream 23,1,43.34,43.34,0.0,,43.34,0.0,43.34,none,0,,0.0,43.34,2025-05-18,other,,
T002635,EUR,C00483,P014,Active Mat 14,1,55.09,55.09,0.0,,55.09,0.0,55.09,none,0,,0.0,55.09,2025-05-18,other,,
T002636,EUR,C00314,P005,Bright Organizer 05,1,70.21,70.21,0.0,,70.21,0.0,70.21,full,1,2025-06-04,70.21,0.0,2025-05-18,website,,V001223
T002637,EUR,C00512,P017,Daily Lamp 17,2,94.4,94.4,0.0,,188.8,0.0,188.8,none,0,,0.0,188.8,2025-05-18,other,,
T002638,EUR,C00858,P004,Essential Bag 04,2,83.73,83.73,0.0,,167.46,0.0,167.46,none,0,,0.0,167.46,2025-05-18,other,,
T002639,EUR,C00112,P017,Daily Lamp 17,1,94.4,94.4,0.0,,94.4,0.0,94.4,none,0,,0.0,94.4,2025-05-18,other,,
T002640,EUR,C00716,P010,Pure Band 10,1,31.57,31.57,0.0,,31.57,0.0,31.57,none,0,,0.0,31.57,2025-05-18,other,,
T002641,EUR,C00188,P027,Urban Bottle 27,1,102.64,102.64,0.0,,102.64,0.0,102.64,none,0,,0.0,102.64,2025-05-18,other,,
T002642,EUR,C00707,P026,Pure Band 26,1,23.03,19.58,0.15,WEEKEND15,23.03,3.45,19.58,none,0,,0.0,19.58,2025-05-18,other,,
T002643,EUR,C00136,P008,Modern Serum 08,1,76.74,76.74,0.0,,76.74,0.0,76.74,none,0,,0.0,76.74,2025-05-18,other,,
T002644,EUR,C00740,P018,Pure Band 18,1,68.13,68.13,0.0,,68.13,0.0,68.13,none,0,,0.0,68.13,2025-05-18,other,,
T002645,EUR,C00131,P017,Daily Lamp 17,1,94.4,94.4,0.0,,94.4,0.0,94.4,none,0,,0.0,94.4,2025-05-18,other,,
T002646,EUR,C00449,P007,Calm Cream 07,2,21.92,21.92,0.0,,43.84,0.0,43.84,none,0,,0.0,43.84,2025-05-18,other,,
T002647,EUR,C00173,P010,Pure Band 10,2,31.57,31.57,0.0,,63.14,0.0,63.14,none,0,,0.0,63.14,2025-05-18,other,,
T002648,EUR,C00829,P023,Calm Cream 23,3,43.34,43.34,0.0,,130.02,0.0,130.02,none,0,,0.0,130.02,2025-05-19,other,,
T002649,EUR,C00306,P029,Bright Organizer 29,1,15.67,15.67,0.0,,15.67,0.0,15.67,none,0,,0.0,15.67,2025-05-19,website,,V000924
T002650,EUR,C00638,P020,Essential Bag 20,2,23.79,23.79,0.0,,47.58,0.0,47.58,none,0,,0.0,47.58,2025-05-19,other,,
T002651,EUR,C00147,P003,Urban Bottle 03,2,105.26,105.26,0.0,,210.52,0.0,210.52,none,0,,0.0,210.52,2025-05-19,other,,
T002652,EUR,C00798,P017,Daily Lamp 17,1,94.4,89.68,0.05,WELCOME5,94.4,4.72,89.68,none,0,,0.0,89.68,2025-05-19,other,,
T002653,EUR,C00055,P006,Active Mat 06,1,104.36,104.36,0.0,,104.36,0.0,104.36,none,0,,0.0,104.36,2025-05-19,website,,V006219
T002654,EUR,C00218,P007,Calm Cream 07,1,21.92,21.92,0.0,,21.92,0.0,21.92,none,0,,0.0,21.92,2025-05-19,other,,
T002655,EUR,C00401,P030,Active Mat 30,1,15.8,13.43,0.15,WEEKEND15,15.8,2.37,13.43,none,0,,0.0,13.43,2025-05-19,other,,
T002656,EUR,C00702,P024,Modern Serum 24,2,66.52,66.52,0.0,,133.04,0.0,133.04,none,0,,0.0,133.04,2025-05-19,other,,
T002657,EUR,C00685,P014,Active Mat 14,1,55.09,55.09,0.0,,55.09,0.0,55.09,none,0,,0.0,55.09,2025-05-19,website,,V007942
T002658,EUR,C00824,P025,Daily Lamp 25,1,101.88,101.88,0.0,,101.88,0.0,101.88,none,0,,0.0,101.88,2025-05-19,other,,
T002659,EUR,C00506,P019,Urban Bottle 19,1,61.21,61.21,0.0,,61.21,0.0,61.21,none,0,,0.0,61.21,2025-05-19,other,,
T002660,EUR,C00810,P014,Active Mat 14,1,55.09,55.09,0.0,,55.09,0.0,55.09,none,0,,0.0,55.09,2025-05-19,other,,
T002661,EUR,C00883,P004,Essential Bag 04,2,83.73,79.54,0.05,WELCOME5,167.46,8.38,159.08,none,0,,0.0,159.08,2025-05-19,other,,
T002662,EUR,C00097,P020,Essential Bag 20,2,23.79,23.79,0.0,,47.58,0.0,47.58,none,0,,0.0,47.58,2025-05-19,other,,
T002663,EUR,C00715,P009,Daily Lamp 09,1,27.05,27.05,0.0,,27.05,0.0,27.05,none,0,,0.0,27.05,2025-05-19,other,,
T002664,EUR,C00304,P019,Urban Bottle 19,1,61.21,52.03,0.15,WEEKEND15,61.21,9.18,52.03,none,0,,0.0,52.03,2025-05-19,website,,V005880
T002665,EUR,C00703,P015,Calm Cream 15,1,26.81,26.81,0.0,,26.81,0.0,26.81,none,0,,0.0,26.81,2025-05-19,other,,
T002666,EUR,C00434,P006,Active Mat 06,1,104.36,93.92,0.1,LOYALTY10,104.36,10.44,93.92,none,0,,0.0,93.92,2025-05-19,other,,
T002667,EUR,C00160,P026,Pure Band 26,1,23.03,23.03,0.0,,23.03,0.0,23.03,none,0,,0.0,23.03,2025-05-19,other,,
T002668,EUR,C00420,P023,Calm Cream 23,1,43.34,39.01,0.1,LOYALTY10,43.34,4.33,39.01,none,0,,0.0,39.01,2025-05-19,other,,
T002669,EUR,C00799,P028,Essential Bag 28,1,98.03,98.03,0.0,,98.03,0.0,98.03,none,0,,0.0,98.03,2025-05-19,other,,
T002670,EUR,C00971,P021,Bright Organizer 21,4,91.23,91.23,0.0,,364.92,0.0,364.92,none,0,,0.0,364.92,2025-05-19,other,,
T002671,EUR,C00403,P017,Daily Lamp 17,1,94.4,94.4,0.0,,94.4,0.0,94.4,none,0,,0.0,94.4,2025-05-19,other,,
T002672,EUR,C00549,P005,Bright Organizer 05,1,70.21,70.21,0.0,,70.21,0.0,70.21,none,0,,0.0,70.21,2025-05-19,other,,
T002673,EUR,C00536,P027,Urban Bottle 27,1,102.64,102.64,0.0,,102.64,0.0,102.64,none,0,,0.0,102.64,2025-05-19,other,,
T002674,EUR,C00540,P012,Essential Bag 12,1,99.7,89.73,0.1,LOYALTY10,99.7,9.97,89.73,none,0,,0.0,89.73,2025-05-19,other,,
T002675,EUR,C00908,P028,Essential Bag 28,2,98.03,83.33,0.15,WEEKEND15,196.06,29.4,166.66,none,0,,0.0,166.66,2025-05-20,website,,V005890
T002676,EUR,C00379,P002,Pure Band 02,2,19.22,16.34,0.15,WEEKEND15,38.44,5.76,32.68,none,0,,0.0,32.68,2025-05-20,other,,
T002677,EUR,C00248,P009,Daily Lamp 09,2,27.05,24.35,0.1,LOYALTY10,54.1,5.4,48.7,none,0,,0.0,48.7,2025-05-20,other,,
T002678,EUR,C00082,P005,Bright Organizer 05,1,70.21,70.21,0.0,,70.21,0.0,70.21,none,0,,0.0,70.21,2025-05-20,other,,
T002679,EUR,C00152,P028,Essential Bag 28,1,98.03,98.03,0.0,,98.03,0.0,98.03,none,0,,0.0,98.03,2025-05-20,website,,V004867
T002680,EUR,C00996,P007,Calm Cream 07,2,21.92,21.92,0.0,,43.84,0.0,43.84,none,0,,0.0,43.84,2025-05-20,other,,
T002681,EUR,C00432,P008,Modern Serum 08,2,76.74,76.74,0.0,,153.48,0.0,153.48,none,0,,0.0,153.48,2025-05-20,other,,
T002682,EUR,C00211,P017,Daily Lamp 17,3,94.4,94.4,0.0,,283.2,0.0,283.2,none,0,,0.0,283.2,2025-05-20,other,,
T002683,EUR,C00526,P006,Active Mat 06,1,104.36,104.36,0.0,,104.36,0.0,104.36,none,0,,0.0,104.36,2025-05-20,other,,
T002684,EUR,C00603,P003,Urban Bottle 03,1,105.26,105.26,0.0,,105.26,0.0,105.26,none,0,,0.0,105.26,2025-05-20,other,,
T002685,EUR,C00069,P009,Daily Lamp 09,4,27.05,27.05,0.0,,108.2,0.0,108.2,none,0,,0.0,108.2,2025-05-20,other,,
T002686,EUR,C00140,P006,Active Mat 06,1,104.36,93.92,0.1,LOYALTY10,104.36,10.44,93.92,none,0,,0.0,93.92,2025-05-20,other,,
T002687,EUR,C00559,P002,Pure Band 02,1,19.22,19.22,0.0,,19.22,0.0,19.22,none,0,,0.0,19.22,2025-05-20,other,,
T002688,EUR,C00370,P005,Bright Organizer 05,1,70.21,70.21,0.0,,70.21,0.0,70.21,none,0,,0.0,70.21,2025-05-20,other,,
T002689,EUR,C00194,P008,Modern Serum 08,3,76.74,76.74,0.0,,230.22,0.0,230.22,none,0,,0.0,230.22,2025-05-20,other,,
T002690,EUR,C00980,P017,Daily Lamp 17,1,94.4,94.4,0.0,,94.4,0.0,94.4,full,1,2025-06-06,94.4,0.0,2025-05-20,other,,
T002691,EUR,C00904,P026,Pure Band 26,1,23.03,23.03,0.0,,23.03,0.0,23.03,none,0,,0.0,23.03,2025-05-21,other,,
T002692,EUR,C00748,P015,Calm Cream 15,1,26.81,26.81,0.0,,26.81,0.0,26.81,none,0,,0.0,26.81,2025-05-21,other,,
T002693,EUR,C00682,P012,Essential Bag 12,1,99.7,99.7,0.0,,99.7,0.0,99.7,none,0,,0.0,99.7,2025-05-21,other,,
T002694,EUR,C00812,P018,Pure Band 18,2,68.13,61.32,0.1,LOYALTY10,136.26,13.62,122.64,none,0,,0.0,122.64,2025-05-21,other,,
T002695,EUR,C00530,P027,Urban Bottle 27,1,102.64,102.64,0.0,,102.64,0.0,102.64,none,0,,0.0,102.64,2025-05-21,other,,
T002696,EUR,C00090,P005,Bright Organizer 05,2,70.21,70.21,0.0,,140.42,0.0,140.42,none,0,,0.0,140.42,2025-05-21,other,,
T002697,EUR,C00292,P007,Calm Cream 07,1,21.92,21.92,0.0,,21.92,0.0,21.92,none,0,,0.0,21.92,2025-05-21,other,,
T002698,EUR,C00197,P030,Active Mat 30,2,15.8,15.8,0.0,,31.6,0.0,31.6,none,0,,0.0,31.6,2025-05-21,website,,V000036
T002699,EUR,C00354,P014,Active Mat 14,1,55.09,55.09,0.0,,55.09,0.0,55.09,none,0,,0.0,55.09,2025-05-21,other,,
T002700,EUR,C00088,P021,Bright Organizer 21,1,91.23,91.23,0.0,,91.23,0.0,91.23,none,0,,0.0,91.23,2025-05-21,other,,
T002701,EUR,C00131,P005,Bright Organizer 05,1,70.21,70.21,0.0,,70.21,0.0,70.21,none,0,,0.0,70.21,2025-05-21,website,,V007569
T002702,EUR,C00805,P021,Bright Organizer 21,1,91.23,91.23,0.0,,91.23,0.0,91.23,none,0,,0.0,91.23,2025-05-21,other,,
T002703,EUR,C00451,P006,Active Mat 06,1,104.36,104.36,0.0,,104.36,0.0,104.36,none,0,,0.0,104.36,2025-05-21,other,,
T002704,EUR,C00292,P028,Essential Bag 28,1,98.03,98.03,0.0,,98.03,0.0,98.03,none,0,,0.0,98.03,2025-05-21,other,,
T002705,EUR,C00365,P011,Urban Bottle 11,1,58.41,58.41,0.0,,58.41,0.0,58.41,none,0,,0.0,58.41,2025-05-21,other,,
T002706,EUR,C00408,P023,Calm Cream 23,1,43.34,43.34,0.0,,43.34,0.0,43.34,none,0,,0.0,43.34,2025-05-21,other,,
T002707,EUR,C00107,P016,Modern Serum 16,3,91.2,91.2,0.0,,273.6,0.0,273.6,none,0,,0.0,273.6,2025-05-21,website,,V000426
T002708,EUR,C00558,P005,Bright Organizer 05,1,70.21,70.21,0.0,,70.21,0.0,70.21,none,0,,0.0,70.21,2025-05-22,other,,
T002709,EUR,C00868,P005,Bright Organizer 05,1,70.21,70.21,0.0,,70.21,0.0,70.21,none,0,,0.0,70.21,2025-05-22,other,,
T002710,EUR,C00404,P019,Urban Bottle 19,1,61.21,61.21,0.0,,61.21,0.0,61.21,none,0,,0.0,61.21,2025-05-22,other,,
T002711,EUR,C00567,P011,Urban Bottle 11,1,58.41,58.41,0.0,,58.41,0.0,58.41,none,0,,0.0,58.41,2025-05-22,other,,
T002712,EUR,C00922,P012,Essential Bag 12,1,99.7,99.7,0.0,,99.7,0.0,99.7,none,0,,0.0,99.7,2025-05-22,other,,
T002713,EUR,C00144,P029,Bright Organizer 29,2,15.67,15.67,0.0,,31.34,0.0,31.34,none,0,,0.0,31.34,2025-05-22,other,,
T002714,EUR,C00266,P006,Active Mat 06,1,104.36,104.36,0.0,,104.36,0.0,104.36,none,0,,0.0,104.36,2025-05-22,other,,
T002715,EUR,C00524,P017,Daily Lamp 17,1,94.4,94.4,0.0,,94.4,0.0,94.4,none,0,,0.0,94.4,2025-05-22,other,,
T002716,EUR,C00175,P014,Active Mat 14,1,55.09,55.09,0.0,,55.09,0.0,55.09,none,0,,0.0,55.09,2025-05-22,other,,
T002717,EUR,C00934,P025,Daily Lamp 25,1,101.88,101.88,0.0,,101.88,0.0,101.88,none,0,,0.0,101.88,2025-05-22,other,,
T002718,EUR,C00796,P024,Modern Serum 24,3,66.52,59.87,0.1,LOYALTY10,199.56,19.95,179.61,none,0,,0.0,179.61,2025-05-22,other,,
T002719,EUR,C00069,P017,Daily Lamp 17,1,94.4,94.4,0.0,,94.4,0.0,94.4,none,0,,0.0,94.4,2025-05-22,other,,
T002720,EUR,C00056,P021,Bright Organizer 21,2,91.23,82.11,0.1,LOYALTY10,182.46,18.24,164.22,none,0,,0.0,164.22,2025-05-22,other,,
T002721,EUR,C00729,P024,Modern Serum 24,1,66.52,63.19,0.05,WELCOME5,66.52,3.33,63.19,none,0,,0.0,63.19,2025-05-22,other,,
T002722,EUR,C00927,P009,Daily Lamp 09,1,27.05,27.05,0.0,,27.05,0.0,27.05,none,0,,0.0,27.05,2025-05-22,other,,
T002723,EUR,C00478,P026,Pure Band 26,2,23.03,23.03,0.0,,46.06,0.0,46.06,none,0,,0.0,46.06,2025-05-22,website,,V002900
T002724,EUR,C00307,P021,Bright Organizer 21,3,91.23,82.11,0.1,LOYALTY10,273.69,27.36,246.33,full,3,2025-06-12,246.33,0.0,2025-05-22,other,,
T002725,EUR,C00432,P024,Modern Serum 24,1,66.52,66.52,0.0,,66.52,0.0,66.52,none,0,,0.0,66.52,2025-05-22,other,,
T002726,EUR,C00504,P016,Modern Serum 16,2,91.2,91.2,0.0,,182.4,0.0,182.4,none,0,,0.0,182.4,2025-05-22,other,,
T002727,EUR,C00551,P020,Essential Bag 20,1,23.79,23.79,0.0,,23.79,0.0,23.79,none,0,,0.0,23.79,2025-05-22,other,,
T002728,EUR,C00332,P027,Urban Bottle 27,3,102.64,102.64,0.0,,307.92,0.0,307.92,none,0,,0.0,307.92,2025-05-23,other,,
T002729,EUR,C00982,P021,Bright Organizer 21,1,91.23,82.11,0.1,LOYALTY10,91.23,9.12,82.11,full,1,2025-06-14,82.11,0.0,2025-05-23,other,,
T002730,EUR,C00962,P017,Daily Lamp 17,2,94.4,94.4,0.0,,188.8,0.0,188.8,none,0,,0.0,188.8,2025-05-23,other,,
T002731,EUR,C00052,P011,Urban Bottle 11,4,58.41,58.41,0.0,,233.64,0.0,233.64,full,4,2025-06-05,233.64,0.0,2025-05-23,other,,
T002732,EUR,C00241,P012,Essential Bag 12,3,99.7,99.7,0.0,,299.1,0.0,299.1,none,0,,0.0,299.1,2025-05-23,other,,
T002733,EUR,C00950,P005,Bright Organizer 05,1,70.21,66.7,0.05,WELCOME5,70.21,3.51,66.7,none,0,,0.0,66.7,2025-05-23,other,,
T002734,EUR,C00403,P002,Pure Band 02,2,19.22,19.22,0.0,,38.44,0.0,38.44,none,0,,0.0,38.44,2025-05-23,other,,
T002735,EUR,C00675,P028,Essential Bag 28,1,98.03,98.03,0.0,,98.03,0.0,98.03,none,0,,0.0,98.03,2025-05-23,other,,
T002736,EUR,C00671,P009,Daily Lamp 09,2,27.05,25.7,0.05,WELCOME5,54.1,2.7,51.4,none,0,,0.0,51.4,2025-05-23,other,,
T002737,EUR,C00051,P026,Pure Band 26,2,23.03,23.03,0.0,,46.06,0.0,46.06,none,0,,0.0,46.06,2025-05-23,other,,
T002738,EUR,C00676,P029,Bright Organizer 29,3,15.67,13.32,0.15,WEEKEND15,47.01,7.05,39.96,none,0,,0.0,39.96,2025-05-23,website,,V001282
T002739,EUR,C00492,P016,Modern Serum 16,4,91.2,86.64,0.05,WELCOME5,364.8,18.24,346.56,none,0,,0.0,346.56,2025-05-24,other,,
T002740,EUR,C00919,P010,Pure Band 10,2,31.57,31.57,0.0,,63.14,0.0,63.14,none,0,,0.0,63.14,2025-05-24,other,,
T002741,EUR,C00883,P024,Modern Serum 24,1,66.52,66.52,0.0,,66.52,0.0,66.52,none,0,,0.0,66.52,2025-05-24,other,,
T002742,EUR,C00591,P005,Bright Organizer 05,1,70.21,70.21,0.0,,70.21,0.0,70.21,none,0,,0.0,70.21,2025-05-24,other,,
T002743,EUR,C00433,P019,Urban Bottle 19,2,61.21,61.21,0.0,,122.42,0.0,122.42,none,0,,0.0,122.42,2025-05-24,other,,
T002744,EUR,C00705,P017,Daily Lamp 17,1,94.4,94.4,0.0,,94.4,0.0,94.4,none,0,,0.0,94.4,2025-05-24,other,,
T002745,EUR,C00433,P012,Essential Bag 12,1,99.7,99.7,0.0,,99.7,0.0,99.7,none,0,,0.0,99.7,2025-05-24,other,,
T002746,EUR,C00717,P022,Active Mat 22,1,31.79,31.79,0.0,,31.79,0.0,31.79,none,0,,0.0,31.79,2025-05-24,other,,
T002747,EUR,C00006,P027,Urban Bottle 27,1,102.64,92.38,0.1,LOYALTY10,102.64,10.26,92.38,none,0,,0.0,92.38,2025-05-24,other,,
T002748,EUR,C00477,P026,Pure Band 26,1,23.03,23.03,0.0,,23.03,0.0,23.03,none,0,,0.0,23.03,2025-05-24,other,,
T002749,EUR,C00861,P018,Pure Band 18,3,68.13,68.13,0.0,,204.39,0.0,204.39,none,0,,0.0,204.39,2025-05-24,website,,V006313
T002750,EUR,C00900,P022,Active Mat 22,3,31.79,31.79,0.0,,95.37,0.0,95.37,none,0,,0.0,95.37,2025-05-24,other,,
T002751,EUR,C00068,P009,Daily Lamp 09,1,27.05,22.99,0.15,WEEKEND15,27.05,4.06,22.99,none,0,,0.0,22.99,2025-05-24,other,,
T002752,EUR,C00251,P005,Bright Organizer 05,1,70.21,70.21,0.0,,70.21,0.0,70.21,none,0,,0.0,70.21,2025-05-24,other,,
T002753,EUR,C00497,P027,Urban Bottle 27,2,102.64,92.38,0.1,LOYALTY10,205.28,20.52,184.76,none,0,,0.0,184.76,2025-05-24,website,,V008044
T002754,EUR,C00270,P022,Active Mat 22,2,31.79,28.61,0.1,LOYALTY10,63.58,6.36,57.22,none,0,,0.0,57.22,2025-05-24,other,,
T002755,EUR,C00311,P025,Daily Lamp 25,1,101.88,101.88,0.0,,101.88,0.0,101.88,none,0,,0.0,101.88,2025-05-25,other,,
T002756,EUR,C00070,P019,Urban Bottle 19,2,61.21,61.21,0.0,,122.42,0.0,122.42,none,0,,0.0,122.42,2025-05-25,website,,V006568
T002757,EUR,C00887,P021,Bright Organizer 21,1,91.23,91.23,0.0,,91.23,0.0,91.23,none,0,,0.0,91.23,2025-05-25,other,,
T002758,EUR,C00618,P023,Calm Cream 23,1,43.34,43.34,0.0,,43.34,0.0,43.34,none,0,,0.0,43.34,2025-05-25,website,,V004905
T002759,EUR,C00019,P011,Urban Bottle 11,1,58.41,58.41,0.0,,58.41,0.0,58.41,none,0,,0.0,58.41,2025-05-25,other,,
T002760,EUR,C00711,P029,Bright Organizer 29,1,15.67,15.67,0.0,,15.67,0.0,15.67,none,0,,0.0,15.67,2025-05-25,other,,
T002761,EUR,C00273,P023,Calm Cream 23,1,43.34,43.34,0.0,,43.34,0.0,43.34,none,0,,0.0,43.34,2025-05-25,other,,
T002762,EUR,C00459,P010,Pure Band 10,2,31.57,28.41,0.1,LOYALTY10,63.14,6.32,56.82,none,0,,0.0,56.82,2025-05-25,other,,
T002763,EUR,C00164,P016,Modern Serum 16,1,91.2,91.2,0.0,,91.2,0.0,91.2,none,0,,0.0,91.2,2025-05-25,other,,
T002764,EUR,C00714,P023,Calm Cream 23,2,43.34,43.34,0.0,,86.68,0.0,86.68,none,0,,0.0,86.68,2025-05-25,other,,
T002765,EUR,C00887,P011,Urban Bottle 11,3,58.41,52.57,0.1,LOYALTY10,175.23,17.52,157.71,none,0,,0.0,157.71,2025-05-25,other,,
T002766,EUR,C00659,P009,Daily Lamp 09,1,27.05,27.05,0.0,,27.05,0.0,27.05,none,0,,0.0,27.05,2025-05-25,other,,
T002767,EUR,C00392,P010,Pure Band 10,2,31.57,31.57,0.0,,63.14,0.0,63.14,none,0,,0.0,63.14,2025-05-25,website,,V006944
T002768,EUR,C00552,P029,Bright Organizer 29,1,15.67,15.67,0.0,,15.67,0.0,15.67,none,0,,0.0,15.67,2025-05-25,website,,V004278
T002769,EUR,C00840,P011,Urban Bottle 11,1,58.41,58.41,0.0,,58.41,0.0,58.41,none,0,,0.0,58.41,2025-05-25,other,,
T002770,EUR,C00970,P027,Urban Bottle 27,1,102.64,102.64,0.0,,102.64,0.0,102.64,none,0,,0.0,102.64,2025-05-25,other,,
T002771,EUR,C00781,P009,Daily Lamp 09,3,27.05,27.05,0.0,,81.15,0.0,81.15,none,0,,0.0,81.15,2025-05-25,other,,
T002772,EUR,C00877,P017,Daily Lamp 17,4,94.4,94.4,0.0,,377.6,0.0,377.6,none,0,,0.0,377.6,2025-05-26,other,,
T002773,EUR,C00181,P002,Pure Band 02,1,19.22,19.22,0.0,,19.22,0.0,19.22,none,0,,0.0,19.22,2025-05-26,other,,
T002774,EUR,C00256,P009,Daily Lamp 09,1,27.05,27.05,0.0,,27.05,0.0,27.05,none,0,,0.0,27.05,2025-05-26,other,,
T002775,EUR,C00596,P018,Pure Band 18,1,68.13,68.13,0.0,,68.13,0.0,68.13,none,0,,0.0,68.13,2025-05-26,other,,
T002776,EUR,C00106,P024,Modern Serum 24,1,66.52,66.52,0.0,,66.52,0.0,66.52,none,0,,0.0,66.52,2025-05-26,other,,
T002777,EUR,C00430,P012,Essential Bag 12,2,99.7,99.7,0.0,,199.4,0.0,199.4,none,0,,0.0,199.4,2025-05-26,other,,
T002778,EUR,C00628,P011,Urban Bottle 11,1,58.41,58.41,0.0,,58.41,0.0,58.41,none,0,,0.0,58.41,2025-05-26,other,,
T002779,EUR,C00890,P023,Calm Cream 23,2,43.34,43.34,0.0,,86.68,0.0,86.68,none,0,,0.0,86.68,2025-05-26,website,,V006431
T002780,EUR,C00364,P017,Daily Lamp 17,1,94.4,94.4,0.0,,94.4,0.0,94.4,none,0,,0.0,94.4,2025-05-26,other,,
T002781,EUR,C00631,P015,Calm Cream 15,1,26.81,26.81,0.0,,26.81,0.0,26.81,none,0,,0.0,26.81,2025-05-26,other,,
T002782,EUR,C00872,P009,Daily Lamp 09,1,27.05,27.05,0.0,,27.05,0.0,27.05,none,0,,0.0,27.05,2025-05-26,other,,
T002783,EUR,C00211,P029,Bright Organizer 29,2,15.67,15.67,0.0,,31.34,0.0,31.34,none,0,,0.0,31.34,2025-05-26,other,,
T002784,EUR,C00866,P014,Active Mat 14,2,55.09,55.09,0.0,,110.18,0.0,110.18,none,0,,0.0,110.18,2025-05-26,other,,
T002785,EUR,C00337,P030,Active Mat 30,3,15.8,15.8,0.0,,47.4,0.0,47.4,none,0,,0.0,47.4,2025-05-26,other,,
T002786,EUR,C00427,P018,Pure Band 18,3,68.13,68.13,0.0,,204.39,0.0,204.39,none,0,,0.0,204.39,2025-05-26,other,,
T002787,EUR,C00019,P018,Pure Band 18,1,68.13,68.13,0.0,,68.13,0.0,68.13,none,0,,0.0,68.13,2025-05-26,other,,
T002788,EUR,C00232,P009,Daily Lamp 09,2,27.05,27.05,0.0,,54.1,0.0,54.1,none,0,,0.0,54.1,2025-05-26,other,,
T002789,EUR,C00947,P010,Pure Band 10,1,31.57,26.83,0.15,WEEKEND15,31.57,4.74,26.83,none,0,,0.0,26.83,2025-05-27,other,,
T002790,EUR,C00846,P023,Calm Cream 23,1,43.34,43.34,0.0,,43.34,0.0,43.34,none,0,,0.0,43.34,2025-05-27,other,,
T002791,EUR,C00066,P014,Active Mat 14,1,55.09,55.09,0.0,,55.09,0.0,55.09,none,0,,0.0,55.09,2025-05-27,other,,
T002792,EUR,C00867,P003,Urban Bottle 03,1,105.26,94.73,0.1,LOYALTY10,105.26,10.53,94.73,none,0,,0.0,94.73,2025-05-27,other,,
T002793,EUR,C00798,P021,Bright Organizer 21,4,91.23,77.55,0.15,MEMBER15,364.92,54.72,310.2,none,0,,0.0,310.2,2025-05-27,marketing_campaign,SEND001702,V010220
T002794,EUR,C00109,P012,Essential Bag 12,1,99.7,99.7,0.0,,99.7,0.0,99.7,none,0,,0.0,99.7,2025-05-27,other,,
T002795,EUR,C00301,P003,Urban Bottle 03,1,105.26,94.73,0.1,LOYALTY10,105.26,10.53,94.73,none,0,,0.0,94.73,2025-05-27,other,,
T002796,EUR,C00860,P008,Modern Serum 08,3,76.74,76.74,0.0,,230.22,0.0,230.22,none,0,,0.0,230.22,2025-05-27,other,,
T002797,EUR,C00636,P002,Pure Band 02,3,19.22,19.22,0.0,,57.66,0.0,57.66,full,3,2025-05-30,57.66,0.0,2025-05-27,other,,
T002798,EUR,C00250,P018,Pure Band 18,2,68.13,68.13,0.0,,136.26,0.0,136.26,none,0,,0.0,136.26,2025-05-27,other,,
T002799,EUR,C00668,P020,Essential Bag 20,1,23.79,23.79,0.0,,23.79,0.0,23.79,none,0,,0.0,23.79,2025-05-27,other,,
T002800,EUR,C00040,P027,Urban Bottle 27,1,102.64,102.64,0.0,,102.64,0.0,102.64,none,0,,0.0,102.64,2025-05-27,other,,
T002801,EUR,C00913,P019,Urban Bottle 19,1,61.21,61.21,0.0,,61.21,0.0,61.21,none,0,,0.0,61.21,2025-05-27,other,,
T002802,EUR,C00054,P028,Essential Bag 28,2,98.03,98.03,0.0,,196.06,0.0,196.06,none,0,,0.0,196.06,2025-05-27,other,,
T002803,EUR,C00798,P007,Calm Cream 07,1,21.92,21.92,0.0,,21.92,0.0,21.92,none,0,,0.0,21.92,2025-05-28,other,,
T002804,EUR,C00514,P025,Daily Lamp 25,1,101.88,101.88,0.0,,101.88,0.0,101.88,none,0,,0.0,101.88,2025-05-28,other,,
T002805,EUR,C00684,P020,Essential Bag 20,2,23.79,23.79,0.0,,47.58,0.0,47.58,none,0,,0.0,47.58,2025-05-28,other,,
T002806,EUR,C00832,P028,Essential Bag 28,3,98.03,98.03,0.0,,294.09,0.0,294.09,none,0,,0.0,294.09,2025-05-28,website,,V004523
T002807,EUR,C00751,P024,Modern Serum 24,1,66.52,66.52,0.0,,66.52,0.0,66.52,none,0,,0.0,66.52,2025-05-28,other,,
T002808,EUR,C00145,P013,Bright Organizer 13,3,48.36,48.36,0.0,,145.08,0.0,145.08,none,0,,0.0,145.08,2025-05-28,other,,
T002809,EUR,C00681,P017,Daily Lamp 17,3,94.4,94.4,0.0,,283.2,0.0,283.2,none,0,,0.0,283.2,2025-05-28,other,,
T002810,EUR,C00183,P025,Daily Lamp 25,3,101.88,101.88,0.0,,305.64,0.0,305.64,none,0,,0.0,305.64,2025-05-28,other,,
T002811,EUR,C00430,P027,Urban Bottle 27,3,102.64,102.64,0.0,,307.92,0.0,307.92,none,0,,0.0,307.92,2025-05-28,other,,
T002812,EUR,C00117,P005,Bright Organizer 05,1,70.21,70.21,0.0,,70.21,0.0,70.21,none,0,,0.0,70.21,2025-05-28,website,,V002128
T002813,EUR,C00113,P024,Modern Serum 24,1,66.52,66.52,0.0,,66.52,0.0,66.52,full,1,2025-06-23,66.52,0.0,2025-05-28,other,,
T002814,EUR,C00923,P010,Pure Band 10,2,31.57,31.57,0.0,,63.14,0.0,63.14,none,0,,0.0,63.14,2025-05-28,website,,V007649
T002815,EUR,C00555,P018,Pure Band 18,2,68.13,68.13,0.0,,136.26,0.0,136.26,none,0,,0.0,136.26,2025-05-28,other,,
T002816,EUR,C00579,P011,Urban Bottle 11,1,58.41,58.41,0.0,,58.41,0.0,58.41,none,0,,0.0,58.41,2025-05-28,other,,
T002817,EUR,C00096,P008,Modern Serum 08,1,76.74,76.74,0.0,,76.74,0.0,76.74,none,0,,0.0,76.74,2025-05-28,other,,
T002818,EUR,C00015,P026,Pure Band 26,2,23.03,23.03,0.0,,46.06,0.0,46.06,none,0,,0.0,46.06,2025-05-28,other,,
T002819,EUR,C00178,P028,Essential Bag 28,1,98.03,98.03,0.0,,98.03,0.0,98.03,none,0,,0.0,98.03,2025-05-28,other,,
T002820,EUR,C00951,P018,Pure Band 18,3,68.13,68.13,0.0,,204.39,0.0,204.39,none,0,,0.0,204.39,2025-05-29,other,,
T002821,EUR,C00664,P014,Active Mat 14,2,55.09,46.83,0.15,WEEKEND15,110.18,16.52,93.66,none,0,,0.0,93.66,2025-05-29,other,,
T002822,EUR,C00047,P029,Bright Organizer 29,2,15.67,15.67,0.0,,31.34,0.0,31.34,none,0,,0.0,31.34,2025-05-29,other,,
T002823,EUR,C00128,P029,Bright Organizer 29,1,15.67,15.67,0.0,,15.67,0.0,15.67,none,0,,0.0,15.67,2025-05-29,other,,
T002824,EUR,C00616,P005,Bright Organizer 05,1,70.21,70.21,0.0,,70.21,0.0,70.21,none,0,,0.0,70.21,2025-05-29,other,,
T002825,EUR,C00042,P012,Essential Bag 12,3,99.7,99.7,0.0,,299.1,0.0,299.1,none,0,,0.0,299.1,2025-05-29,other,,
T002826,EUR,C00451,P014,Active Mat 14,1,55.09,55.09,0.0,,55.09,0.0,55.09,none,0,,0.0,55.09,2025-05-29,website,,V003051
T002827,EUR,C00688,P017,Daily Lamp 17,1,94.4,89.68,0.05,WELCOME5,94.4,4.72,89.68,none,0,,0.0,89.68,2025-05-29,other,,
T002828,EUR,C00740,P008,Modern Serum 08,1,76.74,76.74,0.0,,76.74,0.0,76.74,none,0,,0.0,76.74,2025-05-29,other,,
T002829,EUR,C00307,P026,Pure Band 26,1,23.03,23.03,0.0,,23.03,0.0,23.03,none,0,,0.0,23.03,2025-05-29,other,,
T002830,EUR,C00233,P005,Bright Organizer 05,1,70.21,70.21,0.0,,70.21,0.0,70.21,none,0,,0.0,70.21,2025-05-29,website,,V005101
T002831,EUR,C00945,P007,Calm Cream 07,1,21.92,21.92,0.0,,21.92,0.0,21.92,none,0,,0.0,21.92,2025-05-29,other,,
T002832,EUR,C00808,P003,Urban Bottle 03,1,105.26,105.26,0.0,,105.26,0.0,105.26,none,0,,0.0,105.26,2025-05-29,website,,V009397
T002833,EUR,C00459,P021,Bright Organizer 21,1,91.23,86.67,0.05,WELCOME5,91.23,4.56,86.67,none,0,,0.0,86.67,2025-05-29,other,,
T002834,EUR,C00974,P009,Daily Lamp 09,2,27.05,27.05,0.0,,54.1,0.0,54.1,none,0,,0.0,54.1,2025-05-29,other,,
T002835,EUR,C00138,P018,Pure Band 18,1,68.13,68.13,0.0,,68.13,0.0,68.13,none,0,,0.0,68.13,2025-05-29,other,,
T002836,EUR,C00808,P017,Daily Lamp 17,1,94.4,94.4,0.0,,94.4,0.0,94.4,none,0,,0.0,94.4,2025-05-29,other,,
T002837,EUR,C00607,P002,Pure Band 02,1,19.22,19.22,0.0,,19.22,0.0,19.22,none,0,,0.0,19.22,2025-05-29,other,,
T002838,EUR,C00005,P021,Bright Organizer 21,1,91.23,91.23,0.0,,91.23,0.0,91.23,none,0,,0.0,91.23,2025-05-29,other,,
T002839,EUR,C00305,P027,Urban Bottle 27,1,102.64,87.24,0.15,WEEKEND15,102.64,15.4,87.24,none,0,,0.0,87.24,2025-05-29,other,,
T002840,EUR,C00316,P022,Active Mat 22,1,31.79,27.02,0.15,WEEKEND15,31.79,4.77,27.02,none,0,,0.0,27.02,2025-05-29,other,,
T002841,EUR,C00289,P014,Active Mat 14,1,55.09,55.09,0.0,,55.09,0.0,55.09,none,0,,0.0,55.09,2025-05-29,other,,
T002842,EUR,C00660,P014,Active Mat 14,2,55.09,55.09,0.0,,110.18,0.0,110.18,partial,1,2025-06-18,55.09,55.09,2025-05-29,other,,
T002843,EUR,C00526,P009,Daily Lamp 09,1,27.05,27.05,0.0,,27.05,0.0,27.05,none,0,,0.0,27.05,2025-05-29,other,,
T002844,EUR,C00939,P010,Pure Band 10,1,31.57,31.57,0.0,,31.57,0.0,31.57,none,0,,0.0,31.57,2025-05-29,other,,
T002845,EUR,C00480,P016,Modern Serum 16,1,91.2,91.2,0.0,,91.2,0.0,91.2,none,0,,0.0,91.2,2025-05-29,other,,
T002846,EUR,C00299,P011,Urban Bottle 11,3,58.41,58.41,0.0,,175.23,0.0,175.23,none,0,,0.0,175.23,2025-05-29,other,,
T002847,EUR,C00297,P015,Calm Cream 15,1,26.81,26.81,0.0,,26.81,0.0,26.81,none,0,,0.0,26.81,2025-05-29,other,,
T002848,EUR,C00993,P009,Daily Lamp 09,2,27.05,27.05,0.0,,54.1,0.0,54.1,partial,1,2025-06-20,27.05,27.05,2025-05-29,other,,
T002849,EUR,C00612,P024,Modern Serum 24,2,66.52,66.52,0.0,,133.04,0.0,133.04,none,0,,0.0,133.04,2025-05-30,other,,
T002850,EUR,C00480,P012,Essential Bag 12,1,99.7,99.7,0.0,,99.7,0.0,99.7,none,0,,0.0,99.7,2025-05-30,other,,
T002851,EUR,C00951,P025,Daily Lamp 25,1,101.88,101.88,0.0,,101.88,0.0,101.88,none,0,,0.0,101.88,2025-05-30,other,,
T002852,EUR,C00245,P030,Active Mat 30,1,15.8,15.01,0.05,WELCOME5,15.8,0.79,15.01,none,0,,0.0,15.01,2025-05-30,other,,
T002853,EUR,C00105,P017,Daily Lamp 17,1,94.4,94.4,0.0,,94.4,0.0,94.4,none,0,,0.0,94.4,2025-05-30,other,,
T002854,EUR,C00707,P008,Modern Serum 08,2,76.74,76.74,0.0,,153.48,0.0,153.48,none,0,,0.0,153.48,2025-05-30,website,,V003903
T002855,EUR,C00762,P012,Essential Bag 12,1,99.7,99.7,0.0,,99.7,0.0,99.7,none,0,,0.0,99.7,2025-05-30,other,,
T002856,EUR,C00345,P008,Modern Serum 08,1,76.74,76.74,0.0,,76.74,0.0,76.74,none,0,,0.0,76.74,2025-05-30,website,,V009675
T002857,EUR,C00204,P009,Daily Lamp 09,1,27.05,27.05,0.0,,27.05,0.0,27.05,none,0,,0.0,27.05,2025-05-30,website,,V007022
T002858,EUR,C00915,P024,Modern Serum 24,1,66.52,66.52,0.0,,66.52,0.0,66.52,none,0,,0.0,66.52,2025-05-30,other,,
T002859,EUR,C00440,P015,Calm Cream 15,1,26.81,24.13,0.1,LOYALTY10,26.81,2.68,24.13,none,0,,0.0,24.13,2025-05-30,other,,
T002860,EUR,C00581,P028,Essential Bag 28,1,98.03,98.03,0.0,,98.03,0.0,98.03,none,0,,0.0,98.03,2025-05-30,other,,
T002861,EUR,C00518,P005,Bright Organizer 05,1,70.21,66.7,0.05,WELCOME5,70.21,3.51,66.7,none,0,,0.0,66.7,2025-05-30,other,,
T002862,EUR,C00605,P022,Active Mat 22,1,31.79,28.61,0.1,LOYALTY10,31.79,3.18,28.61,none,0,,0.0,28.61,2025-05-30,other,,
T002863,EUR,C00264,P022,Active Mat 22,1,31.79,31.79,0.0,,31.79,0.0,31.79,none,0,,0.0,31.79,2025-05-30,website,,V000429
T002864,EUR,C00764,P008,Modern Serum 08,2,76.74,76.74,0.0,,153.48,0.0,153.48,none,0,,0.0,153.48,2025-05-30,other,,
T002865,EUR,C00659,P014,Active Mat 14,1,55.09,55.09,0.0,,55.09,0.0,55.09,none,0,,0.0,55.09,2025-05-30,other,,
T002866,EUR,C00463,P016,Modern Serum 16,1,91.2,91.2,0.0,,91.2,0.0,91.2,none,0,,0.0,91.2,2025-05-30,other,,
T002867,EUR,C00194,P020,Essential Bag 20,1,23.79,22.6,0.05,WELCOME5,23.79,1.19,22.6,none,0,,0.0,22.6,2025-05-30,other,,
T002868,EUR,C00446,P005,Bright Organizer 05,1,70.21,70.21,0.0,,70.21,0.0,70.21,none,0,,0.0,70.21,2025-05-30,other,,
T002869,EUR,C00144,P028,Essential Bag 28,1,98.03,98.03,0.0,,98.03,0.0,98.03,none,0,,0.0,98.03,2025-05-30,website,,V008557
T002870,EUR,C00637,P012,Essential Bag 12,1,99.7,89.73,0.1,LOYALTY10,99.7,9.97,89.73,full,1,2025-06-25,89.73,0.0,2025-05-31,other,,
T002871,EUR,C00443,P026,Pure Band 26,1,23.03,23.03,0.0,,23.03,0.0,23.03,none,0,,0.0,23.03,2025-05-31,other,,
T002872,EUR,C00629,P029,Bright Organizer 29,1,15.67,15.67,0.0,,15.67,0.0,15.67,none,0,,0.0,15.67,2025-05-31,other,,
T002873,EUR,C00620,P009,Daily Lamp 09,1,27.05,27.05,0.0,,27.05,0.0,27.05,none,0,,0.0,27.05,2025-05-31,website,,V003383
T002874,EUR,C00117,P026,Pure Band 26,2,23.03,20.73,0.1,LOYALTY10,46.06,4.6,41.46,none,0,,0.0,41.46,2025-05-31,website,,V003839
T002875,EUR,C00423,P020,Essential Bag 20,1,23.79,22.6,0.05,WELCOME5,23.79,1.19,22.6,none,0,,0.0,22.6,2025-05-31,other,,
T002876,EUR,C00586,P007,Calm Cream 07,1,21.92,19.73,0.1,LOYALTY10,21.92,2.19,19.73,none,0,,0.0,19.73,2025-05-31,other,,
T002877,EUR,C00510,P010,Pure Band 10,2,31.57,31.57,0.0,,63.14,0.0,63.14,none,0,,0.0,63.14,2025-05-31,website,,V007083
T002878,EUR,C00491,P016,Modern Serum 16,1,91.2,91.2,0.0,,91.2,0.0,91.2,none,0,,0.0,91.2,2025-05-31,other,,
T002879,EUR,C00523,P026,Pure Band 26,1,23.03,21.88,0.05,WELCOME5,23.03,1.15,21.88,none,0,,0.0,21.88,2025-05-31,other,,
T002880,EUR,C00162,P005,Bright Organizer 05,1,70.21,70.21,0.0,,70.21,0.0,70.21,none,0,,0.0,70.21,2025-05-31,other,,
T002881,EUR,C00790,P016,Modern Serum 16,1,91.2,91.2,0.0,,91.2,0.0,91.2,full,1,2025-06-13,91.2,0.0,2025-05-31,other,,
T002882,EUR,C00054,P029,Bright Organizer 29,1,15.67,15.67,0.0,,15.67,0.0,15.67,none,0,,0.0,15.67,2025-05-31,website,,V002416
T002883,EUR,C00645,P009,Daily Lamp 09,1,27.05,27.05,0.0,,27.05,0.0,27.05,none,0,,0.0,27.05,2025-05-31,other,,
T002884,EUR,C00197,P021,Bright Organizer 21,1,91.23,91.23,0.0,,91.23,0.0,91.23,none,0,,0.0,91.23,2025-05-31,other,,
T002885,EUR,C00297,P029,Bright Organizer 29,1,15.67,13.32,0.15,WEEKEND15,15.67,2.35,13.32,none,0,,0.0,13.32,2025-05-31,other,,
T002886,EUR,C00179,P012,Essential Bag 12,1,99.7,99.7,0.0,,99.7,0.0,99.7,none,0,,0.0,99.7,2025-05-31,other,,
T002887,EUR,C00918,P027,Urban Bottle 27,1,102.64,102.64,0.0,,102.64,0.0,102.64,none,0,,0.0,102.64,2025-05-31,website,,V005123
T002888,EUR,C00073,P008,Modern Serum 08,1,76.74,76.74,0.0,,76.74,0.0,76.74,none,0,,0.0,76.74,2025-06-01,website,,V003012
T002889,EUR,C00576,P016,Modern Serum 16,1,91.2,91.2,0.0,,91.2,0.0,91.2,none,0,,0.0,91.2,2025-06-01,other,,
T002890,EUR,C00093,P027,Urban Bottle 27,1,102.64,102.64,0.0,,102.64,0.0,102.64,none,0,,0.0,102.64,2025-06-01,other,,
T002891,EUR,C00984,P026,Pure Band 26,1,23.03,23.03,0.0,,23.03,0.0,23.03,none,0,,0.0,23.03,2025-06-01,other,,
T002892,EUR,C00099,P018,Pure Band 18,1,68.13,64.72,0.05,WELCOME5,68.13,3.41,64.72,none,0,,0.0,64.72,2025-06-01,other,,
T002893,EUR,C00381,P011,Urban Bottle 11,1,58.41,58.41,0.0,,58.41,0.0,58.41,none,0,,0.0,58.41,2025-06-01,other,,
T002894,EUR,C00858,P025,Daily Lamp 25,1,101.88,86.6,0.15,WEEKEND15,101.88,15.28,86.6,none,0,,0.0,86.6,2025-06-01,other,,
T002895,EUR,C00610,P024,Modern Serum 24,1,66.52,66.52,0.0,,66.52,0.0,66.52,none,0,,0.0,66.52,2025-06-01,website,,V002033
T002896,EUR,C00026,P006,Active Mat 06,1,104.36,88.71,0.15,WEEKEND15,104.36,15.65,88.71,none,0,,0.0,88.71,2025-06-01,other,,
T002897,EUR,C00192,P026,Pure Band 26,1,23.03,23.03,0.0,,23.03,0.0,23.03,none,0,,0.0,23.03,2025-06-01,website,,V001315
T002898,EUR,C00194,P017,Daily Lamp 17,1,94.4,94.4,0.0,,94.4,0.0,94.4,none,0,,0.0,94.4,2025-06-01,other,,
T002899,EUR,C00560,P026,Pure Band 26,1,23.03,23.03,0.0,,23.03,0.0,23.03,none,0,,0.0,23.03,2025-06-01,other,,
T002900,EUR,C00115,P023,Calm Cream 23,2,43.34,43.34,0.0,,86.68,0.0,86.68,full,2,2025-06-26,86.68,0.0,2025-06-01,other,,
T002901,EUR,C00524,P012,Essential Bag 12,2,99.7,99.7,0.0,,199.4,0.0,199.4,none,0,,0.0,199.4,2025-06-01,other,,
T002902,EUR,C00384,P028,Essential Bag 28,1,98.03,88.23,0.1,LOYALTY10,98.03,9.8,88.23,none,0,,0.0,88.23,2025-06-01,other,,
T002903,EUR,C00941,P025,Daily Lamp 25,1,101.88,86.6,0.15,WEEKEND15,101.88,15.28,86.6,none,0,,0.0,86.6,2025-06-01,other,,
T002904,EUR,C00492,P022,Active Mat 22,1,31.79,31.79,0.0,,31.79,0.0,31.79,none,0,,0.0,31.79,2025-06-01,other,,
T002905,EUR,C00813,P030,Active Mat 30,3,15.8,14.22,0.1,LOYALTY10,47.4,4.74,42.66,none,0,,0.0,42.66,2025-06-02,other,,
T002906,EUR,C00206,P016,Modern Serum 16,1,91.2,77.52,0.15,MEMBER15,91.2,13.68,77.52,none,0,,0.0,77.52,2025-06-02,marketing_campaign,SEND002633,V010360
T002907,EUR,C00112,P013,Bright Organizer 13,3,48.36,48.36,0.0,,145.08,0.0,145.08,none,0,,0.0,145.08,2025-06-02,other,,
T002908,EUR,C00196,P023,Calm Cream 23,1,43.34,43.34,0.0,,43.34,0.0,43.34,none,0,,0.0,43.34,2025-06-02,other,,
T002909,EUR,C00468,P005,Bright Organizer 05,3,70.21,70.21,0.0,,210.63,0.0,210.63,none,0,,0.0,210.63,2025-06-02,other,,
T002910,EUR,C00119,P012,Essential Bag 12,1,99.7,99.7,0.0,,99.7,0.0,99.7,none,0,,0.0,99.7,2025-06-02,other,,
T002911,EUR,C00581,P010,Pure Band 10,2,31.57,31.57,0.0,,63.14,0.0,63.14,none,0,,0.0,63.14,2025-06-02,other,,
T002912,EUR,C00714,P002,Pure Band 02,2,19.22,19.22,0.0,,38.44,0.0,38.44,none,0,,0.0,38.44,2025-06-02,other,,
T002913,EUR,C00631,P011,Urban Bottle 11,1,58.41,58.41,0.0,,58.41,0.0,58.41,none,0,,0.0,58.41,2025-06-02,other,,
T002914,EUR,C00416,P019,Urban Bottle 19,1,61.21,61.21,0.0,,61.21,0.0,61.21,none,0,,0.0,61.21,2025-06-02,other,,
T002915,EUR,C00641,P016,Modern Serum 16,1,91.2,91.2,0.0,,91.2,0.0,91.2,none,0,,0.0,91.2,2025-06-02,website,,V005811
T002916,EUR,C00109,P021,Bright Organizer 21,2,91.23,91.23,0.0,,182.46,0.0,182.46,none,0,,0.0,182.46,2025-06-02,website,,V002113
T002917,EUR,C00420,P019,Urban Bottle 19,1,61.21,61.21,0.0,,61.21,0.0,61.21,none,0,,0.0,61.21,2025-06-03,other,,
T002918,EUR,C00848,P018,Pure Band 18,1,68.13,68.13,0.0,,68.13,0.0,68.13,none,0,,0.0,68.13,2025-06-03,other,,
T002919,EUR,C00821,P029,Bright Organizer 29,1,15.67,15.67,0.0,,15.67,0.0,15.67,none,0,,0.0,15.67,2025-06-03,other,,
T002920,EUR,C00855,P019,Urban Bottle 19,1,61.21,61.21,0.0,,61.21,0.0,61.21,none,0,,0.0,61.21,2025-06-03,other,,
T002921,EUR,C00531,P012,Essential Bag 12,1,99.7,99.7,0.0,,99.7,0.0,99.7,none,0,,0.0,99.7,2025-06-03,other,,
T002922,EUR,C00271,P029,Bright Organizer 29,3,15.67,15.67,0.0,,47.01,0.0,47.01,none,0,,0.0,47.01,2025-06-03,other,,
T002923,EUR,C00012,P018,Pure Band 18,1,68.13,57.91,0.15,WEEKEND15,68.13,10.22,57.91,none,0,,0.0,57.91,2025-06-03,other,,
T002924,EUR,C00482,P022,Active Mat 22,1,31.79,31.79,0.0,,31.79,0.0,31.79,none,0,,0.0,31.79,2025-06-03,other,,
T002925,EUR,C00331,P003,Urban Bottle 03,1,105.26,105.26,0.0,,105.26,0.0,105.26,none,0,,0.0,105.26,2025-06-03,other,,
T002926,EUR,C00048,P001,Daily Lamp 01,1,96.68,96.68,0.0,,96.68,0.0,96.68,none,0,,0.0,96.68,2025-06-03,other,,
T002927,EUR,C00001,P010,Pure Band 10,1,31.57,26.83,0.15,WEEKEND15,31.57,4.74,26.83,full,1,2025-06-29,26.83,0.0,2025-06-03,other,,
T002928,EUR,C00334,P021,Bright Organizer 21,2,91.23,91.23,0.0,,182.46,0.0,182.46,none,0,,0.0,182.46,2025-06-03,other,,
T002929,EUR,C00076,P002,Pure Band 02,2,19.22,18.26,0.05,WELCOME5,38.44,1.92,36.52,none,0,,0.0,36.52,2025-06-03,other,,
T002930,EUR,C00106,P002,Pure Band 02,2,19.22,19.22,0.0,,38.44,0.0,38.44,none,0,,0.0,38.44,2025-06-03,other,,
T002931,EUR,C00864,P023,Calm Cream 23,1,43.34,43.34,0.0,,43.34,0.0,43.34,none,0,,0.0,43.34,2025-06-03,other,,
T002932,EUR,C00177,P028,Essential Bag 28,3,98.03,98.03,0.0,,294.09,0.0,294.09,none,0,,0.0,294.09,2025-06-03,other,,
T002933,EUR,C00877,P006,Active Mat 06,1,104.36,104.36,0.0,,104.36,0.0,104.36,none,0,,0.0,104.36,2025-06-03,other,,
T002934,EUR,C00352,P019,Urban Bottle 19,3,61.21,58.15,0.05,WELCOME5,183.63,9.18,174.45,none,0,,0.0,174.45,2025-06-03,other,,
T002935,EUR,C00738,P019,Urban Bottle 19,1,61.21,61.21,0.0,,61.21,0.0,61.21,none,0,,0.0,61.21,2025-06-03,other,,
T002936,EUR,C00527,P026,Pure Band 26,1,23.03,23.03,0.0,,23.03,0.0,23.03,none,0,,0.0,23.03,2025-06-04,other,,
T002937,EUR,C00005,P011,Urban Bottle 11,3,58.41,58.41,0.0,,175.23,0.0,175.23,none,0,,0.0,175.23,2025-06-04,other,,
T002938,EUR,C00865,P012,Essential Bag 12,2,99.7,99.7,0.0,,199.4,0.0,199.4,none,0,,0.0,199.4,2025-06-04,other,,
T002939,EUR,C00433,P028,Essential Bag 28,1,98.03,98.03,0.0,,98.03,0.0,98.03,none,0,,0.0,98.03,2025-06-04,other,,
T002940,EUR,C00090,P021,Bright Organizer 21,1,91.23,86.67,0.05,WELCOME5,91.23,4.56,86.67,full,1,2025-06-19,86.67,0.0,2025-06-04,other,,
T002941,EUR,C00525,P006,Active Mat 06,1,104.36,99.14,0.05,WELCOME5,104.36,5.22,99.14,full,1,2025-06-23,99.14,0.0,2025-06-04,other,,
T002942,EUR,C00921,P015,Calm Cream 15,2,26.81,26.81,0.0,,53.62,0.0,53.62,none,0,,0.0,53.62,2025-06-04,other,,
T002943,EUR,C00640,P021,Bright Organizer 21,3,91.23,91.23,0.0,,273.69,0.0,273.69,none,0,,0.0,273.69,2025-06-04,other,,
T002944,EUR,C00125,P005,Bright Organizer 05,1,70.21,70.21,0.0,,70.21,0.0,70.21,none,0,,0.0,70.21,2025-06-04,other,,
T002945,EUR,C00517,P003,Urban Bottle 03,1,105.26,105.26,0.0,,105.26,0.0,105.26,none,0,,0.0,105.26,2025-06-04,other,,
T002946,EUR,C00471,P009,Daily Lamp 09,2,27.05,27.05,0.0,,54.1,0.0,54.1,none,0,,0.0,54.1,2025-06-04,other,,
T002947,EUR,C00503,P026,Pure Band 26,1,23.03,23.03,0.0,,23.03,0.0,23.03,none,0,,0.0,23.03,2025-06-04,other,,
T002948,EUR,C00379,P017,Daily Lamp 17,1,94.4,94.4,0.0,,94.4,0.0,94.4,full,1,2025-06-17,94.4,0.0,2025-06-04,other,,
T002949,EUR,C00513,P008,Modern Serum 08,2,76.74,76.74,0.0,,153.48,0.0,153.48,none,0,,0.0,153.48,2025-06-04,other,,
T002950,EUR,C00516,P003,Urban Bottle 03,2,105.26,105.26,0.0,,210.52,0.0,210.52,none,0,,0.0,210.52,2025-06-04,other,,
T002951,EUR,C00093,P028,Essential Bag 28,1,98.03,98.03,0.0,,98.03,0.0,98.03,none,0,,0.0,98.03,2025-06-04,other,,
T002952,EUR,C00994,P013,Bright Organizer 13,1,48.36,43.52,0.1,LOYALTY10,48.36,4.84,43.52,none,0,,0.0,43.52,2025-06-04,other,,
T002953,EUR,C00545,P016,Modern Serum 16,1,91.2,91.2,0.0,,91.2,0.0,91.2,none,0,,0.0,91.2,2025-06-04,other,,
T002954,EUR,C00285,P001,Daily Lamp 01,1,96.68,96.68,0.0,,96.68,0.0,96.68,none,0,,0.0,96.68,2025-06-04,other,,
T002955,EUR,C00301,P007,Calm Cream 07,2,21.92,21.92,0.0,,43.84,0.0,43.84,none,0,,0.0,43.84,2025-06-04,other,,
T002956,EUR,C00827,P020,Essential Bag 20,1,23.79,20.22,0.15,WEEKEND15,23.79,3.57,20.22,none,0,,0.0,20.22,2025-06-04,other,,
T002957,EUR,C00139,P016,Modern Serum 16,1,91.2,91.2,0.0,,91.2,0.0,91.2,none,0,,0.0,91.2,2025-06-05,other,,
T002958,EUR,C00648,P020,Essential Bag 20,1,23.79,23.79,0.0,,23.79,0.0,23.79,none,0,,0.0,23.79,2025-06-05,website,,V005645
T002959,EUR,C00242,P003,Urban Bottle 03,1,105.26,105.26,0.0,,105.26,0.0,105.26,none,0,,0.0,105.26,2025-06-05,other,,
T002960,EUR,C00660,P014,Active Mat 14,1,55.09,55.09,0.0,,55.09,0.0,55.09,none,0,,0.0,55.09,2025-06-05,other,,
T002961,EUR,C00381,P012,Essential Bag 12,2,99.7,99.7,0.0,,199.4,0.0,199.4,none,0,,0.0,199.4,2025-06-05,website,,V008112
T002962,EUR,C00113,P020,Essential Bag 20,3,23.79,23.79,0.0,,71.37,0.0,71.37,none,0,,0.0,71.37,2025-06-05,other,,
T002963,EUR,C00893,P027,Urban Bottle 27,2,102.64,102.64,0.0,,205.28,0.0,205.28,none,0,,0.0,205.28,2025-06-05,website,,V007515
T002964,EUR,C00680,P019,Urban Bottle 19,1,61.21,61.21,0.0,,61.21,0.0,61.21,none,0,,0.0,61.21,2025-06-05,other,,
T002965,EUR,C00076,P027,Urban Bottle 27,1,102.64,87.24,0.15,WEEKEND15,102.64,15.4,87.24,none,0,,0.0,87.24,2025-06-05,other,,
T002966,EUR,C00680,P020,Essential Bag 20,1,23.79,23.79,0.0,,23.79,0.0,23.79,none,0,,0.0,23.79,2025-06-05,other,,
T002967,EUR,C00457,P008,Modern Serum 08,1,76.74,76.74,0.0,,76.74,0.0,76.74,none,0,,0.0,76.74,2025-06-05,website,,V003384
T002968,EUR,C00851,P019,Urban Bottle 19,2,61.21,58.15,0.05,WELCOME5,122.42,6.12,116.3,none,0,,0.0,116.3,2025-06-05,website,,V004913
T002969,EUR,C00638,P027,Urban Bottle 27,1,102.64,102.64,0.0,,102.64,0.0,102.64,none,0,,0.0,102.64,2025-06-05,other,,
T002970,EUR,C00456,P028,Essential Bag 28,3,98.03,98.03,0.0,,294.09,0.0,294.09,none,0,,0.0,294.09,2025-06-05,other,,
T002971,EUR,C00436,P024,Modern Serum 24,1,66.52,66.52,0.0,,66.52,0.0,66.52,none,0,,0.0,66.52,2025-06-05,other,,
T002972,EUR,C00743,P011,Urban Bottle 11,1,58.41,58.41,0.0,,58.41,0.0,58.41,none,0,,0.0,58.41,2025-06-05,other,,
T002973,EUR,C00697,P013,Bright Organizer 13,1,48.36,48.36,0.0,,48.36,0.0,48.36,none,0,,0.0,48.36,2025-06-05,other,,
T002974,EUR,C00123,P010,Pure Band 10,1,31.57,31.57,0.0,,31.57,0.0,31.57,none,0,,0.0,31.57,2025-06-05,other,,
T002975,EUR,C00043,P019,Urban Bottle 19,1,61.21,61.21,0.0,,61.21,0.0,61.21,none,0,,0.0,61.21,2025-06-05,website,,V008329
T002976,EUR,C00339,P021,Bright Organizer 21,1,91.23,91.23,0.0,,91.23,0.0,91.23,none,0,,0.0,91.23,2025-06-05,other,,
T002977,EUR,C00499,P020,Essential Bag 20,1,23.79,23.79,0.0,,23.79,0.0,23.79,none,0,,0.0,23.79,2025-06-05,other,,
T002978,EUR,C00928,P030,Active Mat 30,1,15.8,15.8,0.0,,15.8,0.0,15.8,none,0,,0.0,15.8,2025-06-05,other,,
T002979,EUR,C00218,P011,Urban Bottle 11,3,58.41,49.65,0.15,MEMBER15,175.23,26.28,148.95,none,0,,0.0,148.95,2025-06-05,marketing_campaign,SEND002340,V010321
T002980,EUR,C00782,P017,Daily Lamp 17,1,94.4,94.4,0.0,,94.4,0.0,94.4,none,0,,0.0,94.4,2025-06-05,other,,
T002981,EUR,C00801,P014,Active Mat 14,1,55.09,55.09,0.0,,55.09,0.0,55.09,none,0,,0.0,55.09,2025-06-05,other,,
T002982,EUR,C00989,P014,Active Mat 14,2,55.09,55.09,0.0,,110.18,0.0,110.18,none,0,,0.0,110.18,2025-06-06,other,,
T002983,EUR,C00769,P012,Essential Bag 12,1,99.7,84.75,0.15,WEEKEND15,99.7,14.95,84.75,none,0,,0.0,84.75,2025-06-06,other,,
T002984,EUR,C00118,P021,Bright Organizer 21,1,91.23,91.23,0.0,,91.23,0.0,91.23,full,1,2025-06-30,91.23,0.0,2025-06-06,other,,
T002985,EUR,C00073,P011,Urban Bottle 11,2,58.41,49.65,0.15,WEEKEND15,116.82,17.52,99.3,none,0,,0.0,99.3,2025-06-06,other,,
T002986,EUR,C00521,P019,Urban Bottle 19,1,61.21,55.09,0.1,LOYALTY10,61.21,6.12,55.09,none,0,,0.0,55.09,2025-06-06,other,,
T002987,EUR,C00759,P002,Pure Band 02,1,19.22,19.22,0.0,,19.22,0.0,19.22,none,0,,0.0,19.22,2025-06-06,other,,
T002988,EUR,C00420,P028,Essential Bag 28,1,98.03,98.03,0.0,,98.03,0.0,98.03,none,0,,0.0,98.03,2025-06-06,website,,V002235
T002989,EUR,C00377,P018,Pure Band 18,1,68.13,68.13,0.0,,68.13,0.0,68.13,none,0,,0.0,68.13,2025-06-06,other,,
T002990,EUR,C00271,P027,Urban Bottle 27,1,102.64,102.64,0.0,,102.64,0.0,102.64,none,0,,0.0,102.64,2025-06-06,website,,V003898
T002991,EUR,C00603,P023,Calm Cream 23,1,43.34,43.34,0.0,,43.34,0.0,43.34,none,0,,0.0,43.34,2025-06-06,other,,
T002992,EUR,C00711,P019,Urban Bottle 19,2,61.21,61.21,0.0,,122.42,0.0,122.42,none,0,,0.0,122.42,2025-06-06,other,,
T002993,EUR,C00029,P010,Pure Band 10,1,31.57,31.57,0.0,,31.57,0.0,31.57,none,0,,0.0,31.57,2025-06-06,other,,
T002994,EUR,C00174,P001,Daily Lamp 01,1,96.68,96.68,0.0,,96.68,0.0,96.68,full,1,2025-06-30,96.68,0.0,2025-06-06,other,,
T002995,EUR,C00130,P024,Modern Serum 24,1,66.52,66.52,0.0,,66.52,0.0,66.52,none,0,,0.0,66.52,2025-06-06,other,,
T002996,EUR,C00168,P014,Active Mat 14,2,55.09,46.83,0.15,WEEKEND15,110.18,16.52,93.66,none,0,,0.0,93.66,2025-06-06,other,,
T002997,EUR,C00006,P002,Pure Band 02,1,19.22,19.22,0.0,,19.22,0.0,19.22,none,0,,0.0,19.22,2025-06-06,other,,
T002998,EUR,C00620,P006,Active Mat 06,1,104.36,104.36,0.0,,104.36,0.0,104.36,none,0,,0.0,104.36,2025-06-06,other,,
T002999,EUR,C00627,P024,Modern Serum 24,3,66.52,56.54,0.15,WEEKEND15,199.56,29.94,169.62,none,0,,0.0,169.62,2025-06-06,other,,
T003000,EUR,C00455,P012,Essential Bag 12,1,99.7,94.72,0.05,WELCOME5,99.7,4.98,94.72,none,0,,0.0,94.72,2025-06-07,other,,
T003001,EUR,C00539,P020,Essential Bag 20,1,23.79,23.79,0.0,,23.79,0.0,23.79,none,0,,0.0,23.79,2025-06-07,other,,
T003002,EUR,C00457,P011,Urban Bottle 11,1,58.41,58.41,0.0,,58.41,0.0,58.41,none,0,,0.0,58.41,2025-06-07,other,,
T003003,EUR,C00612,P011,Urban Bottle 11,1,58.41,58.41,0.0,,58.41,0.0,58.41,none,0,,0.0,58.41,2025-06-07,other,,
T003004,EUR,C00781,P012,Essential Bag 12,3,99.7,99.7,0.0,,299.1,0.0,299.1,none,0,,0.0,299.1,2025-06-07,other,,
T003005,EUR,C00358,P008,Modern Serum 08,1,76.74,65.23,0.15,WEEKEND15,76.74,11.51,65.23,none,0,,0.0,65.23,2025-06-07,website,,V008007
T003006,EUR,C00219,P012,Essential Bag 12,2,99.7,99.7,0.0,,199.4,0.0,199.4,none,0,,0.0,199.4,2025-06-07,other,,
T003007,EUR,C00304,P002,Pure Band 02,1,19.22,17.3,0.1,LOYALTY10,19.22,1.92,17.3,full,1,2025-06-27,17.3,0.0,2025-06-07,other,,
T003008,EUR,C00382,P002,Pure Band 02,1,19.22,19.22,0.0,,19.22,0.0,19.22,none,0,,0.0,19.22,2025-06-07,other,,
T003009,EUR,C00638,P013,Bright Organizer 13,1,48.36,43.52,0.1,LOYALTY10,48.36,4.84,43.52,none,0,,0.0,43.52,2025-06-07,other,,
T003010,EUR,C00744,P010,Pure Band 10,1,31.57,31.57,0.0,,31.57,0.0,31.57,none,0,,0.0,31.57,2025-06-07,other,,
T003011,EUR,C00007,P012,Essential Bag 12,1,99.7,99.7,0.0,,99.7,0.0,99.7,none,0,,0.0,99.7,2025-06-07,other,,
T003012,EUR,C00752,P012,Essential Bag 12,2,99.7,99.7,0.0,,199.4,0.0,199.4,none,0,,0.0,199.4,2025-06-07,other,,
T003013,EUR,C00984,P007,Calm Cream 07,3,21.92,21.92,0.0,,65.76,0.0,65.76,none,0,,0.0,65.76,2025-06-08,other,,
T003014,EUR,C00926,P023,Calm Cream 23,1,43.34,43.34,0.0,,43.34,0.0,43.34,none,0,,0.0,43.34,2025-06-08,other,,
T003015,EUR,C00603,P015,Calm Cream 15,1,26.81,26.81,0.0,,26.81,0.0,26.81,none,0,,0.0,26.81,2025-06-08,other,,
T003016,EUR,C00261,P030,Active Mat 30,2,15.8,15.8,0.0,,31.6,0.0,31.6,none,0,,0.0,31.6,2025-06-08,other,,
T003017,EUR,C00683,P030,Active Mat 30,1,15.8,15.8,0.0,,15.8,0.0,15.8,none,0,,0.0,15.8,2025-06-08,other,,
T003018,EUR,C00403,P016,Modern Serum 16,1,91.2,91.2,0.0,,91.2,0.0,91.2,none,0,,0.0,91.2,2025-06-08,other,,
T003019,EUR,C00282,P026,Pure Band 26,2,23.03,23.03,0.0,,46.06,0.0,46.06,none,0,,0.0,46.06,2025-06-08,other,,
T003020,EUR,C00857,P011,Urban Bottle 11,2,58.41,49.65,0.15,WEEKEND15,116.82,17.52,99.3,none,0,,0.0,99.3,2025-06-08,other,,
T003021,EUR,C00564,P011,Urban Bottle 11,1,58.41,55.49,0.05,WELCOME5,58.41,2.92,55.49,none,0,,0.0,55.49,2025-06-08,other,,
T003022,EUR,C00618,P005,Bright Organizer 05,2,70.21,70.21,0.0,,140.42,0.0,140.42,none,0,,0.0,140.42,2025-06-08,other,,
T003023,EUR,C00582,P024,Modern Serum 24,3,66.52,66.52,0.0,,199.56,0.0,199.56,full,3,2025-06-17,199.56,0.0,2025-06-08,other,,
T003024,EUR,C00512,P006,Active Mat 06,1,104.36,104.36,0.0,,104.36,0.0,104.36,none,0,,0.0,104.36,2025-06-08,website,,V000923
T003025,EUR,C00999,P015,Calm Cream 15,1,26.81,26.81,0.0,,26.81,0.0,26.81,none,0,,0.0,26.81,2025-06-08,other,,
T003026,EUR,C00627,P006,Active Mat 06,1,104.36,93.92,0.1,LOYALTY10,104.36,10.44,93.92,none,0,,0.0,93.92,2025-06-08,other,,
T003027,EUR,C00193,P023,Calm Cream 23,1,43.34,43.34,0.0,,43.34,0.0,43.34,none,0,,0.0,43.34,2025-06-08,other,,
T003028,EUR,C00937,P024,Modern Serum 24,3,66.52,56.54,0.15,WEEKEND15,199.56,29.94,169.62,none,0,,0.0,169.62,2025-06-08,other,,
T003029,EUR,C00180,P019,Urban Bottle 19,1,61.21,61.21,0.0,,61.21,0.0,61.21,none,0,,0.0,61.21,2025-06-08,other,,
T003030,EUR,C00626,P023,Calm Cream 23,2,43.34,43.34,0.0,,86.68,0.0,86.68,none,0,,0.0,86.68,2025-06-08,other,,
T003031,EUR,C00327,P024,Modern Serum 24,1,66.52,66.52,0.0,,66.52,0.0,66.52,none,0,,0.0,66.52,2025-06-09,other,,
T003032,EUR,C00726,P023,Calm Cream 23,1,43.34,43.34,0.0,,43.34,0.0,43.34,none,0,,0.0,43.34,2025-06-09,other,,
T003033,EUR,C00922,P003,Urban Bottle 03,3,105.26,105.26,0.0,,315.78,0.0,315.78,none,0,,0.0,315.78,2025-06-09,website,,V007292
T003034,EUR,C00958,P025,Daily Lamp 25,1,101.88,101.88,0.0,,101.88,0.0,101.88,none,0,,0.0,101.88,2025-06-09,other,,
T003035,EUR,C00347,P003,Urban Bottle 03,1,105.26,105.26,0.0,,105.26,0.0,105.26,none,0,,0.0,105.26,2025-06-09,other,,
T003036,EUR,C00626,P012,Essential Bag 12,4,99.7,99.7,0.0,,398.8,0.0,398.8,none,0,,0.0,398.8,2025-06-09,other,,
T003037,EUR,C00633,P023,Calm Cream 23,1,43.34,43.34,0.0,,43.34,0.0,43.34,none,0,,0.0,43.34,2025-06-09,other,,
T003038,EUR,C00794,P012,Essential Bag 12,1,99.7,99.7,0.0,,99.7,0.0,99.7,none,0,,0.0,99.7,2025-06-09,other,,
T003039,EUR,C00871,P024,Modern Serum 24,2,66.52,66.52,0.0,,133.04,0.0,133.04,none,0,,0.0,133.04,2025-06-09,other,,
T003040,EUR,C00959,P012,Essential Bag 12,1,99.7,99.7,0.0,,99.7,0.0,99.7,none,0,,0.0,99.7,2025-06-09,other,,
T003041,EUR,C00341,P019,Urban Bottle 19,1,61.21,61.21,0.0,,61.21,0.0,61.21,none,0,,0.0,61.21,2025-06-09,other,,
T003042,EUR,C00351,P029,Bright Organizer 29,1,15.67,15.67,0.0,,15.67,0.0,15.67,none,0,,0.0,15.67,2025-06-09,website,,V004302
T003043,EUR,C00598,P023,Calm Cream 23,3,43.34,43.34,0.0,,130.02,0.0,130.02,none,0,,0.0,130.02,2025-06-09,other,,
T003044,EUR,C00708,P015,Calm Cream 15,1,26.81,26.81,0.0,,26.81,0.0,26.81,none,0,,0.0,26.81,2025-06-09,other,,
T003045,EUR,C00620,P001,Daily Lamp 01,1,96.68,96.68,0.0,,96.68,0.0,96.68,none,0,,0.0,96.68,2025-06-09,website,,V009851
T003046,EUR,C00288,P024,Modern Serum 24,1,66.52,66.52,0.0,,66.52,0.0,66.52,none,0,,0.0,66.52,2025-06-09,other,,
T003047,EUR,C00114,P014,Active Mat 14,1,55.09,46.83,0.15,MEMBER15,55.09,8.26,46.83,none,0,,0.0,46.83,2025-06-09,marketing_campaign,SEND000440,V010056
T003048,EUR,C00729,P004,Essential Bag 04,1,83.73,75.36,0.1,LOYALTY10,83.73,8.37,75.36,none,0,,0.0,75.36,2025-06-09,other,,
T003049,EUR,C00599,P002,Pure Band 02,1,19.22,19.22,0.0,,19.22,0.0,19.22,none,0,,0.0,19.22,2025-06-09,other,,
T003050,EUR,C00934,P006,Active Mat 06,1,104.36,93.92,0.1,LOYALTY10,104.36,10.44,93.92,none,0,,0.0,93.92,2025-06-09,other,,
T003051,EUR,C00896,P016,Modern Serum 16,1,91.2,86.64,0.05,WELCOME5,91.2,4.56,86.64,none,0,,0.0,86.64,2025-06-10,website,,V008386
T003052,EUR,C00866,P010,Pure Band 10,1,31.57,29.99,0.05,WELCOME5,31.57,1.58,29.99,none,0,,0.0,29.99,2025-06-10,other,,
T003053,EUR,C00417,P026,Pure Band 26,2,23.03,23.03,0.0,,46.06,0.0,46.06,none,0,,0.0,46.06,2025-06-10,other,,
T003054,EUR,C00367,P021,Bright Organizer 21,1,91.23,91.23,0.0,,91.23,0.0,91.23,none,0,,0.0,91.23,2025-06-10,other,,
T003055,EUR,C00728,P029,Bright Organizer 29,1,15.67,15.67,0.0,,15.67,0.0,15.67,none,0,,0.0,15.67,2025-06-10,other,,
T003056,EUR,C00931,P015,Calm Cream 15,1,26.81,22.79,0.15,WEEKEND15,26.81,4.02,22.79,none,0,,0.0,22.79,2025-06-10,website,,V004199
T003057,EUR,C00362,P006,Active Mat 06,1,104.36,104.36,0.0,,104.36,0.0,104.36,none,0,,0.0,104.36,2025-06-10,other,,
T003058,EUR,C00983,P017,Daily Lamp 17,1,94.4,94.4,0.0,,94.4,0.0,94.4,none,0,,0.0,94.4,2025-06-10,other,,
T003059,EUR,C00377,P022,Active Mat 22,1,31.79,31.79,0.0,,31.79,0.0,31.79,none,0,,0.0,31.79,2025-06-10,other,,
T003060,EUR,C00127,P023,Calm Cream 23,1,43.34,43.34,0.0,,43.34,0.0,43.34,none,0,,0.0,43.34,2025-06-10,other,,
T003061,EUR,C00985,P016,Modern Serum 16,1,91.2,91.2,0.0,,91.2,0.0,91.2,full,1,2025-06-28,91.2,0.0,2025-06-10,website,,V005836
T003062,EUR,C00135,P005,Bright Organizer 05,1,70.21,70.21,0.0,,70.21,0.0,70.21,none,0,,0.0,70.21,2025-06-10,other,,
T003063,EUR,C00325,P011,Urban Bottle 11,1,58.41,58.41,0.0,,58.41,0.0,58.41,full,1,2025-07-05,58.41,0.0,2025-06-10,other,,
T003064,EUR,C00404,P025,Daily Lamp 25,2,101.88,101.88,0.0,,203.76,0.0,203.76,none,0,,0.0,203.76,2025-06-10,other,,
T003065,EUR,C00763,P025,Daily Lamp 25,1,101.88,101.88,0.0,,101.88,0.0,101.88,none,0,,0.0,101.88,2025-06-10,other,,
T003066,EUR,C00199,P025,Daily Lamp 25,1,101.88,101.88,0.0,,101.88,0.0,101.88,full,1,2025-06-21,101.88,0.0,2025-06-10,other,,
T003067,EUR,C00669,P014,Active Mat 14,1,55.09,55.09,0.0,,55.09,0.0,55.09,none,0,,0.0,55.09,2025-06-10,other,,
T003068,EUR,C00981,P022,Active Mat 22,1,31.79,31.79,0.0,,31.79,0.0,31.79,none,0,,0.0,31.79,2025-06-10,other,,
T003069,EUR,C00950,P016,Modern Serum 16,1,91.2,91.2,0.0,,91.2,0.0,91.2,none,0,,0.0,91.2,2025-06-10,other,,
T003070,EUR,C00902,P008,Modern Serum 08,1,76.74,76.74,0.0,,76.74,0.0,76.74,none,0,,0.0,76.74,2025-06-10,website,,V004966
T003071,EUR,C00982,P011,Urban Bottle 11,1,58.41,58.41,0.0,,58.41,0.0,58.41,none,0,,0.0,58.41,2025-06-11,other,,
T003072,EUR,C00463,P009,Daily Lamp 09,1,27.05,27.05,0.0,,27.05,0.0,27.05,full,1,2025-07-03,27.05,0.0,2025-06-11,other,,
T003073,EUR,C00853,P030,Active Mat 30,1,15.8,15.8,0.0,,15.8,0.0,15.8,none,0,,0.0,15.8,2025-06-11,other,,
T003074,EUR,C00628,P004,Essential Bag 04,1,83.73,79.54,0.05,WELCOME5,83.73,4.19,79.54,none,0,,0.0,79.54,2025-06-11,other,,
T003075,EUR,C00374,P019,Urban Bottle 19,1,61.21,52.03,0.15,MEMBER15,61.21,9.18,52.03,none,0,,0.0,52.03,2025-06-11,marketing_campaign,SEND003275,V010439
T003076,EUR,C00883,P001,Daily Lamp 01,1,96.68,96.68,0.0,,96.68,0.0,96.68,none,0,,0.0,96.68,2025-06-11,other,,
T003077,EUR,C00716,P008,Modern Serum 08,3,76.74,76.74,0.0,,230.22,0.0,230.22,none,0,,0.0,230.22,2025-06-11,other,,
T003078,EUR,C00818,P023,Calm Cream 23,1,43.34,43.34,0.0,,43.34,0.0,43.34,none,0,,0.0,43.34,2025-06-11,other,,
T003079,EUR,C00567,P013,Bright Organizer 13,1,48.36,41.11,0.15,WEEKEND15,48.36,7.25,41.11,none,0,,0.0,41.11,2025-06-11,other,,
T003080,EUR,C00914,P022,Active Mat 22,1,31.79,31.79,0.0,,31.79,0.0,31.79,full,1,2025-06-18,31.79,0.0,2025-06-11,other,,
T003081,EUR,C00486,P012,Essential Bag 12,1,99.7,94.72,0.05,WELCOME5,99.7,4.98,94.72,none,0,,0.0,94.72,2025-06-11,other,,
T003082,EUR,C00461,P025,Daily Lamp 25,1,101.88,101.88,0.0,,101.88,0.0,101.88,none,0,,0.0,101.88,2025-06-11,other,,
T003083,EUR,C00616,P023,Calm Cream 23,1,43.34,41.17,0.05,WELCOME5,43.34,2.17,41.17,none,0,,0.0,41.17,2025-06-11,website,,V000777
T003084,EUR,C00288,P019,Urban Bottle 19,1,61.21,61.21,0.0,,61.21,0.0,61.21,none,0,,0.0,61.21,2025-06-11,other,,
T003085,EUR,C00923,P011,Urban Bottle 11,1,58.41,55.49,0.05,SUMMER5,58.41,2.92,55.49,none,0,,0.0,55.49,2025-06-11,marketing_campaign,SEND002457,V010337
T003086,EUR,C00966,P030,Active Mat 30,1,15.8,15.8,0.0,,15.8,0.0,15.8,none,0,,0.0,15.8,2025-06-11,other,,
T003087,EUR,C00773,P003,Urban Bottle 03,1,105.26,105.26,0.0,,105.26,0.0,105.26,none,0,,0.0,105.26,2025-06-12,other,,
T003088,EUR,C00078,P014,Active Mat 14,1,55.09,52.34,0.05,WELCOME5,55.09,2.75,52.34,none,0,,0.0,52.34,2025-06-12,website,,V008639
T003089,EUR,C00906,P029,Bright Organizer 29,2,15.67,15.67,0.0,,31.34,0.0,31.34,none,0,,0.0,31.34,2025-06-12,other,,
T003090,EUR,C00729,P012,Essential Bag 12,4,99.7,99.7,0.0,,398.8,0.0,398.8,none,0,,0.0,398.8,2025-06-12,other,,
T003091,EUR,C00698,P020,Essential Bag 20,2,23.79,23.79,0.0,,47.58,0.0,47.58,none,0,,0.0,47.58,2025-06-12,other,,
T003092,EUR,C00091,P024,Modern Serum 24,1,66.52,59.87,0.1,LOYALTY10,66.52,6.65,59.87,none,0,,0.0,59.87,2025-06-12,website,,V005888
T003093,EUR,C00117,P016,Modern Serum 16,3,91.2,91.2,0.0,,273.6,0.0,273.6,none,0,,0.0,273.6,2025-06-12,other,,
T003094,EUR,C00445,P008,Modern Serum 08,1,76.74,72.9,0.05,WELCOME5,76.74,3.84,72.9,full,1,2025-07-05,72.9,0.0,2025-06-12,website,,V003135
T003095,EUR,C00491,P009,Daily Lamp 09,1,27.05,27.05,0.0,,27.05,0.0,27.05,none,0,,0.0,27.05,2025-06-12,other,,
T003096,EUR,C00595,P007,Calm Cream 07,1,21.92,18.63,0.15,MEMBER15,21.92,3.29,18.63,none,0,,0.0,18.63,2025-06-12,marketing_campaign,SEND002257,V010304
T003097,EUR,C00920,P025,Daily Lamp 25,2,101.88,101.88,0.0,,203.76,0.0,203.76,none,0,,0.0,203.76,2025-06-12,other,,
T003098,EUR,C00031,P016,Modern Serum 16,3,91.2,91.2,0.0,,273.6,0.0,273.6,none,0,,0.0,273.6,2025-06-12,other,,
T003099,EUR,C00015,P030,Active Mat 30,1,15.8,14.22,0.1,LOYALTY10,15.8,1.58,14.22,none,0,,0.0,14.22,2025-06-12,other,,
T003100,EUR,C00325,P003,Urban Bottle 03,1,105.26,105.26,0.0,,105.26,0.0,105.26,none,0,,0.0,105.26,2025-06-12,website,,V007359
T003101,EUR,C00586,P011,Urban Bottle 11,1,58.41,58.41,0.0,,58.41,0.0,58.41,none,0,,0.0,58.41,2025-06-13,other,,
T003102,EUR,C00773,P009,Daily Lamp 09,1,27.05,27.05,0.0,,27.05,0.0,27.05,none,0,,0.0,27.05,2025-06-13,other,,
T003103,EUR,C00473,P002,Pure Band 02,1,19.22,19.22,0.0,,19.22,0.0,19.22,none,0,,0.0,19.22,2025-06-13,other,,
T003104,EUR,C00361,P010,Pure Band 10,3,31.57,31.57,0.0,,94.71,0.0,94.71,none,0,,0.0,94.71,2025-06-13,other,,
T003105,EUR,C00619,P012,Essential Bag 12,2,99.7,99.7,0.0,,199.4,0.0,199.4,none,0,,0.0,199.4,2025-06-13,website,,V007375
T003106,EUR,C00434,P019,Urban Bottle 19,1,61.21,61.21,0.0,,61.21,0.0,61.21,none,0,,0.0,61.21,2025-06-13,other,,
T003107,EUR,C00492,P018,Pure Band 18,1,68.13,68.13,0.0,,68.13,0.0,68.13,none,0,,0.0,68.13,2025-06-13,website,,V007289
T003108,EUR,C00129,P002,Pure Band 02,1,19.22,19.22,0.0,,19.22,0.0,19.22,none,0,,0.0,19.22,2025-06-13,other,,
T003109,EUR,C00132,P001,Daily Lamp 01,1,96.68,96.68,0.0,,96.68,0.0,96.68,none,0,,0.0,96.68,2025-06-13,other,,
T003110,EUR,C00943,P025,Daily Lamp 25,1,101.88,101.88,0.0,,101.88,0.0,101.88,none,0,,0.0,101.88,2025-06-13,other,,
T003111,EUR,C00597,P011,Urban Bottle 11,1,58.41,58.41,0.0,,58.41,0.0,58.41,none,0,,0.0,58.41,2025-06-13,other,,
T003112,EUR,C00594,P011,Urban Bottle 11,3,58.41,58.41,0.0,,175.23,0.0,175.23,none,0,,0.0,175.23,2025-06-13,other,,
T003113,EUR,C00293,P028,Essential Bag 28,1,98.03,98.03,0.0,,98.03,0.0,98.03,none,0,,0.0,98.03,2025-06-13,website,,V005774
T003114,EUR,C00238,P001,Daily Lamp 01,1,96.68,96.68,0.0,,96.68,0.0,96.68,none,0,,0.0,96.68,2025-06-13,other,,
T003115,EUR,C00463,P010,Pure Band 10,2,31.57,31.57,0.0,,63.14,0.0,63.14,none,0,,0.0,63.14,2025-06-13,other,,
T003116,EUR,C00507,P012,Essential Bag 12,1,99.7,99.7,0.0,,99.7,0.0,99.7,none,0,,0.0,99.7,2025-06-13,other,,
T003117,EUR,C00296,P006,Active Mat 06,1,104.36,104.36,0.0,,104.36,0.0,104.36,full,1,2025-07-09,104.36,0.0,2025-06-13,other,,
T003118,EUR,C00755,P020,Essential Bag 20,1,23.79,23.79,0.0,,23.79,0.0,23.79,none,0,,0.0,23.79,2025-06-13,other,,
T003119,EUR,C00554,P028,Essential Bag 28,1,98.03,98.03,0.0,,98.03,0.0,98.03,none,0,,0.0,98.03,2025-06-13,other,,
T003120,EUR,C00902,P023,Calm Cream 23,1,43.34,43.34,0.0,,43.34,0.0,43.34,none,0,,0.0,43.34,2025-06-13,other,,
T003121,EUR,C00337,P010,Pure Band 10,1,31.57,31.57,0.0,,31.57,0.0,31.57,none,0,,0.0,31.57,2025-06-13,website,,V009417
T003122,EUR,C00188,P012,Essential Bag 12,1,99.7,99.7,0.0,,99.7,0.0,99.7,none,0,,0.0,99.7,2025-06-14,other,,
T003123,EUR,C00845,P021,Bright Organizer 21,4,91.23,91.23,0.0,,364.92,0.0,364.92,none,0,,0.0,364.92,2025-06-14,other,,
T003124,EUR,C00410,P020,Essential Bag 20,1,23.79,23.79,0.0,,23.79,0.0,23.79,none,0,,0.0,23.79,2025-06-14,other,,
T003125,EUR,C00611,P017,Daily Lamp 17,2,94.4,94.4,0.0,,188.8,0.0,188.8,none,0,,0.0,188.8,2025-06-14,other,,
T003126,EUR,C00298,P005,Bright Organizer 05,1,70.21,70.21,0.0,,70.21,0.0,70.21,none,0,,0.0,70.21,2025-06-14,website,,V002831
T003127,EUR,C00776,P029,Bright Organizer 29,1,15.67,15.67,0.0,,15.67,0.0,15.67,none,0,,0.0,15.67,2025-06-14,other,,
T003128,EUR,C00886,P002,Pure Band 02,1,19.22,16.34,0.15,WEEKEND15,19.22,2.88,16.34,none,0,,0.0,16.34,2025-06-14,other,,
T003129,EUR,C00058,P001,Daily Lamp 01,1,96.68,96.68,0.0,,96.68,0.0,96.68,full,1,2025-07-07,96.68,0.0,2025-06-14,website,,V005743
T003130,EUR,C00647,P004,Essential Bag 04,1,83.73,79.54,0.05,WELCOME5,83.73,4.19,79.54,full,1,2025-07-12,79.54,0.0,2025-06-14,other,,
T003131,EUR,C00162,P005,Bright Organizer 05,1,70.21,70.21,0.0,,70.21,0.0,70.21,none,0,,0.0,70.21,2025-06-14,other,,
T003132,EUR,C00717,P018,Pure Band 18,1,68.13,68.13,0.0,,68.13,0.0,68.13,none,0,,0.0,68.13,2025-06-14,website,,V001008
T003133,EUR,C00454,P003,Urban Bottle 03,2,105.26,94.73,0.1,LOYALTY10,210.52,21.06,189.46,none,0,,0.0,189.46,2025-06-14,other,,
T003134,EUR,C00336,P010,Pure Band 10,1,31.57,31.57,0.0,,31.57,0.0,31.57,none,0,,0.0,31.57,2025-06-14,website,,V003274
T003135,EUR,C00450,P014,Active Mat 14,1,55.09,46.83,0.15,WEEKEND15,55.09,8.26,46.83,none,0,,0.0,46.83,2025-06-14,other,,
T003136,EUR,C00276,P024,Modern Serum 24,3,66.52,66.52,0.0,,199.56,0.0,199.56,none,0,,0.0,199.56,2025-06-14,other,,
T003137,EUR,C00917,P013,Bright Organizer 13,2,48.36,43.52,0.1,LOYALTY10,96.72,9.68,87.04,none,0,,0.0,87.04,2025-06-14,website,,V006021
T003138,EUR,C00730,P014,Active Mat 14,1,55.09,55.09,0.0,,55.09,0.0,55.09,none,0,,0.0,55.09,2025-06-14,other,,
T003139,EUR,C00402,P007,Calm Cream 07,1,21.92,21.92,0.0,,21.92,0.0,21.92,none,0,,0.0,21.92,2025-06-14,other,,
T003140,EUR,C00656,P026,Pure Band 26,1,23.03,23.03,0.0,,23.03,0.0,23.03,none,0,,0.0,23.03,2025-06-14,other,,
T003141,EUR,C00057,P005,Bright Organizer 05,1,70.21,70.21,0.0,,70.21,0.0,70.21,none,0,,0.0,70.21,2025-06-14,other,,
T003142,EUR,C00018,P020,Essential Bag 20,1,23.79,23.79,0.0,,23.79,0.0,23.79,none,0,,0.0,23.79,2025-06-14,other,,
T003143,EUR,C00432,P027,Urban Bottle 27,1,102.64,102.64,0.0,,102.64,0.0,102.64,full,1,2025-06-28,102.64,0.0,2025-06-14,website,,V001036
T003144,EUR,C00391,P021,Bright Organizer 21,1,91.23,91.23,0.0,,91.23,0.0,91.23,none,0,,0.0,91.23,2025-06-14,other,,
T003145,EUR,C00300,P029,Bright Organizer 29,2,15.67,15.67,0.0,,31.34,0.0,31.34,none,0,,0.0,31.34,2025-06-14,other,,
T003146,EUR,C00822,P028,Essential Bag 28,1,98.03,98.03,0.0,,98.03,0.0,98.03,none,0,,0.0,98.03,2025-06-15,other,,
T003147,EUR,C00525,P012,Essential Bag 12,1,99.7,99.7,0.0,,99.7,0.0,99.7,none,0,,0.0,99.7,2025-06-15,other,,
T003148,EUR,C00436,P026,Pure Band 26,1,23.03,23.03,0.0,,23.03,0.0,23.03,none,0,,0.0,23.03,2025-06-15,other,,
T003149,EUR,C00748,P030,Active Mat 30,1,15.8,15.8,0.0,,15.8,0.0,15.8,none,0,,0.0,15.8,2025-06-15,other,,
T003150,EUR,C00989,P013,Bright Organizer 13,2,48.36,48.36,0.0,,96.72,0.0,96.72,none,0,,0.0,96.72,2025-06-15,other,,
T003151,EUR,C00994,P026,Pure Band 26,1,23.03,23.03,0.0,,23.03,0.0,23.03,none,0,,0.0,23.03,2025-06-15,website,,V001923
T003152,EUR,C00723,P004,Essential Bag 04,2,83.73,83.73,0.0,,167.46,0.0,167.46,none,0,,0.0,167.46,2025-06-15,other,,
T003153,EUR,C00443,P026,Pure Band 26,1,23.03,23.03,0.0,,23.03,0.0,23.03,none,0,,0.0,23.03,2025-06-15,other,,
T003154,EUR,C00268,P002,Pure Band 02,1,19.22,19.22,0.0,,19.22,0.0,19.22,none,0,,0.0,19.22,2025-06-15,other,,
T003155,EUR,C00180,P005,Bright Organizer 05,2,70.21,70.21,0.0,,140.42,0.0,140.42,none,0,,0.0,140.42,2025-06-15,other,,
T003156,EUR,C00349,P006,Active Mat 06,1,104.36,104.36,0.0,,104.36,0.0,104.36,none,0,,0.0,104.36,2025-06-15,other,,
T003157,EUR,C00624,P013,Bright Organizer 13,1,48.36,48.36,0.0,,48.36,0.0,48.36,none,0,,0.0,48.36,2025-06-15,other,,
T003158,EUR,C00447,P028,Essential Bag 28,2,98.03,98.03,0.0,,196.06,0.0,196.06,none,0,,0.0,196.06,2025-06-15,other,,
T003159,EUR,C00779,P021,Bright Organizer 21,1,91.23,91.23,0.0,,91.23,0.0,91.23,none,0,,0.0,91.23,2025-06-15,other,,
T003160,EUR,C00158,P029,Bright Organizer 29,3,15.67,14.1,0.1,LOYALTY10,47.01,4.71,42.3,none,0,,0.0,42.3,2025-06-15,other,,
T003161,EUR,C00894,P005,Bright Organizer 05,3,70.21,70.21,0.0,,210.63,0.0,210.63,none,0,,0.0,210.63,2025-06-15,other,,
T003162,EUR,C00465,P026,Pure Band 26,1,23.03,23.03,0.0,,23.03,0.0,23.03,none,0,,0.0,23.03,2025-06-16,other,,
T003163,EUR,C00726,P011,Urban Bottle 11,2,58.41,58.41,0.0,,116.82,0.0,116.82,none,0,,0.0,116.82,2025-06-16,other,,
T003164,EUR,C00786,P026,Pure Band 26,2,23.03,23.03,0.0,,46.06,0.0,46.06,none,0,,0.0,46.06,2025-06-16,other,,
T003165,EUR,C00454,P015,Calm Cream 15,1,26.81,26.81,0.0,,26.81,0.0,26.81,none,0,,0.0,26.81,2025-06-16,other,,
T003166,EUR,C00569,P018,Pure Band 18,1,68.13,61.32,0.1,LOYALTY10,68.13,6.81,61.32,none,0,,0.0,61.32,2025-06-16,other,,
T003167,EUR,C00516,P028,Essential Bag 28,2,98.03,98.03,0.0,,196.06,0.0,196.06,none,0,,0.0,196.06,2025-06-16,other,,
T003168,EUR,C00420,P004,Essential Bag 04,3,83.73,83.73,0.0,,251.19,0.0,251.19,none,0,,0.0,251.19,2025-06-16,other,,
T003169,EUR,C00236,P025,Daily Lamp 25,1,101.88,101.88,0.0,,101.88,0.0,101.88,full,1,2025-06-27,101.88,0.0,2025-06-16,other,,
T003170,EUR,C00186,P002,Pure Band 02,1,19.22,18.26,0.05,WELCOME5,19.22,0.96,18.26,none,0,,0.0,18.26,2025-06-16,other,,
T003171,EUR,C00236,P023,Calm Cream 23,2,43.34,43.34,0.0,,86.68,0.0,86.68,none,0,,0.0,86.68,2025-06-16,other,,
T003172,EUR,C00301,P010,Pure Band 10,1,31.57,31.57,0.0,,31.57,0.0,31.57,none,0,,0.0,31.57,2025-06-16,other,,
T003173,EUR,C00957,P024,Modern Serum 24,1,66.52,56.54,0.15,MEMBER15,66.52,9.98,56.54,none,0,,0.0,56.54,2025-06-16,marketing_campaign,SEND001961,V010260
T003174,EUR,C00812,P023,Calm Cream 23,1,43.34,43.34,0.0,,43.34,0.0,43.34,none,0,,0.0,43.34,2025-06-16,other,,
T003175,EUR,C00292,P007,Calm Cream 07,2,21.92,21.92,0.0,,43.84,0.0,43.84,none,0,,0.0,43.84,2025-06-16,website,,V006515
T003176,EUR,C00237,P018,Pure Band 18,2,68.13,68.13,0.0,,136.26,0.0,136.26,none,0,,0.0,136.26,2025-06-16,website,,V000116
T003177,EUR,C00571,P011,Urban Bottle 11,1,58.41,58.41,0.0,,58.41,0.0,58.41,none,0,,0.0,58.41,2025-06-16,website,,V006679
T003178,EUR,C00695,P030,Active Mat 30,3,15.8,15.8,0.0,,47.4,0.0,47.4,none,0,,0.0,47.4,2025-06-16,other,,
T003179,EUR,C00823,P009,Daily Lamp 09,1,27.05,27.05,0.0,,27.05,0.0,27.05,none,0,,0.0,27.05,2025-06-16,other,,
T003180,EUR,C00866,P017,Daily Lamp 17,1,94.4,94.4,0.0,,94.4,0.0,94.4,none,0,,0.0,94.4,2025-06-16,other,,
T003181,EUR,C00900,P007,Calm Cream 07,1,21.92,21.92,0.0,,21.92,0.0,21.92,none,0,,0.0,21.92,2025-06-16,other,,
T003182,EUR,C00585,P007,Calm Cream 07,1,21.92,21.92,0.0,,21.92,0.0,21.92,none,0,,0.0,21.92,2025-06-16,other,,
T003183,EUR,C00669,P027,Urban Bottle 27,1,102.64,102.64,0.0,,102.64,0.0,102.64,none,0,,0.0,102.64,2025-06-16,other,,
T003184,EUR,C00628,P012,Essential Bag 12,1,99.7,99.7,0.0,,99.7,0.0,99.7,none,0,,0.0,99.7,2025-06-17,other,,
T003185,EUR,C00147,P010,Pure Band 10,2,31.57,31.57,0.0,,63.14,0.0,63.14,none,0,,0.0,63.14,2025-06-17,other,,
T003186,EUR,C00621,P001,Daily Lamp 01,1,96.68,96.68,0.0,,96.68,0.0,96.68,none,0,,0.0,96.68,2025-06-17,other,,
T003187,EUR,C00891,P007,Calm Cream 07,1,21.92,19.73,0.1,LOYALTY10,21.92,2.19,19.73,none,0,,0.0,19.73,2025-06-17,website,,V001793
T003188,EUR,C00989,P026,Pure Band 26,1,23.03,21.88,0.05,WELCOME5,23.03,1.15,21.88,none,0,,0.0,21.88,2025-06-17,other,,
T003189,EUR,C00331,P016,Modern Serum 16,1,91.2,91.2,0.0,,91.2,0.0,91.2,none,0,,0.0,91.2,2025-06-17,other,,
T003190,EUR,C00925,P001,Daily Lamp 01,2,96.68,96.68,0.0,,193.36,0.0,193.36,none,0,,0.0,193.36,2025-06-17,other,,
T003191,EUR,C00810,P016,Modern Serum 16,1,91.2,91.2,0.0,,91.2,0.0,91.2,none,0,,0.0,91.2,2025-06-17,other,,
T003192,EUR,C00355,P024,Modern Serum 24,4,66.52,66.52,0.0,,266.08,0.0,266.08,none,0,,0.0,266.08,2025-06-17,other,,
T003193,EUR,C00611,P023,Calm Cream 23,1,43.34,43.34,0.0,,43.34,0.0,43.34,none,0,,0.0,43.34,2025-06-17,other,,
T003194,EUR,C00313,P023,Calm Cream 23,1,43.34,36.84,0.15,MEMBER15,43.34,6.5,36.84,none,0,,0.0,36.84,2025-06-17,marketing_campaign,SEND002153,V010288
T003195,EUR,C00224,P005,Bright Organizer 05,1,70.21,70.21,0.0,,70.21,0.0,70.21,none,0,,0.0,70.21,2025-06-17,website,,V008833
T003196,EUR,C00936,P006,Active Mat 06,1,104.36,104.36,0.0,,104.36,0.0,104.36,none,0,,0.0,104.36,2025-06-17,website,,V007457
T003197,EUR,C00469,P022,Active Mat 22,4,31.79,31.79,0.0,,127.16,0.0,127.16,none,0,,0.0,127.16,2025-06-17,other,,
T003198,EUR,C00771,P025,Daily Lamp 25,1,101.88,101.88,0.0,,101.88,0.0,101.88,none,0,,0.0,101.88,2025-06-17,other,,
T003199,EUR,C00362,P019,Urban Bottle 19,1,61.21,61.21,0.0,,61.21,0.0,61.21,none,0,,0.0,61.21,2025-06-17,other,,
T003200,EUR,C00465,P025,Daily Lamp 25,1,101.88,101.88,0.0,,101.88,0.0,101.88,none,0,,0.0,101.88,2025-06-17,other,,
T003201,EUR,C00747,P020,Essential Bag 20,1,23.79,23.79,0.0,,23.79,0.0,23.79,full,1,2025-06-28,23.79,0.0,2025-06-17,other,,
T003202,EUR,C00529,P008,Modern Serum 08,2,76.74,76.74,0.0,,153.48,0.0,153.48,none,0,,0.0,153.48,2025-06-17,other,,
T003203,EUR,C00540,P019,Urban Bottle 19,1,61.21,52.03,0.15,WEEKEND15,61.21,9.18,52.03,none,0,,0.0,52.03,2025-06-17,other,,
T003204,EUR,C00370,P019,Urban Bottle 19,3,61.21,61.21,0.0,,183.63,0.0,183.63,none,0,,0.0,183.63,2025-06-17,other,,
T003205,EUR,C00399,P015,Calm Cream 15,1,26.81,22.79,0.15,WEEKEND15,26.81,4.02,22.79,none,0,,0.0,22.79,2025-06-17,other,,
T003206,EUR,C00445,P008,Modern Serum 08,1,76.74,76.74,0.0,,76.74,0.0,76.74,none,0,,0.0,76.74,2025-06-17,other,,
T003207,EUR,C00921,P005,Bright Organizer 05,1,70.21,70.21,0.0,,70.21,0.0,70.21,none,0,,0.0,70.21,2025-06-17,website,,V004908
T003208,EUR,C00349,P026,Pure Band 26,1,23.03,23.03,0.0,,23.03,0.0,23.03,none,0,,0.0,23.03,2025-06-17,other,,
T003209,EUR,C00306,P019,Urban Bottle 19,1,61.21,61.21,0.0,,61.21,0.0,61.21,none,0,,0.0,61.21,2025-06-18,other,,
T003210,EUR,C00226,P007,Calm Cream 07,1,21.92,21.92,0.0,,21.92,0.0,21.92,none,0,,0.0,21.92,2025-06-18,other,,
T003211,EUR,C00941,P016,Modern Serum 16,1,91.2,86.64,0.05,WELCOME5,91.2,4.56,86.64,none,0,,0.0,86.64,2025-06-18,website,,V009378
T003212,EUR,C00541,P021,Bright Organizer 21,3,91.23,91.23,0.0,,273.69,0.0,273.69,none,0,,0.0,273.69,2025-06-18,website,,V003320
T003213,EUR,C00853,P025,Daily Lamp 25,1,101.88,101.88,0.0,,101.88,0.0,101.88,none,0,,0.0,101.88,2025-06-18,other,,
T003214,EUR,C00551,P022,Active Mat 22,2,31.79,31.79,0.0,,63.58,0.0,63.58,none,0,,0.0,63.58,2025-06-18,other,,
T003215,EUR,C00626,P007,Calm Cream 07,1,21.92,21.92,0.0,,21.92,0.0,21.92,none,0,,0.0,21.92,2025-06-18,other,,
T003216,EUR,C00495,P024,Modern Serum 24,2,66.52,66.52,0.0,,133.04,0.0,133.04,none,0,,0.0,133.04,2025-06-18,other,,
T003217,EUR,C00674,P015,Calm Cream 15,1,26.81,26.81,0.0,,26.81,0.0,26.81,none,0,,0.0,26.81,2025-06-18,other,,
T003218,EUR,C00310,P027,Urban Bottle 27,4,102.64,102.64,0.0,,410.56,0.0,410.56,partial,2,2025-07-03,205.28,205.28,2025-06-18,other,,
T003219,EUR,C00631,P028,Essential Bag 28,1,98.03,98.03,0.0,,98.03,0.0,98.03,none,0,,0.0,98.03,2025-06-18,other,,
T003220,EUR,C00840,P021,Bright Organizer 21,1,91.23,91.23,0.0,,91.23,0.0,91.23,none,0,,0.0,91.23,2025-06-19,other,,
T003221,EUR,C00479,P010,Pure Band 10,2,31.57,31.57,0.0,,63.14,0.0,63.14,none,0,,0.0,63.14,2025-06-19,other,,
T003222,EUR,C00923,P012,Essential Bag 12,1,99.7,84.75,0.15,WEEKEND15,99.7,14.95,84.75,none,0,,0.0,84.75,2025-06-19,other,,
T003223,EUR,C00827,P029,Bright Organizer 29,1,15.67,15.67,0.0,,15.67,0.0,15.67,none,0,,0.0,15.67,2025-06-19,other,,
T003224,EUR,C00366,P018,Pure Band 18,1,68.13,57.91,0.15,WEEKEND15,68.13,10.22,57.91,none,0,,0.0,57.91,2025-06-19,other,,
T003225,EUR,C00364,P021,Bright Organizer 21,1,91.23,86.67,0.05,WELCOME5,91.23,4.56,86.67,none,0,,0.0,86.67,2025-06-19,other,,
T003226,EUR,C00381,P024,Modern Serum 24,1,66.52,66.52,0.0,,66.52,0.0,66.52,none,0,,0.0,66.52,2025-06-19,other,,
T003227,EUR,C00869,P027,Urban Bottle 27,1,102.64,102.64,0.0,,102.64,0.0,102.64,none,0,,0.0,102.64,2025-06-19,other,,
T003228,EUR,C00219,P002,Pure Band 02,1,19.22,19.22,0.0,,19.22,0.0,19.22,none,0,,0.0,19.22,2025-06-19,other,,
T003229,EUR,C00726,P020,Essential Bag 20,1,23.79,20.22,0.15,MEMBER15,23.79,3.57,20.22,none,0,,0.0,20.22,2025-06-19,marketing_campaign,SEND006282,V010824
T003230,EUR,C00461,P029,Bright Organizer 29,1,15.67,14.89,0.05,WELCOME5,15.67,0.78,14.89,none,0,,0.0,14.89,2025-06-19,website,,V008414
T003231,EUR,C00299,P004,Essential Bag 04,1,83.73,83.73,0.0,,83.73,0.0,83.73,none,0,,0.0,83.73,2025-06-19,other,,
T003232,EUR,C00418,P021,Bright Organizer 21,1,91.23,91.23,0.0,,91.23,0.0,91.23,none,0,,0.0,91.23,2025-06-19,other,,
T003233,EUR,C00677,P025,Daily Lamp 25,1,101.88,101.88,0.0,,101.88,0.0,101.88,none,0,,0.0,101.88,2025-06-19,other,,
T003234,EUR,C00386,P003,Urban Bottle 03,1,105.26,105.26,0.0,,105.26,0.0,105.26,none,0,,0.0,105.26,2025-06-19,other,,
T003235,EUR,C00182,P028,Essential Bag 28,1,98.03,98.03,0.0,,98.03,0.0,98.03,none,0,,0.0,98.03,2025-06-19,other,,
T003236,EUR,C00694,P025,Daily Lamp 25,1,101.88,101.88,0.0,,101.88,0.0,101.88,none,0,,0.0,101.88,2025-06-19,other,,
T003237,EUR,C00950,P007,Calm Cream 07,1,21.92,21.92,0.0,,21.92,0.0,21.92,none,0,,0.0,21.92,2025-06-19,other,,
T003238,EUR,C00563,P008,Modern Serum 08,2,76.74,72.9,0.05,WELCOME5,153.48,7.68,145.8,none,0,,0.0,145.8,2025-06-20,other,,
T003239,EUR,C00053,P011,Urban Bottle 11,3,58.41,52.57,0.1,LOYALTY10,175.23,17.52,157.71,none,0,,0.0,157.71,2025-06-20,other,,
T003240,EUR,C00892,P003,Urban Bottle 03,1,105.26,89.47,0.15,WEEKEND15,105.26,15.79,89.47,none,0,,0.0,89.47,2025-06-20,other,,
T003241,EUR,C00671,P030,Active Mat 30,1,15.8,15.8,0.0,,15.8,0.0,15.8,none,0,,0.0,15.8,2025-06-20,other,,
T003242,EUR,C00620,P016,Modern Serum 16,1,91.2,91.2,0.0,,91.2,0.0,91.2,none,0,,0.0,91.2,2025-06-20,website,,V005525
T003243,EUR,C00945,P006,Active Mat 06,2,104.36,104.36,0.0,,208.72,0.0,208.72,none,0,,0.0,208.72,2025-06-20,other,,
T003244,EUR,C00594,P011,Urban Bottle 11,1,58.41,55.49,0.05,SUMMER5,58.41,2.92,55.49,none,0,,0.0,55.49,2025-06-20,marketing_campaign,SEND001527,V010203
T003245,EUR,C00047,P001,Daily Lamp 01,1,96.68,82.18,0.15,WEEKEND15,96.68,14.5,82.18,none,0,,0.0,82.18,2025-06-20,other,,
T003246,EUR,C00282,P027,Urban Bottle 27,2,102.64,102.64,0.0,,205.28,0.0,205.28,none,0,,0.0,205.28,2025-06-20,website,,V003664
T003247,EUR,C00465,P013,Bright Organizer 13,2,48.36,48.36,0.0,,96.72,0.0,96.72,none,0,,0.0,96.72,2025-06-20,website,,V000972
T003248,EUR,C00854,P005,Bright Organizer 05,1,70.21,70.21,0.0,,70.21,0.0,70.21,none,0,,0.0,70.21,2025-06-20,other,,
T003249,EUR,C00740,P025,Daily Lamp 25,1,101.88,101.88,0.0,,101.88,0.0,101.88,none,0,,0.0,101.88,2025-06-20,website,,V003599
T003250,EUR,C00505,P008,Modern Serum 08,1,76.74,76.74,0.0,,76.74,0.0,76.74,none,0,,0.0,76.74,2025-06-20,other,,
T003251,EUR,C00312,P015,Calm Cream 15,2,26.81,22.79,0.15,WEEKEND15,53.62,8.04,45.58,none,0,,0.0,45.58,2025-06-21,other,,
T003252,EUR,C00629,P020,Essential Bag 20,1,23.79,23.79,0.0,,23.79,0.0,23.79,none,0,,0.0,23.79,2025-06-21,other,,
T003253,EUR,C00716,P029,Bright Organizer 29,1,15.67,15.67,0.0,,15.67,0.0,15.67,none,0,,0.0,15.67,2025-06-21,other,,
T003254,EUR,C00803,P009,Daily Lamp 09,1,27.05,25.7,0.05,SUMMER5,27.05,1.35,25.7,none,0,,0.0,25.7,2025-06-21,marketing_campaign,SEND005766,V010763
T003255,EUR,C00861,P019,Urban Bottle 19,1,61.21,61.21,0.0,,61.21,0.0,61.21,none,0,,0.0,61.21,2025-06-21,other,,
T003256,EUR,C00937,P005,Bright Organizer 05,1,70.21,70.21,0.0,,70.21,0.0,70.21,none,0,,0.0,70.21,2025-06-21,website,,V008819
T003257,EUR,C00681,P008,Modern Serum 08,1,76.74,76.74,0.0,,76.74,0.0,76.74,none,0,,0.0,76.74,2025-06-21,website,,V005243
T003258,EUR,C00631,P017,Daily Lamp 17,1,94.4,94.4,0.0,,94.4,0.0,94.4,none,0,,0.0,94.4,2025-06-21,other,,
T003259,EUR,C00551,P016,Modern Serum 16,1,91.2,77.52,0.15,WEEKEND15,91.2,13.68,77.52,none,0,,0.0,77.52,2025-06-21,website,,V009922
T003260,EUR,C00357,P024,Modern Serum 24,1,66.52,66.52,0.0,,66.52,0.0,66.52,none,0,,0.0,66.52,2025-06-21,other,,
T003261,EUR,C00839,P020,Essential Bag 20,1,23.79,22.6,0.05,WELCOME5,23.79,1.19,22.6,none,0,,0.0,22.6,2025-06-21,other,,
T003262,EUR,C00680,P012,Essential Bag 12,1,99.7,99.7,0.0,,99.7,0.0,99.7,none,0,,0.0,99.7,2025-06-21,other,,
T003263,EUR,C00068,P016,Modern Serum 16,2,91.2,91.2,0.0,,182.4,0.0,182.4,none,0,,0.0,182.4,2025-06-21,other,,
T003264,EUR,C00422,P016,Modern Serum 16,1,91.2,91.2,0.0,,91.2,0.0,91.2,none,0,,0.0,91.2,2025-06-21,other,,
T003265,EUR,C00932,P021,Bright Organizer 21,1,91.23,91.23,0.0,,91.23,0.0,91.23,none,0,,0.0,91.23,2025-06-21,other,,
T003266,EUR,C00034,P002,Pure Band 02,1,19.22,19.22,0.0,,19.22,0.0,19.22,none,0,,0.0,19.22,2025-06-21,other,,
T003267,EUR,C00501,P021,Bright Organizer 21,1,91.23,77.55,0.15,WEEKEND15,91.23,13.68,77.55,none,0,,0.0,77.55,2025-06-21,other,,
T003268,EUR,C00615,P008,Modern Serum 08,2,76.74,76.74,0.0,,153.48,0.0,153.48,none,0,,0.0,153.48,2025-06-21,other,,
T003269,EUR,C00844,P025,Daily Lamp 25,2,101.88,101.88,0.0,,203.76,0.0,203.76,none,0,,0.0,203.76,2025-06-21,other,,
T003270,EUR,C00580,P006,Active Mat 06,3,104.36,104.36,0.0,,313.08,0.0,313.08,full,3,2025-07-06,313.08,0.0,2025-06-21,other,,
T003271,EUR,C00627,P025,Daily Lamp 25,1,101.88,101.88,0.0,,101.88,0.0,101.88,none,0,,0.0,101.88,2025-06-21,other,,
T003272,EUR,C00427,P020,Essential Bag 20,2,23.79,23.79,0.0,,47.58,0.0,47.58,none,0,,0.0,47.58,2025-06-22,other,,
T003273,EUR,C00460,P019,Urban Bottle 19,1,61.21,61.21,0.0,,61.21,0.0,61.21,none,0,,0.0,61.21,2025-06-22,other,,
T003274,EUR,C00782,P026,Pure Band 26,1,23.03,23.03,0.0,,23.03,0.0,23.03,none,0,,0.0,23.03,2025-06-22,other,,
T003275,EUR,C00834,P009,Daily Lamp 09,1,27.05,27.05,0.0,,27.05,0.0,27.05,none,0,,0.0,27.05,2025-06-22,other,,
T003276,EUR,C00694,P019,Urban Bottle 19,1,61.21,61.21,0.0,,61.21,0.0,61.21,none,0,,0.0,61.21,2025-06-22,website,,V001723
T003277,EUR,C00346,P016,Modern Serum 16,1,91.2,91.2,0.0,,91.2,0.0,91.2,none,0,,0.0,91.2,2025-06-22,other,,
T003278,EUR,C00411,P029,Bright Organizer 29,3,15.67,15.67,0.0,,47.01,0.0,47.01,none,0,,0.0,47.01,2025-06-22,other,,
T003279,EUR,C00774,P002,Pure Band 02,2,19.22,19.22,0.0,,38.44,0.0,38.44,none,0,,0.0,38.44,2025-06-22,website,,V001623
T003280,EUR,C00946,P010,Pure Band 10,4,31.57,31.57,0.0,,126.28,0.0,126.28,none,0,,0.0,126.28,2025-06-22,other,,
T003281,EUR,C00945,P028,Essential Bag 28,2,98.03,98.03,0.0,,196.06,0.0,196.06,none,0,,0.0,196.06,2025-06-22,other,,
T003282,EUR,C00516,P007,Calm Cream 07,2,21.92,21.92,0.0,,43.84,0.0,43.84,none,0,,0.0,43.84,2025-06-22,other,,
T003283,EUR,C00640,P001,Daily Lamp 01,1,96.68,96.68,0.0,,96.68,0.0,96.68,none,0,,0.0,96.68,2025-06-22,other,,
T003284,EUR,C00881,P016,Modern Serum 16,1,91.2,77.52,0.15,WEEKEND15,91.2,13.68,77.52,none,0,,0.0,77.52,2025-06-22,other,,
T003285,EUR,C00159,P005,Bright Organizer 05,1,70.21,70.21,0.0,,70.21,0.0,70.21,none,0,,0.0,70.21,2025-06-22,other,,
T003286,EUR,C00380,P019,Urban Bottle 19,1,61.21,61.21,0.0,,61.21,0.0,61.21,none,0,,0.0,61.21,2025-06-22,other,,
T003287,EUR,C00549,P006,Active Mat 06,1,104.36,93.92,0.1,LOYALTY10,104.36,10.44,93.92,full,1,2025-07-09,93.92,0.0,2025-06-22,other,,
T003288,EUR,C00893,P025,Daily Lamp 25,3,101.88,101.88,0.0,,305.64,0.0,305.64,none,0,,0.0,305.64,2025-06-22,other,,
T003289,EUR,C00644,P011,Urban Bottle 11,1,58.41,58.41,0.0,,58.41,0.0,58.41,none,0,,0.0,58.41,2025-06-22,other,,
T003290,EUR,C00973,P019,Urban Bottle 19,2,61.21,52.03,0.15,WEEKEND15,122.42,18.36,104.06,none,0,,0.0,104.06,2025-06-22,other,,
T003291,EUR,C00437,P007,Calm Cream 07,1,21.92,21.92,0.0,,21.92,0.0,21.92,none,0,,0.0,21.92,2025-06-22,other,,
T003292,EUR,C00298,P011,Urban Bottle 11,1,58.41,58.41,0.0,,58.41,0.0,58.41,none,0,,0.0,58.41,2025-06-22,other,,
T003293,EUR,C00971,P005,Bright Organizer 05,2,70.21,70.21,0.0,,140.42,0.0,140.42,none,0,,0.0,140.42,2025-06-22,other,,
T003294,EUR,C00520,P020,Essential Bag 20,1,23.79,22.6,0.05,SUMMER5,23.79,1.19,22.6,none,0,,0.0,22.6,2025-06-22,marketing_campaign,SEND004906,V010651
T003295,EUR,C00808,P008,Modern Serum 08,3,76.74,65.23,0.15,MEMBER15,230.22,34.53,195.69,none,0,,0.0,195.69,2025-06-22,marketing_campaign,SEND004603,V010604
T003296,EUR,C00747,P008,Modern Serum 08,1,76.74,69.07,0.1,LOYALTY10,76.74,7.67,69.07,none,0,,0.0,69.07,2025-06-22,website,,V003993
T003297,EUR,C00297,P005,Bright Organizer 05,1,70.21,70.21,0.0,,70.21,0.0,70.21,none,0,,0.0,70.21,2025-06-22,website,,V008157
T003298,EUR,C00599,P001,Daily Lamp 01,1,96.68,96.68,0.0,,96.68,0.0,96.68,none,0,,0.0,96.68,2025-06-22,other,,
T003299,EUR,C00188,P019,Urban Bottle 19,1,61.21,61.21,0.0,,61.21,0.0,61.21,none,0,,0.0,61.21,2025-06-22,other,,
T003300,EUR,C00466,P026,Pure Band 26,1,23.03,19.58,0.15,MEMBER15,23.03,3.45,19.58,none,0,,0.0,19.58,2025-06-22,marketing_campaign,SEND003073,V010415
T003301,EUR,C00899,P016,Modern Serum 16,2,91.2,91.2,0.0,,182.4,0.0,182.4,none,0,,0.0,182.4,2025-06-23,other,,
T003302,EUR,C00987,P002,Pure Band 02,1,19.22,19.22,0.0,,19.22,0.0,19.22,none,0,,0.0,19.22,2025-06-23,website,,V004542
T003303,EUR,C00874,P004,Essential Bag 04,1,83.73,83.73,0.0,,83.73,0.0,83.73,none,0,,0.0,83.73,2025-06-23,other,,
T003304,EUR,C00253,P017,Daily Lamp 17,1,94.4,94.4,0.0,,94.4,0.0,94.4,none,0,,0.0,94.4,2025-06-23,other,,
T003305,EUR,C00477,P001,Daily Lamp 01,1,96.68,96.68,0.0,,96.68,0.0,96.68,none,0,,0.0,96.68,2025-06-23,other,,
T003306,EUR,C00233,P001,Daily Lamp 01,1,96.68,96.68,0.0,,96.68,0.0,96.68,none,0,,0.0,96.68,2025-06-23,other,,
T003307,EUR,C00235,P013,Bright Organizer 13,1,48.36,48.36,0.0,,48.36,0.0,48.36,none,0,,0.0,48.36,2025-06-23,other,,
T003308,EUR,C00287,P017,Daily Lamp 17,3,94.4,89.68,0.05,WELCOME5,283.2,14.16,269.04,none,0,,0.0,269.04,2025-06-23,other,,
T003309,EUR,C00669,P017,Daily Lamp 17,1,94.4,94.4,0.0,,94.4,0.0,94.4,none,0,,0.0,94.4,2025-06-23,website,,V005373
T003310,EUR,C00828,P028,Essential Bag 28,1,98.03,98.03,0.0,,98.03,0.0,98.03,none,0,,0.0,98.03,2025-06-23,other,,
T003311,EUR,C00309,P030,Active Mat 30,1,15.8,15.8,0.0,,15.8,0.0,15.8,none,0,,0.0,15.8,2025-06-23,website,,V007629
T003312,EUR,C00732,P011,Urban Bottle 11,1,58.41,49.65,0.15,WEEKEND15,58.41,8.76,49.65,none,0,,0.0,49.65,2025-06-23,website,,V007880
T003313,EUR,C00150,P014,Active Mat 14,1,55.09,55.09,0.0,,55.09,0.0,55.09,none,0,,0.0,55.09,2025-06-24,other,,
T003314,EUR,C00210,P024,Modern Serum 24,1,66.52,59.87,0.1,LOYALTY10,66.52,6.65,59.87,none,0,,0.0,59.87,2025-06-24,other,,
T003315,EUR,C00002,P013,Bright Organizer 13,1,48.36,48.36,0.0,,48.36,0.0,48.36,full,1,2025-07-01,48.36,0.0,2025-06-24,other,,
T003316,EUR,C00759,P004,Essential Bag 04,1,83.73,83.73,0.0,,83.73,0.0,83.73,none,0,,0.0,83.73,2025-06-24,other,,
T003317,EUR,C00840,P002,Pure Band 02,1,19.22,19.22,0.0,,19.22,0.0,19.22,none,0,,0.0,19.22,2025-06-24,other,,
T003318,EUR,C00997,P002,Pure Band 02,2,19.22,19.22,0.0,,38.44,0.0,38.44,full,2,2025-07-11,38.44,0.0,2025-06-24,other,,
T003319,EUR,C00134,P018,Pure Band 18,2,68.13,68.13,0.0,,136.26,0.0,136.26,none,0,,0.0,136.26,2025-06-24,other,,
T003320,EUR,C00518,P015,Calm Cream 15,1,26.81,25.47,0.05,WELCOME5,26.81,1.34,25.47,none,0,,0.0,25.47,2025-06-24,other,,
T003321,EUR,C00638,P004,Essential Bag 04,1,83.73,83.73,0.0,,83.73,0.0,83.73,none,0,,0.0,83.73,2025-06-24,other,,
T003322,EUR,C00365,P008,Modern Serum 08,1,76.74,69.07,0.1,LOYALTY10,76.74,7.67,69.07,none,0,,0.0,69.07,2025-06-24,other,,
T003323,EUR,C00091,P011,Urban Bottle 11,1,58.41,58.41,0.0,,58.41,0.0,58.41,none,0,,0.0,58.41,2025-06-24,other,,
T003324,EUR,C00853,P007,Calm Cream 07,3,21.92,19.73,0.1,LOYALTY10,65.76,6.57,59.19,none,0,,0.0,59.19,2025-06-24,other,,
T003325,EUR,C00841,P009,Daily Lamp 09,1,27.05,27.05,0.0,,27.05,0.0,27.05,none,0,,0.0,27.05,2025-06-24,other,,
T003326,EUR,C00311,P030,Active Mat 30,1,15.8,15.8,0.0,,15.8,0.0,15.8,none,0,,0.0,15.8,2025-06-24,other,,
T003327,EUR,C00039,P021,Bright Organizer 21,1,91.23,91.23,0.0,,91.23,0.0,91.23,none,0,,0.0,91.23,2025-06-24,other,,
T003328,EUR,C00157,P018,Pure Band 18,1,68.13,61.32,0.1,LOYALTY10,68.13,6.81,61.32,none,0,,0.0,61.32,2025-06-24,other,,
T003329,EUR,C00874,P011,Urban Bottle 11,1,58.41,58.41,0.0,,58.41,0.0,58.41,none,0,,0.0,58.41,2025-06-24,other,,
T003330,EUR,C00881,P029,Bright Organizer 29,1,15.67,15.67,0.0,,15.67,0.0,15.67,none,0,,0.0,15.67,2025-06-24,other,,
T003331,EUR,C00444,P019,Urban Bottle 19,1,61.21,61.21,0.0,,61.21,0.0,61.21,none,0,,0.0,61.21,2025-06-24,other,,
T003332,EUR,C00281,P024,Modern Serum 24,1,66.52,56.54,0.15,WEEKEND15,66.52,9.98,56.54,none,0,,0.0,56.54,2025-06-24,other,,
T003333,EUR,C00897,P027,Urban Bottle 27,2,102.64,102.64,0.0,,205.28,0.0,205.28,none,0,,0.0,205.28,2025-06-24,other,,
T003334,EUR,C00782,P021,Bright Organizer 21,1,91.23,91.23,0.0,,91.23,0.0,91.23,none,0,,0.0,91.23,2025-06-25,other,,
T003335,EUR,C00936,P004,Essential Bag 04,2,83.73,79.54,0.05,WELCOME5,167.46,8.38,159.08,none,0,,0.0,159.08,2025-06-25,website,,V005319
T003336,EUR,C00987,P027,Urban Bottle 27,2,102.64,102.64,0.0,,205.28,0.0,205.28,none,0,,0.0,205.28,2025-06-25,other,,
T003337,EUR,C00558,P017,Daily Lamp 17,4,94.4,94.4,0.0,,377.6,0.0,377.6,none,0,,0.0,377.6,2025-06-25,other,,
T003338,EUR,C00764,P014,Active Mat 14,1,55.09,55.09,0.0,,55.09,0.0,55.09,none,0,,0.0,55.09,2025-06-25,other,,
T003339,EUR,C00384,P022,Active Mat 22,2,31.79,31.79,0.0,,63.58,0.0,63.58,none,0,,0.0,63.58,2025-06-25,other,,
T003340,EUR,C00944,P010,Pure Band 10,1,31.57,26.83,0.15,WEEKEND15,31.57,4.74,26.83,none,0,,0.0,26.83,2025-06-25,other,,
T003341,EUR,C00332,P012,Essential Bag 12,1,99.7,99.7,0.0,,99.7,0.0,99.7,none,0,,0.0,99.7,2025-06-25,other,,
T003342,EUR,C00702,P024,Modern Serum 24,1,66.52,63.19,0.05,WELCOME5,66.52,3.33,63.19,none,0,,0.0,63.19,2025-06-25,other,,
T003343,EUR,C00390,P030,Active Mat 30,1,15.8,15.8,0.0,,15.8,0.0,15.8,none,0,,0.0,15.8,2025-06-25,other,,
T003344,EUR,C00871,P025,Daily Lamp 25,1,101.88,101.88,0.0,,101.88,0.0,101.88,none,0,,0.0,101.88,2025-06-25,website,,V007871
T003345,EUR,C00795,P020,Essential Bag 20,1,23.79,20.22,0.15,MEMBER15,23.79,3.57,20.22,full,1,2025-07-18,20.22,0.0,2025-06-25,marketing_campaign,SEND006433,V010848
T003346,EUR,C00015,P004,Essential Bag 04,1,83.73,79.54,0.05,SUMMER5,83.73,4.19,79.54,none,0,,0.0,79.54,2025-06-25,marketing_campaign,SEND002784,V010376
T003347,EUR,C00548,P019,Urban Bottle 19,1,61.21,61.21,0.0,,61.21,0.0,61.21,none,0,,0.0,61.21,2025-06-25,other,,
T003348,EUR,C00031,P009,Daily Lamp 09,1,27.05,27.05,0.0,,27.05,0.0,27.05,none,0,,0.0,27.05,2025-06-25,other,,
T003349,EUR,C00678,P004,Essential Bag 04,2,83.73,83.73,0.0,,167.46,0.0,167.46,none,0,,0.0,167.46,2025-06-25,other,,
T003350,EUR,C00945,P022,Active Mat 22,2,31.79,31.79,0.0,,63.58,0.0,63.58,none,0,,0.0,63.58,2025-06-25,other,,
T003351,EUR,C00308,P021,Bright Organizer 21,1,91.23,91.23,0.0,,91.23,0.0,91.23,none,0,,0.0,91.23,2025-06-25,website,,V009566
T003352,EUR,C00898,P019,Urban Bottle 19,1,61.21,61.21,0.0,,61.21,0.0,61.21,none,0,,0.0,61.21,2025-06-25,other,,
T003353,EUR,C00546,P015,Calm Cream 15,1,26.81,26.81,0.0,,26.81,0.0,26.81,none,0,,0.0,26.81,2025-06-25,other,,
T003354,EUR,C00186,P030,Active Mat 30,1,15.8,15.8,0.0,,15.8,0.0,15.8,none,0,,0.0,15.8,2025-06-25,other,,
T003355,EUR,C00744,P025,Daily Lamp 25,1,101.88,101.88,0.0,,101.88,0.0,101.88,none,0,,0.0,101.88,2025-06-25,other,,
T003356,EUR,C00440,P021,Bright Organizer 21,1,91.23,91.23,0.0,,91.23,0.0,91.23,none,0,,0.0,91.23,2025-06-25,other,,
T003357,EUR,C00387,P002,Pure Band 02,1,19.22,19.22,0.0,,19.22,0.0,19.22,none,0,,0.0,19.22,2025-06-25,other,,
T003358,EUR,C00978,P011,Urban Bottle 11,1,58.41,49.65,0.15,WEEKEND15,58.41,8.76,49.65,none,0,,0.0,49.65,2025-06-25,other,,
T003359,EUR,C00396,P014,Active Mat 14,1,55.09,55.09,0.0,,55.09,0.0,55.09,none,0,,0.0,55.09,2025-06-25,website,,V005160
T003360,EUR,C00306,P024,Modern Serum 24,1,66.52,66.52,0.0,,66.52,0.0,66.52,none,0,,0.0,66.52,2025-06-25,other,,
T003361,EUR,C00848,P008,Modern Serum 08,1,76.74,76.74,0.0,,76.74,0.0,76.74,none,0,,0.0,76.74,2025-06-25,other,,
T003362,EUR,C00173,P004,Essential Bag 04,2,83.73,83.73,0.0,,167.46,0.0,167.46,none,0,,0.0,167.46,2025-06-25,other,,
T003363,EUR,C00366,P004,Essential Bag 04,2,83.73,83.73,0.0,,167.46,0.0,167.46,none,0,,0.0,167.46,2025-06-26,other,,
T003364,EUR,C00777,P012,Essential Bag 12,3,99.7,99.7,0.0,,299.1,0.0,299.1,none,0,,0.0,299.1,2025-06-26,other,,
T003365,EUR,C00513,P004,Essential Bag 04,1,83.73,71.17,0.15,WEEKEND15,83.73,12.56,71.17,none,0,,0.0,71.17,2025-06-26,other,,
T003366,EUR,C00168,P017,Daily Lamp 17,1,94.4,94.4,0.0,,94.4,0.0,94.4,none,0,,0.0,94.4,2025-06-26,other,,
T003367,EUR,C00498,P024,Modern Serum 24,2,66.52,66.52,0.0,,133.04,0.0,133.04,none,0,,0.0,133.04,2025-06-26,other,,
T003368,EUR,C00123,P018,Pure Band 18,1,68.13,57.91,0.15,MEMBER15,68.13,10.22,57.91,none,0,,0.0,57.91,2025-06-26,marketing_campaign,SEND004563,V010598
T003369,EUR,C00609,P001,Daily Lamp 01,1,96.68,96.68,0.0,,96.68,0.0,96.68,none,0,,0.0,96.68,2025-06-26,other,,
T003370,EUR,C00386,P017,Daily Lamp 17,2,94.4,89.68,0.05,WELCOME5,188.8,9.44,179.36,none,0,,0.0,179.36,2025-06-26,other,,
T003371,EUR,C00152,P010,Pure Band 10,1,31.57,31.57,0.0,,31.57,0.0,31.57,none,0,,0.0,31.57,2025-06-26,other,,
T003372,EUR,C00132,P018,Pure Band 18,3,68.13,68.13,0.0,,204.39,0.0,204.39,none,0,,0.0,204.39,2025-06-26,other,,
T003373,EUR,C00009,P017,Daily Lamp 17,1,94.4,94.4,0.0,,94.4,0.0,94.4,full,1,2025-06-27,94.4,0.0,2025-06-26,other,,
T003374,EUR,C00092,P022,Active Mat 22,1,31.79,31.79,0.0,,31.79,0.0,31.79,full,1,2025-06-29,31.79,0.0,2025-06-26,other,,
T003375,EUR,C00683,P019,Urban Bottle 19,2,61.21,61.21,0.0,,122.42,0.0,122.42,none,0,,0.0,122.42,2025-06-26,other,,
T003376,EUR,C00793,P010,Pure Band 10,1,31.57,31.57,0.0,,31.57,0.0,31.57,none,0,,0.0,31.57,2025-06-26,other,,
T003377,EUR,C00926,P026,Pure Band 26,3,23.03,19.58,0.15,WEEKEND15,69.09,10.35,58.74,full,3,2025-07-03,58.74,0.0,2025-06-26,other,,
T003378,EUR,C00591,P026,Pure Band 26,3,23.03,23.03,0.0,,69.09,0.0,69.09,none,0,,0.0,69.09,2025-06-26,other,,
T003379,EUR,C00056,P007,Calm Cream 07,1,21.92,21.92,0.0,,21.92,0.0,21.92,none,0,,0.0,21.92,2025-06-26,other,,
T003380,EUR,C00397,P017,Daily Lamp 17,1,94.4,84.96,0.1,LOYALTY10,94.4,9.44,84.96,none,0,,0.0,84.96,2025-06-26,other,,
T003381,EUR,C00626,P010,Pure Band 10,2,31.57,31.57,0.0,,63.14,0.0,63.14,none,0,,0.0,63.14,2025-06-26,other,,
T003382,EUR,C00306,P027,Urban Bottle 27,1,102.64,102.64,0.0,,102.64,0.0,102.64,none,0,,0.0,102.64,2025-06-26,website,,V006739
T003383,EUR,C00499,P011,Urban Bottle 11,1,58.41,58.41,0.0,,58.41,0.0,58.41,none,0,,0.0,58.41,2025-06-26,other,,
T003384,EUR,C00944,P009,Daily Lamp 09,1,27.05,27.05,0.0,,27.05,0.0,27.05,none,0,,0.0,27.05,2025-06-26,other,,
T003385,EUR,C00235,P019,Urban Bottle 19,1,61.21,61.21,0.0,,61.21,0.0,61.21,none,0,,0.0,61.21,2025-06-27,other,,
T003386,EUR,C00489,P002,Pure Band 02,1,19.22,19.22,0.0,,19.22,0.0,19.22,none,0,,0.0,19.22,2025-06-27,other,,
T003387,EUR,C00902,P010,Pure Band 10,1,31.57,26.83,0.15,WEEKEND15,31.57,4.74,26.83,none,0,,0.0,26.83,2025-06-27,other,,
T003388,EUR,C00081,P017,Daily Lamp 17,1,94.4,94.4,0.0,,94.4,0.0,94.4,none,0,,0.0,94.4,2025-06-27,other,,
T003389,EUR,C00577,P022,Active Mat 22,1,31.79,31.79,0.0,,31.79,0.0,31.79,none,0,,0.0,31.79,2025-06-27,website,,V004188
T003390,EUR,C00199,P001,Daily Lamp 01,2,96.68,96.68,0.0,,193.36,0.0,193.36,none,0,,0.0,193.36,2025-06-27,website,,V005346
T003391,EUR,C00513,P001,Daily Lamp 01,2,96.68,96.68,0.0,,193.36,0.0,193.36,none,0,,0.0,193.36,2025-06-27,other,,
T003392,EUR,C00318,P028,Essential Bag 28,4,98.03,98.03,0.0,,392.12,0.0,392.12,none,0,,0.0,392.12,2025-06-27,website,,V005751
T003393,EUR,C00642,P003,Urban Bottle 03,1,105.26,105.26,0.0,,105.26,0.0,105.26,none,0,,0.0,105.26,2025-06-27,other,,
T003394,EUR,C00140,P002,Pure Band 02,1,19.22,19.22,0.0,,19.22,0.0,19.22,none,0,,0.0,19.22,2025-06-27,website,,V007420
T003395,EUR,C00952,P024,Modern Serum 24,3,66.52,66.52,0.0,,199.56,0.0,199.56,none,0,,0.0,199.56,2025-06-27,website,,V007609
T003396,EUR,C00496,P030,Active Mat 30,2,15.8,15.8,0.0,,31.6,0.0,31.6,none,0,,0.0,31.6,2025-06-27,other,,
T003397,EUR,C00070,P018,Pure Band 18,1,68.13,68.13,0.0,,68.13,0.0,68.13,none,0,,0.0,68.13,2025-06-27,other,,
T003398,EUR,C00990,P028,Essential Bag 28,1,98.03,98.03,0.0,,98.03,0.0,98.03,full,1,2025-07-11,98.03,0.0,2025-06-27,other,,
T003399,EUR,C00282,P003,Urban Bottle 03,3,105.26,105.26,0.0,,315.78,0.0,315.78,none,0,,0.0,315.78,2025-06-27,website,,V003400
T003400,EUR,C00404,P001,Daily Lamp 01,1,96.68,96.68,0.0,,96.68,0.0,96.68,none,0,,0.0,96.68,2025-06-27,other,,
T003401,EUR,C00439,P016,Modern Serum 16,1,91.2,91.2,0.0,,91.2,0.0,91.2,none,0,,0.0,91.2,2025-06-27,other,,
T003402,EUR,C00662,P022,Active Mat 22,1,31.79,31.79,0.0,,31.79,0.0,31.79,full,1,2025-07-11,31.79,0.0,2025-06-27,other,,
T003403,EUR,C00494,P010,Pure Band 10,1,31.57,31.57,0.0,,31.57,0.0,31.57,none,0,,0.0,31.57,2025-06-27,other,,
T003404,EUR,C00705,P007,Calm Cream 07,1,21.92,21.92,0.0,,21.92,0.0,21.92,full,1,2025-07-06,21.92,0.0,2025-06-27,other,,
T003405,EUR,C00566,P021,Bright Organizer 21,1,91.23,91.23,0.0,,91.23,0.0,91.23,none,0,,0.0,91.23,2025-06-27,website,,V000226
T003406,EUR,C00802,P009,Daily Lamp 09,1,27.05,27.05,0.0,,27.05,0.0,27.05,none,0,,0.0,27.05,2025-06-27,other,,
T003407,EUR,C00655,P027,Urban Bottle 27,1,102.64,102.64,0.0,,102.64,0.0,102.64,none,0,,0.0,102.64,2025-06-28,other,,
T003408,EUR,C00776,P015,Calm Cream 15,1,26.81,26.81,0.0,,26.81,0.0,26.81,none,0,,0.0,26.81,2025-06-28,other,,
T003409,EUR,C00498,P001,Daily Lamp 01,1,96.68,96.68,0.0,,96.68,0.0,96.68,none,0,,0.0,96.68,2025-06-28,other,,
T003410,EUR,C00478,P021,Bright Organizer 21,1,91.23,91.23,0.0,,91.23,0.0,91.23,none,0,,0.0,91.23,2025-06-28,other,,
T003411,EUR,C00419,P016,Modern Serum 16,1,91.2,91.2,0.0,,91.2,0.0,91.2,none,0,,0.0,91.2,2025-06-28,other,,
T003412,EUR,C00522,P028,Essential Bag 28,1,98.03,98.03,0.0,,98.03,0.0,98.03,none,0,,0.0,98.03,2025-06-28,other,,
T003413,EUR,C00179,P028,Essential Bag 28,1,98.03,98.03,0.0,,98.03,0.0,98.03,none,0,,0.0,98.03,2025-06-28,website,,V005394
T003414,EUR,C00996,P017,Daily Lamp 17,1,94.4,94.4,0.0,,94.4,0.0,94.4,none,0,,0.0,94.4,2025-06-28,other,,
T003415,EUR,C00381,P024,Modern Serum 24,1,66.52,66.52,0.0,,66.52,0.0,66.52,none,0,,0.0,66.52,2025-06-28,other,,
T003416,EUR,C00130,P001,Daily Lamp 01,1,96.68,96.68,0.0,,96.68,0.0,96.68,none,0,,0.0,96.68,2025-06-28,other,,
T003417,EUR,C00235,P014,Active Mat 14,1,55.09,55.09,0.0,,55.09,0.0,55.09,none,0,,0.0,55.09,2025-06-28,other,,
T003418,EUR,C00417,P024,Modern Serum 24,1,66.52,63.19,0.05,WELCOME5,66.52,3.33,63.19,none,0,,0.0,63.19,2025-06-28,other,,
T003419,EUR,C00819,P026,Pure Band 26,3,23.03,23.03,0.0,,69.09,0.0,69.09,none,0,,0.0,69.09,2025-06-29,website,,V006260
T003420,EUR,C00115,P018,Pure Band 18,1,68.13,68.13,0.0,,68.13,0.0,68.13,none,0,,0.0,68.13,2025-06-29,other,,
T003421,EUR,C00727,P019,Urban Bottle 19,1,61.21,55.09,0.1,LOYALTY10,61.21,6.12,55.09,none,0,,0.0,55.09,2025-06-29,other,,
T003422,EUR,C00617,P002,Pure Band 02,1,19.22,19.22,0.0,,19.22,0.0,19.22,none,0,,0.0,19.22,2025-06-29,other,,
T003423,EUR,C00643,P002,Pure Band 02,1,19.22,16.34,0.15,WEEKEND15,19.22,2.88,16.34,none,0,,0.0,16.34,2025-06-29,other,,
T003424,EUR,C00955,P025,Daily Lamp 25,1,101.88,101.88,0.0,,101.88,0.0,101.88,none,0,,0.0,101.88,2025-06-29,other,,
T003425,EUR,C00821,P026,Pure Band 26,2,23.03,19.58,0.15,WEEKEND15,46.06,6.9,39.16,none,0,,0.0,39.16,2025-06-29,other,,
T003426,EUR,C00559,P015,Calm Cream 15,1,26.81,26.81,0.0,,26.81,0.0,26.81,none,0,,0.0,26.81,2025-06-29,other,,
T003427,EUR,C00780,P022,Active Mat 22,1,31.79,31.79,0.0,,31.79,0.0,31.79,none,0,,0.0,31.79,2025-06-29,website,,V000621
T003428,EUR,C00065,P024,Modern Serum 24,1,66.52,66.52,0.0,,66.52,0.0,66.52,none,0,,0.0,66.52,2025-06-29,other,,
T003429,EUR,C00092,P013,Bright Organizer 13,2,48.36,41.11,0.15,WEEKEND15,96.72,14.5,82.22,none,0,,0.0,82.22,2025-06-29,other,,
T003430,EUR,C00187,P030,Active Mat 30,1,15.8,15.8,0.0,,15.8,0.0,15.8,none,0,,0.0,15.8,2025-06-29,website,,V003667
T003431,EUR,C00256,P003,Urban Bottle 03,3,105.26,105.26,0.0,,315.78,0.0,315.78,none,0,,0.0,315.78,2025-06-30,other,,
T003432,EUR,C00272,P016,Modern Serum 16,1,91.2,77.52,0.15,WEEKEND15,91.2,13.68,77.52,none,0,,0.0,77.52,2025-06-30,other,,
T003433,EUR,C00340,P015,Calm Cream 15,1,26.81,22.79,0.15,WEEKEND15,26.81,4.02,22.79,none,0,,0.0,22.79,2025-06-30,other,,
T003434,EUR,C00672,P020,Essential Bag 20,2,23.79,23.79,0.0,,47.58,0.0,47.58,none,0,,0.0,47.58,2025-06-30,other,,
T003435,EUR,C00671,P028,Essential Bag 28,1,98.03,98.03,0.0,,98.03,0.0,98.03,none,0,,0.0,98.03,2025-06-30,other,,
T003436,EUR,C00844,P016,Modern Serum 16,2,91.2,86.64,0.05,WELCOME5,182.4,9.12,173.28,none,0,,0.0,173.28,2025-06-30,other,,
T003437,EUR,C00781,P013,Bright Organizer 13,2,48.36,48.36,0.0,,96.72,0.0,96.72,full,2,2025-07-12,96.72,0.0,2025-06-30,other,,
T003438,EUR,C00576,P022,Active Mat 22,1,31.79,31.79,0.0,,31.79,0.0,31.79,none,0,,0.0,31.79,2025-06-30,other,,
T003439,EUR,C00554,P026,Pure Band 26,1,23.03,23.03,0.0,,23.03,0.0,23.03,none,0,,0.0,23.03,2025-06-30,other,,
T003440,EUR,C00598,P016,Modern Serum 16,1,91.2,82.08,0.1,LOYALTY10,91.2,9.12,82.08,full,1,2025-07-07,82.08,0.0,2025-06-30,other,,
T003441,EUR,C00548,P019,Urban Bottle 19,1,61.21,61.21,0.0,,61.21,0.0,61.21,none,0,,0.0,61.21,2025-06-30,other,,
T003442,EUR,C00201,P009,Daily Lamp 09,1,27.05,27.05,0.0,,27.05,0.0,27.05,none,0,,0.0,27.05,2025-06-30,other,,
T003443,EUR,C00529,P013,Bright Organizer 13,1,48.36,48.36,0.0,,48.36,0.0,48.36,none,0,,0.0,48.36,2025-06-30,other,,
T003444,EUR,C00460,P012,Essential Bag 12,2,99.7,99.7,0.0,,199.4,0.0,199.4,none,0,,0.0,199.4,2025-06-30,other,,
T003445,EUR,C00574,P011,Urban Bottle 11,1,58.41,58.41,0.0,,58.41,0.0,58.41,full,1,2025-07-04,58.41,0.0,2025-06-30,other,,
T003446,EUR,C00861,P028,Essential Bag 28,1,98.03,98.03,0.0,,98.03,0.0,98.03,none,0,,0.0,98.03,2025-07-01,other,,
T003447,EUR,C00407,P011,Urban Bottle 11,3,58.41,52.57,0.1,LOYALTY10,175.23,17.52,157.71,none,0,,0.0,157.71,2025-07-01,other,,
T003448,EUR,C00539,P001,Daily Lamp 01,2,96.68,96.68,0.0,,193.36,0.0,193.36,none,0,,0.0,193.36,2025-07-01,other,,
T003449,EUR,C00110,P002,Pure Band 02,4,19.22,19.22,0.0,,76.88,0.0,76.88,none,0,,0.0,76.88,2025-07-01,website,,V000741
T003450,EUR,C00011,P022,Active Mat 22,1,31.79,28.61,0.1,LOYALTY10,31.79,3.18,28.61,none,0,,0.0,28.61,2025-07-01,other,,
T003451,EUR,C00199,P023,Calm Cream 23,2,43.34,43.34,0.0,,86.68,0.0,86.68,none,0,,0.0,86.68,2025-07-01,other,,
T003452,EUR,C00788,P030,Active Mat 30,1,15.8,13.43,0.15,WEEKEND15,15.8,2.37,13.43,none,0,,0.0,13.43,2025-07-01,other,,
T003453,EUR,C00068,P028,Essential Bag 28,2,98.03,98.03,0.0,,196.06,0.0,196.06,none,0,,0.0,196.06,2025-07-01,other,,
T003454,EUR,C00229,P003,Urban Bottle 03,1,105.26,105.26,0.0,,105.26,0.0,105.26,none,0,,0.0,105.26,2025-07-01,other,,
T003455,EUR,C00973,P023,Calm Cream 23,1,43.34,43.34,0.0,,43.34,0.0,43.34,none,0,,0.0,43.34,2025-07-01,other,,
T003456,EUR,C00231,P025,Daily Lamp 25,1,101.88,91.69,0.1,LOYALTY10,101.88,10.19,91.69,none,0,,0.0,91.69,2025-07-01,other,,
T003457,EUR,C00140,P012,Essential Bag 12,4,99.7,99.7,0.0,,398.8,0.0,398.8,none,0,,0.0,398.8,2025-07-01,website,,V003861
T003458,EUR,C00131,P027,Urban Bottle 27,2,102.64,102.64,0.0,,205.28,0.0,205.28,none,0,,0.0,205.28,2025-07-01,other,,
T003459,EUR,C00442,P013,Bright Organizer 13,1,48.36,41.11,0.15,WEEKEND15,48.36,7.25,41.11,none,0,,0.0,41.11,2025-07-01,other,,
T003460,EUR,C00182,P001,Daily Lamp 01,1,96.68,96.68,0.0,,96.68,0.0,96.68,none,0,,0.0,96.68,2025-07-01,other,,
T003461,EUR,C00806,P029,Bright Organizer 29,3,15.67,15.67,0.0,,47.01,0.0,47.01,none,0,,0.0,47.01,2025-07-01,other,,
T003462,EUR,C00772,P014,Active Mat 14,1,55.09,55.09,0.0,,55.09,0.0,55.09,none,0,,0.0,55.09,2025-07-01,other,,
T003463,EUR,C00661,P012,Essential Bag 12,1,99.7,99.7,0.0,,99.7,0.0,99.7,none,0,,0.0,99.7,2025-07-01,other,,
T003464,EUR,C00701,P028,Essential Bag 28,1,98.03,98.03,0.0,,98.03,0.0,98.03,none,0,,0.0,98.03,2025-07-01,other,,
T003465,EUR,C00942,P028,Essential Bag 28,2,98.03,93.13,0.05,WELCOME5,196.06,9.8,186.26,none,0,,0.0,186.26,2025-07-02,other,,
T003466,EUR,C00694,P004,Essential Bag 04,1,83.73,75.36,0.1,LOYALTY10,83.73,8.37,75.36,none,0,,0.0,75.36,2025-07-02,website,,V006037
T003467,EUR,C00895,P019,Urban Bottle 19,2,61.21,61.21,0.0,,122.42,0.0,122.42,none,0,,0.0,122.42,2025-07-02,other,,
T003468,EUR,C00664,P030,Active Mat 30,1,15.8,13.43,0.15,WEEKEND15,15.8,2.37,13.43,none,0,,0.0,13.43,2025-07-02,other,,
T003469,EUR,C00951,P025,Daily Lamp 25,2,101.88,101.88,0.0,,203.76,0.0,203.76,none,0,,0.0,203.76,2025-07-02,other,,
T003470,EUR,C00920,P023,Calm Cream 23,1,43.34,43.34,0.0,,43.34,0.0,43.34,none,0,,0.0,43.34,2025-07-02,other,,
T003471,EUR,C00437,P019,Urban Bottle 19,1,61.21,61.21,0.0,,61.21,0.0,61.21,none,0,,0.0,61.21,2025-07-02,other,,
T003472,EUR,C00749,P006,Active Mat 06,2,104.36,104.36,0.0,,208.72,0.0,208.72,none,0,,0.0,208.72,2025-07-02,website,,V001949
T003473,EUR,C00455,P002,Pure Band 02,3,19.22,19.22,0.0,,57.66,0.0,57.66,none,0,,0.0,57.66,2025-07-02,other,,
T003474,EUR,C00074,P021,Bright Organizer 21,1,91.23,91.23,0.0,,91.23,0.0,91.23,none,0,,0.0,91.23,2025-07-02,other,,
T003475,EUR,C00542,P026,Pure Band 26,1,23.03,23.03,0.0,,23.03,0.0,23.03,none,0,,0.0,23.03,2025-07-02,other,,
T003476,EUR,C00770,P001,Daily Lamp 01,1,96.68,96.68,0.0,,96.68,0.0,96.68,none,0,,0.0,96.68,2025-07-02,other,,
T003477,EUR,C00473,P010,Pure Band 10,1,31.57,31.57,0.0,,31.57,0.0,31.57,none,0,,0.0,31.57,2025-07-02,other,,
T003478,EUR,C00254,P018,Pure Band 18,1,68.13,68.13,0.0,,68.13,0.0,68.13,full,1,2025-07-24,68.13,0.0,2025-07-02,other,,
T003479,EUR,C00128,P007,Calm Cream 07,1,21.92,20.82,0.05,SUMMER5,21.92,1.1,20.82,none,0,,0.0,20.82,2025-07-02,marketing_campaign,SEND003444,V010455
T003480,EUR,C00660,P006,Active Mat 06,1,104.36,104.36,0.0,,104.36,0.0,104.36,none,0,,0.0,104.36,2025-07-02,other,,
T003481,EUR,C00332,P007,Calm Cream 07,1,21.92,19.73,0.1,LOYALTY10,21.92,2.19,19.73,none,0,,0.0,19.73,2025-07-02,other,,
T003482,EUR,C00347,P011,Urban Bottle 11,1,58.41,52.57,0.1,LOYALTY10,58.41,5.84,52.57,none,0,,0.0,52.57,2025-07-02,other,,
T003483,EUR,C00650,P016,Modern Serum 16,2,91.2,91.2,0.0,,182.4,0.0,182.4,none,0,,0.0,182.4,2025-07-02,other,,
T003484,EUR,C00594,P005,Bright Organizer 05,1,70.21,70.21,0.0,,70.21,0.0,70.21,none,0,,0.0,70.21,2025-07-02,other,,
T003485,EUR,C00882,P001,Daily Lamp 01,1,96.68,96.68,0.0,,96.68,0.0,96.68,none,0,,0.0,96.68,2025-07-02,other,,
T003486,EUR,C00994,P003,Urban Bottle 03,2,105.26,105.26,0.0,,210.52,0.0,210.52,none,0,,0.0,210.52,2025-07-02,other,,
T003487,EUR,C00959,P018,Pure Band 18,4,68.13,57.91,0.15,WEEKEND15,272.52,40.88,231.64,none,0,,0.0,231.64,2025-07-02,website,,V008269
T003488,EUR,C00535,P027,Urban Bottle 27,1,102.64,102.64,0.0,,102.64,0.0,102.64,none,0,,0.0,102.64,2025-07-02,other,,
T003489,EUR,C00968,P026,Pure Band 26,1,23.03,21.88,0.05,SUMMER5,23.03,1.15,21.88,full,1,2025-07-23,21.88,0.0,2025-07-02,marketing_campaign,SEND002751,V010372
T003490,EUR,C00208,P003,Urban Bottle 03,1,105.26,105.26,0.0,,105.26,0.0,105.26,none,0,,0.0,105.26,2025-07-02,other,,
T003491,EUR,C00920,P007,Calm Cream 07,2,21.92,21.92,0.0,,43.84,0.0,43.84,none,0,,0.0,43.84,2025-07-03,website,,V004741
T003492,EUR,C00753,P016,Modern Serum 16,1,91.2,91.2,0.0,,91.2,0.0,91.2,none,0,,0.0,91.2,2025-07-03,other,,
T003493,EUR,C00321,P010,Pure Band 10,3,31.57,31.57,0.0,,94.71,0.0,94.71,none,0,,0.0,94.71,2025-07-03,other,,
T003494,EUR,C00999,P006,Active Mat 06,2,104.36,104.36,0.0,,208.72,0.0,208.72,none,0,,0.0,208.72,2025-07-03,other,,
T003495,EUR,C00499,P019,Urban Bottle 19,1,61.21,52.03,0.15,WEEKEND15,61.21,9.18,52.03,none,0,,0.0,52.03,2025-07-03,other,,
T003496,EUR,C00868,P001,Daily Lamp 01,4,96.68,96.68,0.0,,386.72,0.0,386.72,none,0,,0.0,386.72,2025-07-03,other,,
T003497,EUR,C00896,P001,Daily Lamp 01,1,96.68,96.68,0.0,,96.68,0.0,96.68,none,0,,0.0,96.68,2025-07-03,other,,
T003498,EUR,C00794,P014,Active Mat 14,1,55.09,55.09,0.0,,55.09,0.0,55.09,none,0,,0.0,55.09,2025-07-03,other,,
T003499,EUR,C00397,P006,Active Mat 06,2,104.36,104.36,0.0,,208.72,0.0,208.72,none,0,,0.0,208.72,2025-07-03,other,,
T003500,EUR,C00684,P016,Modern Serum 16,3,91.2,91.2,0.0,,273.6,0.0,273.6,none,0,,0.0,273.6,2025-07-03,other,,
T003501,EUR,C00834,P017,Daily Lamp 17,2,94.4,94.4,0.0,,188.8,0.0,188.8,none,0,,0.0,188.8,2025-07-03,other,,
T003502,EUR,C00916,P006,Active Mat 06,2,104.36,104.36,0.0,,208.72,0.0,208.72,none,0,,0.0,208.72,2025-07-03,other,,
T003503,EUR,C00734,P005,Bright Organizer 05,3,70.21,63.19,0.1,LOYALTY10,210.63,21.06,189.57,none,0,,0.0,189.57,2025-07-03,website,,V002957
T003504,EUR,C00474,P025,Daily Lamp 25,1,101.88,96.79,0.05,WELCOME5,101.88,5.09,96.79,none,0,,0.0,96.79,2025-07-03,website,,V002225
T003505,EUR,C00871,P014,Active Mat 14,1,55.09,55.09,0.0,,55.09,0.0,55.09,none,0,,0.0,55.09,2025-07-03,other,,
T003506,EUR,C00678,P013,Bright Organizer 13,2,48.36,48.36,0.0,,96.72,0.0,96.72,none,0,,0.0,96.72,2025-07-03,other,,
T003507,EUR,C00661,P011,Urban Bottle 11,1,58.41,58.41,0.0,,58.41,0.0,58.41,none,0,,0.0,58.41,2025-07-03,other,,
T003508,EUR,C00627,P019,Urban Bottle 19,1,61.21,52.03,0.15,WEEKEND15,61.21,9.18,52.03,none,0,,0.0,52.03,2025-07-03,other,,
T003509,EUR,C00822,P028,Essential Bag 28,3,98.03,98.03,0.0,,294.09,0.0,294.09,none,0,,0.0,294.09,2025-07-03,other,,
T003510,EUR,C00148,P004,Essential Bag 04,1,83.73,75.36,0.1,LOYALTY10,83.73,8.37,75.36,none,0,,0.0,75.36,2025-07-04,other,,
T003511,EUR,C00589,P022,Active Mat 22,1,31.79,27.02,0.15,MEMBER15,31.79,4.77,27.02,none,0,,0.0,27.02,2025-07-04,marketing_campaign,SEND005955,V010787
T003512,EUR,C00162,P010,Pure Band 10,1,31.57,26.83,0.15,WEEKEND15,31.57,4.74,26.83,none,0,,0.0,26.83,2025-07-04,other,,
T003513,EUR,C00861,P012,Essential Bag 12,2,99.7,99.7,0.0,,199.4,0.0,199.4,none,0,,0.0,199.4,2025-07-04,other,,
T003514,EUR,C00092,P001,Daily Lamp 01,2,96.68,96.68,0.0,,193.36,0.0,193.36,none,0,,0.0,193.36,2025-07-04,website,,V004126
T003515,EUR,C00821,P026,Pure Band 26,2,23.03,23.03,0.0,,46.06,0.0,46.06,none,0,,0.0,46.06,2025-07-04,other,,
T003516,EUR,C00398,P006,Active Mat 06,1,104.36,104.36,0.0,,104.36,0.0,104.36,none,0,,0.0,104.36,2025-07-04,other,,
T003517,EUR,C00739,P024,Modern Serum 24,2,66.52,63.19,0.05,WELCOME5,133.04,6.66,126.38,none,0,,0.0,126.38,2025-07-04,other,,
T003518,EUR,C00656,P002,Pure Band 02,3,19.22,19.22,0.0,,57.66,0.0,57.66,full,3,2025-07-09,57.66,0.0,2025-07-04,other,,
T003519,EUR,C00202,P003,Urban Bottle 03,1,105.26,105.26,0.0,,105.26,0.0,105.26,none,0,,0.0,105.26,2025-07-04,other,,
T003520,EUR,C00224,P028,Essential Bag 28,2,98.03,83.33,0.15,WEEKEND15,196.06,29.4,166.66,none,0,,0.0,166.66,2025-07-04,website,,V004315
T003521,EUR,C00722,P015,Calm Cream 15,2,26.81,26.81,0.0,,53.62,0.0,53.62,none,0,,0.0,53.62,2025-07-04,other,,
T003522,EUR,C00929,P028,Essential Bag 28,1,98.03,98.03,0.0,,98.03,0.0,98.03,none,0,,0.0,98.03,2025-07-04,other,,
T003523,EUR,C00449,P027,Urban Bottle 27,1,102.64,102.64,0.0,,102.64,0.0,102.64,none,0,,0.0,102.64,2025-07-04,other,,
T003524,EUR,C00981,P015,Calm Cream 15,1,26.81,26.81,0.0,,26.81,0.0,26.81,none,0,,0.0,26.81,2025-07-04,website,,V002964
T003525,EUR,C00886,P028,Essential Bag 28,1,98.03,88.23,0.1,LOYALTY10,98.03,9.8,88.23,none,0,,0.0,88.23,2025-07-04,other,,
T003526,EUR,C00250,P023,Calm Cream 23,1,43.34,43.34,0.0,,43.34,0.0,43.34,none,0,,0.0,43.34,2025-07-04,other,,
T003527,EUR,C00838,P027,Urban Bottle 27,1,102.64,102.64,0.0,,102.64,0.0,102.64,none,0,,0.0,102.64,2025-07-04,other,,
T003528,EUR,C00344,P010,Pure Band 10,2,31.57,31.57,0.0,,63.14,0.0,63.14,none,0,,0.0,63.14,2025-07-04,other,,
T003529,EUR,C00344,P024,Modern Serum 24,2,66.52,66.52,0.0,,133.04,0.0,133.04,none,0,,0.0,133.04,2025-07-04,other,,
T003530,EUR,C00349,P007,Calm Cream 07,2,21.92,21.92,0.0,,43.84,0.0,43.84,none,0,,0.0,43.84,2025-07-05,other,,
T003531,EUR,C00738,P019,Urban Bottle 19,1,61.21,58.15,0.05,SUMMER5,61.21,3.06,58.15,none,0,,0.0,58.15,2025-07-05,marketing_campaign,SEND003977,V010518
T003532,EUR,C00327,P015,Calm Cream 15,1,26.81,26.81,0.0,,26.81,0.0,26.81,none,0,,0.0,26.81,2025-07-05,other,,
T003533,EUR,C00744,P020,Essential Bag 20,1,23.79,23.79,0.0,,23.79,0.0,23.79,none,0,,0.0,23.79,2025-07-05,other,,
T003534,EUR,C00316,P019,Urban Bottle 19,1,61.21,61.21,0.0,,61.21,0.0,61.21,none,0,,0.0,61.21,2025-07-05,other,,
T003535,EUR,C00842,P012,Essential Bag 12,1,99.7,99.7,0.0,,99.7,0.0,99.7,none,0,,0.0,99.7,2025-07-05,other,,
T003536,EUR,C00132,P004,Essential Bag 04,1,83.73,83.73,0.0,,83.73,0.0,83.73,none,0,,0.0,83.73,2025-07-05,website,,V000440
T003537,EUR,C00618,P004,Essential Bag 04,1,83.73,83.73,0.0,,83.73,0.0,83.73,none,0,,0.0,83.73,2025-07-05,other,,
T003538,EUR,C00993,P027,Urban Bottle 27,1,102.64,102.64,0.0,,102.64,0.0,102.64,full,1,2025-07-30,102.64,0.0,2025-07-05,other,,
T003539,EUR,C00809,P002,Pure Band 02,1,19.22,19.22,0.0,,19.22,0.0,19.22,none,0,,0.0,19.22,2025-07-05,other,,
T003540,EUR,C00576,P008,Modern Serum 08,1,76.74,76.74,0.0,,76.74,0.0,76.74,none,0,,0.0,76.74,2025-07-05,other,,
T003541,EUR,C00904,P020,Essential Bag 20,1,23.79,23.79,0.0,,23.79,0.0,23.79,full,1,2025-07-20,23.79,0.0,2025-07-05,other,,
T003542,EUR,C00248,P019,Urban Bottle 19,2,61.21,61.21,0.0,,122.42,0.0,122.42,none,0,,0.0,122.42,2025-07-05,other,,
T003543,EUR,C00715,P010,Pure Band 10,1,31.57,31.57,0.0,,31.57,0.0,31.57,full,1,2025-07-29,31.57,0.0,2025-07-05,other,,
T003544,EUR,C00237,P024,Modern Serum 24,1,66.52,66.52,0.0,,66.52,0.0,66.52,none,0,,0.0,66.52,2025-07-05,other,,
T003545,EUR,C00313,P024,Modern Serum 24,1,66.52,66.52,0.0,,66.52,0.0,66.52,none,0,,0.0,66.52,2025-07-05,other,,
T003546,EUR,C00489,P012,Essential Bag 12,1,99.7,99.7,0.0,,99.7,0.0,99.7,none,0,,0.0,99.7,2025-07-05,other,,
T003547,EUR,C00298,P017,Daily Lamp 17,1,94.4,94.4,0.0,,94.4,0.0,94.4,none,0,,0.0,94.4,2025-07-05,website,,V000505
T003548,EUR,C00731,P012,Essential Bag 12,1,99.7,99.7,0.0,,99.7,0.0,99.7,none,0,,0.0,99.7,2025-07-05,other,,
T003549,EUR,C00625,P014,Active Mat 14,1,55.09,55.09,0.0,,55.09,0.0,55.09,none,0,,0.0,55.09,2025-07-05,other,,
T003550,EUR,C00118,P007,Calm Cream 07,1,21.92,21.92,0.0,,21.92,0.0,21.92,none,0,,0.0,21.92,2025-07-06,other,,
T003551,EUR,C00611,P020,Essential Bag 20,1,23.79,23.79,0.0,,23.79,0.0,23.79,none,0,,0.0,23.79,2025-07-06,other,,
T003552,EUR,C00907,P001,Daily Lamp 01,1,96.68,82.18,0.15,WEEKEND15,96.68,14.5,82.18,none,0,,0.0,82.18,2025-07-06,other,,
T003553,EUR,C00593,P004,Essential Bag 04,1,83.73,83.73,0.0,,83.73,0.0,83.73,none,0,,0.0,83.73,2025-07-06,other,,
T003554,EUR,C00402,P019,Urban Bottle 19,1,61.21,52.03,0.15,WEEKEND15,61.21,9.18,52.03,none,0,,0.0,52.03,2025-07-06,other,,
T003555,EUR,C00292,P002,Pure Band 02,2,19.22,17.3,0.1,LOYALTY10,38.44,3.84,34.6,none,0,,0.0,34.6,2025-07-06,other,,
T003556,EUR,C00139,P001,Daily Lamp 01,1,96.68,87.01,0.1,LOYALTY10,96.68,9.67,87.01,none,0,,0.0,87.01,2025-07-06,other,,
T003557,EUR,C00502,P010,Pure Band 10,1,31.57,31.57,0.0,,31.57,0.0,31.57,none,0,,0.0,31.57,2025-07-06,other,,
T003558,EUR,C00654,P024,Modern Serum 24,1,66.52,63.19,0.05,WELCOME5,66.52,3.33,63.19,none,0,,0.0,63.19,2025-07-06,other,,
T003559,EUR,C00407,P004,Essential Bag 04,1,83.73,83.73,0.0,,83.73,0.0,83.73,none,0,,0.0,83.73,2025-07-06,other,,
T003560,EUR,C00474,P016,Modern Serum 16,1,91.2,86.64,0.05,WELCOME5,91.2,4.56,86.64,none,0,,0.0,86.64,2025-07-06,other,,
T003561,EUR,C00816,P018,Pure Band 18,1,68.13,68.13,0.0,,68.13,0.0,68.13,none,0,,0.0,68.13,2025-07-06,other,,
T003562,EUR,C00714,P008,Modern Serum 08,2,76.74,76.74,0.0,,153.48,0.0,153.48,none,0,,0.0,153.48,2025-07-06,other,,
T003563,EUR,C00128,P015,Calm Cream 15,1,26.81,26.81,0.0,,26.81,0.0,26.81,none,0,,0.0,26.81,2025-07-06,website,,V002661
T003564,EUR,C00562,P026,Pure Band 26,1,23.03,23.03,0.0,,23.03,0.0,23.03,none,0,,0.0,23.03,2025-07-06,website,,V001185
T003565,EUR,C00048,P007,Calm Cream 07,1,21.92,21.92,0.0,,21.92,0.0,21.92,none,0,,0.0,21.92,2025-07-06,other,,
T003566,EUR,C00227,P008,Modern Serum 08,2,76.74,76.74,0.0,,153.48,0.0,153.48,none,0,,0.0,153.48,2025-07-07,other,,
T003567,EUR,C00074,P028,Essential Bag 28,1,98.03,98.03,0.0,,98.03,0.0,98.03,none,0,,0.0,98.03,2025-07-07,website,,V002019
T003568,EUR,C00079,P030,Active Mat 30,2,15.8,15.8,0.0,,31.6,0.0,31.6,none,0,,0.0,31.6,2025-07-07,other,,
T003569,EUR,C00911,P005,Bright Organizer 05,1,70.21,70.21,0.0,,70.21,0.0,70.21,none,0,,0.0,70.21,2025-07-07,other,,
T003570,EUR,C00529,P012,Essential Bag 12,1,99.7,99.7,0.0,,99.7,0.0,99.7,none,0,,0.0,99.7,2025-07-07,website,,V003349
T003571,EUR,C00423,P014,Active Mat 14,1,55.09,55.09,0.0,,55.09,0.0,55.09,none,0,,0.0,55.09,2025-07-07,other,,
T003572,EUR,C00529,P018,Pure Band 18,1,68.13,57.91,0.15,WEEKEND15,68.13,10.22,57.91,none,0,,0.0,57.91,2025-07-07,other,,
T003573,EUR,C00519,P015,Calm Cream 15,2,26.81,24.13,0.1,LOYALTY10,53.62,5.36,48.26,none,0,,0.0,48.26,2025-07-07,other,,
T003574,EUR,C00357,P013,Bright Organizer 13,1,48.36,43.52,0.1,LOYALTY10,48.36,4.84,43.52,none,0,,0.0,43.52,2025-07-07,other,,
T003575,EUR,C00770,P016,Modern Serum 16,2,91.2,86.64,0.05,WELCOME5,182.4,9.12,173.28,none,0,,0.0,173.28,2025-07-07,website,,V007742
T003576,EUR,C00623,P028,Essential Bag 28,1,98.03,98.03,0.0,,98.03,0.0,98.03,none,0,,0.0,98.03,2025-07-07,other,,
T003577,EUR,C00318,P020,Essential Bag 20,1,23.79,23.79,0.0,,23.79,0.0,23.79,full,1,2025-07-29,23.79,0.0,2025-07-07,other,,
T003578,EUR,C00970,P017,Daily Lamp 17,4,94.4,89.68,0.05,WELCOME5,377.6,18.88,358.72,none,0,,0.0,358.72,2025-07-07,other,,
T003579,EUR,C00696,P009,Daily Lamp 09,1,27.05,27.05,0.0,,27.05,0.0,27.05,none,0,,0.0,27.05,2025-07-07,other,,
T003580,EUR,C00602,P020,Essential Bag 20,1,23.79,23.79,0.0,,23.79,0.0,23.79,none,0,,0.0,23.79,2025-07-07,other,,
T003581,EUR,C00799,P022,Active Mat 22,1,31.79,31.79,0.0,,31.79,0.0,31.79,none,0,,0.0,31.79,2025-07-07,other,,
T003582,EUR,C00096,P024,Modern Serum 24,2,66.52,66.52,0.0,,133.04,0.0,133.04,none,0,,0.0,133.04,2025-07-07,other,,
T003583,EUR,C00758,P027,Urban Bottle 27,2,102.64,92.38,0.1,LOYALTY10,205.28,20.52,184.76,none,0,,0.0,184.76,2025-07-08,other,,
T003584,EUR,C00226,P005,Bright Organizer 05,1,70.21,70.21,0.0,,70.21,0.0,70.21,none,0,,0.0,70.21,2025-07-08,other,,
T003585,EUR,C00250,P019,Urban Bottle 19,1,61.21,58.15,0.05,WELCOME5,61.21,3.06,58.15,none,0,,0.0,58.15,2025-07-08,website,,V002975
T003586,EUR,C00187,P003,Urban Bottle 03,1,105.26,105.26,0.0,,105.26,0.0,105.26,none,0,,0.0,105.26,2025-07-08,other,,
T003587,EUR,C00385,P030,Active Mat 30,1,15.8,15.8,0.0,,15.8,0.0,15.8,none,0,,0.0,15.8,2025-07-08,website,,V006102
T003588,EUR,C00066,P007,Calm Cream 07,2,21.92,21.92,0.0,,43.84,0.0,43.84,none,0,,0.0,43.84,2025-07-08,other,,
T003589,EUR,C00249,P003,Urban Bottle 03,1,105.26,105.26,0.0,,105.26,0.0,105.26,none,0,,0.0,105.26,2025-07-08,website,,V001698
T003590,EUR,C00559,P024,Modern Serum 24,3,66.52,66.52,0.0,,199.56,0.0,199.56,none,0,,0.0,199.56,2025-07-08,other,,
T003591,EUR,C00740,P022,Active Mat 22,1,31.79,31.79,0.0,,31.79,0.0,31.79,none,0,,0.0,31.79,2025-07-08,other,,
T003592,EUR,C00414,P022,Active Mat 22,1,31.79,31.79,0.0,,31.79,0.0,31.79,none,0,,0.0,31.79,2025-07-08,other,,
T003593,EUR,C00897,P022,Active Mat 22,1,31.79,31.79,0.0,,31.79,0.0,31.79,none,0,,0.0,31.79,2025-07-08,website,,V009090
T003594,EUR,C00798,P025,Daily Lamp 25,1,101.88,101.88,0.0,,101.88,0.0,101.88,none,0,,0.0,101.88,2025-07-08,other,,
T003595,EUR,C00814,P027,Urban Bottle 27,1,102.64,102.64,0.0,,102.64,0.0,102.64,none,0,,0.0,102.64,2025-07-08,other,,
T003596,EUR,C00333,P019,Urban Bottle 19,1,61.21,52.03,0.15,WEEKEND15,61.21,9.18,52.03,none,0,,0.0,52.03,2025-07-08,other,,
T003597,EUR,C00525,P020,Essential Bag 20,1,23.79,21.41,0.1,LOYALTY10,23.79,2.38,21.41,none,0,,0.0,21.41,2025-07-08,other,,
T003598,EUR,C00361,P030,Active Mat 30,1,15.8,14.22,0.1,LOYALTY10,15.8,1.58,14.22,none,0,,0.0,14.22,2025-07-08,other,,
T003599,EUR,C00608,P002,Pure Band 02,1,19.22,19.22,0.0,,19.22,0.0,19.22,none,0,,0.0,19.22,2025-07-09,other,,
T003600,EUR,C00189,P014,Active Mat 14,1,55.09,46.83,0.15,WEEKEND15,55.09,8.26,46.83,full,1,2025-08-05,46.83,0.0,2025-07-09,other,,
T003601,EUR,C00535,P009,Daily Lamp 09,1,27.05,27.05,0.0,,27.05,0.0,27.05,none,0,,0.0,27.05,2025-07-09,other,,
T003602,EUR,C00828,P020,Essential Bag 20,1,23.79,20.22,0.15,WEEKEND15,23.79,3.57,20.22,none,0,,0.0,20.22,2025-07-09,other,,
T003603,EUR,C00573,P015,Calm Cream 15,1,26.81,26.81,0.0,,26.81,0.0,26.81,none,0,,0.0,26.81,2025-07-09,other,,
T003604,EUR,C00319,P005,Bright Organizer 05,1,70.21,59.68,0.15,WEEKEND15,70.21,10.53,59.68,none,0,,0.0,59.68,2025-07-09,other,,
T003605,EUR,C00609,P017,Daily Lamp 17,1,94.4,94.4,0.0,,94.4,0.0,94.4,none,0,,0.0,94.4,2025-07-09,website,,V001519
T003606,EUR,C00844,P028,Essential Bag 28,1,98.03,98.03,0.0,,98.03,0.0,98.03,none,0,,0.0,98.03,2025-07-09,other,,
T003607,EUR,C00694,P014,Active Mat 14,2,55.09,55.09,0.0,,110.18,0.0,110.18,none,0,,0.0,110.18,2025-07-09,other,,
T003608,EUR,C00489,P007,Calm Cream 07,1,21.92,21.92,0.0,,21.92,0.0,21.92,none,0,,0.0,21.92,2025-07-09,other,,
T003609,EUR,C00307,P012,Essential Bag 12,1,99.7,99.7,0.0,,99.7,0.0,99.7,none,0,,0.0,99.7,2025-07-09,other,,
T003610,EUR,C00149,P025,Daily Lamp 25,2,101.88,101.88,0.0,,203.76,0.0,203.76,none,0,,0.0,203.76,2025-07-09,other,,
T003611,EUR,C00225,P009,Daily Lamp 09,1,27.05,27.05,0.0,,27.05,0.0,27.05,none,0,,0.0,27.05,2025-07-09,other,,
T003612,EUR,C00837,P006,Active Mat 06,1,104.36,104.36,0.0,,104.36,0.0,104.36,none,0,,0.0,104.36,2025-07-09,other,,
T003613,EUR,C00062,P012,Essential Bag 12,1,99.7,99.7,0.0,,99.7,0.0,99.7,none,0,,0.0,99.7,2025-07-10,other,,
T003614,EUR,C00820,P022,Active Mat 22,1,31.79,31.79,0.0,,31.79,0.0,31.79,none,0,,0.0,31.79,2025-07-10,other,,
T003615,EUR,C00149,P020,Essential Bag 20,1,23.79,23.79,0.0,,23.79,0.0,23.79,none,0,,0.0,23.79,2025-07-10,other,,
T003616,EUR,C00520,P001,Daily Lamp 01,2,96.68,96.68,0.0,,193.36,0.0,193.36,none,0,,0.0,193.36,2025-07-10,other,,
T003617,EUR,C00672,P011,Urban Bottle 11,1,58.41,52.57,0.1,LOYALTY10,58.41,5.84,52.57,none,0,,0.0,52.57,2025-07-10,other,,
T003618,EUR,C00663,P005,Bright Organizer 05,4,70.21,70.21,0.0,,280.84,0.0,280.84,none,0,,0.0,280.84,2025-07-10,other,,
T003619,EUR,C00532,P024,Modern Serum 24,1,66.52,66.52,0.0,,66.52,0.0,66.52,none,0,,0.0,66.52,2025-07-10,other,,
T003620,EUR,C00745,P005,Bright Organizer 05,3,70.21,70.21,0.0,,210.63,0.0,210.63,none,0,,0.0,210.63,2025-07-10,website,,V003372
T003621,EUR,C00736,P004,Essential Bag 04,1,83.73,79.54,0.05,WELCOME5,83.73,4.19,79.54,none,0,,0.0,79.54,2025-07-10,other,,
T003622,EUR,C00408,P024,Modern Serum 24,2,66.52,66.52,0.0,,133.04,0.0,133.04,none,0,,0.0,133.04,2025-07-10,other,,
T003623,EUR,C00837,P003,Urban Bottle 03,1,105.26,105.26,0.0,,105.26,0.0,105.26,none,0,,0.0,105.26,2025-07-10,other,,
T003624,EUR,C00078,P023,Calm Cream 23,1,43.34,43.34,0.0,,43.34,0.0,43.34,none,0,,0.0,43.34,2025-07-10,other,,
T003625,EUR,C00056,P029,Bright Organizer 29,1,15.67,15.67,0.0,,15.67,0.0,15.67,none,0,,0.0,15.67,2025-07-10,other,,
T003626,EUR,C00717,P009,Daily Lamp 09,1,27.05,24.35,0.1,LOYALTY10,27.05,2.7,24.35,none,0,,0.0,24.35,2025-07-10,other,,
T003627,EUR,C00665,P030,Active Mat 30,1,15.8,15.8,0.0,,15.8,0.0,15.8,none,0,,0.0,15.8,2025-07-10,other,,
T003628,EUR,C00872,P011,Urban Bottle 11,2,58.41,58.41,0.0,,116.82,0.0,116.82,none,0,,0.0,116.82,2025-07-10,other,,
T003629,EUR,C00883,P018,Pure Band 18,1,68.13,68.13,0.0,,68.13,0.0,68.13,none,0,,0.0,68.13,2025-07-11,other,,
T003630,EUR,C00098,P002,Pure Band 02,1,19.22,16.34,0.15,WEEKEND15,19.22,2.88,16.34,none,0,,0.0,16.34,2025-07-11,other,,
T003631,EUR,C00311,P010,Pure Band 10,1,31.57,31.57,0.0,,31.57,0.0,31.57,none,0,,0.0,31.57,2025-07-11,other,,
T003632,EUR,C00289,P016,Modern Serum 16,1,91.2,91.2,0.0,,91.2,0.0,91.2,none,0,,0.0,91.2,2025-07-11,website,,V002385
T003633,EUR,C00007,P024,Modern Serum 24,1,66.52,66.52,0.0,,66.52,0.0,66.52,none,0,,0.0,66.52,2025-07-11,other,,
T003634,EUR,C00261,P018,Pure Band 18,1,68.13,68.13,0.0,,68.13,0.0,68.13,none,0,,0.0,68.13,2025-07-11,other,,
T003635,EUR,C00260,P014,Active Mat 14,1,55.09,55.09,0.0,,55.09,0.0,55.09,none,0,,0.0,55.09,2025-07-11,website,,V003363
T003636,EUR,C00025,P012,Essential Bag 12,1,99.7,99.7,0.0,,99.7,0.0,99.7,none,0,,0.0,99.7,2025-07-11,other,,
T003637,EUR,C00628,P015,Calm Cream 15,1,26.81,26.81,0.0,,26.81,0.0,26.81,none,0,,0.0,26.81,2025-07-11,other,,
T003638,EUR,C00504,P003,Urban Bottle 03,1,105.26,105.26,0.0,,105.26,0.0,105.26,none,0,,0.0,105.26,2025-07-11,other,,
T003639,EUR,C00504,P026,Pure Band 26,2,23.03,23.03,0.0,,46.06,0.0,46.06,none,0,,0.0,46.06,2025-07-11,other,,
T003640,EUR,C00012,P029,Bright Organizer 29,1,15.67,15.67,0.0,,15.67,0.0,15.67,none,0,,0.0,15.67,2025-07-11,other,,
T003641,EUR,C00527,P025,Daily Lamp 25,1,101.88,101.88,0.0,,101.88,0.0,101.88,full,1,2025-07-21,101.88,0.0,2025-07-11,other,,
T003642,EUR,C00575,P029,Bright Organizer 29,2,15.67,15.67,0.0,,31.34,0.0,31.34,none,0,,0.0,31.34,2025-07-11,other,,
T003643,EUR,C00394,P012,Essential Bag 12,1,99.7,99.7,0.0,,99.7,0.0,99.7,none,0,,0.0,99.7,2025-07-11,other,,
T003644,EUR,C00616,P008,Modern Serum 08,2,76.74,76.74,0.0,,153.48,0.0,153.48,none,0,,0.0,153.48,2025-07-11,other,,
T003645,EUR,C00284,P022,Active Mat 22,1,31.79,27.02,0.15,WEEKEND15,31.79,4.77,27.02,none,0,,0.0,27.02,2025-07-11,website,,V006284
T003646,EUR,C00987,P025,Daily Lamp 25,1,101.88,101.88,0.0,,101.88,0.0,101.88,none,0,,0.0,101.88,2025-07-11,other,,
T003647,EUR,C00704,P029,Bright Organizer 29,1,15.67,15.67,0.0,,15.67,0.0,15.67,none,0,,0.0,15.67,2025-07-11,other,,
T003648,EUR,C00554,P029,Bright Organizer 29,2,15.67,15.67,0.0,,31.34,0.0,31.34,none,0,,0.0,31.34,2025-07-11,other,,
T003649,EUR,C00180,P007,Calm Cream 07,1,21.92,21.92,0.0,,21.92,0.0,21.92,full,1,2025-08-10,21.92,0.0,2025-07-11,other,,
T003650,EUR,C00776,P005,Bright Organizer 05,1,70.21,70.21,0.0,,70.21,0.0,70.21,none,0,,0.0,70.21,2025-07-11,other,,
T003651,EUR,C00307,P015,Calm Cream 15,3,26.81,26.81,0.0,,80.43,0.0,80.43,none,0,,0.0,80.43,2025-07-11,other,,
T003652,EUR,C00131,P018,Pure Band 18,2,68.13,68.13,0.0,,136.26,0.0,136.26,none,0,,0.0,136.26,2025-07-11,other,,
T003653,EUR,C00638,P008,Modern Serum 08,2,76.74,76.74,0.0,,153.48,0.0,153.48,none,0,,0.0,153.48,2025-07-11,website,,V004720
T003654,EUR,C00624,P019,Urban Bottle 19,2,61.21,61.21,0.0,,122.42,0.0,122.42,none,0,,0.0,122.42,2025-07-11,other,,
T003655,EUR,C00875,P008,Modern Serum 08,1,76.74,76.74,0.0,,76.74,0.0,76.74,none,0,,0.0,76.74,2025-07-12,other,,
T003656,EUR,C00592,P028,Essential Bag 28,1,98.03,98.03,0.0,,98.03,0.0,98.03,none,0,,0.0,98.03,2025-07-12,other,,
T003657,EUR,C00062,P008,Modern Serum 08,1,76.74,69.07,0.1,LOYALTY10,76.74,7.67,69.07,none,0,,0.0,69.07,2025-07-12,other,,
T003658,EUR,C00642,P001,Daily Lamp 01,3,96.68,96.68,0.0,,290.04,0.0,290.04,none,0,,0.0,290.04,2025-07-12,other,,
T003659,EUR,C00063,P018,Pure Band 18,1,68.13,57.91,0.15,WEEKEND15,68.13,10.22,57.91,none,0,,0.0,57.91,2025-07-12,other,,
T003660,EUR,C00403,P022,Active Mat 22,2,31.79,28.61,0.1,LOYALTY10,63.58,6.36,57.22,none,0,,0.0,57.22,2025-07-12,website,,V000648
T003661,EUR,C00148,P016,Modern Serum 16,2,91.2,91.2,0.0,,182.4,0.0,182.4,none,0,,0.0,182.4,2025-07-12,other,,
T003662,EUR,C00181,P005,Bright Organizer 05,1,70.21,70.21,0.0,,70.21,0.0,70.21,full,1,2025-07-14,70.21,0.0,2025-07-12,other,,
T003663,EUR,C00371,P005,Bright Organizer 05,1,70.21,70.21,0.0,,70.21,0.0,70.21,none,0,,0.0,70.21,2025-07-12,other,,
T003664,EUR,C00150,P013,Bright Organizer 13,2,48.36,43.52,0.1,LOYALTY10,96.72,9.68,87.04,none,0,,0.0,87.04,2025-07-12,other,,
T003665,EUR,C00833,P004,Essential Bag 04,3,83.73,83.73,0.0,,251.19,0.0,251.19,none,0,,0.0,251.19,2025-07-12,other,,
T003666,EUR,C00344,P009,Daily Lamp 09,2,27.05,27.05,0.0,,54.1,0.0,54.1,none,0,,0.0,54.1,2025-07-12,other,,
T003667,EUR,C00997,P016,Modern Serum 16,1,91.2,91.2,0.0,,91.2,0.0,91.2,none,0,,0.0,91.2,2025-07-12,other,,
T003668,EUR,C00894,P005,Bright Organizer 05,1,70.21,70.21,0.0,,70.21,0.0,70.21,none,0,,0.0,70.21,2025-07-12,other,,
T003669,EUR,C00798,P027,Urban Bottle 27,2,102.64,102.64,0.0,,205.28,0.0,205.28,none,0,,0.0,205.28,2025-07-12,website,,V006674
T003670,EUR,C00393,P025,Daily Lamp 25,1,101.88,101.88,0.0,,101.88,0.0,101.88,none,0,,0.0,101.88,2025-07-12,other,,
T003671,EUR,C00795,P020,Essential Bag 20,2,23.79,23.79,0.0,,47.58,0.0,47.58,none,0,,0.0,47.58,2025-07-12,other,,
T003672,EUR,C00820,P029,Bright Organizer 29,3,15.67,15.67,0.0,,47.01,0.0,47.01,none,0,,0.0,47.01,2025-07-12,other,,
T003673,EUR,C00789,P025,Daily Lamp 25,3,101.88,101.88,0.0,,305.64,0.0,305.64,none,0,,0.0,305.64,2025-07-13,other,,
T003674,EUR,C00353,P012,Essential Bag 12,2,99.7,99.7,0.0,,199.4,0.0,199.4,none,0,,0.0,199.4,2025-07-13,other,,
T003675,EUR,C00146,P028,Essential Bag 28,1,98.03,98.03,0.0,,98.03,0.0,98.03,none,0,,0.0,98.03,2025-07-13,other,,
T003676,EUR,C00777,P015,Calm Cream 15,2,26.81,26.81,0.0,,53.62,0.0,53.62,none,0,,0.0,53.62,2025-07-13,other,,
T003677,EUR,C00024,P014,Active Mat 14,1,55.09,55.09,0.0,,55.09,0.0,55.09,none,0,,0.0,55.09,2025-07-13,other,,
T003678,EUR,C00766,P024,Modern Serum 24,1,66.52,66.52,0.0,,66.52,0.0,66.52,none,0,,0.0,66.52,2025-07-13,other,,
T003679,EUR,C00016,P017,Daily Lamp 17,2,94.4,89.68,0.05,WELCOME5,188.8,9.44,179.36,none,0,,0.0,179.36,2025-07-13,other,,
T003680,EUR,C00552,P012,Essential Bag 12,1,99.7,99.7,0.0,,99.7,0.0,99.7,none,0,,0.0,99.7,2025-07-13,other,,
T003681,EUR,C00863,P023,Calm Cream 23,1,43.34,43.34,0.0,,43.34,0.0,43.34,none,0,,0.0,43.34,2025-07-13,other,,
T003682,EUR,C00529,P012,Essential Bag 12,1,99.7,99.7,0.0,,99.7,0.0,99.7,none,0,,0.0,99.7,2025-07-13,other,,
T003683,EUR,C00765,P014,Active Mat 14,2,55.09,55.09,0.0,,110.18,0.0,110.18,none,0,,0.0,110.18,2025-07-13,website,,V001461
T003684,EUR,C00548,P017,Daily Lamp 17,1,94.4,94.4,0.0,,94.4,0.0,94.4,none,0,,0.0,94.4,2025-07-13,other,,
T003685,EUR,C00585,P030,Active Mat 30,2,15.8,15.8,0.0,,31.6,0.0,31.6,none,0,,0.0,31.6,2025-07-13,other,,
T003686,EUR,C00363,P007,Calm Cream 07,1,21.92,19.73,0.1,LOYALTY10,21.92,2.19,19.73,none,0,,0.0,19.73,2025-07-13,other,,
T003687,EUR,C00809,P021,Bright Organizer 21,1,91.23,86.67,0.05,WELCOME5,91.23,4.56,86.67,none,0,,0.0,86.67,2025-07-13,other,,
T003688,EUR,C00980,P010,Pure Band 10,1,31.57,31.57,0.0,,31.57,0.0,31.57,none,0,,0.0,31.57,2025-07-13,other,,
T003689,EUR,C00887,P016,Modern Serum 16,1,91.2,91.2,0.0,,91.2,0.0,91.2,none,0,,0.0,91.2,2025-07-13,other,,
T003690,EUR,C00533,P008,Modern Serum 08,1,76.74,76.74,0.0,,76.74,0.0,76.74,none,0,,0.0,76.74,2025-07-13,website,,V000378
T003691,EUR,C00219,P023,Calm Cream 23,2,43.34,43.34,0.0,,86.68,0.0,86.68,none,0,,0.0,86.68,2025-07-13,website,,V001432
T003692,EUR,C00487,P011,Urban Bottle 11,1,58.41,58.41,0.0,,58.41,0.0,58.41,none,0,,0.0,58.41,2025-07-13,other,,
T003693,EUR,C00700,P020,Essential Bag 20,1,23.79,21.41,0.1,LOYALTY10,23.79,2.38,21.41,none,0,,0.0,21.41,2025-07-13,other,,
T003694,EUR,C00699,P016,Modern Serum 16,1,91.2,91.2,0.0,,91.2,0.0,91.2,none,0,,0.0,91.2,2025-07-14,other,,
T003695,EUR,C00605,P006,Active Mat 06,3,104.36,104.36,0.0,,313.08,0.0,313.08,none,0,,0.0,313.08,2025-07-14,other,,
T003696,EUR,C00647,P012,Essential Bag 12,3,99.7,99.7,0.0,,299.1,0.0,299.1,none,0,,0.0,299.1,2025-07-14,other,,
T003697,EUR,C00027,P024,Modern Serum 24,1,66.52,66.52,0.0,,66.52,0.0,66.52,none,0,,0.0,66.52,2025-07-14,other,,
T003698,EUR,C00435,P011,Urban Bottle 11,1,58.41,55.49,0.05,WELCOME5,58.41,2.92,55.49,none,0,,0.0,55.49,2025-07-14,other,,
T003699,EUR,C00281,P019,Urban Bottle 19,1,61.21,61.21,0.0,,61.21,0.0,61.21,none,0,,0.0,61.21,2025-07-14,website,,V001813
T003700,EUR,C00706,P024,Modern Serum 24,1,66.52,66.52,0.0,,66.52,0.0,66.52,none,0,,0.0,66.52,2025-07-14,other,,
T003701,EUR,C00498,P019,Urban Bottle 19,1,61.21,58.15,0.05,WELCOME5,61.21,3.06,58.15,none,0,,0.0,58.15,2025-07-14,other,,
T003702,EUR,C00910,P028,Essential Bag 28,1,98.03,83.33,0.15,WEEKEND15,98.03,14.7,83.33,none,0,,0.0,83.33,2025-07-14,website,,V004531
T003703,EUR,C00224,P023,Calm Cream 23,3,43.34,36.84,0.15,WEEKEND15,130.02,19.5,110.52,none,0,,0.0,110.52,2025-07-14,other,,
T003704,EUR,C00860,P011,Urban Bottle 11,1,58.41,58.41,0.0,,58.41,0.0,58.41,none,0,,0.0,58.41,2025-07-14,other,,
T003705,EUR,C00547,P019,Urban Bottle 19,1,61.21,52.03,0.15,WEEKEND15,61.21,9.18,52.03,none,0,,0.0,52.03,2025-07-14,other,,
T003706,EUR,C00337,P003,Urban Bottle 03,1,105.26,105.26,0.0,,105.26,0.0,105.26,none,0,,0.0,105.26,2025-07-15,other,,
T003707,EUR,C00297,P006,Active Mat 06,1,104.36,104.36,0.0,,104.36,0.0,104.36,none,0,,0.0,104.36,2025-07-15,other,,
T003708,EUR,C00772,P026,Pure Band 26,2,23.03,23.03,0.0,,46.06,0.0,46.06,none,0,,0.0,46.06,2025-07-15,other,,
T003709,EUR,C00543,P026,Pure Band 26,1,23.03,23.03,0.0,,23.03,0.0,23.03,none,0,,0.0,23.03,2025-07-15,other,,
T003710,EUR,C00525,P027,Urban Bottle 27,1,102.64,102.64,0.0,,102.64,0.0,102.64,none,0,,0.0,102.64,2025-07-15,other,,
T003711,EUR,C00749,P030,Active Mat 30,3,15.8,15.8,0.0,,47.4,0.0,47.4,none,0,,0.0,47.4,2025-07-15,website,,V003781
T003712,EUR,C00040,P026,Pure Band 26,3,23.03,20.73,0.1,LOYALTY10,69.09,6.9,62.19,none,0,,0.0,62.19,2025-07-15,other,,
T003713,EUR,C00803,P024,Modern Serum 24,1,66.52,56.54,0.15,WEEKEND15,66.52,9.98,56.54,none,0,,0.0,56.54,2025-07-15,other,,
T003714,EUR,C00524,P018,Pure Band 18,2,68.13,68.13,0.0,,136.26,0.0,136.26,none,0,,0.0,136.26,2025-07-15,other,,
T003715,EUR,C00438,P002,Pure Band 02,2,19.22,19.22,0.0,,38.44,0.0,38.44,none,0,,0.0,38.44,2025-07-15,website,,V009283
T003716,EUR,C00892,P024,Modern Serum 24,1,66.52,66.52,0.0,,66.52,0.0,66.52,none,0,,0.0,66.52,2025-07-15,other,,
T003717,EUR,C00986,P024,Modern Serum 24,1,66.52,66.52,0.0,,66.52,0.0,66.52,none,0,,0.0,66.52,2025-07-15,other,,
T003718,EUR,C00659,P014,Active Mat 14,1,55.09,55.09,0.0,,55.09,0.0,55.09,full,1,2025-07-17,55.09,0.0,2025-07-15,website,,V009995
T003719,EUR,C00657,P021,Bright Organizer 21,1,91.23,91.23,0.0,,91.23,0.0,91.23,none,0,,0.0,91.23,2025-07-15,other,,
T003720,EUR,C00362,P023,Calm Cream 23,1,43.34,43.34,0.0,,43.34,0.0,43.34,none,0,,0.0,43.34,2025-07-15,website,,V004147
T003721,EUR,C00627,P025,Daily Lamp 25,1,101.88,101.88,0.0,,101.88,0.0,101.88,none,0,,0.0,101.88,2025-07-15,website,,V003989
T003722,EUR,C00746,P030,Active Mat 30,1,15.8,15.8,0.0,,15.8,0.0,15.8,none,0,,0.0,15.8,2025-07-15,other,,
T003723,EUR,C00208,P006,Active Mat 06,1,104.36,104.36,0.0,,104.36,0.0,104.36,none,0,,0.0,104.36,2025-07-15,other,,
T003724,EUR,C00570,P021,Bright Organizer 21,2,91.23,91.23,0.0,,182.46,0.0,182.46,none,0,,0.0,182.46,2025-07-15,other,,
T003725,EUR,C00290,P030,Active Mat 30,1,15.8,15.8,0.0,,15.8,0.0,15.8,none,0,,0.0,15.8,2025-07-15,other,,
T003726,EUR,C00104,P008,Modern Serum 08,2,76.74,72.9,0.05,WELCOME5,153.48,7.68,145.8,none,0,,0.0,145.8,2025-07-15,other,,
T003727,EUR,C00359,P015,Calm Cream 15,2,26.81,26.81,0.0,,53.62,0.0,53.62,none,0,,0.0,53.62,2025-07-15,other,,
T003728,EUR,C00404,P006,Active Mat 06,1,104.36,104.36,0.0,,104.36,0.0,104.36,none,0,,0.0,104.36,2025-07-15,other,,
T003729,EUR,C00118,P014,Active Mat 14,2,55.09,49.58,0.1,LOYALTY10,110.18,11.02,99.16,none,0,,0.0,99.16,2025-07-15,other,,
T003730,EUR,C00621,P015,Calm Cream 15,3,26.81,26.81,0.0,,80.43,0.0,80.43,none,0,,0.0,80.43,2025-07-15,website,,V008065
T003731,EUR,C00375,P002,Pure Band 02,2,19.22,19.22,0.0,,38.44,0.0,38.44,none,0,,0.0,38.44,2025-07-16,other,,
T003732,EUR,C00771,P015,Calm Cream 15,3,26.81,26.81,0.0,,80.43,0.0,80.43,none,0,,0.0,80.43,2025-07-16,other,,
T003733,EUR,C00960,P005,Bright Organizer 05,3,70.21,70.21,0.0,,210.63,0.0,210.63,none,0,,0.0,210.63,2025-07-16,other,,
T003734,EUR,C00867,P010,Pure Band 10,1,31.57,31.57,0.0,,31.57,0.0,31.57,none,0,,0.0,31.57,2025-07-16,other,,
T003735,EUR,C00052,P021,Bright Organizer 21,1,91.23,86.67,0.05,WELCOME5,91.23,4.56,86.67,none,0,,0.0,86.67,2025-07-16,other,,
T003736,EUR,C00440,P004,Essential Bag 04,1,83.73,75.36,0.1,LOYALTY10,83.73,8.37,75.36,none,0,,0.0,75.36,2025-07-16,other,,
T003737,EUR,C00872,P023,Calm Cream 23,3,43.34,43.34,0.0,,130.02,0.0,130.02,none,0,,0.0,130.02,2025-07-16,other,,
T003738,EUR,C00508,P026,Pure Band 26,2,23.03,20.73,0.1,LOYALTY10,46.06,4.6,41.46,none,0,,0.0,41.46,2025-07-16,other,,
T003739,EUR,C00555,P016,Modern Serum 16,4,91.2,77.52,0.15,WEEKEND15,364.8,54.72,310.08,none,0,,0.0,310.08,2025-07-16,other,,
T003740,EUR,C00103,P023,Calm Cream 23,1,43.34,43.34,0.0,,43.34,0.0,43.34,none,0,,0.0,43.34,2025-07-16,website,,V000467
T003741,EUR,C00297,P009,Daily Lamp 09,1,27.05,24.35,0.1,LOYALTY10,27.05,2.7,24.35,full,1,2025-08-02,24.35,0.0,2025-07-16,website,,V007313
T003742,EUR,C00842,P020,Essential Bag 20,1,23.79,23.79,0.0,,23.79,0.0,23.79,none,0,,0.0,23.79,2025-07-16,website,,V006937
T003743,EUR,C00317,P008,Modern Serum 08,1,76.74,76.74,0.0,,76.74,0.0,76.74,none,0,,0.0,76.74,2025-07-16,other,,
T003744,EUR,C00258,P018,Pure Band 18,4,68.13,68.13,0.0,,272.52,0.0,272.52,none,0,,0.0,272.52,2025-07-16,other,,
T003745,EUR,C00704,P027,Urban Bottle 27,1,102.64,102.64,0.0,,102.64,0.0,102.64,none,0,,0.0,102.64,2025-07-16,other,,
T003746,EUR,C00187,P028,Essential Bag 28,2,98.03,98.03,0.0,,196.06,0.0,196.06,none,0,,0.0,196.06,2025-07-16,other,,
T003747,EUR,C00429,P016,Modern Serum 16,1,91.2,91.2,0.0,,91.2,0.0,91.2,none,0,,0.0,91.2,2025-07-16,other,,
T003748,EUR,C00088,P013,Bright Organizer 13,2,48.36,43.52,0.1,LOYALTY10,96.72,9.68,87.04,full,2,2025-07-22,87.04,0.0,2025-07-16,other,,
T003749,EUR,C00327,P009,Daily Lamp 09,1,27.05,27.05,0.0,,27.05,0.0,27.05,none,0,,0.0,27.05,2025-07-16,other,,
T003750,EUR,C00427,P004,Essential Bag 04,1,83.73,83.73,0.0,,83.73,0.0,83.73,none,0,,0.0,83.73,2025-07-16,other,,
T003751,EUR,C00617,P016,Modern Serum 16,1,91.2,91.2,0.0,,91.2,0.0,91.2,none,0,,0.0,91.2,2025-07-17,website,,V003776
T003752,EUR,C00055,P026,Pure Band 26,1,23.03,23.03,0.0,,23.03,0.0,23.03,none,0,,0.0,23.03,2025-07-17,other,,
T003753,EUR,C00483,P009,Daily Lamp 09,1,27.05,27.05,0.0,,27.05,0.0,27.05,full,1,2025-07-26,27.05,0.0,2025-07-17,website,,V005080
T003754,EUR,C00784,P015,Calm Cream 15,2,26.81,26.81,0.0,,53.62,0.0,53.62,none,0,,0.0,53.62,2025-07-17,other,,
T003755,EUR,C00065,P020,Essential Bag 20,1,23.79,23.79,0.0,,23.79,0.0,23.79,none,0,,0.0,23.79,2025-07-17,other,,
T003756,EUR,C00703,P022,Active Mat 22,2,31.79,27.02,0.15,WEEKEND15,63.58,9.54,54.04,none,0,,0.0,54.04,2025-07-17,website,,V003245
T003757,EUR,C00629,P010,Pure Band 10,2,31.57,31.57,0.0,,63.14,0.0,63.14,none,0,,0.0,63.14,2025-07-17,other,,
T003758,EUR,C00999,P018,Pure Band 18,3,68.13,68.13,0.0,,204.39,0.0,204.39,none,0,,0.0,204.39,2025-07-17,other,,
T003759,EUR,C00885,P005,Bright Organizer 05,1,70.21,70.21,0.0,,70.21,0.0,70.21,none,0,,0.0,70.21,2025-07-17,website,,V005745
T003760,EUR,C00136,P007,Calm Cream 07,1,21.92,20.82,0.05,WELCOME5,21.92,1.1,20.82,none,0,,0.0,20.82,2025-07-17,other,,
T003761,EUR,C00915,P019,Urban Bottle 19,1,61.21,61.21,0.0,,61.21,0.0,61.21,none,0,,0.0,61.21,2025-07-17,other,,
T003762,EUR,C00824,P026,Pure Band 26,3,23.03,23.03,0.0,,69.09,0.0,69.09,none,0,,0.0,69.09,2025-07-17,other,,
T003763,EUR,C00453,P013,Bright Organizer 13,2,48.36,48.36,0.0,,96.72,0.0,96.72,none,0,,0.0,96.72,2025-07-17,website,,V002286
T003764,EUR,C00857,P013,Bright Organizer 13,1,48.36,48.36,0.0,,48.36,0.0,48.36,none,0,,0.0,48.36,2025-07-17,other,,
T003765,EUR,C00568,P011,Urban Bottle 11,4,58.41,58.41,0.0,,233.64,0.0,233.64,none,0,,0.0,233.64,2025-07-17,website,,V006064
T003766,EUR,C00430,P005,Bright Organizer 05,1,70.21,70.21,0.0,,70.21,0.0,70.21,none,0,,0.0,70.21,2025-07-17,other,,
T003767,EUR,C00648,P023,Calm Cream 23,2,43.34,41.17,0.05,WELCOME5,86.68,4.34,82.34,none,0,,0.0,82.34,2025-07-17,other,,
T003768,EUR,C00622,P013,Bright Organizer 13,1,48.36,48.36,0.0,,48.36,0.0,48.36,none,0,,0.0,48.36,2025-07-18,other,,
T003769,EUR,C00567,P015,Calm Cream 15,2,26.81,26.81,0.0,,53.62,0.0,53.62,none,0,,0.0,53.62,2025-07-18,other,,
T003770,EUR,C00731,P001,Daily Lamp 01,1,96.68,96.68,0.0,,96.68,0.0,96.68,none,0,,0.0,96.68,2025-07-18,other,,
T003771,EUR,C00321,P015,Calm Cream 15,1,26.81,25.47,0.05,WELCOME5,26.81,1.34,25.47,none,0,,0.0,25.47,2025-07-18,other,,
T003772,EUR,C00785,P015,Calm Cream 15,2,26.81,26.81,0.0,,53.62,0.0,53.62,none,0,,0.0,53.62,2025-07-18,other,,
T003773,EUR,C00506,P022,Active Mat 22,1,31.79,31.79,0.0,,31.79,0.0,31.79,none,0,,0.0,31.79,2025-07-18,other,,
T003774,EUR,C00767,P015,Calm Cream 15,1,26.81,26.81,0.0,,26.81,0.0,26.81,none,0,,0.0,26.81,2025-07-18,other,,
T003775,EUR,C00461,P021,Bright Organizer 21,3,91.23,91.23,0.0,,273.69,0.0,273.69,none,0,,0.0,273.69,2025-07-18,other,,
T003776,EUR,C00287,P002,Pure Band 02,2,19.22,19.22,0.0,,38.44,0.0,38.44,none,0,,0.0,38.44,2025-07-18,other,,
T003777,EUR,C00586,P020,Essential Bag 20,1,23.79,23.79,0.0,,23.79,0.0,23.79,none,0,,0.0,23.79,2025-07-18,website,,V002526
T003778,EUR,C00774,P004,Essential Bag 04,1,83.73,83.73,0.0,,83.73,0.0,83.73,none,0,,0.0,83.73,2025-07-18,other,,
T003779,EUR,C00338,P029,Bright Organizer 29,1,15.67,15.67,0.0,,15.67,0.0,15.67,none,0,,0.0,15.67,2025-07-18,other,,
T003780,EUR,C00250,P027,Urban Bottle 27,1,102.64,102.64,0.0,,102.64,0.0,102.64,full,1,2025-08-14,102.64,0.0,2025-07-18,website,,V004882
T003781,EUR,C00384,P010,Pure Band 10,1,31.57,28.41,0.1,LOYALTY10,31.57,3.16,28.41,none,0,,0.0,28.41,2025-07-18,other,,
T003782,EUR,C00516,P030,Active Mat 30,1,15.8,15.01,0.05,WELCOME5,15.8,0.79,15.01,none,0,,0.0,15.01,2025-07-18,other,,
T003783,EUR,C00825,P029,Bright Organizer 29,1,15.67,15.67,0.0,,15.67,0.0,15.67,none,0,,0.0,15.67,2025-07-18,other,,
T003784,EUR,C00824,P001,Daily Lamp 01,1,96.68,96.68,0.0,,96.68,0.0,96.68,none,0,,0.0,96.68,2025-07-18,other,,
T003785,EUR,C00716,P020,Essential Bag 20,1,23.79,23.79,0.0,,23.79,0.0,23.79,none,0,,0.0,23.79,2025-07-18,other,,
T003786,EUR,C00765,P027,Urban Bottle 27,3,102.64,102.64,0.0,,307.92,0.0,307.92,none,0,,0.0,307.92,2025-07-18,other,,
T003787,EUR,C00189,P002,Pure Band 02,1,19.22,16.34,0.15,WEEKEND15,19.22,2.88,16.34,none,0,,0.0,16.34,2025-07-18,other,,
T003788,EUR,C00788,P017,Daily Lamp 17,2,94.4,94.4,0.0,,188.8,0.0,188.8,none,0,,0.0,188.8,2025-07-18,other,,
T003789,EUR,C00674,P004,Essential Bag 04,1,83.73,83.73,0.0,,83.73,0.0,83.73,none,0,,0.0,83.73,2025-07-18,other,,
T003790,EUR,C00654,P016,Modern Serum 16,1,91.2,91.2,0.0,,91.2,0.0,91.2,none,0,,0.0,91.2,2025-07-18,other,,
T003791,EUR,C00755,P013,Bright Organizer 13,2,48.36,41.11,0.15,WEEKEND15,96.72,14.5,82.22,none,0,,0.0,82.22,2025-07-18,other,,
T003792,EUR,C00803,P020,Essential Bag 20,2,23.79,23.79,0.0,,47.58,0.0,47.58,none,0,,0.0,47.58,2025-07-19,other,,
T003793,EUR,C00065,P012,Essential Bag 12,3,99.7,99.7,0.0,,299.1,0.0,299.1,none,0,,0.0,299.1,2025-07-19,other,,
T003794,EUR,C00056,P014,Active Mat 14,1,55.09,55.09,0.0,,55.09,0.0,55.09,none,0,,0.0,55.09,2025-07-19,other,,
T003795,EUR,C00411,P012,Essential Bag 12,1,99.7,99.7,0.0,,99.7,0.0,99.7,full,1,2025-07-27,99.7,0.0,2025-07-19,other,,
T003796,EUR,C00284,P020,Essential Bag 20,1,23.79,23.79,0.0,,23.79,0.0,23.79,none,0,,0.0,23.79,2025-07-19,other,,
T003797,EUR,C00746,P028,Essential Bag 28,1,98.03,88.23,0.1,LOYALTY10,98.03,9.8,88.23,full,1,2025-08-12,88.23,0.0,2025-07-19,other,,
T003798,EUR,C00357,P017,Daily Lamp 17,1,94.4,94.4,0.0,,94.4,0.0,94.4,full,1,2025-08-17,94.4,0.0,2025-07-19,other,,
T003799,EUR,C00172,P022,Active Mat 22,1,31.79,31.79,0.0,,31.79,0.0,31.79,none,0,,0.0,31.79,2025-07-19,other,,
T003800,EUR,C00620,P011,Urban Bottle 11,1,58.41,58.41,0.0,,58.41,0.0,58.41,none,0,,0.0,58.41,2025-07-19,other,,
T003801,EUR,C00299,P026,Pure Band 26,1,23.03,23.03,0.0,,23.03,0.0,23.03,full,1,2025-08-03,23.03,0.0,2025-07-19,other,,
T003802,EUR,C00317,P028,Essential Bag 28,2,98.03,98.03,0.0,,196.06,0.0,196.06,none,0,,0.0,196.06,2025-07-19,other,,
T003803,EUR,C00314,P015,Calm Cream 15,1,26.81,26.81,0.0,,26.81,0.0,26.81,none,0,,0.0,26.81,2025-07-19,other,,
T003804,EUR,C00135,P012,Essential Bag 12,1,99.7,94.72,0.05,WELCOME5,99.7,4.98,94.72,none,0,,0.0,94.72,2025-07-19,other,,
T003805,EUR,C00025,P018,Pure Band 18,1,68.13,68.13,0.0,,68.13,0.0,68.13,none,0,,0.0,68.13,2025-07-19,other,,
T003806,EUR,C00197,P011,Urban Bottle 11,2,58.41,58.41,0.0,,116.82,0.0,116.82,none,0,,0.0,116.82,2025-07-20,other,,
T003807,EUR,C00602,P014,Active Mat 14,1,55.09,55.09,0.0,,55.09,0.0,55.09,none,0,,0.0,55.09,2025-07-20,website,,V001778
T003808,EUR,C00259,P004,Essential Bag 04,2,83.73,83.73,0.0,,167.46,0.0,167.46,none,0,,0.0,167.46,2025-07-20,other,,
T003809,EUR,C00544,P018,Pure Band 18,1,68.13,68.13,0.0,,68.13,0.0,68.13,none,0,,0.0,68.13,2025-07-20,other,,
T003810,EUR,C00260,P011,Urban Bottle 11,3,58.41,58.41,0.0,,175.23,0.0,175.23,none,0,,0.0,175.23,2025-07-20,other,,
T003811,EUR,C00096,P004,Essential Bag 04,1,83.73,79.54,0.05,SUMMER5,83.73,4.19,79.54,none,0,,0.0,79.54,2025-07-20,marketing_campaign,SEND005596,V010736
T003812,EUR,C00908,P009,Daily Lamp 09,1,27.05,27.05,0.0,,27.05,0.0,27.05,none,0,,0.0,27.05,2025-07-20,other,,
T003813,EUR,C00673,P009,Daily Lamp 09,1,27.05,25.7,0.05,WELCOME5,27.05,1.35,25.7,none,0,,0.0,25.7,2025-07-20,other,,
T003814,EUR,C00307,P015,Calm Cream 15,1,26.81,26.81,0.0,,26.81,0.0,26.81,none,0,,0.0,26.81,2025-07-20,other,,
T003815,EUR,C00915,P024,Modern Serum 24,1,66.52,66.52,0.0,,66.52,0.0,66.52,none,0,,0.0,66.52,2025-07-20,other,,
T003816,EUR,C00536,P016,Modern Serum 16,1,91.2,86.64,0.05,WELCOME5,91.2,4.56,86.64,none,0,,0.0,86.64,2025-07-20,other,,
T003817,EUR,C00721,P019,Urban Bottle 19,1,61.21,52.03,0.15,WEEKEND15,61.21,9.18,52.03,none,0,,0.0,52.03,2025-07-20,website,,V001599
T003818,EUR,C00864,P019,Urban Bottle 19,2,61.21,61.21,0.0,,122.42,0.0,122.42,none,0,,0.0,122.42,2025-07-20,other,,
T003819,EUR,C00589,P011,Urban Bottle 11,2,58.41,49.65,0.15,WEEKEND15,116.82,17.52,99.3,none,0,,0.0,99.3,2025-07-20,other,,
T003820,EUR,C00943,P016,Modern Serum 16,1,91.2,91.2,0.0,,91.2,0.0,91.2,none,0,,0.0,91.2,2025-07-20,other,,
T003821,EUR,C00345,P014,Active Mat 14,2,55.09,55.09,0.0,,110.18,0.0,110.18,none,0,,0.0,110.18,2025-07-20,website,,V000688
T003822,EUR,C00379,P017,Daily Lamp 17,2,94.4,94.4,0.0,,188.8,0.0,188.8,none,0,,0.0,188.8,2025-07-20,other,,
T003823,EUR,C00604,P027,Urban Bottle 27,1,102.64,102.64,0.0,,102.64,0.0,102.64,none,0,,0.0,102.64,2025-07-20,other,,
T003824,EUR,C00620,P011,Urban Bottle 11,1,58.41,55.49,0.05,WELCOME5,58.41,2.92,55.49,none,0,,0.0,55.49,2025-07-21,website,,V007244
T003825,EUR,C00139,P027,Urban Bottle 27,1,102.64,92.38,0.1,LOYALTY10,102.64,10.26,92.38,none,0,,0.0,92.38,2025-07-21,other,,
T003826,EUR,C00472,P028,Essential Bag 28,1,98.03,98.03,0.0,,98.03,0.0,98.03,none,0,,0.0,98.03,2025-07-21,other,,
T003827,EUR,C00323,P021,Bright Organizer 21,1,91.23,82.11,0.1,LOYALTY10,91.23,9.12,82.11,none,0,,0.0,82.11,2025-07-21,other,,
T003828,EUR,C00716,P018,Pure Band 18,1,68.13,68.13,0.0,,68.13,0.0,68.13,none,0,,0.0,68.13,2025-07-21,other,,
T003829,EUR,C00196,P017,Daily Lamp 17,2,94.4,94.4,0.0,,188.8,0.0,188.8,none,0,,0.0,188.8,2025-07-21,other,,
T003830,EUR,C00808,P022,Active Mat 22,1,31.79,31.79,0.0,,31.79,0.0,31.79,none,0,,0.0,31.79,2025-07-21,other,,
T003831,EUR,C00535,P022,Active Mat 22,1,31.79,31.79,0.0,,31.79,0.0,31.79,none,0,,0.0,31.79,2025-07-21,website,,V004295
T003832,EUR,C00047,P024,Modern Serum 24,1,66.52,56.54,0.15,WEEKEND15,66.52,9.98,56.54,none,0,,0.0,56.54,2025-07-21,other,,
T003833,EUR,C00369,P022,Active Mat 22,1,31.79,31.79,0.0,,31.79,0.0,31.79,full,1,2025-08-02,31.79,0.0,2025-07-21,other,,
T003834,EUR,C00152,P009,Daily Lamp 09,1,27.05,25.7,0.05,WELCOME5,27.05,1.35,25.7,none,0,,0.0,25.7,2025-07-21,other,,
T003835,EUR,C00366,P003,Urban Bottle 03,2,105.26,105.26,0.0,,210.52,0.0,210.52,none,0,,0.0,210.52,2025-07-21,website,,V000166
T003836,EUR,C00328,P014,Active Mat 14,1,55.09,55.09,0.0,,55.09,0.0,55.09,none,0,,0.0,55.09,2025-07-21,website,,V004916
T003837,EUR,C00483,P014,Active Mat 14,2,55.09,55.09,0.0,,110.18,0.0,110.18,none,0,,0.0,110.18,2025-07-21,website,,V002879
T003838,EUR,C00975,P030,Active Mat 30,2,15.8,15.8,0.0,,31.6,0.0,31.6,none,0,,0.0,31.6,2025-07-21,other,,
T003839,EUR,C00295,P001,Daily Lamp 01,1,96.68,96.68,0.0,,96.68,0.0,96.68,none,0,,0.0,96.68,2025-07-21,other,,
T003840,EUR,C00623,P030,Active Mat 30,2,15.8,15.8,0.0,,31.6,0.0,31.6,full,2,2025-07-29,31.6,0.0,2025-07-21,other,,
T003841,EUR,C00552,P022,Active Mat 22,1,31.79,27.02,0.15,WEEKEND15,31.79,4.77,27.02,none,0,,0.0,27.02,2025-07-21,other,,
T003842,EUR,C00445,P029,Bright Organizer 29,1,15.67,15.67,0.0,,15.67,0.0,15.67,none,0,,0.0,15.67,2025-07-21,other,,
T003843,EUR,C00491,P013,Bright Organizer 13,1,48.36,48.36,0.0,,48.36,0.0,48.36,none,0,,0.0,48.36,2025-07-21,other,,
T003844,EUR,C00106,P009,Daily Lamp 09,1,27.05,27.05,0.0,,27.05,0.0,27.05,none,0,,0.0,27.05,2025-07-21,other,,
T003845,EUR,C00221,P004,Essential Bag 04,1,83.73,83.73,0.0,,83.73,0.0,83.73,full,1,2025-07-23,83.73,0.0,2025-07-21,other,,
T003846,EUR,C00702,P024,Modern Serum 24,1,66.52,66.52,0.0,,66.52,0.0,66.52,full,1,2025-07-24,66.52,0.0,2025-07-21,other,,
T003847,EUR,C00743,P029,Bright Organizer 29,1,15.67,14.89,0.05,WELCOME5,15.67,0.78,14.89,none,0,,0.0,14.89,2025-07-22,other,,
T003848,EUR,C00214,P001,Daily Lamp 01,1,96.68,96.68,0.0,,96.68,0.0,96.68,none,0,,0.0,96.68,2025-07-22,website,,V007508
T003849,EUR,C00594,P029,Bright Organizer 29,1,15.67,15.67,0.0,,15.67,0.0,15.67,none,0,,0.0,15.67,2025-07-22,website,,V001360
T003850,EUR,C00452,P003,Urban Bottle 03,1,105.26,105.26,0.0,,105.26,0.0,105.26,none,0,,0.0,105.26,2025-07-22,other,,
T003851,EUR,C00020,P019,Urban Bottle 19,3,61.21,61.21,0.0,,183.63,0.0,183.63,none,0,,0.0,183.63,2025-07-22,other,,
T003852,EUR,C00624,P011,Urban Bottle 11,1,58.41,58.41,0.0,,58.41,0.0,58.41,none,0,,0.0,58.41,2025-07-22,website,,V006747
T003853,EUR,C00651,P007,Calm Cream 07,1,21.92,21.92,0.0,,21.92,0.0,21.92,none,0,,0.0,21.92,2025-07-22,other,,
T003854,EUR,C00893,P016,Modern Serum 16,1,91.2,91.2,0.0,,91.2,0.0,91.2,none,0,,0.0,91.2,2025-07-22,other,,
T003855,EUR,C00416,P011,Urban Bottle 11,1,58.41,58.41,0.0,,58.41,0.0,58.41,none,0,,0.0,58.41,2025-07-22,other,,
T003856,EUR,C00140,P007,Calm Cream 07,1,21.92,21.92,0.0,,21.92,0.0,21.92,none,0,,0.0,21.92,2025-07-22,other,,
T003857,EUR,C00026,P023,Calm Cream 23,4,43.34,43.34,0.0,,173.36,0.0,173.36,none,0,,0.0,173.36,2025-07-22,website,,V003461
T003858,EUR,C00160,P019,Urban Bottle 19,1,61.21,61.21,0.0,,61.21,0.0,61.21,none,0,,0.0,61.21,2025-07-22,other,,
T003859,EUR,C00801,P001,Daily Lamp 01,1,96.68,96.68,0.0,,96.68,0.0,96.68,none,0,,0.0,96.68,2025-07-22,website,,V006567
T003860,EUR,C00195,P009,Daily Lamp 09,2,27.05,27.05,0.0,,54.1,0.0,54.1,none,0,,0.0,54.1,2025-07-22,website,,V002131
T003861,EUR,C00278,P019,Urban Bottle 19,1,61.21,61.21,0.0,,61.21,0.0,61.21,none,0,,0.0,61.21,2025-07-22,other,,
T003862,EUR,C00008,P024,Modern Serum 24,2,66.52,66.52,0.0,,133.04,0.0,133.04,none,0,,0.0,133.04,2025-07-22,other,,
T003863,EUR,C00760,P013,Bright Organizer 13,1,48.36,48.36,0.0,,48.36,0.0,48.36,none,0,,0.0,48.36,2025-07-22,other,,
T003864,EUR,C00048,P010,Pure Band 10,1,31.57,31.57,0.0,,31.57,0.0,31.57,none,0,,0.0,31.57,2025-07-22,other,,
T003865,EUR,C00084,P025,Daily Lamp 25,2,101.88,101.88,0.0,,203.76,0.0,203.76,full,2,2025-08-21,203.76,0.0,2025-07-22,other,,
T003866,EUR,C00029,P010,Pure Band 10,1,31.57,26.83,0.15,WEEKEND15,31.57,4.74,26.83,none,0,,0.0,26.83,2025-07-22,other,,
T003867,EUR,C00714,P016,Modern Serum 16,1,91.2,91.2,0.0,,91.2,0.0,91.2,none,0,,0.0,91.2,2025-07-22,other,,
T003868,EUR,C00118,P026,Pure Band 26,3,23.03,23.03,0.0,,69.09,0.0,69.09,none,0,,0.0,69.09,2025-07-23,other,,
T003869,EUR,C00937,P019,Urban Bottle 19,1,61.21,58.15,0.05,WELCOME5,61.21,3.06,58.15,none,0,,0.0,58.15,2025-07-23,other,,
T003870,EUR,C00407,P018,Pure Band 18,2,68.13,68.13,0.0,,136.26,0.0,136.26,none,0,,0.0,136.26,2025-07-23,other,,
T003871,EUR,C00490,P019,Urban Bottle 19,1,61.21,61.21,0.0,,61.21,0.0,61.21,none,0,,0.0,61.21,2025-07-23,other,,
T003872,EUR,C00615,P029,Bright Organizer 29,1,15.67,13.32,0.15,WEEKEND15,15.67,2.35,13.32,none,0,,0.0,13.32,2025-07-23,other,,
T003873,EUR,C00764,P017,Daily Lamp 17,1,94.4,94.4,0.0,,94.4,0.0,94.4,none,0,,0.0,94.4,2025-07-23,website,,V001600
T003874,EUR,C00683,P014,Active Mat 14,1,55.09,55.09,0.0,,55.09,0.0,55.09,none,0,,0.0,55.09,2025-07-23,other,,
T003875,EUR,C00842,P016,Modern Serum 16,2,91.2,91.2,0.0,,182.4,0.0,182.4,none,0,,0.0,182.4,2025-07-23,other,,
T003876,EUR,C00954,P021,Bright Organizer 21,2,91.23,91.23,0.0,,182.46,0.0,182.46,none,0,,0.0,182.46,2025-07-23,website,,V001654
T003877,EUR,C00891,P015,Calm Cream 15,1,26.81,26.81,0.0,,26.81,0.0,26.81,none,0,,0.0,26.81,2025-07-23,other,,
T003878,EUR,C00542,P007,Calm Cream 07,1,21.92,21.92,0.0,,21.92,0.0,21.92,none,0,,0.0,21.92,2025-07-23,other,,
T003879,EUR,C00164,P003,Urban Bottle 03,1,105.26,100.0,0.05,WELCOME5,105.26,5.26,100.0,none,0,,0.0,100.0,2025-07-23,other,,
T003880,EUR,C00412,P029,Bright Organizer 29,3,15.67,15.67,0.0,,47.01,0.0,47.01,none,0,,0.0,47.01,2025-07-23,other,,
T003881,EUR,C00849,P009,Daily Lamp 09,4,27.05,27.05,0.0,,108.2,0.0,108.2,full,4,2025-07-25,108.2,0.0,2025-07-23,other,,
T003882,EUR,C00774,P030,Active Mat 30,1,15.8,13.43,0.15,WEEKEND15,15.8,2.37,13.43,none,0,,0.0,13.43,2025-07-23,other,,
T003883,EUR,C00049,P021,Bright Organizer 21,1,91.23,91.23,0.0,,91.23,0.0,91.23,none,0,,0.0,91.23,2025-07-23,other,,
T003884,EUR,C00906,P009,Daily Lamp 09,3,27.05,27.05,0.0,,81.15,0.0,81.15,none,0,,0.0,81.15,2025-07-23,other,,
T003885,EUR,C00724,P028,Essential Bag 28,2,98.03,98.03,0.0,,196.06,0.0,196.06,none,0,,0.0,196.06,2025-07-23,other,,
T003886,EUR,C00482,P025,Daily Lamp 25,1,101.88,101.88,0.0,,101.88,0.0,101.88,none,0,,0.0,101.88,2025-07-23,other,,
T003887,EUR,C00446,P018,Pure Band 18,1,68.13,68.13,0.0,,68.13,0.0,68.13,full,1,2025-07-24,68.13,0.0,2025-07-23,other,,
T003888,EUR,C00747,P020,Essential Bag 20,1,23.79,21.41,0.1,LOYALTY10,23.79,2.38,21.41,none,0,,0.0,21.41,2025-07-23,other,,
T003889,EUR,C00001,P014,Active Mat 14,1,55.09,55.09,0.0,,55.09,0.0,55.09,none,0,,0.0,55.09,2025-07-23,other,,
T003890,EUR,C00603,P018,Pure Band 18,1,68.13,68.13,0.0,,68.13,0.0,68.13,none,0,,0.0,68.13,2025-07-23,other,,
T003891,EUR,C00088,P014,Active Mat 14,1,55.09,55.09,0.0,,55.09,0.0,55.09,none,0,,0.0,55.09,2025-07-23,other,,
T003892,EUR,C00599,P025,Daily Lamp 25,1,101.88,86.6,0.15,WEEKEND15,101.88,15.28,86.6,none,0,,0.0,86.6,2025-07-23,other,,
T003893,EUR,C00017,P029,Bright Organizer 29,1,15.67,15.67,0.0,,15.67,0.0,15.67,none,0,,0.0,15.67,2025-07-24,other,,
T003894,EUR,C00547,P029,Bright Organizer 29,1,15.67,15.67,0.0,,15.67,0.0,15.67,none,0,,0.0,15.67,2025-07-24,other,,
T003895,EUR,C00430,P013,Bright Organizer 13,2,48.36,48.36,0.0,,96.72,0.0,96.72,none,0,,0.0,96.72,2025-07-24,other,,
T003896,EUR,C00234,P004,Essential Bag 04,1,83.73,75.36,0.1,LOYALTY10,83.73,8.37,75.36,full,1,2025-07-31,75.36,0.0,2025-07-24,other,,
T003897,EUR,C00413,P014,Active Mat 14,1,55.09,55.09,0.0,,55.09,0.0,55.09,none,0,,0.0,55.09,2025-07-24,other,,
T003898,EUR,C00209,P010,Pure Band 10,1,31.57,31.57,0.0,,31.57,0.0,31.57,none,0,,0.0,31.57,2025-07-24,website,,V009308
T003899,EUR,C00642,P020,Essential Bag 20,2,23.79,21.41,0.1,LOYALTY10,47.58,4.76,42.82,none,0,,0.0,42.82,2025-07-24,other,,
T003900,EUR,C00365,P020,Essential Bag 20,1,23.79,23.79,0.0,,23.79,0.0,23.79,none,0,,0.0,23.79,2025-07-24,other,,
T003901,EUR,C00701,P017,Daily Lamp 17,1,94.4,94.4,0.0,,94.4,0.0,94.4,none,0,,0.0,94.4,2025-07-24,other,,
T003902,EUR,C00468,P027,Urban Bottle 27,1,102.64,92.38,0.1,LOYALTY10,102.64,10.26,92.38,none,0,,0.0,92.38,2025-07-24,other,,
T003903,EUR,C00570,P026,Pure Band 26,1,23.03,23.03,0.0,,23.03,0.0,23.03,none,0,,0.0,23.03,2025-07-24,other,,
T003904,EUR,C00235,P009,Daily Lamp 09,1,27.05,27.05,0.0,,27.05,0.0,27.05,none,0,,0.0,27.05,2025-07-24,other,,
T003905,EUR,C00296,P026,Pure Band 26,2,23.03,20.73,0.1,LOYALTY10,46.06,4.6,41.46,full,2,2025-08-01,41.46,0.0,2025-07-24,other,,
T003906,EUR,C00688,P018,Pure Band 18,2,68.13,68.13,0.0,,136.26,0.0,136.26,none,0,,0.0,136.26,2025-07-24,other,,
T003907,EUR,C00767,P019,Urban Bottle 19,1,61.21,61.21,0.0,,61.21,0.0,61.21,none,0,,0.0,61.21,2025-07-24,other,,
T003908,EUR,C00026,P013,Bright Organizer 13,1,48.36,48.36,0.0,,48.36,0.0,48.36,none,0,,0.0,48.36,2025-07-24,website,,V003721
T003909,EUR,C00847,P030,Active Mat 30,2,15.8,15.8,0.0,,31.6,0.0,31.6,none,0,,0.0,31.6,2025-07-24,other,,
T003910,EUR,C00493,P026,Pure Band 26,1,23.03,19.58,0.15,WEEKEND15,23.03,3.45,19.58,none,0,,0.0,19.58,2025-07-24,other,,
T003911,EUR,C00710,P014,Active Mat 14,3,55.09,55.09,0.0,,165.27,0.0,165.27,full,3,2025-07-27,165.27,0.0,2025-07-24,other,,
T003912,EUR,C00306,P017,Daily Lamp 17,2,94.4,94.4,0.0,,188.8,0.0,188.8,none,0,,0.0,188.8,2025-07-25,other,,
T003913,EUR,C00488,P017,Daily Lamp 17,4,94.4,94.4,0.0,,377.6,0.0,377.6,full,4,2025-08-13,377.6,0.0,2025-07-25,other,,
T003914,EUR,C00839,P027,Urban Bottle 27,1,102.64,102.64,0.0,,102.64,0.0,102.64,none,0,,0.0,102.64,2025-07-25,other,,
T003915,EUR,C00521,P003,Urban Bottle 03,1,105.26,100.0,0.05,WELCOME5,105.26,5.26,100.0,none,0,,0.0,100.0,2025-07-25,other,,
T003916,EUR,C00429,P020,Essential Bag 20,1,23.79,23.79,0.0,,23.79,0.0,23.79,none,0,,0.0,23.79,2025-07-25,other,,
T003917,EUR,C00213,P011,Urban Bottle 11,2,58.41,58.41,0.0,,116.82,0.0,116.82,none,0,,0.0,116.82,2025-07-25,other,,
T003918,EUR,C00866,P017,Daily Lamp 17,1,94.4,80.24,0.15,WEEKEND15,94.4,14.16,80.24,none,0,,0.0,80.24,2025-07-25,other,,
T003919,EUR,C00731,P017,Daily Lamp 17,3,94.4,94.4,0.0,,283.2,0.0,283.2,none,0,,0.0,283.2,2025-07-25,website,,V002520
T003920,EUR,C00011,P003,Urban Bottle 03,2,105.26,105.26,0.0,,210.52,0.0,210.52,none,0,,0.0,210.52,2025-07-25,other,,
T003921,EUR,C00341,P016,Modern Serum 16,1,91.2,91.2,0.0,,91.2,0.0,91.2,full,1,2025-07-27,91.2,0.0,2025-07-25,other,,
T003922,EUR,C00140,P013,Bright Organizer 13,1,48.36,48.36,0.0,,48.36,0.0,48.36,full,1,2025-08-24,48.36,0.0,2025-07-25,other,,
T003923,EUR,C00824,P030,Active Mat 30,2,15.8,15.8,0.0,,31.6,0.0,31.6,none,0,,0.0,31.6,2025-07-25,other,,
T003924,EUR,C00564,P030,Active Mat 30,1,15.8,15.8,0.0,,15.8,0.0,15.8,none,0,,0.0,15.8,2025-07-25,other,,
T003925,EUR,C00772,P020,Essential Bag 20,2,23.79,23.79,0.0,,47.58,0.0,47.58,none,0,,0.0,47.58,2025-07-25,other,,
T003926,EUR,C00398,P015,Calm Cream 15,2,26.81,26.81,0.0,,53.62,0.0,53.62,none,0,,0.0,53.62,2025-07-25,other,,
T003927,EUR,C00520,P011,Urban Bottle 11,1,58.41,58.41,0.0,,58.41,0.0,58.41,none,0,,0.0,58.41,2025-07-25,other,,
T003928,EUR,C00057,P021,Bright Organizer 21,1,91.23,91.23,0.0,,91.23,0.0,91.23,none,0,,0.0,91.23,2025-07-25,other,,
T003929,EUR,C00042,P017,Daily Lamp 17,1,94.4,94.4,0.0,,94.4,0.0,94.4,none,0,,0.0,94.4,2025-07-25,other,,
T003930,EUR,C00182,P029,Bright Organizer 29,1,15.67,15.67,0.0,,15.67,0.0,15.67,none,0,,0.0,15.67,2025-07-26,other,,
T003931,EUR,C00698,P019,Urban Bottle 19,1,61.21,61.21,0.0,,61.21,0.0,61.21,none,0,,0.0,61.21,2025-07-26,other,,
T003932,EUR,C00489,P027,Urban Bottle 27,1,102.64,102.64,0.0,,102.64,0.0,102.64,none,0,,0.0,102.64,2025-07-26,other,,
T003933,EUR,C00475,P026,Pure Band 26,2,23.03,23.03,0.0,,46.06,0.0,46.06,none,0,,0.0,46.06,2025-07-26,other,,
T003934,EUR,C00754,P019,Urban Bottle 19,1,61.21,61.21,0.0,,61.21,0.0,61.21,none,0,,0.0,61.21,2025-07-26,website,,V009520
T003935,EUR,C00020,P028,Essential Bag 28,2,98.03,98.03,0.0,,196.06,0.0,196.06,none,0,,0.0,196.06,2025-07-26,other,,
T003936,EUR,C00827,P002,Pure Band 02,1,19.22,19.22,0.0,,19.22,0.0,19.22,none,0,,0.0,19.22,2025-07-26,other,,
T003937,EUR,C00185,P009,Daily Lamp 09,1,27.05,27.05,0.0,,27.05,0.0,27.05,none,0,,0.0,27.05,2025-07-26,website,,V006915
T003938,EUR,C00911,P017,Daily Lamp 17,1,94.4,94.4,0.0,,94.4,0.0,94.4,none,0,,0.0,94.4,2025-07-26,other,,
T003939,EUR,C00870,P019,Urban Bottle 19,1,61.21,61.21,0.0,,61.21,0.0,61.21,none,0,,0.0,61.21,2025-07-27,other,,
T003940,EUR,C00297,P017,Daily Lamp 17,2,94.4,94.4,0.0,,188.8,0.0,188.8,none,0,,0.0,188.8,2025-07-27,other,,
T003941,EUR,C00211,P011,Urban Bottle 11,2,58.41,58.41,0.0,,116.82,0.0,116.82,none,0,,0.0,116.82,2025-07-27,other,,
T003942,EUR,C00283,P018,Pure Band 18,1,68.13,57.91,0.15,WEEKEND15,68.13,10.22,57.91,none,0,,0.0,57.91,2025-07-27,other,,
T003943,EUR,C00402,P022,Active Mat 22,1,31.79,31.79,0.0,,31.79,0.0,31.79,none,0,,0.0,31.79,2025-07-27,other,,
T003944,EUR,C00387,P016,Modern Serum 16,1,91.2,91.2,0.0,,91.2,0.0,91.2,full,1,2025-08-19,91.2,0.0,2025-07-27,other,,
T003945,EUR,C00426,P027,Urban Bottle 27,1,102.64,92.38,0.1,LOYALTY10,102.64,10.26,92.38,none,0,,0.0,92.38,2025-07-27,other,,
T003946,EUR,C00595,P026,Pure Band 26,1,23.03,20.73,0.1,LOYALTY10,23.03,2.3,20.73,none,0,,0.0,20.73,2025-07-27,other,,
T003947,EUR,C00555,P025,Daily Lamp 25,1,101.88,96.79,0.05,WELCOME5,101.88,5.09,96.79,none,0,,0.0,96.79,2025-07-27,other,,
T003948,EUR,C00919,P020,Essential Bag 20,2,23.79,23.79,0.0,,47.58,0.0,47.58,none,0,,0.0,47.58,2025-07-27,other,,
T003949,EUR,C00029,P016,Modern Serum 16,1,91.2,91.2,0.0,,91.2,0.0,91.2,none,0,,0.0,91.2,2025-07-27,other,,
T003950,EUR,C00179,P015,Calm Cream 15,1,26.81,26.81,0.0,,26.81,0.0,26.81,none,0,,0.0,26.81,2025-07-27,other,,
T003951,EUR,C00415,P017,Daily Lamp 17,1,94.4,94.4,0.0,,94.4,0.0,94.4,none,0,,0.0,94.4,2025-07-27,other,,
T003952,EUR,C00735,P019,Urban Bottle 19,1,61.21,61.21,0.0,,61.21,0.0,61.21,none,0,,0.0,61.21,2025-07-27,other,,
T003953,EUR,C00582,P011,Urban Bottle 11,1,58.41,58.41,0.0,,58.41,0.0,58.41,none,0,,0.0,58.41,2025-07-28,other,,
T003954,EUR,C00705,P018,Pure Band 18,2,68.13,68.13,0.0,,136.26,0.0,136.26,none,0,,0.0,136.26,2025-07-28,other,,
T003955,EUR,C00812,P009,Daily Lamp 09,2,27.05,24.35,0.1,LOYALTY10,54.1,5.4,48.7,none,0,,0.0,48.7,2025-07-28,other,,
T003956,EUR,C00291,P030,Active Mat 30,2,15.8,15.8,0.0,,31.6,0.0,31.6,none,0,,0.0,31.6,2025-07-28,other,,
T003957,EUR,C00056,P010,Pure Band 10,4,31.57,31.57,0.0,,126.28,0.0,126.28,none,0,,0.0,126.28,2025-07-28,other,,
T003958,EUR,C00148,P017,Daily Lamp 17,1,94.4,94.4,0.0,,94.4,0.0,94.4,none,0,,0.0,94.4,2025-07-28,other,,
T003959,EUR,C00519,P008,Modern Serum 08,1,76.74,72.9,0.05,WELCOME5,76.74,3.84,72.9,none,0,,0.0,72.9,2025-07-28,other,,
T003960,EUR,C00538,P002,Pure Band 02,1,19.22,19.22,0.0,,19.22,0.0,19.22,none,0,,0.0,19.22,2025-07-28,other,,
T003961,EUR,C00919,P027,Urban Bottle 27,2,102.64,102.64,0.0,,205.28,0.0,205.28,none,0,,0.0,205.28,2025-07-28,other,,
T003962,EUR,C00152,P019,Urban Bottle 19,1,61.21,61.21,0.0,,61.21,0.0,61.21,none,0,,0.0,61.21,2025-07-28,other,,
T003963,EUR,C00401,P014,Active Mat 14,1,55.09,52.34,0.05,WELCOME5,55.09,2.75,52.34,none,0,,0.0,52.34,2025-07-28,other,,
T003964,EUR,C00743,P016,Modern Serum 16,1,91.2,86.64,0.05,SUMMER5,91.2,4.56,86.64,none,0,,0.0,86.64,2025-07-28,marketing_campaign,SEND004285,V010559
T003965,EUR,C00909,P027,Urban Bottle 27,1,102.64,102.64,0.0,,102.64,0.0,102.64,full,1,2025-08-08,102.64,0.0,2025-07-28,other,,
T003966,EUR,C00657,P009,Daily Lamp 09,1,27.05,27.05,0.0,,27.05,0.0,27.05,none,0,,0.0,27.05,2025-07-29,other,,
T003967,EUR,C00478,P029,Bright Organizer 29,1,15.67,15.67,0.0,,15.67,0.0,15.67,none,0,,0.0,15.67,2025-07-29,other,,
T003968,EUR,C00812,P030,Active Mat 30,1,15.8,15.8,0.0,,15.8,0.0,15.8,none,0,,0.0,15.8,2025-07-29,other,,
T003969,EUR,C00110,P025,Daily Lamp 25,1,101.88,101.88,0.0,,101.88,0.0,101.88,none,0,,0.0,101.88,2025-07-29,other,,
T003970,EUR,C00821,P017,Daily Lamp 17,1,94.4,89.68,0.05,SUMMER5,94.4,4.72,89.68,none,0,,0.0,89.68,2025-07-29,marketing_campaign,SEND005613,V010739
T003971,EUR,C00907,P018,Pure Band 18,1,68.13,64.72,0.05,WELCOME5,68.13,3.41,64.72,none,0,,0.0,64.72,2025-07-29,other,,
T003972,EUR,C00014,P009,Daily Lamp 09,1,27.05,27.05,0.0,,27.05,0.0,27.05,none,0,,0.0,27.05,2025-07-29,other,,
T003973,EUR,C00419,P011,Urban Bottle 11,1,58.41,58.41,0.0,,58.41,0.0,58.41,none,0,,0.0,58.41,2025-07-29,other,,
T003974,EUR,C00371,P024,Modern Serum 24,1,66.52,59.87,0.1,LOYALTY10,66.52,6.65,59.87,none,0,,0.0,59.87,2025-07-29,other,,
T003975,EUR,C00548,P003,Urban Bottle 03,1,105.26,94.73,0.1,LOYALTY10,105.26,10.53,94.73,none,0,,0.0,94.73,2025-07-29,other,,
T003976,EUR,C00486,P029,Bright Organizer 29,2,15.67,14.89,0.05,WELCOME5,31.34,1.56,29.78,none,0,,0.0,29.78,2025-07-29,other,,
T003977,EUR,C00271,P009,Daily Lamp 09,2,27.05,22.99,0.15,WEEKEND15,54.1,8.12,45.98,none,0,,0.0,45.98,2025-07-29,other,,
T003978,EUR,C00301,P008,Modern Serum 08,1,76.74,76.74,0.0,,76.74,0.0,76.74,none,0,,0.0,76.74,2025-07-29,other,,
T003979,EUR,C00807,P011,Urban Bottle 11,1,58.41,58.41,0.0,,58.41,0.0,58.41,none,0,,0.0,58.41,2025-07-30,other,,
T003980,EUR,C00473,P014,Active Mat 14,2,55.09,46.83,0.15,WEEKEND15,110.18,16.52,93.66,none,0,,0.0,93.66,2025-07-30,other,,
T003981,EUR,C00909,P007,Calm Cream 07,1,21.92,21.92,0.0,,21.92,0.0,21.92,none,0,,0.0,21.92,2025-07-30,other,,
T003982,EUR,C00696,P008,Modern Serum 08,1,76.74,76.74,0.0,,76.74,0.0,76.74,none,0,,0.0,76.74,2025-07-30,other,,
T003983,EUR,C00401,P026,Pure Band 26,2,23.03,21.88,0.05,WELCOME5,46.06,2.3,43.76,none,0,,0.0,43.76,2025-07-30,other,,
T003984,EUR,C00682,P007,Calm Cream 07,1,21.92,18.63,0.15,WEEKEND15,21.92,3.29,18.63,none,0,,0.0,18.63,2025-07-30,other,,
T003985,EUR,C00723,P002,Pure Band 02,3,19.22,19.22,0.0,,57.66,0.0,57.66,none,0,,0.0,57.66,2025-07-30,other,,
T003986,EUR,C00194,P030,Active Mat 30,1,15.8,15.8,0.0,,15.8,0.0,15.8,none,0,,0.0,15.8,2025-07-30,other,,
T003987,EUR,C00239,P019,Urban Bottle 19,1,61.21,61.21,0.0,,61.21,0.0,61.21,none,0,,0.0,61.21,2025-07-30,other,,
T003988,EUR,C00852,P024,Modern Serum 24,1,66.52,63.19,0.05,WELCOME5,66.52,3.33,63.19,none,0,,0.0,63.19,2025-07-31,other,,
T003989,EUR,C00891,P004,Essential Bag 04,1,83.73,79.54,0.05,WELCOME5,83.73,4.19,79.54,none,0,,0.0,79.54,2025-07-31,other,,
T003990,EUR,C00353,P018,Pure Band 18,2,68.13,61.32,0.1,LOYALTY10,136.26,13.62,122.64,none,0,,0.0,122.64,2025-07-31,other,,
T003991,EUR,C00646,P030,Active Mat 30,2,15.8,15.8,0.0,,31.6,0.0,31.6,none,0,,0.0,31.6,2025-07-31,other,,
T003992,EUR,C00773,P030,Active Mat 30,1,15.8,15.8,0.0,,15.8,0.0,15.8,none,0,,0.0,15.8,2025-07-31,other,,
T003993,EUR,C00928,P011,Urban Bottle 11,1,58.41,58.41,0.0,,58.41,0.0,58.41,none,0,,0.0,58.41,2025-07-31,other,,
T003994,EUR,C00851,P018,Pure Band 18,1,68.13,68.13,0.0,,68.13,0.0,68.13,none,0,,0.0,68.13,2025-07-31,other,,
T003995,EUR,C00053,P026,Pure Band 26,2,23.03,20.73,0.1,LOYALTY10,46.06,4.6,41.46,none,0,,0.0,41.46,2025-07-31,other,,
T003996,EUR,C00427,P018,Pure Band 18,1,68.13,68.13,0.0,,68.13,0.0,68.13,none,0,,0.0,68.13,2025-07-31,website,,V003530
T003997,EUR,C00845,P024,Modern Serum 24,1,66.52,63.19,0.05,WELCOME5,66.52,3.33,63.19,none,0,,0.0,63.19,2025-07-31,other,,
T003998,EUR,C00939,P025,Daily Lamp 25,1,101.88,101.88,0.0,,101.88,0.0,101.88,none,0,,0.0,101.88,2025-07-31,other,,
T003999,EUR,C00397,P004,Essential Bag 04,2,83.73,83.73,0.0,,167.46,0.0,167.46,none,0,,0.0,167.46,2025-07-31,website,,V006340
T004000,EUR,C00653,P017,Daily Lamp 17,2,94.4,94.4,0.0,,188.8,0.0,188.8,none,0,,0.0,188.8,2025-07-31,website,,V003982
T004001,EUR,C00146,P016,Modern Serum 16,1,91.2,86.64,0.05,WELCOME5,91.2,4.56,86.64,none,0,,0.0,86.64,2025-08-01,other,,
T004002,EUR,C00828,P016,Modern Serum 16,1,91.2,91.2,0.0,,91.2,0.0,91.2,none,0,,0.0,91.2,2025-08-01,other,,
T004003,EUR,C00870,P027,Urban Bottle 27,1,102.64,102.64,0.0,,102.64,0.0,102.64,none,0,,0.0,102.64,2025-08-01,website,,V005742
T004004,EUR,C00887,P029,Bright Organizer 29,1,15.67,14.89,0.05,WELCOME5,15.67,0.78,14.89,none,0,,0.0,14.89,2025-08-01,other,,
T004005,EUR,C00741,P014,Active Mat 14,4,55.09,55.09,0.0,,220.36,0.0,220.36,none,0,,0.0,220.36,2025-08-01,other,,
T004006,EUR,C00673,P006,Active Mat 06,1,104.36,93.92,0.1,LOYALTY10,104.36,10.44,93.92,none,0,,0.0,93.92,2025-08-01,other,,
T004007,EUR,C00509,P013,Bright Organizer 13,2,48.36,48.36,0.0,,96.72,0.0,96.72,none,0,,0.0,96.72,2025-08-01,website,,V008277
T004008,EUR,C00812,P018,Pure Band 18,1,68.13,68.13,0.0,,68.13,0.0,68.13,none,0,,0.0,68.13,2025-08-01,other,,
T004009,EUR,C00021,P022,Active Mat 22,3,31.79,27.02,0.15,WEEKEND15,95.37,14.31,81.06,partial,2,2025-08-25,54.04,27.02,2025-08-01,other,,
T004010,EUR,C00069,P018,Pure Band 18,2,68.13,57.91,0.15,WEEKEND15,136.26,20.44,115.82,none,0,,0.0,115.82,2025-08-01,website,,V002058
T004011,EUR,C00102,P030,Active Mat 30,1,15.8,15.8,0.0,,15.8,0.0,15.8,none,0,,0.0,15.8,2025-08-01,other,,
T004012,EUR,C00945,P017,Daily Lamp 17,1,94.4,80.24,0.15,WEEKEND15,94.4,14.16,80.24,none,0,,0.0,80.24,2025-08-01,other,,
T004013,EUR,C00564,P019,Urban Bottle 19,2,61.21,55.09,0.1,LOYALTY10,122.42,12.24,110.18,none,0,,0.0,110.18,2025-08-01,other,,
T004014,EUR,C00269,P006,Active Mat 06,1,104.36,104.36,0.0,,104.36,0.0,104.36,none,0,,0.0,104.36,2025-08-01,other,,
T004015,EUR,C00263,P026,Pure Band 26,1,23.03,23.03,0.0,,23.03,0.0,23.03,none,0,,0.0,23.03,2025-08-01,other,,
T004016,EUR,C00690,P027,Urban Bottle 27,1,102.64,102.64,0.0,,102.64,0.0,102.64,none,0,,0.0,102.64,2025-08-01,other,,
T004017,EUR,C00439,P002,Pure Band 02,1,19.22,19.22,0.0,,19.22,0.0,19.22,none,0,,0.0,19.22,2025-08-02,other,,
T004018,EUR,C00834,P004,Essential Bag 04,1,83.73,83.73,0.0,,83.73,0.0,83.73,full,1,2025-08-04,83.73,0.0,2025-08-02,other,,
T004019,EUR,C00365,P024,Modern Serum 24,2,66.52,66.52,0.0,,133.04,0.0,133.04,none,0,,0.0,133.04,2025-08-02,other,,
T004020,EUR,C00874,P017,Daily Lamp 17,1,94.4,94.4,0.0,,94.4,0.0,94.4,none,0,,0.0,94.4,2025-08-02,other,,
T004021,EUR,C00862,P012,Essential Bag 12,2,99.7,99.7,0.0,,199.4,0.0,199.4,none,0,,0.0,199.4,2025-08-02,other,,
T004022,EUR,C00853,P005,Bright Organizer 05,2,70.21,70.21,0.0,,140.42,0.0,140.42,none,0,,0.0,140.42,2025-08-02,other,,
T004023,EUR,C00490,P026,Pure Band 26,1,23.03,23.03,0.0,,23.03,0.0,23.03,none,0,,0.0,23.03,2025-08-02,website,,V006579
T004024,EUR,C00996,P004,Essential Bag 04,1,83.73,83.73,0.0,,83.73,0.0,83.73,none,0,,0.0,83.73,2025-08-02,other,,
T004025,EUR,C00854,P012,Essential Bag 12,1,99.7,99.7,0.0,,99.7,0.0,99.7,none,0,,0.0,99.7,2025-08-02,other,,
T004026,EUR,C00030,P020,Essential Bag 20,1,23.79,23.79,0.0,,23.79,0.0,23.79,none,0,,0.0,23.79,2025-08-02,website,,V006629
T004027,EUR,C00351,P013,Bright Organizer 13,2,48.36,43.52,0.1,LOYALTY10,96.72,9.68,87.04,none,0,,0.0,87.04,2025-08-02,website,,V003651
T004028,EUR,C00691,P021,Bright Organizer 21,1,91.23,91.23,0.0,,91.23,0.0,91.23,none,0,,0.0,91.23,2025-08-02,other,,
T004029,EUR,C00778,P005,Bright Organizer 05,2,70.21,70.21,0.0,,140.42,0.0,140.42,none,0,,0.0,140.42,2025-08-02,other,,
T004030,EUR,C00017,P027,Urban Bottle 27,1,102.64,102.64,0.0,,102.64,0.0,102.64,none,0,,0.0,102.64,2025-08-02,other,,
T004031,EUR,C00571,P012,Essential Bag 12,1,99.7,99.7,0.0,,99.7,0.0,99.7,none,0,,0.0,99.7,2025-08-03,other,,
T004032,EUR,C00253,P011,Urban Bottle 11,1,58.41,58.41,0.0,,58.41,0.0,58.41,none,0,,0.0,58.41,2025-08-03,other,,
T004033,EUR,C00221,P019,Urban Bottle 19,1,61.21,58.15,0.05,WELCOME5,61.21,3.06,58.15,none,0,,0.0,58.15,2025-08-03,website,,V006856
T004034,EUR,C00993,P025,Daily Lamp 25,1,101.88,86.6,0.15,WEEKEND15,101.88,15.28,86.6,none,0,,0.0,86.6,2025-08-03,other,,
T004035,EUR,C00465,P015,Calm Cream 15,3,26.81,26.81,0.0,,80.43,0.0,80.43,partial,2,2025-08-22,53.62,26.81,2025-08-03,website,,V004162
T004036,EUR,C00176,P014,Active Mat 14,1,55.09,55.09,0.0,,55.09,0.0,55.09,none,0,,0.0,55.09,2025-08-03,other,,
T004037,EUR,C00176,P028,Essential Bag 28,1,98.03,98.03,0.0,,98.03,0.0,98.03,none,0,,0.0,98.03,2025-08-03,other,,
T004038,EUR,C00767,P025,Daily Lamp 25,2,101.88,101.88,0.0,,203.76,0.0,203.76,none,0,,0.0,203.76,2025-08-03,other,,
T004039,EUR,C00836,P028,Essential Bag 28,3,98.03,88.23,0.1,LOYALTY10,294.09,29.4,264.69,none,0,,0.0,264.69,2025-08-03,other,,
T004040,EUR,C00724,P021,Bright Organizer 21,1,91.23,91.23,0.0,,91.23,0.0,91.23,none,0,,0.0,91.23,2025-08-03,other,,
T004041,EUR,C00851,P021,Bright Organizer 21,1,91.23,91.23,0.0,,91.23,0.0,91.23,none,0,,0.0,91.23,2025-08-03,other,,
T004042,EUR,C00845,P023,Calm Cream 23,1,43.34,43.34,0.0,,43.34,0.0,43.34,none,0,,0.0,43.34,2025-08-03,website,,V000639
T004043,EUR,C00974,P021,Bright Organizer 21,2,91.23,77.55,0.15,WEEKEND15,182.46,27.36,155.1,none,0,,0.0,155.1,2025-08-03,other,,
T004044,EUR,C00461,P019,Urban Bottle 19,1,61.21,55.09,0.1,LOYALTY10,61.21,6.12,55.09,none,0,,0.0,55.09,2025-08-03,other,,
T004045,EUR,C00494,P011,Urban Bottle 11,1,58.41,58.41,0.0,,58.41,0.0,58.41,none,0,,0.0,58.41,2025-08-03,other,,
T004046,EUR,C00452,P021,Bright Organizer 21,1,91.23,91.23,0.0,,91.23,0.0,91.23,none,0,,0.0,91.23,2025-08-03,other,,
T004047,EUR,C00922,P005,Bright Organizer 05,1,70.21,70.21,0.0,,70.21,0.0,70.21,none,0,,0.0,70.21,2025-08-03,website,,V009203
T004048,EUR,C00505,P004,Essential Bag 04,2,83.73,83.73,0.0,,167.46,0.0,167.46,none,0,,0.0,167.46,2025-08-03,website,,V007390
T004049,EUR,C00507,P027,Urban Bottle 27,1,102.64,92.38,0.1,LOYALTY10,102.64,10.26,92.38,none,0,,0.0,92.38,2025-08-03,website,,V000920
T004050,EUR,C00998,P003,Urban Bottle 03,1,105.26,105.26,0.0,,105.26,0.0,105.26,none,0,,0.0,105.26,2025-08-03,other,,
T004051,EUR,C00488,P027,Urban Bottle 27,1,102.64,102.64,0.0,,102.64,0.0,102.64,none,0,,0.0,102.64,2025-08-03,other,,
T004052,EUR,C00249,P017,Daily Lamp 17,1,94.4,89.68,0.05,WELCOME5,94.4,4.72,89.68,none,0,,0.0,89.68,2025-08-04,other,,
T004053,EUR,C00410,P012,Essential Bag 12,3,99.7,99.7,0.0,,299.1,0.0,299.1,none,0,,0.0,299.1,2025-08-04,other,,
T004054,EUR,C00665,P015,Calm Cream 15,1,26.81,26.81,0.0,,26.81,0.0,26.81,none,0,,0.0,26.81,2025-08-04,other,,
T004055,EUR,C00203,P002,Pure Band 02,1,19.22,19.22,0.0,,19.22,0.0,19.22,none,0,,0.0,19.22,2025-08-04,other,,
T004056,EUR,C00945,P027,Urban Bottle 27,2,102.64,87.24,0.15,WEEKEND15,205.28,30.8,174.48,none,0,,0.0,174.48,2025-08-04,other,,
T004057,EUR,C00653,P024,Modern Serum 24,1,66.52,66.52,0.0,,66.52,0.0,66.52,none,0,,0.0,66.52,2025-08-04,other,,
T004058,EUR,C00657,P021,Bright Organizer 21,2,91.23,91.23,0.0,,182.46,0.0,182.46,none,0,,0.0,182.46,2025-08-04,other,,
T004059,EUR,C00052,P021,Bright Organizer 21,2,91.23,91.23,0.0,,182.46,0.0,182.46,none,0,,0.0,182.46,2025-08-04,other,,
T004060,EUR,C00860,P020,Essential Bag 20,1,23.79,23.79,0.0,,23.79,0.0,23.79,none,0,,0.0,23.79,2025-08-04,other,,
T004061,EUR,C00785,P017,Daily Lamp 17,2,94.4,94.4,0.0,,188.8,0.0,188.8,none,0,,0.0,188.8,2025-08-04,other,,
T004062,EUR,C00678,P018,Pure Band 18,2,68.13,68.13,0.0,,136.26,0.0,136.26,full,2,2025-08-27,136.26,0.0,2025-08-04,other,,
T004063,EUR,C00471,P012,Essential Bag 12,1,99.7,99.7,0.0,,99.7,0.0,99.7,none,0,,0.0,99.7,2025-08-04,other,,
T004064,EUR,C00704,P027,Urban Bottle 27,1,102.64,102.64,0.0,,102.64,0.0,102.64,none,0,,0.0,102.64,2025-08-04,website,,V000861
T004065,EUR,C00163,P004,Essential Bag 04,2,83.73,83.73,0.0,,167.46,0.0,167.46,none,0,,0.0,167.46,2025-08-04,other,,
T004066,EUR,C00882,P020,Essential Bag 20,1,23.79,22.6,0.05,WELCOME5,23.79,1.19,22.6,none,0,,0.0,22.6,2025-08-04,other,,
T004067,EUR,C00108,P024,Modern Serum 24,1,66.52,63.19,0.05,SUMMER5,66.52,3.33,63.19,none,0,,0.0,63.19,2025-08-04,marketing_campaign,SEND004579,V010600
T004068,EUR,C00343,P009,Daily Lamp 09,1,27.05,27.05,0.0,,27.05,0.0,27.05,none,0,,0.0,27.05,2025-08-04,website,,V002253
T004069,EUR,C00322,P012,Essential Bag 12,1,99.7,99.7,0.0,,99.7,0.0,99.7,none,0,,0.0,99.7,2025-08-04,other,,
T004070,EUR,C00138,P022,Active Mat 22,2,31.79,31.79,0.0,,63.58,0.0,63.58,none,0,,0.0,63.58,2025-08-05,website,,V008442
T004071,EUR,C00828,P009,Daily Lamp 09,1,27.05,25.7,0.05,WELCOME5,27.05,1.35,25.7,none,0,,0.0,25.7,2025-08-05,other,,
T004072,EUR,C00302,P014,Active Mat 14,3,55.09,55.09,0.0,,165.27,0.0,165.27,none,0,,0.0,165.27,2025-08-05,other,,
T004073,EUR,C00064,P005,Bright Organizer 05,2,70.21,70.21,0.0,,140.42,0.0,140.42,none,0,,0.0,140.42,2025-08-05,website,,V005499
T004074,EUR,C00600,P026,Pure Band 26,1,23.03,20.73,0.1,LOYALTY10,23.03,2.3,20.73,none,0,,0.0,20.73,2025-08-05,other,,
T004075,EUR,C00898,P011,Urban Bottle 11,1,58.41,58.41,0.0,,58.41,0.0,58.41,none,0,,0.0,58.41,2025-08-05,other,,
T004076,EUR,C00032,P010,Pure Band 10,2,31.57,31.57,0.0,,63.14,0.0,63.14,none,0,,0.0,63.14,2025-08-05,other,,
T004077,EUR,C00291,P027,Urban Bottle 27,4,102.64,102.64,0.0,,410.56,0.0,410.56,none,0,,0.0,410.56,2025-08-05,other,,
T004078,EUR,C00508,P029,Bright Organizer 29,1,15.67,15.67,0.0,,15.67,0.0,15.67,none,0,,0.0,15.67,2025-08-05,other,,
T004079,EUR,C00985,P017,Daily Lamp 17,1,94.4,94.4,0.0,,94.4,0.0,94.4,none,0,,0.0,94.4,2025-08-05,other,,
T004080,EUR,C00697,P001,Daily Lamp 01,1,96.68,96.68,0.0,,96.68,0.0,96.68,none,0,,0.0,96.68,2025-08-05,other,,
T004081,EUR,C00116,P016,Modern Serum 16,1,91.2,77.52,0.15,WEEKEND15,91.2,13.68,77.52,none,0,,0.0,77.52,2025-08-05,other,,
T004082,EUR,C00876,P004,Essential Bag 04,1,83.73,83.73,0.0,,83.73,0.0,83.73,none,0,,0.0,83.73,2025-08-05,other,,
T004083,EUR,C00016,P017,Daily Lamp 17,2,94.4,94.4,0.0,,188.8,0.0,188.8,none,0,,0.0,188.8,2025-08-05,website,,V009729
T004084,EUR,C00252,P012,Essential Bag 12,1,99.7,99.7,0.0,,99.7,0.0,99.7,none,0,,0.0,99.7,2025-08-05,website,,V007631
T004085,EUR,C00843,P001,Daily Lamp 01,1,96.68,96.68,0.0,,96.68,0.0,96.68,none,0,,0.0,96.68,2025-08-05,other,,
T004086,EUR,C00497,P009,Daily Lamp 09,1,27.05,27.05,0.0,,27.05,0.0,27.05,none,0,,0.0,27.05,2025-08-05,other,,
T004087,EUR,C00880,P023,Calm Cream 23,1,43.34,43.34,0.0,,43.34,0.0,43.34,none,0,,0.0,43.34,2025-08-05,other,,
T004088,EUR,C00328,P012,Essential Bag 12,1,99.7,99.7,0.0,,99.7,0.0,99.7,none,0,,0.0,99.7,2025-08-05,other,,
T004089,EUR,C00518,P010,Pure Band 10,1,31.57,29.99,0.05,WELCOME5,31.57,1.58,29.99,none,0,,0.0,29.99,2025-08-05,other,,
T004090,EUR,C00697,P021,Bright Organizer 21,1,91.23,91.23,0.0,,91.23,0.0,91.23,none,0,,0.0,91.23,2025-08-05,other,,
T004091,EUR,C00276,P021,Bright Organizer 21,2,91.23,86.67,0.05,WELCOME5,182.46,9.12,173.34,full,2,2025-08-27,173.34,0.0,2025-08-05,other,,
T004092,EUR,C00744,P030,Active Mat 30,1,15.8,15.8,0.0,,15.8,0.0,15.8,none,0,,0.0,15.8,2025-08-05,other,,
T004093,EUR,C00409,P025,Daily Lamp 25,3,101.88,101.88,0.0,,305.64,0.0,305.64,none,0,,0.0,305.64,2025-08-06,other,,
T004094,EUR,C00301,P010,Pure Band 10,1,31.57,29.99,0.05,WELCOME5,31.57,1.58,29.99,none,0,,0.0,29.99,2025-08-06,other,,
T004095,EUR,C00165,P028,Essential Bag 28,1,98.03,98.03,0.0,,98.03,0.0,98.03,none,0,,0.0,98.03,2025-08-06,other,,
T004096,EUR,C00787,P005,Bright Organizer 05,1,70.21,66.7,0.05,WELCOME5,70.21,3.51,66.7,none,0,,0.0,66.7,2025-08-06,other,,
T004097,EUR,C00417,P030,Active Mat 30,1,15.8,15.8,0.0,,15.8,0.0,15.8,none,0,,0.0,15.8,2025-08-06,other,,
T004098,EUR,C00747,P009,Daily Lamp 09,1,27.05,27.05,0.0,,27.05,0.0,27.05,none,0,,0.0,27.05,2025-08-06,other,,
T004099,EUR,C00258,P023,Calm Cream 23,3,43.34,43.34,0.0,,130.02,0.0,130.02,none,0,,0.0,130.02,2025-08-06,other,,
T004100,EUR,C00354,P028,Essential Bag 28,2,98.03,98.03,0.0,,196.06,0.0,196.06,none,0,,0.0,196.06,2025-08-06,other,,
T004101,EUR,C00958,P009,Daily Lamp 09,1,27.05,27.05,0.0,,27.05,0.0,27.05,none,0,,0.0,27.05,2025-08-06,other,,
T004102,EUR,C00155,P020,Essential Bag 20,1,23.79,23.79,0.0,,23.79,0.0,23.79,none,0,,0.0,23.79,2025-08-06,other,,
T004103,EUR,C00091,P014,Active Mat 14,2,55.09,55.09,0.0,,110.18,0.0,110.18,none,0,,0.0,110.18,2025-08-06,other,,
T004104,EUR,C00030,P006,Active Mat 06,1,104.36,104.36,0.0,,104.36,0.0,104.36,none,0,,0.0,104.36,2025-08-06,other,,
T004105,EUR,C00876,P004,Essential Bag 04,1,83.73,83.73,0.0,,83.73,0.0,83.73,none,0,,0.0,83.73,2025-08-06,website,,V009008
T004106,EUR,C00826,P020,Essential Bag 20,2,23.79,23.79,0.0,,47.58,0.0,47.58,none,0,,0.0,47.58,2025-08-06,other,,
T004107,EUR,C00183,P017,Daily Lamp 17,1,94.4,94.4,0.0,,94.4,0.0,94.4,none,0,,0.0,94.4,2025-08-06,website,,V002137
T004108,EUR,C00927,P019,Urban Bottle 19,1,61.21,61.21,0.0,,61.21,0.0,61.21,none,0,,0.0,61.21,2025-08-06,website,,V001744
T004109,EUR,C00569,P019,Urban Bottle 19,4,61.21,61.21,0.0,,244.84,0.0,244.84,none,0,,0.0,244.84,2025-08-06,other,,
T004110,EUR,C00703,P007,Calm Cream 07,2,21.92,21.92,0.0,,43.84,0.0,43.84,none,0,,0.0,43.84,2025-08-06,other,,
T004111,EUR,C00076,P025,Daily Lamp 25,1,101.88,101.88,0.0,,101.88,0.0,101.88,none,0,,0.0,101.88,2025-08-06,other,,
T004112,EUR,C00564,P015,Calm Cream 15,1,26.81,26.81,0.0,,26.81,0.0,26.81,none,0,,0.0,26.81,2025-08-06,other,,
T004113,EUR,C00379,P022,Active Mat 22,2,31.79,31.79,0.0,,63.58,0.0,63.58,none,0,,0.0,63.58,2025-08-07,other,,
T004114,EUR,C00136,P005,Bright Organizer 05,1,70.21,59.68,0.15,WEEKEND15,70.21,10.53,59.68,none,0,,0.0,59.68,2025-08-07,other,,
T004115,EUR,C00459,P004,Essential Bag 04,2,83.73,83.73,0.0,,167.46,0.0,167.46,full,2,2025-08-12,167.46,0.0,2025-08-07,other,,
T004116,EUR,C00307,P021,Bright Organizer 21,1,91.23,91.23,0.0,,91.23,0.0,91.23,none,0,,0.0,91.23,2025-08-07,other,,
T004117,EUR,C00145,P016,Modern Serum 16,1,91.2,91.2,0.0,,91.2,0.0,91.2,none,0,,0.0,91.2,2025-08-07,other,,
T004118,EUR,C00491,P025,Daily Lamp 25,2,101.88,101.88,0.0,,203.76,0.0,203.76,none,0,,0.0,203.76,2025-08-07,other,,
T004119,EUR,C00622,P027,Urban Bottle 27,1,102.64,92.38,0.1,LOYALTY10,102.64,10.26,92.38,none,0,,0.0,92.38,2025-08-07,other,,
T004120,EUR,C00628,P027,Urban Bottle 27,1,102.64,102.64,0.0,,102.64,0.0,102.64,none,0,,0.0,102.64,2025-08-07,website,,V000213
T004121,EUR,C00864,P003,Urban Bottle 03,2,105.26,105.26,0.0,,210.52,0.0,210.52,none,0,,0.0,210.52,2025-08-07,other,,
T004122,EUR,C00079,P009,Daily Lamp 09,1,27.05,27.05,0.0,,27.05,0.0,27.05,none,0,,0.0,27.05,2025-08-07,other,,
T004123,EUR,C00209,P013,Bright Organizer 13,1,48.36,48.36,0.0,,48.36,0.0,48.36,none,0,,0.0,48.36,2025-08-07,other,,
T004124,EUR,C00503,P004,Essential Bag 04,1,83.73,71.17,0.15,WEEKEND15,83.73,12.56,71.17,none,0,,0.0,71.17,2025-08-07,website,,V008769
T004125,EUR,C00887,P017,Daily Lamp 17,1,94.4,94.4,0.0,,94.4,0.0,94.4,none,0,,0.0,94.4,2025-08-07,website,,V003455
T004126,EUR,C00303,P008,Modern Serum 08,1,76.74,76.74,0.0,,76.74,0.0,76.74,none,0,,0.0,76.74,2025-08-07,other,,
T004127,EUR,C00793,P004,Essential Bag 04,1,83.73,83.73,0.0,,83.73,0.0,83.73,none,0,,0.0,83.73,2025-08-07,other,,
T004128,EUR,C00875,P023,Calm Cream 23,2,43.34,39.01,0.1,LOYALTY10,86.68,8.66,78.02,none,0,,0.0,78.02,2025-08-07,other,,
T004129,EUR,C00644,P002,Pure Band 02,1,19.22,19.22,0.0,,19.22,0.0,19.22,none,0,,0.0,19.22,2025-08-07,other,,
T004130,EUR,C00415,P027,Urban Bottle 27,2,102.64,102.64,0.0,,205.28,0.0,205.28,none,0,,0.0,205.28,2025-08-07,other,,
T004131,EUR,C00657,P014,Active Mat 14,2,55.09,55.09,0.0,,110.18,0.0,110.18,none,0,,0.0,110.18,2025-08-07,other,,
T004132,EUR,C00968,P012,Essential Bag 12,1,99.7,99.7,0.0,,99.7,0.0,99.7,none,0,,0.0,99.7,2025-08-07,other,,
T004133,EUR,C00802,P014,Active Mat 14,1,55.09,55.09,0.0,,55.09,0.0,55.09,none,0,,0.0,55.09,2025-08-07,other,,
T004134,EUR,C00139,P006,Active Mat 06,1,104.36,104.36,0.0,,104.36,0.0,104.36,none,0,,0.0,104.36,2025-08-07,other,,
T004135,EUR,C00953,P001,Daily Lamp 01,4,96.68,96.68,0.0,,386.72,0.0,386.72,none,0,,0.0,386.72,2025-08-07,website,,V005449
T004136,EUR,C00819,P029,Bright Organizer 29,1,15.67,15.67,0.0,,15.67,0.0,15.67,none,0,,0.0,15.67,2025-08-07,other,,
T004137,EUR,C00810,P025,Daily Lamp 25,1,101.88,96.79,0.05,WELCOME5,101.88,5.09,96.79,none,0,,0.0,96.79,2025-08-08,other,,
T004138,EUR,C00962,P016,Modern Serum 16,1,91.2,91.2,0.0,,91.2,0.0,91.2,none,0,,0.0,91.2,2025-08-08,other,,
T004139,EUR,C00279,P011,Urban Bottle 11,3,58.41,49.65,0.15,WEEKEND15,175.23,26.28,148.95,none,0,,0.0,148.95,2025-08-08,other,,
T004140,EUR,C00526,P025,Daily Lamp 25,1,101.88,101.88,0.0,,101.88,0.0,101.88,full,1,2025-09-02,101.88,0.0,2025-08-08,other,,
T004141,EUR,C00383,P006,Active Mat 06,1,104.36,88.71,0.15,WEEKEND15,104.36,15.65,88.71,none,0,,0.0,88.71,2025-08-08,other,,
T004142,EUR,C00800,P009,Daily Lamp 09,1,27.05,27.05,0.0,,27.05,0.0,27.05,none,0,,0.0,27.05,2025-08-08,other,,
T004143,EUR,C00842,P001,Daily Lamp 01,1,96.68,96.68,0.0,,96.68,0.0,96.68,none,0,,0.0,96.68,2025-08-08,other,,
T004144,EUR,C00373,P018,Pure Band 18,2,68.13,68.13,0.0,,136.26,0.0,136.26,none,0,,0.0,136.26,2025-08-08,other,,
T004145,EUR,C00032,P005,Bright Organizer 05,2,70.21,70.21,0.0,,140.42,0.0,140.42,none,0,,0.0,140.42,2025-08-08,other,,
T004146,EUR,C00027,P028,Essential Bag 28,1,98.03,98.03,0.0,,98.03,0.0,98.03,none,0,,0.0,98.03,2025-08-08,other,,
T004147,EUR,C00813,P019,Urban Bottle 19,1,61.21,55.09,0.1,LOYALTY10,61.21,6.12,55.09,none,0,,0.0,55.09,2025-08-08,other,,
T004148,EUR,C00863,P004,Essential Bag 04,1,83.73,71.17,0.15,WEEKEND15,83.73,12.56,71.17,full,1,2025-08-09,71.17,0.0,2025-08-08,other,,
T004149,EUR,C00446,P028,Essential Bag 28,4,98.03,98.03,0.0,,392.12,0.0,392.12,none,0,,0.0,392.12,2025-08-08,other,,
T004150,EUR,C00824,P018,Pure Band 18,1,68.13,68.13,0.0,,68.13,0.0,68.13,none,0,,0.0,68.13,2025-08-08,website,,V006089
T004151,EUR,C00427,P025,Daily Lamp 25,1,101.88,91.69,0.1,LOYALTY10,101.88,10.19,91.69,none,0,,0.0,91.69,2025-08-08,other,,
T004152,EUR,C00324,P001,Daily Lamp 01,2,96.68,96.68,0.0,,193.36,0.0,193.36,none,0,,0.0,193.36,2025-08-08,other,,
T004153,EUR,C00194,P013,Bright Organizer 13,1,48.36,48.36,0.0,,48.36,0.0,48.36,none,0,,0.0,48.36,2025-08-08,other,,
T004154,EUR,C00700,P001,Daily Lamp 01,2,96.68,82.18,0.15,WEEKEND15,193.36,29.0,164.36,none,0,,0.0,164.36,2025-08-08,website,,V001340
T004155,EUR,C00718,P006,Active Mat 06,1,104.36,104.36,0.0,,104.36,0.0,104.36,none,0,,0.0,104.36,2025-08-09,other,,
T004156,EUR,C00224,P017,Daily Lamp 17,1,94.4,94.4,0.0,,94.4,0.0,94.4,none,0,,0.0,94.4,2025-08-09,other,,
T004157,EUR,C00290,P011,Urban Bottle 11,1,58.41,58.41,0.0,,58.41,0.0,58.41,none,0,,0.0,58.41,2025-08-09,other,,
T004158,EUR,C00510,P019,Urban Bottle 19,2,61.21,61.21,0.0,,122.42,0.0,122.42,none,0,,0.0,122.42,2025-08-09,other,,
T004159,EUR,C00928,P018,Pure Band 18,1,68.13,68.13,0.0,,68.13,0.0,68.13,none,0,,0.0,68.13,2025-08-09,other,,
T004160,EUR,C00410,P004,Essential Bag 04,1,83.73,83.73,0.0,,83.73,0.0,83.73,none,0,,0.0,83.73,2025-08-09,other,,
T004161,EUR,C00586,P028,Essential Bag 28,1,98.03,98.03,0.0,,98.03,0.0,98.03,none,0,,0.0,98.03,2025-08-09,other,,
T004162,EUR,C00791,P028,Essential Bag 28,1,98.03,98.03,0.0,,98.03,0.0,98.03,none,0,,0.0,98.03,2025-08-09,website,,V000750
T004163,EUR,C00980,P007,Calm Cream 07,1,21.92,21.92,0.0,,21.92,0.0,21.92,none,0,,0.0,21.92,2025-08-09,website,,V003775
T004164,EUR,C00825,P025,Daily Lamp 25,2,101.88,86.6,0.15,WEEKEND15,203.76,30.56,173.2,none,0,,0.0,173.2,2025-08-09,other,,
T004165,EUR,C00607,P023,Calm Cream 23,2,43.34,43.34,0.0,,86.68,0.0,86.68,partial,1,2025-08-28,43.34,43.34,2025-08-09,other,,
T004166,EUR,C00869,P008,Modern Serum 08,2,76.74,76.74,0.0,,153.48,0.0,153.48,none,0,,0.0,153.48,2025-08-09,other,,
T004167,EUR,C00337,P020,Essential Bag 20,1,23.79,21.41,0.1,LOYALTY10,23.79,2.38,21.41,none,0,,0.0,21.41,2025-08-09,other,,
T004168,EUR,C00175,P020,Essential Bag 20,1,23.79,22.6,0.05,WELCOME5,23.79,1.19,22.6,none,0,,0.0,22.6,2025-08-09,other,,
T004169,EUR,C00882,P001,Daily Lamp 01,1,96.68,96.68,0.0,,96.68,0.0,96.68,none,0,,0.0,96.68,2025-08-09,other,,
T004170,EUR,C00788,P005,Bright Organizer 05,1,70.21,70.21,0.0,,70.21,0.0,70.21,none,0,,0.0,70.21,2025-08-09,other,,
T004171,EUR,C00041,P026,Pure Band 26,1,23.03,23.03,0.0,,23.03,0.0,23.03,none,0,,0.0,23.03,2025-08-09,other,,
T004172,EUR,C00667,P011,Urban Bottle 11,1,58.41,58.41,0.0,,58.41,0.0,58.41,none,0,,0.0,58.41,2025-08-09,website,,V007732
T004173,EUR,C00086,P002,Pure Band 02,2,19.22,19.22,0.0,,38.44,0.0,38.44,none,0,,0.0,38.44,2025-08-09,website,,V008402
T004174,EUR,C00612,P008,Modern Serum 08,1,76.74,76.74,0.0,,76.74,0.0,76.74,none,0,,0.0,76.74,2025-08-09,other,,
T004175,EUR,C00193,P001,Daily Lamp 01,1,96.68,82.18,0.15,WEEKEND15,96.68,14.5,82.18,none,0,,0.0,82.18,2025-08-09,website,,V006730
T004176,EUR,C00995,P001,Daily Lamp 01,1,96.68,96.68,0.0,,96.68,0.0,96.68,none,0,,0.0,96.68,2025-08-09,other,,
T004177,EUR,C00107,P020,Essential Bag 20,1,23.79,21.41,0.1,LOYALTY10,23.79,2.38,21.41,none,0,,0.0,21.41,2025-08-09,other,,
T004178,EUR,C00093,P026,Pure Band 26,1,23.03,23.03,0.0,,23.03,0.0,23.03,none,0,,0.0,23.03,2025-08-09,other,,
T004179,EUR,C00244,P029,Bright Organizer 29,1,15.67,15.67,0.0,,15.67,0.0,15.67,none,0,,0.0,15.67,2025-08-10,other,,
T004180,EUR,C00205,P028,Essential Bag 28,1,98.03,98.03,0.0,,98.03,0.0,98.03,none,0,,0.0,98.03,2025-08-10,other,,
T004181,EUR,C00686,P023,Calm Cream 23,1,43.34,43.34,0.0,,43.34,0.0,43.34,none,0,,0.0,43.34,2025-08-10,other,,
T004182,EUR,C00643,P027,Urban Bottle 27,1,102.64,102.64,0.0,,102.64,0.0,102.64,none,0,,0.0,102.64,2025-08-10,website,,V000410
T004183,EUR,C00146,P022,Active Mat 22,1,31.79,31.79,0.0,,31.79,0.0,31.79,none,0,,0.0,31.79,2025-08-10,other,,
T004184,EUR,C00282,P020,Essential Bag 20,1,23.79,20.22,0.15,WEEKEND15,23.79,3.57,20.22,none,0,,0.0,20.22,2025-08-10,other,,
T004185,EUR,C00080,P027,Urban Bottle 27,1,102.64,102.64,0.0,,102.64,0.0,102.64,none,0,,0.0,102.64,2025-08-10,other,,
T004186,EUR,C00082,P026,Pure Band 26,1,23.03,23.03,0.0,,23.03,0.0,23.03,none,0,,0.0,23.03,2025-08-10,website,,V007740
T004187,EUR,C00308,P019,Urban Bottle 19,3,61.21,61.21,0.0,,183.63,0.0,183.63,none,0,,0.0,183.63,2025-08-10,other,,
T004188,EUR,C00968,P006,Active Mat 06,3,104.36,104.36,0.0,,313.08,0.0,313.08,none,0,,0.0,313.08,2025-08-10,other,,
T004189,EUR,C00654,P018,Pure Band 18,2,68.13,57.91,0.15,WEEKEND15,136.26,20.44,115.82,none,0,,0.0,115.82,2025-08-10,other,,
T004190,EUR,C00324,P006,Active Mat 06,1,104.36,104.36,0.0,,104.36,0.0,104.36,full,1,2025-08-12,104.36,0.0,2025-08-10,website,,V000933
T004191,EUR,C00599,P026,Pure Band 26,1,23.03,20.73,0.1,LOYALTY10,23.03,2.3,20.73,none,0,,0.0,20.73,2025-08-10,other,,
T004192,EUR,C00746,P011,Urban Bottle 11,1,58.41,58.41,0.0,,58.41,0.0,58.41,none,0,,0.0,58.41,2025-08-10,other,,
T004193,EUR,C00433,P002,Pure Band 02,1,19.22,19.22,0.0,,19.22,0.0,19.22,none,0,,0.0,19.22,2025-08-10,other,,
T004194,EUR,C00626,P029,Bright Organizer 29,1,15.67,15.67,0.0,,15.67,0.0,15.67,none,0,,0.0,15.67,2025-08-10,other,,
T004195,EUR,C00506,P004,Essential Bag 04,1,83.73,83.73,0.0,,83.73,0.0,83.73,full,1,2025-08-27,83.73,0.0,2025-08-10,other,,
T004196,EUR,C00432,P025,Daily Lamp 25,1,101.88,96.79,0.05,WELCOME5,101.88,5.09,96.79,none,0,,0.0,96.79,2025-08-10,other,,
T004197,EUR,C00089,P013,Bright Organizer 13,1,48.36,48.36,0.0,,48.36,0.0,48.36,none,0,,0.0,48.36,2025-08-10,other,,
T004198,EUR,C00572,P007,Calm Cream 07,1,21.92,21.92,0.0,,21.92,0.0,21.92,none,0,,0.0,21.92,2025-08-10,other,,
T004199,EUR,C00718,P015,Calm Cream 15,1,26.81,26.81,0.0,,26.81,0.0,26.81,none,0,,0.0,26.81,2025-08-10,other,,
T004200,EUR,C00817,P028,Essential Bag 28,1,98.03,98.03,0.0,,98.03,0.0,98.03,none,0,,0.0,98.03,2025-08-10,other,,
T004201,EUR,C00500,P024,Modern Serum 24,1,66.52,56.54,0.15,WEEKEND15,66.52,9.98,56.54,none,0,,0.0,56.54,2025-08-10,other,,
T004202,EUR,C00224,P014,Active Mat 14,1,55.09,46.83,0.15,WEEKEND15,55.09,8.26,46.83,none,0,,0.0,46.83,2025-08-10,website,,V009603
T004203,EUR,C00815,P019,Urban Bottle 19,1,61.21,61.21,0.0,,61.21,0.0,61.21,none,0,,0.0,61.21,2025-08-10,other,,
T004204,EUR,C00346,P014,Active Mat 14,1,55.09,46.83,0.15,WEEKEND15,55.09,8.26,46.83,none,0,,0.0,46.83,2025-08-10,other,,
T004205,EUR,C00668,P004,Essential Bag 04,1,83.73,83.73,0.0,,83.73,0.0,83.73,full,1,2025-09-09,83.73,0.0,2025-08-11,other,,
T004206,EUR,C00063,P024,Modern Serum 24,1,66.52,66.52,0.0,,66.52,0.0,66.52,none,0,,0.0,66.52,2025-08-11,other,,
T004207,EUR,C00189,P025,Daily Lamp 25,2,101.88,101.88,0.0,,203.76,0.0,203.76,none,0,,0.0,203.76,2025-08-11,other,,
T004208,EUR,C00276,P016,Modern Serum 16,1,91.2,86.64,0.05,WELCOME5,91.2,4.56,86.64,none,0,,0.0,86.64,2025-08-11,website,,V009903
T004209,EUR,C00900,P019,Urban Bottle 19,1,61.21,61.21,0.0,,61.21,0.0,61.21,none,0,,0.0,61.21,2025-08-11,other,,
T004210,EUR,C00794,P001,Daily Lamp 01,1,96.68,96.68,0.0,,96.68,0.0,96.68,none,0,,0.0,96.68,2025-08-11,other,,
T004211,EUR,C00326,P021,Bright Organizer 21,2,91.23,91.23,0.0,,182.46,0.0,182.46,none,0,,0.0,182.46,2025-08-11,other,,
T004212,EUR,C00254,P013,Bright Organizer 13,1,48.36,48.36,0.0,,48.36,0.0,48.36,none,0,,0.0,48.36,2025-08-11,other,,
T004213,EUR,C00248,P014,Active Mat 14,2,55.09,55.09,0.0,,110.18,0.0,110.18,none,0,,0.0,110.18,2025-08-11,other,,
T004214,EUR,C00649,P004,Essential Bag 04,1,83.73,83.73,0.0,,83.73,0.0,83.73,none,0,,0.0,83.73,2025-08-11,other,,
T004215,EUR,C00089,P002,Pure Band 02,1,19.22,16.34,0.15,WEEKEND15,19.22,2.88,16.34,none,0,,0.0,16.34,2025-08-11,other,,
T004216,EUR,C00642,P028,Essential Bag 28,4,98.03,98.03,0.0,,392.12,0.0,392.12,none,0,,0.0,392.12,2025-08-11,website,,V000066
T004217,EUR,C00333,P007,Calm Cream 07,1,21.92,19.73,0.1,LOYALTY10,21.92,2.19,19.73,none,0,,0.0,19.73,2025-08-11,other,,
T004218,EUR,C00402,P005,Bright Organizer 05,1,70.21,59.68,0.15,WEEKEND15,70.21,10.53,59.68,none,0,,0.0,59.68,2025-08-11,other,,
T004219,EUR,C00958,P019,Urban Bottle 19,1,61.21,61.21,0.0,,61.21,0.0,61.21,none,0,,0.0,61.21,2025-08-11,other,,
T004220,EUR,C00006,P012,Essential Bag 12,1,99.7,99.7,0.0,,99.7,0.0,99.7,none,0,,0.0,99.7,2025-08-11,website,,V008918
T004221,EUR,C00307,P022,Active Mat 22,1,31.79,30.2,0.05,WELCOME5,31.79,1.59,30.2,none,0,,0.0,30.2,2025-08-11,other,,
T004222,EUR,C00389,P013,Bright Organizer 13,1,48.36,48.36,0.0,,48.36,0.0,48.36,none,0,,0.0,48.36,2025-08-11,other,,
T004223,EUR,C00615,P008,Modern Serum 08,3,76.74,76.74,0.0,,230.22,0.0,230.22,none,0,,0.0,230.22,2025-08-11,website,,V002839
T004224,EUR,C00677,P021,Bright Organizer 21,2,91.23,91.23,0.0,,182.46,0.0,182.46,none,0,,0.0,182.46,2025-08-11,other,,
T004225,EUR,C00421,P024,Modern Serum 24,1,66.52,66.52,0.0,,66.52,0.0,66.52,none,0,,0.0,66.52,2025-08-11,other,,
T004226,EUR,C00749,P018,Pure Band 18,1,68.13,68.13,0.0,,68.13,0.0,68.13,none,0,,0.0,68.13,2025-08-11,other,,
T004227,EUR,C00903,P028,Essential Bag 28,1,98.03,98.03,0.0,,98.03,0.0,98.03,none,0,,0.0,98.03,2025-08-11,other,,
T004228,EUR,C00234,P001,Daily Lamp 01,1,96.68,96.68,0.0,,96.68,0.0,96.68,none,0,,0.0,96.68,2025-08-11,website,,V008991
T004229,EUR,C00976,P013,Bright Organizer 13,1,48.36,45.94,0.05,WELCOME5,48.36,2.42,45.94,none,0,,0.0,45.94,2025-08-11,other,,
T004230,EUR,C00101,P003,Urban Bottle 03,1,105.26,105.26,0.0,,105.26,0.0,105.26,none,0,,0.0,105.26,2025-08-12,website,,V001581
T004231,EUR,C00286,P009,Daily Lamp 09,1,27.05,27.05,0.0,,27.05,0.0,27.05,none,0,,0.0,27.05,2025-08-12,other,,
T004232,EUR,C00829,P005,Bright Organizer 05,1,70.21,66.7,0.05,WELCOME5,70.21,3.51,66.7,none,0,,0.0,66.7,2025-08-12,other,,
T004233,EUR,C00513,P026,Pure Band 26,3,23.03,23.03,0.0,,69.09,0.0,69.09,none,0,,0.0,69.09,2025-08-12,website,,V008570
T004234,EUR,C00535,P002,Pure Band 02,1,19.22,17.3,0.1,LOYALTY10,19.22,1.92,17.3,none,0,,0.0,17.3,2025-08-12,website,,V009737
T004235,EUR,C00905,P010,Pure Band 10,1,31.57,31.57,0.0,,31.57,0.0,31.57,none,0,,0.0,31.57,2025-08-12,other,,
T004236,EUR,C00742,P001,Daily Lamp 01,2,96.68,96.68,0.0,,193.36,0.0,193.36,none,0,,0.0,193.36,2025-08-12,other,,
T004237,EUR,C00230,P010,Pure Band 10,1,31.57,31.57,0.0,,31.57,0.0,31.57,none,0,,0.0,31.57,2025-08-12,website,,V002291
T004238,EUR,C00699,P021,Bright Organizer 21,1,91.23,91.23,0.0,,91.23,0.0,91.23,none,0,,0.0,91.23,2025-08-12,other,,
T004239,EUR,C00099,P006,Active Mat 06,1,104.36,93.92,0.1,LOYALTY10,104.36,10.44,93.92,none,0,,0.0,93.92,2025-08-12,other,,
T004240,EUR,C00297,P014,Active Mat 14,1,55.09,55.09,0.0,,55.09,0.0,55.09,none,0,,0.0,55.09,2025-08-12,other,,
T004241,EUR,C00232,P026,Pure Band 26,2,23.03,21.88,0.05,WELCOME5,46.06,2.3,43.76,none,0,,0.0,43.76,2025-08-12,other,,
T004242,EUR,C00414,P015,Calm Cream 15,4,26.81,26.81,0.0,,107.24,0.0,107.24,none,0,,0.0,107.24,2025-08-12,other,,
T004243,EUR,C00678,P020,Essential Bag 20,3,23.79,23.79,0.0,,71.37,0.0,71.37,none,0,,0.0,71.37,2025-08-12,other,,
T004244,EUR,C00250,P017,Daily Lamp 17,2,94.4,94.4,0.0,,188.8,0.0,188.8,none,0,,0.0,188.8,2025-08-13,other,,
T004245,EUR,C00026,P011,Urban Bottle 11,3,58.41,58.41,0.0,,175.23,0.0,175.23,none,0,,0.0,175.23,2025-08-13,other,,
T004246,EUR,C00536,P004,Essential Bag 04,1,83.73,83.73,0.0,,83.73,0.0,83.73,none,0,,0.0,83.73,2025-08-13,other,,
T004247,EUR,C00918,P011,Urban Bottle 11,1,58.41,58.41,0.0,,58.41,0.0,58.41,none,0,,0.0,58.41,2025-08-13,other,,
T004248,EUR,C00144,P020,Essential Bag 20,1,23.79,23.79,0.0,,23.79,0.0,23.79,none,0,,0.0,23.79,2025-08-13,other,,
T004249,EUR,C00230,P009,Daily Lamp 09,1,27.05,27.05,0.0,,27.05,0.0,27.05,none,0,,0.0,27.05,2025-08-13,other,,
T004250,EUR,C00549,P001,Daily Lamp 01,1,96.68,96.68,0.0,,96.68,0.0,96.68,full,1,2025-08-25,96.68,0.0,2025-08-13,website,,V006550
T004251,EUR,C00702,P014,Active Mat 14,1,55.09,49.58,0.1,LOYALTY10,55.09,5.51,49.58,none,0,,0.0,49.58,2025-08-13,other,,
T004252,EUR,C00373,P013,Bright Organizer 13,1,48.36,48.36,0.0,,48.36,0.0,48.36,none,0,,0.0,48.36,2025-08-13,other,,
T004253,EUR,C00588,P002,Pure Band 02,3,19.22,19.22,0.0,,57.66,0.0,57.66,none,0,,0.0,57.66,2025-08-13,other,,
T004254,EUR,C00803,P025,Daily Lamp 25,1,101.88,101.88,0.0,,101.88,0.0,101.88,full,1,2025-08-15,101.88,0.0,2025-08-13,other,,
T004255,EUR,C00391,P003,Urban Bottle 03,1,105.26,105.26,0.0,,105.26,0.0,105.26,none,0,,0.0,105.26,2025-08-13,other,,
T004256,EUR,C00509,P017,Daily Lamp 17,1,94.4,94.4,0.0,,94.4,0.0,94.4,none,0,,0.0,94.4,2025-08-13,other,,
T004257,EUR,C00365,P025,Daily Lamp 25,1,101.88,101.88,0.0,,101.88,0.0,101.88,none,0,,0.0,101.88,2025-08-13,other,,
T004258,EUR,C00819,P022,Active Mat 22,1,31.79,31.79,0.0,,31.79,0.0,31.79,full,1,2025-09-10,31.79,0.0,2025-08-13,other,,
T004259,EUR,C00743,P010,Pure Band 10,1,31.57,31.57,0.0,,31.57,0.0,31.57,none,0,,0.0,31.57,2025-08-13,other,,
T004260,EUR,C00028,P008,Modern Serum 08,2,76.74,72.9,0.05,WELCOME5,153.48,7.68,145.8,none,0,,0.0,145.8,2025-08-13,other,,
T004261,EUR,C00229,P004,Essential Bag 04,2,83.73,83.73,0.0,,167.46,0.0,167.46,none,0,,0.0,167.46,2025-08-14,website,,V003375
T004262,EUR,C00367,P009,Daily Lamp 09,1,27.05,22.99,0.15,WEEKEND15,27.05,4.06,22.99,none,0,,0.0,22.99,2025-08-14,other,,
T004263,EUR,C00442,P024,Modern Serum 24,1,66.52,66.52,0.0,,66.52,0.0,66.52,none,0,,0.0,66.52,2025-08-14,website,,V002488
T004264,EUR,C00055,P026,Pure Band 26,1,23.03,23.03,0.0,,23.03,0.0,23.03,full,1,2025-08-31,23.03,0.0,2025-08-14,other,,
T004265,EUR,C00690,P018,Pure Band 18,1,68.13,68.13,0.0,,68.13,0.0,68.13,none,0,,0.0,68.13,2025-08-14,other,,
T004266,EUR,C00723,P013,Bright Organizer 13,3,48.36,43.52,0.1,LOYALTY10,145.08,14.52,130.56,none,0,,0.0,130.56,2025-08-14,other,,
T004267,EUR,C00599,P001,Daily Lamp 01,2,96.68,96.68,0.0,,193.36,0.0,193.36,none,0,,0.0,193.36,2025-08-14,other,,
T004268,EUR,C00681,P004,Essential Bag 04,1,83.73,83.73,0.0,,83.73,0.0,83.73,none,0,,0.0,83.73,2025-08-14,other,,
T004269,EUR,C00649,P018,Pure Band 18,1,68.13,68.13,0.0,,68.13,0.0,68.13,none,0,,0.0,68.13,2025-08-14,other,,
T004270,EUR,C00557,P028,Essential Bag 28,3,98.03,93.13,0.05,WELCOME5,294.09,14.7,279.39,none,0,,0.0,279.39,2025-08-14,other,,
T004271,EUR,C00127,P001,Daily Lamp 01,1,96.68,96.68,0.0,,96.68,0.0,96.68,none,0,,0.0,96.68,2025-08-14,other,,
T004272,EUR,C00454,P027,Urban Bottle 27,2,102.64,102.64,0.0,,205.28,0.0,205.28,none,0,,0.0,205.28,2025-08-14,other,,
T004273,EUR,C00468,P028,Essential Bag 28,1,98.03,98.03,0.0,,98.03,0.0,98.03,full,1,2025-09-10,98.03,0.0,2025-08-14,other,,
T004274,EUR,C00945,P013,Bright Organizer 13,2,48.36,48.36,0.0,,96.72,0.0,96.72,none,0,,0.0,96.72,2025-08-14,other,,
T004275,EUR,C00996,P018,Pure Band 18,1,68.13,68.13,0.0,,68.13,0.0,68.13,none,0,,0.0,68.13,2025-08-14,other,,
T004276,EUR,C00682,P015,Calm Cream 15,1,26.81,24.13,0.1,LOYALTY10,26.81,2.68,24.13,none,0,,0.0,24.13,2025-08-14,other,,
T004277,EUR,C00706,P013,Bright Organizer 13,1,48.36,48.36,0.0,,48.36,0.0,48.36,none,0,,0.0,48.36,2025-08-14,other,,
T004278,EUR,C00236,P001,Daily Lamp 01,2,96.68,96.68,0.0,,193.36,0.0,193.36,none,0,,0.0,193.36,2025-08-14,other,,
T004279,EUR,C00501,P021,Bright Organizer 21,1,91.23,91.23,0.0,,91.23,0.0,91.23,none,0,,0.0,91.23,2025-08-14,website,,V005285
T004280,EUR,C00127,P016,Modern Serum 16,1,91.2,91.2,0.0,,91.2,0.0,91.2,none,0,,0.0,91.2,2025-08-14,website,,V004682
T004281,EUR,C00984,P007,Calm Cream 07,2,21.92,21.92,0.0,,43.84,0.0,43.84,none,0,,0.0,43.84,2025-08-14,other,,
T004282,EUR,C00021,P016,Modern Serum 16,1,91.2,91.2,0.0,,91.2,0.0,91.2,none,0,,0.0,91.2,2025-08-14,other,,
T004283,EUR,C00254,P012,Essential Bag 12,1,99.7,99.7,0.0,,99.7,0.0,99.7,none,0,,0.0,99.7,2025-08-15,other,,
T004284,EUR,C00788,P017,Daily Lamp 17,3,94.4,94.4,0.0,,283.2,0.0,283.2,none,0,,0.0,283.2,2025-08-15,other,,
T004285,EUR,C00152,P013,Bright Organizer 13,1,48.36,48.36,0.0,,48.36,0.0,48.36,none,0,,0.0,48.36,2025-08-15,other,,
T004286,EUR,C00493,P005,Bright Organizer 05,1,70.21,70.21,0.0,,70.21,0.0,70.21,none,0,,0.0,70.21,2025-08-15,other,,
T004287,EUR,C00846,P030,Active Mat 30,1,15.8,13.43,0.15,WEEKEND15,15.8,2.37,13.43,none,0,,0.0,13.43,2025-08-15,other,,
T004288,EUR,C00226,P006,Active Mat 06,1,104.36,104.36,0.0,,104.36,0.0,104.36,none,0,,0.0,104.36,2025-08-15,other,,
T004289,EUR,C00502,P014,Active Mat 14,1,55.09,55.09,0.0,,55.09,0.0,55.09,full,1,2025-08-19,55.09,0.0,2025-08-15,other,,
T004290,EUR,C00926,P016,Modern Serum 16,2,91.2,91.2,0.0,,182.4,0.0,182.4,none,0,,0.0,182.4,2025-08-15,website,,V005763
T004291,EUR,C00217,P003,Urban Bottle 03,2,105.26,105.26,0.0,,210.52,0.0,210.52,none,0,,0.0,210.52,2025-08-15,other,,
T004292,EUR,C00905,P024,Modern Serum 24,2,66.52,66.52,0.0,,133.04,0.0,133.04,none,0,,0.0,133.04,2025-08-15,other,,
T004293,EUR,C00952,P009,Daily Lamp 09,1,27.05,27.05,0.0,,27.05,0.0,27.05,none,0,,0.0,27.05,2025-08-15,other,,
T004294,EUR,C00387,P003,Urban Bottle 03,4,105.26,105.26,0.0,,421.04,0.0,421.04,none,0,,0.0,421.04,2025-08-15,website,,V005068
T004295,EUR,C00351,P028,Essential Bag 28,3,98.03,98.03,0.0,,294.09,0.0,294.09,none,0,,0.0,294.09,2025-08-15,other,,
T004296,EUR,C00004,P008,Modern Serum 08,1,76.74,76.74,0.0,,76.74,0.0,76.74,none,0,,0.0,76.74,2025-08-15,other,,
T004297,EUR,C00612,P018,Pure Band 18,1,68.13,68.13,0.0,,68.13,0.0,68.13,none,0,,0.0,68.13,2025-08-15,other,,
T004298,EUR,C00622,P019,Urban Bottle 19,1,61.21,58.15,0.05,WELCOME5,61.21,3.06,58.15,none,0,,0.0,58.15,2025-08-15,other,,
T004299,EUR,C00276,P008,Modern Serum 08,2,76.74,72.9,0.05,SUMMER5,153.48,7.68,145.8,none,0,,0.0,145.8,2025-08-15,marketing_campaign,SEND006089,V010799
T004300,EUR,C00659,P015,Calm Cream 15,3,26.81,26.81,0.0,,80.43,0.0,80.43,none,0,,0.0,80.43,2025-08-15,other,,
T004301,EUR,C00906,P019,Urban Bottle 19,1,61.21,61.21,0.0,,61.21,0.0,61.21,none,0,,0.0,61.21,2025-08-15,other,,
T004302,EUR,C00974,P023,Calm Cream 23,1,43.34,43.34,0.0,,43.34,0.0,43.34,none,0,,0.0,43.34,2025-08-15,other,,
T004303,EUR,C00418,P002,Pure Band 02,1,19.22,19.22,0.0,,19.22,0.0,19.22,none,0,,0.0,19.22,2025-08-15,website,,V003262
T004304,EUR,C00639,P030,Active Mat 30,2,15.8,15.01,0.05,WELCOME5,31.6,1.58,30.02,none,0,,0.0,30.02,2025-08-15,other,,
T004305,EUR,C00666,P023,Calm Cream 23,1,43.34,43.34,0.0,,43.34,0.0,43.34,none,0,,0.0,43.34,2025-08-15,other,,
T004306,EUR,C00158,P019,Urban Bottle 19,4,61.21,58.15,0.05,WELCOME5,244.84,12.24,232.6,full,4,2025-09-14,232.6,0.0,2025-08-16,other,,
T004307,EUR,C00377,P019,Urban Bottle 19,1,61.21,58.15,0.05,WELCOME5,61.21,3.06,58.15,none,0,,0.0,58.15,2025-08-16,other,,
T004308,EUR,C00072,P018,Pure Band 18,1,68.13,68.13,0.0,,68.13,0.0,68.13,none,0,,0.0,68.13,2025-08-16,other,,
T004309,EUR,C00012,P005,Bright Organizer 05,1,70.21,63.19,0.1,LOYALTY10,70.21,7.02,63.19,full,1,2025-09-12,63.19,0.0,2025-08-16,other,,
T004310,EUR,C00014,P025,Daily Lamp 25,3,101.88,101.88,0.0,,305.64,0.0,305.64,none,0,,0.0,305.64,2025-08-16,other,,
T004311,EUR,C00757,P022,Active Mat 22,1,31.79,31.79,0.0,,31.79,0.0,31.79,none,0,,0.0,31.79,2025-08-16,other,,
T004312,EUR,C00756,P019,Urban Bottle 19,1,61.21,61.21,0.0,,61.21,0.0,61.21,none,0,,0.0,61.21,2025-08-16,other,,
T004313,EUR,C00847,P012,Essential Bag 12,3,99.7,99.7,0.0,,299.1,0.0,299.1,none,0,,0.0,299.1,2025-08-16,website,,V006955
T004314,EUR,C00431,P003,Urban Bottle 03,2,105.26,105.26,0.0,,210.52,0.0,210.52,none,0,,0.0,210.52,2025-08-16,other,,
T004315,EUR,C00916,P009,Daily Lamp 09,1,27.05,24.35,0.1,LOYALTY10,27.05,2.7,24.35,none,0,,0.0,24.35,2025-08-16,other,,
T004316,EUR,C00709,P006,Active Mat 06,1,104.36,104.36,0.0,,104.36,0.0,104.36,none,0,,0.0,104.36,2025-08-16,other,,
T004317,EUR,C00652,P014,Active Mat 14,1,55.09,55.09,0.0,,55.09,0.0,55.09,none,0,,0.0,55.09,2025-08-16,other,,
T004318,EUR,C00013,P024,Modern Serum 24,3,66.52,66.52,0.0,,199.56,0.0,199.56,none,0,,0.0,199.56,2025-08-16,other,,
T004319,EUR,C00232,P003,Urban Bottle 03,1,105.26,100.0,0.05,WELCOME5,105.26,5.26,100.0,none,0,,0.0,100.0,2025-08-16,website,,V000588
T004320,EUR,C00607,P007,Calm Cream 07,1,21.92,21.92,0.0,,21.92,0.0,21.92,none,0,,0.0,21.92,2025-08-16,other,,
T004321,EUR,C00767,P020,Essential Bag 20,2,23.79,23.79,0.0,,47.58,0.0,47.58,full,2,2025-09-15,47.58,0.0,2025-08-16,other,,
T004322,EUR,C00986,P003,Urban Bottle 03,1,105.26,89.47,0.15,WEEKEND15,105.26,15.79,89.47,none,0,,0.0,89.47,2025-08-16,other,,
T004323,EUR,C00025,P010,Pure Band 10,1,31.57,31.57,0.0,,31.57,0.0,31.57,none,0,,0.0,31.57,2025-08-16,website,,V007205
T004324,EUR,C00532,P003,Urban Bottle 03,1,105.26,105.26,0.0,,105.26,0.0,105.26,none,0,,0.0,105.26,2025-08-16,other,,
T004325,EUR,C00799,P018,Pure Band 18,2,68.13,68.13,0.0,,136.26,0.0,136.26,none,0,,0.0,136.26,2025-08-16,other,,
T004326,EUR,C00687,P012,Essential Bag 12,1,99.7,99.7,0.0,,99.7,0.0,99.7,none,0,,0.0,99.7,2025-08-16,website,,V001372
T004327,EUR,C00384,P002,Pure Band 02,2,19.22,19.22,0.0,,38.44,0.0,38.44,none,0,,0.0,38.44,2025-08-16,other,,
T004328,EUR,C00976,P012,Essential Bag 12,1,99.7,99.7,0.0,,99.7,0.0,99.7,none,0,,0.0,99.7,2025-08-16,other,,
T004329,EUR,C00639,P013,Bright Organizer 13,1,48.36,48.36,0.0,,48.36,0.0,48.36,none,0,,0.0,48.36,2025-08-16,other,,
T004330,EUR,C00191,P022,Active Mat 22,1,31.79,31.79,0.0,,31.79,0.0,31.79,none,0,,0.0,31.79,2025-08-16,other,,
T004331,EUR,C00760,P023,Calm Cream 23,1,43.34,43.34,0.0,,43.34,0.0,43.34,none,0,,0.0,43.34,2025-08-16,other,,
T004332,EUR,C00534,P002,Pure Band 02,1,19.22,18.26,0.05,WELCOME5,19.22,0.96,18.26,none,0,,0.0,18.26,2025-08-16,other,,
T004333,EUR,C00331,P005,Bright Organizer 05,1,70.21,70.21,0.0,,70.21,0.0,70.21,none,0,,0.0,70.21,2025-08-16,other,,
T004334,EUR,C00519,P028,Essential Bag 28,1,98.03,88.23,0.1,LOYALTY10,98.03,9.8,88.23,none,0,,0.0,88.23,2025-08-16,other,,
T004335,EUR,C00828,P007,Calm Cream 07,3,21.92,21.92,0.0,,65.76,0.0,65.76,none,0,,0.0,65.76,2025-08-16,other,,
T004336,EUR,C00809,P017,Daily Lamp 17,1,94.4,80.24,0.15,WEEKEND15,94.4,14.16,80.24,none,0,,0.0,80.24,2025-08-16,other,,
T004337,EUR,C00333,P013,Bright Organizer 13,1,48.36,48.36,0.0,,48.36,0.0,48.36,none,0,,0.0,48.36,2025-08-17,other,,
T004338,EUR,C00296,P010,Pure Band 10,1,31.57,31.57,0.0,,31.57,0.0,31.57,none,0,,0.0,31.57,2025-08-17,other,,
T004339,EUR,C00020,P008,Modern Serum 08,2,76.74,76.74,0.0,,153.48,0.0,153.48,none,0,,0.0,153.48,2025-08-17,other,,
T004340,EUR,C00487,P027,Urban Bottle 27,1,102.64,102.64,0.0,,102.64,0.0,102.64,none,0,,0.0,102.64,2025-08-17,other,,
T004341,EUR,C00379,P002,Pure Band 02,1,19.22,19.22,0.0,,19.22,0.0,19.22,none,0,,0.0,19.22,2025-08-17,other,,
T004342,EUR,C00555,P005,Bright Organizer 05,1,70.21,63.19,0.1,ROUTINE10,70.21,7.02,63.19,none,0,,0.0,63.19,2025-08-17,marketing_campaign,SEND001927,V010253
T004343,EUR,C00911,P024,Modern Serum 24,1,66.52,56.54,0.15,WEEKEND15,66.52,9.98,56.54,none,0,,0.0,56.54,2025-08-17,other,,
T004344,EUR,C00201,P019,Urban Bottle 19,1,61.21,55.09,0.1,LOYALTY10,61.21,6.12,55.09,none,0,,0.0,55.09,2025-08-17,other,,
T004345,EUR,C00182,P015,Calm Cream 15,1,26.81,26.81,0.0,,26.81,0.0,26.81,none,0,,0.0,26.81,2025-08-17,other,,
T004346,EUR,C00095,P023,Calm Cream 23,2,43.34,43.34,0.0,,86.68,0.0,86.68,none,0,,0.0,86.68,2025-08-17,other,,
T004347,EUR,C00330,P013,Bright Organizer 13,1,48.36,48.36,0.0,,48.36,0.0,48.36,none,0,,0.0,48.36,2025-08-17,other,,
T004348,EUR,C00366,P025,Daily Lamp 25,1,101.88,96.79,0.05,WELCOME5,101.88,5.09,96.79,none,0,,0.0,96.79,2025-08-17,other,,
T004349,EUR,C00013,P023,Calm Cream 23,1,43.34,43.34,0.0,,43.34,0.0,43.34,none,0,,0.0,43.34,2025-08-17,other,,
T004350,EUR,C00827,P030,Active Mat 30,1,15.8,13.43,0.15,WEEKEND15,15.8,2.37,13.43,none,0,,0.0,13.43,2025-08-17,other,,
T004351,EUR,C00720,P018,Pure Band 18,1,68.13,68.13,0.0,,68.13,0.0,68.13,none,0,,0.0,68.13,2025-08-17,website,,V003815
T004352,EUR,C00593,P003,Urban Bottle 03,1,105.26,100.0,0.05,WELCOME5,105.26,5.26,100.0,none,0,,0.0,100.0,2025-08-17,other,,
T004353,EUR,C00714,P017,Daily Lamp 17,1,94.4,94.4,0.0,,94.4,0.0,94.4,full,1,2025-08-18,94.4,0.0,2025-08-17,other,,
T004354,EUR,C00287,P018,Pure Band 18,2,68.13,68.13,0.0,,136.26,0.0,136.26,full,2,2025-09-01,136.26,0.0,2025-08-18,other,,
T004355,EUR,C00130,P005,Bright Organizer 05,1,70.21,66.7,0.05,WELCOME5,70.21,3.51,66.7,none,0,,0.0,66.7,2025-08-18,other,,
T004356,EUR,C00608,P009,Daily Lamp 09,1,27.05,27.05,0.0,,27.05,0.0,27.05,none,0,,0.0,27.05,2025-08-18,other,,
T004357,EUR,C00945,P011,Urban Bottle 11,1,58.41,58.41,0.0,,58.41,0.0,58.41,none,0,,0.0,58.41,2025-08-18,other,,
T004358,EUR,C00246,P013,Bright Organizer 13,1,48.36,48.36,0.0,,48.36,0.0,48.36,full,1,2025-09-12,48.36,0.0,2025-08-18,other,,
T004359,EUR,C00138,P013,Bright Organizer 13,1,48.36,48.36,0.0,,48.36,0.0,48.36,none,0,,0.0,48.36,2025-08-18,website,,V000572
T004360,EUR,C00805,P024,Modern Serum 24,1,66.52,59.87,0.1,LOYALTY10,66.52,6.65,59.87,none,0,,0.0,59.87,2025-08-18,other,,
T004361,EUR,C00558,P004,Essential Bag 04,1,83.73,83.73,0.0,,83.73,0.0,83.73,none,0,,0.0,83.73,2025-08-18,website,,V004355
T004362,EUR,C00106,P016,Modern Serum 16,4,91.2,91.2,0.0,,364.8,0.0,364.8,full,4,2025-09-10,364.8,0.0,2025-08-18,other,,
T004363,EUR,C00968,P014,Active Mat 14,1,55.09,55.09,0.0,,55.09,0.0,55.09,none,0,,0.0,55.09,2025-08-18,other,,
T004364,EUR,C00293,P022,Active Mat 22,1,31.79,31.79,0.0,,31.79,0.0,31.79,full,1,2025-09-06,31.79,0.0,2025-08-18,other,,
T004365,EUR,C00608,P016,Modern Serum 16,2,91.2,82.08,0.1,ROUTINE10,182.4,18.24,164.16,none,0,,0.0,164.16,2025-08-18,marketing_campaign,SEND002240,V010301
T004366,EUR,C00907,P002,Pure Band 02,2,19.22,17.3,0.1,LOYALTY10,38.44,3.84,34.6,none,0,,0.0,34.6,2025-08-18,other,,
T004367,EUR,C00904,P027,Urban Bottle 27,1,102.64,97.51,0.05,WELCOME5,102.64,5.13,97.51,none,0,,0.0,97.51,2025-08-18,other,,
T004368,EUR,C00392,P028,Essential Bag 28,1,98.03,98.03,0.0,,98.03,0.0,98.03,none,0,,0.0,98.03,2025-08-18,other,,
T004369,EUR,C00828,P010,Pure Band 10,1,31.57,28.41,0.1,LOYALTY10,31.57,3.16,28.41,none,0,,0.0,28.41,2025-08-19,other,,
T004370,EUR,C00990,P025,Daily Lamp 25,1,101.88,101.88,0.0,,101.88,0.0,101.88,none,0,,0.0,101.88,2025-08-19,other,,
T004371,EUR,C00633,P014,Active Mat 14,1,55.09,55.09,0.0,,55.09,0.0,55.09,full,1,2025-08-23,55.09,0.0,2025-08-19,other,,
T004372,EUR,C00360,P013,Bright Organizer 13,1,48.36,48.36,0.0,,48.36,0.0,48.36,none,0,,0.0,48.36,2025-08-19,other,,
T004373,EUR,C00700,P029,Bright Organizer 29,2,15.67,13.32,0.15,WEEKEND15,31.34,4.7,26.64,none,0,,0.0,26.64,2025-08-19,other,,
T004374,EUR,C00504,P025,Daily Lamp 25,1,101.88,91.69,0.1,ROUTINE10,101.88,10.19,91.69,none,0,,0.0,91.69,2025-08-19,marketing_campaign,SEND002839,V010382
T004375,EUR,C00763,P019,Urban Bottle 19,1,61.21,61.21,0.0,,61.21,0.0,61.21,none,0,,0.0,61.21,2025-08-19,other,,
T004376,EUR,C00449,P030,Active Mat 30,3,15.8,15.8,0.0,,47.4,0.0,47.4,none,0,,0.0,47.4,2025-08-19,other,,
T004377,EUR,C00040,P010,Pure Band 10,1,31.57,31.57,0.0,,31.57,0.0,31.57,none,0,,0.0,31.57,2025-08-19,other,,
T004378,EUR,C00515,P019,Urban Bottle 19,1,61.21,61.21,0.0,,61.21,0.0,61.21,none,0,,0.0,61.21,2025-08-19,other,,
T004379,EUR,C00889,P015,Calm Cream 15,1,26.81,26.81,0.0,,26.81,0.0,26.81,none,0,,0.0,26.81,2025-08-19,other,,
T004380,EUR,C00272,P018,Pure Band 18,1,68.13,68.13,0.0,,68.13,0.0,68.13,none,0,,0.0,68.13,2025-08-19,other,,
T004381,EUR,C00312,P025,Daily Lamp 25,2,101.88,101.88,0.0,,203.76,0.0,203.76,none,0,,0.0,203.76,2025-08-19,website,,V002316
T004382,EUR,C00391,P016,Modern Serum 16,1,91.2,91.2,0.0,,91.2,0.0,91.2,none,0,,0.0,91.2,2025-08-19,website,,V000662
T004383,EUR,C00476,P026,Pure Band 26,1,23.03,23.03,0.0,,23.03,0.0,23.03,none,0,,0.0,23.03,2025-08-19,other,,
T004384,EUR,C00270,P013,Bright Organizer 13,2,48.36,48.36,0.0,,96.72,0.0,96.72,none,0,,0.0,96.72,2025-08-19,other,,
T004385,EUR,C00570,P011,Urban Bottle 11,1,58.41,58.41,0.0,,58.41,0.0,58.41,none,0,,0.0,58.41,2025-08-20,other,,
T004386,EUR,C00138,P013,Bright Organizer 13,1,48.36,43.52,0.1,LOYALTY10,48.36,4.84,43.52,none,0,,0.0,43.52,2025-08-20,other,,
T004387,EUR,C00276,P005,Bright Organizer 05,1,70.21,70.21,0.0,,70.21,0.0,70.21,none,0,,0.0,70.21,2025-08-20,other,,
T004388,EUR,C00282,P028,Essential Bag 28,1,98.03,98.03,0.0,,98.03,0.0,98.03,none,0,,0.0,98.03,2025-08-20,other,,
T004389,EUR,C00222,P022,Active Mat 22,1,31.79,31.79,0.0,,31.79,0.0,31.79,none,0,,0.0,31.79,2025-08-20,other,,
T004390,EUR,C00490,P028,Essential Bag 28,1,98.03,98.03,0.0,,98.03,0.0,98.03,none,0,,0.0,98.03,2025-08-20,other,,
T004391,EUR,C00345,P018,Pure Band 18,1,68.13,64.72,0.05,SUMMER5,68.13,3.41,64.72,none,0,,0.0,64.72,2025-08-20,marketing_campaign,SEND001631,V010210
T004392,EUR,C00850,P007,Calm Cream 07,2,21.92,21.92,0.0,,43.84,0.0,43.84,none,0,,0.0,43.84,2025-08-20,other,,
T004393,EUR,C00368,P021,Bright Organizer 21,2,91.23,91.23,0.0,,182.46,0.0,182.46,none,0,,0.0,182.46,2025-08-20,other,,
T004394,EUR,C00282,P003,Urban Bottle 03,1,105.26,105.26,0.0,,105.26,0.0,105.26,none,0,,0.0,105.26,2025-08-20,other,,
T004395,EUR,C00642,P009,Daily Lamp 09,2,27.05,27.05,0.0,,54.1,0.0,54.1,none,0,,0.0,54.1,2025-08-20,other,,
T004396,EUR,C00455,P013,Bright Organizer 13,2,48.36,48.36,0.0,,96.72,0.0,96.72,none,0,,0.0,96.72,2025-08-20,other,,
T004397,EUR,C00121,P003,Urban Bottle 03,1,105.26,105.26,0.0,,105.26,0.0,105.26,none,0,,0.0,105.26,2025-08-20,website,,V003609
T004398,EUR,C00512,P024,Modern Serum 24,3,66.52,66.52,0.0,,199.56,0.0,199.56,none,0,,0.0,199.56,2025-08-20,other,,
T004399,EUR,C00308,P017,Daily Lamp 17,2,94.4,94.4,0.0,,188.8,0.0,188.8,none,0,,0.0,188.8,2025-08-20,other,,
T004400,EUR,C00342,P023,Calm Cream 23,2,43.34,43.34,0.0,,86.68,0.0,86.68,none,0,,0.0,86.68,2025-08-20,other,,
T004401,EUR,C00341,P006,Active Mat 06,1,104.36,104.36,0.0,,104.36,0.0,104.36,none,0,,0.0,104.36,2025-08-21,other,,
T004402,EUR,C00018,P007,Calm Cream 07,1,21.92,20.82,0.05,WELCOME5,21.92,1.1,20.82,none,0,,0.0,20.82,2025-08-21,other,,
T004403,EUR,C00016,P006,Active Mat 06,1,104.36,93.92,0.1,LOYALTY10,104.36,10.44,93.92,none,0,,0.0,93.92,2025-08-21,other,,
T004404,EUR,C00870,P030,Active Mat 30,2,15.8,15.8,0.0,,31.6,0.0,31.6,none,0,,0.0,31.6,2025-08-21,other,,
T004405,EUR,C00349,P021,Bright Organizer 21,1,91.23,91.23,0.0,,91.23,0.0,91.23,none,0,,0.0,91.23,2025-08-21,other,,
T004406,EUR,C00666,P002,Pure Band 02,2,19.22,19.22,0.0,,38.44,0.0,38.44,none,0,,0.0,38.44,2025-08-21,other,,
T004407,EUR,C00644,P020,Essential Bag 20,2,23.79,23.79,0.0,,47.58,0.0,47.58,none,0,,0.0,47.58,2025-08-21,other,,
T004408,EUR,C00776,P018,Pure Band 18,1,68.13,68.13,0.0,,68.13,0.0,68.13,none,0,,0.0,68.13,2025-08-21,other,,
T004409,EUR,C00741,P025,Daily Lamp 25,1,101.88,101.88,0.0,,101.88,0.0,101.88,none,0,,0.0,101.88,2025-08-21,other,,
T004410,EUR,C00180,P014,Active Mat 14,1,55.09,55.09,0.0,,55.09,0.0,55.09,none,0,,0.0,55.09,2025-08-21,other,,
T004411,EUR,C00541,P018,Pure Band 18,1,68.13,68.13,0.0,,68.13,0.0,68.13,full,1,2025-09-08,68.13,0.0,2025-08-21,other,,
T004412,EUR,C00945,P003,Urban Bottle 03,1,105.26,105.26,0.0,,105.26,0.0,105.26,none,0,,0.0,105.26,2025-08-21,other,,
T004413,EUR,C00418,P010,Pure Band 10,1,31.57,31.57,0.0,,31.57,0.0,31.57,none,0,,0.0,31.57,2025-08-21,other,,
T004414,EUR,C00934,P013,Bright Organizer 13,2,48.36,43.52,0.1,LOYALTY10,96.72,9.68,87.04,none,0,,0.0,87.04,2025-08-21,other,,
T004415,EUR,C00160,P020,Essential Bag 20,2,23.79,23.79,0.0,,47.58,0.0,47.58,none,0,,0.0,47.58,2025-08-21,other,,
T004416,EUR,C00045,P024,Modern Serum 24,1,66.52,63.19,0.05,WELCOME5,66.52,3.33,63.19,none,0,,0.0,63.19,2025-08-21,other,,
T004417,EUR,C00046,P009,Daily Lamp 09,1,27.05,27.05,0.0,,27.05,0.0,27.05,none,0,,0.0,27.05,2025-08-22,other,,
T004418,EUR,C00182,P007,Calm Cream 07,1,21.92,18.63,0.15,WEEKEND15,21.92,3.29,18.63,none,0,,0.0,18.63,2025-08-22,other,,
T004419,EUR,C00424,P020,Essential Bag 20,1,23.79,23.79,0.0,,23.79,0.0,23.79,none,0,,0.0,23.79,2025-08-22,other,,
T004420,EUR,C00350,P023,Calm Cream 23,1,43.34,41.17,0.05,SUMMER5,43.34,2.17,41.17,none,0,,0.0,41.17,2025-08-22,marketing_campaign,SEND006981,V010926
T004421,EUR,C00984,P005,Bright Organizer 05,1,70.21,70.21,0.0,,70.21,0.0,70.21,none,0,,0.0,70.21,2025-08-22,other,,
T004422,EUR,C00146,P006,Active Mat 06,1,104.36,104.36,0.0,,104.36,0.0,104.36,none,0,,0.0,104.36,2025-08-22,other,,
T004423,EUR,C00760,P015,Calm Cream 15,4,26.81,26.81,0.0,,107.24,0.0,107.24,partial,1,2025-08-30,26.81,80.43,2025-08-22,other,,
T004424,EUR,C00358,P022,Active Mat 22,1,31.79,31.79,0.0,,31.79,0.0,31.79,none,0,,0.0,31.79,2025-08-22,website,,V007888
T004425,EUR,C00818,P030,Active Mat 30,1,15.8,15.8,0.0,,15.8,0.0,15.8,none,0,,0.0,15.8,2025-08-22,other,,
T004426,EUR,C00922,P007,Calm Cream 07,1,21.92,21.92,0.0,,21.92,0.0,21.92,full,1,2025-09-19,21.92,0.0,2025-08-22,website,,V009702
T004427,EUR,C00307,P005,Bright Organizer 05,1,70.21,70.21,0.0,,70.21,0.0,70.21,none,0,,0.0,70.21,2025-08-22,other,,
T004428,EUR,C00233,P011,Urban Bottle 11,1,58.41,58.41,0.0,,58.41,0.0,58.41,none,0,,0.0,58.41,2025-08-22,website,,V001938
T004429,EUR,C00864,P025,Daily Lamp 25,1,101.88,101.88,0.0,,101.88,0.0,101.88,none,0,,0.0,101.88,2025-08-22,website,,V004202
T004430,EUR,C00044,P007,Calm Cream 07,2,21.92,21.92,0.0,,43.84,0.0,43.84,none,0,,0.0,43.84,2025-08-22,website,,V003589
T004431,EUR,C00768,P017,Daily Lamp 17,1,94.4,94.4,0.0,,94.4,0.0,94.4,none,0,,0.0,94.4,2025-08-22,other,,
T004432,EUR,C00343,P021,Bright Organizer 21,4,91.23,91.23,0.0,,364.92,0.0,364.92,full,4,2025-09-17,364.92,0.0,2025-08-22,other,,
T004433,EUR,C00950,P003,Urban Bottle 03,1,105.26,105.26,0.0,,105.26,0.0,105.26,none,0,,0.0,105.26,2025-08-22,website,,V008575
T004434,EUR,C00575,P006,Active Mat 06,1,104.36,104.36,0.0,,104.36,0.0,104.36,none,0,,0.0,104.36,2025-08-23,other,,
T004435,EUR,C00309,P024,Modern Serum 24,1,66.52,66.52,0.0,,66.52,0.0,66.52,none,0,,0.0,66.52,2025-08-23,other,,
T004436,EUR,C00617,P028,Essential Bag 28,1,98.03,83.33,0.15,WEEKEND15,98.03,14.7,83.33,none,0,,0.0,83.33,2025-08-23,website,,V004257
T004437,EUR,C00394,P023,Calm Cream 23,2,43.34,43.34,0.0,,86.68,0.0,86.68,none,0,,0.0,86.68,2025-08-23,other,,
T004438,EUR,C00595,P025,Daily Lamp 25,2,101.88,91.69,0.1,ROUTINE10,203.76,20.38,183.38,none,0,,0.0,183.38,2025-08-23,marketing_campaign,SEND006589,V010867
T004439,EUR,C00041,P005,Bright Organizer 05,1,70.21,70.21,0.0,,70.21,0.0,70.21,full,1,2025-09-14,70.21,0.0,2025-08-23,other,,
T004440,EUR,C00447,P024,Modern Serum 24,1,66.52,66.52,0.0,,66.52,0.0,66.52,none,0,,0.0,66.52,2025-08-23,other,,
T004441,EUR,C00532,P008,Modern Serum 08,2,76.74,76.74,0.0,,153.48,0.0,153.48,none,0,,0.0,153.48,2025-08-23,other,,
T004442,EUR,C00397,P015,Calm Cream 15,1,26.81,26.81,0.0,,26.81,0.0,26.81,none,0,,0.0,26.81,2025-08-23,other,,
T004443,EUR,C00476,P025,Daily Lamp 25,1,101.88,101.88,0.0,,101.88,0.0,101.88,none,0,,0.0,101.88,2025-08-23,other,,
T004444,EUR,C00101,P015,Calm Cream 15,4,26.81,22.79,0.15,WEEKEND15,107.24,16.08,91.16,none,0,,0.0,91.16,2025-08-23,other,,
T004445,EUR,C00718,P022,Active Mat 22,1,31.79,31.79,0.0,,31.79,0.0,31.79,none,0,,0.0,31.79,2025-08-23,other,,
T004446,EUR,C00427,P003,Urban Bottle 03,1,105.26,105.26,0.0,,105.26,0.0,105.26,none,0,,0.0,105.26,2025-08-23,other,,
T004447,EUR,C00850,P007,Calm Cream 07,1,21.92,18.63,0.15,WEEKEND15,21.92,3.29,18.63,none,0,,0.0,18.63,2025-08-23,other,,
T004448,EUR,C00147,P027,Urban Bottle 27,1,102.64,102.64,0.0,,102.64,0.0,102.64,none,0,,0.0,102.64,2025-08-23,other,,
T004449,EUR,C00975,P013,Bright Organizer 13,1,48.36,48.36,0.0,,48.36,0.0,48.36,none,0,,0.0,48.36,2025-08-23,other,,
T004450,EUR,C00312,P017,Daily Lamp 17,3,94.4,94.4,0.0,,283.2,0.0,283.2,none,0,,0.0,283.2,2025-08-23,other,,
T004451,EUR,C00868,P030,Active Mat 30,1,15.8,14.22,0.1,LOYALTY10,15.8,1.58,14.22,none,0,,0.0,14.22,2025-08-23,other,,
T004452,EUR,C00655,P025,Daily Lamp 25,2,101.88,101.88,0.0,,203.76,0.0,203.76,none,0,,0.0,203.76,2025-08-24,website,,V004778
T004453,EUR,C00863,P028,Essential Bag 28,1,98.03,88.23,0.1,ROUTINE10,98.03,9.8,88.23,none,0,,0.0,88.23,2025-08-24,marketing_campaign,SEND002721,V010368
T004454,EUR,C00047,P017,Daily Lamp 17,1,94.4,94.4,0.0,,94.4,0.0,94.4,none,0,,0.0,94.4,2025-08-24,other,,
T004455,EUR,C00733,P008,Modern Serum 08,1,76.74,76.74,0.0,,76.74,0.0,76.74,none,0,,0.0,76.74,2025-08-24,website,,V006942
T004456,EUR,C00776,P021,Bright Organizer 21,1,91.23,91.23,0.0,,91.23,0.0,91.23,none,0,,0.0,91.23,2025-08-24,other,,
T004457,EUR,C00485,P026,Pure Band 26,1,23.03,23.03,0.0,,23.03,0.0,23.03,none,0,,0.0,23.03,2025-08-24,other,,
T004458,EUR,C00743,P007,Calm Cream 07,1,21.92,18.63,0.15,WEEKEND15,21.92,3.29,18.63,full,1,2025-09-12,18.63,0.0,2025-08-24,other,,
T004459,EUR,C00192,P008,Modern Serum 08,1,76.74,76.74,0.0,,76.74,0.0,76.74,none,0,,0.0,76.74,2025-08-24,other,,
T004460,EUR,C00409,P011,Urban Bottle 11,2,58.41,52.57,0.1,ROUTINE10,116.82,11.68,105.14,none,0,,0.0,105.14,2025-08-24,marketing_campaign,SEND005563,V010732
T004461,EUR,C00674,P010,Pure Band 10,1,31.57,31.57,0.0,,31.57,0.0,31.57,none,0,,0.0,31.57,2025-08-24,other,,
T004462,EUR,C00183,P023,Calm Cream 23,1,43.34,43.34,0.0,,43.34,0.0,43.34,none,0,,0.0,43.34,2025-08-24,other,,
T004463,EUR,C00259,P026,Pure Band 26,1,23.03,20.73,0.1,LOYALTY10,23.03,2.3,20.73,none,0,,0.0,20.73,2025-08-24,other,,
T004464,EUR,C00239,P026,Pure Band 26,2,23.03,23.03,0.0,,46.06,0.0,46.06,none,0,,0.0,46.06,2025-08-24,other,,
T004465,EUR,C00069,P010,Pure Band 10,1,31.57,31.57,0.0,,31.57,0.0,31.57,none,0,,0.0,31.57,2025-08-24,other,,
T004466,EUR,C00121,P027,Urban Bottle 27,3,102.64,102.64,0.0,,307.92,0.0,307.92,none,0,,0.0,307.92,2025-08-24,website,,V006149
T004467,EUR,C00547,P021,Bright Organizer 21,1,91.23,91.23,0.0,,91.23,0.0,91.23,none,0,,0.0,91.23,2025-08-24,website,,V007596
T004468,EUR,C00292,P030,Active Mat 30,1,15.8,14.22,0.1,LOYALTY10,15.8,1.58,14.22,none,0,,0.0,14.22,2025-08-25,other,,
T004469,EUR,C00025,P028,Essential Bag 28,1,98.03,98.03,0.0,,98.03,0.0,98.03,none,0,,0.0,98.03,2025-08-25,other,,
T004470,EUR,C00718,P007,Calm Cream 07,3,21.92,19.73,0.1,LOYALTY10,65.76,6.57,59.19,none,0,,0.0,59.19,2025-08-25,other,,
T004471,EUR,C00411,P010,Pure Band 10,2,31.57,31.57,0.0,,63.14,0.0,63.14,none,0,,0.0,63.14,2025-08-25,other,,
T004472,EUR,C00349,P023,Calm Cream 23,1,43.34,43.34,0.0,,43.34,0.0,43.34,none,0,,0.0,43.34,2025-08-25,other,,
T004473,EUR,C00126,P030,Active Mat 30,1,15.8,15.01,0.05,WELCOME5,15.8,0.79,15.01,none,0,,0.0,15.01,2025-08-25,website,,V005548
T004474,EUR,C00685,P022,Active Mat 22,3,31.79,31.79,0.0,,95.37,0.0,95.37,none,0,,0.0,95.37,2025-08-25,other,,
T004475,EUR,C00827,P021,Bright Organizer 21,2,91.23,91.23,0.0,,182.46,0.0,182.46,none,0,,0.0,182.46,2025-08-25,other,,
T004476,EUR,C00258,P026,Pure Band 26,1,23.03,23.03,0.0,,23.03,0.0,23.03,none,0,,0.0,23.03,2025-08-25,website,,V001857
T004477,EUR,C00445,P025,Daily Lamp 25,1,101.88,96.79,0.05,WELCOME5,101.88,5.09,96.79,none,0,,0.0,96.79,2025-08-25,other,,
T004478,EUR,C00078,P018,Pure Band 18,1,68.13,68.13,0.0,,68.13,0.0,68.13,none,0,,0.0,68.13,2025-08-25,website,,V007809
T004479,EUR,C00073,P002,Pure Band 02,2,19.22,19.22,0.0,,38.44,0.0,38.44,none,0,,0.0,38.44,2025-08-25,other,,
T004480,EUR,C00286,P015,Calm Cream 15,1,26.81,24.13,0.1,LOYALTY10,26.81,2.68,24.13,none,0,,0.0,24.13,2025-08-25,other,,
T004481,EUR,C00803,P027,Urban Bottle 27,1,102.64,102.64,0.0,,102.64,0.0,102.64,none,0,,0.0,102.64,2025-08-25,other,,
T004482,EUR,C00497,P021,Bright Organizer 21,1,91.23,91.23,0.0,,91.23,0.0,91.23,none,0,,0.0,91.23,2025-08-26,other,,
T004483,EUR,C00572,P030,Active Mat 30,1,15.8,15.8,0.0,,15.8,0.0,15.8,none,0,,0.0,15.8,2025-08-26,other,,
T004484,EUR,C00537,P002,Pure Band 02,1,19.22,19.22,0.0,,19.22,0.0,19.22,none,0,,0.0,19.22,2025-08-26,other,,
T004485,EUR,C00707,P018,Pure Band 18,2,68.13,68.13,0.0,,136.26,0.0,136.26,partial,1,2025-09-19,68.13,68.13,2025-08-26,other,,
T004486,EUR,C00886,P020,Essential Bag 20,3,23.79,23.79,0.0,,71.37,0.0,71.37,none,0,,0.0,71.37,2025-08-26,other,,
T004487,EUR,C00423,P011,Urban Bottle 11,1,58.41,58.41,0.0,,58.41,0.0,58.41,none,0,,0.0,58.41,2025-08-26,other,,
T004488,EUR,C00126,P025,Daily Lamp 25,1,101.88,101.88,0.0,,101.88,0.0,101.88,none,0,,0.0,101.88,2025-08-26,other,,
T004489,EUR,C00052,P009,Daily Lamp 09,2,27.05,25.7,0.05,WELCOME5,54.1,2.7,51.4,none,0,,0.0,51.4,2025-08-26,other,,
T004490,EUR,C00093,P024,Modern Serum 24,2,66.52,66.52,0.0,,133.04,0.0,133.04,none,0,,0.0,133.04,2025-08-26,other,,
T004491,EUR,C00358,P002,Pure Band 02,1,19.22,19.22,0.0,,19.22,0.0,19.22,none,0,,0.0,19.22,2025-08-26,other,,
T004492,EUR,C00888,P024,Modern Serum 24,2,66.52,66.52,0.0,,133.04,0.0,133.04,none,0,,0.0,133.04,2025-08-27,other,,
T004493,EUR,C00777,P020,Essential Bag 20,2,23.79,23.79,0.0,,47.58,0.0,47.58,none,0,,0.0,47.58,2025-08-27,website,,V005086
T004494,EUR,C00795,P003,Urban Bottle 03,1,105.26,105.26,0.0,,105.26,0.0,105.26,none,0,,0.0,105.26,2025-08-27,other,,
T004495,EUR,C00902,P010,Pure Band 10,2,31.57,28.41,0.1,LOYALTY10,63.14,6.32,56.82,none,0,,0.0,56.82,2025-08-27,website,,V007790
T004496,EUR,C00698,P021,Bright Organizer 21,1,91.23,82.11,0.1,LOYALTY10,91.23,9.12,82.11,none,0,,0.0,82.11,2025-08-27,other,,
T004497,EUR,C00458,P017,Daily Lamp 17,1,94.4,94.4,0.0,,94.4,0.0,94.4,none,0,,0.0,94.4,2025-08-27,other,,
T004498,EUR,C00062,P020,Essential Bag 20,1,23.79,23.79,0.0,,23.79,0.0,23.79,none,0,,0.0,23.79,2025-08-27,website,,V000450
T004499,EUR,C00790,P011,Urban Bottle 11,1,58.41,58.41,0.0,,58.41,0.0,58.41,none,0,,0.0,58.41,2025-08-27,other,,
T004500,EUR,C00639,P021,Bright Organizer 21,1,91.23,82.11,0.1,LOYALTY10,91.23,9.12,82.11,none,0,,0.0,82.11,2025-08-27,other,,
T004501,EUR,C00842,P030,Active Mat 30,2,15.8,15.8,0.0,,31.6,0.0,31.6,none,0,,0.0,31.6,2025-08-27,other,,
T004502,EUR,C00902,P011,Urban Bottle 11,1,58.41,58.41,0.0,,58.41,0.0,58.41,none,0,,0.0,58.41,2025-08-27,other,,
T004503,EUR,C00959,P007,Calm Cream 07,1,21.92,21.92,0.0,,21.92,0.0,21.92,none,0,,0.0,21.92,2025-08-27,website,,V008110
T004504,EUR,C00406,P030,Active Mat 30,3,15.8,15.8,0.0,,47.4,0.0,47.4,none,0,,0.0,47.4,2025-08-28,other,,
T004505,EUR,C00115,P022,Active Mat 22,1,31.79,31.79,0.0,,31.79,0.0,31.79,none,0,,0.0,31.79,2025-08-28,other,,
T004506,EUR,C00625,P003,Urban Bottle 03,1,105.26,105.26,0.0,,105.26,0.0,105.26,none,0,,0.0,105.26,2025-08-28,other,,
T004507,EUR,C00042,P018,Pure Band 18,1,68.13,68.13,0.0,,68.13,0.0,68.13,none,0,,0.0,68.13,2025-08-28,other,,
T004508,EUR,C00822,P024,Modern Serum 24,1,66.52,63.19,0.05,WELCOME5,66.52,3.33,63.19,none,0,,0.0,63.19,2025-08-28,website,,V007915
T004509,EUR,C00598,P028,Essential Bag 28,1,98.03,83.33,0.15,WEEKEND15,98.03,14.7,83.33,none,0,,0.0,83.33,2025-08-28,other,,
T004510,EUR,C00665,P002,Pure Band 02,1,19.22,18.26,0.05,WELCOME5,19.22,0.96,18.26,none,0,,0.0,18.26,2025-08-28,other,,
T004511,EUR,C00839,P021,Bright Organizer 21,1,91.23,91.23,0.0,,91.23,0.0,91.23,none,0,,0.0,91.23,2025-08-28,other,,
T004512,EUR,C00275,P025,Daily Lamp 25,2,101.88,101.88,0.0,,203.76,0.0,203.76,none,0,,0.0,203.76,2025-08-28,other,,
T004513,EUR,C00477,P020,Essential Bag 20,1,23.79,23.79,0.0,,23.79,0.0,23.79,none,0,,0.0,23.79,2025-08-28,other,,
T004514,EUR,C00601,P015,Calm Cream 15,2,26.81,26.81,0.0,,53.62,0.0,53.62,none,0,,0.0,53.62,2025-08-28,other,,
T004515,EUR,C00282,P010,Pure Band 10,1,31.57,31.57,0.0,,31.57,0.0,31.57,none,0,,0.0,31.57,2025-08-28,other,,
T004516,EUR,C00615,P021,Bright Organizer 21,1,91.23,91.23,0.0,,91.23,0.0,91.23,none,0,,0.0,91.23,2025-08-28,other,,
T004517,EUR,C00173,P029,Bright Organizer 29,4,15.67,14.89,0.05,WELCOME5,62.68,3.12,59.56,none,0,,0.0,59.56,2025-08-28,other,,
T004518,EUR,C00515,P011,Urban Bottle 11,1,58.41,58.41,0.0,,58.41,0.0,58.41,none,0,,0.0,58.41,2025-08-28,other,,
T004519,EUR,C00043,P024,Modern Serum 24,1,66.52,66.52,0.0,,66.52,0.0,66.52,none,0,,0.0,66.52,2025-08-29,other,,
T004520,EUR,C00975,P022,Active Mat 22,1,31.79,31.79,0.0,,31.79,0.0,31.79,none,0,,0.0,31.79,2025-08-29,other,,
T004521,EUR,C00036,P011,Urban Bottle 11,1,58.41,58.41,0.0,,58.41,0.0,58.41,none,0,,0.0,58.41,2025-08-29,other,,
T004522,EUR,C00730,P026,Pure Band 26,1,23.03,23.03,0.0,,23.03,0.0,23.03,none,0,,0.0,23.03,2025-08-29,other,,
T004523,EUR,C00053,P002,Pure Band 02,1,19.22,19.22,0.0,,19.22,0.0,19.22,none,0,,0.0,19.22,2025-08-29,other,,
T004524,EUR,C00085,P018,Pure Band 18,1,68.13,57.91,0.15,WEEKEND15,68.13,10.22,57.91,none,0,,0.0,57.91,2025-08-29,other,,
T004525,EUR,C00055,P026,Pure Band 26,1,23.03,23.03,0.0,,23.03,0.0,23.03,none,0,,0.0,23.03,2025-08-29,other,,
T004526,EUR,C00824,P029,Bright Organizer 29,1,15.67,14.89,0.05,WELCOME5,15.67,0.78,14.89,none,0,,0.0,14.89,2025-08-29,website,,V009022
T004527,EUR,C00717,P017,Daily Lamp 17,1,94.4,94.4,0.0,,94.4,0.0,94.4,none,0,,0.0,94.4,2025-08-29,other,,
T004528,EUR,C00524,P028,Essential Bag 28,1,98.03,98.03,0.0,,98.03,0.0,98.03,none,0,,0.0,98.03,2025-08-29,other,,
T004529,EUR,C00746,P020,Essential Bag 20,1,23.79,23.79,0.0,,23.79,0.0,23.79,none,0,,0.0,23.79,2025-08-29,other,,
T004530,EUR,C00721,P008,Modern Serum 08,3,76.74,76.74,0.0,,230.22,0.0,230.22,none,0,,0.0,230.22,2025-08-29,other,,
T004531,EUR,C00761,P017,Daily Lamp 17,1,94.4,89.68,0.05,WELCOME5,94.4,4.72,89.68,none,0,,0.0,89.68,2025-08-29,other,,
T004532,EUR,C00615,P020,Essential Bag 20,2,23.79,23.79,0.0,,47.58,0.0,47.58,none,0,,0.0,47.58,2025-08-30,other,,
T004533,EUR,C00031,P009,Daily Lamp 09,1,27.05,27.05,0.0,,27.05,0.0,27.05,full,1,2025-09-07,27.05,0.0,2025-08-30,website,,V000001
T004534,EUR,C00819,P011,Urban Bottle 11,1,58.41,58.41,0.0,,58.41,0.0,58.41,none,0,,0.0,58.41,2025-08-30,other,,
T004535,EUR,C00830,P007,Calm Cream 07,1,21.92,21.92,0.0,,21.92,0.0,21.92,none,0,,0.0,21.92,2025-08-30,other,,
T004536,EUR,C00812,P018,Pure Band 18,1,68.13,64.72,0.05,WELCOME5,68.13,3.41,64.72,none,0,,0.0,64.72,2025-08-30,website,,V007704
T004537,EUR,C00731,P021,Bright Organizer 21,1,91.23,91.23,0.0,,91.23,0.0,91.23,none,0,,0.0,91.23,2025-08-30,other,,
T004538,EUR,C00685,P007,Calm Cream 07,1,21.92,21.92,0.0,,21.92,0.0,21.92,none,0,,0.0,21.92,2025-08-30,other,,
T004539,EUR,C00623,P025,Daily Lamp 25,1,101.88,101.88,0.0,,101.88,0.0,101.88,none,0,,0.0,101.88,2025-08-30,other,,
T004540,EUR,C00542,P017,Daily Lamp 17,2,94.4,94.4,0.0,,188.8,0.0,188.8,none,0,,0.0,188.8,2025-08-30,other,,
T004541,EUR,C00132,P009,Daily Lamp 09,1,27.05,27.05,0.0,,27.05,0.0,27.05,none,0,,0.0,27.05,2025-08-30,other,,
T004542,EUR,C00148,P011,Urban Bottle 11,1,58.41,58.41,0.0,,58.41,0.0,58.41,none,0,,0.0,58.41,2025-08-30,other,,
T004543,EUR,C00024,P010,Pure Band 10,4,31.57,31.57,0.0,,126.28,0.0,126.28,none,0,,0.0,126.28,2025-08-30,other,,
T004544,EUR,C00002,P022,Active Mat 22,1,31.79,31.79,0.0,,31.79,0.0,31.79,none,0,,0.0,31.79,2025-08-30,other,,
T004545,EUR,C00129,P017,Daily Lamp 17,1,94.4,94.4,0.0,,94.4,0.0,94.4,none,0,,0.0,94.4,2025-08-30,other,,
T004546,EUR,C00498,P028,Essential Bag 28,1,98.03,93.13,0.05,WELCOME5,98.03,4.9,93.13,none,0,,0.0,93.13,2025-08-30,other,,
T004547,EUR,C00128,P025,Daily Lamp 25,1,101.88,101.88,0.0,,101.88,0.0,101.88,none,0,,0.0,101.88,2025-08-30,other,,
T004548,EUR,C00905,P025,Daily Lamp 25,3,101.88,86.6,0.15,WEEKEND15,305.64,45.84,259.8,none,0,,0.0,259.8,2025-08-31,other,,
T004549,EUR,C00805,P024,Modern Serum 24,1,66.52,66.52,0.0,,66.52,0.0,66.52,full,1,2025-09-04,66.52,0.0,2025-08-31,other,,
T004550,EUR,C00328,P002,Pure Band 02,1,19.22,19.22,0.0,,19.22,0.0,19.22,none,0,,0.0,19.22,2025-08-31,other,,
T004551,EUR,C00923,P003,Urban Bottle 03,1,105.26,89.47,0.15,WEEKEND15,105.26,15.79,89.47,none,0,,0.0,89.47,2025-08-31,website,,V004081
T004552,EUR,C00670,P029,Bright Organizer 29,1,15.67,15.67,0.0,,15.67,0.0,15.67,none,0,,0.0,15.67,2025-08-31,other,,
T004553,EUR,C00510,P028,Essential Bag 28,2,98.03,98.03,0.0,,196.06,0.0,196.06,none,0,,0.0,196.06,2025-08-31,website,,V008447
T004554,EUR,C00191,P024,Modern Serum 24,1,66.52,66.52,0.0,,66.52,0.0,66.52,none,0,,0.0,66.52,2025-08-31,website,,V008458
T004555,EUR,C00562,P003,Urban Bottle 03,1,105.26,94.73,0.1,LOYALTY10,105.26,10.53,94.73,none,0,,0.0,94.73,2025-08-31,other,,
T004556,EUR,C00197,P027,Urban Bottle 27,1,102.64,102.64,0.0,,102.64,0.0,102.64,none,0,,0.0,102.64,2025-08-31,other,,
T004557,EUR,C00513,P018,Pure Band 18,1,68.13,68.13,0.0,,68.13,0.0,68.13,none,0,,0.0,68.13,2025-08-31,other,,
T004558,EUR,C00799,P024,Modern Serum 24,2,66.52,56.54,0.15,WEEKEND15,133.04,19.96,113.08,none,0,,0.0,113.08,2025-08-31,website,,V002513
T004559,EUR,C00401,P010,Pure Band 10,1,31.57,31.57,0.0,,31.57,0.0,31.57,none,0,,0.0,31.57,2025-08-31,other,,
T004560,EUR,C00708,P011,Urban Bottle 11,1,58.41,58.41,0.0,,58.41,0.0,58.41,none,0,,0.0,58.41,2025-08-31,other,,
T004561,EUR,C00510,P029,Bright Organizer 29,1,15.67,13.32,0.15,WEEKEND15,15.67,2.35,13.32,none,0,,0.0,13.32,2025-08-31,other,,
T004562,EUR,C00034,P007,Calm Cream 07,1,21.92,21.92,0.0,,21.92,0.0,21.92,full,1,2025-09-12,21.92,0.0,2025-08-31,other,,
T004563,EUR,C00998,P019,Urban Bottle 19,1,61.21,61.21,0.0,,61.21,0.0,61.21,none,0,,0.0,61.21,2025-09-01,other,,
T004564,EUR,C00799,P022,Active Mat 22,1,31.79,31.79,0.0,,31.79,0.0,31.79,none,0,,0.0,31.79,2025-09-01,website,,V009627
T004565,EUR,C00481,P001,Daily Lamp 01,1,96.68,96.68,0.0,,96.68,0.0,96.68,none,0,,0.0,96.68,2025-09-01,other,,
T004566,EUR,C00700,P017,Daily Lamp 17,2,94.4,94.4,0.0,,188.8,0.0,188.8,none,0,,0.0,188.8,2025-09-01,other,,
T004567,EUR,C00352,P004,Essential Bag 04,1,83.73,83.73,0.0,,83.73,0.0,83.73,none,0,,0.0,83.73,2025-09-01,website,,V004953
T004568,EUR,C00806,P028,Essential Bag 28,1,98.03,98.03,0.0,,98.03,0.0,98.03,full,1,2025-09-22,98.03,0.0,2025-09-01,other,,
T004569,EUR,C00929,P020,Essential Bag 20,1,23.79,23.79,0.0,,23.79,0.0,23.79,none,0,,0.0,23.79,2025-09-01,other,,
T004570,EUR,C00960,P025,Daily Lamp 25,1,101.88,101.88,0.0,,101.88,0.0,101.88,none,0,,0.0,101.88,2025-09-01,other,,
T004571,EUR,C00519,P014,Active Mat 14,1,55.09,55.09,0.0,,55.09,0.0,55.09,none,0,,0.0,55.09,2025-09-01,website,,V008892
T004572,EUR,C00618,P021,Bright Organizer 21,1,91.23,91.23,0.0,,91.23,0.0,91.23,none,0,,0.0,91.23,2025-09-01,other,,
T004573,EUR,C00481,P029,Bright Organizer 29,1,15.67,15.67,0.0,,15.67,0.0,15.67,none,0,,0.0,15.67,2025-09-01,other,,
T004574,EUR,C00084,P004,Essential Bag 04,2,83.73,75.36,0.1,LOYALTY10,167.46,16.74,150.72,none,0,,0.0,150.72,2025-09-01,other,,
T004575,EUR,C00896,P005,Bright Organizer 05,1,70.21,66.7,0.05,WELCOME5,70.21,3.51,66.7,none,0,,0.0,66.7,2025-09-01,other,,
T004576,EUR,C00951,P009,Daily Lamp 09,2,27.05,25.7,0.05,SUMMER5,54.1,2.7,51.4,none,0,,0.0,51.4,2025-09-01,marketing_campaign,SEND001278,V010174
T004577,EUR,C00675,P029,Bright Organizer 29,3,15.67,15.67,0.0,,47.01,0.0,47.01,none,0,,0.0,47.01,2025-09-01,other,,
T004578,EUR,C00526,P023,Calm Cream 23,1,43.34,43.34,0.0,,43.34,0.0,43.34,none,0,,0.0,43.34,2025-09-02,other,,
T004579,EUR,C00561,P020,Essential Bag 20,3,23.79,20.22,0.15,WEEKEND15,71.37,10.71,60.66,none,0,,0.0,60.66,2025-09-02,other,,
T004580,EUR,C00623,P001,Daily Lamp 01,1,96.68,96.68,0.0,,96.68,0.0,96.68,none,0,,0.0,96.68,2025-09-02,other,,
T004581,EUR,C00987,P026,Pure Band 26,1,23.03,23.03,0.0,,23.03,0.0,23.03,none,0,,0.0,23.03,2025-09-02,other,,
T004582,EUR,C00139,P022,Active Mat 22,1,31.79,31.79,0.0,,31.79,0.0,31.79,none,0,,0.0,31.79,2025-09-02,other,,
T004583,EUR,C00867,P013,Bright Organizer 13,1,48.36,45.94,0.05,WELCOME5,48.36,2.42,45.94,none,0,,0.0,45.94,2025-09-02,website,,V001935
T004584,EUR,C00711,P029,Bright Organizer 29,1,15.67,15.67,0.0,,15.67,0.0,15.67,none,0,,0.0,15.67,2025-09-02,other,,
T004585,EUR,C00476,P023,Calm Cream 23,1,43.34,41.17,0.05,WELCOME5,43.34,2.17,41.17,none,0,,0.0,41.17,2025-09-02,other,,
T004586,EUR,C00648,P012,Essential Bag 12,1,99.7,99.7,0.0,,99.7,0.0,99.7,none,0,,0.0,99.7,2025-09-02,other,,
T004587,EUR,C00036,P008,Modern Serum 08,1,76.74,76.74,0.0,,76.74,0.0,76.74,full,1,2025-09-11,76.74,0.0,2025-09-02,other,,
T004588,EUR,C00507,P003,Urban Bottle 03,1,105.26,105.26,0.0,,105.26,0.0,105.26,none,0,,0.0,105.26,2025-09-02,website,,V008022
T004589,EUR,C00167,P022,Active Mat 22,1,31.79,30.2,0.05,WELCOME5,31.79,1.59,30.2,none,0,,0.0,30.2,2025-09-02,other,,
T004590,EUR,C00042,P016,Modern Serum 16,1,91.2,91.2,0.0,,91.2,0.0,91.2,none,0,,0.0,91.2,2025-09-02,other,,
T004591,EUR,C00569,P029,Bright Organizer 29,1,15.67,15.67,0.0,,15.67,0.0,15.67,none,0,,0.0,15.67,2025-09-02,website,,V005816
T004592,EUR,C00557,P024,Modern Serum 24,1,66.52,66.52,0.0,,66.52,0.0,66.52,none,0,,0.0,66.52,2025-09-03,other,,
T004593,EUR,C00939,P028,Essential Bag 28,1,98.03,98.03,0.0,,98.03,0.0,98.03,none,0,,0.0,98.03,2025-09-03,other,,
T004594,EUR,C00088,P007,Calm Cream 07,3,21.92,19.73,0.1,LOYALTY10,65.76,6.57,59.19,none,0,,0.0,59.19,2025-09-03,other,,
T004595,EUR,C00396,P009,Daily Lamp 09,1,27.05,27.05,0.0,,27.05,0.0,27.05,none,0,,0.0,27.05,2025-09-03,other,,
T004596,EUR,C00886,P027,Urban Bottle 27,1,102.64,102.64,0.0,,102.64,0.0,102.64,none,0,,0.0,102.64,2025-09-03,other,,
T004597,EUR,C00218,P019,Urban Bottle 19,1,61.21,61.21,0.0,,61.21,0.0,61.21,none,0,,0.0,61.21,2025-09-03,other,,
T004598,EUR,C00261,P019,Urban Bottle 19,3,61.21,61.21,0.0,,183.63,0.0,183.63,full,3,2025-09-18,183.63,0.0,2025-09-03,website,,V001908
T004599,EUR,C00997,P017,Daily Lamp 17,1,94.4,94.4,0.0,,94.4,0.0,94.4,none,0,,0.0,94.4,2025-09-03,other,,
T004600,EUR,C00473,P004,Essential Bag 04,3,83.73,83.73,0.0,,251.19,0.0,251.19,none,0,,0.0,251.19,2025-09-03,other,,
T004601,EUR,C00069,P016,Modern Serum 16,1,91.2,91.2,0.0,,91.2,0.0,91.2,none,0,,0.0,91.2,2025-09-03,website,,V004847
T004602,EUR,C00096,P005,Bright Organizer 05,1,70.21,66.7,0.05,SUMMER5,70.21,3.51,66.7,none,0,,0.0,66.7,2025-09-03,marketing_campaign,SEND004199,V010548
T004603,EUR,C00985,P007,Calm Cream 07,1,21.92,19.73,0.1,ROUTINE10,21.92,2.19,19.73,none,0,,0.0,19.73,2025-09-03,marketing_campaign,SEND005312,V010698
T004604,EUR,C00443,P004,Essential Bag 04,1,83.73,83.73,0.0,,83.73,0.0,83.73,none,0,,0.0,83.73,2025-09-03,other,,
T004605,EUR,C00252,P028,Essential Bag 28,1,98.03,98.03,0.0,,98.03,0.0,98.03,none,0,,0.0,98.03,2025-09-03,other,,
T004606,EUR,C00457,P018,Pure Band 18,1,68.13,68.13,0.0,,68.13,0.0,68.13,none,0,,0.0,68.13,2025-09-03,website,,V002600
T004607,EUR,C00491,P015,Calm Cream 15,1,26.81,25.47,0.05,WELCOME5,26.81,1.34,25.47,none,0,,0.0,25.47,2025-09-03,other,,
T004608,EUR,C00831,P028,Essential Bag 28,1,98.03,98.03,0.0,,98.03,0.0,98.03,full,1,2025-09-07,98.03,0.0,2025-09-03,other,,
T004609,EUR,C00774,P006,Active Mat 06,2,104.36,104.36,0.0,,208.72,0.0,208.72,none,0,,0.0,208.72,2025-09-03,other,,
T004610,EUR,C00155,P008,Modern Serum 08,1,76.74,76.74,0.0,,76.74,0.0,76.74,none,0,,0.0,76.74,2025-09-03,other,,
T004611,EUR,C00380,P023,Calm Cream 23,2,43.34,43.34,0.0,,86.68,0.0,86.68,none,0,,0.0,86.68,2025-09-03,other,,
T004612,EUR,C00795,P030,Active Mat 30,1,15.8,15.8,0.0,,15.8,0.0,15.8,none,0,,0.0,15.8,2025-09-03,other,,
T004613,EUR,C00454,P015,Calm Cream 15,2,26.81,26.81,0.0,,53.62,0.0,53.62,none,0,,0.0,53.62,2025-09-03,other,,
T004614,EUR,C00733,P011,Urban Bottle 11,1,58.41,58.41,0.0,,58.41,0.0,58.41,full,1,2025-09-07,58.41,0.0,2025-09-04,other,,
T004615,EUR,C00690,P009,Daily Lamp 09,2,27.05,25.7,0.05,WELCOME5,54.1,2.7,51.4,partial,1,2025-09-21,25.7,25.7,2025-09-04,other,,
T004616,EUR,C00760,P027,Urban Bottle 27,2,102.64,102.64,0.0,,205.28,0.0,205.28,none,0,,0.0,205.28,2025-09-04,other,,
T004617,EUR,C00679,P029,Bright Organizer 29,1,15.67,15.67,0.0,,15.67,0.0,15.67,none,0,,0.0,15.67,2025-09-04,other,,
T004618,EUR,C00739,P029,Bright Organizer 29,1,15.67,15.67,0.0,,15.67,0.0,15.67,none,0,,0.0,15.67,2025-09-04,other,,
T004619,EUR,C00544,P014,Active Mat 14,1,55.09,55.09,0.0,,55.09,0.0,55.09,full,1,2025-09-05,55.09,0.0,2025-09-04,website,,V002158
T004620,EUR,C00082,P026,Pure Band 26,1,23.03,23.03,0.0,,23.03,0.0,23.03,none,0,,0.0,23.03,2025-09-04,other,,
T004621,EUR,C00953,P005,Bright Organizer 05,2,70.21,66.7,0.05,WELCOME5,140.42,7.02,133.4,none,0,,0.0,133.4,2025-09-04,other,,
T004622,EUR,C00180,P026,Pure Band 26,1,23.03,23.03,0.0,,23.03,0.0,23.03,none,0,,0.0,23.03,2025-09-04,other,,
T004623,EUR,C00940,P027,Urban Bottle 27,1,102.64,102.64,0.0,,102.64,0.0,102.64,none,0,,0.0,102.64,2025-09-04,other,,
T004624,EUR,C00587,P002,Pure Band 02,1,19.22,19.22,0.0,,19.22,0.0,19.22,none,0,,0.0,19.22,2025-09-04,other,,
T004625,EUR,C00381,P002,Pure Band 02,2,19.22,19.22,0.0,,38.44,0.0,38.44,none,0,,0.0,38.44,2025-09-04,other,,
T004626,EUR,C00676,P004,Essential Bag 04,1,83.73,71.17,0.15,WEEKEND15,83.73,12.56,71.17,none,0,,0.0,71.17,2025-09-04,other,,
T004627,EUR,C00070,P026,Pure Band 26,1,23.03,23.03,0.0,,23.03,0.0,23.03,none,0,,0.0,23.03,2025-09-04,other,,
T004628,EUR,C00851,P001,Daily Lamp 01,2,96.68,96.68,0.0,,193.36,0.0,193.36,none,0,,0.0,193.36,2025-09-04,other,,
T004629,EUR,C00872,P004,Essential Bag 04,1,83.73,83.73,0.0,,83.73,0.0,83.73,full,1,2025-09-25,83.73,0.0,2025-09-04,other,,
T004630,EUR,C00545,P023,Calm Cream 23,1,43.34,43.34,0.0,,43.34,0.0,43.34,none,0,,0.0,43.34,2025-09-04,other,,
T004631,EUR,C00257,P001,Daily Lamp 01,1,96.68,82.18,0.15,WEEKEND15,96.68,14.5,82.18,none,0,,0.0,82.18,2025-09-04,website,,V002415
T004632,EUR,C00677,P020,Essential Bag 20,2,23.79,23.79,0.0,,47.58,0.0,47.58,none,0,,0.0,47.58,2025-09-04,other,,
T004633,EUR,C00102,P010,Pure Band 10,1,31.57,31.57,0.0,,31.57,0.0,31.57,none,0,,0.0,31.57,2025-09-04,other,,
T004634,EUR,C00270,P008,Modern Serum 08,1,76.74,76.74,0.0,,76.74,0.0,76.74,none,0,,0.0,76.74,2025-09-04,other,,
T004635,EUR,C00673,P021,Bright Organizer 21,3,91.23,91.23,0.0,,273.69,0.0,273.69,none,0,,0.0,273.69,2025-09-04,other,,
T004636,EUR,C00303,P011,Urban Bottle 11,2,58.41,55.49,0.05,WELCOME5,116.82,5.84,110.98,none,0,,0.0,110.98,2025-09-04,other,,
T004637,EUR,C00496,P030,Active Mat 30,1,15.8,13.43,0.15,WEEKEND15,15.8,2.37,13.43,none,0,,0.0,13.43,2025-09-05,other,,
T004638,EUR,C00349,P015,Calm Cream 15,1,26.81,26.81,0.0,,26.81,0.0,26.81,none,0,,0.0,26.81,2025-09-05,website,,V009726
T004639,EUR,C00384,P002,Pure Band 02,1,19.22,19.22,0.0,,19.22,0.0,19.22,none,0,,0.0,19.22,2025-09-05,other,,
T004640,EUR,C00776,P003,Urban Bottle 03,2,105.26,105.26,0.0,,210.52,0.0,210.52,none,0,,0.0,210.52,2025-09-05,other,,
T004641,EUR,C00962,P005,Bright Organizer 05,1,70.21,70.21,0.0,,70.21,0.0,70.21,none,0,,0.0,70.21,2025-09-05,other,,
T004642,EUR,C00183,P011,Urban Bottle 11,1,58.41,58.41,0.0,,58.41,0.0,58.41,none,0,,0.0,58.41,2025-09-05,other,,
T004643,EUR,C00822,P028,Essential Bag 28,1,98.03,98.03,0.0,,98.03,0.0,98.03,none,0,,0.0,98.03,2025-09-05,other,,
T004644,EUR,C00006,P011,Urban Bottle 11,1,58.41,55.49,0.05,SUMMER5,58.41,2.92,55.49,full,1,2025-09-15,55.49,0.0,2025-09-05,marketing_campaign,SEND003471,V010457
T004645,EUR,C00950,P016,Modern Serum 16,2,91.2,82.08,0.1,LOYALTY10,182.4,18.24,164.16,none,0,,0.0,164.16,2025-09-05,other,,
T004646,EUR,C00657,P030,Active Mat 30,3,15.8,14.22,0.1,ROUTINE10,47.4,4.74,42.66,none,0,,0.0,42.66,2025-09-05,marketing_campaign,SEND004036,V010528
T004647,EUR,C00505,P024,Modern Serum 24,2,66.52,59.87,0.1,LOYALTY10,133.04,13.3,119.74,none,0,,0.0,119.74,2025-09-05,other,,
T004648,EUR,C00260,P025,Daily Lamp 25,1,101.88,86.6,0.15,WEEKEND15,101.88,15.28,86.6,none,0,,0.0,86.6,2025-09-05,website,,V002551
T004649,EUR,C00759,P025,Daily Lamp 25,2,101.88,101.88,0.0,,203.76,0.0,203.76,none,0,,0.0,203.76,2025-09-05,website,,V006196
T004650,EUR,C00189,P010,Pure Band 10,2,31.57,31.57,0.0,,63.14,0.0,63.14,none,0,,0.0,63.14,2025-09-05,other,,
T004651,EUR,C00653,P013,Bright Organizer 13,2,48.36,48.36,0.0,,96.72,0.0,96.72,none,0,,0.0,96.72,2025-09-05,website,,V002145
T004652,EUR,C00944,P016,Modern Serum 16,1,91.2,91.2,0.0,,91.2,0.0,91.2,full,1,2025-09-23,91.2,0.0,2025-09-05,other,,
T004653,EUR,C00886,P026,Pure Band 26,1,23.03,23.03,0.0,,23.03,0.0,23.03,none,0,,0.0,23.03,2025-09-05,website,,V003557
T004654,EUR,C00143,P025,Daily Lamp 25,1,101.88,101.88,0.0,,101.88,0.0,101.88,none,0,,0.0,101.88,2025-09-05,website,,V007239
T004655,EUR,C00047,P017,Daily Lamp 17,2,94.4,89.68,0.05,WELCOME5,188.8,9.44,179.36,none,0,,0.0,179.36,2025-09-05,other,,
T004656,EUR,C00347,P017,Daily Lamp 17,1,94.4,94.4,0.0,,94.4,0.0,94.4,none,0,,0.0,94.4,2025-09-06,other,,
T004657,EUR,C00888,P027,Urban Bottle 27,1,102.64,102.64,0.0,,102.64,0.0,102.64,none,0,,0.0,102.64,2025-09-06,other,,
T004658,EUR,C00352,P029,Bright Organizer 29,1,15.67,15.67,0.0,,15.67,0.0,15.67,none,0,,0.0,15.67,2025-09-06,other,,
T004659,EUR,C00089,P014,Active Mat 14,3,55.09,52.34,0.05,AUTUMN5,165.27,8.25,157.02,none,0,,0.0,157.02,2025-09-06,marketing_campaign,SEND003758,V010491
T004660,EUR,C00722,P029,Bright Organizer 29,1,15.67,14.89,0.05,WELCOME5,15.67,0.78,14.89,none,0,,0.0,14.89,2025-09-06,website,,V002391
T004661,EUR,C00622,P014,Active Mat 14,1,55.09,49.58,0.1,LOYALTY10,55.09,5.51,49.58,none,0,,0.0,49.58,2025-09-06,website,,V001313
T004662,EUR,C00894,P021,Bright Organizer 21,1,91.23,91.23,0.0,,91.23,0.0,91.23,none,0,,0.0,91.23,2025-09-06,other,,
T004663,EUR,C00502,P009,Daily Lamp 09,1,27.05,27.05,0.0,,27.05,0.0,27.05,none,0,,0.0,27.05,2025-09-06,other,,
T004664,EUR,C00670,P014,Active Mat 14,1,55.09,55.09,0.0,,55.09,0.0,55.09,none,0,,0.0,55.09,2025-09-06,other,,
T004665,EUR,C00256,P029,Bright Organizer 29,1,15.67,15.67,0.0,,15.67,0.0,15.67,none,0,,0.0,15.67,2025-09-06,other,,
T004666,EUR,C00608,P024,Modern Serum 24,1,66.52,66.52,0.0,,66.52,0.0,66.52,none,0,,0.0,66.52,2025-09-06,other,,
T004667,EUR,C00767,P018,Pure Band 18,1,68.13,68.13,0.0,,68.13,0.0,68.13,none,0,,0.0,68.13,2025-09-06,other,,
T004668,EUR,C00483,P014,Active Mat 14,1,55.09,49.58,0.1,LOYALTY10,55.09,5.51,49.58,none,0,,0.0,49.58,2025-09-06,other,,
T004669,EUR,C00790,P025,Daily Lamp 25,3,101.88,101.88,0.0,,305.64,0.0,305.64,none,0,,0.0,305.64,2025-09-06,other,,
T004670,EUR,C00420,P027,Urban Bottle 27,1,102.64,102.64,0.0,,102.64,0.0,102.64,none,0,,0.0,102.64,2025-09-06,other,,
T004671,EUR,C00908,P029,Bright Organizer 29,1,15.67,13.32,0.15,WEEKEND15,15.67,2.35,13.32,none,0,,0.0,13.32,2025-09-06,website,,V002930
T004672,EUR,C00888,P019,Urban Bottle 19,4,61.21,61.21,0.0,,244.84,0.0,244.84,none,0,,0.0,244.84,2025-09-06,website,,V008976
T004673,EUR,C00877,P027,Urban Bottle 27,2,102.64,102.64,0.0,,205.28,0.0,205.28,none,0,,0.0,205.28,2025-09-06,other,,
T004674,EUR,C00524,P013,Bright Organizer 13,1,48.36,48.36,0.0,,48.36,0.0,48.36,none,0,,0.0,48.36,2025-09-06,other,,
T004675,EUR,C00422,P012,Essential Bag 12,2,99.7,99.7,0.0,,199.4,0.0,199.4,none,0,,0.0,199.4,2025-09-06,other,,
T004676,EUR,C00437,P001,Daily Lamp 01,1,96.68,96.68,0.0,,96.68,0.0,96.68,none,0,,0.0,96.68,2025-09-06,other,,
T004677,EUR,C00553,P017,Daily Lamp 17,1,94.4,94.4,0.0,,94.4,0.0,94.4,none,0,,0.0,94.4,2025-09-07,other,,
T004678,EUR,C00468,P004,Essential Bag 04,1,83.73,83.73,0.0,,83.73,0.0,83.73,none,0,,0.0,83.73,2025-09-07,other,,
T004679,EUR,C00453,P001,Daily Lamp 01,1,96.68,96.68,0.0,,96.68,0.0,96.68,none,0,,0.0,96.68,2025-09-07,other,,
T004680,EUR,C00897,P013,Bright Organizer 13,1,48.36,48.36,0.0,,48.36,0.0,48.36,none,0,,0.0,48.36,2025-09-07,other,,
T004681,EUR,C00341,P024,Modern Serum 24,1,66.52,66.52,0.0,,66.52,0.0,66.52,none,0,,0.0,66.52,2025-09-07,other,,
T004682,EUR,C00304,P023,Calm Cream 23,1,43.34,43.34,0.0,,43.34,0.0,43.34,none,0,,0.0,43.34,2025-09-07,other,,
T004683,EUR,C00420,P020,Essential Bag 20,1,23.79,23.79,0.0,,23.79,0.0,23.79,none,0,,0.0,23.79,2025-09-07,other,,
T004684,EUR,C00175,P024,Modern Serum 24,2,66.52,66.52,0.0,,133.04,0.0,133.04,full,2,2025-09-12,133.04,0.0,2025-09-07,other,,
T004685,EUR,C00008,P004,Essential Bag 04,1,83.73,71.17,0.15,WEEKEND15,83.73,12.56,71.17,none,0,,0.0,71.17,2025-09-07,other,,
T004686,EUR,C00041,P030,Active Mat 30,1,15.8,15.8,0.0,,15.8,0.0,15.8,none,0,,0.0,15.8,2025-09-07,other,,
T004687,EUR,C00993,P026,Pure Band 26,1,23.03,23.03,0.0,,23.03,0.0,23.03,none,0,,0.0,23.03,2025-09-07,other,,
T004688,EUR,C00783,P022,Active Mat 22,1,31.79,27.02,0.15,WEEKEND15,31.79,4.77,27.02,none,0,,0.0,27.02,2025-09-07,other,,
T004689,EUR,C00238,P028,Essential Bag 28,1,98.03,98.03,0.0,,98.03,0.0,98.03,none,0,,0.0,98.03,2025-09-07,other,,
T004690,EUR,C00791,P011,Urban Bottle 11,1,58.41,58.41,0.0,,58.41,0.0,58.41,none,0,,0.0,58.41,2025-09-07,other,,
T004691,EUR,C00643,P014,Active Mat 14,4,55.09,52.34,0.05,AUTUMN5,220.36,11.0,209.36,none,0,,0.0,209.36,2025-09-07,marketing_campaign,SEND001835,V010241
T004692,EUR,C00674,P022,Active Mat 22,1,31.79,31.79,0.0,,31.79,0.0,31.79,none,0,,0.0,31.79,2025-09-07,other,,
T004693,EUR,C00003,P007,Calm Cream 07,1,21.92,19.73,0.1,LOYALTY10,21.92,2.19,19.73,none,0,,0.0,19.73,2025-09-08,other,,
T004694,EUR,C00320,P009,Daily Lamp 09,1,27.05,27.05,0.0,,27.05,0.0,27.05,none,0,,0.0,27.05,2025-09-08,website,,V005971
T004695,EUR,C00060,P013,Bright Organizer 13,1,48.36,48.36,0.0,,48.36,0.0,48.36,none,0,,0.0,48.36,2025-09-08,other,,
T004696,EUR,C00608,P026,Pure Band 26,3,23.03,23.03,0.0,,69.09,0.0,69.09,none,0,,0.0,69.09,2025-09-08,other,,
T004697,EUR,C00368,P004,Essential Bag 04,2,83.73,83.73,0.0,,167.46,0.0,167.46,none,0,,0.0,167.46,2025-09-08,other,,
T004698,EUR,C00616,P015,Calm Cream 15,1,26.81,26.81,0.0,,26.81,0.0,26.81,none,0,,0.0,26.81,2025-09-08,other,,
T004699,EUR,C00853,P006,Active Mat 06,2,104.36,104.36,0.0,,208.72,0.0,208.72,none,0,,0.0,208.72,2025-09-08,other,,
T004700,EUR,C00195,P017,Daily Lamp 17,2,94.4,94.4,0.0,,188.8,0.0,188.8,none,0,,0.0,188.8,2025-09-08,other,,
T004701,EUR,C00741,P016,Modern Serum 16,1,91.2,82.08,0.1,LOYALTY10,91.2,9.12,82.08,none,0,,0.0,82.08,2025-09-08,other,,
T004702,EUR,C00619,P019,Urban Bottle 19,1,61.21,61.21,0.0,,61.21,0.0,61.21,none,0,,0.0,61.21,2025-09-08,other,,
T004703,EUR,C00973,P028,Essential Bag 28,1,98.03,98.03,0.0,,98.03,0.0,98.03,none,0,,0.0,98.03,2025-09-08,other,,
T004704,EUR,C00759,P006,Active Mat 06,2,104.36,104.36,0.0,,208.72,0.0,208.72,none,0,,0.0,208.72,2025-09-08,other,,
T004705,EUR,C01000,P015,Calm Cream 15,1,26.81,26.81,0.0,,26.81,0.0,26.81,none,0,,0.0,26.81,2025-09-08,other,,
T004706,EUR,C00310,P008,Modern Serum 08,1,76.74,76.74,0.0,,76.74,0.0,76.74,none,0,,0.0,76.74,2025-09-08,other,,
T004707,EUR,C00428,P004,Essential Bag 04,1,83.73,75.36,0.1,LOYALTY10,83.73,8.37,75.36,none,0,,0.0,75.36,2025-09-09,website,,V005927
T004708,EUR,C00929,P013,Bright Organizer 13,1,48.36,48.36,0.0,,48.36,0.0,48.36,none,0,,0.0,48.36,2025-09-09,other,,
T004709,EUR,C00709,P030,Active Mat 30,2,15.8,15.8,0.0,,31.6,0.0,31.6,none,0,,0.0,31.6,2025-09-09,other,,
T004710,EUR,C00492,P005,Bright Organizer 05,1,70.21,70.21,0.0,,70.21,0.0,70.21,none,0,,0.0,70.21,2025-09-09,other,,
T004711,EUR,C00970,P021,Bright Organizer 21,1,91.23,91.23,0.0,,91.23,0.0,91.23,none,0,,0.0,91.23,2025-09-09,other,,
T004712,EUR,C00025,P012,Essential Bag 12,1,99.7,99.7,0.0,,99.7,0.0,99.7,none,0,,0.0,99.7,2025-09-09,other,,
T004713,EUR,C00883,P018,Pure Band 18,1,68.13,68.13,0.0,,68.13,0.0,68.13,none,0,,0.0,68.13,2025-09-09,other,,
T004714,EUR,C00390,P016,Modern Serum 16,3,91.2,91.2,0.0,,273.6,0.0,273.6,none,0,,0.0,273.6,2025-09-09,other,,
T004715,EUR,C00743,P003,Urban Bottle 03,2,105.26,105.26,0.0,,210.52,0.0,210.52,none,0,,0.0,210.52,2025-09-09,other,,
T004716,EUR,C00783,P010,Pure Band 10,2,31.57,31.57,0.0,,63.14,0.0,63.14,none,0,,0.0,63.14,2025-09-09,other,,
T004717,EUR,C00518,P030,Active Mat 30,1,15.8,15.8,0.0,,15.8,0.0,15.8,none,0,,0.0,15.8,2025-09-09,other,,
T004718,EUR,C00951,P007,Calm Cream 07,1,21.92,21.92,0.0,,21.92,0.0,21.92,none,0,,0.0,21.92,2025-09-09,other,,
T004719,EUR,C00070,P028,Essential Bag 28,4,98.03,98.03,0.0,,392.12,0.0,392.12,none,0,,0.0,392.12,2025-09-09,other,,
T004720,EUR,C00301,P016,Modern Serum 16,1,91.2,91.2,0.0,,91.2,0.0,91.2,none,0,,0.0,91.2,2025-09-09,other,,
T004721,EUR,C00699,P023,Calm Cream 23,1,43.34,43.34,0.0,,43.34,0.0,43.34,none,0,,0.0,43.34,2025-09-09,other,,
T004722,EUR,C00439,P022,Active Mat 22,2,31.79,31.79,0.0,,63.58,0.0,63.58,none,0,,0.0,63.58,2025-09-09,other,,
T004723,EUR,C00432,P020,Essential Bag 20,1,23.79,23.79,0.0,,23.79,0.0,23.79,none,0,,0.0,23.79,2025-09-09,website,,V008476
T004724,EUR,C00128,P004,Essential Bag 04,1,83.73,71.17,0.15,WEEKEND15,83.73,12.56,71.17,none,0,,0.0,71.17,2025-09-09,other,,
T004725,EUR,C00474,P003,Urban Bottle 03,1,105.26,105.26,0.0,,105.26,0.0,105.26,none,0,,0.0,105.26,2025-09-09,other,,
T004726,EUR,C00483,P003,Urban Bottle 03,1,105.26,105.26,0.0,,105.26,0.0,105.26,none,0,,0.0,105.26,2025-09-09,other,,
T004727,EUR,C00655,P016,Modern Serum 16,1,91.2,91.2,0.0,,91.2,0.0,91.2,none,0,,0.0,91.2,2025-09-10,other,,
T004728,EUR,C00245,P003,Urban Bottle 03,2,105.26,105.26,0.0,,210.52,0.0,210.52,none,0,,0.0,210.52,2025-09-10,other,,
T004729,EUR,C00338,P014,Active Mat 14,2,55.09,55.09,0.0,,110.18,0.0,110.18,none,0,,0.0,110.18,2025-09-10,other,,
T004730,EUR,C00361,P023,Calm Cream 23,1,43.34,41.17,0.05,WELCOME5,43.34,2.17,41.17,none,0,,0.0,41.17,2025-09-10,other,,
T004731,EUR,C00225,P023,Calm Cream 23,4,43.34,39.01,0.1,LOYALTY10,173.36,17.32,156.04,none,0,,0.0,156.04,2025-09-10,other,,
T004732,EUR,C00812,P016,Modern Serum 16,3,91.2,91.2,0.0,,273.6,0.0,273.6,partial,2,2025-09-21,182.4,91.2,2025-09-10,other,,
T004733,EUR,C00511,P002,Pure Band 02,2,19.22,17.3,0.1,LOYALTY10,38.44,3.84,34.6,none,0,,0.0,34.6,2025-09-10,other,,
T004734,EUR,C00119,P003,Urban Bottle 03,2,105.26,105.26,0.0,,210.52,0.0,210.52,none,0,,0.0,210.52,2025-09-10,other,,
T004735,EUR,C00805,P023,Calm Cream 23,1,43.34,43.34,0.0,,43.34,0.0,43.34,none,0,,0.0,43.34,2025-09-10,other,,
T004736,EUR,C00767,P004,Essential Bag 04,1,83.73,83.73,0.0,,83.73,0.0,83.73,none,0,,0.0,83.73,2025-09-10,other,,
T004737,EUR,C00804,P029,Bright Organizer 29,1,15.67,15.67,0.0,,15.67,0.0,15.67,none,0,,0.0,15.67,2025-09-10,other,,
T004738,EUR,C00927,P001,Daily Lamp 01,1,96.68,96.68,0.0,,96.68,0.0,96.68,none,0,,0.0,96.68,2025-09-10,other,,
T004739,EUR,C00683,P022,Active Mat 22,2,31.79,31.79,0.0,,63.58,0.0,63.58,full,2,2025-09-20,63.58,0.0,2025-09-10,other,,
T004740,EUR,C00532,P016,Modern Serum 16,1,91.2,91.2,0.0,,91.2,0.0,91.2,none,0,,0.0,91.2,2025-09-10,other,,
T004741,EUR,C00357,P013,Bright Organizer 13,1,48.36,41.11,0.15,WEEKEND15,48.36,7.25,41.11,none,0,,0.0,41.11,2025-09-10,other,,
T004742,EUR,C00084,P004,Essential Bag 04,1,83.73,83.73,0.0,,83.73,0.0,83.73,none,0,,0.0,83.73,2025-09-10,other,,
T004743,EUR,C00259,P007,Calm Cream 07,1,21.92,21.92,0.0,,21.92,0.0,21.92,none,0,,0.0,21.92,2025-09-10,other,,
T004744,EUR,C00117,P028,Essential Bag 28,2,98.03,88.23,0.1,LOYALTY10,196.06,19.6,176.46,none,0,,0.0,176.46,2025-09-10,other,,
T004745,EUR,C00741,P028,Essential Bag 28,1,98.03,98.03,0.0,,98.03,0.0,98.03,none,0,,0.0,98.03,2025-09-10,other,,
T004746,EUR,C00828,P009,Daily Lamp 09,2,27.05,27.05,0.0,,54.1,0.0,54.1,full,2,2025-09-17,54.1,0.0,2025-09-10,other,,
T004747,EUR,C00679,P019,Urban Bottle 19,1,61.21,61.21,0.0,,61.21,0.0,61.21,none,0,,0.0,61.21,2025-09-11,other,,
T004748,EUR,C00823,P007,Calm Cream 07,1,21.92,19.73,0.1,LOYALTY10,21.92,2.19,19.73,none,0,,0.0,19.73,2025-09-11,other,,
T004749,EUR,C00661,P012,Essential Bag 12,1,99.7,99.7,0.0,,99.7,0.0,99.7,none,0,,0.0,99.7,2025-09-11,other,,
T004750,EUR,C00288,P021,Bright Organizer 21,1,91.23,91.23,0.0,,91.23,0.0,91.23,none,0,,0.0,91.23,2025-09-11,other,,
T004751,EUR,C00648,P005,Bright Organizer 05,1,70.21,70.21,0.0,,70.21,0.0,70.21,none,0,,0.0,70.21,2025-09-11,other,,
T004752,EUR,C00922,P013,Bright Organizer 13,1,48.36,48.36,0.0,,48.36,0.0,48.36,none,0,,0.0,48.36,2025-09-11,other,,
T004753,EUR,C00888,P001,Daily Lamp 01,1,96.68,96.68,0.0,,96.68,0.0,96.68,none,0,,0.0,96.68,2025-09-11,other,,
T004754,EUR,C00891,P014,Active Mat 14,1,55.09,49.58,0.1,LOYALTY10,55.09,5.51,49.58,none,0,,0.0,49.58,2025-09-11,other,,
T004755,EUR,C00638,P015,Calm Cream 15,1,26.81,26.81,0.0,,26.81,0.0,26.81,none,0,,0.0,26.81,2025-09-11,other,,
T004756,EUR,C00447,P009,Daily Lamp 09,2,27.05,27.05,0.0,,54.1,0.0,54.1,none,0,,0.0,54.1,2025-09-11,other,,
T004757,EUR,C00486,P022,Active Mat 22,3,31.79,31.79,0.0,,95.37,0.0,95.37,none,0,,0.0,95.37,2025-09-11,other,,
T004758,EUR,C00536,P010,Pure Band 10,2,31.57,31.57,0.0,,63.14,0.0,63.14,none,0,,0.0,63.14,2025-09-11,website,,V008481
T004759,EUR,C00262,P021,Bright Organizer 21,1,91.23,82.11,0.1,LOYALTY10,91.23,9.12,82.11,none,0,,0.0,82.11,2025-09-11,other,,
T004760,EUR,C00849,P012,Essential Bag 12,1,99.7,89.73,0.1,LOYALTY10,99.7,9.97,89.73,none,0,,0.0,89.73,2025-09-11,other,,
T004761,EUR,C00247,P004,Essential Bag 04,1,83.73,79.54,0.05,WELCOME5,83.73,4.19,79.54,none,0,,0.0,79.54,2025-09-11,other,,
T004762,EUR,C00465,P025,Daily Lamp 25,1,101.88,101.88,0.0,,101.88,0.0,101.88,none,0,,0.0,101.88,2025-09-11,other,,
T004763,EUR,C00277,P002,Pure Band 02,1,19.22,16.34,0.15,WEEKEND15,19.22,2.88,16.34,none,0,,0.0,16.34,2025-09-11,other,,
T004764,EUR,C00742,P028,Essential Bag 28,1,98.03,98.03,0.0,,98.03,0.0,98.03,none,0,,0.0,98.03,2025-09-11,website,,V007112
T004765,EUR,C00735,P009,Daily Lamp 09,2,27.05,27.05,0.0,,54.1,0.0,54.1,full,2,2025-09-29,54.1,0.0,2025-09-11,other,,
T004766,EUR,C00250,P002,Pure Band 02,1,19.22,16.34,0.15,WEEKEND15,19.22,2.88,16.34,none,0,,0.0,16.34,2025-09-11,other,,
T004767,EUR,C00325,P013,Bright Organizer 13,3,48.36,48.36,0.0,,145.08,0.0,145.08,none,0,,0.0,145.08,2025-09-12,other,,
T004768,EUR,C00829,P003,Urban Bottle 03,1,105.26,94.73,0.1,LOYALTY10,105.26,10.53,94.73,none,0,,0.0,94.73,2025-09-12,other,,
T004769,EUR,C00780,P001,Daily Lamp 01,1,96.68,91.85,0.05,AUTUMN5,96.68,4.83,91.85,none,0,,0.0,91.85,2025-09-12,marketing_campaign,SEND001930,V010255
T004770,EUR,C00906,P016,Modern Serum 16,2,91.2,77.52,0.15,WEEKEND15,182.4,27.36,155.04,none,0,,0.0,155.04,2025-09-12,other,,
T004771,EUR,C00100,P017,Daily Lamp 17,1,94.4,94.4,0.0,,94.4,0.0,94.4,none,0,,0.0,94.4,2025-09-12,other,,
T004772,EUR,C00486,P006,Active Mat 06,2,104.36,104.36,0.0,,208.72,0.0,208.72,none,0,,0.0,208.72,2025-09-12,other,,
T004773,EUR,C00491,P010,Pure Band 10,1,31.57,31.57,0.0,,31.57,0.0,31.57,full,1,2025-10-08,31.57,0.0,2025-09-12,other,,
T004774,EUR,C00994,P005,Bright Organizer 05,4,70.21,70.21,0.0,,280.84,0.0,280.84,none,0,,0.0,280.84,2025-09-12,other,,
T004775,EUR,C00402,P006,Active Mat 06,1,104.36,88.71,0.15,WEEKEND15,104.36,15.65,88.71,none,0,,0.0,88.71,2025-09-12,other,,
T004776,EUR,C00933,P002,Pure Band 02,1,19.22,17.3,0.1,LOYALTY10,19.22,1.92,17.3,none,0,,0.0,17.3,2025-09-12,other,,
T004777,EUR,C00826,P008,Modern Serum 08,1,76.74,72.9,0.05,WELCOME5,76.74,3.84,72.9,none,0,,0.0,72.9,2025-09-12,other,,
T004778,EUR,C00211,P024,Modern Serum 24,3,66.52,66.52,0.0,,199.56,0.0,199.56,none,0,,0.0,199.56,2025-09-12,other,,
T004779,EUR,C00443,P001,Daily Lamp 01,3,96.68,96.68,0.0,,290.04,0.0,290.04,none,0,,0.0,290.04,2025-09-12,other,,
T004780,EUR,C00658,P017,Daily Lamp 17,2,94.4,94.4,0.0,,188.8,0.0,188.8,none,0,,0.0,188.8,2025-09-12,website,,V009260
T004781,EUR,C00953,P019,Urban Bottle 19,1,61.21,55.09,0.1,LOYALTY10,61.21,6.12,55.09,none,0,,0.0,55.09,2025-09-12,other,,
T004782,EUR,C00269,P030,Active Mat 30,2,15.8,14.22,0.1,ROUTINE10,31.6,3.16,28.44,none,0,,0.0,28.44,2025-09-12,marketing_campaign,SEND005727,V010757
T004783,EUR,C00872,P001,Daily Lamp 01,1,96.68,96.68,0.0,,96.68,0.0,96.68,none,0,,0.0,96.68,2025-09-12,website,,V000543
T004784,EUR,C00134,P009,Daily Lamp 09,2,27.05,25.7,0.05,WELCOME5,54.1,2.7,51.4,none,0,,0.0,51.4,2025-09-12,website,,V006234
T004785,EUR,C00952,P025,Daily Lamp 25,2,101.88,101.88,0.0,,203.76,0.0,203.76,none,0,,0.0,203.76,2025-09-12,other,,
T004786,EUR,C00651,P014,Active Mat 14,1,55.09,55.09,0.0,,55.09,0.0,55.09,none,0,,0.0,55.09,2025-09-12,other,,
T004787,EUR,C00442,P013,Bright Organizer 13,1,48.36,48.36,0.0,,48.36,0.0,48.36,none,0,,0.0,48.36,2025-09-12,website,,V005951
T004788,EUR,C00736,P014,Active Mat 14,1,55.09,55.09,0.0,,55.09,0.0,55.09,none,0,,0.0,55.09,2025-09-12,other,,
T004789,EUR,C00624,P017,Daily Lamp 17,1,94.4,94.4,0.0,,94.4,0.0,94.4,none,0,,0.0,94.4,2025-09-12,other,,
T004790,EUR,C00742,P019,Urban Bottle 19,2,61.21,61.21,0.0,,122.42,0.0,122.42,none,0,,0.0,122.42,2025-09-13,other,,
T004791,EUR,C00309,P028,Essential Bag 28,1,98.03,98.03,0.0,,98.03,0.0,98.03,none,0,,0.0,98.03,2025-09-13,other,,
T004792,EUR,C00626,P025,Daily Lamp 25,3,101.88,101.88,0.0,,305.64,0.0,305.64,none,0,,0.0,305.64,2025-09-13,other,,
T004793,EUR,C00765,P021,Bright Organizer 21,1,91.23,91.23,0.0,,91.23,0.0,91.23,none,0,,0.0,91.23,2025-09-13,other,,
T004794,EUR,C00755,P028,Essential Bag 28,1,98.03,83.33,0.15,WEEKEND15,98.03,14.7,83.33,none,0,,0.0,83.33,2025-09-13,other,,
T004795,EUR,C00328,P030,Active Mat 30,2,15.8,15.8,0.0,,31.6,0.0,31.6,none,0,,0.0,31.6,2025-09-13,other,,
T004796,EUR,C00678,P004,Essential Bag 04,1,83.73,83.73,0.0,,83.73,0.0,83.73,none,0,,0.0,83.73,2025-09-13,other,,
T004797,EUR,C00893,P030,Active Mat 30,1,15.8,15.8,0.0,,15.8,0.0,15.8,none,0,,0.0,15.8,2025-09-13,other,,
T004798,EUR,C00491,P010,Pure Band 10,1,31.57,28.41,0.1,LOYALTY10,31.57,3.16,28.41,none,0,,0.0,28.41,2025-09-13,other,,
T004799,EUR,C00830,P023,Calm Cream 23,2,43.34,43.34,0.0,,86.68,0.0,86.68,none,0,,0.0,86.68,2025-09-13,other,,
T004800,EUR,C00410,P002,Pure Band 02,1,19.22,19.22,0.0,,19.22,0.0,19.22,none,0,,0.0,19.22,2025-09-13,website,,V000035
T004801,EUR,C00471,P006,Active Mat 06,1,104.36,104.36,0.0,,104.36,0.0,104.36,none,0,,0.0,104.36,2025-09-13,other,,
T004802,EUR,C00962,P022,Active Mat 22,4,31.79,31.79,0.0,,127.16,0.0,127.16,none,0,,0.0,127.16,2025-09-13,other,,
T004803,EUR,C00105,P024,Modern Serum 24,1,66.52,66.52,0.0,,66.52,0.0,66.52,none,0,,0.0,66.52,2025-09-13,other,,
T004804,EUR,C00381,P013,Bright Organizer 13,1,48.36,48.36,0.0,,48.36,0.0,48.36,none,0,,0.0,48.36,2025-09-13,other,,
T004805,EUR,C00519,P015,Calm Cream 15,2,26.81,26.81,0.0,,53.62,0.0,53.62,none,0,,0.0,53.62,2025-09-13,other,,
T004806,EUR,C00887,P006,Active Mat 06,2,104.36,93.92,0.1,ROUTINE10,208.72,20.88,187.84,none,0,,0.0,187.84,2025-09-13,marketing_campaign,SEND004296,V010562
T004807,EUR,C00684,P028,Essential Bag 28,1,98.03,98.03,0.0,,98.03,0.0,98.03,none,0,,0.0,98.03,2025-09-13,other,,
T004808,EUR,C00375,P011,Urban Bottle 11,1,58.41,58.41,0.0,,58.41,0.0,58.41,none,0,,0.0,58.41,2025-09-13,other,,
T004809,EUR,C00582,P024,Modern Serum 24,1,66.52,66.52,0.0,,66.52,0.0,66.52,none,0,,0.0,66.52,2025-09-14,other,,
T004810,EUR,C00374,P021,Bright Organizer 21,1,91.23,91.23,0.0,,91.23,0.0,91.23,none,0,,0.0,91.23,2025-09-14,other,,
T004811,EUR,C00039,P019,Urban Bottle 19,2,61.21,61.21,0.0,,122.42,0.0,122.42,none,0,,0.0,122.42,2025-09-14,other,,
T004812,EUR,C00779,P011,Urban Bottle 11,1,58.41,49.65,0.15,WEEKEND15,58.41,8.76,49.65,none,0,,0.0,49.65,2025-09-14,other,,
T004813,EUR,C00101,P015,Calm Cream 15,1,26.81,26.81,0.0,,26.81,0.0,26.81,none,0,,0.0,26.81,2025-09-14,other,,
T004814,EUR,C00053,P008,Modern Serum 08,1,76.74,69.07,0.1,ROUTINE10,76.74,7.67,69.07,none,0,,0.0,69.07,2025-09-14,marketing_campaign,SEND002613,V010357
T004815,EUR,C00276,P007,Calm Cream 07,1,21.92,21.92,0.0,,21.92,0.0,21.92,none,0,,0.0,21.92,2025-09-14,other,,
T004816,EUR,C00274,P009,Daily Lamp 09,2,27.05,27.05,0.0,,54.1,0.0,54.1,none,0,,0.0,54.1,2025-09-14,website,,V001930
T004817,EUR,C00909,P001,Daily Lamp 01,1,96.68,96.68,0.0,,96.68,0.0,96.68,none,0,,0.0,96.68,2025-09-14,other,,
T004818,EUR,C00283,P007,Calm Cream 07,1,21.92,21.92,0.0,,21.92,0.0,21.92,none,0,,0.0,21.92,2025-09-14,other,,
T004819,EUR,C00768,P017,Daily Lamp 17,1,94.4,94.4,0.0,,94.4,0.0,94.4,none,0,,0.0,94.4,2025-09-14,other,,
T004820,EUR,C00625,P006,Active Mat 06,1,104.36,104.36,0.0,,104.36,0.0,104.36,none,0,,0.0,104.36,2025-09-14,other,,
T004821,EUR,C00207,P024,Modern Serum 24,1,66.52,59.87,0.1,LOYALTY10,66.52,6.65,59.87,full,1,2025-09-15,59.87,0.0,2025-09-14,other,,
T004822,EUR,C00216,P019,Urban Bottle 19,2,61.21,52.03,0.15,WEEKEND15,122.42,18.36,104.06,none,0,,0.0,104.06,2025-09-14,website,,V000052
T004823,EUR,C00410,P010,Pure Band 10,1,31.57,31.57,0.0,,31.57,0.0,31.57,none,0,,0.0,31.57,2025-09-14,other,,
T004824,EUR,C00896,P024,Modern Serum 24,2,66.52,66.52,0.0,,133.04,0.0,133.04,none,0,,0.0,133.04,2025-09-14,other,,
T004825,EUR,C00559,P030,Active Mat 30,2,15.8,15.8,0.0,,31.6,0.0,31.6,none,0,,0.0,31.6,2025-09-14,other,,
T004826,EUR,C00794,P010,Pure Band 10,1,31.57,31.57,0.0,,31.57,0.0,31.57,full,1,2025-10-05,31.57,0.0,2025-09-14,website,,V007796
T004827,EUR,C00930,P026,Pure Band 26,2,23.03,23.03,0.0,,46.06,0.0,46.06,none,0,,0.0,46.06,2025-09-15,other,,
T004828,EUR,C00470,P009,Daily Lamp 09,1,27.05,27.05,0.0,,27.05,0.0,27.05,full,1,2025-09-26,27.05,0.0,2025-09-15,other,,
T004829,EUR,C00948,P005,Bright Organizer 05,1,70.21,59.68,0.15,WEEKEND15,70.21,10.53,59.68,none,0,,0.0,59.68,2025-09-15,other,,
T004830,EUR,C00033,P026,Pure Band 26,1,23.03,23.03,0.0,,23.03,0.0,23.03,none,0,,0.0,23.03,2025-09-15,other,,
T004831,EUR,C00775,P021,Bright Organizer 21,1,91.23,91.23,0.0,,91.23,0.0,91.23,none,0,,0.0,91.23,2025-09-15,other,,
T004832,EUR,C00531,P013,Bright Organizer 13,2,48.36,48.36,0.0,,96.72,0.0,96.72,none,0,,0.0,96.72,2025-09-15,other,,
T004833,EUR,C00017,P003,Urban Bottle 03,1,105.26,89.47,0.15,WEEKEND15,105.26,15.79,89.47,none,0,,0.0,89.47,2025-09-15,other,,
T004834,EUR,C00336,P004,Essential Bag 04,1,83.73,83.73,0.0,,83.73,0.0,83.73,none,0,,0.0,83.73,2025-09-15,other,,
T004835,EUR,C00501,P002,Pure Band 02,2,19.22,19.22,0.0,,38.44,0.0,38.44,none,0,,0.0,38.44,2025-09-15,other,,
T004836,EUR,C00050,P023,Calm Cream 23,1,43.34,43.34,0.0,,43.34,0.0,43.34,none,0,,0.0,43.34,2025-09-15,other,,
T004837,EUR,C00839,P027,Urban Bottle 27,1,102.64,102.64,0.0,,102.64,0.0,102.64,none,0,,0.0,102.64,2025-09-15,other,,
T004838,EUR,C00594,P013,Bright Organizer 13,1,48.36,48.36,0.0,,48.36,0.0,48.36,none,0,,0.0,48.36,2025-09-15,other,,
T004839,EUR,C00011,P012,Essential Bag 12,1,99.7,99.7,0.0,,99.7,0.0,99.7,none,0,,0.0,99.7,2025-09-15,other,,
T004840,EUR,C00241,P028,Essential Bag 28,1,98.03,88.23,0.1,LOYALTY10,98.03,9.8,88.23,none,0,,0.0,88.23,2025-09-15,website,,V002031
T004841,EUR,C00443,P006,Active Mat 06,1,104.36,104.36,0.0,,104.36,0.0,104.36,none,0,,0.0,104.36,2025-09-15,other,,
T004842,EUR,C00138,P020,Essential Bag 20,1,23.79,23.79,0.0,,23.79,0.0,23.79,none,0,,0.0,23.79,2025-09-16,other,,
T004843,EUR,C00395,P015,Calm Cream 15,3,26.81,26.81,0.0,,80.43,0.0,80.43,full,3,2025-10-15,80.43,0.0,2025-09-16,other,,
T004844,EUR,C00033,P026,Pure Band 26,1,23.03,21.88,0.05,WELCOME5,23.03,1.15,21.88,none,0,,0.0,21.88,2025-09-16,other,,
T004845,EUR,C00872,P007,Calm Cream 07,1,21.92,21.92,0.0,,21.92,0.0,21.92,none,0,,0.0,21.92,2025-09-16,other,,
T004846,EUR,C00096,P021,Bright Organizer 21,1,91.23,91.23,0.0,,91.23,0.0,91.23,none,0,,0.0,91.23,2025-09-16,website,,V001158
T004847,EUR,C00868,P019,Urban Bottle 19,1,61.21,61.21,0.0,,61.21,0.0,61.21,none,0,,0.0,61.21,2025-09-16,other,,
T004848,EUR,C00312,P004,Essential Bag 04,1,83.73,83.73,0.0,,83.73,0.0,83.73,none,0,,0.0,83.73,2025-09-16,website,,V009445
T004849,EUR,C00044,P013,Bright Organizer 13,1,48.36,48.36,0.0,,48.36,0.0,48.36,none,0,,0.0,48.36,2025-09-16,other,,
T004850,EUR,C00947,P027,Urban Bottle 27,1,102.64,102.64,0.0,,102.64,0.0,102.64,none,0,,0.0,102.64,2025-09-16,other,,
T004851,EUR,C00433,P003,Urban Bottle 03,1,105.26,105.26,0.0,,105.26,0.0,105.26,none,0,,0.0,105.26,2025-09-16,other,,
T004852,EUR,C00155,P013,Bright Organizer 13,1,48.36,48.36,0.0,,48.36,0.0,48.36,none,0,,0.0,48.36,2025-09-16,other,,
T004853,EUR,C00345,P023,Calm Cream 23,1,43.34,43.34,0.0,,43.34,0.0,43.34,none,0,,0.0,43.34,2025-09-16,other,,
T004854,EUR,C00281,P026,Pure Band 26,1,23.03,23.03,0.0,,23.03,0.0,23.03,none,0,,0.0,23.03,2025-09-16,other,,
T004855,EUR,C00455,P001,Daily Lamp 01,1,96.68,96.68,0.0,,96.68,0.0,96.68,none,0,,0.0,96.68,2025-09-16,other,,
T004856,EUR,C00187,P028,Essential Bag 28,1,98.03,98.03,0.0,,98.03,0.0,98.03,none,0,,0.0,98.03,2025-09-16,other,,
T004857,EUR,C00967,P026,Pure Band 26,1,23.03,23.03,0.0,,23.03,0.0,23.03,none,0,,0.0,23.03,2025-09-16,website,,V009800
T004858,EUR,C00007,P017,Daily Lamp 17,1,94.4,94.4,0.0,,94.4,0.0,94.4,full,1,2025-09-28,94.4,0.0,2025-09-17,other,,
T004859,EUR,C00511,P022,Active Mat 22,1,31.79,31.79,0.0,,31.79,0.0,31.79,none,0,,0.0,31.79,2025-09-17,other,,
T004860,EUR,C00069,P023,Calm Cream 23,2,43.34,43.34,0.0,,86.68,0.0,86.68,none,0,,0.0,86.68,2025-09-17,other,,
T004861,EUR,C00265,P030,Active Mat 30,1,15.8,13.43,0.15,WEEKEND15,15.8,2.37,13.43,none,0,,0.0,13.43,2025-09-17,other,,
T004862,EUR,C00726,P004,Essential Bag 04,1,83.73,83.73,0.0,,83.73,0.0,83.73,none,0,,0.0,83.73,2025-09-17,other,,
T004863,EUR,C00446,P023,Calm Cream 23,2,43.34,43.34,0.0,,86.68,0.0,86.68,none,0,,0.0,86.68,2025-09-17,other,,
T004864,EUR,C00855,P007,Calm Cream 07,1,21.92,20.82,0.05,WELCOME5,21.92,1.1,20.82,none,0,,0.0,20.82,2025-09-17,website,,V005413
T004865,EUR,C00801,P022,Active Mat 22,2,31.79,28.61,0.1,ROUTINE10,63.58,6.36,57.22,none,0,,0.0,57.22,2025-09-17,marketing_campaign,SEND000569,V010073
T004866,EUR,C00611,P010,Pure Band 10,1,31.57,31.57,0.0,,31.57,0.0,31.57,none,0,,0.0,31.57,2025-09-17,website,,V003228
T004867,EUR,C00701,P012,Essential Bag 12,3,99.7,99.7,0.0,,299.1,0.0,299.1,none,0,,0.0,299.1,2025-09-17,other,,
T004868,EUR,C00763,P030,Active Mat 30,1,15.8,15.8,0.0,,15.8,0.0,15.8,none,0,,0.0,15.8,2025-09-17,other,,
T004869,EUR,C00391,P010,Pure Band 10,2,31.57,31.57,0.0,,63.14,0.0,63.14,none,0,,0.0,63.14,2025-09-17,other,,
T004870,EUR,C00022,P008,Modern Serum 08,1,76.74,76.74,0.0,,76.74,0.0,76.74,none,0,,0.0,76.74,2025-09-17,website,,V003472
T004871,EUR,C00627,P013,Bright Organizer 13,2,48.36,48.36,0.0,,96.72,0.0,96.72,none,0,,0.0,96.72,2025-09-17,other,,
T004872,EUR,C00221,P009,Daily Lamp 09,1,27.05,27.05,0.0,,27.05,0.0,27.05,none,0,,0.0,27.05,2025-09-17,other,,
T004873,EUR,C00468,P026,Pure Band 26,1,23.03,23.03,0.0,,23.03,0.0,23.03,none,0,,0.0,23.03,2025-09-17,website,,V009850
T004874,EUR,C00363,P008,Modern Serum 08,4,76.74,65.23,0.15,WEEKEND15,306.96,46.04,260.92,none,0,,0.0,260.92,2025-09-17,other,,
T004875,EUR,C00608,P010,Pure Band 10,4,31.57,31.57,0.0,,126.28,0.0,126.28,none,0,,0.0,126.28,2025-09-17,other,,
T004876,EUR,C00197,P029,Bright Organizer 29,1,15.67,14.1,0.1,ROUTINE10,15.67,1.57,14.1,none,0,,0.0,14.1,2025-09-18,marketing_campaign,SEND005471,V010720
T004877,EUR,C00487,P003,Urban Bottle 03,2,105.26,105.26,0.0,,210.52,0.0,210.52,none,0,,0.0,210.52,2025-09-18,website,,V000473
T004878,EUR,C00645,P005,Bright Organizer 05,1,70.21,70.21,0.0,,70.21,0.0,70.21,none,0,,0.0,70.21,2025-09-18,other,,
T004879,EUR,C00576,P010,Pure Band 10,2,31.57,26.83,0.15,WEEKEND15,63.14,9.48,53.66,none,0,,0.0,53.66,2025-09-18,other,,
T004880,EUR,C00955,P013,Bright Organizer 13,2,48.36,48.36,0.0,,96.72,0.0,96.72,none,0,,0.0,96.72,2025-09-18,other,,
T004881,EUR,C00795,P015,Calm Cream 15,1,26.81,24.13,0.1,ROUTINE10,26.81,2.68,24.13,none,0,,0.0,24.13,2025-09-18,marketing_campaign,SEND001716,V010224
T004882,EUR,C00998,P015,Calm Cream 15,1,26.81,26.81,0.0,,26.81,0.0,26.81,none,0,,0.0,26.81,2025-09-18,other,,
T004883,EUR,C00860,P006,Active Mat 06,1,104.36,104.36,0.0,,104.36,0.0,104.36,none,0,,0.0,104.36,2025-09-18,other,,
T004884,EUR,C00171,P012,Essential Bag 12,1,99.7,99.7,0.0,,99.7,0.0,99.7,none,0,,0.0,99.7,2025-09-18,other,,
T004885,EUR,C00283,P006,Active Mat 06,1,104.36,104.36,0.0,,104.36,0.0,104.36,none,0,,0.0,104.36,2025-09-18,other,,
T004886,EUR,C00508,P012,Essential Bag 12,1,99.7,99.7,0.0,,99.7,0.0,99.7,none,0,,0.0,99.7,2025-09-18,website,,V002941
T004887,EUR,C00833,P005,Bright Organizer 05,1,70.21,59.68,0.15,WEEKEND15,70.21,10.53,59.68,none,0,,0.0,59.68,2025-09-18,website,,V006998
T004888,EUR,C00096,P026,Pure Band 26,2,23.03,23.03,0.0,,46.06,0.0,46.06,none,0,,0.0,46.06,2025-09-19,other,,
T004889,EUR,C00101,P008,Modern Serum 08,1,76.74,76.74,0.0,,76.74,0.0,76.74,none,0,,0.0,76.74,2025-09-19,other,,
T004890,EUR,C00380,P003,Urban Bottle 03,1,105.26,100.0,0.05,WELCOME5,105.26,5.26,100.0,full,1,2025-10-10,100.0,0.0,2025-09-19,website,,V006268
T004891,EUR,C00620,P020,Essential Bag 20,1,23.79,22.6,0.05,WELCOME5,23.79,1.19,22.6,none,0,,0.0,22.6,2025-09-19,other,,
T004892,EUR,C00645,P011,Urban Bottle 11,1,58.41,58.41,0.0,,58.41,0.0,58.41,none,0,,0.0,58.41,2025-09-19,other,,
T004893,EUR,C00629,P011,Urban Bottle 11,1,58.41,58.41,0.0,,58.41,0.0,58.41,none,0,,0.0,58.41,2025-09-19,other,,
T004894,EUR,C00289,P007,Calm Cream 07,3,21.92,18.63,0.15,WEEKEND15,65.76,9.87,55.89,none,0,,0.0,55.89,2025-09-19,other,,
T004895,EUR,C00527,P002,Pure Band 02,1,19.22,19.22,0.0,,19.22,0.0,19.22,none,0,,0.0,19.22,2025-09-19,other,,
T004896,EUR,C00823,P001,Daily Lamp 01,1,96.68,96.68,0.0,,96.68,0.0,96.68,none,0,,0.0,96.68,2025-09-19,website,,V004036
T004897,EUR,C00125,P029,Bright Organizer 29,1,15.67,15.67,0.0,,15.67,0.0,15.67,none,0,,0.0,15.67,2025-09-19,website,,V009966
T004898,EUR,C00827,P002,Pure Band 02,1,19.22,19.22,0.0,,19.22,0.0,19.22,none,0,,0.0,19.22,2025-09-19,other,,
T004899,EUR,C00804,P012,Essential Bag 12,1,99.7,99.7,0.0,,99.7,0.0,99.7,none,0,,0.0,99.7,2025-09-19,other,,
T004900,EUR,C00287,P023,Calm Cream 23,2,43.34,43.34,0.0,,86.68,0.0,86.68,none,0,,0.0,86.68,2025-09-19,other,,
T004901,EUR,C00198,P020,Essential Bag 20,1,23.79,22.6,0.05,WELCOME5,23.79,1.19,22.6,none,0,,0.0,22.6,2025-09-19,other,,
T004902,EUR,C00786,P015,Calm Cream 15,1,26.81,26.81,0.0,,26.81,0.0,26.81,none,0,,0.0,26.81,2025-09-19,other,,
T004903,EUR,C00652,P021,Bright Organizer 21,1,91.23,91.23,0.0,,91.23,0.0,91.23,none,0,,0.0,91.23,2025-09-20,other,,
T004904,EUR,C00793,P015,Calm Cream 15,1,26.81,26.81,0.0,,26.81,0.0,26.81,none,0,,0.0,26.81,2025-09-20,other,,
T004905,EUR,C00749,P006,Active Mat 06,1,104.36,104.36,0.0,,104.36,0.0,104.36,none,0,,0.0,104.36,2025-09-20,other,,
T004906,EUR,C00111,P028,Essential Bag 28,4,98.03,98.03,0.0,,392.12,0.0,392.12,none,0,,0.0,392.12,2025-09-20,other,,
T004907,EUR,C00686,P013,Bright Organizer 13,2,48.36,48.36,0.0,,96.72,0.0,96.72,none,0,,0.0,96.72,2025-09-20,other,,
T004908,EUR,C00404,P029,Bright Organizer 29,2,15.67,14.1,0.1,LOYALTY10,31.34,3.14,28.2,none,0,,0.0,28.2,2025-09-20,other,,
T004909,EUR,C00467,P028,Essential Bag 28,2,98.03,98.03,0.0,,196.06,0.0,196.06,none,0,,0.0,196.06,2025-09-20,other,,
T004910,EUR,C00265,P009,Daily Lamp 09,1,27.05,27.05,0.0,,27.05,0.0,27.05,none,0,,0.0,27.05,2025-09-20,other,,
T004911,EUR,C00377,P009,Daily Lamp 09,1,27.05,27.05,0.0,,27.05,0.0,27.05,none,0,,0.0,27.05,2025-09-20,other,,
T004912,EUR,C00603,P008,Modern Serum 08,2,76.74,76.74,0.0,,153.48,0.0,153.48,none,0,,0.0,153.48,2025-09-20,other,,
T004913,EUR,C00424,P026,Pure Band 26,2,23.03,23.03,0.0,,46.06,0.0,46.06,none,0,,0.0,46.06,2025-09-21,other,,
T004914,EUR,C00672,P012,Essential Bag 12,1,99.7,89.73,0.1,LOYALTY10,99.7,9.97,89.73,none,0,,0.0,89.73,2025-09-21,other,,
T004915,EUR,C00621,P009,Daily Lamp 09,1,27.05,27.05,0.0,,27.05,0.0,27.05,none,0,,0.0,27.05,2025-09-21,other,,
T004916,EUR,C00691,P028,Essential Bag 28,1,98.03,98.03,0.0,,98.03,0.0,98.03,none,0,,0.0,98.03,2025-09-21,other,,
T004917,EUR,C00011,P024,Modern Serum 24,1,66.52,56.54,0.15,WEEKEND15,66.52,9.98,56.54,none,0,,0.0,56.54,2025-09-21,other,,
T004918,EUR,C00688,P029,Bright Organizer 29,2,15.67,15.67,0.0,,31.34,0.0,31.34,none,0,,0.0,31.34,2025-09-21,other,,
T004919,EUR,C00969,P028,Essential Bag 28,1,98.03,98.03,0.0,,98.03,0.0,98.03,none,0,,0.0,98.03,2025-09-21,other,,
T004920,EUR,C00741,P012,Essential Bag 12,2,99.7,99.7,0.0,,199.4,0.0,199.4,none,0,,0.0,199.4,2025-09-21,other,,
T004921,EUR,C00716,P020,Essential Bag 20,1,23.79,20.22,0.15,WEEKEND15,23.79,3.57,20.22,none,0,,0.0,20.22,2025-09-21,other,,
T004922,EUR,C00012,P025,Daily Lamp 25,1,101.88,101.88,0.0,,101.88,0.0,101.88,none,0,,0.0,101.88,2025-09-21,other,,
T004923,EUR,C00383,P005,Bright Organizer 05,1,70.21,63.19,0.1,LOYALTY10,70.21,7.02,63.19,none,0,,0.0,63.19,2025-09-21,other,,
T004924,EUR,C00199,P013,Bright Organizer 13,1,48.36,41.11,0.15,WEEKEND15,48.36,7.25,41.11,none,0,,0.0,41.11,2025-09-21,other,,
T004925,EUR,C00126,P024,Modern Serum 24,1,66.52,63.19,0.05,WELCOME5,66.52,3.33,63.19,none,0,,0.0,63.19,2025-09-21,other,,
T004926,EUR,C00204,P011,Urban Bottle 11,1,58.41,58.41,0.0,,58.41,0.0,58.41,none,0,,0.0,58.41,2025-09-21,other,,
T004927,EUR,C00569,P022,Active Mat 22,2,31.79,31.79,0.0,,63.58,0.0,63.58,full,2,2025-09-23,63.58,0.0,2025-09-21,other,,
T004928,EUR,C00784,P017,Daily Lamp 17,1,94.4,94.4,0.0,,94.4,0.0,94.4,none,0,,0.0,94.4,2025-09-22,other,,
T004929,EUR,C00889,P015,Calm Cream 15,2,26.81,26.81,0.0,,53.62,0.0,53.62,none,0,,0.0,53.62,2025-09-22,other,,
T004930,EUR,C00655,P008,Modern Serum 08,1,76.74,76.74,0.0,,76.74,0.0,76.74,none,0,,0.0,76.74,2025-09-22,other,,
T004931,EUR,C00337,P001,Daily Lamp 01,1,96.68,96.68,0.0,,96.68,0.0,96.68,none,0,,0.0,96.68,2025-09-22,other,,
T004932,EUR,C00693,P030,Active Mat 30,1,15.8,15.8,0.0,,15.8,0.0,15.8,none,0,,0.0,15.8,2025-09-22,other,,
T004933,EUR,C00601,P018,Pure Band 18,1,68.13,68.13,0.0,,68.13,0.0,68.13,none,0,,0.0,68.13,2025-09-22,other,,
T004934,EUR,C00330,P005,Bright Organizer 05,1,70.21,70.21,0.0,,70.21,0.0,70.21,none,0,,0.0,70.21,2025-09-22,website,,V000234
T004935,EUR,C00965,P003,Urban Bottle 03,1,105.26,105.26,0.0,,105.26,0.0,105.26,full,1,2025-10-17,105.26,0.0,2025-09-22,other,,
T004936,EUR,C00819,P026,Pure Band 26,2,23.03,23.03,0.0,,46.06,0.0,46.06,none,0,,0.0,46.06,2025-09-22,other,,
T004937,EUR,C00747,P029,Bright Organizer 29,1,15.67,15.67,0.0,,15.67,0.0,15.67,none,0,,0.0,15.67,2025-09-22,other,,
T004938,EUR,C00188,P029,Bright Organizer 29,1,15.67,14.1,0.1,LOYALTY10,15.67,1.57,14.1,none,0,,0.0,14.1,2025-09-22,other,,
T004939,EUR,C00600,P012,Essential Bag 12,1,99.7,89.73,0.1,LOYALTY10,99.7,9.97,89.73,none,0,,0.0,89.73,2025-09-22,other,,
T004940,EUR,C00547,P026,Pure Band 26,1,23.03,23.03,0.0,,23.03,0.0,23.03,none,0,,0.0,23.03,2025-09-22,other,,
T004941,EUR,C00416,P026,Pure Band 26,1,23.03,23.03,0.0,,23.03,0.0,23.03,none,0,,0.0,23.03,2025-09-22,other,,
T004942,EUR,C00810,P030,Active Mat 30,2,15.8,15.01,0.05,AUTUMN5,31.6,1.58,30.02,none,0,,0.0,30.02,2025-09-23,marketing_campaign,SEND001520,V010202
T004943,EUR,C00509,P015,Calm Cream 15,2,26.81,22.79,0.15,WEEKEND15,53.62,8.04,45.58,none,0,,0.0,45.58,2025-09-23,other,,
T004944,EUR,C00139,P018,Pure Band 18,2,68.13,68.13,0.0,,136.26,0.0,136.26,none,0,,0.0,136.26,2025-09-23,other,,
T004945,EUR,C00955,P008,Modern Serum 08,2,76.74,76.74,0.0,,153.48,0.0,153.48,none,0,,0.0,153.48,2025-09-23,other,,
T004946,EUR,C00487,P003,Urban Bottle 03,3,105.26,105.26,0.0,,315.78,0.0,315.78,none,0,,0.0,315.78,2025-09-23,other,,
T004947,EUR,C00892,P012,Essential Bag 12,2,99.7,99.7,0.0,,199.4,0.0,199.4,none,0,,0.0,199.4,2025-09-23,other,,
T004948,EUR,C00293,P026,Pure Band 26,3,23.03,19.58,0.15,WEEKEND15,69.09,10.35,58.74,none,0,,0.0,58.74,2025-09-23,other,,
T004949,EUR,C00270,P002,Pure Band 02,3,19.22,17.3,0.1,LOYALTY10,57.66,5.76,51.9,none,0,,0.0,51.9,2025-09-23,website,,V007195
T004950,EUR,C00100,P007,Calm Cream 07,1,21.92,20.82,0.05,WELCOME5,21.92,1.1,20.82,none,0,,0.0,20.82,2025-09-23,other,,
T004951,EUR,C00917,P030,Active Mat 30,1,15.8,15.8,0.0,,15.8,0.0,15.8,none,0,,0.0,15.8,2025-09-23,website,,V003536
T004952,EUR,C00055,P024,Modern Serum 24,4,66.52,59.87,0.1,ROUTINE10,266.08,26.6,239.48,none,0,,0.0,239.48,2025-09-23,marketing_campaign,SEND000274,V010033
T004953,EUR,C00551,P030,Active Mat 30,1,15.8,15.8,0.0,,15.8,0.0,15.8,none,0,,0.0,15.8,2025-09-23,other,,
T004954,EUR,C00693,P017,Daily Lamp 17,1,94.4,94.4,0.0,,94.4,0.0,94.4,none,0,,0.0,94.4,2025-09-23,other,,
T004955,EUR,C00188,P005,Bright Organizer 05,1,70.21,70.21,0.0,,70.21,0.0,70.21,none,0,,0.0,70.21,2025-09-23,other,,
T004956,EUR,C00799,P027,Urban Bottle 27,1,102.64,102.64,0.0,,102.64,0.0,102.64,none,0,,0.0,102.64,2025-09-23,other,,
T004957,EUR,C00860,P011,Urban Bottle 11,1,58.41,58.41,0.0,,58.41,0.0,58.41,none,0,,0.0,58.41,2025-09-23,other,,
T004958,EUR,C00914,P015,Calm Cream 15,1,26.81,26.81,0.0,,26.81,0.0,26.81,none,0,,0.0,26.81,2025-09-24,website,,V005151
T004959,EUR,C00569,P005,Bright Organizer 05,1,70.21,70.21,0.0,,70.21,0.0,70.21,none,0,,0.0,70.21,2025-09-24,other,,
T004960,EUR,C00554,P027,Urban Bottle 27,1,102.64,102.64,0.0,,102.64,0.0,102.64,none,0,,0.0,102.64,2025-09-24,other,,
T004961,EUR,C00311,P015,Calm Cream 15,1,26.81,26.81,0.0,,26.81,0.0,26.81,none,0,,0.0,26.81,2025-09-24,website,,V005316
T004962,EUR,C00349,P017,Daily Lamp 17,1,94.4,94.4,0.0,,94.4,0.0,94.4,none,0,,0.0,94.4,2025-09-24,other,,
T004963,EUR,C00107,P025,Daily Lamp 25,2,101.88,91.69,0.1,LOYALTY10,203.76,20.38,183.38,none,0,,0.0,183.38,2025-09-24,other,,
T004964,EUR,C00926,P009,Daily Lamp 09,2,27.05,27.05,0.0,,54.1,0.0,54.1,none,0,,0.0,54.1,2025-09-24,other,,
T004965,EUR,C00747,P017,Daily Lamp 17,2,94.4,94.4,0.0,,188.8,0.0,188.8,none,0,,0.0,188.8,2025-09-24,other,,
T004966,EUR,C00828,P024,Modern Serum 24,1,66.52,59.87,0.1,ROUTINE10,66.52,6.65,59.87,none,0,,0.0,59.87,2025-09-24,marketing_campaign,SEND005951,V010786
T004967,EUR,C00785,P017,Daily Lamp 17,1,94.4,94.4,0.0,,94.4,0.0,94.4,none,0,,0.0,94.4,2025-09-24,other,,
T004968,EUR,C00326,P028,Essential Bag 28,1,98.03,83.33,0.15,WEEKEND15,98.03,14.7,83.33,none,0,,0.0,83.33,2025-09-24,other,,
T004969,EUR,C00307,P002,Pure Band 02,1,19.22,19.22,0.0,,19.22,0.0,19.22,none,0,,0.0,19.22,2025-09-24,other,,
T004970,EUR,C00685,P007,Calm Cream 07,1,21.92,21.92,0.0,,21.92,0.0,21.92,none,0,,0.0,21.92,2025-09-24,website,,V003153
T004971,EUR,C00987,P021,Bright Organizer 21,1,91.23,77.55,0.15,WEEKEND15,91.23,13.68,77.55,none,0,,0.0,77.55,2025-09-24,other,,
T004972,EUR,C00190,P024,Modern Serum 24,2,66.52,66.52,0.0,,133.04,0.0,133.04,none,0,,0.0,133.04,2025-09-24,website,,V003297
T004973,EUR,C00724,P009,Daily Lamp 09,1,27.05,25.7,0.05,AUTUMN5,27.05,1.35,25.7,none,0,,0.0,25.7,2025-09-24,marketing_campaign,SEND001342,V010181
T004974,EUR,C00346,P024,Modern Serum 24,1,66.52,66.52,0.0,,66.52,0.0,66.52,none,0,,0.0,66.52,2025-09-24,other,,
T004975,EUR,C00051,P002,Pure Band 02,1,19.22,19.22,0.0,,19.22,0.0,19.22,none,0,,0.0,19.22,2025-09-25,other,,
T004976,EUR,C00998,P017,Daily Lamp 17,2,94.4,94.4,0.0,,188.8,0.0,188.8,none,0,,0.0,188.8,2025-09-25,other,,
T004977,EUR,C00613,P021,Bright Organizer 21,2,91.23,82.11,0.1,LOYALTY10,182.46,18.24,164.22,none,0,,0.0,164.22,2025-09-25,website,,V000935
T004978,EUR,C00760,P001,Daily Lamp 01,4,96.68,96.68,0.0,,386.72,0.0,386.72,none,0,,0.0,386.72,2025-09-25,other,,
T004979,EUR,C00933,P009,Daily Lamp 09,3,27.05,27.05,0.0,,81.15,0.0,81.15,none,0,,0.0,81.15,2025-09-25,other,,
T004980,EUR,C00501,P013,Bright Organizer 13,1,48.36,48.36,0.0,,48.36,0.0,48.36,none,0,,0.0,48.36,2025-09-25,other,,
T004981,EUR,C00311,P027,Urban Bottle 27,2,102.64,97.51,0.05,WELCOME5,205.28,10.26,195.02,none,0,,0.0,195.02,2025-09-25,other,,
T004982,EUR,C00933,P021,Bright Organizer 21,1,91.23,91.23,0.0,,91.23,0.0,91.23,none,0,,0.0,91.23,2025-09-25,other,,
T004983,EUR,C00996,P009,Daily Lamp 09,1,27.05,27.05,0.0,,27.05,0.0,27.05,none,0,,0.0,27.05,2025-09-25,other,,
T004984,EUR,C00303,P003,Urban Bottle 03,2,105.26,94.73,0.1,LOYALTY10,210.52,21.06,189.46,none,0,,0.0,189.46,2025-09-25,other,,
T004985,EUR,C00854,P002,Pure Band 02,1,19.22,19.22,0.0,,19.22,0.0,19.22,full,1,2025-09-26,19.22,0.0,2025-09-25,other,,
T004986,EUR,C00106,P009,Daily Lamp 09,2,27.05,22.99,0.15,WEEKEND15,54.1,8.12,45.98,full,2,2025-10-15,45.98,0.0,2025-09-25,other,,
T004987,EUR,C00311,P025,Daily Lamp 25,1,101.88,101.88,0.0,,101.88,0.0,101.88,none,0,,0.0,101.88,2025-09-25,other,,
T004988,EUR,C00461,P024,Modern Serum 24,1,66.52,66.52,0.0,,66.52,0.0,66.52,none,0,,0.0,66.52,2025-09-25,other,,
T004989,EUR,C00476,P027,Urban Bottle 27,1,102.64,97.51,0.05,WELCOME5,102.64,5.13,97.51,none,0,,0.0,97.51,2025-09-25,website,,V006174
T004990,EUR,C00583,P008,Modern Serum 08,2,76.74,76.74,0.0,,153.48,0.0,153.48,none,0,,0.0,153.48,2025-09-26,other,,
T004991,EUR,C00901,P024,Modern Serum 24,1,66.52,66.52,0.0,,66.52,0.0,66.52,none,0,,0.0,66.52,2025-09-26,other,,
T004992,EUR,C00920,P001,Daily Lamp 01,1,96.68,96.68,0.0,,96.68,0.0,96.68,none,0,,0.0,96.68,2025-09-26,other,,
T004993,EUR,C00819,P027,Urban Bottle 27,2,102.64,102.64,0.0,,205.28,0.0,205.28,none,0,,0.0,205.28,2025-09-26,other,,
T004994,EUR,C00253,P030,Active Mat 30,2,15.8,15.8,0.0,,31.6,0.0,31.6,none,0,,0.0,31.6,2025-09-26,other,,
T004995,EUR,C00778,P005,Bright Organizer 05,1,70.21,70.21,0.0,,70.21,0.0,70.21,none,0,,0.0,70.21,2025-09-26,website,,V009206
T004996,EUR,C00473,P030,Active Mat 30,1,15.8,15.8,0.0,,15.8,0.0,15.8,none,0,,0.0,15.8,2025-09-26,other,,
T004997,EUR,C00049,P026,Pure Band 26,1,23.03,23.03,0.0,,23.03,0.0,23.03,none,0,,0.0,23.03,2025-09-26,other,,
T004998,EUR,C00204,P029,Bright Organizer 29,3,15.67,15.67,0.0,,47.01,0.0,47.01,none,0,,0.0,47.01,2025-09-26,other,,
T004999,EUR,C00920,P001,Daily Lamp 01,1,96.68,96.68,0.0,,96.68,0.0,96.68,none,0,,0.0,96.68,2025-09-26,other,,
T005000,EUR,C00657,P018,Pure Band 18,1,68.13,68.13,0.0,,68.13,0.0,68.13,none,0,,0.0,68.13,2025-09-26,other,,
T005001,EUR,C00594,P017,Daily Lamp 17,3,94.4,94.4,0.0,,283.2,0.0,283.2,none,0,,0.0,283.2,2025-09-26,other,,
T005002,EUR,C00442,P010,Pure Band 10,1,31.57,28.41,0.1,LOYALTY10,31.57,3.16,28.41,none,0,,0.0,28.41,2025-09-27,other,,
T005003,EUR,C00683,P013,Bright Organizer 13,2,48.36,48.36,0.0,,96.72,0.0,96.72,none,0,,0.0,96.72,2025-09-27,website,,V005079
T005004,EUR,C00577,P020,Essential Bag 20,3,23.79,23.79,0.0,,71.37,0.0,71.37,none,0,,0.0,71.37,2025-09-27,other,,
T005005,EUR,C00974,P005,Bright Organizer 05,1,70.21,70.21,0.0,,70.21,0.0,70.21,none,0,,0.0,70.21,2025-09-27,other,,
T005006,EUR,C00180,P030,Active Mat 30,3,15.8,15.8,0.0,,47.4,0.0,47.4,full,3,2025-10-27,47.4,0.0,2025-09-27,other,,
T005007,EUR,C00530,P018,Pure Band 18,2,68.13,68.13,0.0,,136.26,0.0,136.26,none,0,,0.0,136.26,2025-09-27,other,,
T005008,EUR,C00879,P005,Bright Organizer 05,1,70.21,70.21,0.0,,70.21,0.0,70.21,none,0,,0.0,70.21,2025-09-27,website,,V008063
T005009,EUR,C00396,P009,Daily Lamp 09,1,27.05,27.05,0.0,,27.05,0.0,27.05,none,0,,0.0,27.05,2025-09-27,other,,
T005010,EUR,C00295,P008,Modern Serum 08,1,76.74,76.74,0.0,,76.74,0.0,76.74,none,0,,0.0,76.74,2025-09-28,other,,
T005011,EUR,C00140,P028,Essential Bag 28,1,98.03,98.03,0.0,,98.03,0.0,98.03,none,0,,0.0,98.03,2025-09-28,other,,
T005012,EUR,C00488,P027,Urban Bottle 27,1,102.64,102.64,0.0,,102.64,0.0,102.64,none,0,,0.0,102.64,2025-09-28,website,,V008017
T005013,EUR,C00436,P007,Calm Cream 07,1,21.92,19.73,0.1,LOYALTY10,21.92,2.19,19.73,none,0,,0.0,19.73,2025-09-28,other,,
T005014,EUR,C00913,P030,Active Mat 30,1,15.8,15.8,0.0,,15.8,0.0,15.8,none,0,,0.0,15.8,2025-09-28,website,,V008859
T005015,EUR,C00693,P011,Urban Bottle 11,1,58.41,58.41,0.0,,58.41,0.0,58.41,none,0,,0.0,58.41,2025-09-28,other,,
T005016,EUR,C00735,P005,Bright Organizer 05,1,70.21,70.21,0.0,,70.21,0.0,70.21,none,0,,0.0,70.21,2025-09-28,website,,V008227
T005017,EUR,C00701,P020,Essential Bag 20,1,23.79,23.79,0.0,,23.79,0.0,23.79,none,0,,0.0,23.79,2025-09-28,other,,
T005018,EUR,C00198,P015,Calm Cream 15,1,26.81,26.81,0.0,,26.81,0.0,26.81,none,0,,0.0,26.81,2025-09-28,other,,
T005019,EUR,C00757,P017,Daily Lamp 17,1,94.4,80.24,0.15,WEEKEND15,94.4,14.16,80.24,none,0,,0.0,80.24,2025-09-28,other,,
T005020,EUR,C00819,P009,Daily Lamp 09,1,27.05,27.05,0.0,,27.05,0.0,27.05,none,0,,0.0,27.05,2025-09-28,other,,
T005021,EUR,C00258,P002,Pure Band 02,2,19.22,19.22,0.0,,38.44,0.0,38.44,none,0,,0.0,38.44,2025-09-28,other,,
T005022,EUR,C00530,P022,Active Mat 22,1,31.79,31.79,0.0,,31.79,0.0,31.79,none,0,,0.0,31.79,2025-09-28,other,,
T005023,EUR,C00527,P030,Active Mat 30,1,15.8,15.8,0.0,,15.8,0.0,15.8,full,1,2025-10-15,15.8,0.0,2025-09-28,other,,
T005024,EUR,C00956,P013,Bright Organizer 13,2,48.36,48.36,0.0,,96.72,0.0,96.72,none,0,,0.0,96.72,2025-09-28,other,,
T005025,EUR,C00151,P017,Daily Lamp 17,1,94.4,94.4,0.0,,94.4,0.0,94.4,none,0,,0.0,94.4,2025-09-29,other,,
T005026,EUR,C00171,P007,Calm Cream 07,1,21.92,21.92,0.0,,21.92,0.0,21.92,none,0,,0.0,21.92,2025-09-29,other,,
T005027,EUR,C00666,P026,Pure Band 26,1,23.03,23.03,0.0,,23.03,0.0,23.03,none,0,,0.0,23.03,2025-09-29,other,,
T005028,EUR,C00361,P029,Bright Organizer 29,1,15.67,15.67,0.0,,15.67,0.0,15.67,none,0,,0.0,15.67,2025-09-29,other,,
T005029,EUR,C00702,P007,Calm Cream 07,1,21.92,18.63,0.15,WEEKEND15,21.92,3.29,18.63,none,0,,0.0,18.63,2025-09-29,website,,V000072
T005030,EUR,C00502,P011,Urban Bottle 11,1,58.41,58.41,0.0,,58.41,0.0,58.41,none,0,,0.0,58.41,2025-09-29,website,,V000821
T005031,EUR,C00235,P008,Modern Serum 08,1,76.74,69.07,0.1,LOYALTY10,76.74,7.67,69.07,none,0,,0.0,69.07,2025-09-29,other,,
T005032,EUR,C00487,P017,Daily Lamp 17,2,94.4,94.4,0.0,,188.8,0.0,188.8,none,0,,0.0,188.8,2025-09-29,other,,
T005033,EUR,C00313,P008,Modern Serum 08,1,76.74,76.74,0.0,,76.74,0.0,76.74,none,0,,0.0,76.74,2025-09-29,other,,
T005034,EUR,C00335,P018,Pure Band 18,1,68.13,68.13,0.0,,68.13,0.0,68.13,none,0,,0.0,68.13,2025-09-29,other,,
T005035,EUR,C00973,P027,Urban Bottle 27,2,102.64,102.64,0.0,,205.28,0.0,205.28,none,0,,0.0,205.28,2025-09-29,other,,
T005036,EUR,C00792,P005,Bright Organizer 05,1,70.21,70.21,0.0,,70.21,0.0,70.21,none,0,,0.0,70.21,2025-09-29,other,,
T005037,EUR,C00484,P010,Pure Band 10,2,31.57,28.41,0.1,LOYALTY10,63.14,6.32,56.82,full,2,2025-10-19,56.82,0.0,2025-09-29,other,,
T005038,EUR,C00614,P013,Bright Organizer 13,1,48.36,48.36,0.0,,48.36,0.0,48.36,none,0,,0.0,48.36,2025-09-29,other,,
T005039,EUR,C00585,P011,Urban Bottle 11,1,58.41,58.41,0.0,,58.41,0.0,58.41,none,0,,0.0,58.41,2025-09-29,other,,
T005040,EUR,C00822,P027,Urban Bottle 27,1,102.64,97.51,0.05,WELCOME5,102.64,5.13,97.51,full,1,2025-10-13,97.51,0.0,2025-09-29,other,,
T005041,EUR,C00294,P030,Active Mat 30,1,15.8,15.8,0.0,,15.8,0.0,15.8,none,0,,0.0,15.8,2025-09-30,other,,
T005042,EUR,C00009,P021,Bright Organizer 21,1,91.23,91.23,0.0,,91.23,0.0,91.23,none,0,,0.0,91.23,2025-09-30,other,,
T005043,EUR,C00933,P013,Bright Organizer 13,1,48.36,48.36,0.0,,48.36,0.0,48.36,none,0,,0.0,48.36,2025-09-30,other,,
T005044,EUR,C00491,P011,Urban Bottle 11,3,58.41,58.41,0.0,,175.23,0.0,175.23,none,0,,0.0,175.23,2025-09-30,other,,
T005045,EUR,C00646,P013,Bright Organizer 13,2,48.36,48.36,0.0,,96.72,0.0,96.72,none,0,,0.0,96.72,2025-09-30,website,,V008154
T005046,EUR,C00113,P009,Daily Lamp 09,1,27.05,27.05,0.0,,27.05,0.0,27.05,none,0,,0.0,27.05,2025-09-30,other,,
T005047,EUR,C00630,P021,Bright Organizer 21,1,91.23,91.23,0.0,,91.23,0.0,91.23,none,0,,0.0,91.23,2025-09-30,other,,
T005048,EUR,C00991,P010,Pure Band 10,1,31.57,26.83,0.15,WEEKEND15,31.57,4.74,26.83,none,0,,0.0,26.83,2025-09-30,other,,
T005049,EUR,C00778,P030,Active Mat 30,1,15.8,15.8,0.0,,15.8,0.0,15.8,none,0,,0.0,15.8,2025-09-30,other,,
T005050,EUR,C00057,P020,Essential Bag 20,1,23.79,23.79,0.0,,23.79,0.0,23.79,none,0,,0.0,23.79,2025-09-30,other,,
T005051,EUR,C00696,P002,Pure Band 02,2,19.22,19.22,0.0,,38.44,0.0,38.44,none,0,,0.0,38.44,2025-09-30,other,,
T005052,EUR,C00216,P002,Pure Band 02,1,19.22,19.22,0.0,,19.22,0.0,19.22,none,0,,0.0,19.22,2025-09-30,other,,
T005053,EUR,C00104,P007,Calm Cream 07,1,21.92,21.92,0.0,,21.92,0.0,21.92,none,0,,0.0,21.92,2025-09-30,other,,
T005054,EUR,C00677,P030,Active Mat 30,1,15.8,15.8,0.0,,15.8,0.0,15.8,none,0,,0.0,15.8,2025-09-30,other,,
T005055,EUR,C00849,P004,Essential Bag 04,1,83.73,83.73,0.0,,83.73,0.0,83.73,none,0,,0.0,83.73,2025-10-01,other,,
T005056,EUR,C00874,P003,Urban Bottle 03,1,105.26,105.26,0.0,,105.26,0.0,105.26,none,0,,0.0,105.26,2025-10-01,other,,
T005057,EUR,C00649,P020,Essential Bag 20,1,23.79,23.79,0.0,,23.79,0.0,23.79,none,0,,0.0,23.79,2025-10-01,other,,
T005058,EUR,C00850,P017,Daily Lamp 17,1,94.4,94.4,0.0,,94.4,0.0,94.4,none,0,,0.0,94.4,2025-10-01,website,,V007806
T005059,EUR,C00384,P002,Pure Band 02,1,19.22,19.22,0.0,,19.22,0.0,19.22,none,0,,0.0,19.22,2025-10-01,other,,
T005060,EUR,C00662,P001,Daily Lamp 01,2,96.68,96.68,0.0,,193.36,0.0,193.36,none,0,,0.0,193.36,2025-10-01,other,,
T005061,EUR,C00142,P008,Modern Serum 08,1,76.74,72.9,0.05,WELCOME5,76.74,3.84,72.9,none,0,,0.0,72.9,2025-10-01,other,,
T005062,EUR,C00477,P016,Modern Serum 16,1,91.2,91.2,0.0,,91.2,0.0,91.2,none,0,,0.0,91.2,2025-10-01,other,,
T005063,EUR,C00967,P004,Essential Bag 04,1,83.73,83.73,0.0,,83.73,0.0,83.73,none,0,,0.0,83.73,2025-10-01,website,,V004458
T005064,EUR,C00637,P029,Bright Organizer 29,1,15.67,15.67,0.0,,15.67,0.0,15.67,none,0,,0.0,15.67,2025-10-01,other,,
T005065,EUR,C00257,P015,Calm Cream 15,1,26.81,26.81,0.0,,26.81,0.0,26.81,none,0,,0.0,26.81,2025-10-01,website,,V007237
T005066,EUR,C00617,P025,Daily Lamp 25,1,101.88,96.79,0.05,WELCOME5,101.88,5.09,96.79,none,0,,0.0,96.79,2025-10-01,other,,
T005067,EUR,C00007,P021,Bright Organizer 21,1,91.23,91.23,0.0,,91.23,0.0,91.23,none,0,,0.0,91.23,2025-10-01,other,,
T005068,EUR,C00153,P011,Urban Bottle 11,2,58.41,58.41,0.0,,116.82,0.0,116.82,none,0,,0.0,116.82,2025-10-01,other,,
T005069,EUR,C00825,P018,Pure Band 18,1,68.13,68.13,0.0,,68.13,0.0,68.13,none,0,,0.0,68.13,2025-10-01,other,,
T005070,EUR,C00074,P018,Pure Band 18,1,68.13,68.13,0.0,,68.13,0.0,68.13,none,0,,0.0,68.13,2025-10-01,other,,
T005071,EUR,C00006,P029,Bright Organizer 29,2,15.67,15.67,0.0,,31.34,0.0,31.34,none,0,,0.0,31.34,2025-10-01,website,,V005489
T005072,EUR,C00475,P021,Bright Organizer 21,1,91.23,91.23,0.0,,91.23,0.0,91.23,none,0,,0.0,91.23,2025-10-01,other,,
T005073,EUR,C00081,P021,Bright Organizer 21,1,91.23,91.23,0.0,,91.23,0.0,91.23,full,1,2025-10-03,91.23,0.0,2025-10-01,other,,
T005074,EUR,C00996,P011,Urban Bottle 11,1,58.41,58.41,0.0,,58.41,0.0,58.41,none,0,,0.0,58.41,2025-10-01,other,,
T005075,EUR,C00226,P015,Calm Cream 15,1,26.81,24.13,0.1,LOYALTY10,26.81,2.68,24.13,full,1,2025-10-17,24.13,0.0,2025-10-01,other,,
T005076,EUR,C00880,P011,Urban Bottle 11,1,58.41,58.41,0.0,,58.41,0.0,58.41,none,0,,0.0,58.41,2025-10-01,other,,
T005077,EUR,C00883,P020,Essential Bag 20,1,23.79,21.41,0.1,LOYALTY10,23.79,2.38,21.41,none,0,,0.0,21.41,2025-10-01,website,,V008792
T005078,EUR,C00867,P009,Daily Lamp 09,1,27.05,27.05,0.0,,27.05,0.0,27.05,none,0,,0.0,27.05,2025-10-01,other,,
T005079,EUR,C00891,P028,Essential Bag 28,1,98.03,98.03,0.0,,98.03,0.0,98.03,none,0,,0.0,98.03,2025-10-01,website,,V000576
T005080,EUR,C00768,P013,Bright Organizer 13,1,48.36,48.36,0.0,,48.36,0.0,48.36,none,0,,0.0,48.36,2025-10-01,other,,
T005081,EUR,C00418,P004,Essential Bag 04,1,83.73,83.73,0.0,,83.73,0.0,83.73,none,0,,0.0,83.73,2025-10-02,other,,
T005082,EUR,C00220,P025,Daily Lamp 25,1,101.88,101.88,0.0,,101.88,0.0,101.88,none,0,,0.0,101.88,2025-10-02,other,,
T005083,EUR,C00670,P012,Essential Bag 12,1,99.7,99.7,0.0,,99.7,0.0,99.7,none,0,,0.0,99.7,2025-10-02,other,,
T005084,EUR,C00065,P014,Active Mat 14,2,55.09,49.58,0.1,LOYALTY10,110.18,11.02,99.16,none,0,,0.0,99.16,2025-10-02,other,,
T005085,EUR,C00629,P003,Urban Bottle 03,1,105.26,105.26,0.0,,105.26,0.0,105.26,none,0,,0.0,105.26,2025-10-02,other,,
T005086,EUR,C00803,P012,Essential Bag 12,2,99.7,99.7,0.0,,199.4,0.0,199.4,none,0,,0.0,199.4,2025-10-02,other,,
T005087,EUR,C00016,P023,Calm Cream 23,1,43.34,36.84,0.15,WEEKEND15,43.34,6.5,36.84,none,0,,0.0,36.84,2025-10-02,other,,
T005088,EUR,C00953,P017,Daily Lamp 17,1,94.4,89.68,0.05,WELCOME5,94.4,4.72,89.68,none,0,,0.0,89.68,2025-10-02,other,,
T005089,EUR,C00434,P008,Modern Serum 08,1,76.74,76.74,0.0,,76.74,0.0,76.74,none,0,,0.0,76.74,2025-10-02,other,,
T005090,EUR,C00205,P019,Urban Bottle 19,2,61.21,61.21,0.0,,122.42,0.0,122.42,none,0,,0.0,122.42,2025-10-02,other,,
T005091,EUR,C00455,P006,Active Mat 06,2,104.36,88.71,0.15,WEEKEND15,208.72,31.3,177.42,none,0,,0.0,177.42,2025-10-02,other,,
T005092,EUR,C00024,P019,Urban Bottle 19,1,61.21,61.21,0.0,,61.21,0.0,61.21,none,0,,0.0,61.21,2025-10-02,other,,
T005093,EUR,C00451,P013,Bright Organizer 13,3,48.36,41.11,0.15,WEEKEND15,145.08,21.75,123.33,none,0,,0.0,123.33,2025-10-02,other,,
T005094,EUR,C00131,P019,Urban Bottle 19,2,61.21,61.21,0.0,,122.42,0.0,122.42,full,2,2025-10-12,122.42,0.0,2025-10-02,other,,
T005095,EUR,C00582,P027,Urban Bottle 27,1,102.64,97.51,0.05,WELCOME5,102.64,5.13,97.51,none,0,,0.0,97.51,2025-10-02,other,,
T005096,EUR,C00072,P028,Essential Bag 28,1,98.03,98.03,0.0,,98.03,0.0,98.03,none,0,,0.0,98.03,2025-10-03,website,,V000724
T005097,EUR,C00779,P007,Calm Cream 07,1,21.92,21.92,0.0,,21.92,0.0,21.92,none,0,,0.0,21.92,2025-10-03,other,,
T005098,EUR,C00005,P006,Active Mat 06,1,104.36,104.36,0.0,,104.36,0.0,104.36,none,0,,0.0,104.36,2025-10-03,other,,
T005099,EUR,C00661,P017,Daily Lamp 17,1,94.4,94.4,0.0,,94.4,0.0,94.4,none,0,,0.0,94.4,2025-10-03,other,,
T005100,EUR,C00788,P010,Pure Band 10,2,31.57,31.57,0.0,,63.14,0.0,63.14,none,0,,0.0,63.14,2025-10-03,other,,
T005101,EUR,C00579,P008,Modern Serum 08,1,76.74,76.74,0.0,,76.74,0.0,76.74,none,0,,0.0,76.74,2025-10-03,other,,
T005102,EUR,C00547,P004,Essential Bag 04,1,83.73,79.54,0.05,WELCOME5,83.73,4.19,79.54,none,0,,0.0,79.54,2025-10-03,other,,
T005103,EUR,C00424,P010,Pure Band 10,1,31.57,28.41,0.1,ROUTINE10,31.57,3.16,28.41,none,0,,0.0,28.41,2025-10-03,marketing_campaign,SEND000834,V010102
T005104,EUR,C00391,P003,Urban Bottle 03,1,105.26,94.73,0.1,LOYALTY10,105.26,10.53,94.73,none,0,,0.0,94.73,2025-10-03,other,,
T005105,EUR,C00991,P027,Urban Bottle 27,2,102.64,102.64,0.0,,205.28,0.0,205.28,none,0,,0.0,205.28,2025-10-03,other,,
T005106,EUR,C00566,P003,Urban Bottle 03,2,105.26,89.47,0.15,WEEKEND15,210.52,31.58,178.94,none,0,,0.0,178.94,2025-10-03,other,,
T005107,EUR,C00158,P022,Active Mat 22,1,31.79,31.79,0.0,,31.79,0.0,31.79,none,0,,0.0,31.79,2025-10-03,other,,
T005108,EUR,C00884,P010,Pure Band 10,2,31.57,31.57,0.0,,63.14,0.0,63.14,none,0,,0.0,63.14,2025-10-03,website,,V003295
T005109,EUR,C00054,P011,Urban Bottle 11,1,58.41,58.41,0.0,,58.41,0.0,58.41,none,0,,0.0,58.41,2025-10-03,other,,
T005110,EUR,C00190,P026,Pure Band 26,1,23.03,23.03,0.0,,23.03,0.0,23.03,none,0,,0.0,23.03,2025-10-03,other,,
T005111,EUR,C00343,P003,Urban Bottle 03,2,105.26,105.26,0.0,,210.52,0.0,210.52,none,0,,0.0,210.52,2025-10-03,other,,
T005112,EUR,C00236,P021,Bright Organizer 21,1,91.23,91.23,0.0,,91.23,0.0,91.23,none,0,,0.0,91.23,2025-10-03,website,,V009276
T005113,EUR,C00817,P030,Active Mat 30,1,15.8,14.22,0.1,LOYALTY10,15.8,1.58,14.22,none,0,,0.0,14.22,2025-10-03,website,,V006826
T005114,EUR,C00085,P010,Pure Band 10,3,31.57,26.83,0.15,WEEKEND15,94.71,14.22,80.49,none,0,,0.0,80.49,2025-10-03,other,,
T005115,EUR,C00751,P023,Calm Cream 23,4,43.34,36.84,0.15,WEEKEND15,173.36,26.0,147.36,none,0,,0.0,147.36,2025-10-03,other,,
T005116,EUR,C00006,P025,Daily Lamp 25,1,101.88,101.88,0.0,,101.88,0.0,101.88,none,0,,0.0,101.88,2025-10-03,other,,
T005117,EUR,C00202,P005,Bright Organizer 05,1,70.21,70.21,0.0,,70.21,0.0,70.21,none,0,,0.0,70.21,2025-10-03,other,,
T005118,EUR,C00082,P030,Active Mat 30,2,15.8,15.8,0.0,,31.6,0.0,31.6,none,0,,0.0,31.6,2025-10-03,other,,
T005119,EUR,C00910,P002,Pure Band 02,2,19.22,19.22,0.0,,38.44,0.0,38.44,none,0,,0.0,38.44,2025-10-03,other,,
T005120,EUR,C00021,P004,Essential Bag 04,2,83.73,83.73,0.0,,167.46,0.0,167.46,none,0,,0.0,167.46,2025-10-04,other,,
T005121,EUR,C00833,P004,Essential Bag 04,2,83.73,83.73,0.0,,167.46,0.0,167.46,none,0,,0.0,167.46,2025-10-04,other,,
T005122,EUR,C00391,P016,Modern Serum 16,1,91.2,91.2,0.0,,91.2,0.0,91.2,full,1,2025-10-05,91.2,0.0,2025-10-04,other,,
T005123,EUR,C00147,P025,Daily Lamp 25,2,101.88,101.88,0.0,,203.76,0.0,203.76,none,0,,0.0,203.76,2025-10-04,other,,
T005124,EUR,C00933,P005,Bright Organizer 05,2,70.21,59.68,0.15,WEEKEND15,140.42,21.06,119.36,none,0,,0.0,119.36,2025-10-04,other,,
T005125,EUR,C00788,P015,Calm Cream 15,2,26.81,26.81,0.0,,53.62,0.0,53.62,none,0,,0.0,53.62,2025-10-04,other,,
T005126,EUR,C00345,P023,Calm Cream 23,4,43.34,39.01,0.1,LOYALTY10,173.36,17.32,156.04,none,0,,0.0,156.04,2025-10-04,other,,
T005127,EUR,C00103,P020,Essential Bag 20,1,23.79,23.79,0.0,,23.79,0.0,23.79,full,1,2025-11-02,23.79,0.0,2025-10-04,other,,
T005128,EUR,C00706,P026,Pure Band 26,2,23.03,23.03,0.0,,46.06,0.0,46.06,none,0,,0.0,46.06,2025-10-04,website,,V005864
T005129,EUR,C00237,P008,Modern Serum 08,1,76.74,76.74,0.0,,76.74,0.0,76.74,none,0,,0.0,76.74,2025-10-04,website,,V009606
T005130,EUR,C00357,P024,Modern Serum 24,1,66.52,66.52,0.0,,66.52,0.0,66.52,none,0,,0.0,66.52,2025-10-04,other,,
T005131,EUR,C00376,P014,Active Mat 14,1,55.09,52.34,0.05,AUTUMN5,55.09,2.75,52.34,none,0,,0.0,52.34,2025-10-04,marketing_campaign,SEND006876,V010912
T005132,EUR,C00834,P021,Bright Organizer 21,4,91.23,91.23,0.0,,364.92,0.0,364.92,none,0,,0.0,364.92,2025-10-04,other,,
T005133,EUR,C00958,P014,Active Mat 14,1,55.09,55.09,0.0,,55.09,0.0,55.09,none,0,,0.0,55.09,2025-10-04,other,,
T005134,EUR,C00570,P001,Daily Lamp 01,1,96.68,96.68,0.0,,96.68,0.0,96.68,none,0,,0.0,96.68,2025-10-04,other,,
T005135,EUR,C00831,P020,Essential Bag 20,1,23.79,23.79,0.0,,23.79,0.0,23.79,none,0,,0.0,23.79,2025-10-04,other,,
T005136,EUR,C00659,P012,Essential Bag 12,1,99.7,99.7,0.0,,99.7,0.0,99.7,none,0,,0.0,99.7,2025-10-04,other,,
T005137,EUR,C00586,P017,Daily Lamp 17,1,94.4,94.4,0.0,,94.4,0.0,94.4,none,0,,0.0,94.4,2025-10-04,other,,
T005138,EUR,C00520,P019,Urban Bottle 19,1,61.21,52.03,0.15,WEEKEND15,61.21,9.18,52.03,none,0,,0.0,52.03,2025-10-04,other,,
T005139,EUR,C00056,P008,Modern Serum 08,1,76.74,76.74,0.0,,76.74,0.0,76.74,none,0,,0.0,76.74,2025-10-04,other,,
T005140,EUR,C00375,P010,Pure Band 10,1,31.57,31.57,0.0,,31.57,0.0,31.57,none,0,,0.0,31.57,2025-10-04,other,,
T005141,EUR,C00459,P024,Modern Serum 24,4,66.52,66.52,0.0,,266.08,0.0,266.08,none,0,,0.0,266.08,2025-10-04,other,,
T005142,EUR,C00875,P019,Urban Bottle 19,2,61.21,61.21,0.0,,122.42,0.0,122.42,none,0,,0.0,122.42,2025-10-04,other,,
T005143,EUR,C00387,P013,Bright Organizer 13,1,48.36,48.36,0.0,,48.36,0.0,48.36,none,0,,0.0,48.36,2025-10-04,other,,
T005144,EUR,C00232,P024,Modern Serum 24,2,66.52,56.54,0.15,WEEKEND15,133.04,19.96,113.08,none,0,,0.0,113.08,2025-10-04,other,,
T005145,EUR,C00607,P001,Daily Lamp 01,1,96.68,96.68,0.0,,96.68,0.0,96.68,none,0,,0.0,96.68,2025-10-04,other,,
T005146,EUR,C00446,P018,Pure Band 18,2,68.13,68.13,0.0,,136.26,0.0,136.26,none,0,,0.0,136.26,2025-10-04,other,,
T005147,EUR,C00587,P001,Daily Lamp 01,1,96.68,96.68,0.0,,96.68,0.0,96.68,none,0,,0.0,96.68,2025-10-04,other,,
T005148,EUR,C00742,P012,Essential Bag 12,1,99.7,99.7,0.0,,99.7,0.0,99.7,none,0,,0.0,99.7,2025-10-04,other,,
T005149,EUR,C00209,P024,Modern Serum 24,1,66.52,66.52,0.0,,66.52,0.0,66.52,none,0,,0.0,66.52,2025-10-04,other,,
T005150,EUR,C00917,P022,Active Mat 22,1,31.79,31.79,0.0,,31.79,0.0,31.79,none,0,,0.0,31.79,2025-10-04,website,,V005911
T005151,EUR,C00657,P008,Modern Serum 08,2,76.74,76.74,0.0,,153.48,0.0,153.48,none,0,,0.0,153.48,2025-10-05,other,,
T005152,EUR,C00405,P006,Active Mat 06,1,104.36,104.36,0.0,,104.36,0.0,104.36,none,0,,0.0,104.36,2025-10-05,other,,
T005153,EUR,C00761,P025,Daily Lamp 25,1,101.88,101.88,0.0,,101.88,0.0,101.88,none,0,,0.0,101.88,2025-10-05,other,,
T005154,EUR,C00955,P009,Daily Lamp 09,1,27.05,27.05,0.0,,27.05,0.0,27.05,none,0,,0.0,27.05,2025-10-05,other,,
T005155,EUR,C00811,P016,Modern Serum 16,3,91.2,91.2,0.0,,273.6,0.0,273.6,none,0,,0.0,273.6,2025-10-05,other,,
T005156,EUR,C00296,P012,Essential Bag 12,2,99.7,99.7,0.0,,199.4,0.0,199.4,none,0,,0.0,199.4,2025-10-05,other,,
T005157,EUR,C00207,P024,Modern Serum 24,1,66.52,66.52,0.0,,66.52,0.0,66.52,none,0,,0.0,66.52,2025-10-05,other,,
T005158,EUR,C00683,P007,Calm Cream 07,2,21.92,21.92,0.0,,43.84,0.0,43.84,none,0,,0.0,43.84,2025-10-05,website,,V003157
T005159,EUR,C00135,P011,Urban Bottle 11,1,58.41,55.49,0.05,WELCOME5,58.41,2.92,55.49,none,0,,0.0,55.49,2025-10-05,other,,
T005160,EUR,C00690,P003,Urban Bottle 03,2,105.26,105.26,0.0,,210.52,0.0,210.52,none,0,,0.0,210.52,2025-10-05,other,,
T005161,EUR,C00771,P012,Essential Bag 12,3,99.7,99.7,0.0,,299.1,0.0,299.1,none,0,,0.0,299.1,2025-10-05,other,,
T005162,EUR,C00590,P008,Modern Serum 08,2,76.74,76.74,0.0,,153.48,0.0,153.48,full,2,2025-10-23,153.48,0.0,2025-10-05,other,,
T005163,EUR,C00376,P025,Daily Lamp 25,1,101.88,101.88,0.0,,101.88,0.0,101.88,none,0,,0.0,101.88,2025-10-05,other,,
T005164,EUR,C00446,P024,Modern Serum 24,1,66.52,66.52,0.0,,66.52,0.0,66.52,none,0,,0.0,66.52,2025-10-05,other,,
T005165,EUR,C00564,P003,Urban Bottle 03,2,105.26,105.26,0.0,,210.52,0.0,210.52,none,0,,0.0,210.52,2025-10-05,other,,
T005166,EUR,C00308,P002,Pure Band 02,1,19.22,19.22,0.0,,19.22,0.0,19.22,none,0,,0.0,19.22,2025-10-05,other,,
T005167,EUR,C00394,P004,Essential Bag 04,2,83.73,83.73,0.0,,167.46,0.0,167.46,none,0,,0.0,167.46,2025-10-05,website,,V009953
T005168,EUR,C00560,P013,Bright Organizer 13,1,48.36,41.11,0.15,WEEKEND15,48.36,7.25,41.11,none,0,,0.0,41.11,2025-10-05,other,,
T005169,EUR,C00516,P027,Urban Bottle 27,4,102.64,92.38,0.1,LOYALTY10,410.56,41.04,369.52,none,0,,0.0,369.52,2025-10-05,other,,
T005170,EUR,C00614,P013,Bright Organizer 13,1,48.36,43.52,0.1,LOYALTY10,48.36,4.84,43.52,none,0,,0.0,43.52,2025-10-05,other,,
T005171,EUR,C00556,P004,Essential Bag 04,2,83.73,83.73,0.0,,167.46,0.0,167.46,none,0,,0.0,167.46,2025-10-06,website,,V004225
T005172,EUR,C00682,P010,Pure Band 10,1,31.57,31.57,0.0,,31.57,0.0,31.57,none,0,,0.0,31.57,2025-10-06,other,,
T005173,EUR,C00462,P017,Daily Lamp 17,1,94.4,94.4,0.0,,94.4,0.0,94.4,none,0,,0.0,94.4,2025-10-06,other,,
T005174,EUR,C00943,P019,Urban Bottle 19,1,61.21,61.21,0.0,,61.21,0.0,61.21,none,0,,0.0,61.21,2025-10-06,other,,
T005175,EUR,C00043,P030,Active Mat 30,2,15.8,15.8,0.0,,31.6,0.0,31.6,none,0,,0.0,31.6,2025-10-06,other,,
T005176,EUR,C00440,P016,Modern Serum 16,1,91.2,86.64,0.05,WELCOME5,91.2,4.56,86.64,none,0,,0.0,86.64,2025-10-06,other,,
T005177,EUR,C00935,P026,Pure Band 26,1,23.03,23.03,0.0,,23.03,0.0,23.03,none,0,,0.0,23.03,2025-10-06,other,,
T005178,EUR,C00117,P011,Urban Bottle 11,4,58.41,52.57,0.1,LOYALTY10,233.64,23.36,210.28,none,0,,0.0,210.28,2025-10-06,other,,
T005179,EUR,C00716,P003,Urban Bottle 03,2,105.26,89.47,0.15,WEEKEND15,210.52,31.58,178.94,none,0,,0.0,178.94,2025-10-06,other,,
T005180,EUR,C00736,P009,Daily Lamp 09,1,27.05,27.05,0.0,,27.05,0.0,27.05,none,0,,0.0,27.05,2025-10-06,website,,V008425
T005181,EUR,C00176,P011,Urban Bottle 11,1,58.41,58.41,0.0,,58.41,0.0,58.41,none,0,,0.0,58.41,2025-10-06,other,,
T005182,EUR,C00967,P008,Modern Serum 08,1,76.74,76.74,0.0,,76.74,0.0,76.74,none,0,,0.0,76.74,2025-10-07,other,,
T005183,EUR,C00401,P005,Bright Organizer 05,4,70.21,70.21,0.0,,280.84,0.0,280.84,none,0,,0.0,280.84,2025-10-07,other,,
T005184,EUR,C00659,P012,Essential Bag 12,1,99.7,89.73,0.1,LOYALTY10,99.7,9.97,89.73,none,0,,0.0,89.73,2025-10-07,other,,
T005185,EUR,C00244,P003,Urban Bottle 03,1,105.26,105.26,0.0,,105.26,0.0,105.26,full,1,2025-11-06,105.26,0.0,2025-10-07,other,,
T005186,EUR,C00516,P010,Pure Band 10,2,31.57,31.57,0.0,,63.14,0.0,63.14,none,0,,0.0,63.14,2025-10-07,other,,
T005187,EUR,C00083,P022,Active Mat 22,1,31.79,31.79,0.0,,31.79,0.0,31.79,none,0,,0.0,31.79,2025-10-07,other,,
T005188,EUR,C00706,P021,Bright Organizer 21,1,91.23,82.11,0.1,ROUTINE10,91.23,9.12,82.11,none,0,,0.0,82.11,2025-10-07,marketing_campaign,SEND004148,V010538
T005189,EUR,C00537,P002,Pure Band 02,1,19.22,19.22,0.0,,19.22,0.0,19.22,none,0,,0.0,19.22,2025-10-07,other,,
T005190,EUR,C00807,P027,Urban Bottle 27,3,102.64,102.64,0.0,,307.92,0.0,307.92,none,0,,0.0,307.92,2025-10-07,other,,
T005191,EUR,C00672,P011,Urban Bottle 11,1,58.41,49.65,0.15,WEEKEND15,58.41,8.76,49.65,none,0,,0.0,49.65,2025-10-07,other,,
T005192,EUR,C00536,P007,Calm Cream 07,1,21.92,21.92,0.0,,21.92,0.0,21.92,none,0,,0.0,21.92,2025-10-07,other,,
T005193,EUR,C00151,P027,Urban Bottle 27,3,102.64,87.24,0.15,WEEKEND15,307.92,46.2,261.72,full,3,2025-10-26,261.72,0.0,2025-10-07,other,,
T005194,EUR,C00715,P019,Urban Bottle 19,2,61.21,61.21,0.0,,122.42,0.0,122.42,none,0,,0.0,122.42,2025-10-07,other,,
T005195,EUR,C00304,P027,Urban Bottle 27,4,102.64,102.64,0.0,,410.56,0.0,410.56,full,4,2025-10-12,410.56,0.0,2025-10-07,other,,
T005196,EUR,C00031,P009,Daily Lamp 09,1,27.05,27.05,0.0,,27.05,0.0,27.05,none,0,,0.0,27.05,2025-10-07,website,,V003217
T005197,EUR,C00064,P015,Calm Cream 15,1,26.81,26.81,0.0,,26.81,0.0,26.81,none,0,,0.0,26.81,2025-10-07,other,,
T005198,EUR,C00103,P017,Daily Lamp 17,1,94.4,80.24,0.15,WEEKEND15,94.4,14.16,80.24,full,1,2025-10-10,80.24,0.0,2025-10-07,other,,
T005199,EUR,C01000,P001,Daily Lamp 01,2,96.68,96.68,0.0,,193.36,0.0,193.36,none,0,,0.0,193.36,2025-10-07,other,,
T005200,EUR,C00451,P019,Urban Bottle 19,2,61.21,55.09,0.1,LOYALTY10,122.42,12.24,110.18,none,0,,0.0,110.18,2025-10-07,other,,
T005201,EUR,C00634,P003,Urban Bottle 03,1,105.26,105.26,0.0,,105.26,0.0,105.26,none,0,,0.0,105.26,2025-10-07,other,,
T005202,EUR,C00368,P006,Active Mat 06,1,104.36,104.36,0.0,,104.36,0.0,104.36,none,0,,0.0,104.36,2025-10-07,other,,
T005203,EUR,C00406,P030,Active Mat 30,3,15.8,15.8,0.0,,47.4,0.0,47.4,none,0,,0.0,47.4,2025-10-07,website,,V003852
T005204,EUR,C00660,P016,Modern Serum 16,2,91.2,82.08,0.1,LOYALTY10,182.4,18.24,164.16,none,0,,0.0,164.16,2025-10-07,other,,
T005205,EUR,C00312,P015,Calm Cream 15,1,26.81,26.81,0.0,,26.81,0.0,26.81,none,0,,0.0,26.81,2025-10-08,website,,V002776
T005206,EUR,C00456,P011,Urban Bottle 11,1,58.41,58.41,0.0,,58.41,0.0,58.41,none,0,,0.0,58.41,2025-10-08,website,,V008207
T005207,EUR,C00259,P012,Essential Bag 12,1,99.7,99.7,0.0,,99.7,0.0,99.7,none,0,,0.0,99.7,2025-10-08,other,,
T005208,EUR,C00409,P023,Calm Cream 23,2,43.34,43.34,0.0,,86.68,0.0,86.68,none,0,,0.0,86.68,2025-10-08,other,,
T005209,EUR,C00999,P006,Active Mat 06,1,104.36,93.92,0.1,LOYALTY10,104.36,10.44,93.92,none,0,,0.0,93.92,2025-10-08,website,,V003623
T005210,EUR,C00185,P014,Active Mat 14,2,55.09,55.09,0.0,,110.18,0.0,110.18,none,0,,0.0,110.18,2025-10-08,other,,
T005211,EUR,C00468,P017,Daily Lamp 17,1,94.4,80.24,0.15,WEEKEND15,94.4,14.16,80.24,none,0,,0.0,80.24,2025-10-08,other,,
T005212,EUR,C00061,P028,Essential Bag 28,1,98.03,88.23,0.1,LOYALTY10,98.03,9.8,88.23,none,0,,0.0,88.23,2025-10-08,other,,
T005213,EUR,C00254,P029,Bright Organizer 29,1,15.67,13.32,0.15,WEEKEND15,15.67,2.35,13.32,none,0,,0.0,13.32,2025-10-08,other,,
T005214,EUR,C00911,P018,Pure Band 18,1,68.13,68.13,0.0,,68.13,0.0,68.13,none,0,,0.0,68.13,2025-10-08,other,,
T005215,EUR,C00332,P007,Calm Cream 07,1,21.92,20.82,0.05,WELCOME5,21.92,1.1,20.82,none,0,,0.0,20.82,2025-10-08,other,,
T005216,EUR,C00889,P026,Pure Band 26,1,23.03,23.03,0.0,,23.03,0.0,23.03,none,0,,0.0,23.03,2025-10-08,other,,
T005217,EUR,C00620,P026,Pure Band 26,1,23.03,23.03,0.0,,23.03,0.0,23.03,none,0,,0.0,23.03,2025-10-08,website,,V004050
T005218,EUR,C00210,P009,Daily Lamp 09,1,27.05,27.05,0.0,,27.05,0.0,27.05,none,0,,0.0,27.05,2025-10-08,other,,
T005219,EUR,C00896,P021,Bright Organizer 21,1,91.23,91.23,0.0,,91.23,0.0,91.23,none,0,,0.0,91.23,2025-10-08,other,,
T005220,EUR,C00991,P030,Active Mat 30,2,15.8,15.8,0.0,,31.6,0.0,31.6,none,0,,0.0,31.6,2025-10-08,website,,V006281
T005221,EUR,C00129,P021,Bright Organizer 21,3,91.23,91.23,0.0,,273.69,0.0,273.69,none,0,,0.0,273.69,2025-10-09,website,,V001365
T005222,EUR,C00653,P020,Essential Bag 20,1,23.79,23.79,0.0,,23.79,0.0,23.79,none,0,,0.0,23.79,2025-10-09,other,,
T005223,EUR,C00015,P018,Pure Band 18,1,68.13,61.32,0.1,LOYALTY10,68.13,6.81,61.32,none,0,,0.0,61.32,2025-10-09,other,,
T005224,EUR,C00525,P016,Modern Serum 16,1,91.2,91.2,0.0,,91.2,0.0,91.2,none,0,,0.0,91.2,2025-10-09,other,,
T005225,EUR,C00303,P026,Pure Band 26,1,23.03,20.73,0.1,LOYALTY10,23.03,2.3,20.73,none,0,,0.0,20.73,2025-10-09,other,,
T005226,EUR,C00768,P004,Essential Bag 04,1,83.73,79.54,0.05,AUTUMN5,83.73,4.19,79.54,none,0,,0.0,79.54,2025-10-09,marketing_campaign,SEND001684,V010218
T005227,EUR,C00949,P012,Essential Bag 12,1,99.7,99.7,0.0,,99.7,0.0,99.7,none,0,,0.0,99.7,2025-10-09,other,,
T005228,EUR,C00864,P018,Pure Band 18,1,68.13,61.32,0.1,LOYALTY10,68.13,6.81,61.32,none,0,,0.0,61.32,2025-10-09,other,,
T005229,EUR,C00398,P025,Daily Lamp 25,2,101.88,101.88,0.0,,203.76,0.0,203.76,none,0,,0.0,203.76,2025-10-09,other,,
T005230,EUR,C00940,P017,Daily Lamp 17,2,94.4,94.4,0.0,,188.8,0.0,188.8,none,0,,0.0,188.8,2025-10-09,website,,V002998
T005231,EUR,C00510,P012,Essential Bag 12,2,99.7,99.7,0.0,,199.4,0.0,199.4,none,0,,0.0,199.4,2025-10-09,other,,
T005232,EUR,C00027,P011,Urban Bottle 11,2,58.41,52.57,0.1,ROUTINE10,116.82,11.68,105.14,none,0,,0.0,105.14,2025-10-09,marketing_campaign,SEND002121,V010283
T005233,EUR,C00281,P002,Pure Band 02,1,19.22,19.22,0.0,,19.22,0.0,19.22,none,0,,0.0,19.22,2025-10-09,website,,V001864
T005234,EUR,C00534,P002,Pure Band 02,1,19.22,17.3,0.1,LOYALTY10,19.22,1.92,17.3,none,0,,0.0,17.3,2025-10-09,other,,
T005235,EUR,C00027,P022,Active Mat 22,1,31.79,31.79,0.0,,31.79,0.0,31.79,none,0,,0.0,31.79,2025-10-09,other,,
T005236,EUR,C00958,P025,Daily Lamp 25,1,101.88,101.88,0.0,,101.88,0.0,101.88,none,0,,0.0,101.88,2025-10-09,other,,
T005237,EUR,C00681,P008,Modern Serum 08,1,76.74,76.74,0.0,,76.74,0.0,76.74,none,0,,0.0,76.74,2025-10-09,other,,
T005238,EUR,C00797,P030,Active Mat 30,1,15.8,15.8,0.0,,15.8,0.0,15.8,none,0,,0.0,15.8,2025-10-09,website,,V003282
T005239,EUR,C00536,P004,Essential Bag 04,1,83.73,79.54,0.05,WELCOME5,83.73,4.19,79.54,none,0,,0.0,79.54,2025-10-09,other,,
T005240,EUR,C00999,P020,Essential Bag 20,1,23.79,23.79,0.0,,23.79,0.0,23.79,none,0,,0.0,23.79,2025-10-09,other,,
T005241,EUR,C00773,P009,Daily Lamp 09,1,27.05,27.05,0.0,,27.05,0.0,27.05,none,0,,0.0,27.05,2025-10-09,other,,
T005242,EUR,C00729,P006,Active Mat 06,1,104.36,104.36,0.0,,104.36,0.0,104.36,none,0,,0.0,104.36,2025-10-09,other,,
T005243,EUR,C00084,P011,Urban Bottle 11,1,58.41,58.41,0.0,,58.41,0.0,58.41,none,0,,0.0,58.41,2025-10-09,other,,
T005244,EUR,C00142,P022,Active Mat 22,1,31.79,30.2,0.05,WELCOME5,31.79,1.59,30.2,none,0,,0.0,30.2,2025-10-09,other,,
T005245,EUR,C00527,P026,Pure Band 26,1,23.03,23.03,0.0,,23.03,0.0,23.03,none,0,,0.0,23.03,2025-10-09,website,,V004623
T005246,EUR,C00983,P003,Urban Bottle 03,1,105.26,105.26,0.0,,105.26,0.0,105.26,none,0,,0.0,105.26,2025-10-10,other,,
T005247,EUR,C00720,P016,Modern Serum 16,3,91.2,91.2,0.0,,273.6,0.0,273.6,none,0,,0.0,273.6,2025-10-10,other,,
T005248,EUR,C00522,P012,Essential Bag 12,1,99.7,99.7,0.0,,99.7,0.0,99.7,none,0,,0.0,99.7,2025-10-10,other,,
T005249,EUR,C00851,P018,Pure Band 18,1,68.13,68.13,0.0,,68.13,0.0,68.13,none,0,,0.0,68.13,2025-10-10,website,,V004047
T005250,EUR,C00491,P028,Essential Bag 28,1,98.03,98.03,0.0,,98.03,0.0,98.03,none,0,,0.0,98.03,2025-10-10,other,,
T005251,EUR,C00489,P026,Pure Band 26,1,23.03,23.03,0.0,,23.03,0.0,23.03,none,0,,0.0,23.03,2025-10-10,other,,
T005252,EUR,C00840,P016,Modern Serum 16,1,91.2,91.2,0.0,,91.2,0.0,91.2,none,0,,0.0,91.2,2025-10-10,other,,
T005253,EUR,C00120,P005,Bright Organizer 05,1,70.21,70.21,0.0,,70.21,0.0,70.21,none,0,,0.0,70.21,2025-10-10,other,,
T005254,EUR,C00074,P021,Bright Organizer 21,2,91.23,91.23,0.0,,182.46,0.0,182.46,none,0,,0.0,182.46,2025-10-10,other,,
T005255,EUR,C00070,P017,Daily Lamp 17,2,94.4,94.4,0.0,,188.8,0.0,188.8,none,0,,0.0,188.8,2025-10-10,other,,
T005256,EUR,C00199,P015,Calm Cream 15,3,26.81,26.81,0.0,,80.43,0.0,80.43,none,0,,0.0,80.43,2025-10-10,other,,
T005257,EUR,C00198,P021,Bright Organizer 21,2,91.23,91.23,0.0,,182.46,0.0,182.46,none,0,,0.0,182.46,2025-10-10,other,,
T005258,EUR,C00534,P018,Pure Band 18,1,68.13,64.72,0.05,AUTUMN5,68.13,3.41,64.72,none,0,,0.0,64.72,2025-10-10,marketing_campaign,SEND003164,V010426
T005259,EUR,C00348,P020,Essential Bag 20,1,23.79,22.6,0.05,WELCOME5,23.79,1.19,22.6,none,0,,0.0,22.6,2025-10-10,other,,
T005260,EUR,C00357,P012,Essential Bag 12,1,99.7,99.7,0.0,,99.7,0.0,99.7,none,0,,0.0,99.7,2025-10-10,website,,V006297
T005261,EUR,C00674,P009,Daily Lamp 09,1,27.05,27.05,0.0,,27.05,0.0,27.05,none,0,,0.0,27.05,2025-10-10,other,,
T005262,EUR,C00074,P013,Bright Organizer 13,1,48.36,48.36,0.0,,48.36,0.0,48.36,none,0,,0.0,48.36,2025-10-10,other,,
T005263,EUR,C00233,P030,Active Mat 30,1,15.8,15.8,0.0,,15.8,0.0,15.8,none,0,,0.0,15.8,2025-10-10,website,,V004330
T005264,EUR,C00125,P015,Calm Cream 15,4,26.81,26.81,0.0,,107.24,0.0,107.24,none,0,,0.0,107.24,2025-10-11,other,,
T005265,EUR,C00557,P008,Modern Serum 08,1,76.74,69.07,0.1,ROUTINE10,76.74,7.67,69.07,none,0,,0.0,69.07,2025-10-11,marketing_campaign,SEND000526,V010066
T005266,EUR,C00780,P024,Modern Serum 24,1,66.52,66.52,0.0,,66.52,0.0,66.52,none,0,,0.0,66.52,2025-10-11,other,,
T005267,EUR,C00801,P017,Daily Lamp 17,1,94.4,94.4,0.0,,94.4,0.0,94.4,none,0,,0.0,94.4,2025-10-11,other,,
T005268,EUR,C00565,P015,Calm Cream 15,2,26.81,26.81,0.0,,53.62,0.0,53.62,none,0,,0.0,53.62,2025-10-11,other,,
T005269,EUR,C00954,P011,Urban Bottle 11,3,58.41,52.57,0.1,LOYALTY10,175.23,17.52,157.71,none,0,,0.0,157.71,2025-10-11,other,,
T005270,EUR,C00355,P004,Essential Bag 04,1,83.73,83.73,0.0,,83.73,0.0,83.73,none,0,,0.0,83.73,2025-10-11,other,,
T005271,EUR,C00417,P010,Pure Band 10,1,31.57,29.99,0.05,WELCOME5,31.57,1.58,29.99,none,0,,0.0,29.99,2025-10-11,other,,
T005272,EUR,C00841,P020,Essential Bag 20,1,23.79,23.79,0.0,,23.79,0.0,23.79,none,0,,0.0,23.79,2025-10-11,other,,
T005273,EUR,C00227,P030,Active Mat 30,4,15.8,15.8,0.0,,63.2,0.0,63.2,none,0,,0.0,63.2,2025-10-11,other,,
T005274,EUR,C00958,P023,Calm Cream 23,2,43.34,43.34,0.0,,86.68,0.0,86.68,none,0,,0.0,86.68,2025-10-11,other,,
T005275,EUR,C00648,P022,Active Mat 22,1,31.79,30.2,0.05,WELCOME5,31.79,1.59,30.2,none,0,,0.0,30.2,2025-10-11,other,,
T005276,EUR,C00517,P013,Bright Organizer 13,2,48.36,48.36,0.0,,96.72,0.0,96.72,none,0,,0.0,96.72,2025-10-11,website,,V002259
T005277,EUR,C00649,P006,Active Mat 06,1,104.36,104.36,0.0,,104.36,0.0,104.36,none,0,,0.0,104.36,2025-10-11,other,,
T005278,EUR,C00006,P008,Modern Serum 08,1,76.74,76.74,0.0,,76.74,0.0,76.74,none,0,,0.0,76.74,2025-10-11,other,,
T005279,EUR,C00866,P005,Bright Organizer 05,2,70.21,70.21,0.0,,140.42,0.0,140.42,full,2,2025-11-09,140.42,0.0,2025-10-12,other,,
T005280,EUR,C00163,P012,Essential Bag 12,1,99.7,89.73,0.1,LOYALTY10,99.7,9.97,89.73,none,0,,0.0,89.73,2025-10-12,other,,
T005281,EUR,C00375,P016,Modern Serum 16,2,91.2,91.2,0.0,,182.4,0.0,182.4,none,0,,0.0,182.4,2025-10-12,website,,V007226
T005282,EUR,C00258,P022,Active Mat 22,1,31.79,31.79,0.0,,31.79,0.0,31.79,none,0,,0.0,31.79,2025-10-12,other,,
T005283,EUR,C00719,P029,Bright Organizer 29,2,15.67,15.67,0.0,,31.34,0.0,31.34,none,0,,0.0,31.34,2025-10-12,website,,V003728
T005284,EUR,C00565,P014,Active Mat 14,1,55.09,55.09,0.0,,55.09,0.0,55.09,none,0,,0.0,55.09,2025-10-12,other,,
T005285,EUR,C00605,P019,Urban Bottle 19,1,61.21,61.21,0.0,,61.21,0.0,61.21,none,0,,0.0,61.21,2025-10-12,other,,
T005286,EUR,C00662,P020,Essential Bag 20,1,23.79,23.79,0.0,,23.79,0.0,23.79,none,0,,0.0,23.79,2025-10-12,other,,
T005287,EUR,C00668,P004,Essential Bag 04,2,83.73,83.73,0.0,,167.46,0.0,167.46,none,0,,0.0,167.46,2025-10-12,other,,
T005288,EUR,C00544,P016,Modern Serum 16,1,91.2,91.2,0.0,,91.2,0.0,91.2,none,0,,0.0,91.2,2025-10-12,other,,
T005289,EUR,C00329,P019,Urban Bottle 19,1,61.21,61.21,0.0,,61.21,0.0,61.21,none,0,,0.0,61.21,2025-10-12,other,,
T005290,EUR,C00159,P006,Active Mat 06,1,104.36,104.36,0.0,,104.36,0.0,104.36,none,0,,0.0,104.36,2025-10-12,other,,
T005291,EUR,C00224,P015,Calm Cream 15,1,26.81,26.81,0.0,,26.81,0.0,26.81,none,0,,0.0,26.81,2025-10-12,other,,
T005292,EUR,C00222,P007,Calm Cream 07,1,21.92,21.92,0.0,,21.92,0.0,21.92,none,0,,0.0,21.92,2025-10-12,other,,
T005293,EUR,C00628,P017,Daily Lamp 17,1,94.4,89.68,0.05,WELCOME5,94.4,4.72,89.68,none,0,,0.0,89.68,2025-10-12,other,,
T005294,EUR,C00161,P019,Urban Bottle 19,1,61.21,61.21,0.0,,61.21,0.0,61.21,none,0,,0.0,61.21,2025-10-12,other,,
T005295,EUR,C00262,P001,Daily Lamp 01,1,96.68,96.68,0.0,,96.68,0.0,96.68,none,0,,0.0,96.68,2025-10-12,other,,
T005296,EUR,C00922,P001,Daily Lamp 01,3,96.68,96.68,0.0,,290.04,0.0,290.04,none,0,,0.0,290.04,2025-10-12,website,,V005313
T005297,EUR,C00271,P013,Bright Organizer 13,1,48.36,41.11,0.15,WEEKEND15,48.36,7.25,41.11,none,0,,0.0,41.11,2025-10-12,other,,
T005298,EUR,C00847,P030,Active Mat 30,2,15.8,15.8,0.0,,31.6,0.0,31.6,none,0,,0.0,31.6,2025-10-12,website,,V009776
T005299,EUR,C00006,P030,Active Mat 30,2,15.8,15.8,0.0,,31.6,0.0,31.6,none,0,,0.0,31.6,2025-10-12,other,,
T005300,EUR,C00551,P015,Calm Cream 15,1,26.81,26.81,0.0,,26.81,0.0,26.81,none,0,,0.0,26.81,2025-10-13,other,,
T005301,EUR,C00947,P022,Active Mat 22,1,31.79,30.2,0.05,WELCOME5,31.79,1.59,30.2,none,0,,0.0,30.2,2025-10-13,other,,
T005302,EUR,C00013,P012,Essential Bag 12,1,99.7,99.7,0.0,,99.7,0.0,99.7,none,0,,0.0,99.7,2025-10-13,other,,
T005303,EUR,C00441,P018,Pure Band 18,1,68.13,68.13,0.0,,68.13,0.0,68.13,none,0,,0.0,68.13,2025-10-13,other,,
T005304,EUR,C00550,P030,Active Mat 30,1,15.8,15.8,0.0,,15.8,0.0,15.8,none,0,,0.0,15.8,2025-10-13,other,,
T005305,EUR,C00391,P001,Daily Lamp 01,3,96.68,96.68,0.0,,290.04,0.0,290.04,none,0,,0.0,290.04,2025-10-13,other,,
T005306,EUR,C00711,P016,Modern Serum 16,1,91.2,91.2,0.0,,91.2,0.0,91.2,none,0,,0.0,91.2,2025-10-13,other,,
T005307,EUR,C00326,P007,Calm Cream 07,2,21.92,20.82,0.05,AUTUMN5,43.84,2.2,41.64,none,0,,0.0,41.64,2025-10-13,marketing_campaign,SEND006945,V010921
T005308,EUR,C00155,P008,Modern Serum 08,2,76.74,76.74,0.0,,153.48,0.0,153.48,none,0,,0.0,153.48,2025-10-13,website,,V001730
T005309,EUR,C00633,P028,Essential Bag 28,2,98.03,88.23,0.1,LOYALTY10,196.06,19.6,176.46,none,0,,0.0,176.46,2025-10-13,website,,V003330
T005310,EUR,C00280,P018,Pure Band 18,4,68.13,68.13,0.0,,272.52,0.0,272.52,none,0,,0.0,272.52,2025-10-13,other,,
T005311,EUR,C00628,P025,Daily Lamp 25,4,101.88,91.69,0.1,LOYALTY10,407.52,40.76,366.76,none,0,,0.0,366.76,2025-10-13,other,,
T005312,EUR,C00426,P006,Active Mat 06,1,104.36,104.36,0.0,,104.36,0.0,104.36,full,1,2025-11-03,104.36,0.0,2025-10-13,other,,
T005313,EUR,C00695,P017,Daily Lamp 17,1,94.4,94.4,0.0,,94.4,0.0,94.4,none,0,,0.0,94.4,2025-10-13,other,,
T005314,EUR,C00495,P027,Urban Bottle 27,1,102.64,102.64,0.0,,102.64,0.0,102.64,none,0,,0.0,102.64,2025-10-13,website,,V008407
T005315,EUR,C00487,P023,Calm Cream 23,1,43.34,39.01,0.1,LOYALTY10,43.34,4.33,39.01,none,0,,0.0,39.01,2025-10-13,other,,
T005316,EUR,C00658,P030,Active Mat 30,3,15.8,15.8,0.0,,47.4,0.0,47.4,none,0,,0.0,47.4,2025-10-14,other,,
T005317,EUR,C00973,P010,Pure Band 10,2,31.57,31.57,0.0,,63.14,0.0,63.14,none,0,,0.0,63.14,2025-10-14,other,,
T005318,EUR,C00781,P011,Urban Bottle 11,2,58.41,58.41,0.0,,116.82,0.0,116.82,none,0,,0.0,116.82,2025-10-14,website,,V009471
T005319,EUR,C00723,P017,Daily Lamp 17,1,94.4,94.4,0.0,,94.4,0.0,94.4,none,0,,0.0,94.4,2025-10-14,website,,V005669
T005320,EUR,C00885,P027,Urban Bottle 27,2,102.64,97.51,0.05,WELCOME5,205.28,10.26,195.02,none,0,,0.0,195.02,2025-10-14,other,,
T005321,EUR,C00974,P003,Urban Bottle 03,1,105.26,89.47,0.15,WEEKEND15,105.26,15.79,89.47,none,0,,0.0,89.47,2025-10-14,other,,
T005322,EUR,C00527,P029,Bright Organizer 29,1,15.67,13.32,0.15,WEEKEND15,15.67,2.35,13.32,none,0,,0.0,13.32,2025-10-14,other,,
T005323,EUR,C00999,P026,Pure Band 26,1,23.03,23.03,0.0,,23.03,0.0,23.03,none,0,,0.0,23.03,2025-10-14,other,,
T005324,EUR,C00335,P017,Daily Lamp 17,2,94.4,94.4,0.0,,188.8,0.0,188.8,none,0,,0.0,188.8,2025-10-14,website,,V005133
T005325,EUR,C00129,P002,Pure Band 02,1,19.22,19.22,0.0,,19.22,0.0,19.22,none,0,,0.0,19.22,2025-10-14,other,,
T005326,EUR,C00649,P011,Urban Bottle 11,1,58.41,58.41,0.0,,58.41,0.0,58.41,none,0,,0.0,58.41,2025-10-14,other,,
T005327,EUR,C00843,P006,Active Mat 06,2,104.36,104.36,0.0,,208.72,0.0,208.72,none,0,,0.0,208.72,2025-10-14,other,,
T005328,EUR,C00304,P022,Active Mat 22,3,31.79,31.79,0.0,,95.37,0.0,95.37,none,0,,0.0,95.37,2025-10-14,other,,
T005329,EUR,C00905,P011,Urban Bottle 11,3,58.41,58.41,0.0,,175.23,0.0,175.23,none,0,,0.0,175.23,2025-10-14,other,,
T005330,EUR,C00447,P014,Active Mat 14,1,55.09,55.09,0.0,,55.09,0.0,55.09,none,0,,0.0,55.09,2025-10-14,other,,
T005331,EUR,C00898,P007,Calm Cream 07,1,21.92,21.92,0.0,,21.92,0.0,21.92,none,0,,0.0,21.92,2025-10-14,other,,
T005332,EUR,C00588,P026,Pure Band 26,1,23.03,20.73,0.1,LOYALTY10,23.03,2.3,20.73,none,0,,0.0,20.73,2025-10-14,other,,
T005333,EUR,C00417,P025,Daily Lamp 25,2,101.88,96.79,0.05,AUTUMN5,203.76,10.18,193.58,none,0,,0.0,193.58,2025-10-15,marketing_campaign,SEND006623,V010874
T005334,EUR,C00164,P010,Pure Band 10,1,31.57,31.57,0.0,,31.57,0.0,31.57,full,1,2025-10-17,31.57,0.0,2025-10-15,other,,
T005335,EUR,C00043,P029,Bright Organizer 29,1,15.67,15.67,0.0,,15.67,0.0,15.67,none,0,,0.0,15.67,2025-10-15,other,,
T005336,EUR,C00380,P004,Essential Bag 04,1,83.73,83.73,0.0,,83.73,0.0,83.73,none,0,,0.0,83.73,2025-10-15,other,,
T005337,EUR,C00091,P018,Pure Band 18,2,68.13,68.13,0.0,,136.26,0.0,136.26,full,2,2025-10-20,136.26,0.0,2025-10-15,other,,
T005338,EUR,C00621,P009,Daily Lamp 09,1,27.05,27.05,0.0,,27.05,0.0,27.05,none,0,,0.0,27.05,2025-10-15,other,,
T005339,EUR,C00214,P001,Daily Lamp 01,2,96.68,96.68,0.0,,193.36,0.0,193.36,none,0,,0.0,193.36,2025-10-15,website,,V003414
T005340,EUR,C00880,P010,Pure Band 10,1,31.57,31.57,0.0,,31.57,0.0,31.57,none,0,,0.0,31.57,2025-10-15,other,,
T005341,EUR,C00516,P009,Daily Lamp 09,3,27.05,27.05,0.0,,81.15,0.0,81.15,none,0,,0.0,81.15,2025-10-15,other,,
T005342,EUR,C00321,P006,Active Mat 06,2,104.36,88.71,0.15,WEEKEND15,208.72,31.3,177.42,none,0,,0.0,177.42,2025-10-15,website,,V008434
T005343,EUR,C00834,P026,Pure Band 26,1,23.03,21.88,0.05,WELCOME5,23.03,1.15,21.88,none,0,,0.0,21.88,2025-10-15,other,,
T005344,EUR,C00660,P013,Bright Organizer 13,1,48.36,48.36,0.0,,48.36,0.0,48.36,none,0,,0.0,48.36,2025-10-15,other,,
T005345,EUR,C00388,P010,Pure Band 10,1,31.57,31.57,0.0,,31.57,0.0,31.57,none,0,,0.0,31.57,2025-10-15,other,,
T005346,EUR,C00886,P021,Bright Organizer 21,1,91.23,91.23,0.0,,91.23,0.0,91.23,full,1,2025-10-22,91.23,0.0,2025-10-15,other,,
T005347,EUR,C00595,P011,Urban Bottle 11,3,58.41,58.41,0.0,,175.23,0.0,175.23,none,0,,0.0,175.23,2025-10-15,other,,
T005348,EUR,C00159,P002,Pure Band 02,1,19.22,19.22,0.0,,19.22,0.0,19.22,none,0,,0.0,19.22,2025-10-15,other,,
T005349,EUR,C00879,P029,Bright Organizer 29,1,15.67,15.67,0.0,,15.67,0.0,15.67,none,0,,0.0,15.67,2025-10-15,website,,V005211
T005350,EUR,C00209,P018,Pure Band 18,1,68.13,68.13,0.0,,68.13,0.0,68.13,none,0,,0.0,68.13,2025-10-15,other,,
T005351,EUR,C00776,P020,Essential Bag 20,1,23.79,21.41,0.1,LOYALTY10,23.79,2.38,21.41,none,0,,0.0,21.41,2025-10-15,other,,
T005352,EUR,C00520,P007,Calm Cream 07,1,21.92,18.63,0.15,WEEKEND15,21.92,3.29,18.63,none,0,,0.0,18.63,2025-10-15,other,,
T005353,EUR,C00246,P014,Active Mat 14,1,55.09,55.09,0.0,,55.09,0.0,55.09,none,0,,0.0,55.09,2025-10-15,other,,
T005354,EUR,C00177,P026,Pure Band 26,1,23.03,23.03,0.0,,23.03,0.0,23.03,none,0,,0.0,23.03,2025-10-15,website,,V003824
T005355,EUR,C00657,P011,Urban Bottle 11,1,58.41,58.41,0.0,,58.41,0.0,58.41,none,0,,0.0,58.41,2025-10-15,other,,
T005356,EUR,C00265,P014,Active Mat 14,2,55.09,55.09,0.0,,110.18,0.0,110.18,none,0,,0.0,110.18,2025-10-15,other,,
T005357,EUR,C00399,P014,Active Mat 14,1,55.09,49.58,0.1,LOYALTY10,55.09,5.51,49.58,none,0,,0.0,49.58,2025-10-16,other,,
T005358,EUR,C00574,P013,Bright Organizer 13,2,48.36,48.36,0.0,,96.72,0.0,96.72,none,0,,0.0,96.72,2025-10-16,other,,
T005359,EUR,C00250,P001,Daily Lamp 01,1,96.68,96.68,0.0,,96.68,0.0,96.68,none,0,,0.0,96.68,2025-10-16,other,,
T005360,EUR,C00914,P015,Calm Cream 15,2,26.81,26.81,0.0,,53.62,0.0,53.62,none,0,,0.0,53.62,2025-10-16,other,,
T005361,EUR,C00018,P013,Bright Organizer 13,1,48.36,41.11,0.15,WEEKEND15,48.36,7.25,41.11,none,0,,0.0,41.11,2025-10-16,other,,
T005362,EUR,C00749,P008,Modern Serum 08,1,76.74,69.07,0.1,LOYALTY10,76.74,7.67,69.07,none,0,,0.0,69.07,2025-10-16,other,,
T005363,EUR,C00804,P013,Bright Organizer 13,1,48.36,48.36,0.0,,48.36,0.0,48.36,none,0,,0.0,48.36,2025-10-16,website,,V003431
T005364,EUR,C00774,P008,Modern Serum 08,1,76.74,65.23,0.15,WEEKEND15,76.74,11.51,65.23,none,0,,0.0,65.23,2025-10-16,website,,V006529
T005365,EUR,C00510,P018,Pure Band 18,1,68.13,68.13,0.0,,68.13,0.0,68.13,none,0,,0.0,68.13,2025-10-16,other,,
T005366,EUR,C00937,P029,Bright Organizer 29,2,15.67,15.67,0.0,,31.34,0.0,31.34,none,0,,0.0,31.34,2025-10-16,other,,
T005367,EUR,C00267,P023,Calm Cream 23,1,43.34,39.01,0.1,LOYALTY10,43.34,4.33,39.01,none,0,,0.0,39.01,2025-10-16,other,,
T005368,EUR,C00446,P023,Calm Cream 23,2,43.34,43.34,0.0,,86.68,0.0,86.68,none,0,,0.0,86.68,2025-10-16,other,,
T005369,EUR,C00179,P013,Bright Organizer 13,1,48.36,48.36,0.0,,48.36,0.0,48.36,none,0,,0.0,48.36,2025-10-16,other,,
T005370,EUR,C00615,P015,Calm Cream 15,4,26.81,26.81,0.0,,107.24,0.0,107.24,full,4,2025-10-24,107.24,0.0,2025-10-16,other,,
T005371,EUR,C00868,P025,Daily Lamp 25,1,101.88,91.69,0.1,LOYALTY10,101.88,10.19,91.69,none,0,,0.0,91.69,2025-10-16,other,,
T005372,EUR,C00281,P024,Modern Serum 24,1,66.52,66.52,0.0,,66.52,0.0,66.52,none,0,,0.0,66.52,2025-10-16,other,,
T005373,EUR,C00625,P027,Urban Bottle 27,1,102.64,102.64,0.0,,102.64,0.0,102.64,none,0,,0.0,102.64,2025-10-17,other,,
T005374,EUR,C00366,P024,Modern Serum 24,4,66.52,66.52,0.0,,266.08,0.0,266.08,none,0,,0.0,266.08,2025-10-17,other,,
T005375,EUR,C00786,P006,Active Mat 06,1,104.36,104.36,0.0,,104.36,0.0,104.36,none,0,,0.0,104.36,2025-10-17,other,,
T005376,EUR,C00693,P007,Calm Cream 07,1,21.92,21.92,0.0,,21.92,0.0,21.92,none,0,,0.0,21.92,2025-10-17,other,,
T005377,EUR,C00309,P029,Bright Organizer 29,1,15.67,15.67,0.0,,15.67,0.0,15.67,none,0,,0.0,15.67,2025-10-17,other,,
T005378,EUR,C00810,P005,Bright Organizer 05,1,70.21,70.21,0.0,,70.21,0.0,70.21,none,0,,0.0,70.21,2025-10-17,other,,
T005379,EUR,C00983,P028,Essential Bag 28,1,98.03,98.03,0.0,,98.03,0.0,98.03,none,0,,0.0,98.03,2025-10-17,other,,
T005380,EUR,C00543,P025,Daily Lamp 25,1,101.88,101.88,0.0,,101.88,0.0,101.88,none,0,,0.0,101.88,2025-10-17,website,,V009035
T005381,EUR,C00634,P003,Urban Bottle 03,1,105.26,105.26,0.0,,105.26,0.0,105.26,none,0,,0.0,105.26,2025-10-17,website,,V007061
T005382,EUR,C00209,P020,Essential Bag 20,2,23.79,23.79,0.0,,47.58,0.0,47.58,none,0,,0.0,47.58,2025-10-17,other,,
T005383,EUR,C00189,P011,Urban Bottle 11,2,58.41,58.41,0.0,,116.82,0.0,116.82,none,0,,0.0,116.82,2025-10-17,other,,
T005384,EUR,C00940,P005,Bright Organizer 05,2,70.21,66.7,0.05,WELCOME5,140.42,7.02,133.4,none,0,,0.0,133.4,2025-10-17,other,,
T005385,EUR,C00516,P030,Active Mat 30,1,15.8,15.8,0.0,,15.8,0.0,15.8,none,0,,0.0,15.8,2025-10-17,other,,
T005386,EUR,C00366,P020,Essential Bag 20,1,23.79,23.79,0.0,,23.79,0.0,23.79,none,0,,0.0,23.79,2025-10-17,website,,V009481
T005387,EUR,C00180,P021,Bright Organizer 21,1,91.23,86.67,0.05,WELCOME5,91.23,4.56,86.67,none,0,,0.0,86.67,2025-10-17,other,,
T005388,EUR,C00324,P009,Daily Lamp 09,2,27.05,27.05,0.0,,54.1,0.0,54.1,none,0,,0.0,54.1,2025-10-17,other,,
T005389,EUR,C00442,P029,Bright Organizer 29,2,15.67,14.89,0.05,WELCOME5,31.34,1.56,29.78,none,0,,0.0,29.78,2025-10-17,website,,V004630
T005390,EUR,C00972,P005,Bright Organizer 05,1,70.21,70.21,0.0,,70.21,0.0,70.21,none,0,,0.0,70.21,2025-10-17,other,,
T005391,EUR,C00775,P009,Daily Lamp 09,1,27.05,27.05,0.0,,27.05,0.0,27.05,none,0,,0.0,27.05,2025-10-17,other,,
T005392,EUR,C00112,P011,Urban Bottle 11,2,58.41,58.41,0.0,,116.82,0.0,116.82,none,0,,0.0,116.82,2025-10-18,other,,
T005393,EUR,C00647,P006,Active Mat 06,1,104.36,104.36,0.0,,104.36,0.0,104.36,none,0,,0.0,104.36,2025-10-18,other,,
T005394,EUR,C00422,P013,Bright Organizer 13,1,48.36,48.36,0.0,,48.36,0.0,48.36,none,0,,0.0,48.36,2025-10-18,website,,V001320
T005395,EUR,C00134,P019,Urban Bottle 19,1,61.21,55.09,0.1,LOYALTY10,61.21,6.12,55.09,none,0,,0.0,55.09,2025-10-18,other,,
T005396,EUR,C00158,P027,Urban Bottle 27,1,102.64,102.64,0.0,,102.64,0.0,102.64,none,0,,0.0,102.64,2025-10-18,website,,V009071
T005397,EUR,C00549,P015,Calm Cream 15,2,26.81,26.81,0.0,,53.62,0.0,53.62,none,0,,0.0,53.62,2025-10-18,other,,
T005398,EUR,C00352,P015,Calm Cream 15,1,26.81,26.81,0.0,,26.81,0.0,26.81,none,0,,0.0,26.81,2025-10-18,other,,
T005399,EUR,C00093,P024,Modern Serum 24,1,66.52,63.19,0.05,WELCOME5,66.52,3.33,63.19,none,0,,0.0,63.19,2025-10-18,other,,
T005400,EUR,C00580,P014,Active Mat 14,1,55.09,55.09,0.0,,55.09,0.0,55.09,none,0,,0.0,55.09,2025-10-18,other,,
T005401,EUR,C00873,P006,Active Mat 06,1,104.36,88.71,0.15,WEEKEND15,104.36,15.65,88.71,none,0,,0.0,88.71,2025-10-18,other,,
T005402,EUR,C00091,P001,Daily Lamp 01,2,96.68,96.68,0.0,,193.36,0.0,193.36,none,0,,0.0,193.36,2025-10-18,website,,V001634
T005403,EUR,C00429,P018,Pure Band 18,2,68.13,68.13,0.0,,136.26,0.0,136.26,none,0,,0.0,136.26,2025-10-18,other,,
T005404,EUR,C00535,P020,Essential Bag 20,1,23.79,23.79,0.0,,23.79,0.0,23.79,none,0,,0.0,23.79,2025-10-18,other,,
T005405,EUR,C00759,P022,Active Mat 22,1,31.79,27.02,0.15,WEEKEND15,31.79,4.77,27.02,none,0,,0.0,27.02,2025-10-18,other,,
T005406,EUR,C00033,P007,Calm Cream 07,1,21.92,21.92,0.0,,21.92,0.0,21.92,none,0,,0.0,21.92,2025-10-18,other,,
T005407,EUR,C00252,P019,Urban Bottle 19,2,61.21,58.15,0.05,WELCOME5,122.42,6.12,116.3,none,0,,0.0,116.3,2025-10-18,other,,
T005408,EUR,C00792,P028,Essential Bag 28,1,98.03,98.03,0.0,,98.03,0.0,98.03,none,0,,0.0,98.03,2025-10-18,other,,
T005409,EUR,C00158,P028,Essential Bag 28,2,98.03,93.13,0.05,WELCOME5,196.06,9.8,186.26,none,0,,0.0,186.26,2025-10-18,other,,
T005410,EUR,C00816,P025,Daily Lamp 25,2,101.88,101.88,0.0,,203.76,0.0,203.76,none,0,,0.0,203.76,2025-10-18,website,,V004425
T005411,EUR,C00837,P018,Pure Band 18,4,68.13,68.13,0.0,,272.52,0.0,272.52,none,0,,0.0,272.52,2025-10-18,other,,
T005412,EUR,C00353,P029,Bright Organizer 29,1,15.67,15.67,0.0,,15.67,0.0,15.67,none,0,,0.0,15.67,2025-10-18,other,,
T005413,EUR,C00176,P028,Essential Bag 28,1,98.03,98.03,0.0,,98.03,0.0,98.03,none,0,,0.0,98.03,2025-10-19,other,,
T005414,EUR,C00062,P001,Daily Lamp 01,1,96.68,96.68,0.0,,96.68,0.0,96.68,none,0,,0.0,96.68,2025-10-19,other,,
T005415,EUR,C00598,P029,Bright Organizer 29,2,15.67,15.67,0.0,,31.34,0.0,31.34,none,0,,0.0,31.34,2025-10-19,other,,
T005416,EUR,C00833,P014,Active Mat 14,2,55.09,55.09,0.0,,110.18,0.0,110.18,none,0,,0.0,110.18,2025-10-19,other,,
T005417,EUR,C00081,P026,Pure Band 26,1,23.03,19.58,0.15,WEEKEND15,23.03,3.45,19.58,none,0,,0.0,19.58,2025-10-19,other,,
T005418,EUR,C00713,P011,Urban Bottle 11,1,58.41,58.41,0.0,,58.41,0.0,58.41,none,0,,0.0,58.41,2025-10-19,other,,
T005419,EUR,C00381,P018,Pure Band 18,1,68.13,61.32,0.1,LOYALTY10,68.13,6.81,61.32,full,1,2025-11-01,61.32,0.0,2025-10-19,other,,
T005420,EUR,C00009,P028,Essential Bag 28,1,98.03,98.03,0.0,,98.03,0.0,98.03,full,1,2025-11-07,98.03,0.0,2025-10-19,other,,
T005421,EUR,C00535,P002,Pure Band 02,2,19.22,17.3,0.1,LOYALTY10,38.44,3.84,34.6,none,0,,0.0,34.6,2025-10-19,other,,
T005422,EUR,C00877,P004,Essential Bag 04,2,83.73,83.73,0.0,,167.46,0.0,167.46,none,0,,0.0,167.46,2025-10-19,other,,
T005423,EUR,C00505,P026,Pure Band 26,1,23.03,23.03,0.0,,23.03,0.0,23.03,none,0,,0.0,23.03,2025-10-19,website,,V004795
T005424,EUR,C00963,P028,Essential Bag 28,4,98.03,98.03,0.0,,392.12,0.0,392.12,none,0,,0.0,392.12,2025-10-19,other,,
T005425,EUR,C00133,P029,Bright Organizer 29,1,15.67,14.89,0.05,WELCOME5,15.67,0.78,14.89,none,0,,0.0,14.89,2025-10-19,other,,
T005426,EUR,C00224,P001,Daily Lamp 01,1,96.68,96.68,0.0,,96.68,0.0,96.68,none,0,,0.0,96.68,2025-10-20,other,,
T005427,EUR,C00325,P011,Urban Bottle 11,1,58.41,58.41,0.0,,58.41,0.0,58.41,none,0,,0.0,58.41,2025-10-20,other,,
T005428,EUR,C00921,P029,Bright Organizer 29,2,15.67,15.67,0.0,,31.34,0.0,31.34,none,0,,0.0,31.34,2025-10-20,other,,
T005429,EUR,C00179,P001,Daily Lamp 01,1,96.68,96.68,0.0,,96.68,0.0,96.68,none,0,,0.0,96.68,2025-10-20,other,,
T005430,EUR,C00752,P003,Urban Bottle 03,3,105.26,105.26,0.0,,315.78,0.0,315.78,none,0,,0.0,315.78,2025-10-20,other,,
T005431,EUR,C00662,P021,Bright Organizer 21,2,91.23,91.23,0.0,,182.46,0.0,182.46,none,0,,0.0,182.46,2025-10-20,website,,V008129
T005432,EUR,C00341,P029,Bright Organizer 29,2,15.67,15.67,0.0,,31.34,0.0,31.34,none,0,,0.0,31.34,2025-10-20,other,,
T005433,EUR,C00462,P027,Urban Bottle 27,1,102.64,102.64,0.0,,102.64,0.0,102.64,none,0,,0.0,102.64,2025-10-20,other,,
T005434,EUR,C00090,P011,Urban Bottle 11,1,58.41,52.57,0.1,LOYALTY10,58.41,5.84,52.57,none,0,,0.0,52.57,2025-10-20,other,,
T005435,EUR,C00159,P017,Daily Lamp 17,1,94.4,84.96,0.1,LOYALTY10,94.4,9.44,84.96,none,0,,0.0,84.96,2025-10-20,other,,
T005436,EUR,C00405,P009,Daily Lamp 09,1,27.05,24.35,0.1,LOYALTY10,27.05,2.7,24.35,none,0,,0.0,24.35,2025-10-20,other,,
T005437,EUR,C00525,P005,Bright Organizer 05,2,70.21,70.21,0.0,,140.42,0.0,140.42,none,0,,0.0,140.42,2025-10-20,other,,
T005438,EUR,C00289,P030,Active Mat 30,1,15.8,15.8,0.0,,15.8,0.0,15.8,none,0,,0.0,15.8,2025-10-20,website,,V003907
T005439,EUR,C00488,P011,Urban Bottle 11,1,58.41,58.41,0.0,,58.41,0.0,58.41,none,0,,0.0,58.41,2025-10-20,other,,
T005440,EUR,C00437,P009,Daily Lamp 09,1,27.05,27.05,0.0,,27.05,0.0,27.05,none,0,,0.0,27.05,2025-10-20,other,,
T005441,EUR,C00991,P020,Essential Bag 20,2,23.79,21.41,0.1,LOYALTY10,47.58,4.76,42.82,none,0,,0.0,42.82,2025-10-20,other,,
T005442,EUR,C00339,P015,Calm Cream 15,1,26.81,26.81,0.0,,26.81,0.0,26.81,none,0,,0.0,26.81,2025-10-20,other,,
T005443,EUR,C00129,P014,Active Mat 14,2,55.09,52.34,0.05,WELCOME5,110.18,5.5,104.68,none,0,,0.0,104.68,2025-10-20,other,,
T005444,EUR,C00735,P011,Urban Bottle 11,1,58.41,52.57,0.1,LOYALTY10,58.41,5.84,52.57,none,0,,0.0,52.57,2025-10-20,other,,
T005445,EUR,C00993,P011,Urban Bottle 11,2,58.41,58.41,0.0,,116.82,0.0,116.82,none,0,,0.0,116.82,2025-10-20,other,,
T005446,EUR,C00311,P011,Urban Bottle 11,2,58.41,58.41,0.0,,116.82,0.0,116.82,none,0,,0.0,116.82,2025-10-20,other,,
T005447,EUR,C00230,P025,Daily Lamp 25,1,101.88,96.79,0.05,WELCOME5,101.88,5.09,96.79,none,0,,0.0,96.79,2025-10-20,other,,
T005448,EUR,C00378,P001,Daily Lamp 01,1,96.68,96.68,0.0,,96.68,0.0,96.68,none,0,,0.0,96.68,2025-10-20,other,,
T005449,EUR,C00895,P025,Daily Lamp 25,1,101.88,101.88,0.0,,101.88,0.0,101.88,none,0,,0.0,101.88,2025-10-21,website,,V001668
T005450,EUR,C00772,P018,Pure Band 18,1,68.13,68.13,0.0,,68.13,0.0,68.13,none,0,,0.0,68.13,2025-10-21,other,,
T005451,EUR,C00743,P020,Essential Bag 20,1,23.79,23.79,0.0,,23.79,0.0,23.79,none,0,,0.0,23.79,2025-10-21,other,,
T005452,EUR,C00065,P010,Pure Band 10,3,31.57,26.83,0.15,WEEKEND15,94.71,14.22,80.49,none,0,,0.0,80.49,2025-10-21,other,,
T005453,EUR,C00957,P027,Urban Bottle 27,2,102.64,92.38,0.1,LOYALTY10,205.28,20.52,184.76,none,0,,0.0,184.76,2025-10-21,other,,
T005454,EUR,C00485,P002,Pure Band 02,1,19.22,17.3,0.1,LOYALTY10,19.22,1.92,17.3,none,0,,0.0,17.3,2025-10-21,other,,
T005455,EUR,C00989,P004,Essential Bag 04,1,83.73,83.73,0.0,,83.73,0.0,83.73,none,0,,0.0,83.73,2025-10-21,other,,
T005456,EUR,C00902,P017,Daily Lamp 17,1,94.4,89.68,0.05,WELCOME5,94.4,4.72,89.68,none,0,,0.0,89.68,2025-10-21,other,,
T005457,EUR,C00570,P030,Active Mat 30,1,15.8,14.22,0.1,LOYALTY10,15.8,1.58,14.22,none,0,,0.0,14.22,2025-10-21,other,,
T005458,EUR,C00689,P024,Modern Serum 24,1,66.52,59.87,0.1,LOYALTY10,66.52,6.65,59.87,none,0,,0.0,59.87,2025-10-21,other,,
T005459,EUR,C00323,P024,Modern Serum 24,1,66.52,66.52,0.0,,66.52,0.0,66.52,none,0,,0.0,66.52,2025-10-21,website,,V006208
T005460,EUR,C00995,P024,Modern Serum 24,1,66.52,66.52,0.0,,66.52,0.0,66.52,none,0,,0.0,66.52,2025-10-21,other,,
T005461,EUR,C00492,P018,Pure Band 18,1,68.13,68.13,0.0,,68.13,0.0,68.13,none,0,,0.0,68.13,2025-10-21,other,,
T005462,EUR,C00262,P025,Daily Lamp 25,2,101.88,101.88,0.0,,203.76,0.0,203.76,none,0,,0.0,203.76,2025-10-21,other,,
T005463,EUR,C00709,P007,Calm Cream 07,3,21.92,21.92,0.0,,65.76,0.0,65.76,none,0,,0.0,65.76,2025-10-21,other,,
T005464,EUR,C00143,P023,Calm Cream 23,2,43.34,43.34,0.0,,86.68,0.0,86.68,none,0,,0.0,86.68,2025-10-21,other,,
T005465,EUR,C00646,P026,Pure Band 26,1,23.03,23.03,0.0,,23.03,0.0,23.03,none,0,,0.0,23.03,2025-10-21,other,,
T005466,EUR,C00977,P004,Essential Bag 04,1,83.73,79.54,0.05,AUTUMN5,83.73,4.19,79.54,none,0,,0.0,79.54,2025-10-21,marketing_campaign,SEND005339,V010701
T005467,EUR,C00469,P003,Urban Bottle 03,1,105.26,105.26,0.0,,105.26,0.0,105.26,none,0,,0.0,105.26,2025-10-21,website,,V003260
T005468,EUR,C00377,P029,Bright Organizer 29,1,15.67,14.1,0.1,LOYALTY10,15.67,1.57,14.1,none,0,,0.0,14.1,2025-10-21,other,,
T005469,EUR,C00213,P023,Calm Cream 23,1,43.34,41.17,0.05,WELCOME5,43.34,2.17,41.17,full,1,2025-11-02,41.17,0.0,2025-10-21,other,,
T005470,EUR,C00019,P001,Daily Lamp 01,1,96.68,96.68,0.0,,96.68,0.0,96.68,none,0,,0.0,96.68,2025-10-22,other,,
T005471,EUR,C00487,P010,Pure Band 10,1,31.57,31.57,0.0,,31.57,0.0,31.57,none,0,,0.0,31.57,2025-10-22,other,,
T005472,EUR,C00639,P008,Modern Serum 08,1,76.74,76.74,0.0,,76.74,0.0,76.74,full,1,2025-11-20,76.74,0.0,2025-10-22,other,,
T005473,EUR,C00890,P030,Active Mat 30,3,15.8,15.8,0.0,,47.4,0.0,47.4,none,0,,0.0,47.4,2025-10-22,other,,
T005474,EUR,C00842,P017,Daily Lamp 17,2,94.4,94.4,0.0,,188.8,0.0,188.8,none,0,,0.0,188.8,2025-10-22,other,,
T005475,EUR,C00821,P010,Pure Band 10,1,31.57,29.99,0.05,AUTUMN5,31.57,1.58,29.99,none,0,,0.0,29.99,2025-10-22,marketing_campaign,SEND000791,V010097
T005476,EUR,C00285,P018,Pure Band 18,1,68.13,57.91,0.15,WEEKEND15,68.13,10.22,57.91,none,0,,0.0,57.91,2025-10-22,other,,
T005477,EUR,C00417,P026,Pure Band 26,1,23.03,21.88,0.05,WELCOME5,23.03,1.15,21.88,none,0,,0.0,21.88,2025-10-22,other,,
T005478,EUR,C00320,P027,Urban Bottle 27,1,102.64,102.64,0.0,,102.64,0.0,102.64,none,0,,0.0,102.64,2025-10-22,website,,V008888
T005479,EUR,C00850,P026,Pure Band 26,1,23.03,20.73,0.1,LOYALTY10,23.03,2.3,20.73,full,1,2025-11-18,20.73,0.0,2025-10-22,other,,
T005480,EUR,C00176,P005,Bright Organizer 05,1,70.21,70.21,0.0,,70.21,0.0,70.21,none,0,,0.0,70.21,2025-10-22,other,,
T005481,EUR,C00381,P003,Urban Bottle 03,1,105.26,105.26,0.0,,105.26,0.0,105.26,none,0,,0.0,105.26,2025-10-22,other,,
T005482,EUR,C00686,P007,Calm Cream 07,1,21.92,21.92,0.0,,21.92,0.0,21.92,none,0,,0.0,21.92,2025-10-22,other,,
T005483,EUR,C00899,P015,Calm Cream 15,1,26.81,26.81,0.0,,26.81,0.0,26.81,none,0,,0.0,26.81,2025-10-22,other,,
T005484,EUR,C00485,P029,Bright Organizer 29,1,15.67,15.67,0.0,,15.67,0.0,15.67,none,0,,0.0,15.67,2025-10-22,other,,
T005485,EUR,C00830,P030,Active Mat 30,4,15.8,15.8,0.0,,63.2,0.0,63.2,none,0,,0.0,63.2,2025-10-22,other,,
T005486,EUR,C00781,P003,Urban Bottle 03,1,105.26,105.26,0.0,,105.26,0.0,105.26,none,0,,0.0,105.26,2025-10-22,other,,
T005487,EUR,C00257,P017,Daily Lamp 17,1,94.4,94.4,0.0,,94.4,0.0,94.4,none,0,,0.0,94.4,2025-10-22,other,,
T005488,EUR,C00631,P027,Urban Bottle 27,2,102.64,87.24,0.15,WEEKEND15,205.28,30.8,174.48,none,0,,0.0,174.48,2025-10-23,other,,
T005489,EUR,C00859,P030,Active Mat 30,1,15.8,15.8,0.0,,15.8,0.0,15.8,none,0,,0.0,15.8,2025-10-23,other,,
T005490,EUR,C00572,P017,Daily Lamp 17,1,94.4,94.4,0.0,,94.4,0.0,94.4,none,0,,0.0,94.4,2025-10-23,other,,
T005491,EUR,C00460,P010,Pure Band 10,1,31.57,31.57,0.0,,31.57,0.0,31.57,none,0,,0.0,31.57,2025-10-23,other,,
T005492,EUR,C00422,P008,Modern Serum 08,2,76.74,65.23,0.15,WEEKEND15,153.48,23.02,130.46,none,0,,0.0,130.46,2025-10-23,other,,
T005493,EUR,C00246,P002,Pure Band 02,1,19.22,19.22,0.0,,19.22,0.0,19.22,none,0,,0.0,19.22,2025-10-23,other,,
T005494,EUR,C00994,P028,Essential Bag 28,2,98.03,98.03,0.0,,196.06,0.0,196.06,none,0,,0.0,196.06,2025-10-23,other,,
T005495,EUR,C00018,P015,Calm Cream 15,1,26.81,26.81,0.0,,26.81,0.0,26.81,none,0,,0.0,26.81,2025-10-23,other,,
T005496,EUR,C00385,P010,Pure Band 10,1,31.57,31.57,0.0,,31.57,0.0,31.57,none,0,,0.0,31.57,2025-10-23,other,,
T005497,EUR,C00141,P020,Essential Bag 20,1,23.79,23.79,0.0,,23.79,0.0,23.79,none,0,,0.0,23.79,2025-10-23,other,,
T005498,EUR,C00189,P021,Bright Organizer 21,3,91.23,91.23,0.0,,273.69,0.0,273.69,none,0,,0.0,273.69,2025-10-23,other,,
T005499,EUR,C00489,P020,Essential Bag 20,1,23.79,23.79,0.0,,23.79,0.0,23.79,none,0,,0.0,23.79,2025-10-23,other,,
T005500,EUR,C00906,P020,Essential Bag 20,1,23.79,23.79,0.0,,23.79,0.0,23.79,none,0,,0.0,23.79,2025-10-23,other,,
T005501,EUR,C00745,P029,Bright Organizer 29,1,15.67,15.67,0.0,,15.67,0.0,15.67,none,0,,0.0,15.67,2025-10-23,other,,
T005502,EUR,C00295,P009,Daily Lamp 09,2,27.05,27.05,0.0,,54.1,0.0,54.1,none,0,,0.0,54.1,2025-10-23,other,,
T005503,EUR,C00777,P010,Pure Band 10,2,31.57,31.57,0.0,,63.14,0.0,63.14,none,0,,0.0,63.14,2025-10-23,other,,
T005504,EUR,C00024,P002,Pure Band 02,1,19.22,19.22,0.0,,19.22,0.0,19.22,none,0,,0.0,19.22,2025-10-24,other,,
T005505,EUR,C00241,P021,Bright Organizer 21,3,91.23,91.23,0.0,,273.69,0.0,273.69,none,0,,0.0,273.69,2025-10-24,website,,V006774
T005506,EUR,C00415,P025,Daily Lamp 25,3,101.88,101.88,0.0,,305.64,0.0,305.64,none,0,,0.0,305.64,2025-10-24,other,,
T005507,EUR,C00078,P025,Daily Lamp 25,1,101.88,101.88,0.0,,101.88,0.0,101.88,none,0,,0.0,101.88,2025-10-24,other,,
T005508,EUR,C00098,P003,Urban Bottle 03,1,105.26,105.26,0.0,,105.26,0.0,105.26,none,0,,0.0,105.26,2025-10-24,other,,
T005509,EUR,C00308,P002,Pure Band 02,1,19.22,19.22,0.0,,19.22,0.0,19.22,none,0,,0.0,19.22,2025-10-24,website,,V007433
T005510,EUR,C00817,P015,Calm Cream 15,1,26.81,26.81,0.0,,26.81,0.0,26.81,none,0,,0.0,26.81,2025-10-24,website,,V006863
T005511,EUR,C00462,P008,Modern Serum 08,1,76.74,76.74,0.0,,76.74,0.0,76.74,none,0,,0.0,76.74,2025-10-24,other,,
T005512,EUR,C00679,P010,Pure Band 10,1,31.57,31.57,0.0,,31.57,0.0,31.57,none,0,,0.0,31.57,2025-10-24,other,,
T005513,EUR,C00357,P029,Bright Organizer 29,2,15.67,15.67,0.0,,31.34,0.0,31.34,none,0,,0.0,31.34,2025-10-24,other,,
T005514,EUR,C00975,P010,Pure Band 10,1,31.57,31.57,0.0,,31.57,0.0,31.57,none,0,,0.0,31.57,2025-10-24,other,,
T005515,EUR,C00611,P026,Pure Band 26,1,23.03,23.03,0.0,,23.03,0.0,23.03,none,0,,0.0,23.03,2025-10-24,other,,
T005516,EUR,C00119,P028,Essential Bag 28,2,98.03,98.03,0.0,,196.06,0.0,196.06,none,0,,0.0,196.06,2025-10-25,other,,
T005517,EUR,C00944,P027,Urban Bottle 27,1,102.64,102.64,0.0,,102.64,0.0,102.64,none,0,,0.0,102.64,2025-10-25,other,,
T005518,EUR,C00893,P015,Calm Cream 15,1,26.81,26.81,0.0,,26.81,0.0,26.81,none,0,,0.0,26.81,2025-10-25,other,,
T005519,EUR,C00412,P020,Essential Bag 20,1,23.79,23.79,0.0,,23.79,0.0,23.79,none,0,,0.0,23.79,2025-10-25,other,,
T005520,EUR,C00028,P026,Pure Band 26,1,23.03,23.03,0.0,,23.03,0.0,23.03,none,0,,0.0,23.03,2025-10-25,website,,V008258
T005521,EUR,C00406,P022,Active Mat 22,1,31.79,31.79,0.0,,31.79,0.0,31.79,none,0,,0.0,31.79,2025-10-25,other,,
T005522,EUR,C00219,P002,Pure Band 02,1,19.22,19.22,0.0,,19.22,0.0,19.22,none,0,,0.0,19.22,2025-10-25,other,,
T005523,EUR,C00138,P021,Bright Organizer 21,1,91.23,91.23,0.0,,91.23,0.0,91.23,none,0,,0.0,91.23,2025-10-25,website,,V005437
T005524,EUR,C00294,P002,Pure Band 02,1,19.22,19.22,0.0,,19.22,0.0,19.22,none,0,,0.0,19.22,2025-10-25,other,,
T005525,EUR,C00925,P025,Daily Lamp 25,1,101.88,101.88,0.0,,101.88,0.0,101.88,none,0,,0.0,101.88,2025-10-25,other,,
T005526,EUR,C00493,P023,Calm Cream 23,1,43.34,43.34,0.0,,43.34,0.0,43.34,none,0,,0.0,43.34,2025-10-25,other,,
T005527,EUR,C00903,P022,Active Mat 22,1,31.79,31.79,0.0,,31.79,0.0,31.79,none,0,,0.0,31.79,2025-10-25,other,,
T005528,EUR,C00580,P025,Daily Lamp 25,1,101.88,101.88,0.0,,101.88,0.0,101.88,none,0,,0.0,101.88,2025-10-25,other,,
T005529,EUR,C00829,P029,Bright Organizer 29,2,15.67,15.67,0.0,,31.34,0.0,31.34,partial,1,2025-11-18,15.67,15.67,2025-10-25,other,,
T005530,EUR,C00879,P027,Urban Bottle 27,2,102.64,102.64,0.0,,205.28,0.0,205.28,none,0,,0.0,205.28,2025-10-26,other,,
T005531,EUR,C00989,P029,Bright Organizer 29,1,15.67,14.1,0.1,LOYALTY10,15.67,1.57,14.1,none,0,,0.0,14.1,2025-10-26,other,,
T005532,EUR,C00034,P007,Calm Cream 07,1,21.92,21.92,0.0,,21.92,0.0,21.92,none,0,,0.0,21.92,2025-10-26,other,,
T005533,EUR,C00422,P025,Daily Lamp 25,1,101.88,96.79,0.05,WELCOME5,101.88,5.09,96.79,none,0,,0.0,96.79,2025-10-26,other,,
T005534,EUR,C00724,P029,Bright Organizer 29,1,15.67,15.67,0.0,,15.67,0.0,15.67,none,0,,0.0,15.67,2025-10-26,other,,
T005535,EUR,C00474,P003,Urban Bottle 03,1,105.26,105.26,0.0,,105.26,0.0,105.26,none,0,,0.0,105.26,2025-10-26,other,,
T005536,EUR,C00085,P002,Pure Band 02,1,19.22,19.22,0.0,,19.22,0.0,19.22,none,0,,0.0,19.22,2025-10-26,other,,
T005537,EUR,C00267,P008,Modern Serum 08,1,76.74,76.74,0.0,,76.74,0.0,76.74,none,0,,0.0,76.74,2025-10-26,other,,
T005538,EUR,C00005,P024,Modern Serum 24,2,66.52,66.52,0.0,,133.04,0.0,133.04,full,2,2025-11-25,133.04,0.0,2025-10-26,website,,V005212
T005539,EUR,C00357,P017,Daily Lamp 17,2,94.4,94.4,0.0,,188.8,0.0,188.8,none,0,,0.0,188.8,2025-10-26,other,,
T005540,EUR,C00666,P028,Essential Bag 28,3,98.03,93.13,0.05,WELCOME5,294.09,14.7,279.39,none,0,,0.0,279.39,2025-10-26,other,,
T005541,EUR,C00201,P020,Essential Bag 20,1,23.79,23.79,0.0,,23.79,0.0,23.79,none,0,,0.0,23.79,2025-10-26,other,,
T005542,EUR,C00633,P018,Pure Band 18,1,68.13,68.13,0.0,,68.13,0.0,68.13,none,0,,0.0,68.13,2025-10-27,other,,
T005543,EUR,C00047,P023,Calm Cream 23,2,43.34,43.34,0.0,,86.68,0.0,86.68,none,0,,0.0,86.68,2025-10-27,other,,
T005544,EUR,C00035,P009,Daily Lamp 09,1,27.05,27.05,0.0,,27.05,0.0,27.05,none,0,,0.0,27.05,2025-10-27,other,,
T005545,EUR,C00394,P009,Daily Lamp 09,3,27.05,25.7,0.05,WELCOME5,81.15,4.05,77.1,none,0,,0.0,77.1,2025-10-27,other,,
T005546,EUR,C00338,P029,Bright Organizer 29,1,15.67,15.67,0.0,,15.67,0.0,15.67,none,0,,0.0,15.67,2025-10-27,other,,
T005547,EUR,C00231,P028,Essential Bag 28,1,98.03,93.13,0.05,WELCOME5,98.03,4.9,93.13,none,0,,0.0,93.13,2025-10-27,other,,
T005548,EUR,C00507,P015,Calm Cream 15,1,26.81,26.81,0.0,,26.81,0.0,26.81,none,0,,0.0,26.81,2025-10-27,other,,
T005549,EUR,C00870,P010,Pure Band 10,1,31.57,31.57,0.0,,31.57,0.0,31.57,none,0,,0.0,31.57,2025-10-27,website,,V004464
T005550,EUR,C00084,P025,Daily Lamp 25,1,101.88,96.79,0.05,WELCOME5,101.88,5.09,96.79,none,0,,0.0,96.79,2025-10-27,other,,
T005551,EUR,C00435,P017,Daily Lamp 17,1,94.4,94.4,0.0,,94.4,0.0,94.4,none,0,,0.0,94.4,2025-10-27,other,,
T005552,EUR,C00312,P025,Daily Lamp 25,2,101.88,101.88,0.0,,203.76,0.0,203.76,none,0,,0.0,203.76,2025-10-27,other,,
T005553,EUR,C00682,P013,Bright Organizer 13,4,48.36,43.52,0.1,LOYALTY10,193.44,19.36,174.08,none,0,,0.0,174.08,2025-10-27,other,,
T005554,EUR,C00910,P026,Pure Band 26,1,23.03,23.03,0.0,,23.03,0.0,23.03,none,0,,0.0,23.03,2025-10-27,other,,
T005555,EUR,C00586,P028,Essential Bag 28,2,98.03,93.13,0.05,WELCOME5,196.06,9.8,186.26,full,2,2025-11-06,186.26,0.0,2025-10-27,other,,
T005556,EUR,C00218,P027,Urban Bottle 27,1,102.64,102.64,0.0,,102.64,0.0,102.64,none,0,,0.0,102.64,2025-10-27,other,,
T005557,EUR,C00020,P009,Daily Lamp 09,1,27.05,27.05,0.0,,27.05,0.0,27.05,none,0,,0.0,27.05,2025-10-28,other,,
T005558,EUR,C00118,P024,Modern Serum 24,1,66.52,59.87,0.1,LOYALTY10,66.52,6.65,59.87,none,0,,0.0,59.87,2025-10-28,other,,
T005559,EUR,C00590,P009,Daily Lamp 09,1,27.05,27.05,0.0,,27.05,0.0,27.05,full,1,2025-11-27,27.05,0.0,2025-10-28,website,,V006022
T005560,EUR,C00921,P003,Urban Bottle 03,1,105.26,105.26,0.0,,105.26,0.0,105.26,none,0,,0.0,105.26,2025-10-28,other,,
T005561,EUR,C00722,P026,Pure Band 26,1,23.03,23.03,0.0,,23.03,0.0,23.03,none,0,,0.0,23.03,2025-10-28,other,,
T005562,EUR,C00883,P021,Bright Organizer 21,1,91.23,86.67,0.05,WELCOME5,91.23,4.56,86.67,none,0,,0.0,86.67,2025-10-28,other,,
T005563,EUR,C00661,P024,Modern Serum 24,1,66.52,66.52,0.0,,66.52,0.0,66.52,none,0,,0.0,66.52,2025-10-28,other,,
T005564,EUR,C00143,P025,Daily Lamp 25,3,101.88,101.88,0.0,,305.64,0.0,305.64,none,0,,0.0,305.64,2025-10-28,other,,
T005565,EUR,C00534,P028,Essential Bag 28,1,98.03,98.03,0.0,,98.03,0.0,98.03,none,0,,0.0,98.03,2025-10-28,other,,
T005566,EUR,C00766,P003,Urban Bottle 03,1,105.26,105.26,0.0,,105.26,0.0,105.26,none,0,,0.0,105.26,2025-10-28,other,,
T005567,EUR,C00052,P027,Urban Bottle 27,1,102.64,102.64,0.0,,102.64,0.0,102.64,none,0,,0.0,102.64,2025-10-28,website,,V004560
T005568,EUR,C00419,P008,Modern Serum 08,1,76.74,69.07,0.1,LOYALTY10,76.74,7.67,69.07,none,0,,0.0,69.07,2025-10-28,other,,
T005569,EUR,C00819,P029,Bright Organizer 29,3,15.67,15.67,0.0,,47.01,0.0,47.01,none,0,,0.0,47.01,2025-10-28,other,,
T005570,EUR,C00389,P029,Bright Organizer 29,1,15.67,15.67,0.0,,15.67,0.0,15.67,none,0,,0.0,15.67,2025-10-29,other,,
T005571,EUR,C00498,P002,Pure Band 02,1,19.22,19.22,0.0,,19.22,0.0,19.22,none,0,,0.0,19.22,2025-10-29,other,,
T005572,EUR,C00528,P028,Essential Bag 28,1,98.03,98.03,0.0,,98.03,0.0,98.03,none,0,,0.0,98.03,2025-10-29,other,,
T005573,EUR,C00431,P025,Daily Lamp 25,1,101.88,101.88,0.0,,101.88,0.0,101.88,none,0,,0.0,101.88,2025-10-29,other,,
T005574,EUR,C00122,P008,Modern Serum 08,1,76.74,76.74,0.0,,76.74,0.0,76.74,none,0,,0.0,76.74,2025-10-29,other,,
T005575,EUR,C00284,P015,Calm Cream 15,2,26.81,26.81,0.0,,53.62,0.0,53.62,none,0,,0.0,53.62,2025-10-29,other,,
T005576,EUR,C00127,P025,Daily Lamp 25,2,101.88,101.88,0.0,,203.76,0.0,203.76,none,0,,0.0,203.76,2025-10-29,other,,
T005577,EUR,C00712,P025,Daily Lamp 25,1,101.88,101.88,0.0,,101.88,0.0,101.88,none,0,,0.0,101.88,2025-10-29,other,,
T005578,EUR,C00558,P009,Daily Lamp 09,1,27.05,25.7,0.05,WELCOME5,27.05,1.35,25.7,none,0,,0.0,25.7,2025-10-29,other,,
T005579,EUR,C00812,P005,Bright Organizer 05,1,70.21,70.21,0.0,,70.21,0.0,70.21,none,0,,0.0,70.21,2025-10-29,other,,
T005580,EUR,C00432,P005,Bright Organizer 05,1,70.21,63.19,0.1,LOYALTY10,70.21,7.02,63.19,none,0,,0.0,63.19,2025-10-29,other,,
T005581,EUR,C00047,P002,Pure Band 02,1,19.22,17.3,0.1,LOYALTY10,19.22,1.92,17.3,none,0,,0.0,17.3,2025-10-30,other,,
T005582,EUR,C00279,P025,Daily Lamp 25,1,101.88,101.88,0.0,,101.88,0.0,101.88,none,0,,0.0,101.88,2025-10-30,other,,
T005583,EUR,C00655,P017,Daily Lamp 17,1,94.4,94.4,0.0,,94.4,0.0,94.4,none,0,,0.0,94.4,2025-10-30,other,,
T005584,EUR,C00027,P028,Essential Bag 28,1,98.03,93.13,0.05,WELCOME5,98.03,4.9,93.13,none,0,,0.0,93.13,2025-10-30,other,,
T005585,EUR,C00901,P025,Daily Lamp 25,1,101.88,101.88,0.0,,101.88,0.0,101.88,none,0,,0.0,101.88,2025-10-30,other,,
T005586,EUR,C00024,P005,Bright Organizer 05,1,70.21,70.21,0.0,,70.21,0.0,70.21,none,0,,0.0,70.21,2025-10-30,other,,
T005587,EUR,C00522,P028,Essential Bag 28,1,98.03,98.03,0.0,,98.03,0.0,98.03,none,0,,0.0,98.03,2025-10-31,other,,
T005588,EUR,C00884,P021,Bright Organizer 21,1,91.23,91.23,0.0,,91.23,0.0,91.23,none,0,,0.0,91.23,2025-10-31,other,,
T005589,EUR,C00802,P015,Calm Cream 15,1,26.81,24.13,0.1,LOYALTY10,26.81,2.68,24.13,none,0,,0.0,24.13,2025-10-31,other,,
T005590,EUR,C00409,P005,Bright Organizer 05,1,70.21,70.21,0.0,,70.21,0.0,70.21,none,0,,0.0,70.21,2025-10-31,other,,
T005591,EUR,C00461,P020,Essential Bag 20,4,23.79,22.6,0.05,WELCOME5,95.16,4.76,90.4,none,0,,0.0,90.4,2025-10-31,other,,
T005592,EUR,C00217,P022,Active Mat 22,2,31.79,31.79,0.0,,63.58,0.0,63.58,none,0,,0.0,63.58,2025-10-31,other,,
T005593,EUR,C00564,P005,Bright Organizer 05,1,70.21,70.21,0.0,,70.21,0.0,70.21,none,0,,0.0,70.21,2025-10-31,other,,
T005594,EUR,C00475,P007,Calm Cream 07,1,21.92,21.92,0.0,,21.92,0.0,21.92,none,0,,0.0,21.92,2025-10-31,other,,
T005595,EUR,C00310,P004,Essential Bag 04,1,83.73,71.17,0.15,WEEKEND15,83.73,12.56,71.17,none,0,,0.0,71.17,2025-11-01,website,,V004484
T005596,EUR,C00974,P023,Calm Cream 23,2,43.34,43.34,0.0,,86.68,0.0,86.68,none,0,,0.0,86.68,2025-11-01,other,,
T005597,EUR,C00590,P030,Active Mat 30,2,15.8,15.8,0.0,,31.6,0.0,31.6,none,0,,0.0,31.6,2025-11-01,other,,
T005598,EUR,C00240,P020,Essential Bag 20,1,23.79,23.79,0.0,,23.79,0.0,23.79,none,0,,0.0,23.79,2025-11-01,other,,
T005599,EUR,C00892,P003,Urban Bottle 03,1,105.26,100.0,0.05,WELCOME5,105.26,5.26,100.0,none,0,,0.0,100.0,2025-11-01,other,,
T005600,EUR,C00075,P014,Active Mat 14,1,55.09,52.34,0.05,AUTUMN5,55.09,2.75,52.34,none,0,,0.0,52.34,2025-11-01,marketing_campaign,SEND001929,V010254
T005601,EUR,C00978,P014,Active Mat 14,1,55.09,46.83,0.15,WEEKEND15,55.09,8.26,46.83,full,1,2025-11-19,46.83,0.0,2025-11-01,other,,
T005602,EUR,C00100,P004,Essential Bag 04,1,83.73,83.73,0.0,,83.73,0.0,83.73,none,0,,0.0,83.73,2025-11-01,other,,
T005603,EUR,C00297,P021,Bright Organizer 21,1,91.23,91.23,0.0,,91.23,0.0,91.23,none,0,,0.0,91.23,2025-11-01,other,,
T005604,EUR,C00294,P004,Essential Bag 04,1,83.73,83.73,0.0,,83.73,0.0,83.73,none,0,,0.0,83.73,2025-11-02,other,,
T005605,EUR,C00263,P022,Active Mat 22,2,31.79,27.02,0.15,WEEKEND15,63.58,9.54,54.04,none,0,,0.0,54.04,2025-11-02,other,,
T005606,EUR,C00620,P029,Bright Organizer 29,2,15.67,13.32,0.15,WEEKEND15,31.34,4.7,26.64,none,0,,0.0,26.64,2025-11-02,other,,
T005607,EUR,C00373,P021,Bright Organizer 21,2,91.23,86.67,0.05,WELCOME5,182.46,9.12,173.34,none,0,,0.0,173.34,2025-11-02,other,,
T005608,EUR,C00537,P004,Essential Bag 04,3,83.73,83.73,0.0,,251.19,0.0,251.19,none,0,,0.0,251.19,2025-11-02,other,,
T005609,EUR,C00126,P004,Essential Bag 04,1,83.73,75.36,0.1,LOYALTY10,83.73,8.37,75.36,none,0,,0.0,75.36,2025-11-02,other,,
T005610,EUR,C00766,P014,Active Mat 14,1,55.09,55.09,0.0,,55.09,0.0,55.09,none,0,,0.0,55.09,2025-11-02,other,,
T005611,EUR,C00968,P015,Calm Cream 15,2,26.81,26.81,0.0,,53.62,0.0,53.62,none,0,,0.0,53.62,2025-11-02,other,,
T005612,EUR,C00536,P027,Urban Bottle 27,3,102.64,102.64,0.0,,307.92,0.0,307.92,none,0,,0.0,307.92,2025-11-02,other,,
T005613,EUR,C00590,P022,Active Mat 22,1,31.79,28.61,0.1,LOYALTY10,31.79,3.18,28.61,none,0,,0.0,28.61,2025-11-02,other,,
T005614,EUR,C00551,P007,Calm Cream 07,2,21.92,21.92,0.0,,43.84,0.0,43.84,none,0,,0.0,43.84,2025-11-02,other,,
T005615,EUR,C00053,P028,Essential Bag 28,1,98.03,98.03,0.0,,98.03,0.0,98.03,none,0,,0.0,98.03,2025-11-02,other,,
T005616,EUR,C00009,P005,Bright Organizer 05,1,70.21,59.68,0.15,WEEKEND15,70.21,10.53,59.68,none,0,,0.0,59.68,2025-11-02,website,,V005824
T005617,EUR,C00680,P002,Pure Band 02,1,19.22,19.22,0.0,,19.22,0.0,19.22,none,0,,0.0,19.22,2025-11-02,other,,
T005618,EUR,C00272,P028,Essential Bag 28,1,98.03,98.03,0.0,,98.03,0.0,98.03,none,0,,0.0,98.03,2025-11-02,other,,
T005619,EUR,C00907,P003,Urban Bottle 03,1,105.26,100.0,0.05,AUTUMN5,105.26,5.26,100.0,none,0,,0.0,100.0,2025-11-02,marketing_campaign,SEND004893,V010649
T005620,EUR,C00305,P026,Pure Band 26,1,23.03,21.88,0.05,WELCOME5,23.03,1.15,21.88,full,1,2025-11-29,21.88,0.0,2025-11-02,website,,V006768
T005621,EUR,C00123,P009,Daily Lamp 09,1,27.05,27.05,0.0,,27.05,0.0,27.05,none,0,,0.0,27.05,2025-11-02,other,,
T005622,EUR,C00727,P028,Essential Bag 28,1,98.03,98.03,0.0,,98.03,0.0,98.03,none,0,,0.0,98.03,2025-11-03,other,,
T005623,EUR,C00058,P007,Calm Cream 07,1,21.92,19.73,0.1,LOYALTY10,21.92,2.19,19.73,none,0,,0.0,19.73,2025-11-03,website,,V007314
T005624,EUR,C00632,P002,Pure Band 02,1,19.22,19.22,0.0,,19.22,0.0,19.22,none,0,,0.0,19.22,2025-11-03,website,,V000965
T005625,EUR,C00759,P005,Bright Organizer 05,1,70.21,70.21,0.0,,70.21,0.0,70.21,none,0,,0.0,70.21,2025-11-03,other,,
T005626,EUR,C00440,P012,Essential Bag 12,1,99.7,99.7,0.0,,99.7,0.0,99.7,full,1,2025-11-18,99.7,0.0,2025-11-03,other,,
T005627,EUR,C00286,P013,Bright Organizer 13,3,48.36,48.36,0.0,,145.08,0.0,145.08,none,0,,0.0,145.08,2025-11-03,other,,
T005628,EUR,C00554,P025,Daily Lamp 25,1,101.88,101.88,0.0,,101.88,0.0,101.88,none,0,,0.0,101.88,2025-11-03,other,,
T005629,EUR,C00473,P021,Bright Organizer 21,1,91.23,77.55,0.15,WEEKEND15,91.23,13.68,77.55,none,0,,0.0,77.55,2025-11-03,other,,
T005630,EUR,C00703,P002,Pure Band 02,2,19.22,19.22,0.0,,38.44,0.0,38.44,none,0,,0.0,38.44,2025-11-03,other,,
T005631,EUR,C00483,P024,Modern Serum 24,2,66.52,66.52,0.0,,133.04,0.0,133.04,none,0,,0.0,133.04,2025-11-03,other,,
T005632,EUR,C00734,P017,Daily Lamp 17,1,94.4,94.4,0.0,,94.4,0.0,94.4,none,0,,0.0,94.4,2025-11-03,other,,
T005633,EUR,C00514,P019,Urban Bottle 19,1,61.21,61.21,0.0,,61.21,0.0,61.21,none,0,,0.0,61.21,2025-11-03,other,,
T005634,EUR,C00410,P024,Modern Serum 24,1,66.52,66.52,0.0,,66.52,0.0,66.52,none,0,,0.0,66.52,2025-11-03,other,,
T005635,EUR,C00148,P019,Urban Bottle 19,2,61.21,61.21,0.0,,122.42,0.0,122.42,none,0,,0.0,122.42,2025-11-03,other,,
T005636,EUR,C00940,P007,Calm Cream 07,2,21.92,21.92,0.0,,43.84,0.0,43.84,none,0,,0.0,43.84,2025-11-03,other,,
T005637,EUR,C00335,P011,Urban Bottle 11,1,58.41,58.41,0.0,,58.41,0.0,58.41,none,0,,0.0,58.41,2025-11-03,other,,
T005638,EUR,C00433,P020,Essential Bag 20,1,23.79,23.79,0.0,,23.79,0.0,23.79,none,0,,0.0,23.79,2025-11-03,other,,
T005639,EUR,C00510,P011,Urban Bottle 11,1,58.41,55.49,0.05,AUTUMN5,58.41,2.92,55.49,full,1,2025-11-11,55.49,0.0,2025-11-03,marketing_campaign,SEND003693,V010485
T005640,EUR,C00809,P009,Daily Lamp 09,3,27.05,22.99,0.15,WEEKEND15,81.15,12.18,68.97,none,0,,0.0,68.97,2025-11-03,other,,
T005641,EUR,C00467,P028,Essential Bag 28,1,98.03,98.03,0.0,,98.03,0.0,98.03,none,0,,0.0,98.03,2025-11-03,other,,
T005642,EUR,C00569,P007,Calm Cream 07,1,21.92,19.73,0.1,GIFT10,21.92,2.19,19.73,none,0,,0.0,19.73,2025-11-03,marketing_campaign,SEND004239,V010555
T005643,EUR,C00063,P023,Calm Cream 23,1,43.34,43.34,0.0,,43.34,0.0,43.34,none,0,,0.0,43.34,2025-11-03,other,,
T005644,EUR,C00140,P002,Pure Band 02,1,19.22,19.22,0.0,,19.22,0.0,19.22,none,0,,0.0,19.22,2025-11-03,other,,
T005645,EUR,C00328,P022,Active Mat 22,1,31.79,31.79,0.0,,31.79,0.0,31.79,none,0,,0.0,31.79,2025-11-03,other,,
T005646,EUR,C00775,P017,Daily Lamp 17,1,94.4,80.24,0.15,WEEKEND15,94.4,14.16,80.24,full,1,2025-11-27,80.24,0.0,2025-11-04,other,,
T005647,EUR,C00486,P025,Daily Lamp 25,1,101.88,101.88,0.0,,101.88,0.0,101.88,none,0,,0.0,101.88,2025-11-04,website,,V001992
T005648,EUR,C00448,P018,Pure Band 18,1,68.13,68.13,0.0,,68.13,0.0,68.13,none,0,,0.0,68.13,2025-11-04,other,,
T005649,EUR,C00105,P001,Daily Lamp 01,1,96.68,96.68,0.0,,96.68,0.0,96.68,full,1,2025-11-05,96.68,0.0,2025-11-04,other,,
T005650,EUR,C00223,P024,Modern Serum 24,2,66.52,56.54,0.15,HOLIDAY15,133.04,19.96,113.08,none,0,,0.0,113.08,2025-11-04,marketing_campaign,SEND005676,V010746
T005651,EUR,C00400,P008,Modern Serum 08,1,76.74,76.74,0.0,,76.74,0.0,76.74,none,0,,0.0,76.74,2025-11-04,website,,V001381
T005652,EUR,C00398,P003,Urban Bottle 03,1,105.26,105.26,0.0,,105.26,0.0,105.26,none,0,,0.0,105.26,2025-11-04,website,,V002193
T005653,EUR,C00186,P016,Modern Serum 16,2,91.2,91.2,0.0,,182.4,0.0,182.4,full,2,2025-11-05,182.4,0.0,2025-11-04,other,,
T005654,EUR,C00870,P014,Active Mat 14,1,55.09,55.09,0.0,,55.09,0.0,55.09,none,0,,0.0,55.09,2025-11-04,other,,
T005655,EUR,C00446,P015,Calm Cream 15,1,26.81,24.13,0.1,LOYALTY10,26.81,2.68,24.13,none,0,,0.0,24.13,2025-11-04,other,,
T005656,EUR,C00615,P014,Active Mat 14,4,55.09,46.83,0.15,WEEKEND15,220.36,33.04,187.32,none,0,,0.0,187.32,2025-11-04,other,,
T005657,EUR,C00316,P001,Daily Lamp 01,1,96.68,96.68,0.0,,96.68,0.0,96.68,none,0,,0.0,96.68,2025-11-04,other,,
T005658,EUR,C00258,P013,Bright Organizer 13,2,48.36,43.52,0.1,LOYALTY10,96.72,9.68,87.04,none,0,,0.0,87.04,2025-11-04,website,,V001092
T005659,EUR,C00317,P012,Essential Bag 12,1,99.7,89.73,0.1,LOYALTY10,99.7,9.97,89.73,none,0,,0.0,89.73,2025-11-04,other,,
T005660,EUR,C00661,P022,Active Mat 22,1,31.79,27.02,0.15,WEEKEND15,31.79,4.77,27.02,none,0,,0.0,27.02,2025-11-04,other,,
T005661,EUR,C00342,P018,Pure Band 18,1,68.13,57.91,0.15,WEEKEND15,68.13,10.22,57.91,none,0,,0.0,57.91,2025-11-04,other,,
T005662,EUR,C00414,P025,Daily Lamp 25,1,101.88,101.88,0.0,,101.88,0.0,101.88,none,0,,0.0,101.88,2025-11-04,other,,
T005663,EUR,C00407,P007,Calm Cream 07,1,21.92,21.92,0.0,,21.92,0.0,21.92,none,0,,0.0,21.92,2025-11-04,other,,
T005664,EUR,C00367,P025,Daily Lamp 25,1,101.88,101.88,0.0,,101.88,0.0,101.88,none,0,,0.0,101.88,2025-11-04,other,,
T005665,EUR,C00384,P028,Essential Bag 28,1,98.03,98.03,0.0,,98.03,0.0,98.03,none,0,,0.0,98.03,2025-11-04,other,,
T005666,EUR,C00454,P005,Bright Organizer 05,2,70.21,70.21,0.0,,140.42,0.0,140.42,none,0,,0.0,140.42,2025-11-04,other,,
T005667,EUR,C00169,P003,Urban Bottle 03,1,105.26,105.26,0.0,,105.26,0.0,105.26,none,0,,0.0,105.26,2025-11-04,other,,
T005668,EUR,C00959,P024,Modern Serum 24,2,66.52,66.52,0.0,,133.04,0.0,133.04,none,0,,0.0,133.04,2025-11-04,other,,
T005669,EUR,C00059,P014,Active Mat 14,1,55.09,55.09,0.0,,55.09,0.0,55.09,none,0,,0.0,55.09,2025-11-04,other,,
T005670,EUR,C00299,P011,Urban Bottle 11,1,58.41,58.41,0.0,,58.41,0.0,58.41,none,0,,0.0,58.41,2025-11-04,other,,
T005671,EUR,C00326,P016,Modern Serum 16,3,91.2,91.2,0.0,,273.6,0.0,273.6,none,0,,0.0,273.6,2025-11-04,other,,
T005672,EUR,C00501,P025,Daily Lamp 25,1,101.88,96.79,0.05,WELCOME5,101.88,5.09,96.79,none,0,,0.0,96.79,2025-11-05,other,,
T005673,EUR,C00126,P005,Bright Organizer 05,3,70.21,70.21,0.0,,210.63,0.0,210.63,none,0,,0.0,210.63,2025-11-05,other,,
T005674,EUR,C00857,P014,Active Mat 14,1,55.09,55.09,0.0,,55.09,0.0,55.09,none,0,,0.0,55.09,2025-11-05,other,,
T005675,EUR,C00614,P028,Essential Bag 28,3,98.03,98.03,0.0,,294.09,0.0,294.09,none,0,,0.0,294.09,2025-11-05,other,,
T005676,EUR,C00039,P004,Essential Bag 04,1,83.73,75.36,0.1,GIFT10,83.73,8.37,75.36,full,1,2025-11-09,75.36,0.0,2025-11-05,marketing_campaign,SEND002460,V010338
T005677,EUR,C00335,P023,Calm Cream 23,1,43.34,41.17,0.05,AUTUMN5,43.34,2.17,41.17,none,0,,0.0,41.17,2025-11-05,marketing_campaign,SEND004365,V010570
T005678,EUR,C00891,P026,Pure Band 26,2,23.03,23.03,0.0,,46.06,0.0,46.06,none,0,,0.0,46.06,2025-11-05,website,,V003542
T005679,EUR,C00694,P008,Modern Serum 08,1,76.74,72.9,0.05,AUTUMN5,76.74,3.84,72.9,none,0,,0.0,72.9,2025-11-05,marketing_campaign,SEND004640,V010611
T005680,EUR,C00851,P018,Pure Band 18,1,68.13,68.13,0.0,,68.13,0.0,68.13,none,0,,0.0,68.13,2025-11-05,other,,
T005681,EUR,C00239,P026,Pure Band 26,2,23.03,21.88,0.05,WELCOME5,46.06,2.3,43.76,none,0,,0.0,43.76,2025-11-05,website,,V003304
T005682,EUR,C00819,P003,Urban Bottle 03,1,105.26,105.26,0.0,,105.26,0.0,105.26,none,0,,0.0,105.26,2025-11-05,other,,
T005683,EUR,C00789,P007,Calm Cream 07,1,21.92,19.73,0.1,LOYALTY10,21.92,2.19,19.73,none,0,,0.0,19.73,2025-11-05,other,,
T005684,EUR,C00728,P011,Urban Bottle 11,2,58.41,55.49,0.05,WELCOME5,116.82,5.84,110.98,none,0,,0.0,110.98,2025-11-05,other,,
T005685,EUR,C00182,P028,Essential Bag 28,1,98.03,98.03,0.0,,98.03,0.0,98.03,none,0,,0.0,98.03,2025-11-05,website,,V004860
T005686,EUR,C00936,P018,Pure Band 18,2,68.13,68.13,0.0,,136.26,0.0,136.26,none,0,,0.0,136.26,2025-11-05,other,,
T005687,EUR,C00541,P011,Urban Bottle 11,1,58.41,58.41,0.0,,58.41,0.0,58.41,none,0,,0.0,58.41,2025-11-05,other,,
T005688,EUR,C00890,P017,Daily Lamp 17,1,94.4,89.68,0.05,WELCOME5,94.4,4.72,89.68,none,0,,0.0,89.68,2025-11-06,other,,
T005689,EUR,C00935,P018,Pure Band 18,1,68.13,68.13,0.0,,68.13,0.0,68.13,none,0,,0.0,68.13,2025-11-06,other,,
T005690,EUR,C00844,P030,Active Mat 30,1,15.8,15.8,0.0,,15.8,0.0,15.8,none,0,,0.0,15.8,2025-11-06,other,,
T005691,EUR,C00953,P024,Modern Serum 24,1,66.52,66.52,0.0,,66.52,0.0,66.52,none,0,,0.0,66.52,2025-11-06,other,,
T005692,EUR,C00800,P009,Daily Lamp 09,1,27.05,27.05,0.0,,27.05,0.0,27.05,none,0,,0.0,27.05,2025-11-06,other,,
T005693,EUR,C00501,P017,Daily Lamp 17,2,94.4,94.4,0.0,,188.8,0.0,188.8,none,0,,0.0,188.8,2025-11-06,other,,
T005694,EUR,C00814,P010,Pure Band 10,2,31.57,26.83,0.15,WEEKEND15,63.14,9.48,53.66,none,0,,0.0,53.66,2025-11-06,website,,V001987
T005695,EUR,C00480,P006,Active Mat 06,1,104.36,104.36,0.0,,104.36,0.0,104.36,none,0,,0.0,104.36,2025-11-06,other,,
T005696,EUR,C00236,P020,Essential Bag 20,1,23.79,23.79,0.0,,23.79,0.0,23.79,none,0,,0.0,23.79,2025-11-06,other,,
T005697,EUR,C00888,P023,Calm Cream 23,1,43.34,41.17,0.05,WELCOME5,43.34,2.17,41.17,none,0,,0.0,41.17,2025-11-06,other,,
T005698,EUR,C00498,P011,Urban Bottle 11,1,58.41,49.65,0.15,WEEKEND15,58.41,8.76,49.65,none,0,,0.0,49.65,2025-11-06,other,,
T005699,EUR,C00791,P029,Bright Organizer 29,1,15.67,14.89,0.05,WELCOME5,15.67,0.78,14.89,full,1,2025-11-16,14.89,0.0,2025-11-06,other,,
T005700,EUR,C00845,P027,Urban Bottle 27,1,102.64,102.64,0.0,,102.64,0.0,102.64,none,0,,0.0,102.64,2025-11-06,other,,
T005701,EUR,C00589,P015,Calm Cream 15,1,26.81,26.81,0.0,,26.81,0.0,26.81,none,0,,0.0,26.81,2025-11-06,other,,
T005702,EUR,C00949,P020,Essential Bag 20,1,23.79,23.79,0.0,,23.79,0.0,23.79,none,0,,0.0,23.79,2025-11-06,other,,
T005703,EUR,C00709,P024,Modern Serum 24,4,66.52,66.52,0.0,,266.08,0.0,266.08,none,0,,0.0,266.08,2025-11-06,other,,
T005704,EUR,C00577,P006,Active Mat 06,2,104.36,99.14,0.05,WELCOME5,208.72,10.44,198.28,none,0,,0.0,198.28,2025-11-06,other,,
T005705,EUR,C00234,P025,Daily Lamp 25,1,101.88,101.88,0.0,,101.88,0.0,101.88,none,0,,0.0,101.88,2025-11-06,other,,
T005706,EUR,C00432,P021,Bright Organizer 21,1,91.23,91.23,0.0,,91.23,0.0,91.23,none,0,,0.0,91.23,2025-11-06,other,,
T005707,EUR,C00130,P028,Essential Bag 28,1,98.03,98.03,0.0,,98.03,0.0,98.03,none,0,,0.0,98.03,2025-11-06,other,,
T005708,EUR,C00642,P013,Bright Organizer 13,1,48.36,43.52,0.1,LOYALTY10,48.36,4.84,43.52,none,0,,0.0,43.52,2025-11-06,website,,V006423
T005709,EUR,C00008,P006,Active Mat 06,2,104.36,104.36,0.0,,208.72,0.0,208.72,none,0,,0.0,208.72,2025-11-06,other,,
T005710,EUR,C00822,P009,Daily Lamp 09,1,27.05,24.35,0.1,LOYALTY10,27.05,2.7,24.35,none,0,,0.0,24.35,2025-11-06,other,,
T005711,EUR,C00588,P024,Modern Serum 24,1,66.52,56.54,0.15,WEEKEND15,66.52,9.98,56.54,none,0,,0.0,56.54,2025-11-06,other,,
T005712,EUR,C00858,P004,Essential Bag 04,2,83.73,83.73,0.0,,167.46,0.0,167.46,none,0,,0.0,167.46,2025-11-06,other,,
T005713,EUR,C00879,P025,Daily Lamp 25,1,101.88,86.6,0.15,WEEKEND15,101.88,15.28,86.6,none,0,,0.0,86.6,2025-11-06,other,,
T005714,EUR,C00601,P009,Daily Lamp 09,1,27.05,27.05,0.0,,27.05,0.0,27.05,none,0,,0.0,27.05,2025-11-07,other,,
T005715,EUR,C00408,P009,Daily Lamp 09,1,27.05,27.05,0.0,,27.05,0.0,27.05,none,0,,0.0,27.05,2025-11-07,other,,
T005716,EUR,C00773,P005,Bright Organizer 05,1,70.21,63.19,0.1,LOYALTY10,70.21,7.02,63.19,full,1,2025-11-14,63.19,0.0,2025-11-07,other,,
T005717,EUR,C00874,P015,Calm Cream 15,1,26.81,22.79,0.15,WEEKEND15,26.81,4.02,22.79,none,0,,0.0,22.79,2025-11-07,other,,
T005718,EUR,C00586,P020,Essential Bag 20,1,23.79,23.79,0.0,,23.79,0.0,23.79,none,0,,0.0,23.79,2025-11-07,website,,V001844
T005719,EUR,C00544,P012,Essential Bag 12,1,99.7,89.73,0.1,LOYALTY10,99.7,9.97,89.73,none,0,,0.0,89.73,2025-11-07,other,,
T005720,EUR,C00104,P015,Calm Cream 15,1,26.81,26.81,0.0,,26.81,0.0,26.81,none,0,,0.0,26.81,2025-11-07,other,,
T005721,EUR,C00742,P006,Active Mat 06,1,104.36,104.36,0.0,,104.36,0.0,104.36,none,0,,0.0,104.36,2025-11-07,other,,
T005722,EUR,C00655,P008,Modern Serum 08,1,76.74,76.74,0.0,,76.74,0.0,76.74,none,0,,0.0,76.74,2025-11-07,website,,V002413
T005723,EUR,C00204,P021,Bright Organizer 21,1,91.23,91.23,0.0,,91.23,0.0,91.23,none,0,,0.0,91.23,2025-11-07,other,,
T005724,EUR,C00226,P007,Calm Cream 07,1,21.92,21.92,0.0,,21.92,0.0,21.92,none,0,,0.0,21.92,2025-11-07,other,,
T005725,EUR,C00772,P028,Essential Bag 28,1,98.03,93.13,0.05,WELCOME5,98.03,4.9,93.13,none,0,,0.0,93.13,2025-11-07,other,,
T005726,EUR,C00054,P025,Daily Lamp 25,2,101.88,101.88,0.0,,203.76,0.0,203.76,none,0,,0.0,203.76,2025-11-07,other,,
T005727,EUR,C00857,P012,Essential Bag 12,1,99.7,99.7,0.0,,99.7,0.0,99.7,none,0,,0.0,99.7,2025-11-07,other,,
T005728,EUR,C00084,P006,Active Mat 06,1,104.36,104.36,0.0,,104.36,0.0,104.36,none,0,,0.0,104.36,2025-11-07,other,,
T005729,EUR,C00831,P017,Daily Lamp 17,1,94.4,94.4,0.0,,94.4,0.0,94.4,none,0,,0.0,94.4,2025-11-07,other,,
T005730,EUR,C00675,P029,Bright Organizer 29,2,15.67,13.32,0.15,WEEKEND15,31.34,4.7,26.64,none,0,,0.0,26.64,2025-11-07,other,,
T005731,EUR,C00504,P006,Active Mat 06,1,104.36,93.92,0.1,LOYALTY10,104.36,10.44,93.92,none,0,,0.0,93.92,2025-11-07,other,,
T005732,EUR,C00797,P005,Bright Organizer 05,1,70.21,70.21,0.0,,70.21,0.0,70.21,full,1,2025-12-03,70.21,0.0,2025-11-08,other,,
T005733,EUR,C00245,P019,Urban Bottle 19,2,61.21,61.21,0.0,,122.42,0.0,122.42,none,0,,0.0,122.42,2025-11-08,other,,
T005734,EUR,C00836,P005,Bright Organizer 05,2,70.21,70.21,0.0,,140.42,0.0,140.42,none,0,,0.0,140.42,2025-11-08,other,,
T005735,EUR,C00586,P014,Active Mat 14,3,55.09,55.09,0.0,,165.27,0.0,165.27,none,0,,0.0,165.27,2025-11-08,other,,
T005736,EUR,C00830,P022,Active Mat 22,1,31.79,30.2,0.05,AUTUMN5,31.79,1.59,30.2,none,0,,0.0,30.2,2025-11-08,marketing_campaign,SEND001496,V010198
T005737,EUR,C00747,P021,Bright Organizer 21,2,91.23,91.23,0.0,,182.46,0.0,182.46,none,0,,0.0,182.46,2025-11-08,other,,
T005738,EUR,C00219,P024,Modern Serum 24,1,66.52,66.52,0.0,,66.52,0.0,66.52,full,1,2025-11-14,66.52,0.0,2025-11-08,other,,
T005739,EUR,C00562,P018,Pure Band 18,1,68.13,68.13,0.0,,68.13,0.0,68.13,none,0,,0.0,68.13,2025-11-08,website,,V004904
T005740,EUR,C00074,P003,Urban Bottle 03,2,105.26,105.26,0.0,,210.52,0.0,210.52,none,0,,0.0,210.52,2025-11-08,other,,
T005741,EUR,C00298,P028,Essential Bag 28,1,98.03,98.03,0.0,,98.03,0.0,98.03,none,0,,0.0,98.03,2025-11-08,other,,
T005742,EUR,C00855,P004,Essential Bag 04,1,83.73,83.73,0.0,,83.73,0.0,83.73,none,0,,0.0,83.73,2025-11-08,other,,
T005743,EUR,C00039,P001,Daily Lamp 01,1,96.68,87.01,0.1,LOYALTY10,96.68,9.67,87.01,full,1,2025-11-30,87.01,0.0,2025-11-08,other,,
T005744,EUR,C00157,P027,Urban Bottle 27,2,102.64,87.24,0.15,WEEKEND15,205.28,30.8,174.48,none,0,,0.0,174.48,2025-11-08,other,,
T005745,EUR,C00426,P014,Active Mat 14,2,55.09,49.58,0.1,GIFT10,110.18,11.02,99.16,none,0,,0.0,99.16,2025-11-08,marketing_campaign,SEND002486,V010344
T005746,EUR,C00249,P018,Pure Band 18,1,68.13,68.13,0.0,,68.13,0.0,68.13,none,0,,0.0,68.13,2025-11-08,other,,
T005747,EUR,C00594,P018,Pure Band 18,2,68.13,68.13,0.0,,136.26,0.0,136.26,none,0,,0.0,136.26,2025-11-09,other,,
T005748,EUR,C00175,P004,Essential Bag 04,1,83.73,83.73,0.0,,83.73,0.0,83.73,none,0,,0.0,83.73,2025-11-09,other,,
T005749,EUR,C00565,P003,Urban Bottle 03,2,105.26,105.26,0.0,,210.52,0.0,210.52,none,0,,0.0,210.52,2025-11-09,other,,
T005750,EUR,C00088,P001,Daily Lamp 01,1,96.68,96.68,0.0,,96.68,0.0,96.68,none,0,,0.0,96.68,2025-11-09,website,,V003378
T005751,EUR,C00403,P028,Essential Bag 28,1,98.03,88.23,0.1,LOYALTY10,98.03,9.8,88.23,none,0,,0.0,88.23,2025-11-09,other,,
T005752,EUR,C00575,P020,Essential Bag 20,2,23.79,20.22,0.15,WEEKEND15,47.58,7.14,40.44,none,0,,0.0,40.44,2025-11-09,other,,
T005753,EUR,C00857,P013,Bright Organizer 13,2,48.36,48.36,0.0,,96.72,0.0,96.72,none,0,,0.0,96.72,2025-11-09,other,,
T005754,EUR,C00356,P015,Calm Cream 15,1,26.81,26.81,0.0,,26.81,0.0,26.81,none,0,,0.0,26.81,2025-11-09,other,,
T005755,EUR,C00972,P016,Modern Serum 16,1,91.2,91.2,0.0,,91.2,0.0,91.2,none,0,,0.0,91.2,2025-11-09,other,,
T005756,EUR,C00606,P028,Essential Bag 28,1,98.03,88.23,0.1,LOYALTY10,98.03,9.8,88.23,none,0,,0.0,88.23,2025-11-09,other,,
T005757,EUR,C00118,P023,Calm Cream 23,2,43.34,43.34,0.0,,86.68,0.0,86.68,none,0,,0.0,86.68,2025-11-09,other,,
T005758,EUR,C00741,P002,Pure Band 02,1,19.22,19.22,0.0,,19.22,0.0,19.22,none,0,,0.0,19.22,2025-11-09,other,,
T005759,EUR,C00964,P004,Essential Bag 04,1,83.73,71.17,0.15,HOLIDAY15,83.73,12.56,71.17,none,0,,0.0,71.17,2025-11-09,marketing_campaign,SEND001435,V010192
T005760,EUR,C00054,P016,Modern Serum 16,1,91.2,82.08,0.1,LOYALTY10,91.2,9.12,82.08,none,0,,0.0,82.08,2025-11-09,other,,
T005761,EUR,C00988,P001,Daily Lamp 01,1,96.68,96.68,0.0,,96.68,0.0,96.68,none,0,,0.0,96.68,2025-11-09,other,,
T005762,EUR,C00529,P016,Modern Serum 16,2,91.2,91.2,0.0,,182.4,0.0,182.4,none,0,,0.0,182.4,2025-11-09,other,,
T005763,EUR,C00861,P022,Active Mat 22,1,31.79,27.02,0.15,HOLIDAY15,31.79,4.77,27.02,none,0,,0.0,27.02,2025-11-09,marketing_campaign,SEND002803,V010379
T005764,EUR,C00551,P018,Pure Band 18,1,68.13,68.13,0.0,,68.13,0.0,68.13,none,0,,0.0,68.13,2025-11-09,other,,
T005765,EUR,C00329,P010,Pure Band 10,1,31.57,31.57,0.0,,31.57,0.0,31.57,none,0,,0.0,31.57,2025-11-09,other,,
T005766,EUR,C00602,P011,Urban Bottle 11,3,58.41,58.41,0.0,,175.23,0.0,175.23,none,0,,0.0,175.23,2025-11-09,other,,
T005767,EUR,C00720,P017,Daily Lamp 17,1,94.4,94.4,0.0,,94.4,0.0,94.4,none,0,,0.0,94.4,2025-11-09,other,,
T005768,EUR,C00605,P011,Urban Bottle 11,1,58.41,58.41,0.0,,58.41,0.0,58.41,none,0,,0.0,58.41,2025-11-09,other,,
T005769,EUR,C00077,P013,Bright Organizer 13,2,48.36,48.36,0.0,,96.72,0.0,96.72,none,0,,0.0,96.72,2025-11-09,website,,V008155
T005770,EUR,C00239,P006,Active Mat 06,1,104.36,104.36,0.0,,104.36,0.0,104.36,none,0,,0.0,104.36,2025-11-09,other,,
T005771,EUR,C00560,P029,Bright Organizer 29,1,15.67,15.67,0.0,,15.67,0.0,15.67,none,0,,0.0,15.67,2025-11-10,website,,V009954
T005772,EUR,C00609,P010,Pure Band 10,1,31.57,31.57,0.0,,31.57,0.0,31.57,full,1,2025-11-18,31.57,0.0,2025-11-10,other,,
T005773,EUR,C00248,P024,Modern Serum 24,1,66.52,66.52,0.0,,66.52,0.0,66.52,none,0,,0.0,66.52,2025-11-10,other,,
T005774,EUR,C00016,P018,Pure Band 18,1,68.13,61.32,0.1,LOYALTY10,68.13,6.81,61.32,full,1,2025-11-22,61.32,0.0,2025-11-10,other,,
T005775,EUR,C00894,P029,Bright Organizer 29,1,15.67,15.67,0.0,,15.67,0.0,15.67,full,1,2025-11-22,15.67,0.0,2025-11-10,other,,
T005776,EUR,C00237,P019,Urban Bottle 19,2,61.21,61.21,0.0,,122.42,0.0,122.42,none,0,,0.0,122.42,2025-11-10,other,,
T005777,EUR,C00811,P011,Urban Bottle 11,1,58.41,58.41,0.0,,58.41,0.0,58.41,none,0,,0.0,58.41,2025-11-10,other,,
T005778,EUR,C00417,P007,Calm Cream 07,1,21.92,21.92,0.0,,21.92,0.0,21.92,none,0,,0.0,21.92,2025-11-10,other,,
T005779,EUR,C00472,P013,Bright Organizer 13,1,48.36,48.36,0.0,,48.36,0.0,48.36,none,0,,0.0,48.36,2025-11-10,other,,
T005780,EUR,C00974,P022,Active Mat 22,1,31.79,28.61,0.1,LOYALTY10,31.79,3.18,28.61,none,0,,0.0,28.61,2025-11-10,other,,
T005781,EUR,C00949,P030,Active Mat 30,3,15.8,15.8,0.0,,47.4,0.0,47.4,none,0,,0.0,47.4,2025-11-10,other,,
T005782,EUR,C00786,P007,Calm Cream 07,4,21.92,21.92,0.0,,87.68,0.0,87.68,none,0,,0.0,87.68,2025-11-10,other,,
T005783,EUR,C00943,P019,Urban Bottle 19,1,61.21,61.21,0.0,,61.21,0.0,61.21,none,0,,0.0,61.21,2025-11-10,other,,
T005784,EUR,C00352,P015,Calm Cream 15,2,26.81,26.81,0.0,,53.62,0.0,53.62,none,0,,0.0,53.62,2025-11-10,other,,
T005785,EUR,C00056,P017,Daily Lamp 17,1,94.4,89.68,0.05,WELCOME5,94.4,4.72,89.68,none,0,,0.0,89.68,2025-11-10,other,,
T005786,EUR,C00486,P011,Urban Bottle 11,2,58.41,52.57,0.1,GIFT10,116.82,11.68,105.14,none,0,,0.0,105.14,2025-11-10,marketing_campaign,SEND005111,V010673
T005787,EUR,C00285,P018,Pure Band 18,2,68.13,68.13,0.0,,136.26,0.0,136.26,none,0,,0.0,136.26,2025-11-10,other,,
T005788,EUR,C00338,P013,Bright Organizer 13,1,48.36,48.36,0.0,,48.36,0.0,48.36,none,0,,0.0,48.36,2025-11-10,other,,
T005789,EUR,C00292,P003,Urban Bottle 03,1,105.26,94.73,0.1,LOYALTY10,105.26,10.53,94.73,full,1,2025-11-28,94.73,0.0,2025-11-10,other,,
T005790,EUR,C00302,P011,Urban Bottle 11,1,58.41,55.49,0.05,WELCOME5,58.41,2.92,55.49,none,0,,0.0,55.49,2025-11-10,other,,
T005791,EUR,C00698,P017,Daily Lamp 17,3,94.4,94.4,0.0,,283.2,0.0,283.2,none,0,,0.0,283.2,2025-11-10,other,,
T005792,EUR,C00916,P012,Essential Bag 12,1,99.7,99.7,0.0,,99.7,0.0,99.7,none,0,,0.0,99.7,2025-11-10,other,,
T005793,EUR,C00747,P014,Active Mat 14,1,55.09,55.09,0.0,,55.09,0.0,55.09,none,0,,0.0,55.09,2025-11-10,other,,
T005794,EUR,C00912,P020,Essential Bag 20,2,23.79,23.79,0.0,,47.58,0.0,47.58,none,0,,0.0,47.58,2025-11-10,other,,
T005795,EUR,C00544,P028,Essential Bag 28,4,98.03,98.03,0.0,,392.12,0.0,392.12,none,0,,0.0,392.12,2025-11-10,other,,
T005796,EUR,C00814,P012,Essential Bag 12,1,99.7,89.73,0.1,LOYALTY10,99.7,9.97,89.73,none,0,,0.0,89.73,2025-11-10,other,,
T005797,EUR,C00616,P010,Pure Band 10,1,31.57,31.57,0.0,,31.57,0.0,31.57,none,0,,0.0,31.57,2025-11-10,other,,
T005798,EUR,C00714,P024,Modern Serum 24,2,66.52,66.52,0.0,,133.04,0.0,133.04,none,0,,0.0,133.04,2025-11-11,other,,
T005799,EUR,C00639,P013,Bright Organizer 13,1,48.36,48.36,0.0,,48.36,0.0,48.36,none,0,,0.0,48.36,2025-11-11,other,,
T005800,EUR,C00060,P017,Daily Lamp 17,1,94.4,94.4,0.0,,94.4,0.0,94.4,none,0,,0.0,94.4,2025-11-11,website,,V005001
T005801,EUR,C00382,P022,Active Mat 22,1,31.79,31.79,0.0,,31.79,0.0,31.79,none,0,,0.0,31.79,2025-11-11,other,,
T005802,EUR,C00043,P016,Modern Serum 16,3,91.2,91.2,0.0,,273.6,0.0,273.6,none,0,,0.0,273.6,2025-11-11,other,,
T005803,EUR,C00701,P025,Daily Lamp 25,1,101.88,86.6,0.15,WEEKEND15,101.88,15.28,86.6,full,1,2025-11-28,86.6,0.0,2025-11-11,other,,
T005804,EUR,C00174,P022,Active Mat 22,3,31.79,31.79,0.0,,95.37,0.0,95.37,none,0,,0.0,95.37,2025-11-11,other,,
T005805,EUR,C00075,P015,Calm Cream 15,1,26.81,26.81,0.0,,26.81,0.0,26.81,full,1,2025-11-12,26.81,0.0,2025-11-11,other,,
T005806,EUR,C00296,P012,Essential Bag 12,1,99.7,84.75,0.15,WEEKEND15,99.7,14.95,84.75,none,0,,0.0,84.75,2025-11-11,other,,
T005807,EUR,C00191,P025,Daily Lamp 25,1,101.88,101.88,0.0,,101.88,0.0,101.88,full,1,2025-11-14,101.88,0.0,2025-11-11,other,,
T005808,EUR,C00746,P006,Active Mat 06,1,104.36,104.36,0.0,,104.36,0.0,104.36,none,0,,0.0,104.36,2025-11-11,other,,
T005809,EUR,C00615,P006,Active Mat 06,1,104.36,88.71,0.15,WEEKEND15,104.36,15.65,88.71,none,0,,0.0,88.71,2025-11-11,other,,
T005810,EUR,C00707,P027,Urban Bottle 27,1,102.64,102.64,0.0,,102.64,0.0,102.64,none,0,,0.0,102.64,2025-11-11,other,,
T005811,EUR,C00007,P020,Essential Bag 20,2,23.79,23.79,0.0,,47.58,0.0,47.58,full,2,2025-11-19,47.58,0.0,2025-11-11,other,,
T005812,EUR,C00458,P003,Urban Bottle 03,2,105.26,94.73,0.1,LOYALTY10,210.52,21.06,189.46,none,0,,0.0,189.46,2025-11-11,other,,
T005813,EUR,C00838,P004,Essential Bag 04,2,83.73,83.73,0.0,,167.46,0.0,167.46,none,0,,0.0,167.46,2025-11-11,other,,
T005814,EUR,C00742,P020,Essential Bag 20,1,23.79,22.6,0.05,WELCOME5,23.79,1.19,22.6,none,0,,0.0,22.6,2025-11-11,other,,
T005815,EUR,C00095,P019,Urban Bottle 19,2,61.21,61.21,0.0,,122.42,0.0,122.42,none,0,,0.0,122.42,2025-11-11,other,,
T005816,EUR,C00028,P019,Urban Bottle 19,1,61.21,58.15,0.05,AUTUMN5,61.21,3.06,58.15,none,0,,0.0,58.15,2025-11-11,marketing_campaign,SEND001808,V010237
T005817,EUR,C00044,P029,Bright Organizer 29,1,15.67,15.67,0.0,,15.67,0.0,15.67,full,1,2025-11-19,15.67,0.0,2025-11-11,other,,
T005818,EUR,C00165,P012,Essential Bag 12,1,99.7,99.7,0.0,,99.7,0.0,99.7,none,0,,0.0,99.7,2025-11-11,other,,
T005819,EUR,C00220,P017,Daily Lamp 17,1,94.4,94.4,0.0,,94.4,0.0,94.4,full,1,2025-11-26,94.4,0.0,2025-11-11,other,,
T005820,EUR,C00973,P004,Essential Bag 04,4,83.73,83.73,0.0,,334.92,0.0,334.92,none,0,,0.0,334.92,2025-11-11,other,,
T005821,EUR,C00283,P018,Pure Band 18,2,68.13,68.13,0.0,,136.26,0.0,136.26,none,0,,0.0,136.26,2025-11-11,other,,
T005822,EUR,C00280,P028,Essential Bag 28,3,98.03,98.03,0.0,,294.09,0.0,294.09,none,0,,0.0,294.09,2025-11-11,other,,
T005823,EUR,C00941,P027,Urban Bottle 27,2,102.64,102.64,0.0,,205.28,0.0,205.28,none,0,,0.0,205.28,2025-11-11,other,,
T005824,EUR,C00594,P026,Pure Band 26,4,23.03,23.03,0.0,,92.12,0.0,92.12,none,0,,0.0,92.12,2025-11-11,website,,V002908
T005825,EUR,C00111,P018,Pure Band 18,1,68.13,68.13,0.0,,68.13,0.0,68.13,none,0,,0.0,68.13,2025-11-12,other,,
T005826,EUR,C00018,P006,Active Mat 06,4,104.36,104.36,0.0,,417.44,0.0,417.44,none,0,,0.0,417.44,2025-11-12,other,,
T005827,EUR,C00308,P023,Calm Cream 23,1,43.34,43.34,0.0,,43.34,0.0,43.34,none,0,,0.0,43.34,2025-11-12,website,,V009988
T005828,EUR,C00731,P030,Active Mat 30,2,15.8,15.8,0.0,,31.6,0.0,31.6,none,0,,0.0,31.6,2025-11-12,other,,
T005829,EUR,C00380,P008,Modern Serum 08,2,76.74,76.74,0.0,,153.48,0.0,153.48,none,0,,0.0,153.48,2025-11-12,other,,
T005830,EUR,C00118,P010,Pure Band 10,1,31.57,31.57,0.0,,31.57,0.0,31.57,none,0,,0.0,31.57,2025-11-12,website,,V000901
T005831,EUR,C00634,P020,Essential Bag 20,1,23.79,23.79,0.0,,23.79,0.0,23.79,none,0,,0.0,23.79,2025-11-12,other,,
T005832,EUR,C00602,P002,Pure Band 02,1,19.22,16.34,0.15,WEEKEND15,19.22,2.88,16.34,none,0,,0.0,16.34,2025-11-12,other,,
T005833,EUR,C00321,P014,Active Mat 14,1,55.09,55.09,0.0,,55.09,0.0,55.09,none,0,,0.0,55.09,2025-11-12,website,,V006583
T005834,EUR,C00425,P026,Pure Band 26,1,23.03,23.03,0.0,,23.03,0.0,23.03,none,0,,0.0,23.03,2025-11-12,other,,
T005835,EUR,C00596,P013,Bright Organizer 13,2,48.36,48.36,0.0,,96.72,0.0,96.72,none,0,,0.0,96.72,2025-11-12,website,,V006272
T005836,EUR,C00507,P004,Essential Bag 04,1,83.73,71.17,0.15,WEEKEND15,83.73,12.56,71.17,none,0,,0.0,71.17,2025-11-12,other,,
T005837,EUR,C00579,P015,Calm Cream 15,2,26.81,24.13,0.1,LOYALTY10,53.62,5.36,48.26,none,0,,0.0,48.26,2025-11-12,other,,
T005838,EUR,C00795,P019,Urban Bottle 19,1,61.21,61.21,0.0,,61.21,0.0,61.21,none,0,,0.0,61.21,2025-11-12,website,,V006017
T005839,EUR,C00502,P030,Active Mat 30,1,15.8,15.8,0.0,,15.8,0.0,15.8,none,0,,0.0,15.8,2025-11-12,other,,
T005840,EUR,C00566,P028,Essential Bag 28,1,98.03,93.13,0.05,WELCOME5,98.03,4.9,93.13,none,0,,0.0,93.13,2025-11-12,website,,V000856
T005841,EUR,C00554,P005,Bright Organizer 05,1,70.21,70.21,0.0,,70.21,0.0,70.21,none,0,,0.0,70.21,2025-11-12,other,,
T005842,EUR,C00317,P019,Urban Bottle 19,2,61.21,52.03,0.15,WEEKEND15,122.42,18.36,104.06,none,0,,0.0,104.06,2025-11-12,other,,
T005843,EUR,C00370,P010,Pure Band 10,2,31.57,31.57,0.0,,63.14,0.0,63.14,none,0,,0.0,63.14,2025-11-12,other,,
T005844,EUR,C00364,P017,Daily Lamp 17,3,94.4,94.4,0.0,,283.2,0.0,283.2,none,0,,0.0,283.2,2025-11-13,other,,
T005845,EUR,C00053,P008,Modern Serum 08,1,76.74,69.07,0.1,LOYALTY10,76.74,7.67,69.07,none,0,,0.0,69.07,2025-11-13,website,,V009880
T005846,EUR,C00610,P017,Daily Lamp 17,1,94.4,94.4,0.0,,94.4,0.0,94.4,none,0,,0.0,94.4,2025-11-13,other,,
T005847,EUR,C00527,P026,Pure Band 26,1,23.03,23.03,0.0,,23.03,0.0,23.03,none,0,,0.0,23.03,2025-11-13,website,,V003287
T005848,EUR,C00738,P016,Modern Serum 16,1,91.2,82.08,0.1,LOYALTY10,91.2,9.12,82.08,none,0,,0.0,82.08,2025-11-13,other,,
T005849,EUR,C00372,P004,Essential Bag 04,1,83.73,83.73,0.0,,83.73,0.0,83.73,none,0,,0.0,83.73,2025-11-13,website,,V000175
T005850,EUR,C00544,P009,Daily Lamp 09,1,27.05,27.05,0.0,,27.05,0.0,27.05,none,0,,0.0,27.05,2025-11-13,other,,
T005851,EUR,C00047,P001,Daily Lamp 01,3,96.68,96.68,0.0,,290.04,0.0,290.04,none,0,,0.0,290.04,2025-11-13,other,,
T005852,EUR,C00010,P007,Calm Cream 07,1,21.92,21.92,0.0,,21.92,0.0,21.92,none,0,,0.0,21.92,2025-11-13,website,,V001521
T005853,EUR,C00569,P013,Bright Organizer 13,4,48.36,45.94,0.05,WELCOME5,193.44,9.68,183.76,none,0,,0.0,183.76,2025-11-13,website,,V006485
T005854,EUR,C00583,P024,Modern Serum 24,1,66.52,66.52,0.0,,66.52,0.0,66.52,none,0,,0.0,66.52,2025-11-13,other,,
T005855,EUR,C00073,P025,Daily Lamp 25,1,101.88,86.6,0.15,WEEKEND15,101.88,15.28,86.6,none,0,,0.0,86.6,2025-11-13,other,,
T005856,EUR,C00774,P023,Calm Cream 23,2,43.34,43.34,0.0,,86.68,0.0,86.68,none,0,,0.0,86.68,2025-11-14,other,,
T005857,EUR,C00402,P009,Daily Lamp 09,1,27.05,27.05,0.0,,27.05,0.0,27.05,none,0,,0.0,27.05,2025-11-14,other,,
T005858,EUR,C00939,P016,Modern Serum 16,1,91.2,91.2,0.0,,91.2,0.0,91.2,none,0,,0.0,91.2,2025-11-14,other,,
T005859,EUR,C00468,P017,Daily Lamp 17,1,94.4,80.24,0.15,HOLIDAY15,94.4,14.16,80.24,none,0,,0.0,80.24,2025-11-14,marketing_campaign,SEND001967,V010261
T005860,EUR,C00633,P004,Essential Bag 04,1,83.73,83.73,0.0,,83.73,0.0,83.73,none,0,,0.0,83.73,2025-11-14,other,,
T005861,EUR,C00391,P008,Modern Serum 08,1,76.74,76.74,0.0,,76.74,0.0,76.74,none,0,,0.0,76.74,2025-11-14,other,,
T005862,EUR,C00940,P013,Bright Organizer 13,1,48.36,48.36,0.0,,48.36,0.0,48.36,none,0,,0.0,48.36,2025-11-14,other,,
T005863,EUR,C00724,P019,Urban Bottle 19,1,61.21,58.15,0.05,WELCOME5,61.21,3.06,58.15,none,0,,0.0,58.15,2025-11-14,other,,
T005864,EUR,C00734,P012,Essential Bag 12,1,99.7,99.7,0.0,,99.7,0.0,99.7,none,0,,0.0,99.7,2025-11-14,other,,
T005865,EUR,C00516,P005,Bright Organizer 05,2,70.21,70.21,0.0,,140.42,0.0,140.42,none,0,,0.0,140.42,2025-11-14,other,,
T005866,EUR,C00697,P028,Essential Bag 28,1,98.03,88.23,0.1,LOYALTY10,98.03,9.8,88.23,none,0,,0.0,88.23,2025-11-14,other,,
T005867,EUR,C00615,P017,Daily Lamp 17,3,94.4,94.4,0.0,,283.2,0.0,283.2,none,0,,0.0,283.2,2025-11-14,other,,
T005868,EUR,C00824,P028,Essential Bag 28,1,98.03,98.03,0.0,,98.03,0.0,98.03,none,0,,0.0,98.03,2025-11-14,other,,
T005869,EUR,C00770,P016,Modern Serum 16,1,91.2,91.2,0.0,,91.2,0.0,91.2,none,0,,0.0,91.2,2025-11-14,other,,
T005870,EUR,C00673,P024,Modern Serum 24,1,66.52,63.19,0.05,WELCOME5,66.52,3.33,63.19,none,0,,0.0,63.19,2025-11-14,website,,V000745
T005871,EUR,C00052,P026,Pure Band 26,1,23.03,23.03,0.0,,23.03,0.0,23.03,none,0,,0.0,23.03,2025-11-14,other,,
T005872,EUR,C00902,P021,Bright Organizer 21,1,91.23,91.23,0.0,,91.23,0.0,91.23,none,0,,0.0,91.23,2025-11-14,other,,
T005873,EUR,C00888,P001,Daily Lamp 01,1,96.68,96.68,0.0,,96.68,0.0,96.68,none,0,,0.0,96.68,2025-11-15,other,,
T005874,EUR,C00048,P024,Modern Serum 24,2,66.52,66.52,0.0,,133.04,0.0,133.04,none,0,,0.0,133.04,2025-11-15,other,,
T005875,EUR,C00775,P017,Daily Lamp 17,3,94.4,94.4,0.0,,283.2,0.0,283.2,none,0,,0.0,283.2,2025-11-15,other,,
T005876,EUR,C00501,P016,Modern Serum 16,1,91.2,91.2,0.0,,91.2,0.0,91.2,none,0,,0.0,91.2,2025-11-15,other,,
T005877,EUR,C00545,P005,Bright Organizer 05,1,70.21,63.19,0.1,GIFT10,70.21,7.02,63.19,none,0,,0.0,63.19,2025-11-15,marketing_campaign,SEND005693,V010752
T005878,EUR,C00705,P025,Daily Lamp 25,1,101.88,96.79,0.05,WELCOME5,101.88,5.09,96.79,none,0,,0.0,96.79,2025-11-16,other,,
T005879,EUR,C00011,P026,Pure Band 26,1,23.03,23.03,0.0,,23.03,0.0,23.03,none,0,,0.0,23.03,2025-11-16,other,,
T005880,EUR,C00975,P016,Modern Serum 16,1,91.2,91.2,0.0,,91.2,0.0,91.2,none,0,,0.0,91.2,2025-11-16,other,,
T005881,EUR,C00206,P024,Modern Serum 24,1,66.52,66.52,0.0,,66.52,0.0,66.52,none,0,,0.0,66.52,2025-11-16,other,,
T005882,EUR,C00810,P011,Urban Bottle 11,1,58.41,58.41,0.0,,58.41,0.0,58.41,none,0,,0.0,58.41,2025-11-16,other,,
T005883,EUR,C00368,P011,Urban Bottle 11,4,58.41,58.41,0.0,,233.64,0.0,233.64,none,0,,0.0,233.64,2025-11-16,website,,V008000
T005884,EUR,C00767,P015,Calm Cream 15,1,26.81,26.81,0.0,,26.81,0.0,26.81,none,0,,0.0,26.81,2025-11-16,other,,
T005885,EUR,C00378,P009,Daily Lamp 09,1,27.05,25.7,0.05,WELCOME5,27.05,1.35,25.7,none,0,,0.0,25.7,2025-11-16,other,,
T005886,EUR,C00808,P027,Urban Bottle 27,1,102.64,102.64,0.0,,102.64,0.0,102.64,none,0,,0.0,102.64,2025-11-16,other,,
T005887,EUR,C00601,P006,Active Mat 06,1,104.36,104.36,0.0,,104.36,0.0,104.36,none,0,,0.0,104.36,2025-11-16,website,,V000656
T005888,EUR,C00910,P012,Essential Bag 12,1,99.7,89.73,0.1,LOYALTY10,99.7,9.97,89.73,none,0,,0.0,89.73,2025-11-16,website,,V003432
T005889,EUR,C00099,P010,Pure Band 10,2,31.57,31.57,0.0,,63.14,0.0,63.14,none,0,,0.0,63.14,2025-11-16,other,,
T005890,EUR,C00493,P008,Modern Serum 08,1,76.74,76.74,0.0,,76.74,0.0,76.74,none,0,,0.0,76.74,2025-11-16,other,,
T005891,EUR,C00053,P025,Daily Lamp 25,1,101.88,101.88,0.0,,101.88,0.0,101.88,none,0,,0.0,101.88,2025-11-16,other,,
T005892,EUR,C00362,P012,Essential Bag 12,1,99.7,99.7,0.0,,99.7,0.0,99.7,none,0,,0.0,99.7,2025-11-16,website,,V002381
T005893,EUR,C00055,P013,Bright Organizer 13,1,48.36,48.36,0.0,,48.36,0.0,48.36,none,0,,0.0,48.36,2025-11-16,other,,
T005894,EUR,C00420,P019,Urban Bottle 19,2,61.21,61.21,0.0,,122.42,0.0,122.42,none,0,,0.0,122.42,2025-11-16,other,,
T005895,EUR,C00928,P013,Bright Organizer 13,1,48.36,48.36,0.0,,48.36,0.0,48.36,none,0,,0.0,48.36,2025-11-16,website,,V007774
T005896,EUR,C00476,P026,Pure Band 26,1,23.03,23.03,0.0,,23.03,0.0,23.03,none,0,,0.0,23.03,2025-11-17,other,,
T005897,EUR,C00812,P006,Active Mat 06,1,104.36,104.36,0.0,,104.36,0.0,104.36,none,0,,0.0,104.36,2025-11-17,other,,
T005898,EUR,C00069,P029,Bright Organizer 29,1,15.67,15.67,0.0,,15.67,0.0,15.67,none,0,,0.0,15.67,2025-11-17,website,,V007021
T005899,EUR,C00836,P030,Active Mat 30,1,15.8,14.22,0.1,LOYALTY10,15.8,1.58,14.22,none,0,,0.0,14.22,2025-11-17,other,,
T005900,EUR,C00927,P021,Bright Organizer 21,1,91.23,91.23,0.0,,91.23,0.0,91.23,none,0,,0.0,91.23,2025-11-17,other,,
T005901,EUR,C00835,P013,Bright Organizer 13,1,48.36,48.36,0.0,,48.36,0.0,48.36,none,0,,0.0,48.36,2025-11-17,website,,V001569
T005902,EUR,C00079,P015,Calm Cream 15,3,26.81,24.13,0.1,LOYALTY10,80.43,8.04,72.39,none,0,,0.0,72.39,2025-11-17,other,,
T005903,EUR,C00515,P019,Urban Bottle 19,1,61.21,61.21,0.0,,61.21,0.0,61.21,none,0,,0.0,61.21,2025-11-17,other,,
T005904,EUR,C00542,P013,Bright Organizer 13,1,48.36,48.36,0.0,,48.36,0.0,48.36,none,0,,0.0,48.36,2025-11-17,other,,
T005905,EUR,C00362,P013,Bright Organizer 13,1,48.36,43.52,0.1,LOYALTY10,48.36,4.84,43.52,none,0,,0.0,43.52,2025-11-17,other,,
T005906,EUR,C00561,P012,Essential Bag 12,3,99.7,99.7,0.0,,299.1,0.0,299.1,partial,2,2025-12-16,199.4,99.7,2025-11-17,other,,
T005907,EUR,C00424,P015,Calm Cream 15,2,26.81,22.79,0.15,HOLIDAY15,53.62,8.04,45.58,none,0,,0.0,45.58,2025-11-17,marketing_campaign,SEND003005,V010405
T005908,EUR,C00003,P001,Daily Lamp 01,1,96.68,96.68,0.0,,96.68,0.0,96.68,none,0,,0.0,96.68,2025-11-17,other,,
T005909,EUR,C00032,P029,Bright Organizer 29,2,15.67,15.67,0.0,,31.34,0.0,31.34,none,0,,0.0,31.34,2025-11-17,other,,
T005910,EUR,C00431,P019,Urban Bottle 19,1,61.21,61.21,0.0,,61.21,0.0,61.21,none,0,,0.0,61.21,2025-11-17,other,,
T005911,EUR,C00772,P005,Bright Organizer 05,1,70.21,70.21,0.0,,70.21,0.0,70.21,none,0,,0.0,70.21,2025-11-17,other,,
T005912,EUR,C00752,P021,Bright Organizer 21,2,91.23,91.23,0.0,,182.46,0.0,182.46,none,0,,0.0,182.46,2025-11-17,other,,
T005913,EUR,C00471,P021,Bright Organizer 21,2,91.23,91.23,0.0,,182.46,0.0,182.46,none,0,,0.0,182.46,2025-11-17,website,,V005590
T005914,EUR,C00604,P029,Bright Organizer 29,1,15.67,14.89,0.05,WELCOME5,15.67,0.78,14.89,none,0,,0.0,14.89,2025-11-17,other,,
T005915,EUR,C00246,P003,Urban Bottle 03,1,105.26,105.26,0.0,,105.26,0.0,105.26,none,0,,0.0,105.26,2025-11-17,other,,
T005916,EUR,C00527,P023,Calm Cream 23,1,43.34,41.17,0.05,WELCOME5,43.34,2.17,41.17,none,0,,0.0,41.17,2025-11-17,other,,
T005917,EUR,C00696,P029,Bright Organizer 29,2,15.67,15.67,0.0,,31.34,0.0,31.34,none,0,,0.0,31.34,2025-11-17,other,,
T005918,EUR,C00235,P020,Essential Bag 20,1,23.79,23.79,0.0,,23.79,0.0,23.79,none,0,,0.0,23.79,2025-11-17,other,,
T005919,EUR,C00221,P010,Pure Band 10,1,31.57,31.57,0.0,,31.57,0.0,31.57,none,0,,0.0,31.57,2025-11-17,website,,V003411
T005920,EUR,C00740,P030,Active Mat 30,1,15.8,15.8,0.0,,15.8,0.0,15.8,none,0,,0.0,15.8,2025-11-18,other,,
T005921,EUR,C00156,P017,Daily Lamp 17,2,94.4,94.4,0.0,,188.8,0.0,188.8,none,0,,0.0,188.8,2025-11-18,other,,
T005922,EUR,C00145,P027,Urban Bottle 27,2,102.64,92.38,0.1,GIFT10,205.28,20.52,184.76,none,0,,0.0,184.76,2025-11-18,marketing_campaign,SEND004234,V010553
T005923,EUR,C00257,P028,Essential Bag 28,1,98.03,88.23,0.1,GIFT10,98.03,9.8,88.23,none,0,,0.0,88.23,2025-11-18,marketing_campaign,SEND000906,V010114
T005924,EUR,C00124,P028,Essential Bag 28,1,98.03,88.23,0.1,LOYALTY10,98.03,9.8,88.23,none,0,,0.0,88.23,2025-11-18,other,,
T005925,EUR,C00687,P015,Calm Cream 15,3,26.81,26.81,0.0,,80.43,0.0,80.43,none,0,,0.0,80.43,2025-11-18,other,,
T005926,EUR,C00654,P022,Active Mat 22,1,31.79,31.79,0.0,,31.79,0.0,31.79,none,0,,0.0,31.79,2025-11-18,other,,
T005927,EUR,C00125,P017,Daily Lamp 17,1,94.4,84.96,0.1,LOYALTY10,94.4,9.44,84.96,none,0,,0.0,84.96,2025-11-18,website,,V007570
T005928,EUR,C00319,P005,Bright Organizer 05,3,70.21,70.21,0.0,,210.63,0.0,210.63,none,0,,0.0,210.63,2025-11-18,other,,
T005929,EUR,C00615,P009,Daily Lamp 09,2,27.05,25.7,0.05,WELCOME5,54.1,2.7,51.4,none,0,,0.0,51.4,2025-11-18,other,,
T005930,EUR,C00415,P012,Essential Bag 12,1,99.7,99.7,0.0,,99.7,0.0,99.7,none,0,,0.0,99.7,2025-11-19,other,,
T005931,EUR,C00767,P002,Pure Band 02,3,19.22,19.22,0.0,,57.66,0.0,57.66,none,0,,0.0,57.66,2025-11-19,other,,
T005932,EUR,C00955,P001,Daily Lamp 01,1,96.68,96.68,0.0,,96.68,0.0,96.68,none,0,,0.0,96.68,2025-11-19,other,,
T005933,EUR,C00718,P025,Daily Lamp 25,2,101.88,101.88,0.0,,203.76,0.0,203.76,none,0,,0.0,203.76,2025-11-19,other,,
T005934,EUR,C01000,P011,Urban Bottle 11,2,58.41,49.65,0.15,WEEKEND15,116.82,17.52,99.3,none,0,,0.0,99.3,2025-11-19,other,,
T005935,EUR,C00710,P001,Daily Lamp 01,1,96.68,96.68,0.0,,96.68,0.0,96.68,none,0,,0.0,96.68,2025-11-19,website,,V005290
T005936,EUR,C00643,P002,Pure Band 02,2,19.22,19.22,0.0,,38.44,0.0,38.44,none,0,,0.0,38.44,2025-11-19,other,,
T005937,EUR,C00542,P023,Calm Cream 23,1,43.34,43.34,0.0,,43.34,0.0,43.34,none,0,,0.0,43.34,2025-11-19,other,,
T005938,EUR,C00594,P028,Essential Bag 28,1,98.03,98.03,0.0,,98.03,0.0,98.03,full,1,2025-11-26,98.03,0.0,2025-11-19,website,,V004500
T005939,EUR,C00010,P021,Bright Organizer 21,1,91.23,91.23,0.0,,91.23,0.0,91.23,none,0,,0.0,91.23,2025-11-19,other,,
T005940,EUR,C00681,P013,Bright Organizer 13,2,48.36,48.36,0.0,,96.72,0.0,96.72,none,0,,0.0,96.72,2025-11-19,other,,
T005941,EUR,C00754,P009,Daily Lamp 09,1,27.05,27.05,0.0,,27.05,0.0,27.05,none,0,,0.0,27.05,2025-11-19,other,,
T005942,EUR,C00813,P027,Urban Bottle 27,1,102.64,102.64,0.0,,102.64,0.0,102.64,none,0,,0.0,102.64,2025-11-19,other,,
T005943,EUR,C00868,P001,Daily Lamp 01,1,96.68,96.68,0.0,,96.68,0.0,96.68,none,0,,0.0,96.68,2025-11-19,other,,
T005944,EUR,C00584,P001,Daily Lamp 01,1,96.68,96.68,0.0,,96.68,0.0,96.68,none,0,,0.0,96.68,2025-11-20,website,,V009102
T005945,EUR,C00060,P030,Active Mat 30,1,15.8,15.8,0.0,,15.8,0.0,15.8,none,0,,0.0,15.8,2025-11-20,website,,V007162
T005946,EUR,C00859,P027,Urban Bottle 27,1,102.64,97.51,0.05,WELCOME5,102.64,5.13,97.51,none,0,,0.0,97.51,2025-11-20,other,,
T005947,EUR,C00931,P029,Bright Organizer 29,1,15.67,15.67,0.0,,15.67,0.0,15.67,none,0,,0.0,15.67,2025-11-20,other,,
T005948,EUR,C00862,P007,Calm Cream 07,1,21.92,21.92,0.0,,21.92,0.0,21.92,none,0,,0.0,21.92,2025-11-20,website,,V005396
T005949,EUR,C00887,P015,Calm Cream 15,1,26.81,22.79,0.15,WEEKEND15,26.81,4.02,22.79,full,1,2025-12-13,22.79,0.0,2025-11-20,other,,
T005950,EUR,C00895,P030,Active Mat 30,1,15.8,15.8,0.0,,15.8,0.0,15.8,none,0,,0.0,15.8,2025-11-20,other,,
T005951,EUR,C00988,P017,Daily Lamp 17,1,94.4,80.24,0.15,WEEKEND15,94.4,14.16,80.24,none,0,,0.0,80.24,2025-11-20,website,,V006346
T005952,EUR,C00044,P011,Urban Bottle 11,1,58.41,58.41,0.0,,58.41,0.0,58.41,none,0,,0.0,58.41,2025-11-20,other,,
T005953,EUR,C00052,P001,Daily Lamp 01,1,96.68,96.68,0.0,,96.68,0.0,96.68,none,0,,0.0,96.68,2025-11-20,other,,
T005954,EUR,C00583,P001,Daily Lamp 01,1,96.68,96.68,0.0,,96.68,0.0,96.68,none,0,,0.0,96.68,2025-11-20,other,,
T005955,EUR,C00714,P010,Pure Band 10,3,31.57,31.57,0.0,,94.71,0.0,94.71,none,0,,0.0,94.71,2025-11-20,other,,
T005956,EUR,C00718,P030,Active Mat 30,1,15.8,15.01,0.05,WELCOME5,15.8,0.79,15.01,none,0,,0.0,15.01,2025-11-21,other,,
T005957,EUR,C00854,P005,Bright Organizer 05,1,70.21,70.21,0.0,,70.21,0.0,70.21,none,0,,0.0,70.21,2025-11-21,other,,
T005958,EUR,C00584,P008,Modern Serum 08,1,76.74,76.74,0.0,,76.74,0.0,76.74,none,0,,0.0,76.74,2025-11-21,other,,
T005959,EUR,C00035,P001,Daily Lamp 01,1,96.68,96.68,0.0,,96.68,0.0,96.68,none,0,,0.0,96.68,2025-11-21,other,,
T005960,EUR,C00386,P001,Daily Lamp 01,3,96.68,96.68,0.0,,290.04,0.0,290.04,none,0,,0.0,290.04,2025-11-21,other,,
T005961,EUR,C00639,P003,Urban Bottle 03,2,105.26,100.0,0.05,WELCOME5,210.52,10.52,200.0,none,0,,0.0,200.0,2025-11-21,other,,
T005962,EUR,C00500,P009,Daily Lamp 09,1,27.05,27.05,0.0,,27.05,0.0,27.05,none,0,,0.0,27.05,2025-11-21,other,,
T005963,EUR,C00153,P020,Essential Bag 20,1,23.79,23.79,0.0,,23.79,0.0,23.79,none,0,,0.0,23.79,2025-11-21,website,,V009578
T005964,EUR,C00313,P005,Bright Organizer 05,1,70.21,70.21,0.0,,70.21,0.0,70.21,none,0,,0.0,70.21,2025-11-21,other,,
T005965,EUR,C00988,P011,Urban Bottle 11,1,58.41,58.41,0.0,,58.41,0.0,58.41,none,0,,0.0,58.41,2025-11-21,other,,
T005966,EUR,C00902,P013,Bright Organizer 13,1,48.36,48.36,0.0,,48.36,0.0,48.36,none,0,,0.0,48.36,2025-11-21,other,,
T005967,EUR,C00169,P023,Calm Cream 23,2,43.34,43.34,0.0,,86.68,0.0,86.68,none,0,,0.0,86.68,2025-11-21,other,,
T005968,EUR,C00356,P008,Modern Serum 08,2,76.74,76.74,0.0,,153.48,0.0,153.48,none,0,,0.0,153.48,2025-11-21,other,,
T005969,EUR,C00880,P005,Bright Organizer 05,2,70.21,70.21,0.0,,140.42,0.0,140.42,full,2,2025-12-16,140.42,0.0,2025-11-21,other,,
T005970,EUR,C00914,P029,Bright Organizer 29,2,15.67,13.32,0.15,WEEKEND15,31.34,4.7,26.64,none,0,,0.0,26.64,2025-11-21,other,,
T005971,EUR,C00759,P017,Daily Lamp 17,1,94.4,84.96,0.1,LOYALTY10,94.4,9.44,84.96,none,0,,0.0,84.96,2025-11-21,website,,V006275
T005972,EUR,C00649,P005,Bright Organizer 05,1,70.21,70.21,0.0,,70.21,0.0,70.21,full,1,2025-12-08,70.21,0.0,2025-11-21,other,,
T005973,EUR,C00326,P024,Modern Serum 24,2,66.52,63.19,0.05,WELCOME5,133.04,6.66,126.38,none,0,,0.0,126.38,2025-11-22,other,,
T005974,EUR,C00864,P010,Pure Band 10,1,31.57,31.57,0.0,,31.57,0.0,31.57,none,0,,0.0,31.57,2025-11-22,other,,
T005975,EUR,C00686,P007,Calm Cream 07,1,21.92,21.92,0.0,,21.92,0.0,21.92,none,0,,0.0,21.92,2025-11-22,other,,
T005976,EUR,C00818,P028,Essential Bag 28,1,98.03,98.03,0.0,,98.03,0.0,98.03,full,1,2025-12-07,98.03,0.0,2025-11-22,other,,
T005977,EUR,C00569,P013,Bright Organizer 13,2,48.36,48.36,0.0,,96.72,0.0,96.72,none,0,,0.0,96.72,2025-11-22,other,,
T005978,EUR,C00722,P030,Active Mat 30,1,15.8,15.8,0.0,,15.8,0.0,15.8,none,0,,0.0,15.8,2025-11-22,other,,
T005979,EUR,C00138,P010,Pure Band 10,3,31.57,31.57,0.0,,94.71,0.0,94.71,none,0,,0.0,94.71,2025-11-22,other,,
T005980,EUR,C00427,P025,Daily Lamp 25,1,101.88,96.79,0.05,WELCOME5,101.88,5.09,96.79,none,0,,0.0,96.79,2025-11-22,other,,
T005981,EUR,C00722,P010,Pure Band 10,1,31.57,31.57,0.0,,31.57,0.0,31.57,none,0,,0.0,31.57,2025-11-22,website,,V000592
T005982,EUR,C00162,P020,Essential Bag 20,1,23.79,23.79,0.0,,23.79,0.0,23.79,none,0,,0.0,23.79,2025-11-22,other,,
T005983,EUR,C00267,P001,Daily Lamp 01,1,96.68,96.68,0.0,,96.68,0.0,96.68,none,0,,0.0,96.68,2025-11-22,other,,
T005984,EUR,C00630,P028,Essential Bag 28,1,98.03,98.03,0.0,,98.03,0.0,98.03,none,0,,0.0,98.03,2025-11-22,other,,
T005985,EUR,C00006,P012,Essential Bag 12,1,99.7,99.7,0.0,,99.7,0.0,99.7,none,0,,0.0,99.7,2025-11-22,other,,
T005986,EUR,C00342,P013,Bright Organizer 13,1,48.36,41.11,0.15,WEEKEND15,48.36,7.25,41.11,none,0,,0.0,41.11,2025-11-22,other,,
T005987,EUR,C00956,P010,Pure Band 10,3,31.57,31.57,0.0,,94.71,0.0,94.71,none,0,,0.0,94.71,2025-11-23,other,,
T005988,EUR,C00467,P009,Daily Lamp 09,1,27.05,27.05,0.0,,27.05,0.0,27.05,none,0,,0.0,27.05,2025-11-23,other,,
T005989,EUR,C00310,P020,Essential Bag 20,2,23.79,23.79,0.0,,47.58,0.0,47.58,none,0,,0.0,47.58,2025-11-23,other,,
T005990,EUR,C00896,P009,Daily Lamp 09,1,27.05,27.05,0.0,,27.05,0.0,27.05,none,0,,0.0,27.05,2025-11-23,website,,V009232
T005991,EUR,C00393,P025,Daily Lamp 25,1,101.88,91.69,0.1,LOYALTY10,101.88,10.19,91.69,none,0,,0.0,91.69,2025-11-23,website,,V007229
T005992,EUR,C00406,P001,Daily Lamp 01,1,96.68,87.01,0.1,LOYALTY10,96.68,9.67,87.01,none,0,,0.0,87.01,2025-11-23,other,,
T005993,EUR,C00218,P017,Daily Lamp 17,1,94.4,89.68,0.05,WELCOME5,94.4,4.72,89.68,none,0,,0.0,89.68,2025-11-23,other,,
T005994,EUR,C00808,P013,Bright Organizer 13,1,48.36,48.36,0.0,,48.36,0.0,48.36,none,0,,0.0,48.36,2025-11-23,website,,V006460
T005995,EUR,C00728,P002,Pure Band 02,1,19.22,18.26,0.05,WELCOME5,19.22,0.96,18.26,none,0,,0.0,18.26,2025-11-23,other,,
T005996,EUR,C00181,P003,Urban Bottle 03,2,105.26,105.26,0.0,,210.52,0.0,210.52,none,0,,0.0,210.52,2025-11-23,website,,V001535
T005997,EUR,C00856,P022,Active Mat 22,4,31.79,31.79,0.0,,127.16,0.0,127.16,none,0,,0.0,127.16,2025-11-23,other,,
T005998,EUR,C00306,P029,Bright Organizer 29,1,15.67,14.89,0.05,WELCOME5,15.67,0.78,14.89,none,0,,0.0,14.89,2025-11-24,website,,V005651
T005999,EUR,C00633,P022,Active Mat 22,1,31.79,31.79,0.0,,31.79,0.0,31.79,none,0,,0.0,31.79,2025-11-24,website,,V007844
T006000,EUR,C00159,P015,Calm Cream 15,2,26.81,24.13,0.1,LOYALTY10,53.62,5.36,48.26,none,0,,0.0,48.26,2025-11-24,other,,
T006001,EUR,C00468,P009,Daily Lamp 09,1,27.05,27.05,0.0,,27.05,0.0,27.05,none,0,,0.0,27.05,2025-11-24,other,,
T006002,EUR,C00485,P025,Daily Lamp 25,1,101.88,101.88,0.0,,101.88,0.0,101.88,none,0,,0.0,101.88,2025-11-24,other,,
T006003,EUR,C00446,P012,Essential Bag 12,1,99.7,99.7,0.0,,99.7,0.0,99.7,none,0,,0.0,99.7,2025-11-24,other,,
T006004,EUR,C00282,P021,Bright Organizer 21,3,91.23,82.11,0.1,LOYALTY10,273.69,27.36,246.33,none,0,,0.0,246.33,2025-11-24,other,,
T006005,EUR,C00202,P020,Essential Bag 20,1,23.79,23.79,0.0,,23.79,0.0,23.79,none,0,,0.0,23.79,2025-11-24,website,,V003288
T006006,EUR,C00456,P017,Daily Lamp 17,1,94.4,94.4,0.0,,94.4,0.0,94.4,none,0,,0.0,94.4,2025-11-24,website,,V008965
T006007,EUR,C00166,P020,Essential Bag 20,2,23.79,23.79,0.0,,47.58,0.0,47.58,none,0,,0.0,47.58,2025-11-24,other,,
T006008,EUR,C00624,P017,Daily Lamp 17,1,94.4,94.4,0.0,,94.4,0.0,94.4,full,1,2025-12-18,94.4,0.0,2025-11-24,other,,
T006009,EUR,C00147,P028,Essential Bag 28,1,98.03,98.03,0.0,,98.03,0.0,98.03,full,1,2025-11-26,98.03,0.0,2025-11-24,other,,
T006010,EUR,C00416,P022,Active Mat 22,2,31.79,31.79,0.0,,63.58,0.0,63.58,none,0,,0.0,63.58,2025-11-24,other,,
T006011,EUR,C00063,P003,Urban Bottle 03,1,105.26,105.26,0.0,,105.26,0.0,105.26,none,0,,0.0,105.26,2025-11-24,other,,
T006012,EUR,C00998,P009,Daily Lamp 09,1,27.05,27.05,0.0,,27.05,0.0,27.05,none,0,,0.0,27.05,2025-11-24,other,,
T006013,EUR,C00293,P013,Bright Organizer 13,1,48.36,43.52,0.1,LOYALTY10,48.36,4.84,43.52,none,0,,0.0,43.52,2025-11-24,other,,
T006014,EUR,C00516,P020,Essential Bag 20,1,23.79,23.79,0.0,,23.79,0.0,23.79,none,0,,0.0,23.79,2025-11-25,other,,
T006015,EUR,C00437,P013,Bright Organizer 13,1,48.36,48.36,0.0,,48.36,0.0,48.36,none,0,,0.0,48.36,2025-11-25,other,,
T006016,EUR,C00966,P025,Daily Lamp 25,2,101.88,101.88,0.0,,203.76,0.0,203.76,partial,1,2025-11-27,101.88,101.88,2025-11-25,other,,
T006017,EUR,C00168,P020,Essential Bag 20,2,23.79,23.79,0.0,,47.58,0.0,47.58,partial,1,2025-12-25,23.79,23.79,2025-11-25,other,,
T006018,EUR,C00234,P021,Bright Organizer 21,1,91.23,91.23,0.0,,91.23,0.0,91.23,none,0,,0.0,91.23,2025-11-25,other,,
T006019,EUR,C00548,P009,Daily Lamp 09,1,27.05,22.99,0.15,WEEKEND15,27.05,4.06,22.99,none,0,,0.0,22.99,2025-11-25,website,,V008102
T006020,EUR,C00366,P002,Pure Band 02,1,19.22,17.3,0.1,GIFT10,19.22,1.92,17.3,none,0,,0.0,17.3,2025-11-25,marketing_campaign,SEND006329,V010832
T006021,EUR,C00826,P003,Urban Bottle 03,1,105.26,105.26,0.0,,105.26,0.0,105.26,none,0,,0.0,105.26,2025-11-25,other,,
T006022,EUR,C00967,P020,Essential Bag 20,1,23.79,20.22,0.15,WEEKEND15,23.79,3.57,20.22,none,0,,0.0,20.22,2025-11-25,other,,
T006023,EUR,C00185,P017,Daily Lamp 17,1,94.4,94.4,0.0,,94.4,0.0,94.4,none,0,,0.0,94.4,2025-11-25,website,,V001157
T006024,EUR,C00092,P017,Daily Lamp 17,1,94.4,80.24,0.15,HOLIDAY15,94.4,14.16,80.24,none,0,,0.0,80.24,2025-11-25,marketing_campaign,SEND000225,V010029
T006025,EUR,C00679,P025,Daily Lamp 25,2,101.88,101.88,0.0,,203.76,0.0,203.76,none,0,,0.0,203.76,2025-11-25,other,,
T006026,EUR,C00412,P003,Urban Bottle 03,2,105.26,105.26,0.0,,210.52,0.0,210.52,none,0,,0.0,210.52,2025-11-25,other,,
T006027,EUR,C00528,P028,Essential Bag 28,1,98.03,98.03,0.0,,98.03,0.0,98.03,full,1,2025-12-25,98.03,0.0,2025-11-26,other,,
T006028,EUR,C00795,P008,Modern Serum 08,1,76.74,76.74,0.0,,76.74,0.0,76.74,none,0,,0.0,76.74,2025-11-26,other,,
T006029,EUR,C00059,P002,Pure Band 02,2,19.22,19.22,0.0,,38.44,0.0,38.44,none,0,,0.0,38.44,2025-11-26,other,,
T006030,EUR,C00417,P025,Daily Lamp 25,1,101.88,101.88,0.0,,101.88,0.0,101.88,none,0,,0.0,101.88,2025-11-26,other,,
T006031,EUR,C00253,P026,Pure Band 26,2,23.03,23.03,0.0,,46.06,0.0,46.06,none,0,,0.0,46.06,2025-11-26,other,,
T006032,EUR,C00182,P029,Bright Organizer 29,1,15.67,15.67,0.0,,15.67,0.0,15.67,none,0,,0.0,15.67,2025-11-26,other,,
T006033,EUR,C00160,P030,Active Mat 30,2,15.8,15.8,0.0,,31.6,0.0,31.6,none,0,,0.0,31.6,2025-11-26,other,,
T006034,EUR,C00685,P013,Bright Organizer 13,2,48.36,48.36,0.0,,96.72,0.0,96.72,none,0,,0.0,96.72,2025-11-26,other,,
T006035,EUR,C00958,P025,Daily Lamp 25,1,101.88,96.79,0.05,WELCOME5,101.88,5.09,96.79,none,0,,0.0,96.79,2025-11-26,other,,
T006036,EUR,C00397,P017,Daily Lamp 17,1,94.4,94.4,0.0,,94.4,0.0,94.4,none,0,,0.0,94.4,2025-11-26,other,,
T006037,EUR,C00211,P022,Active Mat 22,2,31.79,31.79,0.0,,63.58,0.0,63.58,none,0,,0.0,63.58,2025-11-27,website,,V000357
T006038,EUR,C00991,P010,Pure Band 10,2,31.57,31.57,0.0,,63.14,0.0,63.14,none,0,,0.0,63.14,2025-11-27,other,,
T006039,EUR,C00700,P008,Modern Serum 08,1,76.74,76.74,0.0,,76.74,0.0,76.74,none,0,,0.0,76.74,2025-11-27,other,,
T006040,EUR,C00887,P010,Pure Band 10,2,31.57,31.57,0.0,,63.14,0.0,63.14,none,0,,0.0,63.14,2025-11-27,other,,
T006041,EUR,C00950,P021,Bright Organizer 21,1,91.23,91.23,0.0,,91.23,0.0,91.23,none,0,,0.0,91.23,2025-11-27,website,,V004383
T006042,EUR,C00297,P028,Essential Bag 28,3,98.03,98.03,0.0,,294.09,0.0,294.09,none,0,,0.0,294.09,2025-11-27,other,,
T006043,EUR,C00320,P026,Pure Band 26,1,23.03,23.03,0.0,,23.03,0.0,23.03,none,0,,0.0,23.03,2025-11-27,other,,
T006044,EUR,C00023,P001,Daily Lamp 01,1,96.68,82.18,0.15,WEEKEND15,96.68,14.5,82.18,none,0,,0.0,82.18,2025-11-27,other,,
T006045,EUR,C00481,P029,Bright Organizer 29,3,15.67,14.1,0.1,LOYALTY10,47.01,4.71,42.3,none,0,,0.0,42.3,2025-11-27,other,,
T006046,EUR,C00994,P008,Modern Serum 08,1,76.74,76.74,0.0,,76.74,0.0,76.74,none,0,,0.0,76.74,2025-11-27,other,,
T006047,EUR,C00825,P013,Bright Organizer 13,4,48.36,43.52,0.1,LOYALTY10,193.44,19.36,174.08,none,0,,0.0,174.08,2025-11-27,other,,
T006048,EUR,C00775,P017,Daily Lamp 17,1,94.4,94.4,0.0,,94.4,0.0,94.4,none,0,,0.0,94.4,2025-11-27,other,,
T006049,EUR,C00383,P027,Urban Bottle 27,1,102.64,102.64,0.0,,102.64,0.0,102.64,none,0,,0.0,102.64,2025-11-28,other,,
T006050,EUR,C00918,P020,Essential Bag 20,1,23.79,23.79,0.0,,23.79,0.0,23.79,none,0,,0.0,23.79,2025-11-28,other,,
T006051,EUR,C00769,P015,Calm Cream 15,1,26.81,26.81,0.0,,26.81,0.0,26.81,none,0,,0.0,26.81,2025-11-28,other,,
T006052,EUR,C00580,P023,Calm Cream 23,1,43.34,43.34,0.0,,43.34,0.0,43.34,none,0,,0.0,43.34,2025-11-28,other,,
T006053,EUR,C00781,P025,Daily Lamp 25,2,101.88,101.88,0.0,,203.76,0.0,203.76,none,0,,0.0,203.76,2025-11-28,other,,
T006054,EUR,C00808,P002,Pure Band 02,2,19.22,19.22,0.0,,38.44,0.0,38.44,none,0,,0.0,38.44,2025-11-28,other,,
T006055,EUR,C00685,P013,Bright Organizer 13,1,48.36,45.94,0.05,WELCOME5,48.36,2.42,45.94,none,0,,0.0,45.94,2025-11-28,other,,
T006056,EUR,C00488,P002,Pure Band 02,3,19.22,19.22,0.0,,57.66,0.0,57.66,none,0,,0.0,57.66,2025-11-28,website,,V007357
T006057,EUR,C00930,P022,Active Mat 22,1,31.79,28.61,0.1,GIFT10,31.79,3.18,28.61,none,0,,0.0,28.61,2025-11-28,marketing_campaign,SEND003737,V010489
T006058,EUR,C00573,P012,Essential Bag 12,1,99.7,99.7,0.0,,99.7,0.0,99.7,none,0,,0.0,99.7,2025-11-28,other,,
T006059,EUR,C00045,P026,Pure Band 26,2,23.03,23.03,0.0,,46.06,0.0,46.06,none,0,,0.0,46.06,2025-11-28,other,,
T006060,EUR,C00649,P007,Calm Cream 07,2,21.92,19.73,0.1,LOYALTY10,43.84,4.38,39.46,none,0,,0.0,39.46,2025-11-28,other,,
T006061,EUR,C00231,P026,Pure Band 26,1,23.03,20.73,0.1,GIFT10,23.03,2.3,20.73,none,0,,0.0,20.73,2025-11-28,marketing_campaign,SEND006755,V010896
T006062,EUR,C00649,P020,Essential Bag 20,1,23.79,23.79,0.0,,23.79,0.0,23.79,none,0,,0.0,23.79,2025-11-28,other,,
T006063,EUR,C00170,P008,Modern Serum 08,1,76.74,72.9,0.05,WELCOME5,76.74,3.84,72.9,none,0,,0.0,72.9,2025-11-29,other,,
T006064,EUR,C00010,P023,Calm Cream 23,1,43.34,39.01,0.1,LOYALTY10,43.34,4.33,39.01,none,0,,0.0,39.01,2025-11-29,other,,
T006065,EUR,C00085,P017,Daily Lamp 17,1,94.4,94.4,0.0,,94.4,0.0,94.4,none,0,,0.0,94.4,2025-11-29,other,,
T006066,EUR,C00250,P028,Essential Bag 28,1,98.03,98.03,0.0,,98.03,0.0,98.03,none,0,,0.0,98.03,2025-11-29,other,,
T006067,EUR,C00057,P025,Daily Lamp 25,1,101.88,101.88,0.0,,101.88,0.0,101.88,none,0,,0.0,101.88,2025-11-29,other,,
T006068,EUR,C00248,P020,Essential Bag 20,1,23.79,23.79,0.0,,23.79,0.0,23.79,none,0,,0.0,23.79,2025-11-29,other,,
T006069,EUR,C00332,P002,Pure Band 02,1,19.22,16.34,0.15,WEEKEND15,19.22,2.88,16.34,none,0,,0.0,16.34,2025-11-29,other,,
T006070,EUR,C00595,P015,Calm Cream 15,1,26.81,26.81,0.0,,26.81,0.0,26.81,none,0,,0.0,26.81,2025-11-29,other,,
T006071,EUR,C00625,P012,Essential Bag 12,1,99.7,94.72,0.05,WELCOME5,99.7,4.98,94.72,none,0,,0.0,94.72,2025-11-29,other,,
T006072,EUR,C00413,P022,Active Mat 22,1,31.79,28.61,0.1,GIFT10,31.79,3.18,28.61,none,0,,0.0,28.61,2025-11-29,marketing_campaign,SEND004208,V010550
T006073,EUR,C00081,P023,Calm Cream 23,1,43.34,43.34,0.0,,43.34,0.0,43.34,none,0,,0.0,43.34,2025-11-29,other,,
T006074,EUR,C00893,P009,Daily Lamp 09,3,27.05,27.05,0.0,,81.15,0.0,81.15,none,0,,0.0,81.15,2025-11-30,other,,
T006075,EUR,C00198,P002,Pure Band 02,1,19.22,19.22,0.0,,19.22,0.0,19.22,none,0,,0.0,19.22,2025-11-30,other,,
T006076,EUR,C00166,P021,Bright Organizer 21,1,91.23,91.23,0.0,,91.23,0.0,91.23,none,0,,0.0,91.23,2025-11-30,other,,
T006077,EUR,C00823,P015,Calm Cream 15,1,26.81,26.81,0.0,,26.81,0.0,26.81,none,0,,0.0,26.81,2025-11-30,website,,V001720
T006078,EUR,C00049,P007,Calm Cream 07,1,21.92,21.92,0.0,,21.92,0.0,21.92,none,0,,0.0,21.92,2025-11-30,other,,
T006079,EUR,C00938,P023,Calm Cream 23,3,43.34,43.34,0.0,,130.02,0.0,130.02,none,0,,0.0,130.02,2025-11-30,other,,
T006080,EUR,C00993,P002,Pure Band 02,1,19.22,19.22,0.0,,19.22,0.0,19.22,none,0,,0.0,19.22,2025-12-01,other,,
T006081,EUR,C00830,P020,Essential Bag 20,2,23.79,23.79,0.0,,47.58,0.0,47.58,none,0,,0.0,47.58,2025-12-01,other,,
T006082,EUR,C00928,P012,Essential Bag 12,1,99.7,89.73,0.1,LOYALTY10,99.7,9.97,89.73,none,0,,0.0,89.73,2025-12-01,other,,
T006083,EUR,C00163,P028,Essential Bag 28,3,98.03,98.03,0.0,,294.09,0.0,294.09,full,3,2025-12-22,294.09,0.0,2025-12-01,website,,V007161
T006084,EUR,C00365,P019,Urban Bottle 19,1,61.21,61.21,0.0,,61.21,0.0,61.21,none,0,,0.0,61.21,2025-12-01,other,,
T006085,EUR,C00145,P025,Daily Lamp 25,1,101.88,101.88,0.0,,101.88,0.0,101.88,none,0,,0.0,101.88,2025-12-01,other,,
T006086,EUR,C00920,P006,Active Mat 06,3,104.36,104.36,0.0,,313.08,0.0,313.08,none,0,,0.0,313.08,2025-12-01,other,,
T006087,EUR,C00844,P024,Modern Serum 24,1,66.52,66.52,0.0,,66.52,0.0,66.52,none,0,,0.0,66.52,2025-12-01,other,,
T006088,EUR,C00238,P011,Urban Bottle 11,2,58.41,58.41,0.0,,116.82,0.0,116.82,none,0,,0.0,116.82,2025-12-01,other,,
T006089,EUR,C00089,P025,Daily Lamp 25,1,101.88,101.88,0.0,,101.88,0.0,101.88,none,0,,0.0,101.88,2025-12-01,other,,
T006090,EUR,C00688,P024,Modern Serum 24,1,66.52,66.52,0.0,,66.52,0.0,66.52,none,0,,0.0,66.52,2025-12-01,other,,
T006091,EUR,C00345,P029,Bright Organizer 29,1,15.67,15.67,0.0,,15.67,0.0,15.67,none,0,,0.0,15.67,2025-12-01,other,,
T006092,EUR,C00833,P016,Modern Serum 16,1,91.2,91.2,0.0,,91.2,0.0,91.2,none,0,,0.0,91.2,2025-12-01,other,,
T006093,EUR,C00158,P020,Essential Bag 20,1,23.79,21.41,0.1,LOYALTY10,23.79,2.38,21.41,none,0,,0.0,21.41,2025-12-01,other,,
T006094,EUR,C00471,P011,Urban Bottle 11,1,58.41,55.49,0.05,WELCOME5,58.41,2.92,55.49,none,0,,0.0,55.49,2025-12-01,other,,
T006095,EUR,C00761,P023,Calm Cream 23,1,43.34,43.34,0.0,,43.34,0.0,43.34,none,0,,0.0,43.34,2025-12-01,other,,
T006096,EUR,C00399,P019,Urban Bottle 19,1,61.21,61.21,0.0,,61.21,0.0,61.21,none,0,,0.0,61.21,2025-12-01,other,,
T006097,EUR,C00926,P016,Modern Serum 16,2,91.2,91.2,0.0,,182.4,0.0,182.4,none,0,,0.0,182.4,2025-12-01,website,,V001031
T006098,EUR,C00658,P022,Active Mat 22,1,31.79,31.79,0.0,,31.79,0.0,31.79,none,0,,0.0,31.79,2025-12-01,other,,
T006099,EUR,C00092,P027,Urban Bottle 27,2,102.64,102.64,0.0,,205.28,0.0,205.28,none,0,,0.0,205.28,2025-12-01,other,,
T006100,EUR,C00453,P016,Modern Serum 16,1,91.2,91.2,0.0,,91.2,0.0,91.2,none,0,,0.0,91.2,2025-12-02,other,,
T006101,EUR,C00373,P017,Daily Lamp 17,1,94.4,84.96,0.1,LOYALTY10,94.4,9.44,84.96,none,0,,0.0,84.96,2025-12-02,website,,V001441
T006102,EUR,C00747,P017,Daily Lamp 17,2,94.4,94.4,0.0,,188.8,0.0,188.8,none,0,,0.0,188.8,2025-12-02,website,,V007922
T006103,EUR,C00337,P026,Pure Band 26,1,23.03,23.03,0.0,,23.03,0.0,23.03,none,0,,0.0,23.03,2025-12-02,other,,
T006104,EUR,C00510,P022,Active Mat 22,2,31.79,31.79,0.0,,63.58,0.0,63.58,none,0,,0.0,63.58,2025-12-02,other,,
T006105,EUR,C00598,P009,Daily Lamp 09,1,27.05,27.05,0.0,,27.05,0.0,27.05,none,0,,0.0,27.05,2025-12-02,website,,V009679
T006106,EUR,C00098,P004,Essential Bag 04,1,83.73,83.73,0.0,,83.73,0.0,83.73,none,0,,0.0,83.73,2025-12-02,other,,
T006107,EUR,C00243,P024,Modern Serum 24,1,66.52,66.52,0.0,,66.52,0.0,66.52,none,0,,0.0,66.52,2025-12-02,other,,
T006108,EUR,C00051,P017,Daily Lamp 17,1,94.4,94.4,0.0,,94.4,0.0,94.4,none,0,,0.0,94.4,2025-12-02,other,,
T006109,EUR,C00519,P001,Daily Lamp 01,1,96.68,96.68,0.0,,96.68,0.0,96.68,none,0,,0.0,96.68,2025-12-02,website,,V005020
T006110,EUR,C00013,P025,Daily Lamp 25,1,101.88,101.88,0.0,,101.88,0.0,101.88,none,0,,0.0,101.88,2025-12-02,other,,
T006111,EUR,C00134,P019,Urban Bottle 19,2,61.21,55.09,0.1,LOYALTY10,122.42,12.24,110.18,none,0,,0.0,110.18,2025-12-02,other,,
T006112,EUR,C00269,P003,Urban Bottle 03,1,105.26,105.26,0.0,,105.26,0.0,105.26,none,0,,0.0,105.26,2025-12-02,other,,
T006113,EUR,C00182,P026,Pure Band 26,1,23.03,23.03,0.0,,23.03,0.0,23.03,none,0,,0.0,23.03,2025-12-02,other,,
T006114,EUR,C00214,P005,Bright Organizer 05,2,70.21,70.21,0.0,,140.42,0.0,140.42,none,0,,0.0,140.42,2025-12-03,website,,V008344
T006115,EUR,C00921,P006,Active Mat 06,1,104.36,104.36,0.0,,104.36,0.0,104.36,none,0,,0.0,104.36,2025-12-03,other,,
T006116,EUR,C00190,P002,Pure Band 02,1,19.22,19.22,0.0,,19.22,0.0,19.22,none,0,,0.0,19.22,2025-12-03,other,,
T006117,EUR,C00099,P026,Pure Band 26,2,23.03,23.03,0.0,,46.06,0.0,46.06,none,0,,0.0,46.06,2025-12-03,other,,
T006118,EUR,C00418,P005,Bright Organizer 05,2,70.21,70.21,0.0,,140.42,0.0,140.42,none,0,,0.0,140.42,2025-12-03,other,,
T006119,EUR,C00880,P005,Bright Organizer 05,1,70.21,70.21,0.0,,70.21,0.0,70.21,none,0,,0.0,70.21,2025-12-03,other,,
T006120,EUR,C00381,P026,Pure Band 26,1,23.03,23.03,0.0,,23.03,0.0,23.03,none,0,,0.0,23.03,2025-12-03,other,,
T006121,EUR,C00278,P014,Active Mat 14,1,55.09,46.83,0.15,HOLIDAY15,55.09,8.26,46.83,none,0,,0.0,46.83,2025-12-03,marketing_campaign,SEND000029,V010004
T006122,EUR,C00518,P025,Daily Lamp 25,1,101.88,91.69,0.1,GIFT10,101.88,10.19,91.69,none,0,,0.0,91.69,2025-12-03,marketing_campaign,SEND004178,V010543
T006123,EUR,C00443,P002,Pure Band 02,1,19.22,16.34,0.15,WEEKEND15,19.22,2.88,16.34,none,0,,0.0,16.34,2025-12-03,other,,
T006124,EUR,C00299,P018,Pure Band 18,1,68.13,68.13,0.0,,68.13,0.0,68.13,none,0,,0.0,68.13,2025-12-03,other,,
T006125,EUR,C00304,P012,Essential Bag 12,1,99.7,99.7,0.0,,99.7,0.0,99.7,none,0,,0.0,99.7,2025-12-03,other,,
T006126,EUR,C00147,P025,Daily Lamp 25,1,101.88,101.88,0.0,,101.88,0.0,101.88,none,0,,0.0,101.88,2025-12-03,other,,
T006127,EUR,C00990,P018,Pure Band 18,1,68.13,68.13,0.0,,68.13,0.0,68.13,none,0,,0.0,68.13,2025-12-03,other,,
T006128,EUR,C00502,P025,Daily Lamp 25,2,101.88,101.88,0.0,,203.76,0.0,203.76,none,0,,0.0,203.76,2025-12-03,other,,
T006129,EUR,C00480,P019,Urban Bottle 19,2,61.21,55.09,0.1,LOYALTY10,122.42,12.24,110.18,none,0,,0.0,110.18,2025-12-03,other,,
T006130,EUR,C00989,P013,Bright Organizer 13,2,48.36,48.36,0.0,,96.72,0.0,96.72,none,0,,0.0,96.72,2025-12-03,other,,
T006131,EUR,C00223,P024,Modern Serum 24,1,66.52,66.52,0.0,,66.52,0.0,66.52,none,0,,0.0,66.52,2025-12-03,other,,
T006132,EUR,C00635,P020,Essential Bag 20,2,23.79,23.79,0.0,,47.58,0.0,47.58,none,0,,0.0,47.58,2025-12-03,other,,
T006133,EUR,C00635,P010,Pure Band 10,1,31.57,31.57,0.0,,31.57,0.0,31.57,none,0,,0.0,31.57,2025-12-03,other,,
T006134,EUR,C00083,P020,Essential Bag 20,2,23.79,23.79,0.0,,47.58,0.0,47.58,none,0,,0.0,47.58,2025-12-04,other,,
T006135,EUR,C00886,P019,Urban Bottle 19,1,61.21,61.21,0.0,,61.21,0.0,61.21,none,0,,0.0,61.21,2025-12-04,other,,
T006136,EUR,C00383,P012,Essential Bag 12,2,99.7,99.7,0.0,,199.4,0.0,199.4,full,2,2025-12-11,199.4,0.0,2025-12-04,website,,V002432
T006137,EUR,C00095,P001,Daily Lamp 01,2,96.68,82.18,0.15,HOLIDAY15,193.36,29.0,164.36,full,2,2025-12-31,164.36,0.0,2025-12-04,marketing_campaign,SEND006627,V010876
T006138,EUR,C00700,P011,Urban Bottle 11,1,58.41,55.49,0.05,WELCOME5,58.41,2.92,55.49,none,0,,0.0,55.49,2025-12-04,other,,
T006139,EUR,C00870,P001,Daily Lamp 01,1,96.68,96.68,0.0,,96.68,0.0,96.68,none,0,,0.0,96.68,2025-12-04,other,,
T006140,EUR,C00687,P026,Pure Band 26,1,23.03,23.03,0.0,,23.03,0.0,23.03,none,0,,0.0,23.03,2025-12-04,other,,
T006141,EUR,C00560,P006,Active Mat 06,1,104.36,104.36,0.0,,104.36,0.0,104.36,none,0,,0.0,104.36,2025-12-04,other,,
T006142,EUR,C00508,P023,Calm Cream 23,1,43.34,39.01,0.1,GIFT10,43.34,4.33,39.01,none,0,,0.0,39.01,2025-12-04,marketing_campaign,SEND003356,V010445
T006143,EUR,C00152,P014,Active Mat 14,1,55.09,52.34,0.05,WELCOME5,55.09,2.75,52.34,none,0,,0.0,52.34,2025-12-04,other,,
T006144,EUR,C00538,P019,Urban Bottle 19,2,61.21,61.21,0.0,,122.42,0.0,122.42,none,0,,0.0,122.42,2025-12-04,other,,
T006145,EUR,C00532,P013,Bright Organizer 13,1,48.36,48.36,0.0,,48.36,0.0,48.36,none,0,,0.0,48.36,2025-12-04,other,,
T006146,EUR,C00122,P026,Pure Band 26,1,23.03,23.03,0.0,,23.03,0.0,23.03,none,0,,0.0,23.03,2025-12-04,other,,
T006147,EUR,C00526,P001,Daily Lamp 01,2,96.68,96.68,0.0,,193.36,0.0,193.36,none,0,,0.0,193.36,2025-12-04,other,,
T006148,EUR,C00568,P004,Essential Bag 04,1,83.73,71.17,0.15,WEEKEND15,83.73,12.56,71.17,none,0,,0.0,71.17,2025-12-04,other,,
T006149,EUR,C00166,P026,Pure Band 26,2,23.03,21.88,0.05,WELCOME5,46.06,2.3,43.76,none,0,,0.0,43.76,2025-12-04,other,,
T006150,EUR,C00547,P024,Modern Serum 24,1,66.52,66.52,0.0,,66.52,0.0,66.52,none,0,,0.0,66.52,2025-12-04,other,,
T006151,EUR,C00029,P020,Essential Bag 20,2,23.79,23.79,0.0,,47.58,0.0,47.58,none,0,,0.0,47.58,2025-12-04,other,,
T006152,EUR,C00821,P017,Daily Lamp 17,1,94.4,94.4,0.0,,94.4,0.0,94.4,none,0,,0.0,94.4,2025-12-04,website,,V001887
T006153,EUR,C00959,P001,Daily Lamp 01,1,96.68,96.68,0.0,,96.68,0.0,96.68,none,0,,0.0,96.68,2025-12-04,other,,
T006154,EUR,C00717,P006,Active Mat 06,1,104.36,93.92,0.1,LOYALTY10,104.36,10.44,93.92,none,0,,0.0,93.92,2025-12-04,other,,
T006155,EUR,C00250,P026,Pure Band 26,1,23.03,23.03,0.0,,23.03,0.0,23.03,none,0,,0.0,23.03,2025-12-05,other,,
T006156,EUR,C00330,P028,Essential Bag 28,3,98.03,98.03,0.0,,294.09,0.0,294.09,none,0,,0.0,294.09,2025-12-05,other,,
T006157,EUR,C00153,P023,Calm Cream 23,1,43.34,43.34,0.0,,43.34,0.0,43.34,none,0,,0.0,43.34,2025-12-05,other,,
T006158,EUR,C00897,P030,Active Mat 30,2,15.8,15.8,0.0,,31.6,0.0,31.6,none,0,,0.0,31.6,2025-12-05,other,,
T006159,EUR,C00301,P024,Modern Serum 24,2,66.52,66.52,0.0,,133.04,0.0,133.04,none,0,,0.0,133.04,2025-12-05,other,,
T006160,EUR,C00709,P009,Daily Lamp 09,1,27.05,27.05,0.0,,27.05,0.0,27.05,none,0,,0.0,27.05,2025-12-05,other,,
T006161,EUR,C00719,P028,Essential Bag 28,3,98.03,88.23,0.1,LOYALTY10,294.09,29.4,264.69,none,0,,0.0,264.69,2025-12-05,website,,V004192
T006162,EUR,C00926,P009,Daily Lamp 09,1,27.05,27.05,0.0,,27.05,0.0,27.05,none,0,,0.0,27.05,2025-12-05,website,,V003754
T006163,EUR,C00176,P024,Modern Serum 24,2,66.52,56.54,0.15,WEEKEND15,133.04,19.96,113.08,none,0,,0.0,113.08,2025-12-05,other,,
T006164,EUR,C00267,P017,Daily Lamp 17,1,94.4,94.4,0.0,,94.4,0.0,94.4,none,0,,0.0,94.4,2025-12-05,other,,
T006165,EUR,C00329,P010,Pure Band 10,1,31.57,31.57,0.0,,31.57,0.0,31.57,none,0,,0.0,31.57,2025-12-05,other,,
T006166,EUR,C00184,P017,Daily Lamp 17,3,94.4,94.4,0.0,,283.2,0.0,283.2,none,0,,0.0,283.2,2025-12-05,other,,
T006167,EUR,C00179,P005,Bright Organizer 05,1,70.21,70.21,0.0,,70.21,0.0,70.21,none,0,,0.0,70.21,2025-12-05,website,,V002849
T006168,EUR,C00562,P013,Bright Organizer 13,1,48.36,48.36,0.0,,48.36,0.0,48.36,none,0,,0.0,48.36,2025-12-05,website,,V002655
T006169,EUR,C00928,P001,Daily Lamp 01,1,96.68,82.18,0.15,WEEKEND15,96.68,14.5,82.18,none,0,,0.0,82.18,2025-12-05,other,,
T006170,EUR,C00840,P017,Daily Lamp 17,1,94.4,94.4,0.0,,94.4,0.0,94.4,none,0,,0.0,94.4,2025-12-05,other,,
T006171,EUR,C00813,P006,Active Mat 06,4,104.36,88.71,0.15,WEEKEND15,417.44,62.6,354.84,none,0,,0.0,354.84,2025-12-05,other,,
T006172,EUR,C00757,P001,Daily Lamp 01,1,96.68,96.68,0.0,,96.68,0.0,96.68,none,0,,0.0,96.68,2025-12-06,other,,
T006173,EUR,C00674,P022,Active Mat 22,3,31.79,30.2,0.05,WELCOME5,95.37,4.77,90.6,none,0,,0.0,90.6,2025-12-06,other,,
T006174,EUR,C00342,P005,Bright Organizer 05,1,70.21,70.21,0.0,,70.21,0.0,70.21,none,0,,0.0,70.21,2025-12-06,other,,
T006175,EUR,C00540,P018,Pure Band 18,1,68.13,64.72,0.05,WELCOME5,68.13,3.41,64.72,none,0,,0.0,64.72,2025-12-06,other,,
T006176,EUR,C00969,P007,Calm Cream 07,1,21.92,19.73,0.1,LOYALTY10,21.92,2.19,19.73,full,1,2025-12-27,19.73,0.0,2025-12-06,other,,
T006177,EUR,C00458,P025,Daily Lamp 25,2,101.88,101.88,0.0,,203.76,0.0,203.76,none,0,,0.0,203.76,2025-12-06,other,,
T006178,EUR,C00415,P028,Essential Bag 28,2,98.03,98.03,0.0,,196.06,0.0,196.06,none,0,,0.0,196.06,2025-12-06,other,,
T006179,EUR,C00178,P017,Daily Lamp 17,1,94.4,94.4,0.0,,94.4,0.0,94.4,full,1,2025-12-31,94.4,0.0,2025-12-06,other,,
T006180,EUR,C00487,P007,Calm Cream 07,1,21.92,21.92,0.0,,21.92,0.0,21.92,none,0,,0.0,21.92,2025-12-06,other,,
T006181,EUR,C00905,P024,Modern Serum 24,1,66.52,66.52,0.0,,66.52,0.0,66.52,none,0,,0.0,66.52,2025-12-06,website,,V003847
T006182,EUR,C00410,P005,Bright Organizer 05,1,70.21,70.21,0.0,,70.21,0.0,70.21,none,0,,0.0,70.21,2025-12-06,website,,V008801
T006183,EUR,C00535,P018,Pure Band 18,2,68.13,68.13,0.0,,136.26,0.0,136.26,none,0,,0.0,136.26,2025-12-06,other,,
T006184,EUR,C00199,P029,Bright Organizer 29,1,15.67,15.67,0.0,,15.67,0.0,15.67,none,0,,0.0,15.67,2025-12-06,other,,
T006185,EUR,C00025,P023,Calm Cream 23,3,43.34,41.17,0.05,WELCOME5,130.02,6.51,123.51,none,0,,0.0,123.51,2025-12-06,other,,
T006186,EUR,C00164,P025,Daily Lamp 25,1,101.88,101.88,0.0,,101.88,0.0,101.88,none,0,,0.0,101.88,2025-12-06,other,,
T006187,EUR,C00962,P005,Bright Organizer 05,1,70.21,70.21,0.0,,70.21,0.0,70.21,none,0,,0.0,70.21,2025-12-06,other,,
T006188,EUR,C00695,P005,Bright Organizer 05,1,70.21,70.21,0.0,,70.21,0.0,70.21,none,0,,0.0,70.21,2025-12-06,other,,
T006189,EUR,C00878,P027,Urban Bottle 27,1,102.64,102.64,0.0,,102.64,0.0,102.64,none,0,,0.0,102.64,2025-12-06,other,,
T006190,EUR,C00811,P011,Urban Bottle 11,2,58.41,58.41,0.0,,116.82,0.0,116.82,none,0,,0.0,116.82,2025-12-06,website,,V000594
T006191,EUR,C00300,P012,Essential Bag 12,1,99.7,99.7,0.0,,99.7,0.0,99.7,none,0,,0.0,99.7,2025-12-06,other,,
T006192,EUR,C00105,P019,Urban Bottle 19,3,61.21,61.21,0.0,,183.63,0.0,183.63,none,0,,0.0,183.63,2025-12-06,other,,
T006193,EUR,C00985,P012,Essential Bag 12,1,99.7,99.7,0.0,,99.7,0.0,99.7,none,0,,0.0,99.7,2025-12-06,other,,
T006194,EUR,C00552,P013,Bright Organizer 13,1,48.36,48.36,0.0,,48.36,0.0,48.36,none,0,,0.0,48.36,2025-12-06,other,,
T006195,EUR,C00249,P021,Bright Organizer 21,1,91.23,91.23,0.0,,91.23,0.0,91.23,full,1,2025-12-07,91.23,0.0,2025-12-06,other,,
T006196,EUR,C00783,P022,Active Mat 22,1,31.79,31.79,0.0,,31.79,0.0,31.79,none,0,,0.0,31.79,2025-12-07,other,,
T006197,EUR,C00172,P024,Modern Serum 24,1,66.52,66.52,0.0,,66.52,0.0,66.52,none,0,,0.0,66.52,2025-12-07,other,,
T006198,EUR,C00738,P013,Bright Organizer 13,1,48.36,48.36,0.0,,48.36,0.0,48.36,none,0,,0.0,48.36,2025-12-07,website,,V000111
T006199,EUR,C00371,P018,Pure Band 18,2,68.13,68.13,0.0,,136.26,0.0,136.26,none,0,,0.0,136.26,2025-12-07,other,,
T006200,EUR,C00683,P016,Modern Serum 16,2,91.2,91.2,0.0,,182.4,0.0,182.4,none,0,,0.0,182.4,2025-12-07,other,,
T006201,EUR,C00982,P026,Pure Band 26,1,23.03,23.03,0.0,,23.03,0.0,23.03,full,1,2025-12-15,23.03,0.0,2025-12-07,other,,
T006202,EUR,C00409,P011,Urban Bottle 11,1,58.41,49.65,0.15,WEEKEND15,58.41,8.76,49.65,none,0,,0.0,49.65,2025-12-07,other,,
T006203,EUR,C00748,P005,Bright Organizer 05,2,70.21,63.19,0.1,LOYALTY10,140.42,14.04,126.38,none,0,,0.0,126.38,2025-12-07,other,,
T006204,EUR,C00438,P016,Modern Serum 16,4,91.2,91.2,0.0,,364.8,0.0,364.8,none,0,,0.0,364.8,2025-12-07,website,,V008873
T006205,EUR,C00273,P015,Calm Cream 15,1,26.81,24.13,0.1,LOYALTY10,26.81,2.68,24.13,none,0,,0.0,24.13,2025-12-07,other,,
T006206,EUR,C00369,P020,Essential Bag 20,1,23.79,23.79,0.0,,23.79,0.0,23.79,none,0,,0.0,23.79,2025-12-07,other,,
T006207,EUR,C00742,P003,Urban Bottle 03,1,105.26,105.26,0.0,,105.26,0.0,105.26,none,0,,0.0,105.26,2025-12-07,website,,V001105
T006208,EUR,C00206,P014,Active Mat 14,1,55.09,55.09,0.0,,55.09,0.0,55.09,none,0,,0.0,55.09,2025-12-07,other,,
T006209,EUR,C00833,P002,Pure Band 02,2,19.22,19.22,0.0,,38.44,0.0,38.44,none,0,,0.0,38.44,2025-12-07,website,,V000058
T006210,EUR,C00488,P022,Active Mat 22,2,31.79,31.79,0.0,,63.58,0.0,63.58,none,0,,0.0,63.58,2025-12-07,other,,
T006211,EUR,C00301,P006,Active Mat 06,3,104.36,104.36,0.0,,313.08,0.0,313.08,full,3,2025-12-28,313.08,0.0,2025-12-07,other,,
T006212,EUR,C00125,P025,Daily Lamp 25,2,101.88,101.88,0.0,,203.76,0.0,203.76,partial,1,2025-12-20,101.88,101.88,2025-12-07,website,,V009526
T006213,EUR,C00158,P026,Pure Band 26,1,23.03,19.58,0.15,WEEKEND15,23.03,3.45,19.58,none,0,,0.0,19.58,2025-12-07,website,,V002676
T006214,EUR,C00849,P004,Essential Bag 04,1,83.73,83.73,0.0,,83.73,0.0,83.73,none,0,,0.0,83.73,2025-12-07,other,,
T006215,EUR,C00725,P010,Pure Band 10,1,31.57,29.99,0.05,WELCOME5,31.57,1.58,29.99,none,0,,0.0,29.99,2025-12-08,other,,
T006216,EUR,C00131,P003,Urban Bottle 03,1,105.26,105.26,0.0,,105.26,0.0,105.26,none,0,,0.0,105.26,2025-12-08,other,,
T006217,EUR,C00059,P027,Urban Bottle 27,2,102.64,102.64,0.0,,205.28,0.0,205.28,none,0,,0.0,205.28,2025-12-08,other,,
T006218,EUR,C00789,P021,Bright Organizer 21,1,91.23,91.23,0.0,,91.23,0.0,91.23,none,0,,0.0,91.23,2025-12-08,other,,
T006219,EUR,C00398,P007,Calm Cream 07,1,21.92,18.63,0.15,WEEKEND15,21.92,3.29,18.63,none,0,,0.0,18.63,2025-12-08,other,,
T006220,EUR,C00593,P003,Urban Bottle 03,1,105.26,105.26,0.0,,105.26,0.0,105.26,none,0,,0.0,105.26,2025-12-08,other,,
T006221,EUR,C00348,P016,Modern Serum 16,1,91.2,82.08,0.1,LOYALTY10,91.2,9.12,82.08,none,0,,0.0,82.08,2025-12-08,other,,
T006222,EUR,C00353,P028,Essential Bag 28,1,98.03,93.13,0.05,WELCOME5,98.03,4.9,93.13,none,0,,0.0,93.13,2025-12-08,other,,
T006223,EUR,C00282,P015,Calm Cream 15,4,26.81,26.81,0.0,,107.24,0.0,107.24,none,0,,0.0,107.24,2025-12-08,other,,
T006224,EUR,C00618,P028,Essential Bag 28,1,98.03,88.23,0.1,LOYALTY10,98.03,9.8,88.23,none,0,,0.0,88.23,2025-12-08,other,,
T006225,EUR,C00534,P009,Daily Lamp 09,1,27.05,22.99,0.15,WEEKEND15,27.05,4.06,22.99,none,0,,0.0,22.99,2025-12-08,website,,V002950
T006226,EUR,C00923,P011,Urban Bottle 11,1,58.41,58.41,0.0,,58.41,0.0,58.41,none,0,,0.0,58.41,2025-12-08,other,,
T006227,EUR,C00133,P018,Pure Band 18,2,68.13,57.91,0.15,WEEKEND15,136.26,20.44,115.82,none,0,,0.0,115.82,2025-12-08,website,,V005752
T006228,EUR,C00012,P030,Active Mat 30,3,15.8,15.8,0.0,,47.4,0.0,47.4,none,0,,0.0,47.4,2025-12-08,other,,
T006229,EUR,C00114,P004,Essential Bag 04,1,83.73,83.73,0.0,,83.73,0.0,83.73,full,1,2025-12-17,83.73,0.0,2025-12-08,other,,
T006230,EUR,C00931,P015,Calm Cream 15,1,26.81,26.81,0.0,,26.81,0.0,26.81,none,0,,0.0,26.81,2025-12-09,other,,
T006231,EUR,C00118,P029,Bright Organizer 29,2,15.67,15.67,0.0,,31.34,0.0,31.34,none,0,,0.0,31.34,2025-12-09,website,,V001256
T006232,EUR,C00568,P023,Calm Cream 23,2,43.34,43.34,0.0,,86.68,0.0,86.68,none,0,,0.0,86.68,2025-12-09,website,,V002454
T006233,EUR,C00063,P025,Daily Lamp 25,1,101.88,86.6,0.15,WEEKEND15,101.88,15.28,86.6,none,0,,0.0,86.6,2025-12-09,other,,
T006234,EUR,C00932,P026,Pure Band 26,1,23.03,23.03,0.0,,23.03,0.0,23.03,none,0,,0.0,23.03,2025-12-09,other,,
T006235,EUR,C00143,P014,Active Mat 14,1,55.09,55.09,0.0,,55.09,0.0,55.09,none,0,,0.0,55.09,2025-12-09,website,,V006116
T006236,EUR,C00138,P011,Urban Bottle 11,1,58.41,58.41,0.0,,58.41,0.0,58.41,none,0,,0.0,58.41,2025-12-09,website,,V006934
T006237,EUR,C00126,P019,Urban Bottle 19,1,61.21,61.21,0.0,,61.21,0.0,61.21,none,0,,0.0,61.21,2025-12-09,other,,
T006238,EUR,C00287,P011,Urban Bottle 11,1,58.41,58.41,0.0,,58.41,0.0,58.41,none,0,,0.0,58.41,2025-12-09,other,,
T006239,EUR,C00782,P012,Essential Bag 12,1,99.7,99.7,0.0,,99.7,0.0,99.7,none,0,,0.0,99.7,2025-12-09,other,,
T006240,EUR,C00894,P003,Urban Bottle 03,2,105.26,105.26,0.0,,210.52,0.0,210.52,none,0,,0.0,210.52,2025-12-09,other,,
T006241,EUR,C00159,P016,Modern Serum 16,1,91.2,91.2,0.0,,91.2,0.0,91.2,none,0,,0.0,91.2,2025-12-09,website,,V003382
T006242,EUR,C00001,P016,Modern Serum 16,1,91.2,91.2,0.0,,91.2,0.0,91.2,none,0,,0.0,91.2,2025-12-09,other,,
T006243,EUR,C00895,P017,Daily Lamp 17,1,94.4,94.4,0.0,,94.4,0.0,94.4,none,0,,0.0,94.4,2025-12-09,other,,
T006244,EUR,C00329,P028,Essential Bag 28,1,98.03,98.03,0.0,,98.03,0.0,98.03,none,0,,0.0,98.03,2025-12-09,other,,
T006245,EUR,C00954,P008,Modern Serum 08,2,76.74,76.74,0.0,,153.48,0.0,153.48,none,0,,0.0,153.48,2025-12-09,other,,
T006246,EUR,C00126,P016,Modern Serum 16,2,91.2,91.2,0.0,,182.4,0.0,182.4,none,0,,0.0,182.4,2025-12-09,website,,V003419
T006247,EUR,C00120,P030,Active Mat 30,1,15.8,15.8,0.0,,15.8,0.0,15.8,none,0,,0.0,15.8,2025-12-09,other,,
T006248,EUR,C00065,P006,Active Mat 06,1,104.36,104.36,0.0,,104.36,0.0,104.36,none,0,,0.0,104.36,2025-12-09,other,,
T006249,EUR,C00760,P016,Modern Serum 16,2,91.2,91.2,0.0,,182.4,0.0,182.4,none,0,,0.0,182.4,2025-12-09,other,,
T006250,EUR,C00186,P023,Calm Cream 23,1,43.34,43.34,0.0,,43.34,0.0,43.34,none,0,,0.0,43.34,2025-12-09,other,,
T006251,EUR,C00763,P030,Active Mat 30,1,15.8,15.8,0.0,,15.8,0.0,15.8,none,0,,0.0,15.8,2025-12-10,other,,
T006252,EUR,C00061,P007,Calm Cream 07,2,21.92,18.63,0.15,WEEKEND15,43.84,6.58,37.26,none,0,,0.0,37.26,2025-12-10,other,,
T006253,EUR,C00653,P001,Daily Lamp 01,2,96.68,96.68,0.0,,193.36,0.0,193.36,none,0,,0.0,193.36,2025-12-10,other,,
T006254,EUR,C00279,P009,Daily Lamp 09,1,27.05,27.05,0.0,,27.05,0.0,27.05,none,0,,0.0,27.05,2025-12-10,other,,
T006255,EUR,C00823,P011,Urban Bottle 11,1,58.41,58.41,0.0,,58.41,0.0,58.41,none,0,,0.0,58.41,2025-12-10,other,,
T006256,EUR,C00979,P008,Modern Serum 08,1,76.74,76.74,0.0,,76.74,0.0,76.74,none,0,,0.0,76.74,2025-12-10,other,,
T006257,EUR,C00105,P006,Active Mat 06,1,104.36,104.36,0.0,,104.36,0.0,104.36,none,0,,0.0,104.36,2025-12-10,other,,
T006258,EUR,C00456,P017,Daily Lamp 17,3,94.4,94.4,0.0,,283.2,0.0,283.2,none,0,,0.0,283.2,2025-12-10,other,,
T006259,EUR,C00150,P009,Daily Lamp 09,1,27.05,27.05,0.0,,27.05,0.0,27.05,none,0,,0.0,27.05,2025-12-10,website,,V006447
T006260,EUR,C00923,P021,Bright Organizer 21,1,91.23,91.23,0.0,,91.23,0.0,91.23,none,0,,0.0,91.23,2025-12-10,other,,
T006261,EUR,C00951,P004,Essential Bag 04,1,83.73,83.73,0.0,,83.73,0.0,83.73,none,0,,0.0,83.73,2025-12-10,website,,V002531
T006262,EUR,C00107,P023,Calm Cream 23,2,43.34,41.17,0.05,WELCOME5,86.68,4.34,82.34,none,0,,0.0,82.34,2025-12-10,website,,V002532
T006263,EUR,C00077,P027,Urban Bottle 27,3,102.64,102.64,0.0,,307.92,0.0,307.92,none,0,,0.0,307.92,2025-12-10,other,,
T006264,EUR,C00953,P018,Pure Band 18,2,68.13,68.13,0.0,,136.26,0.0,136.26,none,0,,0.0,136.26,2025-12-10,other,,
T006265,EUR,C00776,P030,Active Mat 30,1,15.8,15.8,0.0,,15.8,0.0,15.8,none,0,,0.0,15.8,2025-12-10,website,,V000977
T006266,EUR,C00092,P001,Daily Lamp 01,1,96.68,96.68,0.0,,96.68,0.0,96.68,none,0,,0.0,96.68,2025-12-10,other,,
T006267,EUR,C00360,P006,Active Mat 06,1,104.36,99.14,0.05,WELCOME5,104.36,5.22,99.14,none,0,,0.0,99.14,2025-12-10,other,,
T006268,EUR,C00087,P028,Essential Bag 28,3,98.03,98.03,0.0,,294.09,0.0,294.09,none,0,,0.0,294.09,2025-12-10,other,,
T006269,EUR,C00099,P015,Calm Cream 15,1,26.81,26.81,0.0,,26.81,0.0,26.81,none,0,,0.0,26.81,2025-12-10,other,,
T006270,EUR,C00058,P005,Bright Organizer 05,1,70.21,66.7,0.05,WELCOME5,70.21,3.51,66.7,none,0,,0.0,66.7,2025-12-10,other,,
T006271,EUR,C00109,P008,Modern Serum 08,1,76.74,76.74,0.0,,76.74,0.0,76.74,none,0,,0.0,76.74,2025-12-11,other,,
T006272,EUR,C00864,P027,Urban Bottle 27,1,102.64,102.64,0.0,,102.64,0.0,102.64,none,0,,0.0,102.64,2025-12-11,website,,V007460
T006273,EUR,C00758,P001,Daily Lamp 01,1,96.68,96.68,0.0,,96.68,0.0,96.68,none,0,,0.0,96.68,2025-12-11,other,,
T006274,EUR,C00159,P006,Active Mat 06,1,104.36,104.36,0.0,,104.36,0.0,104.36,none,0,,0.0,104.36,2025-12-11,other,,
T006275,EUR,C00507,P028,Essential Bag 28,1,98.03,83.33,0.15,WEEKEND15,98.03,14.7,83.33,none,0,,0.0,83.33,2025-12-11,other,,
T006276,EUR,C00320,P019,Urban Bottle 19,2,61.21,61.21,0.0,,122.42,0.0,122.42,none,0,,0.0,122.42,2025-12-11,other,,
T006277,EUR,C00171,P028,Essential Bag 28,3,98.03,98.03,0.0,,294.09,0.0,294.09,none,0,,0.0,294.09,2025-12-11,other,,
T006278,EUR,C00762,P011,Urban Bottle 11,1,58.41,58.41,0.0,,58.41,0.0,58.41,none,0,,0.0,58.41,2025-12-11,other,,
T006279,EUR,C00092,P004,Essential Bag 04,3,83.73,75.36,0.1,LOYALTY10,251.19,25.11,226.08,full,3,2025-12-28,226.08,0.0,2025-12-11,other,,
T006280,EUR,C00815,P012,Essential Bag 12,2,99.7,99.7,0.0,,199.4,0.0,199.4,none,0,,0.0,199.4,2025-12-11,other,,
T006281,EUR,C00291,P015,Calm Cream 15,1,26.81,26.81,0.0,,26.81,0.0,26.81,none,0,,0.0,26.81,2025-12-11,website,,V007973
T006282,EUR,C00763,P014,Active Mat 14,1,55.09,55.09,0.0,,55.09,0.0,55.09,none,0,,0.0,55.09,2025-12-11,website,,V002576
T006283,EUR,C00156,P023,Calm Cream 23,2,43.34,41.17,0.05,WELCOME5,86.68,4.34,82.34,none,0,,0.0,82.34,2025-12-11,other,,
T006284,EUR,C00770,P009,Daily Lamp 09,1,27.05,27.05,0.0,,27.05,0.0,27.05,none,0,,0.0,27.05,2025-12-11,other,,
T006285,EUR,C00114,P026,Pure Band 26,2,23.03,21.88,0.05,WELCOME5,46.06,2.3,43.76,none,0,,0.0,43.76,2025-12-11,other,,
T006286,EUR,C00703,P030,Active Mat 30,4,15.8,15.8,0.0,,63.2,0.0,63.2,none,0,,0.0,63.2,2025-12-11,other,,
T006287,EUR,C00438,P003,Urban Bottle 03,1,105.26,94.73,0.1,LOYALTY10,105.26,10.53,94.73,none,0,,0.0,94.73,2025-12-11,other,,
T006288,EUR,C00027,P014,Active Mat 14,2,55.09,55.09,0.0,,110.18,0.0,110.18,full,2,2025-12-20,110.18,0.0,2025-12-11,other,,
T006289,EUR,C00799,P029,Bright Organizer 29,1,15.67,15.67,0.0,,15.67,0.0,15.67,none,0,,0.0,15.67,2025-12-12,other,,
T006290,EUR,C00676,P011,Urban Bottle 11,1,58.41,58.41,0.0,,58.41,0.0,58.41,none,0,,0.0,58.41,2025-12-12,other,,
T006291,EUR,C00216,P001,Daily Lamp 01,1,96.68,96.68,0.0,,96.68,0.0,96.68,none,0,,0.0,96.68,2025-12-12,other,,
T006292,EUR,C00955,P004,Essential Bag 04,1,83.73,79.54,0.05,WELCOME5,83.73,4.19,79.54,none,0,,0.0,79.54,2025-12-12,other,,
T006293,EUR,C00663,P025,Daily Lamp 25,1,101.88,101.88,0.0,,101.88,0.0,101.88,none,0,,0.0,101.88,2025-12-12,website,,V001490
T006294,EUR,C00389,P029,Bright Organizer 29,1,15.67,15.67,0.0,,15.67,0.0,15.67,none,0,,0.0,15.67,2025-12-12,other,,
T006295,EUR,C00756,P026,Pure Band 26,1,23.03,23.03,0.0,,23.03,0.0,23.03,none,0,,0.0,23.03,2025-12-12,website,,V008716
T006296,EUR,C00470,P018,Pure Band 18,2,68.13,68.13,0.0,,136.26,0.0,136.26,none,0,,0.0,136.26,2025-12-12,other,,
T006297,EUR,C00899,P019,Urban Bottle 19,1,61.21,61.21,0.0,,61.21,0.0,61.21,none,0,,0.0,61.21,2025-12-12,other,,
T006298,EUR,C00953,P029,Bright Organizer 29,2,15.67,15.67,0.0,,31.34,0.0,31.34,none,0,,0.0,31.34,2025-12-12,other,,
T006299,EUR,C00330,P019,Urban Bottle 19,1,61.21,61.21,0.0,,61.21,0.0,61.21,none,0,,0.0,61.21,2025-12-12,other,,
T006300,EUR,C00916,P015,Calm Cream 15,3,26.81,26.81,0.0,,80.43,0.0,80.43,none,0,,0.0,80.43,2025-12-12,other,,
T006301,EUR,C00916,P004,Essential Bag 04,1,83.73,83.73,0.0,,83.73,0.0,83.73,none,0,,0.0,83.73,2025-12-12,other,,
T006302,EUR,C00768,P014,Active Mat 14,1,55.09,55.09,0.0,,55.09,0.0,55.09,none,0,,0.0,55.09,2025-12-12,other,,
T006303,EUR,C00934,P019,Urban Bottle 19,1,61.21,52.03,0.15,HOLIDAY15,61.21,9.18,52.03,none,0,,0.0,52.03,2025-12-12,marketing_campaign,SEND003420,V010453
T006304,EUR,C00220,P025,Daily Lamp 25,1,101.88,101.88,0.0,,101.88,0.0,101.88,none,0,,0.0,101.88,2025-12-12,other,,
T006305,EUR,C00348,P018,Pure Band 18,1,68.13,61.32,0.1,LOYALTY10,68.13,6.81,61.32,none,0,,0.0,61.32,2025-12-12,website,,V009379
T006306,EUR,C00177,P003,Urban Bottle 03,2,105.26,105.26,0.0,,210.52,0.0,210.52,none,0,,0.0,210.52,2025-12-12,other,,
T006307,EUR,C00718,P028,Essential Bag 28,1,98.03,98.03,0.0,,98.03,0.0,98.03,none,0,,0.0,98.03,2025-12-12,website,,V009168
T006308,EUR,C00139,P001,Daily Lamp 01,3,96.68,96.68,0.0,,290.04,0.0,290.04,none,0,,0.0,290.04,2025-12-12,website,,V000337
T006309,EUR,C00097,P024,Modern Serum 24,1,66.52,66.52,0.0,,66.52,0.0,66.52,none,0,,0.0,66.52,2025-12-13,other,,
T006310,EUR,C00941,P007,Calm Cream 07,2,21.92,21.92,0.0,,43.84,0.0,43.84,none,0,,0.0,43.84,2025-12-13,website,,V002420
T006311,EUR,C00493,P026,Pure Band 26,1,23.03,23.03,0.0,,23.03,0.0,23.03,none,0,,0.0,23.03,2025-12-13,other,,
T006312,EUR,C00531,P026,Pure Band 26,1,23.03,23.03,0.0,,23.03,0.0,23.03,none,0,,0.0,23.03,2025-12-13,website,,V006311
T006313,EUR,C00362,P012,Essential Bag 12,3,99.7,99.7,0.0,,299.1,0.0,299.1,none,0,,0.0,299.1,2025-12-13,other,,
T006314,EUR,C00026,P028,Essential Bag 28,2,98.03,98.03,0.0,,196.06,0.0,196.06,none,0,,0.0,196.06,2025-12-13,other,,
T006315,EUR,C00889,P017,Daily Lamp 17,2,94.4,94.4,0.0,,188.8,0.0,188.8,none,0,,0.0,188.8,2025-12-13,other,,
T006316,EUR,C00739,P004,Essential Bag 04,1,83.73,83.73,0.0,,83.73,0.0,83.73,none,0,,0.0,83.73,2025-12-13,website,,V007142
T006317,EUR,C00657,P011,Urban Bottle 11,1,58.41,58.41,0.0,,58.41,0.0,58.41,none,0,,0.0,58.41,2025-12-13,other,,
T006318,EUR,C00695,P023,Calm Cream 23,1,43.34,43.34,0.0,,43.34,0.0,43.34,full,1,2025-12-18,43.34,0.0,2025-12-13,other,,
T006319,EUR,C00531,P027,Urban Bottle 27,1,102.64,102.64,0.0,,102.64,0.0,102.64,none,0,,0.0,102.64,2025-12-13,other,,
T006320,EUR,C00417,P001,Daily Lamp 01,2,96.68,96.68,0.0,,193.36,0.0,193.36,none,0,,0.0,193.36,2025-12-13,other,,
T006321,EUR,C00555,P012,Essential Bag 12,1,99.7,99.7,0.0,,99.7,0.0,99.7,full,1,2025-12-17,99.7,0.0,2025-12-14,other,,
T006322,EUR,C00452,P020,Essential Bag 20,1,23.79,23.79,0.0,,23.79,0.0,23.79,none,0,,0.0,23.79,2025-12-14,website,,V002607
T006323,EUR,C00203,P003,Urban Bottle 03,1,105.26,105.26,0.0,,105.26,0.0,105.26,none,0,,0.0,105.26,2025-12-14,other,,
T006324,EUR,C00892,P014,Active Mat 14,2,55.09,55.09,0.0,,110.18,0.0,110.18,none,0,,0.0,110.18,2025-12-14,other,,
T006325,EUR,C00852,P026,Pure Band 26,3,23.03,23.03,0.0,,69.09,0.0,69.09,none,0,,0.0,69.09,2025-12-14,other,,
T006326,EUR,C00012,P001,Daily Lamp 01,1,96.68,82.18,0.15,HOLIDAY15,96.68,14.5,82.18,none,0,,0.0,82.18,2025-12-14,marketing_campaign,SEND000288,V010035
T006327,EUR,C00240,P012,Essential Bag 12,1,99.7,84.75,0.15,WEEKEND15,99.7,14.95,84.75,none,0,,0.0,84.75,2025-12-14,other,,
T006328,EUR,C00413,P012,Essential Bag 12,1,99.7,84.75,0.15,WEEKEND15,99.7,14.95,84.75,none,0,,0.0,84.75,2025-12-14,other,,
T006329,EUR,C00653,P008,Modern Serum 08,1,76.74,76.74,0.0,,76.74,0.0,76.74,none,0,,0.0,76.74,2025-12-14,other,,
T006330,EUR,C00665,P001,Daily Lamp 01,1,96.68,96.68,0.0,,96.68,0.0,96.68,none,0,,0.0,96.68,2025-12-14,other,,
T006331,EUR,C00377,P024,Modern Serum 24,2,66.52,56.54,0.15,WEEKEND15,133.04,19.96,113.08,none,0,,0.0,113.08,2025-12-14,other,,
T006332,EUR,C00538,P022,Active Mat 22,1,31.79,31.79,0.0,,31.79,0.0,31.79,none,0,,0.0,31.79,2025-12-14,other,,
T006333,EUR,C00897,P017,Daily Lamp 17,2,94.4,94.4,0.0,,188.8,0.0,188.8,none,0,,0.0,188.8,2025-12-14,other,,
T006334,EUR,C00149,P002,Pure Band 02,1,19.22,19.22,0.0,,19.22,0.0,19.22,none,0,,0.0,19.22,2025-12-14,other,,
T006335,EUR,C00432,P012,Essential Bag 12,1,99.7,84.75,0.15,WEEKEND15,99.7,14.95,84.75,none,0,,0.0,84.75,2025-12-14,other,,
T006336,EUR,C00256,P004,Essential Bag 04,1,83.73,83.73,0.0,,83.73,0.0,83.73,none,0,,0.0,83.73,2025-12-14,other,,
T006337,EUR,C00312,P024,Modern Serum 24,1,66.52,66.52,0.0,,66.52,0.0,66.52,none,0,,0.0,66.52,2025-12-14,other,,
T006338,EUR,C00184,P024,Modern Serum 24,1,66.52,66.52,0.0,,66.52,0.0,66.52,none,0,,0.0,66.52,2025-12-14,website,,V004291
T006339,EUR,C00326,P015,Calm Cream 15,2,26.81,26.81,0.0,,53.62,0.0,53.62,none,0,,0.0,53.62,2025-12-15,other,,
T006340,EUR,C00141,P025,Daily Lamp 25,1,101.88,101.88,0.0,,101.88,0.0,101.88,full,1,2025-12-26,101.88,0.0,2025-12-15,other,,
T006341,EUR,C00718,P012,Essential Bag 12,1,99.7,99.7,0.0,,99.7,0.0,99.7,none,0,,0.0,99.7,2025-12-15,other,,
T006342,EUR,C00733,P008,Modern Serum 08,2,76.74,76.74,0.0,,153.48,0.0,153.48,none,0,,0.0,153.48,2025-12-15,other,,
T006343,EUR,C00789,P015,Calm Cream 15,1,26.81,24.13,0.1,LOYALTY10,26.81,2.68,24.13,none,0,,0.0,24.13,2025-12-15,website,,V006767
T006344,EUR,C00767,P014,Active Mat 14,2,55.09,46.83,0.15,WEEKEND15,110.18,16.52,93.66,none,0,,0.0,93.66,2025-12-15,other,,
T006345,EUR,C00938,P003,Urban Bottle 03,1,105.26,105.26,0.0,,105.26,0.0,105.26,none,0,,0.0,105.26,2025-12-15,other,,
T006346,EUR,C00125,P021,Bright Organizer 21,1,91.23,91.23,0.0,,91.23,0.0,91.23,none,0,,0.0,91.23,2025-12-15,other,,
T006347,EUR,C00151,P019,Urban Bottle 19,1,61.21,61.21,0.0,,61.21,0.0,61.21,none,0,,0.0,61.21,2025-12-15,other,,
T006348,EUR,C00142,P028,Essential Bag 28,1,98.03,83.33,0.15,WEEKEND15,98.03,14.7,83.33,none,0,,0.0,83.33,2025-12-15,website,,V007581
T006349,EUR,C00577,P009,Daily Lamp 09,3,27.05,27.05,0.0,,81.15,0.0,81.15,none,0,,0.0,81.15,2025-12-15,other,,
T006350,EUR,C00101,P010,Pure Band 10,2,31.57,31.57,0.0,,63.14,0.0,63.14,none,0,,0.0,63.14,2025-12-15,other,,
T006351,EUR,C00390,P018,Pure Band 18,1,68.13,68.13,0.0,,68.13,0.0,68.13,none,0,,0.0,68.13,2025-12-15,other,,
T006352,EUR,C00074,P025,Daily Lamp 25,2,101.88,91.69,0.1,LOYALTY10,203.76,20.38,183.38,none,0,,0.0,183.38,2025-12-15,other,,
T006353,EUR,C00860,P009,Daily Lamp 09,1,27.05,27.05,0.0,,27.05,0.0,27.05,none,0,,0.0,27.05,2025-12-16,other,,
T006354,EUR,C00010,P029,Bright Organizer 29,1,15.67,15.67,0.0,,15.67,0.0,15.67,none,0,,0.0,15.67,2025-12-16,other,,
T006355,EUR,C00002,P009,Daily Lamp 09,1,27.05,22.99,0.15,HOLIDAY15,27.05,4.06,22.99,none,0,,0.0,22.99,2025-12-16,marketing_campaign,SEND003622,V010482
T006356,EUR,C00137,P014,Active Mat 14,1,55.09,55.09,0.0,,55.09,0.0,55.09,none,0,,0.0,55.09,2025-12-16,website,,V000056
T006357,EUR,C00880,P011,Urban Bottle 11,3,58.41,58.41,0.0,,175.23,0.0,175.23,none,0,,0.0,175.23,2025-12-16,other,,
T006358,EUR,C00196,P014,Active Mat 14,1,55.09,46.83,0.15,WEEKEND15,55.09,8.26,46.83,none,0,,0.0,46.83,2025-12-16,website,,V003684
T006359,EUR,C00717,P017,Daily Lamp 17,2,94.4,94.4,0.0,,188.8,0.0,188.8,none,0,,0.0,188.8,2025-12-16,other,,
T006360,EUR,C00530,P005,Bright Organizer 05,1,70.21,70.21,0.0,,70.21,0.0,70.21,none,0,,0.0,70.21,2025-12-16,other,,
T006361,EUR,C00930,P020,Essential Bag 20,1,23.79,20.22,0.15,WEEKEND15,23.79,3.57,20.22,none,0,,0.0,20.22,2025-12-16,other,,
T006362,EUR,C00366,P014,Active Mat 14,2,55.09,46.83,0.15,WEEKEND15,110.18,16.52,93.66,none,0,,0.0,93.66,2025-12-16,other,,
T006363,EUR,C00817,P013,Bright Organizer 13,2,48.36,48.36,0.0,,96.72,0.0,96.72,none,0,,0.0,96.72,2025-12-16,website,,V003238
T006364,EUR,C00286,P018,Pure Band 18,2,68.13,68.13,0.0,,136.26,0.0,136.26,none,0,,0.0,136.26,2025-12-16,other,,
T006365,EUR,C00317,P004,Essential Bag 04,4,83.73,83.73,0.0,,334.92,0.0,334.92,none,0,,0.0,334.92,2025-12-16,other,,
T006366,EUR,C00353,P011,Urban Bottle 11,1,58.41,58.41,0.0,,58.41,0.0,58.41,none,0,,0.0,58.41,2025-12-16,other,,
T006367,EUR,C00321,P024,Modern Serum 24,1,66.52,66.52,0.0,,66.52,0.0,66.52,none,0,,0.0,66.52,2025-12-17,other,,
T006368,EUR,C00947,P013,Bright Organizer 13,1,48.36,48.36,0.0,,48.36,0.0,48.36,full,1,2025-12-27,48.36,0.0,2025-12-17,other,,
T006369,EUR,C00716,P009,Daily Lamp 09,2,27.05,25.7,0.05,WELCOME5,54.1,2.7,51.4,none,0,,0.0,51.4,2025-12-17,other,,
T006370,EUR,C00188,P013,Bright Organizer 13,1,48.36,43.52,0.1,LOYALTY10,48.36,4.84,43.52,none,0,,0.0,43.52,2025-12-17,other,,
T006371,EUR,C00125,P027,Urban Bottle 27,1,102.64,102.64,0.0,,102.64,0.0,102.64,none,0,,0.0,102.64,2025-12-17,other,,
T006372,EUR,C00519,P023,Calm Cream 23,2,43.34,43.34,0.0,,86.68,0.0,86.68,none,0,,0.0,86.68,2025-12-17,other,,
T006373,EUR,C00083,P024,Modern Serum 24,1,66.52,66.52,0.0,,66.52,0.0,66.52,none,0,,0.0,66.52,2025-12-17,other,,
T006374,EUR,C00390,P008,Modern Serum 08,1,76.74,76.74,0.0,,76.74,0.0,76.74,none,0,,0.0,76.74,2025-12-17,other,,
T006375,EUR,C00442,P003,Urban Bottle 03,2,105.26,105.26,0.0,,210.52,0.0,210.52,none,0,,0.0,210.52,2025-12-17,other,,
T006376,EUR,C00831,P014,Active Mat 14,1,55.09,46.83,0.15,WEEKEND15,55.09,8.26,46.83,none,0,,0.0,46.83,2025-12-17,other,,
T006377,EUR,C00649,P021,Bright Organizer 21,1,91.23,91.23,0.0,,91.23,0.0,91.23,none,0,,0.0,91.23,2025-12-17,other,,
T006378,EUR,C00430,P028,Essential Bag 28,1,98.03,98.03,0.0,,98.03,0.0,98.03,none,0,,0.0,98.03,2025-12-17,other,,
T006379,EUR,C00771,P001,Daily Lamp 01,2,96.68,96.68,0.0,,193.36,0.0,193.36,none,0,,0.0,193.36,2025-12-17,other,,
T006380,EUR,C00536,P024,Modern Serum 24,2,66.52,66.52,0.0,,133.04,0.0,133.04,none,0,,0.0,133.04,2025-12-17,website,,V004323
T006381,EUR,C00383,P007,Calm Cream 07,1,21.92,18.63,0.15,WEEKEND15,21.92,3.29,18.63,none,0,,0.0,18.63,2025-12-17,other,,
T006382,EUR,C00362,P003,Urban Bottle 03,2,105.26,105.26,0.0,,210.52,0.0,210.52,none,0,,0.0,210.52,2025-12-17,other,,
T006383,EUR,C00592,P005,Bright Organizer 05,1,70.21,70.21,0.0,,70.21,0.0,70.21,none,0,,0.0,70.21,2025-12-17,website,,V005815
T006384,EUR,C00857,P008,Modern Serum 08,1,76.74,72.9,0.05,WELCOME5,76.74,3.84,72.9,none,0,,0.0,72.9,2025-12-17,other,,
T006385,EUR,C00821,P028,Essential Bag 28,1,98.03,98.03,0.0,,98.03,0.0,98.03,none,0,,0.0,98.03,2025-12-18,website,,V007674
T006386,EUR,C00581,P028,Essential Bag 28,1,98.03,98.03,0.0,,98.03,0.0,98.03,none,0,,0.0,98.03,2025-12-18,other,,
T006387,EUR,C00623,P025,Daily Lamp 25,1,101.88,96.79,0.05,WELCOME5,101.88,5.09,96.79,none,0,,0.0,96.79,2025-12-18,other,,
T006388,EUR,C00536,P030,Active Mat 30,3,15.8,15.8,0.0,,47.4,0.0,47.4,none,0,,0.0,47.4,2025-12-18,other,,
T006389,EUR,C01000,P023,Calm Cream 23,1,43.34,43.34,0.0,,43.34,0.0,43.34,none,0,,0.0,43.34,2025-12-18,other,,
T006390,EUR,C00653,P003,Urban Bottle 03,2,105.26,105.26,0.0,,210.52,0.0,210.52,none,0,,0.0,210.52,2025-12-18,other,,
T006391,EUR,C00761,P021,Bright Organizer 21,2,91.23,82.11,0.1,LOYALTY10,182.46,18.24,164.22,none,0,,0.0,164.22,2025-12-18,other,,
T006392,EUR,C00347,P029,Bright Organizer 29,2,15.67,14.89,0.05,WELCOME5,31.34,1.56,29.78,none,0,,0.0,29.78,2025-12-18,other,,
T006393,EUR,C00713,P008,Modern Serum 08,1,76.74,76.74,0.0,,76.74,0.0,76.74,none,0,,0.0,76.74,2025-12-18,other,,
T006394,EUR,C00429,P017,Daily Lamp 17,1,94.4,94.4,0.0,,94.4,0.0,94.4,none,0,,0.0,94.4,2025-12-18,other,,
T006395,EUR,C00984,P004,Essential Bag 04,1,83.73,83.73,0.0,,83.73,0.0,83.73,none,0,,0.0,83.73,2025-12-18,other,,
T006396,EUR,C00020,P003,Urban Bottle 03,1,105.26,94.73,0.1,LOYALTY10,105.26,10.53,94.73,none,0,,0.0,94.73,2025-12-18,other,,
T006397,EUR,C00737,P027,Urban Bottle 27,1,102.64,87.24,0.15,WEEKEND15,102.64,15.4,87.24,none,0,,0.0,87.24,2025-12-18,other,,
T006398,EUR,C00622,P025,Daily Lamp 25,1,101.88,101.88,0.0,,101.88,0.0,101.88,none,0,,0.0,101.88,2025-12-18,other,,
T006399,EUR,C00751,P003,Urban Bottle 03,2,105.26,94.73,0.1,LOYALTY10,210.52,21.06,189.46,none,0,,0.0,189.46,2025-12-18,other,,
T006400,EUR,C00904,P021,Bright Organizer 21,3,91.23,86.67,0.05,WELCOME5,273.69,13.68,260.01,none,0,,0.0,260.01,2025-12-18,other,,
T006401,EUR,C00490,P011,Urban Bottle 11,1,58.41,52.57,0.1,LOYALTY10,58.41,5.84,52.57,none,0,,0.0,52.57,2025-12-18,other,,
T006402,EUR,C00861,P004,Essential Bag 04,1,83.73,83.73,0.0,,83.73,0.0,83.73,none,0,,0.0,83.73,2025-12-18,other,,
T006403,EUR,C00245,P023,Calm Cream 23,1,43.34,36.84,0.15,WEEKEND15,43.34,6.5,36.84,none,0,,0.0,36.84,2025-12-19,other,,
T006404,EUR,C00611,P021,Bright Organizer 21,1,91.23,86.67,0.05,WELCOME5,91.23,4.56,86.67,none,0,,0.0,86.67,2025-12-19,other,,
T006405,EUR,C00983,P020,Essential Bag 20,4,23.79,23.79,0.0,,95.16,0.0,95.16,none,0,,0.0,95.16,2025-12-19,other,,
T006406,EUR,C00352,P029,Bright Organizer 29,1,15.67,15.67,0.0,,15.67,0.0,15.67,none,0,,0.0,15.67,2025-12-19,other,,
T006407,EUR,C00175,P005,Bright Organizer 05,1,70.21,70.21,0.0,,70.21,0.0,70.21,none,0,,0.0,70.21,2025-12-19,website,,V002382
T006408,EUR,C00764,P013,Bright Organizer 13,2,48.36,41.11,0.15,HOLIDAY15,96.72,14.5,82.22,none,0,,0.0,82.22,2025-12-19,marketing_campaign,SEND006828,V010904
T006409,EUR,C00885,P012,Essential Bag 12,1,99.7,84.75,0.15,WEEKEND15,99.7,14.95,84.75,none,0,,0.0,84.75,2025-12-19,other,,
T006410,EUR,C00048,P001,Daily Lamp 01,1,96.68,96.68,0.0,,96.68,0.0,96.68,full,1,2025-12-31,96.68,0.0,2025-12-19,other,,
T006411,EUR,C00571,P030,Active Mat 30,1,15.8,15.8,0.0,,15.8,0.0,15.8,none,0,,0.0,15.8,2025-12-19,other,,
T006412,EUR,C00723,P007,Calm Cream 07,1,21.92,21.92,0.0,,21.92,0.0,21.92,none,0,,0.0,21.92,2025-12-20,other,,
T006413,EUR,C00351,P026,Pure Band 26,1,23.03,20.73,0.1,LOYALTY10,23.03,2.3,20.73,none,0,,0.0,20.73,2025-12-20,other,,
T006414,EUR,C00683,P020,Essential Bag 20,1,23.79,21.41,0.1,LOYALTY10,23.79,2.38,21.41,none,0,,0.0,21.41,2025-12-20,website,,V004308
T006415,EUR,C00316,P010,Pure Band 10,1,31.57,28.41,0.1,LOYALTY10,31.57,3.16,28.41,none,0,,0.0,28.41,2025-12-20,other,,
T006416,EUR,C00471,P013,Bright Organizer 13,1,48.36,48.36,0.0,,48.36,0.0,48.36,none,0,,0.0,48.36,2025-12-20,other,,
T006417,EUR,C00283,P007,Calm Cream 07,3,21.92,21.92,0.0,,65.76,0.0,65.76,none,0,,0.0,65.76,2025-12-20,website,,V002093
T006418,EUR,C00011,P009,Daily Lamp 09,1,27.05,27.05,0.0,,27.05,0.0,27.05,none,0,,0.0,27.05,2025-12-20,other,,
T006419,EUR,C00525,P001,Daily Lamp 01,1,96.68,82.18,0.15,WEEKEND15,96.68,14.5,82.18,none,0,,0.0,82.18,2025-12-20,other,,
T006420,EUR,C00843,P025,Daily Lamp 25,1,101.88,101.88,0.0,,101.88,0.0,101.88,none,0,,0.0,101.88,2025-12-20,other,,
T006421,EUR,C00728,P007,Calm Cream 07,1,21.92,21.92,0.0,,21.92,0.0,21.92,none,0,,0.0,21.92,2025-12-20,other,,
T006422,EUR,C00895,P005,Bright Organizer 05,2,70.21,70.21,0.0,,140.42,0.0,140.42,none,0,,0.0,140.42,2025-12-20,other,,
T006423,EUR,C00102,P021,Bright Organizer 21,1,91.23,91.23,0.0,,91.23,0.0,91.23,none,0,,0.0,91.23,2025-12-20,other,,
T006424,EUR,C00774,P024,Modern Serum 24,1,66.52,66.52,0.0,,66.52,0.0,66.52,none,0,,0.0,66.52,2025-12-20,other,,
T006425,EUR,C00374,P025,Daily Lamp 25,1,101.88,86.6,0.15,HOLIDAY15,101.88,15.28,86.6,none,0,,0.0,86.6,2025-12-21,marketing_campaign,SEND004147,V010537
T006426,EUR,C00479,P021,Bright Organizer 21,1,91.23,91.23,0.0,,91.23,0.0,91.23,none,0,,0.0,91.23,2025-12-21,website,,V001361
T006427,EUR,C00760,P004,Essential Bag 04,1,83.73,83.73,0.0,,83.73,0.0,83.73,none,0,,0.0,83.73,2025-12-21,other,,
T006428,EUR,C00809,P005,Bright Organizer 05,1,70.21,70.21,0.0,,70.21,0.0,70.21,none,0,,0.0,70.21,2025-12-21,website,,V005969
T006429,EUR,C00275,P025,Daily Lamp 25,1,101.88,101.88,0.0,,101.88,0.0,101.88,none,0,,0.0,101.88,2025-12-21,other,,
T006430,EUR,C00790,P005,Bright Organizer 05,1,70.21,70.21,0.0,,70.21,0.0,70.21,none,0,,0.0,70.21,2025-12-21,other,,
T006431,EUR,C00751,P010,Pure Band 10,1,31.57,31.57,0.0,,31.57,0.0,31.57,none,0,,0.0,31.57,2025-12-21,other,,
T006432,EUR,C00231,P007,Calm Cream 07,3,21.92,21.92,0.0,,65.76,0.0,65.76,none,0,,0.0,65.76,2025-12-21,website,,V003620
T006433,EUR,C00145,P017,Daily Lamp 17,1,94.4,94.4,0.0,,94.4,0.0,94.4,none,0,,0.0,94.4,2025-12-21,other,,
T006434,EUR,C00157,P015,Calm Cream 15,1,26.81,24.13,0.1,LOYALTY10,26.81,2.68,24.13,none,0,,0.0,24.13,2025-12-21,other,,
T006435,EUR,C00408,P010,Pure Band 10,1,31.57,31.57,0.0,,31.57,0.0,31.57,none,0,,0.0,31.57,2025-12-21,other,,
T006436,EUR,C00020,P020,Essential Bag 20,1,23.79,21.41,0.1,LOYALTY10,23.79,2.38,21.41,none,0,,0.0,21.41,2025-12-21,other,,
T006437,EUR,C00482,P005,Bright Organizer 05,1,70.21,70.21,0.0,,70.21,0.0,70.21,none,0,,0.0,70.21,2025-12-22,other,,
T006438,EUR,C00067,P012,Essential Bag 12,1,99.7,99.7,0.0,,99.7,0.0,99.7,full,1,2025-12-26,99.7,0.0,2025-12-22,other,,
T006439,EUR,C00695,P021,Bright Organizer 21,1,91.23,91.23,0.0,,91.23,0.0,91.23,none,0,,0.0,91.23,2025-12-22,other,,
T006440,EUR,C00247,P015,Calm Cream 15,1,26.81,26.81,0.0,,26.81,0.0,26.81,full,1,2025-12-28,26.81,0.0,2025-12-22,other,,
T006441,EUR,C00611,P027,Urban Bottle 27,1,102.64,92.38,0.1,LOYALTY10,102.64,10.26,92.38,none,0,,0.0,92.38,2025-12-22,other,,
T006442,EUR,C00014,P024,Modern Serum 24,1,66.52,66.52,0.0,,66.52,0.0,66.52,none,0,,0.0,66.52,2025-12-22,other,,
T006443,EUR,C00245,P003,Urban Bottle 03,1,105.26,105.26,0.0,,105.26,0.0,105.26,none,0,,0.0,105.26,2025-12-22,other,,
T006444,EUR,C00662,P025,Daily Lamp 25,2,101.88,101.88,0.0,,203.76,0.0,203.76,none,0,,0.0,203.76,2025-12-22,other,,
T006445,EUR,C00854,P021,Bright Organizer 21,1,91.23,82.11,0.1,LOYALTY10,91.23,9.12,82.11,none,0,,0.0,82.11,2025-12-22,other,,
T006446,EUR,C00881,P004,Essential Bag 04,2,83.73,83.73,0.0,,167.46,0.0,167.46,none,0,,0.0,167.46,2025-12-22,other,,
T006447,EUR,C00341,P002,Pure Band 02,1,19.22,19.22,0.0,,19.22,0.0,19.22,none,0,,0.0,19.22,2025-12-22,other,,
T006448,EUR,C00775,P013,Bright Organizer 13,1,48.36,48.36,0.0,,48.36,0.0,48.36,none,0,,0.0,48.36,2025-12-22,other,,
T006449,EUR,C00076,P011,Urban Bottle 11,3,58.41,58.41,0.0,,175.23,0.0,175.23,none,0,,0.0,175.23,2025-12-22,other,,
T006450,EUR,C00803,P017,Daily Lamp 17,1,94.4,89.68,0.05,WELCOME5,94.4,4.72,89.68,none,0,,0.0,89.68,2025-12-22,other,,
T006451,EUR,C00493,P013,Bright Organizer 13,1,48.36,48.36,0.0,,48.36,0.0,48.36,none,0,,0.0,48.36,2025-12-22,other,,
T006452,EUR,C00185,P026,Pure Band 26,2,23.03,20.73,0.1,LOYALTY10,46.06,4.6,41.46,none,0,,0.0,41.46,2025-12-22,other,,
T006453,EUR,C00490,P030,Active Mat 30,1,15.8,15.8,0.0,,15.8,0.0,15.8,none,0,,0.0,15.8,2025-12-22,other,,
T006454,EUR,C00432,P007,Calm Cream 07,1,21.92,21.92,0.0,,21.92,0.0,21.92,none,0,,0.0,21.92,2025-12-22,other,,
T006455,EUR,C00467,P025,Daily Lamp 25,1,101.88,86.6,0.15,WEEKEND15,101.88,15.28,86.6,none,0,,0.0,86.6,2025-12-22,other,,
T006456,EUR,C00132,P009,Daily Lamp 09,1,27.05,24.35,0.1,LOYALTY10,27.05,2.7,24.35,none,0,,0.0,24.35,2025-12-22,other,,
T006457,EUR,C00116,P007,Calm Cream 07,2,21.92,21.92,0.0,,43.84,0.0,43.84,none,0,,0.0,43.84,2025-12-22,other,,
T006458,EUR,C00721,P005,Bright Organizer 05,2,70.21,59.68,0.15,WEEKEND15,140.42,21.06,119.36,none,0,,0.0,119.36,2025-12-23,other,,
T006459,EUR,C00812,P003,Urban Bottle 03,1,105.26,94.73,0.1,LOYALTY10,105.26,10.53,94.73,none,0,,0.0,94.73,2025-12-23,website,,V007372
T006460,EUR,C00153,P009,Daily Lamp 09,1,27.05,25.7,0.05,WELCOME5,27.05,1.35,25.7,none,0,,0.0,25.7,2025-12-23,other,,
T006461,EUR,C00329,P020,Essential Bag 20,1,23.79,23.79,0.0,,23.79,0.0,23.79,none,0,,0.0,23.79,2025-12-23,other,,
T006462,EUR,C00994,P025,Daily Lamp 25,1,101.88,96.79,0.05,WELCOME5,101.88,5.09,96.79,none,0,,0.0,96.79,2025-12-23,other,,
T006463,EUR,C00590,P023,Calm Cream 23,3,43.34,41.17,0.05,WELCOME5,130.02,6.51,123.51,none,0,,0.0,123.51,2025-12-23,other,,
T006464,EUR,C00410,P002,Pure Band 02,3,19.22,19.22,0.0,,57.66,0.0,57.66,none,0,,0.0,57.66,2025-12-23,other,,
T006465,EUR,C00400,P023,Calm Cream 23,2,43.34,43.34,0.0,,86.68,0.0,86.68,none,0,,0.0,86.68,2025-12-23,website,,V009887
T006466,EUR,C00584,P027,Urban Bottle 27,1,102.64,102.64,0.0,,102.64,0.0,102.64,none,0,,0.0,102.64,2025-12-23,other,,
T006467,EUR,C00778,P028,Essential Bag 28,2,98.03,98.03,0.0,,196.06,0.0,196.06,none,0,,0.0,196.06,2025-12-23,website,,V007277
T006468,EUR,C00952,P011,Urban Bottle 11,1,58.41,58.41,0.0,,58.41,0.0,58.41,none,0,,0.0,58.41,2025-12-23,other,,
T006469,EUR,C00408,P004,Essential Bag 04,1,83.73,83.73,0.0,,83.73,0.0,83.73,none,0,,0.0,83.73,2025-12-23,other,,
T006470,EUR,C00715,P015,Calm Cream 15,1,26.81,26.81,0.0,,26.81,0.0,26.81,none,0,,0.0,26.81,2025-12-23,other,,
T006471,EUR,C00043,P017,Daily Lamp 17,1,94.4,94.4,0.0,,94.4,0.0,94.4,none,0,,0.0,94.4,2025-12-23,other,,
T006472,EUR,C00729,P023,Calm Cream 23,1,43.34,41.17,0.05,WELCOME5,43.34,2.17,41.17,none,0,,0.0,41.17,2025-12-23,website,,V001764
T006473,EUR,C00710,P027,Urban Bottle 27,1,102.64,102.64,0.0,,102.64,0.0,102.64,none,0,,0.0,102.64,2025-12-24,other,,
T006474,EUR,C00744,P028,Essential Bag 28,1,98.03,98.03,0.0,,98.03,0.0,98.03,none,0,,0.0,98.03,2025-12-24,other,,
T006475,EUR,C00205,P022,Active Mat 22,1,31.79,27.02,0.15,HOLIDAY15,31.79,4.77,27.02,none,0,,0.0,27.02,2025-12-24,marketing_campaign,SEND004493,V010591
T006476,EUR,C00075,P008,Modern Serum 08,1,76.74,69.07,0.1,LOYALTY10,76.74,7.67,69.07,none,0,,0.0,69.07,2025-12-24,other,,
T006477,EUR,C00207,P002,Pure Band 02,1,19.22,17.3,0.1,LOYALTY10,19.22,1.92,17.3,none,0,,0.0,17.3,2025-12-24,other,,
T006478,EUR,C00741,P023,Calm Cream 23,1,43.34,43.34,0.0,,43.34,0.0,43.34,full,1,2025-12-28,43.34,0.0,2025-12-24,other,,
T006479,EUR,C00513,P008,Modern Serum 08,2,76.74,76.74,0.0,,153.48,0.0,153.48,none,0,,0.0,153.48,2025-12-24,other,,
T006480,EUR,C00905,P007,Calm Cream 07,1,21.92,18.63,0.15,WEEKEND15,21.92,3.29,18.63,none,0,,0.0,18.63,2025-12-24,website,,V003591
T006481,EUR,C00200,P024,Modern Serum 24,2,66.52,66.52,0.0,,133.04,0.0,133.04,none,0,,0.0,133.04,2025-12-24,other,,
T006482,EUR,C00494,P003,Urban Bottle 03,4,105.26,105.26,0.0,,421.04,0.0,421.04,none,0,,0.0,421.04,2025-12-25,other,,
T006483,EUR,C00547,P002,Pure Band 02,4,19.22,19.22,0.0,,76.88,0.0,76.88,none,0,,0.0,76.88,2025-12-25,other,,
T006484,EUR,C00603,P029,Bright Organizer 29,1,15.67,15.67,0.0,,15.67,0.0,15.67,none,0,,0.0,15.67,2025-12-25,website,,V008323
T006485,EUR,C00995,P011,Urban Bottle 11,1,58.41,55.49,0.05,WELCOME5,58.41,2.92,55.49,none,0,,0.0,55.49,2025-12-25,website,,V008493
T006486,EUR,C00768,P028,Essential Bag 28,3,98.03,93.13,0.05,WELCOME5,294.09,14.7,279.39,none,0,,0.0,279.39,2025-12-25,other,,
T006487,EUR,C00888,P028,Essential Bag 28,1,98.03,93.13,0.05,WELCOME5,98.03,4.9,93.13,full,1,2025-12-27,93.13,0.0,2025-12-25,other,,
T006488,EUR,C00701,P023,Calm Cream 23,1,43.34,43.34,0.0,,43.34,0.0,43.34,none,0,,0.0,43.34,2025-12-25,other,,
T006489,EUR,C00297,P013,Bright Organizer 13,1,48.36,43.52,0.1,LOYALTY10,48.36,4.84,43.52,none,0,,0.0,43.52,2025-12-25,other,,
T006490,EUR,C00784,P013,Bright Organizer 13,3,48.36,43.52,0.1,LOYALTY10,145.08,14.52,130.56,none,0,,0.0,130.56,2025-12-25,other,,
T006491,EUR,C00771,P007,Calm Cream 07,3,21.92,21.92,0.0,,65.76,0.0,65.76,none,0,,0.0,65.76,2025-12-25,other,,
T006492,EUR,C00591,P027,Urban Bottle 27,1,102.64,102.64,0.0,,102.64,0.0,102.64,none,0,,0.0,102.64,2025-12-26,other,,
T006493,EUR,C00137,P015,Calm Cream 15,1,26.81,26.81,0.0,,26.81,0.0,26.81,none,0,,0.0,26.81,2025-12-26,other,,
T006494,EUR,C00171,P003,Urban Bottle 03,1,105.26,89.47,0.15,HOLIDAY15,105.26,15.79,89.47,none,0,,0.0,89.47,2025-12-26,marketing_campaign,SEND004673,V010614
T006495,EUR,C00547,P015,Calm Cream 15,1,26.81,26.81,0.0,,26.81,0.0,26.81,none,0,,0.0,26.81,2025-12-26,other,,
T006496,EUR,C00293,P013,Bright Organizer 13,2,48.36,48.36,0.0,,96.72,0.0,96.72,none,0,,0.0,96.72,2025-12-26,other,,
T006497,EUR,C00551,P022,Active Mat 22,1,31.79,31.79,0.0,,31.79,0.0,31.79,none,0,,0.0,31.79,2025-12-26,website,,V002678
T006498,EUR,C00550,P015,Calm Cream 15,2,26.81,26.81,0.0,,53.62,0.0,53.62,none,0,,0.0,53.62,2025-12-26,other,,
T006499,EUR,C00154,P028,Essential Bag 28,1,98.03,98.03,0.0,,98.03,0.0,98.03,none,0,,0.0,98.03,2025-12-26,website,,V005524
T006500,EUR,C00178,P009,Daily Lamp 09,1,27.05,27.05,0.0,,27.05,0.0,27.05,none,0,,0.0,27.05,2025-12-26,other,,
T006501,EUR,C00279,P021,Bright Organizer 21,1,91.23,86.67,0.05,WELCOME5,91.23,4.56,86.67,none,0,,0.0,86.67,2025-12-27,other,,
T006502,EUR,C00900,P007,Calm Cream 07,1,21.92,21.92,0.0,,21.92,0.0,21.92,none,0,,0.0,21.92,2025-12-27,other,,
T006503,EUR,C00789,P003,Urban Bottle 03,1,105.26,105.26,0.0,,105.26,0.0,105.26,none,0,,0.0,105.26,2025-12-27,website,,V002640
T006504,EUR,C00654,P009,Daily Lamp 09,1,27.05,24.35,0.1,LOYALTY10,27.05,2.7,24.35,none,0,,0.0,24.35,2025-12-27,other,,
T006505,EUR,C00450,P010,Pure Band 10,1,31.57,31.57,0.0,,31.57,0.0,31.57,none,0,,0.0,31.57,2025-12-27,website,,V001246
T006506,EUR,C00914,P017,Daily Lamp 17,1,94.4,94.4,0.0,,94.4,0.0,94.4,none,0,,0.0,94.4,2025-12-27,other,,
T006507,EUR,C00204,P028,Essential Bag 28,1,98.03,98.03,0.0,,98.03,0.0,98.03,none,0,,0.0,98.03,2025-12-27,other,,
T006508,EUR,C00990,P015,Calm Cream 15,2,26.81,26.81,0.0,,53.62,0.0,53.62,partial,1,2025-12-28,26.81,26.81,2025-12-27,other,,
T006509,EUR,C00538,P007,Calm Cream 07,1,21.92,21.92,0.0,,21.92,0.0,21.92,none,0,,0.0,21.92,2025-12-28,other,,
T006510,EUR,C00169,P010,Pure Band 10,3,31.57,31.57,0.0,,94.71,0.0,94.71,none,0,,0.0,94.71,2025-12-28,other,,
T006511,EUR,C00333,P015,Calm Cream 15,1,26.81,26.81,0.0,,26.81,0.0,26.81,none,0,,0.0,26.81,2025-12-28,other,,
T006512,EUR,C00295,P021,Bright Organizer 21,2,91.23,91.23,0.0,,182.46,0.0,182.46,none,0,,0.0,182.46,2025-12-28,other,,
T006513,EUR,C00349,P028,Essential Bag 28,2,98.03,83.33,0.15,WEEKEND15,196.06,29.4,166.66,none,0,,0.0,166.66,2025-12-29,other,,
T006514,EUR,C00809,P020,Essential Bag 20,1,23.79,23.79,0.0,,23.79,0.0,23.79,none,0,,0.0,23.79,2025-12-29,other,,
T006515,EUR,C00126,P010,Pure Band 10,2,31.57,31.57,0.0,,63.14,0.0,63.14,none,0,,0.0,63.14,2025-12-29,other,,
T006516,EUR,C00761,P028,Essential Bag 28,1,98.03,98.03,0.0,,98.03,0.0,98.03,none,0,,0.0,98.03,2025-12-29,other,,
T006517,EUR,C00596,P027,Urban Bottle 27,1,102.64,102.64,0.0,,102.64,0.0,102.64,none,0,,0.0,102.64,2025-12-29,website,,V000069
T006518,EUR,C00840,P027,Urban Bottle 27,1,102.64,102.64,0.0,,102.64,0.0,102.64,none,0,,0.0,102.64,2025-12-29,other,,
T006519,EUR,C00647,P022,Active Mat 22,1,31.79,31.79,0.0,,31.79,0.0,31.79,none,0,,0.0,31.79,2025-12-29,other,,
T006520,EUR,C00464,P008,Modern Serum 08,1,76.74,76.74,0.0,,76.74,0.0,76.74,none,0,,0.0,76.74,2025-12-29,other,,
T006521,EUR,C00443,P013,Bright Organizer 13,2,48.36,48.36,0.0,,96.72,0.0,96.72,none,0,,0.0,96.72,2025-12-29,other,,
T006522,EUR,C00500,P008,Modern Serum 08,1,76.74,76.74,0.0,,76.74,0.0,76.74,none,0,,0.0,76.74,2025-12-29,other,,
T006523,EUR,C00326,P003,Urban Bottle 03,1,105.26,105.26,0.0,,105.26,0.0,105.26,none,0,,0.0,105.26,2025-12-29,other,,
T006524,EUR,C00433,P010,Pure Band 10,1,31.57,31.57,0.0,,31.57,0.0,31.57,none,0,,0.0,31.57,2025-12-29,other,,
T006525,EUR,C00394,P003,Urban Bottle 03,1,105.26,105.26,0.0,,105.26,0.0,105.26,none,0,,0.0,105.26,2025-12-29,other,,
T006526,EUR,C00209,P027,Urban Bottle 27,1,102.64,102.64,0.0,,102.64,0.0,102.64,none,0,,0.0,102.64,2025-12-29,other,,
T006527,EUR,C00769,P017,Daily Lamp 17,2,94.4,94.4,0.0,,188.8,0.0,188.8,none,0,,0.0,188.8,2025-12-30,other,,
T006528,EUR,C00204,P027,Urban Bottle 27,1,102.64,92.38,0.1,LOYALTY10,102.64,10.26,92.38,none,0,,0.0,92.38,2025-12-30,other,,
T006529,EUR,C00884,P029,Bright Organizer 29,1,15.67,15.67,0.0,,15.67,0.0,15.67,none,0,,0.0,15.67,2025-12-30,other,,
T006530,EUR,C00117,P008,Modern Serum 08,1,76.74,76.74,0.0,,76.74,0.0,76.74,none,0,,0.0,76.74,2025-12-30,other,,
T006531,EUR,C00339,P021,Bright Organizer 21,1,91.23,91.23,0.0,,91.23,0.0,91.23,none,0,,0.0,91.23,2025-12-30,other,,
T006532,EUR,C00804,P009,Daily Lamp 09,1,27.05,27.05,0.0,,27.05,0.0,27.05,none,0,,0.0,27.05,2025-12-30,other,,
T006533,EUR,C00659,P010,Pure Band 10,1,31.57,31.57,0.0,,31.57,0.0,31.57,none,0,,0.0,31.57,2025-12-30,other,,
T006534,EUR,C00916,P007,Calm Cream 07,1,21.92,21.92,0.0,,21.92,0.0,21.92,none,0,,0.0,21.92,2025-12-31,website,,V009416
T006535,EUR,C00588,P021,Bright Organizer 21,1,91.23,91.23,0.0,,91.23,0.0,91.23,none,0,,0.0,91.23,2025-12-31,other,,
T006536,EUR,C00020,P017,Daily Lamp 17,1,94.4,94.4,0.0,,94.4,0.0,94.4,none,0,,0.0,94.4,2025-12-31,other,,
T006537,EUR,C00336,P010,Pure Band 10,1,31.57,31.57,0.0,,31.57,0.0,31.57,none,0,,0.0,31.57,2025-12-31,other,,
T006538,EUR,C00966,P009,Daily Lamp 09,1,27.05,27.05,0.0,,27.05,0.0,27.05,none,0,,0.0,27.05,2025-12-31,other,,
T006539,EUR,C00766,P025,Daily Lamp 25,1,101.88,86.6,0.15,HOLIDAY15,101.88,15.28,86.6,none,0,,0.0,86.6,2025-12-31,marketing_campaign,SEND005004,V010663
T006540,EUR,C00328,P027,Urban Bottle 27,1,102.64,97.51,0.05,WELCOME5,102.64,5.13,97.51,none,0,,0.0,97.51,2025-12-31,other,,
T006541,EUR,C00463,P009,Daily Lamp 09,1,27.05,27.05,0.0,,27.05,0.0,27.05,none,0,,0.0,27.05,2025-12-31,other,,
T006542,EUR,C00741,P003,Urban Bottle 03,1,105.26,94.73,0.1,LOYALTY10,105.26,10.53,94.73,none,0,,0.0,94.73,2025-12-31,other,,
T006543,EUR,C00771,P007,Calm Cream 07,1,21.92,18.63,0.15,HOLIDAY15,21.92,3.29,18.63,none,0,,0.0,18.63,2025-12-31,marketing_campaign,SEND004843,V010637
T006544,EUR,C00087,P028,Essential Bag 28,1,98.03,98.03,0.0,,98.03,0.0,98.03,none,0,,0.0,98.03,2025-12-31,other,,
T006545,EUR,C00033,P010,Pure Band 10,1,31.57,31.57,0.0,,31.57,0.0,31.57,none,0,,0.0,31.57,2025-12-31,website,,V002595
T006546,EUR,C00072,P020,Essential Bag 20,1,23.79,23.79,0.0,,23.79,0.0,23.79,none,0,,0.0,23.79,2025-12-31,other,,
T006547,EUR,C00302,P003,Urban Bottle 03,1,105.26,105.26,0.0,,105.26,0.0,105.26,none,0,,0.0,105.26,2025-12-31,website,,V006280
T006548,EUR,C00872,P013,Bright Organizer 13,1,48.36,48.36,0.0,,48.36,0.0,48.36,none,0,,0.0,48.36,2025-12-31,other,,
