visit_id,customer_id,visit_date,traffic_source,product_id,product_viewed,product_available,added_to_cart,purchased,time_spent,promotion_code,transaction_id,campaign_send_id
V010001,C00416,2025-12-21,paid_search,P013,Bright Organizer 13,true,false,false,72,HOLIDAY15,,SEND000018
V010002,C00777,2025-05-14,email,P025,Daily Lamp 25,true,false,false,214,MEMBER15,,SEND000020
V010003,C00241,2025-09-16,email,P026,Pure Band 26,true,false,false,144,ROUTINE10,,SEND000024
V010004,C00278,2025-12-03,paid_search,P014,Active Mat 14,true,true,true,29,HOLIDAY15,T006121,SEND000029
V010005,C00146,2025-07-11,paid_search,P019,Urban Bottle 19,true,false,false,52,SUMMER5,,SEND000048
V010006,C00315,2025-09-18,email,P019,Urban Bottle 19,false,false,false,52,ROUTINE10,,SEND000055
V010007,C00445,2025-11-25,email,P003,Urban Bottle 03,true,false,false,116,GIFT10,,SEND000065
V010008,C00669,2025-09-15,paid_search,P001,Daily Lamp 01,true,false,false,88,AUTUMN5,,SEND000074
V010009,C00060,2025-02-16,email,P011,Urban Bottle 11,true,true,false,22,RESET10,,SEND000086
V010010,C00338,2025-05-16,email,P001,Daily Lamp 01,true,true,false,73,MEMBER15,,SEND000101
V010011,C00936,2025-04-23,paid_search,P023,Calm Cream 23,true,true,true,44,SPRING10,T002159,SEND000105
V010012,C00363,2025-11-11,paid_search,P003,Urban Bottle 03,true,false,false,75,HOLIDAY15,,SEND000115
V010013,C00038,2025-09-29,paid_search,P015,Calm Cream 15,true,true,false,72,AUTUMN5,,SEND000117
V010014,C00847,2025-08-08,paid_search,P005,Bright Organizer 05,true,false,false,289,SUMMER5,,SEND000124
V010015,C00860,2025-03-01,email,P017,Daily Lamp 17,true,false,false,464,RESET10,,SEND000143
V010016,C00270,2025-09-20,email,P025,Daily Lamp 25,true,false,false,65,ROUTINE10,,SEND000144
V010017,C00562,2025-11-16,email,P021,Bright Organizer 21,true,true,false,72,GIFT10,,SEND000160
V010018,C00842,2025-12-31,paid_search,P011,Urban Bottle 11,false,false,false,218,HOLIDAY15,,SEND000161
V010019,C00858,2025-09-18,email,P005,Bright Organizer 05,true,false,false,45,ROUTINE10,,SEND000163
V010020,C00122,2025-08-26,email,P008,Modern Serum 08,true,false,false,222,ROUTINE10,,SEND000165
V010021,C00558,2025-06-23,email,P019,Urban Bottle 19,true,false,false,72,MEMBER15,,SEND000172
V010022,C00530,2025-04-10,paid_search,P030,Active Mat 30,true,false,false,28,SPRING10,,SEND000173
V010023,C00132,2025-09-13,paid_search,P001,Daily Lamp 01,true,false,false,81,AUTUMN5,,SEND000179
V010024,C00329,2025-11-20,paid_search,P007,Calm Cream 07,true,false,false,115,HOLIDAY15,,SEND000184
V010025,C00406,2025-05-10,email,P029,Bright Organizer 29,true,true,false,457,MEMBER15,,SEND000186
V010026,C00320,2025-10-13,email,P024,Modern Serum 24,true,false,false,167,ROUTINE10,,SEND000189
V010027,C00483,2025-11-17,paid_search,P013,Bright Organizer 13,true,false,false,71,HOLIDAY15,,SEND000202
V010028,C00768,2025-08-07,paid_search,P019,Urban Bottle 19,true,true,false,121,SUMMER5,,SEND000217
V010029,C00092,2025-11-25,paid_search,P017,Daily Lamp 17,true,true,true,35,HOLIDAY15,T006024,SEND000225
V010030,C00184,2025-12-01,email,P013,Bright Organizer 13,true,false,false,31,GIFT10,,SEND000226
V010031,C00181,2025-09-26,email,P018,Pure Band 18,true,true,false,69,ROUTINE10,,SEND000271
V010032,C00808,2025-11-29,email,P015,Calm Cream 15,true,false,false,34,GIFT10,,SEND000273
V010033,C00055,2025-09-23,email,P024,Modern Serum 24,true,true,true,45,ROUTINE10,T004952,SEND000274
V010034,C00531,2025-07-05,paid_search,P020,Essential Bag 20,true,false,false,42,SUMMER5,,SEND000277
V010035,C00012,2025-12-14,paid_search,P001,Daily Lamp 01,true,true,true,180,HOLIDAY15,T006326,SEND000288
V010036,C00043,2025-10-29,paid_search,P002,Pure Band 02,true,false,false,140,AUTUMN5,,SEND000299
V010037,C00675,2025-11-18,email,P029,Bright Organizer 29,true,false,false,320,GIFT10,,SEND000301
V010038,C00005,2025-01-19,email,P007,Calm Cream 07,true,true,true,10,RESET10,T000359,SEND000307
V010039,C00080,2025-02-12,email,P025,Daily Lamp 25,true,false,false,38,RESET10,,SEND000327
V010040,C00053,2025-08-16,email,P014,Active Mat 14,true,false,false,127,ROUTINE10,,SEND000350
V010041,C00249,2025-04-22,paid_search,P011,Urban Bottle 11,true,true,false,1555,SPRING10,,SEND000352
V010042,C00045,2025-06-01,email,P028,Essential Bag 28,true,false,false,223,MEMBER15,,SEND000355
V010043,C00766,2025-09-30,email,P013,Bright Organizer 13,true,false,false,91,ROUTINE10,,SEND000361
V010044,C00836,2025-11-19,email,P023,Calm Cream 23,true,false,false,80,GIFT10,,SEND000362
V010045,C00670,2025-05-22,email,P026,Pure Band 26,true,false,false,41,MEMBER15,,SEND000369
V010046,C00724,2025-10-07,paid_search,P028,Essential Bag 28,true,false,false,55,AUTUMN5,,SEND000377
V010047,C00442,2025-11-25,paid_search,P003,Urban Bottle 03,true,false,false,74,HOLIDAY15,,SEND000386
V010048,C00518,2025-04-30,paid_search,P014,Active Mat 14,true,false,false,72,SPRING10,,SEND000395
V010049,C00303,2025-11-13,email,P019,Urban Bottle 19,true,false,false,222,GIFT10,,SEND000396
V010050,C00990,2025-05-08,email,P013,Bright Organizer 13,true,false,false,44,MEMBER15,,SEND000403
V010051,C00257,2025-11-28,paid_search,P019,Urban Bottle 19,false,false,false,84,HOLIDAY15,,SEND000406
V010052,C00995,2025-05-11,email,P030,Active Mat 30,true,false,false,26,MEMBER15,,SEND000410
V010053,C00823,2025-08-30,paid_search,P010,Pure Band 10,true,false,false,179,SUMMER5,,SEND000411
V010054,C00149,2025-04-25,paid_search,P024,Modern Serum 24,true,false,false,53,SPRING10,,SEND000413
V010055,C00243,2025-06-10,paid_search,P003,Urban Bottle 03,true,false,false,35,SUMMER5,,SEND000430
V010056,C00114,2025-06-09,email,P014,Active Mat 14,true,true,true,48,MEMBER15,T003047,SEND000440
V010057,C00400,2025-04-10,paid_search,P012,Essential Bag 12,true,false,false,30,SPRING10,,SEND000453
V010058,C00914,2025-09-06,email,P029,Bright Organizer 29,true,false,false,65,ROUTINE10,,SEND000465
V010059,C00507,2025-12-25,paid_search,P010,Pure Band 10,true,false,false,66,HOLIDAY15,,SEND000479
V010060,C00191,2025-08-21,email,P025,Daily Lamp 25,true,false,false,140,ROUTINE10,,SEND000484
V010061,C00938,2025-08-23,email,P019,Urban Bottle 19,false,false,false,34,ROUTINE10,,SEND000486
V010062,C00104,2025-04-03,paid_search,P026,Pure Band 26,true,false,false,40,SPRING10,,SEND000492
V010063,C00257,2025-11-27,email,P003,Urban Bottle 03,true,false,false,151,GIFT10,,SEND000496
V010064,C00745,2025-12-15,paid_search,P003,Urban Bottle 03,true,false,false,36,HOLIDAY15,,SEND000511
V010065,C00277,2025-03-25,paid_search,P026,Pure Band 26,true,true,true,64,SPRING10,T001594,SEND000513
V010066,C00557,2025-10-11,email,P008,Modern Serum 08,true,true,true,8,ROUTINE10,T005265,SEND000526
V010067,C00726,2025-11-30,email,P004,Essential Bag 04,false,false,false,138,GIFT10,,SEND000532
V010068,C00813,2025-10-04,email,P003,Urban Bottle 03,true,false,false,409,ROUTINE10,,SEND000533
V010069,C00926,2025-12-30,paid_search,P022,Active Mat 22,true,false,false,115,HOLIDAY15,,SEND000544
V010070,C00876,2025-02-10,email,P020,Essential Bag 20,true,false,false,242,RESET10,,SEND000547
V010071,C00725,2025-02-28,email,P004,Essential Bag 04,true,false,false,45,RESET10,,SEND000554
V010072,C00027,2025-11-29,email,P001,Daily Lamp 01,true,false,false,194,GIFT10,,SEND000555
V010073,C00801,2025-09-17,email,P022,Active Mat 22,true,true,true,226,ROUTINE10,T004865,SEND000569
V010074,C00382,2025-04-17,paid_search,P004,Essential Bag 04,true,false,false,41,SPRING10,,SEND000570
V010075,C00588,2025-12-30,paid_search,P022,Active Mat 22,true,false,false,38,HOLIDAY15,,SEND000573
V010076,C00984,2025-12-16,paid_search,P021,Bright Organizer 21,true,false,false,18,HOLIDAY15,,SEND000577
V010077,C00196,2025-08-20,paid_search,P010,Pure Band 10,true,false,false,101,SUMMER5,,SEND000595
V010078,C00023,2025-09-08,email,P012,Essential Bag 12,true,false,false,48,ROUTINE10,,SEND000604
V010079,C00967,2025-08-11,email,P016,Modern Serum 16,true,false,false,132,ROUTINE10,,SEND000605
V010080,C00425,2025-11-13,paid_search,P005,Bright Organizer 05,true,false,false,33,HOLIDAY15,,SEND000608
V010081,C00676,2025-08-24,email,P016,Modern Serum 16,false,false,false,54,ROUTINE10,,SEND000609
V010082,C00047,2025-12-28,paid_search,P011,Urban Bottle 11,false,false,false,952,HOLIDAY15,,SEND000642
V010083,C00314,2025-11-22,email,P014,Active Mat 14,false,false,false,64,GIFT10,,SEND000646
V010084,C00793,2025-01-24,email,P009,Daily Lamp 09,true,false,false,534,RESET10,,SEND000656
V010085,C00995,2025-09-22,paid_search,P006,Active Mat 06,false,false,false,258,AUTUMN5,,SEND000684
V010086,C00200,2025-04-07,paid_search,P004,Essential Bag 04,true,false,false,216,SPRING10,,SEND000685
V010087,C00659,2025-10-16,paid_search,P024,Modern Serum 24,true,false,false,60,AUTUMN5,,SEND000693
V010088,C00565,2025-03-03,email,P029,Bright Organizer 29,true,true,true,954,RESET10,T001153,SEND000696
V010089,C00979,2025-09-15,paid_search,P007,Calm Cream 07,true,false,false,137,AUTUMN5,,SEND000704
V010090,C00971,2025-11-26,email,P017,Daily Lamp 17,true,false,false,114,GIFT10,,SEND000709
V010091,C00481,2025-07-17,paid_search,P005,Bright Organizer 05,true,true,false,16,SUMMER5,,SEND000724
V010092,C00186,2025-10-27,paid_search,P011,Urban Bottle 11,false,false,false,150,AUTUMN5,,SEND000727
V010093,C00670,2025-02-20,email,P025,Daily Lamp 25,true,false,false,191,RESET10,,SEND000728
V010094,C00989,2025-02-20,email,P009,Daily Lamp 09,true,true,true,25,RESET10,T000941,SEND000731
V010095,C00490,2025-12-31,paid_search,P023,Calm Cream 23,false,false,false,202,HOLIDAY15,,SEND000737
V010096,C00703,2025-05-19,email,P027,Urban Bottle 27,true,false,false,179,MEMBER15,,SEND000741
V010097,C00821,2025-10-22,paid_search,P010,Pure Band 10,true,true,true,55,AUTUMN5,T005475,SEND000791
V010098,C00552,2025-03-19,paid_search,P025,Daily Lamp 25,true,false,false,89,SPRING10,,SEND000796
V010099,C00886,2025-01-27,email,P017,Daily Lamp 17,true,false,false,105,RESET10,,SEND000817
V010100,C00670,2025-10-13,paid_search,P012,Essential Bag 12,false,false,false,59,AUTUMN5,,SEND000821
V010101,C00769,2025-09-24,paid_search,P026,Pure Band 26,true,false,false,67,AUTUMN5,,SEND000828
V010102,C00424,2025-10-03,email,P010,Pure Band 10,true,true,true,56,ROUTINE10,T005103,SEND000834
V010103,C00529,2025-09-13,email,P025,Daily Lamp 25,true,false,false,54,ROUTINE10,,SEND000841
V010104,C00497,2025-11-14,email,P026,Pure Band 26,true,false,false,38,GIFT10,,SEND000842
V010105,C00499,2025-05-14,email,P006,Active Mat 06,true,true,false,41,MEMBER15,,SEND000843
V010106,C00958,2025-09-11,email,P018,Pure Band 18,true,true,false,48,ROUTINE10,,SEND000845
V010107,C00247,2025-04-02,paid_search,P024,Modern Serum 24,true,true,true,49,SPRING10,T001747,SEND000880
V010108,C00523,2025-11-18,paid_search,P014,Active Mat 14,false,false,false,50,HOLIDAY15,,SEND000890
V010109,C00728,2025-06-25,paid_search,P014,Active Mat 14,true,false,false,28,SUMMER5,,SEND000897
V010110,C00044,2025-05-09,email,P028,Essential Bag 28,true,false,false,84,MEMBER15,,SEND000898
V010111,C00696,2025-01-20,email,P014,Active Mat 14,true,false,false,82,RESET10,,SEND000899
V010112,C00454,2025-06-13,paid_search,P011,Urban Bottle 11,true,false,false,100,SUMMER5,,SEND000902
V010113,C00690,2025-02-05,email,P014,Active Mat 14,true,false,false,103,RESET10,,SEND000903
V010114,C00257,2025-11-18,email,P028,Essential Bag 28,true,true,true,81,GIFT10,T005923,SEND000906
V010115,C00736,2025-01-14,email,P022,Active Mat 22,true,true,false,25,RESET10,,SEND000907
V010116,C00438,2025-07-21,paid_search,P012,Essential Bag 12,false,false,false,106,SUMMER5,,SEND000910
V010117,C00447,2025-11-11,email,P010,Pure Band 10,true,false,false,63,GIFT10,,SEND000914
V010118,C00097,2025-11-28,paid_search,P006,Active Mat 06,false,false,false,71,HOLIDAY15,,SEND000920
V010119,C00017,2025-06-23,email,P006,Active Mat 06,false,false,false,159,MEMBER15,,SEND000928
V010120,C00394,2025-09-14,email,P012,Essential Bag 12,true,false,false,77,ROUTINE10,,SEND000929
V010121,C00320,2025-02-05,email,P004,Essential Bag 04,true,false,false,35,RESET10,,SEND000933
V010122,C00541,2025-11-17,email,P022,Active Mat 22,true,false,false,83,GIFT10,,SEND000936
V010123,C00657,2025-08-14,email,P010,Pure Band 10,true,false,false,117,ROUTINE10,,SEND000940
V010124,C00122,2025-09-24,paid_search,P003,Urban Bottle 03,true,false,false,67,AUTUMN5,,SEND000947
V010125,C00394,2025-05-21,email,P018,Pure Band 18,true,false,false,52,MEMBER15,,SEND000953
V010126,C00105,2025-04-27,paid_search,P008,Modern Serum 08,true,true,true,132,SPRING10,T002233,SEND000959
V010127,C00954,2025-02-18,email,P007,Calm Cream 07,true,false,false,154,RESET10,,SEND000966
V010128,C00657,2025-07-31,paid_search,P019,Urban Bottle 19,true,false,false,45,SUMMER5,,SEND000973
V010129,C00859,2025-10-01,email,P019,Urban Bottle 19,true,false,false,66,ROUTINE10,,SEND000982
V010130,C00530,2025-09-22,paid_search,P029,Bright Organizer 29,true,true,false,126,AUTUMN5,,SEND000997
V010131,C00294,2025-04-23,paid_search,P009,Daily Lamp 09,true,false,false,154,SPRING10,,SEND001008
V010132,C00211,2025-10-16,paid_search,P014,Active Mat 14,true,false,false,348,AUTUMN5,,SEND001022
V010133,C00128,2025-09-05,email,P027,Urban Bottle 27,true,true,false,43,ROUTINE10,,SEND001043
V010134,C00245,2025-11-10,email,P026,Pure Band 26,true,false,false,104,GIFT10,,SEND001058
V010135,C00372,2025-09-18,paid_search,P013,Bright Organizer 13,true,false,false,145,AUTUMN5,,SEND001074
V010136,C00901,2025-03-07,email,P004,Essential Bag 04,true,false,false,160,RESET10,,SEND001077
V010137,C00700,2025-07-22,paid_search,P025,Daily Lamp 25,true,true,false,115,SUMMER5,,SEND001079
V010138,C00198,2025-09-03,paid_search,P025,Daily Lamp 25,true,false,false,23,SUMMER5,,SEND001088
V010139,C00459,2025-10-02,paid_search,P008,Modern Serum 08,true,false,false,108,AUTUMN5,,SEND001091
V010140,C00638,2025-10-04,email,P016,Modern Serum 16,true,false,false,33,ROUTINE10,,SEND001094
V010141,C00453,2025-11-29,paid_search,P025,Daily Lamp 25,true,false,false,77,HOLIDAY15,,SEND001096
V010142,C00683,2025-03-09,email,P021,Bright Organizer 21,true,false,false,14,RESET10,,SEND001099
V010143,C00556,2025-11-19,email,P023,Calm Cream 23,true,true,false,441,GIFT10,,SEND001102
V010144,C00158,2025-11-02,paid_search,P015,Calm Cream 15,true,false,false,283,HOLIDAY15,,SEND001105
V010145,C00949,2025-08-17,paid_search,P030,Active Mat 30,true,true,false,396,SUMMER5,,SEND001107
V010146,C00230,2025-11-17,email,P020,Essential Bag 20,true,false,false,142,GIFT10,,SEND001109
V010147,C00652,2025-02-08,email,P003,Urban Bottle 03,true,true,false,28,RESET10,,SEND001127
V010148,C00429,2025-12-09,paid_search,P028,Essential Bag 28,true,false,false,265,HOLIDAY15,,SEND001136
V010149,C00392,2025-08-06,paid_search,P026,Pure Band 26,true,false,false,107,SUMMER5,,SEND001142
V010150,C00771,2025-05-26,email,P018,Pure Band 18,true,true,false,75,MEMBER15,,SEND001148
V010151,C00286,2025-10-07,paid_search,P013,Bright Organizer 13,true,false,false,720,AUTUMN5,,SEND001167
V010152,C00326,2025-06-19,paid_search,P028,Essential Bag 28,true,false,false,204,SUMMER5,,SEND001183
V010153,C00984,2025-07-11,paid_search,P001,Daily Lamp 01,true,false,false,366,SUMMER5,,SEND001189
V010154,C00697,2025-01-23,email,P030,Active Mat 30,true,false,false,53,RESET10,,SEND001198
V010155,C00425,2025-02-22,email,P019,Urban Bottle 19,true,false,false,45,RESET10,,SEND001204
V010156,C00841,2025-07-04,email,P010,Pure Band 10,true,false,false,30,MEMBER15,,SEND001206
V010157,C00896,2025-07-11,email,P008,Modern Serum 08,true,true,false,39,MEMBER15,,SEND001208
V010158,C00027,2025-10-21,paid_search,P028,Essential Bag 28,true,false,false,74,AUTUMN5,,SEND001211
V010159,C00366,2025-09-29,email,P001,Daily Lamp 01,false,false,false,131,ROUTINE10,,SEND001213
V010160,C00622,2025-11-17,email,P004,Essential Bag 04,false,false,false,70,GIFT10,,SEND001217
V010161,C00499,2025-09-18,email,P029,Bright Organizer 29,true,false,false,91,ROUTINE10,,SEND001220
V010162,C00756,2025-01-26,email,P020,Essential Bag 20,true,true,false,76,RESET10,,SEND001223
V010163,C00285,2025-11-25,email,P026,Pure Band 26,true,false,false,39,GIFT10,,SEND001234
V010164,C00958,2025-01-24,email,P008,Modern Serum 08,true,false,false,41,RESET10,,SEND001242
V010165,C00480,2025-07-13,paid_search,P010,Pure Band 10,true,false,false,20,SUMMER5,,SEND001248
V010166,C00625,2025-11-10,email,P028,Essential Bag 28,true,false,false,24,GIFT10,,SEND001253
V010167,C00519,2025-12-16,paid_search,P007,Calm Cream 07,true,false,false,101,HOLIDAY15,,SEND001259
V010168,C00570,2025-11-23,email,P025,Daily Lamp 25,true,false,false,43,GIFT10,,SEND001261
V010169,C00979,2025-04-14,paid_search,P017,Daily Lamp 17,true,false,false,94,SPRING10,,SEND001264
V010170,C00098,2025-09-20,email,P002,Pure Band 02,true,false,false,143,ROUTINE10,,SEND001269
V010171,C00053,2025-11-12,email,P023,Calm Cream 23,true,false,false,230,GIFT10,,SEND001270
V010172,C00498,2025-07-01,email,P026,Pure Band 26,true,false,false,87,MEMBER15,,SEND001273
V010173,C00684,2025-08-25,paid_search,P022,Active Mat 22,true,false,false,31,SUMMER5,,SEND001275
V010174,C00951,2025-09-01,paid_search,P009,Daily Lamp 09,true,true,true,220,SUMMER5,T004576,SEND001278
V010175,C00280,2025-11-09,paid_search,P030,Active Mat 30,true,false,false,19,HOLIDAY15,,SEND001290
V010176,C00137,2025-11-06,email,P009,Daily Lamp 09,true,false,false,31,GIFT10,,SEND001305
V010177,C00780,2025-12-28,paid_search,P007,Calm Cream 07,true,false,false,112,HOLIDAY15,,SEND001310
V010178,C00111,2025-06-17,email,P027,Urban Bottle 27,true,false,false,100,MEMBER15,,SEND001319
V010179,C00521,2025-02-15,email,P017,Daily Lamp 17,true,true,false,23,RESET10,,SEND001325
V010180,C00614,2025-05-04,paid_search,P013,Bright Organizer 13,true,false,false,22,SPRING10,,SEND001336
V010181,C00724,2025-09-24,paid_search,P009,Daily Lamp 09,true,true,true,46,AUTUMN5,T004973,SEND001342
V010182,C00591,2025-07-20,paid_search,P005,Bright Organizer 05,false,false,false,53,SUMMER5,,SEND001347
V010183,C00842,2025-07-02,email,P017,Daily Lamp 17,true,false,false,84,MEMBER15,,SEND001356
V010184,C00902,2025-09-20,email,P025,Daily Lamp 25,true,false,false,135,ROUTINE10,,SEND001359
V010185,C00990,2025-12-31,paid_search,P015,Calm Cream 15,true,true,false,67,HOLIDAY15,,SEND001360
V010186,C00949,2025-03-07,paid_search,P001,Daily Lamp 01,true,false,false,23,SPRING10,,SEND001361
V010187,C00456,2025-12-17,paid_search,P026,Pure Band 26,true,false,false,148,HOLIDAY15,,SEND001380
V010188,C00983,2025-12-14,paid_search,P004,Essential Bag 04,true,false,false,83,HOLIDAY15,,SEND001387
V010189,C00837,2025-12-05,email,P004,Essential Bag 04,true,false,false,55,GIFT10,,SEND001389
V010190,C00687,2025-02-25,email,P006,Active Mat 06,true,true,true,93,RESET10,T001035,SEND001391
V010191,C00695,2025-03-15,paid_search,P021,Bright Organizer 21,true,true,false,136,SPRING10,,SEND001418
V010192,C00964,2025-11-09,paid_search,P004,Essential Bag 04,true,true,true,19,HOLIDAY15,T005759,SEND001435
V010193,C00483,2025-08-28,email,P016,Modern Serum 16,false,false,false,73,ROUTINE10,,SEND001436
V010194,C00823,2025-11-15,email,P009,Daily Lamp 09,true,false,false,94,GIFT10,,SEND001447
V010195,C00331,2025-05-17,email,P028,Essential Bag 28,true,false,false,77,MEMBER15,,SEND001464
V010196,C00456,2025-10-02,paid_search,P025,Daily Lamp 25,true,false,false,327,AUTUMN5,,SEND001478
V010197,C00389,2025-10-12,paid_search,P006,Active Mat 06,true,true,false,126,AUTUMN5,,SEND001482
V010198,C00830,2025-11-08,paid_search,P022,Active Mat 22,true,true,true,118,AUTUMN5,T005736,SEND001496
V010199,C00784,2025-08-31,paid_search,P014,Active Mat 14,false,false,false,45,SUMMER5,,SEND001507
V010200,C00035,2025-12-19,paid_search,P014,Active Mat 14,false,false,false,44,HOLIDAY15,,SEND001508
V010201,C00405,2025-11-23,email,P011,Urban Bottle 11,false,false,false,68,GIFT10,,SEND001519
V010202,C00810,2025-09-23,paid_search,P030,Active Mat 30,true,true,true,136,AUTUMN5,T004942,SEND001520
V010203,C00594,2025-06-20,paid_search,P011,Urban Bottle 11,true,true,true,135,SUMMER5,T003244,SEND001527
V010204,C00459,2025-06-18,paid_search,P021,Bright Organizer 21,true,true,false,33,SUMMER5,,SEND001547
V010205,C00599,2025-09-15,email,P004,Essential Bag 04,true,false,false,22,ROUTINE10,,SEND001553
V010206,C00837,2025-11-24,email,P003,Urban Bottle 03,true,false,false,190,GIFT10,,SEND001572
V010207,C00369,2025-11-24,paid_search,P013,Bright Organizer 13,true,false,false,25,HOLIDAY15,,SEND001600
V010208,C00757,2025-11-13,email,P027,Urban Bottle 27,true,false,false,120,GIFT10,,SEND001619
V010209,C00696,2025-07-03,email,P029,Bright Organizer 29,true,false,false,38,MEMBER15,,SEND001623
V010210,C00345,2025-08-20,paid_search,P018,Pure Band 18,true,true,true,251,SUMMER5,T004391,SEND001631
V010211,C00455,2025-05-10,email,P009,Daily Lamp 09,true,false,false,50,MEMBER15,,SEND001632
V010212,C00384,2025-12-03,email,P021,Bright Organizer 21,true,false,false,36,GIFT10,,SEND001633
V010213,C00393,2025-02-16,email,P028,Essential Bag 28,true,true,false,72,RESET10,,SEND001635
V010214,C00054,2025-05-27,email,P010,Pure Band 10,true,false,false,32,MEMBER15,,SEND001636
V010215,C00030,2025-04-20,paid_search,P011,Urban Bottle 11,true,false,false,32,SPRING10,,SEND001638
V010216,C00540,2025-11-19,email,P005,Bright Organizer 05,true,false,false,56,GIFT10,,SEND001642
V010217,C00859,2025-11-20,email,P024,Modern Serum 24,true,true,false,196,GIFT10,,SEND001664
V010218,C00768,2025-10-09,paid_search,P004,Essential Bag 04,true,true,true,126,AUTUMN5,T005226,SEND001684
V010219,C00862,2025-12-31,paid_search,P020,Essential Bag 20,true,false,false,60,HOLIDAY15,,SEND001690
V010220,C00798,2025-05-27,email,P021,Bright Organizer 21,true,true,true,57,MEMBER15,T002793,SEND001702
V010221,C00435,2025-06-19,email,P005,Bright Organizer 05,true,false,false,62,MEMBER15,,SEND001704
V010222,C00502,2025-08-23,email,P002,Pure Band 02,true,false,false,187,ROUTINE10,,SEND001705
V010223,C00107,2025-04-24,paid_search,P012,Essential Bag 12,true,false,false,112,SPRING10,,SEND001714
V010224,C00795,2025-09-18,email,P015,Calm Cream 15,true,true,true,46,ROUTINE10,T004881,SEND001716
V010225,C00568,2025-05-16,email,P003,Urban Bottle 03,true,false,false,114,MEMBER15,,SEND001722
V010226,C00875,2025-07-15,paid_search,P017,Daily Lamp 17,true,false,false,31,SUMMER5,,SEND001730
V010227,C00241,2025-06-11,paid_search,P020,Essential Bag 20,true,true,false,61,SUMMER5,,SEND001735
V010228,C00093,2025-04-17,paid_search,P011,Urban Bottle 11,true,false,false,81,SPRING10,,SEND001736
V010229,C00059,2025-08-02,paid_search,P020,Essential Bag 20,true,false,false,73,SUMMER5,,SEND001738
V010230,C00595,2025-07-02,email,P025,Daily Lamp 25,true,true,false,259,MEMBER15,,SEND001739
V010231,C00855,2025-06-07,email,P019,Urban Bottle 19,true,true,false,131,MEMBER15,,SEND001743
V010232,C00645,2025-02-02,email,P011,Urban Bottle 11,true,false,false,40,RESET10,,SEND001758
V010233,C00014,2025-03-10,email,P012,Essential Bag 12,true,false,false,133,RESET10,,SEND001759
V010234,C00316,2025-06-26,paid_search,P009,Daily Lamp 09,true,false,false,27,SUMMER5,,SEND001767
V010235,C00972,2025-05-30,email,P026,Pure Band 26,true,false,false,120,MEMBER15,,SEND001774
V010236,C00878,2025-11-30,paid_search,P027,Urban Bottle 27,true,false,false,54,HOLIDAY15,,SEND001795
V010237,C00028,2025-11-11,paid_search,P019,Urban Bottle 19,true,true,true,78,AUTUMN5,T005816,SEND001808
V010238,C00789,2025-08-20,email,P026,Pure Band 26,true,false,false,77,ROUTINE10,,SEND001815
V010239,C00488,2025-02-04,email,P024,Modern Serum 24,true,false,false,33,RESET10,,SEND001821
V010240,C00270,2025-01-21,email,P014,Active Mat 14,true,true,true,37,RESET10,T000394,SEND001826
V010241,C00643,2025-09-07,paid_search,P014,Active Mat 14,true,true,true,64,AUTUMN5,T004691,SEND001835
V010242,C00712,2025-02-21,email,P029,Bright Organizer 29,true,true,true,136,RESET10,T000963,SEND001857
V010243,C00610,2025-12-31,paid_search,P030,Active Mat 30,false,false,false,63,HOLIDAY15,,SEND001860
V010244,C00504,2025-11-02,paid_search,P010,Pure Band 10,true,false,false,94,AUTUMN5,,SEND001877
V010245,C00512,2025-09-23,paid_search,P010,Pure Band 10,true,false,false,36,AUTUMN5,,SEND001879
V010246,C00006,2025-11-30,paid_search,P007,Calm Cream 07,true,false,false,112,HOLIDAY15,,SEND001887
V010247,C00401,2025-12-05,email,P001,Daily Lamp 01,true,false,false,159,GIFT10,,SEND001889
V010248,C00444,2025-11-29,email,P010,Pure Band 10,true,true,false,419,GIFT10,,SEND001894
V010249,C00056,2025-03-23,paid_search,P019,Urban Bottle 19,true,false,false,175,SPRING10,,SEND001898
V010250,C00765,2025-07-22,paid_search,P006,Active Mat 06,false,false,false,149,SUMMER5,,SEND001910
V010251,C00183,2025-11-02,paid_search,P001,Daily Lamp 01,true,false,false,311,AUTUMN5,,SEND001911
V010252,C00049,2025-11-12,paid_search,P015,Calm Cream 15,true,false,false,320,AUTUMN5,,SEND001926
V010253,C00555,2025-08-17,email,P005,Bright Organizer 05,true,true,true,51,ROUTINE10,T004342,SEND001927
V010254,C00075,2025-11-01,paid_search,P014,Active Mat 14,true,true,true,54,AUTUMN5,T005600,SEND001929
V010255,C00780,2025-09-12,paid_search,P001,Daily Lamp 01,true,true,true,766,AUTUMN5,T004769,SEND001930
V010256,C00379,2025-06-26,email,P014,Active Mat 14,true,false,false,254,MEMBER15,,SEND001938
V010257,C00675,2025-06-07,email,P028,Essential Bag 28,true,false,false,149,MEMBER15,,SEND001954
V010258,C00832,2025-12-15,paid_search,P029,Bright Organizer 29,true,false,false,45,HOLIDAY15,,SEND001955
V010259,C00595,2025-05-19,email,P005,Bright Organizer 05,true,false,false,134,MEMBER15,,SEND001959
V010260,C00957,2025-06-16,email,P024,Modern Serum 24,true,true,true,12,MEMBER15,T003173,SEND001961
V010261,C00468,2025-11-14,paid_search,P017,Daily Lamp 17,true,true,true,41,HOLIDAY15,T005859,SEND001967
V010262,C00650,2025-05-30,email,P009,Daily Lamp 09,true,false,false,140,MEMBER15,,SEND001972
V010263,C00740,2025-08-22,email,P015,Calm Cream 15,true,true,false,12,ROUTINE10,,SEND001983
V010264,C00577,2025-12-13,email,P002,Pure Band 02,true,false,false,48,GIFT10,,SEND001999
V010265,C00005,2025-11-11,email,P025,Daily Lamp 25,true,false,false,190,GIFT10,,SEND002002
V010266,C00620,2025-02-10,email,P011,Urban Bottle 11,true,false,false,36,RESET10,,SEND002003
V010267,C00383,2025-12-02,email,P028,Essential Bag 28,true,true,false,74,GIFT10,,SEND002011
V010268,C00021,2025-08-23,paid_search,P009,Daily Lamp 09,true,false,false,288,SUMMER5,,SEND002026
V010269,C00785,2025-06-01,email,P011,Urban Bottle 11,true,false,false,64,MEMBER15,,SEND002039
V010270,C00768,2025-09-25,email,P004,Essential Bag 04,false,false,false,128,ROUTINE10,,SEND002046
V010271,C00637,2025-11-14,paid_search,P013,Bright Organizer 13,true,false,false,77,AUTUMN5,,SEND002051
V010272,C00370,2025-01-23,email,P011,Urban Bottle 11,true,false,false,89,RESET10,,SEND002070
V010273,C00528,2025-11-23,paid_search,P017,Daily Lamp 17,true,false,false,168,HOLIDAY15,,SEND002078
V010274,C00333,2025-12-10,paid_search,P024,Modern Serum 24,true,false,false,182,HOLIDAY15,,SEND002079
V010275,C00134,2025-02-06,email,P003,Urban Bottle 03,true,false,false,27,RESET10,,SEND002089
V010276,C00703,2025-11-26,email,P024,Modern Serum 24,false,false,false,40,GIFT10,,SEND002090
V010277,C00309,2025-04-21,paid_search,P005,Bright Organizer 05,true,true,false,96,SPRING10,,SEND002095
V010278,C00913,2025-12-08,email,P025,Daily Lamp 25,true,false,false,193,GIFT10,,SEND002096
V010279,C00853,2025-11-18,email,P015,Calm Cream 15,true,false,false,120,GIFT10,,SEND002100
V010280,C00891,2025-11-11,paid_search,P021,Bright Organizer 21,true,false,false,34,HOLIDAY15,,SEND002102
V010281,C00834,2025-10-21,paid_search,P012,Essential Bag 12,false,false,false,153,AUTUMN5,,SEND002113
V010282,C00316,2025-04-16,paid_search,P020,Essential Bag 20,true,false,false,38,SPRING10,,SEND002117
V010283,C00027,2025-10-09,email,P011,Urban Bottle 11,true,true,true,78,ROUTINE10,T005232,SEND002121
V010284,C00655,2025-11-28,email,P005,Bright Organizer 05,false,false,false,84,GIFT10,,SEND002128
V010285,C00353,2025-05-29,email,P022,Active Mat 22,true,false,false,124,MEMBER15,,SEND002130
V010286,C00355,2025-06-27,paid_search,P013,Bright Organizer 13,true,false,false,100,SUMMER5,,SEND002136
V010287,C00285,2025-09-10,email,P011,Urban Bottle 11,true,false,false,92,ROUTINE10,,SEND002141
V010288,C00313,2025-06-17,email,P023,Calm Cream 23,true,true,true,262,MEMBER15,T003194,SEND002153
V010289,C00975,2025-12-29,paid_search,P013,Bright Organizer 13,true,false,false,35,HOLIDAY15,,SEND002156
V010290,C00085,2025-11-27,email,P023,Calm Cream 23,true,false,false,44,GIFT10,,SEND002157
V010291,C00692,2025-11-20,email,P021,Bright Organizer 21,true,false,false,113,GIFT10,,SEND002160
V010292,C00393,2025-07-02,email,P024,Modern Serum 24,true,false,false,498,MEMBER15,,SEND002166
V010293,C00527,2025-11-25,email,P022,Active Mat 22,true,false,false,23,GIFT10,,SEND002180
V010294,C00734,2025-08-15,email,P021,Bright Organizer 21,true,true,false,83,ROUTINE10,,SEND002190
V010295,C00406,2025-04-06,paid_search,P027,Urban Bottle 27,true,true,true,102,SPRING10,T001834,SEND002199
V010296,C00077,2025-08-30,paid_search,P023,Calm Cream 23,false,false,false,22,SUMMER5,,SEND002202
V010297,C00279,2025-11-07,email,P004,Essential Bag 04,true,false,false,454,GIFT10,,SEND002210
V010298,C00425,2025-09-20,paid_search,P011,Urban Bottle 11,true,false,false,151,AUTUMN5,,SEND002214
V010299,C00937,2025-01-15,email,P019,Urban Bottle 19,true,false,false,69,RESET10,,SEND002223
V010300,C00572,2025-12-31,paid_search,P015,Calm Cream 15,true,true,false,184,HOLIDAY15,,SEND002231
V010301,C00608,2025-08-18,email,P016,Modern Serum 16,true,true,true,406,ROUTINE10,T004365,SEND002240
V010302,C00774,2025-11-25,email,P020,Essential Bag 20,true,false,false,289,GIFT10,,SEND002251
V010303,C00944,2025-09-09,paid_search,P017,Daily Lamp 17,true,false,false,24,AUTUMN5,,SEND002256
V010304,C00595,2025-06-12,email,P007,Calm Cream 07,true,true,true,97,MEMBER15,T003096,SEND002257
V010305,C00948,2025-11-23,email,P016,Modern Serum 16,false,false,false,135,GIFT10,,SEND002259
V010306,C00995,2025-11-16,email,P016,Modern Serum 16,false,false,false,121,GIFT10,,SEND002261
V010307,C00706,2025-04-11,paid_search,P030,Active Mat 30,true,false,false,88,SPRING10,,SEND002263
V010308,C00650,2025-04-10,paid_search,P028,Essential Bag 28,true,true,false,52,SPRING10,,SEND002272
V010309,C00455,2025-12-05,email,P019,Urban Bottle 19,true,true,false,124,GIFT10,,SEND002275
V010310,C00256,2025-01-16,email,P024,Modern Serum 24,true,false,false,36,RESET10,,SEND002278
V010311,C00910,2025-08-21,email,P027,Urban Bottle 27,true,false,false,39,ROUTINE10,,SEND002287
V010312,C00919,2025-04-08,paid_search,P024,Modern Serum 24,true,true,false,54,SPRING10,,SEND002289
V010313,C00469,2025-08-07,paid_search,P028,Essential Bag 28,true,false,false,119,SUMMER5,,SEND002291
V010314,C00159,2025-11-29,paid_search,P001,Daily Lamp 01,true,true,false,154,HOLIDAY15,,SEND002303
V010315,C00834,2025-11-04,email,P005,Bright Organizer 05,true,false,false,38,GIFT10,,SEND002311
V010316,C00870,2025-06-13,email,P002,Pure Band 02,true,false,false,65,MEMBER15,,SEND002314
V010317,C00134,2025-12-01,paid_search,P011,Urban Bottle 11,true,false,false,55,HOLIDAY15,,SEND002318
V010318,C00988,2025-10-17,paid_search,P026,Pure Band 26,true,true,false,95,AUTUMN5,,SEND002326
V010319,C00569,2025-05-10,paid_search,P007,Calm Cream 07,true,false,false,131,SPRING10,,SEND002331
V010320,C00241,2025-06-23,email,P002,Pure Band 02,true,false,false,84,MEMBER15,,SEND002338
V010321,C00218,2025-06-05,email,P011,Urban Bottle 11,true,true,true,272,MEMBER15,T002979,SEND002340
V010322,C00302,2025-06-09,paid_search,P001,Daily Lamp 01,true,false,false,139,SUMMER5,,SEND002361
V010323,C00397,2025-11-19,paid_search,P003,Urban Bottle 03,true,false,false,19,HOLIDAY15,,SEND002362
V010324,C00892,2025-11-18,email,P004,Essential Bag 04,false,false,false,76,GIFT10,,SEND002366
V010325,C00491,2025-11-17,email,P019,Urban Bottle 19,true,true,false,133,GIFT10,,SEND002373
V010326,C00155,2025-12-06,paid_search,P009,Daily Lamp 09,true,false,false,59,HOLIDAY15,,SEND002376
V010327,C00232,2025-11-11,email,P016,Modern Serum 16,true,true,false,158,GIFT10,,SEND002389
V010328,C00175,2025-03-13,email,P016,Modern Serum 16,true,true,false,95,RESET10,,SEND002394
V010329,C00616,2025-07-03,email,P024,Modern Serum 24,true,false,false,56,MEMBER15,,SEND002398
V010330,C00447,2025-10-10,email,P003,Urban Bottle 03,true,false,false,18,ROUTINE10,,SEND002401
V010331,C00015,2025-06-16,paid_search,P006,Active Mat 06,true,false,false,491,SUMMER5,,SEND002403
V010332,C00129,2025-12-04,email,P029,Bright Organizer 29,true,false,false,155,GIFT10,,SEND002413
V010333,C00080,2025-05-16,email,P022,Active Mat 22,true,false,false,122,MEMBER15,,SEND002419
V010334,C00451,2025-06-03,email,P023,Calm Cream 23,true,false,false,29,MEMBER15,,SEND002420
V010335,C00049,2025-12-10,paid_search,P008,Modern Serum 08,true,false,false,416,HOLIDAY15,,SEND002424
V010336,C00767,2025-01-09,email,P030,Active Mat 30,true,false,false,45,RESET10,,SEND002451
V010337,C00923,2025-06-11,paid_search,P011,Urban Bottle 11,true,true,true,58,SUMMER5,T003085,SEND002457
V010338,C00039,2025-11-05,email,P004,Essential Bag 04,true,true,true,170,GIFT10,T005676,SEND002460
V010339,C00758,2025-09-01,email,P007,Calm Cream 07,true,false,false,32,ROUTINE10,,SEND002461
V010340,C00546,2025-02-22,email,P026,Pure Band 26,true,false,false,35,RESET10,,SEND002465
V010341,C00287,2025-12-31,paid_search,P023,Calm Cream 23,false,false,false,317,HOLIDAY15,,SEND002469
V010342,C00179,2025-02-25,email,P008,Modern Serum 08,true,false,false,30,RESET10,,SEND002473
V010343,C00398,2025-09-10,paid_search,P001,Daily Lamp 01,true,false,false,1410,SUMMER5,,SEND002479
V010344,C00426,2025-11-08,email,P014,Active Mat 14,true,true,true,79,GIFT10,T005745,SEND002486
V010345,C00673,2025-12-30,paid_search,P024,Modern Serum 24,false,false,false,155,HOLIDAY15,,SEND002495
V010346,C00181,2025-07-10,email,P027,Urban Bottle 27,true,false,false,95,MEMBER15,,SEND002534
V010347,C00995,2025-05-22,email,P010,Pure Band 10,true,false,false,41,MEMBER15,,SEND002546
V010348,C00328,2025-11-14,email,P024,Modern Serum 24,true,true,false,100,GIFT10,,SEND002550
V010349,C00714,2025-04-18,paid_search,P025,Daily Lamp 25,true,false,false,242,SPRING10,,SEND002558
V010350,C00408,2025-10-28,paid_search,P017,Daily Lamp 17,true,true,false,420,AUTUMN5,,SEND002580
V010351,C00934,2025-09-08,paid_search,P024,Modern Serum 24,true,false,false,241,AUTUMN5,,SEND002590
V010352,C00985,2025-12-15,paid_search,P029,Bright Organizer 29,true,false,false,51,HOLIDAY15,,SEND002591
V010353,C00968,2025-05-06,paid_search,P010,Pure Band 10,true,false,false,512,SPRING10,,SEND002593
V010354,C00840,2025-10-01,email,P015,Calm Cream 15,true,false,false,49,ROUTINE10,,SEND002594
V010355,C00896,2025-11-11,paid_search,P026,Pure Band 26,true,false,false,45,HOLIDAY15,,SEND002601
V010356,C00932,2025-10-25,paid_search,P014,Active Mat 14,false,false,false,36,AUTUMN5,,SEND002606
V010357,C00053,2025-09-14,email,P008,Modern Serum 08,true,true,true,108,ROUTINE10,T004814,SEND002613
V010358,C00530,2025-09-06,paid_search,P024,Modern Serum 24,true,false,false,109,SUMMER5,,SEND002616
V010359,C00537,2025-02-17,email,P021,Bright Organizer 21,true,true,true,140,RESET10,T000889,SEND002617
V010360,C00206,2025-06-02,email,P016,Modern Serum 16,true,true,true,42,MEMBER15,T002906,SEND002633
V010361,C00097,2025-10-27,paid_search,P020,Essential Bag 20,true,false,false,50,AUTUMN5,,SEND002640
V010362,C00985,2025-03-17,paid_search,P026,Pure Band 26,true,true,false,60,SPRING10,,SEND002647
V010363,C00501,2025-07-06,paid_search,P001,Daily Lamp 01,true,false,false,170,SUMMER5,,SEND002654
V010364,C00652,2025-10-10,email,P005,Bright Organizer 05,true,true,false,40,ROUTINE10,,SEND002669
V010365,C00831,2025-10-06,paid_search,P028,Essential Bag 28,true,false,false,170,AUTUMN5,,SEND002695
V010366,C00826,2025-01-30,email,P011,Urban Bottle 11,true,false,false,116,RESET10,,SEND002701
V010367,C00698,2025-06-15,paid_search,P010,Pure Band 10,true,false,false,34,SUMMER5,,SEND002703
V010368,C00863,2025-08-24,email,P028,Essential Bag 28,true,true,true,324,ROUTINE10,T004453,SEND002721
V010369,C00472,2025-04-18,paid_search,P029,Bright Organizer 29,true,true,false,93,SPRING10,,SEND002728
V010370,C00450,2025-06-23,email,P009,Daily Lamp 09,true,false,false,174,MEMBER15,,SEND002731
V010371,C00425,2025-08-05,email,P029,Bright Organizer 29,true,true,false,30,ROUTINE10,,SEND002732
V010372,C00968,2025-07-02,paid_search,P026,Pure Band 26,true,true,true,207,SUMMER5,T003489,SEND002751
V010373,C00176,2025-06-21,email,P012,Essential Bag 12,true,false,false,74,MEMBER15,,SEND002762
V010374,C00882,2025-07-01,paid_search,P008,Modern Serum 08,true,false,false,56,SUMMER5,,SEND002765
V010375,C00060,2025-11-26,email,P012,Essential Bag 12,true,false,false,118,GIFT10,,SEND002769
V010376,C00015,2025-06-25,paid_search,P004,Essential Bag 04,true,true,true,75,SUMMER5,T003346,SEND002784
V010377,C00509,2025-02-16,email,P017,Daily Lamp 17,true,true,false,117,RESET10,,SEND002795
V010378,C00415,2025-02-22,email,P011,Urban Bottle 11,true,false,false,81,RESET10,,SEND002798
V010379,C00861,2025-11-09,paid_search,P022,Active Mat 22,true,true,true,36,HOLIDAY15,T005763,SEND002803
V010380,C00662,2025-02-15,email,P010,Pure Band 10,true,false,false,63,RESET10,,SEND002813
V010381,C00509,2025-11-05,email,P028,Essential Bag 28,true,false,false,199,GIFT10,,SEND002835
V010382,C00504,2025-08-19,email,P025,Daily Lamp 25,true,true,true,164,ROUTINE10,T004374,SEND002839
V010383,C00690,2025-02-16,email,P001,Daily Lamp 01,true,false,false,91,RESET10,,SEND002840
V010384,C00276,2025-05-22,email,P005,Bright Organizer 05,true,false,false,28,MEMBER15,,SEND002843
V010385,C00315,2025-12-31,paid_search,P003,Urban Bottle 03,true,false,false,78,HOLIDAY15,,SEND002881
V010386,C00740,2025-11-19,paid_search,P004,Essential Bag 04,false,false,false,114,HOLIDAY15,,SEND002884
V010387,C00756,2025-07-01,email,P009,Daily Lamp 09,true,false,false,147,MEMBER15,,SEND002905
V010388,C00585,2025-12-02,paid_search,P006,Active Mat 06,true,false,false,67,HOLIDAY15,,SEND002906
V010389,C00902,2025-01-14,email,P028,Essential Bag 28,true,false,false,254,RESET10,,SEND002923
V010390,C00714,2025-10-09,email,P009,Daily Lamp 09,true,false,false,546,ROUTINE10,,SEND002927
V010391,C00367,2025-11-29,paid_search,P018,Pure Band 18,false,false,false,48,HOLIDAY15,,SEND002928
V010392,C00026,2025-03-04,email,P030,Active Mat 30,true,true,false,153,RESET10,,SEND002934
V010393,C00061,2025-02-24,email,P030,Active Mat 30,true,false,false,46,RESET10,,SEND002937
V010394,C00379,2025-08-19,paid_search,P024,Modern Serum 24,true,false,false,97,SUMMER5,,SEND002946
V010395,C00249,2025-11-14,email,P020,Essential Bag 20,true,false,false,37,GIFT10,,SEND002960
V010396,C00240,2025-05-18,email,P013,Bright Organizer 13,true,true,false,74,MEMBER15,,SEND002970
V010397,C00745,2025-07-31,paid_search,P016,Modern Serum 16,false,false,false,54,SUMMER5,,SEND002976
V010398,C00630,2025-08-11,email,P006,Active Mat 06,true,false,false,99,ROUTINE10,,SEND002979
V010399,C00479,2025-10-13,email,P023,Calm Cream 23,true,false,false,380,ROUTINE10,,SEND002980
V010400,C00858,2025-03-28,paid_search,P019,Urban Bottle 19,true,false,false,60,SPRING10,,SEND002981
V010401,C00389,2025-06-22,email,P002,Pure Band 02,true,false,false,166,MEMBER15,,SEND002990
V010402,C00486,2025-02-23,email,P019,Urban Bottle 19,true,false,false,54,RESET10,,SEND002994
V010403,C00969,2025-01-31,email,P011,Urban Bottle 11,true,true,false,243,RESET10,,SEND003000
V010404,C00148,2025-12-26,paid_search,P022,Active Mat 22,true,false,false,63,HOLIDAY15,,SEND003001
V010405,C00424,2025-11-17,paid_search,P015,Calm Cream 15,true,true,true,262,HOLIDAY15,T005907,SEND003005
V010406,C00246,2025-03-02,email,P013,Bright Organizer 13,true,true,true,92,RESET10,T001145,SEND003006
V010407,C00063,2025-12-29,paid_search,P030,Active Mat 30,false,false,false,43,HOLIDAY15,,SEND003027
V010408,C00642,2025-05-27,email,P028,Essential Bag 28,true,false,false,80,MEMBER15,,SEND003032
V010409,C00974,2025-08-01,paid_search,P006,Active Mat 06,true,false,false,41,SUMMER5,,SEND003039
V010410,C00407,2025-09-07,email,P001,Daily Lamp 01,true,false,false,33,ROUTINE10,,SEND003043
V010411,C00251,2025-05-09,email,P018,Pure Band 18,true,false,false,296,MEMBER15,,SEND003044
V010412,C00508,2025-03-08,email,P028,Essential Bag 28,true,false,false,83,RESET10,,SEND003047
V010413,C00277,2025-09-28,email,P019,Urban Bottle 19,false,false,false,158,ROUTINE10,,SEND003055
V010414,C00171,2025-11-22,email,P007,Calm Cream 07,true,false,false,33,GIFT10,,SEND003065
V010415,C00466,2025-06-22,email,P026,Pure Band 26,true,true,true,971,MEMBER15,T003300,SEND003073
V010416,C00379,2025-11-17,email,P006,Active Mat 06,false,false,false,54,GIFT10,,SEND003084
V010417,C00524,2025-06-24,paid_search,P019,Urban Bottle 19,true,false,false,74,SUMMER5,,SEND003093
V010418,C00140,2025-11-21,email,P004,Essential Bag 04,false,false,false,233,GIFT10,,SEND003099
V010419,C00313,2025-11-11,paid_search,P017,Daily Lamp 17,true,false,false,14,HOLIDAY15,,SEND003108
V010420,C00845,2025-12-01,email,P022,Active Mat 22,true,false,false,52,GIFT10,,SEND003113
V010421,C00868,2025-08-19,email,P005,Bright Organizer 05,true,true,false,60,ROUTINE10,,SEND003114
V010422,C00783,2025-09-28,email,P024,Modern Serum 24,false,false,false,119,ROUTINE10,,SEND003115
V010423,C00421,2025-06-14,email,P017,Daily Lamp 17,true,false,false,404,MEMBER15,,SEND003127
V010424,C00395,2025-09-15,email,P011,Urban Bottle 11,true,true,false,138,ROUTINE10,,SEND003146
V010425,C00335,2025-01-24,email,P019,Urban Bottle 19,true,true,true,111,RESET10,T000439,SEND003147
V010426,C00534,2025-10-10,paid_search,P018,Pure Band 18,true,true,true,51,AUTUMN5,T005258,SEND003164
V010427,C00370,2025-12-01,paid_search,P021,Bright Organizer 21,true,false,false,141,HOLIDAY15,,SEND003171
V010428,C00363,2025-04-16,paid_search,P023,Calm Cream 23,true,true,true,73,SPRING10,T002019,SEND003176
V010429,C00005,2025-06-14,email,P025,Daily Lamp 25,true,false,false,138,MEMBER15,,SEND003179
V010430,C00811,2025-02-15,email,P024,Modern Serum 24,true,false,false,30,RESET10,,SEND003187
V010431,C00607,2025-11-07,email,P002,Pure Band 02,true,false,false,34,GIFT10,,SEND003205
V010432,C00078,2025-08-29,email,P015,Calm Cream 15,true,false,false,158,ROUTINE10,,SEND003206
V010433,C00564,2025-09-08,email,P017,Daily Lamp 17,true,true,false,54,ROUTINE10,,SEND003216
V010434,C00214,2025-05-06,email,P025,Daily Lamp 25,true,false,false,212,MEMBER15,,SEND003220
V010435,C00118,2025-06-09,email,P022,Active Mat 22,true,true,false,22,MEMBER15,,SEND003221
V010436,C00864,2025-09-27,paid_search,P019,Urban Bottle 19,false,false,false,218,AUTUMN5,,SEND003239
V010437,C00668,2025-09-13,paid_search,P023,Calm Cream 23,true,false,false,119,AUTUMN5,,SEND003256
V010438,C00319,2025-03-29,paid_search,P025,Daily Lamp 25,true,true,true,65,SPRING10,T001678,SEND003269
V010439,C00374,2025-06-11,email,P019,Urban Bottle 19,true,true,true,64,MEMBER15,T003075,SEND003275
V010440,C00661,2025-06-10,email,P001,Daily Lamp 01,true,false,false,50,MEMBER15,,SEND003278
V010441,C00778,2025-02-25,email,P028,Essential Bag 28,true,false,false,120,RESET10,,SEND003292
V010442,C00527,2025-07-03,email,P021,Bright Organizer 21,true,false,false,131,MEMBER15,,SEND003311
V010443,C00341,2025-02-10,email,P018,Pure Band 18,true,false,false,11,RESET10,,SEND003313
V010444,C00422,2025-08-18,paid_search,P008,Modern Serum 08,true,false,false,53,SUMMER5,,SEND003319
V010445,C00508,2025-12-04,email,P023,Calm Cream 23,true,true,true,108,GIFT10,T006142,SEND003356
V010446,C00937,2025-01-07,email,P014,Active Mat 14,true,true,false,70,RESET10,,SEND003361
V010447,C00377,2025-03-11,paid_search,P010,Pure Band 10,true,false,false,69,SPRING10,,SEND003363
V010448,C00486,2025-06-02,email,P029,Bright Organizer 29,true,true,false,118,MEMBER15,,SEND003369
V010449,C00157,2025-07-29,paid_search,P021,Bright Organizer 21,true,false,false,294,SUMMER5,,SEND003370
V010450,C00054,2025-11-12,email,P015,Calm Cream 15,true,true,false,119,GIFT10,,SEND003383
V010451,C00906,2025-09-12,paid_search,P006,Active Mat 06,true,true,false,309,AUTUMN5,,SEND003385
V010452,C00999,2025-11-26,email,P003,Urban Bottle 03,true,false,false,69,GIFT10,,SEND003419
V010453,C00934,2025-12-12,paid_search,P019,Urban Bottle 19,true,true,true,118,HOLIDAY15,T006303,SEND003420
V010454,C00113,2025-09-20,email,P017,Daily Lamp 17,true,true,false,581,ROUTINE10,,SEND003431
V010455,C00128,2025-07-02,paid_search,P007,Calm Cream 07,true,true,true,44,SUMMER5,T003479,SEND003444
V010456,C00282,2025-01-22,email,P027,Urban Bottle 27,true,false,false,168,RESET10,,SEND003465
V010457,C00006,2025-09-05,paid_search,P011,Urban Bottle 11,true,true,true,83,SUMMER5,T004644,SEND003471
V010458,C00009,2025-04-30,paid_search,P012,Essential Bag 12,true,true,true,222,SPRING10,T002295,SEND003472
V010459,C00415,2025-09-10,paid_search,P012,Essential Bag 12,true,false,false,32,AUTUMN5,,SEND003475
V010460,C00821,2025-09-27,email,P016,Modern Serum 16,false,false,false,306,ROUTINE10,,SEND003489
V010461,C00226,2025-12-31,paid_search,P007,Calm Cream 07,true,false,false,194,HOLIDAY15,,SEND003515
V010462,C00608,2025-04-26,paid_search,P011,Urban Bottle 11,true,false,false,143,SPRING10,,SEND003526
V010463,C00092,2025-12-05,email,P024,Modern Serum 24,true,false,false,119,GIFT10,,SEND003534
V010464,C00278,2025-10-06,email,P027,Urban Bottle 27,true,false,false,83,ROUTINE10,,SEND003536
V010465,C00228,2025-08-30,paid_search,P013,Bright Organizer 13,true,false,false,82,SUMMER5,,SEND003540
V010466,C00278,2025-04-14,paid_search,P016,Modern Serum 16,true,false,false,143,SPRING10,,SEND003547
V010467,C00398,2025-01-04,email,P012,Essential Bag 12,true,false,false,116,RESET10,,SEND003548
V010468,C00626,2025-12-31,paid_search,P023,Calm Cream 23,false,false,false,69,HOLIDAY15,,SEND003552
V010469,C00894,2025-11-13,email,P008,Modern Serum 08,true,false,false,177,GIFT10,,SEND003558
V010470,C00025,2025-07-07,paid_search,P010,Pure Band 10,true,false,false,65,SUMMER5,,SEND003566
V010471,C00334,2025-12-01,paid_search,P012,Essential Bag 12,true,false,false,157,HOLIDAY15,,SEND003570
V010472,C00491,2025-11-18,paid_search,P028,Essential Bag 28,true,false,false,67,HOLIDAY15,,SEND003573
V010473,C00783,2025-07-03,email,P019,Urban Bottle 19,true,false,false,72,MEMBER15,,SEND003577
V010474,C00748,2025-06-30,email,P026,Pure Band 26,true,false,false,73,MEMBER15,,SEND003584
V010475,C00427,2025-04-20,paid_search,P020,Essential Bag 20,true,false,false,50,SPRING10,,SEND003590
V010476,C00051,2025-10-30,paid_search,P012,Essential Bag 12,false,false,false,61,AUTUMN5,,SEND003595
V010477,C00460,2025-11-17,email,P013,Bright Organizer 13,true,false,false,335,GIFT10,,SEND003603
V010478,C00855,2025-09-20,paid_search,P026,Pure Band 26,true,true,false,100,AUTUMN5,,SEND003606
V010479,C00250,2025-12-18,paid_search,P019,Urban Bottle 19,false,false,false,42,HOLIDAY15,,SEND003608
V010480,C00625,2025-05-19,email,P027,Urban Bottle 27,true,false,false,96,MEMBER15,,SEND003612
V010481,C00745,2025-09-11,email,P015,Calm Cream 15,true,false,false,233,ROUTINE10,,SEND003615
V010482,C00002,2025-12-16,paid_search,P009,Daily Lamp 09,true,true,true,144,HOLIDAY15,T006355,SEND003622
V010483,C00498,2025-08-11,email,P005,Bright Organizer 05,true,false,false,52,ROUTINE10,,SEND003667
V010484,C00391,2025-09-11,email,P014,Active Mat 14,true,false,false,27,ROUTINE10,,SEND003683
V010485,C00510,2025-11-03,paid_search,P011,Urban Bottle 11,true,true,true,175,AUTUMN5,T005639,SEND003693
V010486,C00783,2025-12-01,email,P009,Daily Lamp 09,true,false,false,112,GIFT10,,SEND003702
V010487,C00066,2025-12-28,paid_search,P003,Urban Bottle 03,true,true,false,39,HOLIDAY15,,SEND003703
V010488,C00104,2025-05-02,paid_search,P014,Active Mat 14,true,false,false,77,SPRING10,,SEND003731
V010489,C00930,2025-11-28,email,P022,Active Mat 22,true,true,true,124,GIFT10,T006057,SEND003737
V010490,C00910,2025-09-25,paid_search,P013,Bright Organizer 13,true,false,false,240,AUTUMN5,,SEND003747
V010491,C00089,2025-09-06,paid_search,P014,Active Mat 14,true,true,true,245,AUTUMN5,T004659,SEND003758
V010492,C00789,2025-04-08,paid_search,P011,Urban Bottle 11,true,false,false,709,SPRING10,,SEND003761
V010493,C00016,2025-11-27,paid_search,P004,Essential Bag 04,false,false,false,75,HOLIDAY15,,SEND003764
V010494,C00759,2025-08-27,email,P018,Pure Band 18,true,true,false,91,ROUTINE10,,SEND003766
V010495,C00666,2025-11-11,email,P011,Urban Bottle 11,true,true,false,64,GIFT10,,SEND003770
V010496,C00907,2025-02-22,email,P001,Daily Lamp 01,true,true,true,148,RESET10,T000976,SEND003784
V010497,C00844,2025-11-12,email,P010,Pure Band 10,true,false,false,40,GIFT10,,SEND003788
V010498,C00480,2025-07-10,paid_search,P005,Bright Organizer 05,true,false,false,130,SUMMER5,,SEND003794
V010499,C00873,2025-11-10,email,P010,Pure Band 10,true,false,false,107,GIFT10,,SEND003798
V010500,C00706,2025-07-27,paid_search,P013,Bright Organizer 13,true,true,false,42,SUMMER5,,SEND003818
V010501,C00018,2025-02-13,email,P029,Bright Organizer 29,true,false,false,55,RESET10,,SEND003821
V010502,C00169,2025-12-04,email,P006,Active Mat 06,true,true,false,337,GIFT10,,SEND003824
V010503,C00015,2025-11-26,email,P018,Pure Band 18,false,false,false,145,GIFT10,,SEND003838
V010504,C00676,2025-04-11,paid_search,P012,Essential Bag 12,true,false,false,57,SPRING10,,SEND003842
V010505,C00742,2025-11-10,email,P007,Calm Cream 07,true,false,false,72,GIFT10,,SEND003869
V010506,C00164,2025-02-22,email,P011,Urban Bottle 11,true,true,false,77,RESET10,,SEND003875
V010507,C00509,2025-02-23,email,P024,Modern Serum 24,true,true,false,81,RESET10,,SEND003901
V010508,C00667,2025-09-19,email,P012,Essential Bag 12,true,false,false,32,ROUTINE10,,SEND003905
V010509,C00172,2025-12-31,paid_search,P029,Bright Organizer 29,true,false,false,232,HOLIDAY15,,SEND003906
V010510,C00176,2025-11-30,email,P003,Urban Bottle 03,true,false,false,99,GIFT10,,SEND003912
V010511,C00972,2025-10-20,paid_search,P014,Active Mat 14,true,false,false,35,AUTUMN5,,SEND003915
V010512,C00218,2025-02-28,email,P018,Pure Band 18,true,false,false,41,RESET10,,SEND003923
V010513,C00037,2025-11-19,paid_search,P018,Pure Band 18,false,false,false,47,HOLIDAY15,,SEND003925
V010514,C00616,2025-08-09,email,P015,Calm Cream 15,true,false,false,48,ROUTINE10,,SEND003955
V010515,C00909,2025-06-24,email,P011,Urban Bottle 11,true,false,false,33,MEMBER15,,SEND003959
V010516,C00409,2025-12-31,paid_search,P027,Urban Bottle 27,true,false,false,80,HOLIDAY15,,SEND003966
V010517,C00766,2025-02-02,email,P001,Daily Lamp 01,true,false,false,488,RESET10,,SEND003969
V010518,C00738,2025-07-05,paid_search,P019,Urban Bottle 19,true,true,true,37,SUMMER5,T003531,SEND003977
V010519,C00552,2025-07-04,email,P028,Essential Bag 28,true,true,false,117,MEMBER15,,SEND003981
V010520,C00162,2025-06-15,paid_search,P016,Modern Serum 16,true,false,false,68,SUMMER5,,SEND003989
V010521,C00812,2025-03-09,paid_search,P024,Modern Serum 24,true,false,false,98,SPRING10,,SEND003997
V010522,C00862,2025-12-14,paid_search,P007,Calm Cream 07,true,false,false,461,HOLIDAY15,,SEND004006
V010523,C00942,2025-01-14,email,P014,Active Mat 14,true,true,false,64,RESET10,,SEND004009
V010524,C00821,2025-02-15,email,P012,Essential Bag 12,true,true,true,143,RESET10,T000843,SEND004010
V010525,C00307,2025-06-25,email,P017,Daily Lamp 17,true,true,false,474,MEMBER15,,SEND004017
V010526,C00824,2025-12-04,paid_search,P017,Daily Lamp 17,true,false,false,78,HOLIDAY15,,SEND004020
V010527,C00286,2025-04-01,paid_search,P017,Daily Lamp 17,true,false,false,168,SPRING10,,SEND004024
V010528,C00657,2025-09-05,email,P030,Active Mat 30,true,true,true,39,ROUTINE10,T004646,SEND004036
V010529,C00718,2025-01-31,email,P001,Daily Lamp 01,true,false,false,229,RESET10,,SEND004044
V010530,C00260,2025-12-06,email,P017,Daily Lamp 17,true,false,false,197,GIFT10,,SEND004076
V010531,C00475,2025-03-10,paid_search,P030,Active Mat 30,true,false,false,210,SPRING10,,SEND004083
V010532,C00081,2025-07-27,paid_search,P030,Active Mat 30,true,true,false,65,SUMMER5,,SEND004106
V010533,C00881,2025-12-06,paid_search,P016,Modern Serum 16,true,false,false,75,HOLIDAY15,,SEND004107
V010534,C00957,2025-09-16,email,P023,Calm Cream 23,true,false,false,287,ROUTINE10,,SEND004136
V010535,C00808,2025-01-14,email,P017,Daily Lamp 17,true,true,true,91,RESET10,T000248,SEND004139
V010536,C00785,2025-02-04,email,P001,Daily Lamp 01,true,false,false,80,RESET10,,SEND004142
V010537,C00374,2025-12-21,paid_search,P025,Daily Lamp 25,true,true,true,49,HOLIDAY15,T006425,SEND004147
V010538,C00706,2025-10-07,email,P021,Bright Organizer 21,true,true,true,34,ROUTINE10,T005188,SEND004148
V010539,C00285,2025-06-27,email,P004,Essential Bag 04,false,false,false,81,MEMBER15,,SEND004153
V010540,C00552,2025-11-28,email,P026,Pure Band 26,true,false,false,111,GIFT10,,SEND004159
V010541,C00692,2025-11-30,email,P002,Pure Band 02,true,false,false,39,GIFT10,,SEND004163
V010542,C00742,2025-06-30,email,P020,Essential Bag 20,true,true,false,142,MEMBER15,,SEND004166
V010543,C00518,2025-12-03,email,P025,Daily Lamp 25,true,true,true,256,GIFT10,T006122,SEND004178
V010544,C00564,2025-06-25,email,P025,Daily Lamp 25,true,false,false,85,MEMBER15,,SEND004179
V010545,C00962,2025-03-27,paid_search,P009,Daily Lamp 09,true,true,true,295,SPRING10,T001623,SEND004196
V010546,C00939,2025-12-27,paid_search,P019,Urban Bottle 19,false,false,false,55,HOLIDAY15,,SEND004197
V010547,C00655,2025-01-02,email,P017,Daily Lamp 17,true,false,false,324,RESET10,,SEND004198
V010548,C00096,2025-09-03,paid_search,P005,Bright Organizer 05,true,true,true,148,SUMMER5,T004602,SEND004199
V010549,C00636,2025-12-01,paid_search,P019,Urban Bottle 19,true,false,false,29,HOLIDAY15,,SEND004204
V010550,C00413,2025-11-29,email,P022,Active Mat 22,true,true,true,188,GIFT10,T006072,SEND004208
V010551,C00839,2025-09-20,paid_search,P027,Urban Bottle 27,true,true,false,151,AUTUMN5,,SEND004220
V010552,C00512,2025-11-29,email,P019,Urban Bottle 19,false,false,false,93,GIFT10,,SEND004225
V010553,C00145,2025-11-18,email,P027,Urban Bottle 27,true,true,true,107,GIFT10,T005922,SEND004234
V010554,C00064,2025-04-22,paid_search,P022,Active Mat 22,true,false,false,82,SPRING10,,SEND004236
V010555,C00569,2025-11-03,email,P007,Calm Cream 07,true,true,true,67,GIFT10,T005642,SEND004239
V010556,C00967,2025-10-03,paid_search,P010,Pure Band 10,true,true,false,52,AUTUMN5,,SEND004241
V010557,C00799,2025-06-23,paid_search,P027,Urban Bottle 27,true,false,false,209,SUMMER5,,SEND004257
V010558,C00529,2025-10-02,email,P011,Urban Bottle 11,true,false,false,106,ROUTINE10,,SEND004258
V010559,C00743,2025-07-28,paid_search,P016,Modern Serum 16,true,true,true,70,SUMMER5,T003964,SEND004285
V010560,C00555,2025-09-04,email,P007,Calm Cream 07,true,true,false,56,ROUTINE10,,SEND004286
V010561,C00506,2025-06-26,email,P011,Urban Bottle 11,true,true,false,57,MEMBER15,,SEND004293
V010562,C00887,2025-09-13,email,P006,Active Mat 06,true,true,true,95,ROUTINE10,T004806,SEND004296
V010563,C00556,2025-09-15,paid_search,P002,Pure Band 02,true,true,false,171,AUTUMN5,,SEND004315
V010564,C00046,2025-11-19,paid_search,P007,Calm Cream 07,true,false,false,195,HOLIDAY15,,SEND004331
V010565,C00273,2025-02-01,email,P020,Essential Bag 20,true,false,false,79,RESET10,,SEND004333
V010566,C00670,2025-11-25,email,P030,Active Mat 30,true,true,false,55,GIFT10,,SEND004339
V010567,C00560,2025-02-28,email,P009,Daily Lamp 09,true,false,false,185,RESET10,,SEND004340
V010568,C00173,2025-11-26,email,P018,Pure Band 18,false,false,false,150,GIFT10,,SEND004352
V010569,C00022,2025-03-09,paid_search,P024,Modern Serum 24,true,true,true,108,SPRING10,T001263,SEND004353
V010570,C00335,2025-11-05,paid_search,P023,Calm Cream 23,true,true,true,183,AUTUMN5,T005677,SEND004365
V010571,C00904,2025-10-25,paid_search,P024,Modern Serum 24,true,true,false,63,AUTUMN5,,SEND004366
V010572,C00452,2025-09-16,paid_search,P030,Active Mat 30,true,false,false,252,AUTUMN5,,SEND004370
V010573,C00415,2025-10-27,paid_search,P017,Daily Lamp 17,true,false,false,40,AUTUMN5,,SEND004379
V010574,C00087,2025-12-17,paid_search,P004,Essential Bag 04,true,true,false,75,HOLIDAY15,,SEND004384
V010575,C00741,2025-11-19,email,P012,Essential Bag 12,true,true,false,78,GIFT10,,SEND004390
V010576,C00244,2025-11-18,email,P011,Urban Bottle 11,true,false,false,17,GIFT10,,SEND004395
V010577,C00105,2025-11-15,paid_search,P004,Essential Bag 04,false,false,false,58,HOLIDAY15,,SEND004408
V010578,C00884,2025-05-15,email,P029,Bright Organizer 29,true,false,false,43,MEMBER15,,SEND004409
V010579,C00778,2025-06-24,paid_search,P006,Active Mat 06,false,false,false,126,SUMMER5,,SEND004418
V010580,C00697,2025-05-02,paid_search,P004,Essential Bag 04,true,true,false,93,SPRING10,,SEND004431
V010581,C00797,2025-08-21,email,P023,Calm Cream 23,true,false,false,62,ROUTINE10,,SEND004435
V010582,C00088,2025-08-26,email,P004,Essential Bag 04,false,false,false,74,ROUTINE10,,SEND004437
V010583,C00311,2025-09-30,paid_search,P004,Essential Bag 04,false,false,false,91,AUTUMN5,,SEND004449
V010584,C00607,2025-11-26,paid_search,P010,Pure Band 10,true,false,false,57,HOLIDAY15,,SEND004455
V010585,C00704,2025-09-05,email,P022,Active Mat 22,true,false,false,178,ROUTINE10,,SEND004457
V010586,C00359,2025-02-26,email,P007,Calm Cream 07,true,true,true,9,RESET10,T001070,SEND004466
V010587,C00306,2025-08-07,email,P028,Essential Bag 28,true,false,false,92,ROUTINE10,,SEND004469
V010588,C00745,2025-11-04,email,P029,Bright Organizer 29,true,false,false,101,GIFT10,,SEND004475
V010589,C00935,2025-09-25,email,P002,Pure Band 02,true,false,false,406,ROUTINE10,,SEND004483
V010590,C00776,2025-12-17,paid_search,P021,Bright Organizer 21,true,false,false,41,HOLIDAY15,,SEND004489
V010591,C00205,2025-12-24,paid_search,P022,Active Mat 22,true,true,true,23,HOLIDAY15,T006475,SEND004493
V010592,C00378,2025-11-02,paid_search,P005,Bright Organizer 05,true,false,false,88,AUTUMN5,,SEND004504
V010593,C00758,2025-06-27,paid_search,P004,Essential Bag 04,false,false,false,271,SUMMER5,,SEND004505
V010594,C00563,2025-06-14,email,P026,Pure Band 26,true,true,false,38,MEMBER15,,SEND004524
V010595,C00311,2025-08-12,email,P030,Active Mat 30,true,false,false,93,ROUTINE10,,SEND004525
V010596,C00621,2025-06-05,email,P005,Bright Organizer 05,true,true,false,118,MEMBER15,,SEND004529
V010597,C00366,2025-08-24,email,P019,Urban Bottle 19,false,false,false,46,ROUTINE10,,SEND004547
V010598,C00123,2025-06-26,email,P018,Pure Band 18,true,true,true,114,MEMBER15,T003368,SEND004563
V010599,C00302,2025-11-25,paid_search,P019,Urban Bottle 19,false,false,false,60,HOLIDAY15,,SEND004569
V010600,C00108,2025-08-04,paid_search,P024,Modern Serum 24,true,true,true,358,SUMMER5,T004067,SEND004579
V010601,C00718,2025-11-07,email,P006,Active Mat 06,true,false,false,52,GIFT10,,SEND004584
V010602,C00499,2025-05-24,email,P026,Pure Band 26,true,true,false,57,MEMBER15,,SEND004596
V010603,C00451,2025-10-09,email,P029,Bright Organizer 29,true,false,false,63,ROUTINE10,,SEND004601
V010604,C00808,2025-06-22,email,P008,Modern Serum 08,true,true,true,88,MEMBER15,T003295,SEND004603
V010605,C00937,2025-03-19,paid_search,P004,Essential Bag 04,true,false,false,82,SPRING10,,SEND004604
V010606,C00545,2025-05-16,email,P025,Daily Lamp 25,true,false,false,101,MEMBER15,,SEND004617
V010607,C00531,2025-12-10,paid_search,P027,Urban Bottle 27,true,false,false,90,HOLIDAY15,,SEND004618
V010608,C00732,2025-03-27,paid_search,P019,Urban Bottle 19,true,false,false,19,SPRING10,,SEND004619
V010609,C00526,2025-06-11,paid_search,P026,Pure Band 26,true,false,false,15,SUMMER5,,SEND004627
V010610,C00220,2025-08-13,email,P025,Daily Lamp 25,true,false,false,185,ROUTINE10,,SEND004635
V010611,C00694,2025-11-05,paid_search,P008,Modern Serum 08,true,true,true,141,AUTUMN5,T005679,SEND004640
V010612,C00916,2025-04-07,paid_search,P001,Daily Lamp 01,true,false,false,75,SPRING10,,SEND004643
V010613,C00270,2025-07-28,paid_search,P026,Pure Band 26,true,false,false,72,SUMMER5,,SEND004658
V010614,C00171,2025-12-26,paid_search,P003,Urban Bottle 03,true,true,true,61,HOLIDAY15,T006494,SEND004673
V010615,C00216,2025-07-08,paid_search,P010,Pure Band 10,true,false,false,123,SUMMER5,,SEND004681
V010616,C00626,2025-12-29,paid_search,P001,Daily Lamp 01,false,false,false,98,HOLIDAY15,,SEND004684
V010617,C00507,2025-12-31,paid_search,P011,Urban Bottle 11,false,false,false,322,HOLIDAY15,,SEND004688
V010618,C00771,2025-07-05,paid_search,P004,Essential Bag 04,true,false,false,240,SUMMER5,,SEND004693
V010619,C00345,2025-09-25,paid_search,P011,Urban Bottle 11,true,false,false,105,AUTUMN5,,SEND004710
V010620,C00517,2025-11-03,paid_search,P004,Essential Bag 04,true,false,false,320,HOLIDAY15,,SEND004713
V010621,C00624,2025-11-28,paid_search,P011,Urban Bottle 11,false,false,false,38,HOLIDAY15,,SEND004715
V010622,C00715,2025-12-03,email,P011,Urban Bottle 11,true,false,false,44,GIFT10,,SEND004720
V010623,C00143,2025-01-27,email,P012,Essential Bag 12,true,false,false,64,RESET10,,SEND004723
V010624,C00495,2025-10-31,paid_search,P027,Urban Bottle 27,true,false,false,110,AUTUMN5,,SEND004731
V010625,C00999,2025-09-15,email,P020,Essential Bag 20,true,false,false,28,ROUTINE10,,SEND004748
V010626,C00449,2025-06-19,email,P004,Essential Bag 04,true,false,false,44,MEMBER15,,SEND004768
V010627,C00683,2025-06-24,paid_search,P025,Daily Lamp 25,true,false,false,140,SUMMER5,,SEND004775
V010628,C00396,2025-12-30,paid_search,P021,Bright Organizer 21,true,false,false,100,HOLIDAY15,,SEND004781
V010629,C00153,2025-09-29,paid_search,P007,Calm Cream 07,true,false,false,368,AUTUMN5,,SEND004783
V010630,C00422,2025-09-24,email,P009,Daily Lamp 09,true,false,false,114,ROUTINE10,,SEND004785
V010631,C00531,2025-08-23,email,P001,Daily Lamp 01,false,false,false,36,ROUTINE10,,SEND004790
V010632,C00911,2025-04-27,paid_search,P001,Daily Lamp 01,true,false,false,80,SPRING10,,SEND004793
V010633,C00344,2025-05-22,email,P002,Pure Band 02,true,false,false,176,MEMBER15,,SEND004806
V010634,C00368,2025-02-24,email,P013,Bright Organizer 13,true,false,false,131,RESET10,,SEND004810
V010635,C00683,2025-10-07,paid_search,P026,Pure Band 26,true,false,false,122,AUTUMN5,,SEND004830
V010636,C00758,2025-10-20,paid_search,P010,Pure Band 10,true,false,false,124,AUTUMN5,,SEND004832
V010637,C00771,2025-12-31,paid_search,P007,Calm Cream 07,true,true,true,156,HOLIDAY15,T006543,SEND004843
V010638,C00938,2025-11-29,paid_search,P005,Bright Organizer 05,false,false,false,62,HOLIDAY15,,SEND004848
V010639,C00931,2025-04-18,paid_search,P004,Essential Bag 04,true,false,false,103,SPRING10,,SEND004851
V010640,C00009,2025-11-19,email,P030,Active Mat 30,true,false,false,149,GIFT10,,SEND004855
V010641,C00711,2025-08-17,email,P020,Essential Bag 20,true,false,false,39,ROUTINE10,,SEND004860
V010642,C00150,2025-11-24,paid_search,P016,Modern Serum 16,false,false,false,58,HOLIDAY15,,SEND004861
V010643,C00516,2025-11-06,paid_search,P009,Daily Lamp 09,true,false,false,76,HOLIDAY15,,SEND004864
V010644,C00892,2025-10-08,paid_search,P014,Active Mat 14,true,false,false,209,AUTUMN5,,SEND004865
V010645,C00538,2025-02-19,email,P014,Active Mat 14,true,false,false,31,RESET10,,SEND004873
V010646,C00928,2025-09-18,email,P006,Active Mat 06,true,false,false,86,ROUTINE10,,SEND004879
V010647,C00356,2025-01-09,email,P003,Urban Bottle 03,true,false,false,300,RESET10,,SEND004883
V010648,C00329,2025-12-31,paid_search,P022,Active Mat 22,true,false,false,100,HOLIDAY15,,SEND004884
V010649,C00907,2025-11-02,paid_search,P003,Urban Bottle 03,true,true,true,126,AUTUMN5,T005619,SEND004893
V010650,C00916,2025-05-21,email,P011,Urban Bottle 11,true,false,false,171,MEMBER15,,SEND004895
V010651,C00520,2025-06-22,paid_search,P020,Essential Bag 20,true,true,true,82,SUMMER5,T003294,SEND004906
V010652,C00913,2025-08-11,email,P007,Calm Cream 07,true,false,false,129,ROUTINE10,,SEND004918
V010653,C00026,2025-09-19,paid_search,P011,Urban Bottle 11,true,false,false,233,AUTUMN5,,SEND004922
V010654,C00062,2025-08-03,paid_search,P001,Daily Lamp 01,true,false,false,67,SUMMER5,,SEND004929
V010655,C00303,2025-07-07,paid_search,P025,Daily Lamp 25,true,false,false,156,SUMMER5,,SEND004937
V010656,C00713,2025-06-07,email,P012,Essential Bag 12,true,true,false,156,MEMBER15,,SEND004949
V010657,C00352,2025-02-15,email,P018,Pure Band 18,true,false,false,77,RESET10,,SEND004963
V010658,C00820,2025-10-22,paid_search,P007,Calm Cream 07,true,false,false,52,AUTUMN5,,SEND004972
V010659,C00212,2025-03-29,paid_search,P024,Modern Serum 24,true,true,false,109,SPRING10,,SEND004976
V010660,C00185,2025-09-03,email,P016,Modern Serum 16,true,false,false,23,ROUTINE10,,SEND004995
V010661,C00025,2025-10-30,paid_search,P015,Calm Cream 15,true,false,false,42,AUTUMN5,,SEND004996
V010662,C00304,2025-02-08,email,P014,Active Mat 14,true,false,false,54,RESET10,,SEND004999
V010663,C00766,2025-12-31,paid_search,P025,Daily Lamp 25,true,true,true,238,HOLIDAY15,T006539,SEND005004
V010664,C00971,2025-08-08,paid_search,P019,Urban Bottle 19,true,false,false,77,SUMMER5,,SEND005012
V010665,C00911,2025-11-11,email,P009,Daily Lamp 09,true,false,false,45,GIFT10,,SEND005014
V010666,C00171,2025-12-26,paid_search,P021,Bright Organizer 21,true,false,false,105,HOLIDAY15,,SEND005017
V010667,C00422,2025-10-31,paid_search,P023,Calm Cream 23,false,false,false,43,AUTUMN5,,SEND005041
V010668,C00382,2025-06-04,email,P020,Essential Bag 20,true,true,false,186,MEMBER15,,SEND005048
V010669,C00523,2025-08-18,paid_search,P001,Daily Lamp 01,false,false,false,46,SUMMER5,,SEND005049
V010670,C00425,2025-03-29,paid_search,P001,Daily Lamp 01,true,false,false,25,SPRING10,,SEND005052
V010671,C00309,2025-09-29,email,P017,Daily Lamp 17,true,false,false,134,ROUTINE10,,SEND005053
V010672,C00345,2025-11-07,email,P018,Pure Band 18,true,true,false,48,GIFT10,,SEND005074
V010673,C00486,2025-11-10,email,P011,Urban Bottle 11,true,true,true,39,GIFT10,T005786,SEND005111
V010674,C00187,2025-11-07,email,P010,Pure Band 10,true,false,false,388,GIFT10,,SEND005115
V010675,C00326,2025-07-02,email,P004,Essential Bag 04,true,false,false,569,MEMBER15,,SEND005131
V010676,C00912,2025-09-24,email,P010,Pure Band 10,true,false,false,440,ROUTINE10,,SEND005143
V010677,C00418,2025-03-11,paid_search,P007,Calm Cream 07,true,false,false,254,SPRING10,,SEND005159
V010678,C00072,2025-08-28,email,P014,Active Mat 14,false,false,false,96,ROUTINE10,,SEND005166
V010679,C00398,2025-08-20,email,P019,Urban Bottle 19,false,false,false,444,ROUTINE10,,SEND005176
V010680,C00886,2025-06-18,email,P016,Modern Serum 16,true,false,false,52,MEMBER15,,SEND005179
V010681,C00934,2025-11-18,paid_search,P005,Bright Organizer 05,true,false,false,48,HOLIDAY15,,SEND005181
V010682,C00614,2025-11-28,paid_search,P005,Bright Organizer 05,false,false,false,126,HOLIDAY15,,SEND005185
V010683,C00769,2025-09-01,email,P027,Urban Bottle 27,true,false,false,69,ROUTINE10,,SEND005209
V010684,C00302,2025-07-20,paid_search,P025,Daily Lamp 25,true,false,false,101,SUMMER5,,SEND005213
V010685,C00418,2025-02-01,email,P029,Bright Organizer 29,true,true,false,66,RESET10,,SEND005217
V010686,C00165,2025-06-12,email,P026,Pure Band 26,true,false,false,134,MEMBER15,,SEND005221
V010687,C00409,2025-05-03,paid_search,P015,Calm Cream 15,true,false,false,233,SPRING10,,SEND005231
V010688,C00684,2025-12-11,email,P029,Bright Organizer 29,true,false,false,54,GIFT10,,SEND005243
V010689,C00969,2025-04-23,paid_search,P014,Active Mat 14,true,true,true,72,SPRING10,T002165,SEND005265
V010690,C00283,2025-11-09,email,P028,Essential Bag 28,true,false,false,29,GIFT10,,SEND005270
V010691,C00305,2025-08-11,email,P026,Pure Band 26,true,true,false,29,ROUTINE10,,SEND005276
V010692,C00881,2025-02-17,email,P028,Essential Bag 28,true,false,false,486,RESET10,,SEND005286
V010693,C00497,2025-07-19,paid_search,P010,Pure Band 10,true,false,false,234,SUMMER5,,SEND005287
V010694,C00959,2025-06-12,email,P002,Pure Band 02,true,true,false,451,MEMBER15,,SEND005292
V010695,C00192,2025-04-11,paid_search,P005,Bright Organizer 05,true,true,false,24,SPRING10,,SEND005298
V010696,C00718,2025-09-23,email,P003,Urban Bottle 03,true,false,false,52,ROUTINE10,,SEND005309
V010697,C00525,2025-05-18,email,P016,Modern Serum 16,true,true,false,48,MEMBER15,,SEND005311
V010698,C00985,2025-09-03,email,P007,Calm Cream 07,true,true,true,505,ROUTINE10,T004603,SEND005312
V010699,C00166,2025-03-06,paid_search,P018,Pure Band 18,true,false,false,54,SPRING10,,SEND005322
V010700,C00236,2025-02-07,email,P006,Active Mat 06,true,false,false,103,RESET10,,SEND005326
V010701,C00977,2025-10-21,paid_search,P004,Essential Bag 04,true,true,true,98,AUTUMN5,T005466,SEND005339
V010702,C00648,2025-10-03,email,P023,Calm Cream 23,true,false,false,130,ROUTINE10,,SEND005352
V010703,C00531,2025-08-18,email,P009,Daily Lamp 09,true,false,false,48,ROUTINE10,,SEND005354
V010704,C00557,2025-06-16,paid_search,P014,Active Mat 14,true,true,false,33,SUMMER5,,SEND005375
V010705,C00440,2025-04-01,paid_search,P013,Bright Organizer 13,true,true,true,294,SPRING10,T001737,SEND005376
V010706,C00489,2025-07-12,paid_search,P007,Calm Cream 07,true,false,false,81,SUMMER5,,SEND005396
V010707,C00112,2025-03-10,paid_search,P020,Essential Bag 20,true,false,false,84,SPRING10,,SEND005399
V010708,C00847,2025-12-03,email,P015,Calm Cream 15,true,false,false,38,GIFT10,,SEND005400
V010709,C00569,2025-04-01,paid_search,P002,Pure Band 02,true,false,false,168,SPRING10,,SEND005407
V010710,C00782,2025-03-16,paid_search,P019,Urban Bottle 19,true,true,false,67,SPRING10,,SEND005412
V010711,C00112,2025-11-22,paid_search,P005,Bright Organizer 05,false,false,false,62,HOLIDAY15,,SEND005414
V010712,C00505,2025-06-30,email,P013,Bright Organizer 13,true,false,false,97,MEMBER15,,SEND005425
V010713,C00534,2025-08-27,email,P019,Urban Bottle 19,false,false,false,38,ROUTINE10,,SEND005431
V010714,C00929,2025-09-16,email,P019,Urban Bottle 19,true,false,false,40,ROUTINE10,,SEND005443
V010715,C00034,2025-07-13,paid_search,P004,Essential Bag 04,true,false,false,54,SUMMER5,,SEND005455
V010716,C00499,2025-06-02,email,P016,Modern Serum 16,true,false,false,174,MEMBER15,,SEND005459
V010717,C00037,2025-07-07,paid_search,P012,Essential Bag 12,true,true,false,114,SUMMER5,,SEND005460
V010718,C00092,2025-03-16,paid_search,P004,Essential Bag 04,true,false,false,401,SPRING10,,SEND005467
V010719,C00154,2025-11-24,paid_search,P007,Calm Cream 07,true,false,false,86,HOLIDAY15,,SEND005469
V010720,C00197,2025-09-18,email,P029,Bright Organizer 29,true,true,true,191,ROUTINE10,T004876,SEND005471
V010721,C00153,2025-04-25,paid_search,P017,Daily Lamp 17,true,true,false,143,SPRING10,,SEND005476
V010722,C00607,2025-10-31,paid_search,P010,Pure Band 10,true,false,false,137,AUTUMN5,,SEND005484
V010723,C00444,2025-10-08,paid_search,P019,Urban Bottle 19,true,false,false,30,AUTUMN5,,SEND005486
V010724,C00294,2025-10-11,paid_search,P003,Urban Bottle 03,true,false,false,60,AUTUMN5,,SEND005492
V010725,C00158,2025-04-29,paid_search,P006,Active Mat 06,false,false,false,53,SPRING10,,SEND005503
V010726,C00815,2025-09-04,email,P009,Daily Lamp 09,true,true,false,46,ROUTINE10,,SEND005504
V010727,C00801,2025-09-27,paid_search,P020,Essential Bag 20,true,false,false,66,AUTUMN5,,SEND005505
V010728,C00713,2025-11-29,email,P020,Essential Bag 20,true,false,false,62,GIFT10,,SEND005525
V010729,C00750,2025-09-29,email,P021,Bright Organizer 21,true,true,false,18,ROUTINE10,,SEND005529
V010730,C00898,2025-06-28,email,P024,Modern Serum 24,true,false,false,99,MEMBER15,,SEND005532
V010731,C00457,2025-05-10,paid_search,P001,Daily Lamp 01,true,false,false,24,SPRING10,,SEND005543
V010732,C00409,2025-08-24,email,P011,Urban Bottle 11,true,true,true,433,ROUTINE10,T004460,SEND005563
V010733,C00568,2025-03-17,paid_search,P012,Essential Bag 12,true,false,false,52,SPRING10,,SEND005568
V010734,C00427,2025-09-23,email,P004,Essential Bag 04,false,false,false,174,ROUTINE10,,SEND005588
V010735,C00224,2025-11-11,paid_search,P018,Pure Band 18,true,false,false,56,HOLIDAY15,,SEND005593
V010736,C00096,2025-07-20,paid_search,P004,Essential Bag 04,true,true,true,183,SUMMER5,T003811,SEND005596
V010737,C00222,2025-08-20,email,P010,Pure Band 10,true,false,false,102,ROUTINE10,,SEND005606
V010738,C00330,2025-01-22,email,P018,Pure Band 18,true,false,false,339,RESET10,,SEND005610
V010739,C00821,2025-07-29,paid_search,P017,Daily Lamp 17,true,true,true,18,SUMMER5,T003970,SEND005613
V010740,C00334,2025-12-11,email,P024,Modern Serum 24,true,false,false,117,GIFT10,,SEND005623
V010741,C00283,2025-08-12,email,P001,Daily Lamp 01,true,false,false,173,ROUTINE10,,SEND005627
V010742,C00634,2025-07-28,paid_search,P012,Essential Bag 12,false,false,false,65,SUMMER5,,SEND005629
V010743,C00637,2025-11-10,email,P019,Urban Bottle 19,true,false,false,71,GIFT10,,SEND005655
V010744,C00701,2025-11-18,email,P021,Bright Organizer 21,true,false,false,93,GIFT10,,SEND005670
V010745,C00271,2025-09-22,paid_search,P004,Essential Bag 04,false,false,false,34,AUTUMN5,,SEND005672
V010746,C00223,2025-11-04,paid_search,P024,Modern Serum 24,true,true,true,257,HOLIDAY15,T005650,SEND005676
V010747,C00790,2025-12-10,paid_search,P005,Bright Organizer 05,true,false,false,139,HOLIDAY15,,SEND005679
V010748,C00065,2025-10-30,paid_search,P006,Active Mat 06,false,false,false,52,AUTUMN5,,SEND005681
V010749,C00765,2025-06-28,paid_search,P006,Active Mat 06,false,false,false,243,SUMMER5,,SEND005688
V010750,C00123,2025-12-09,email,P024,Modern Serum 24,true,false,false,62,GIFT10,,SEND005689
V010751,C00837,2025-11-06,paid_search,P022,Active Mat 22,true,false,false,76,HOLIDAY15,,SEND005690
V010752,C00545,2025-11-15,email,P005,Bright Organizer 05,true,true,true,92,GIFT10,T005877,SEND005693
V010753,C00060,2025-01-21,email,P025,Daily Lamp 25,true,true,false,354,RESET10,,SEND005694
V010754,C00916,2025-08-21,paid_search,P025,Daily Lamp 25,true,false,false,248,SUMMER5,,SEND005705
V010755,C00879,2025-11-18,email,P009,Daily Lamp 09,true,true,false,35,GIFT10,,SEND005709
V010756,C00083,2025-03-21,paid_search,P025,Daily Lamp 25,true,true,true,35,SPRING10,T001513,SEND005716
V010757,C00269,2025-09-12,email,P030,Active Mat 30,true,true,true,44,ROUTINE10,T004782,SEND005727
V010758,C00138,2025-04-27,paid_search,P018,Pure Band 18,true,true,true,130,SPRING10,T002242,SEND005736
V010759,C00238,2025-09-28,paid_search,P026,Pure Band 26,true,false,false,41,AUTUMN5,,SEND005745
V010760,C00840,2025-11-29,email,P016,Modern Serum 16,false,false,false,152,GIFT10,,SEND005752
V010761,C00910,2025-09-19,email,P014,Active Mat 14,false,false,false,210,ROUTINE10,,SEND005759
V010762,C00578,2025-02-21,email,P001,Daily Lamp 01,true,false,false,112,RESET10,,SEND005764
V010763,C00803,2025-06-21,paid_search,P009,Daily Lamp 09,true,true,true,509,SUMMER5,T003254,SEND005766
V010764,C00299,2025-03-27,paid_search,P009,Daily Lamp 09,true,false,false,266,SPRING10,,SEND005771
V010765,C00857,2025-11-18,paid_search,P023,Calm Cream 23,true,false,false,321,HOLIDAY15,,SEND005773
V010766,C00974,2025-02-14,email,P013,Bright Organizer 13,true,false,false,78,RESET10,,SEND005777
V010767,C00865,2025-05-14,email,P004,Essential Bag 04,true,true,true,234,MEMBER15,T002539,SEND005783
V010768,C00418,2025-07-12,paid_search,P020,Essential Bag 20,true,false,false,76,SUMMER5,,SEND005789
V010769,C00212,2025-02-20,email,P017,Daily Lamp 17,true,false,false,95,RESET10,,SEND005828
V010770,C00966,2025-10-10,paid_search,P016,Modern Serum 16,true,false,false,186,AUTUMN5,,SEND005834
V010771,C00740,2025-11-11,email,P001,Daily Lamp 01,true,false,false,369,GIFT10,,SEND005837
V010772,C00353,2025-11-05,paid_search,P013,Bright Organizer 13,true,false,false,222,HOLIDAY15,,SEND005848
V010773,C00394,2025-03-16,paid_search,P025,Daily Lamp 25,true,false,false,24,SPRING10,,SEND005852
V010774,C00298,2025-05-13,email,P012,Essential Bag 12,true,false,false,93,MEMBER15,,SEND005876
V010775,C00451,2025-08-19,email,P029,Bright Organizer 29,true,false,false,92,ROUTINE10,,SEND005878
V010776,C00463,2025-12-27,paid_search,P017,Daily Lamp 17,true,false,false,124,HOLIDAY15,,SEND005891
V010777,C00605,2025-10-07,paid_search,P012,Essential Bag 12,true,false,false,136,AUTUMN5,,SEND005897
V010778,C00721,2025-12-10,paid_search,P019,Urban Bottle 19,true,false,false,229,HOLIDAY15,,SEND005900
V010779,C00927,2025-08-31,paid_search,P024,Modern Serum 24,true,false,false,48,SUMMER5,,SEND005901
V010780,C00340,2025-09-01,email,P014,Active Mat 14,true,false,false,136,ROUTINE10,,SEND005908
V010781,C00963,2025-03-12,paid_search,P011,Urban Bottle 11,true,true,false,50,SPRING10,,SEND005915
V010782,C00196,2025-12-07,paid_search,P030,Active Mat 30,true,false,false,72,HOLIDAY15,,SEND005918
V010783,C00522,2025-05-12,email,P002,Pure Band 02,true,true,false,537,MEMBER15,,SEND005928
V010784,C00801,2025-03-27,paid_search,P021,Bright Organizer 21,true,true,false,219,SPRING10,,SEND005933
V010785,C00357,2025-11-16,email,P005,Bright Organizer 05,true,false,false,166,GIFT10,,SEND005945
V010786,C00828,2025-09-24,email,P024,Modern Serum 24,true,true,true,50,ROUTINE10,T004966,SEND005951
V010787,C00589,2025-07-04,email,P022,Active Mat 22,true,true,true,762,MEMBER15,T003511,SEND005955
V010788,C00400,2025-08-29,email,P017,Daily Lamp 17,true,true,false,454,ROUTINE10,,SEND005957
V010789,C00625,2025-06-28,email,P021,Bright Organizer 21,true,false,false,38,MEMBER15,,SEND005959
V010790,C00630,2025-10-29,paid_search,P002,Pure Band 02,true,false,false,359,AUTUMN5,,SEND005981
V010791,C00738,2025-05-24,email,P005,Bright Organizer 05,true,false,false,251,MEMBER15,,SEND005983
V010792,C00402,2025-03-31,paid_search,P019,Urban Bottle 19,true,false,false,105,SPRING10,,SEND005998
V010793,C00616,2025-06-09,email,P024,Modern Serum 24,true,false,false,60,MEMBER15,,SEND006000
V010794,C00554,2025-02-18,email,P012,Essential Bag 12,true,false,false,194,RESET10,,SEND006008
V010795,C00234,2025-11-10,email,P018,Pure Band 18,true,false,false,92,GIFT10,,SEND006055
V010796,C00505,2025-03-28,paid_search,P021,Bright Organizer 21,true,true,true,126,SPRING10,T001650,SEND006075
V010797,C00041,2025-03-29,paid_search,P002,Pure Band 02,true,false,false,68,SPRING10,,SEND006079
V010798,C00568,2025-10-24,paid_search,P018,Pure Band 18,true,false,false,32,AUTUMN5,,SEND006081
V010799,C00276,2025-08-15,paid_search,P008,Modern Serum 08,true,true,true,92,SUMMER5,T004299,SEND006089
V010800,C00649,2025-12-23,paid_search,P009,Daily Lamp 09,true,false,false,104,HOLIDAY15,,SEND006091
V010801,C00978,2025-12-02,email,P008,Modern Serum 08,true,false,false,144,GIFT10,,SEND006097
V010802,C00472,2025-07-30,paid_search,P013,Bright Organizer 13,true,false,false,17,SUMMER5,,SEND006119
V010803,C00113,2025-01-27,email,P014,Active Mat 14,true,true,true,49,RESET10,T000497,SEND006124
V010804,C00114,2025-04-13,paid_search,P028,Essential Bag 28,true,false,false,49,SPRING10,,SEND006133
V010805,C00534,2025-11-27,email,P003,Urban Bottle 03,true,false,false,34,GIFT10,,SEND006141
V010806,C00987,2025-12-04,email,P029,Bright Organizer 29,true,false,false,19,GIFT10,,SEND006143
V010807,C00596,2025-04-17,paid_search,P022,Active Mat 22,true,false,false,81,SPRING10,,SEND006145
V010808,C00578,2025-11-07,email,P012,Essential Bag 12,true,false,false,234,GIFT10,,SEND006146
V010809,C00050,2025-11-12,paid_search,P016,Modern Serum 16,true,false,false,246,HOLIDAY15,,SEND006153
V010810,C00096,2025-04-06,paid_search,P021,Bright Organizer 21,true,false,false,628,SPRING10,,SEND006155
V010811,C00736,2025-12-31,paid_search,P003,Urban Bottle 03,true,false,false,136,HOLIDAY15,,SEND006156
V010812,C00522,2025-11-28,paid_search,P003,Urban Bottle 03,true,true,false,110,HOLIDAY15,,SEND006175
V010813,C00705,2025-09-21,paid_search,P009,Daily Lamp 09,true,false,false,42,AUTUMN5,,SEND006176
V010814,C00832,2025-11-14,paid_search,P004,Essential Bag 04,true,false,false,143,HOLIDAY15,,SEND006186
V010815,C00365,2025-09-06,paid_search,P011,Urban Bottle 11,true,false,false,22,SUMMER5,,SEND006188
V010816,C00053,2025-06-08,email,P019,Urban Bottle 19,true,false,false,221,MEMBER15,,SEND006197
V010817,C00646,2025-06-27,paid_search,P011,Urban Bottle 11,true,false,false,251,SUMMER5,,SEND006202
V010818,C00078,2025-02-17,email,P019,Urban Bottle 19,true,false,false,135,RESET10,,SEND006206
V010819,C00218,2025-04-23,paid_search,P013,Bright Organizer 13,true,false,false,142,SPRING10,,SEND006209
V010820,C00575,2025-03-07,email,P021,Bright Organizer 21,true,false,false,41,RESET10,,SEND006236
V010821,C00643,2025-03-19,paid_search,P005,Bright Organizer 05,true,false,false,43,SPRING10,,SEND006242
V010822,C00253,2025-01-29,email,P019,Urban Bottle 19,true,false,false,108,RESET10,,SEND006246
V010823,C00124,2025-11-26,paid_search,P022,Active Mat 22,true,false,false,110,HOLIDAY15,,SEND006248
V010824,C00726,2025-06-19,email,P020,Essential Bag 20,true,true,true,63,MEMBER15,T003229,SEND006282
V010825,C00937,2025-02-04,email,P005,Bright Organizer 05,true,false,false,149,RESET10,,SEND006285
V010826,C00796,2025-04-01,paid_search,P018,Pure Band 18,true,false,false,372,SPRING10,,SEND006289
V010827,C00796,2025-09-08,paid_search,P004,Essential Bag 04,true,false,false,327,AUTUMN5,,SEND006293
V010828,C00831,2025-11-21,paid_search,P005,Bright Organizer 05,true,false,false,167,HOLIDAY15,,SEND006301
V010829,C00432,2025-04-20,paid_search,P017,Daily Lamp 17,true,false,false,230,SPRING10,,SEND006311
V010830,C00705,2025-10-18,paid_search,P012,Essential Bag 12,false,false,false,92,AUTUMN5,,SEND006316
V010831,C00910,2025-08-25,email,P019,Urban Bottle 19,false,false,false,39,ROUTINE10,,SEND006320
V010832,C00366,2025-11-25,email,P002,Pure Band 02,true,true,true,19,GIFT10,T006020,SEND006329
V010833,C01000,2025-04-28,paid_search,P026,Pure Band 26,true,true,false,108,SPRING10,,SEND006335
V010834,C00087,2025-03-18,paid_search,P026,Pure Band 26,true,false,false,115,SPRING10,,SEND006338
V010835,C00178,2025-09-12,email,P028,Essential Bag 28,true,false,false,21,ROUTINE10,,SEND006348
V010836,C00862,2025-07-05,paid_search,P016,Modern Serum 16,true,false,false,78,SUMMER5,,SEND006358
V010837,C00511,2025-02-13,email,P008,Modern Serum 08,true,true,true,60,RESET10,T000811,SEND006359
V010838,C00175,2025-08-12,email,P010,Pure Band 10,true,true,false,81,ROUTINE10,,SEND006362
V010839,C00981,2025-12-31,paid_search,P015,Calm Cream 15,true,true,false,169,HOLIDAY15,,SEND006363
V010840,C00688,2025-05-04,paid_search,P024,Modern Serum 24,true,true,true,215,SPRING10,T002361,SEND006378
V010841,C00842,2025-08-07,paid_search,P028,Essential Bag 28,true,false,false,225,SUMMER5,,SEND006392
V010842,C00781,2025-08-21,email,P014,Active Mat 14,true,false,false,288,ROUTINE10,,SEND006398
V010843,C00464,2025-09-28,paid_search,P003,Urban Bottle 03,true,true,false,31,AUTUMN5,,SEND006406
V010844,C00406,2025-08-30,paid_search,P024,Modern Serum 24,true,true,false,320,SUMMER5,,SEND006410
V010845,C00484,2025-06-01,email,P026,Pure Band 26,true,false,false,57,MEMBER15,,SEND006417
V010846,C00647,2025-09-09,paid_search,P026,Pure Band 26,true,false,false,72,SUMMER5,,SEND006426
V010847,C00437,2025-06-25,paid_search,P024,Modern Serum 24,true,false,false,229,SUMMER5,,SEND006430
V010848,C00795,2025-06-25,email,P020,Essential Bag 20,true,true,true,300,MEMBER15,T003345,SEND006433
V010849,C00931,2025-05-15,email,P027,Urban Bottle 27,true,true,true,21,MEMBER15,T002560,SEND006446
V010850,C00525,2025-08-29,paid_search,P029,Bright Organizer 29,true,false,false,148,SUMMER5,,SEND006451
V010851,C00299,2025-09-10,paid_search,P013,Bright Organizer 13,true,false,false,196,AUTUMN5,,SEND006453
V010852,C00045,2025-01-11,email,P004,Essential Bag 04,true,false,false,65,RESET10,,SEND006469
V010853,C00185,2025-08-06,paid_search,P013,Bright Organizer 13,true,false,false,104,SUMMER5,,SEND006470
V010854,C00432,2025-09-09,paid_search,P002,Pure Band 02,true,true,false,222,AUTUMN5,,SEND006475
V010855,C00006,2025-08-17,paid_search,P014,Active Mat 14,true,false,false,109,SUMMER5,,SEND006483
V010856,C00276,2025-11-24,email,P009,Daily Lamp 09,true,false,false,35,GIFT10,,SEND006486
V010857,C00727,2025-04-13,paid_search,P017,Daily Lamp 17,true,false,false,109,SPRING10,,SEND006487
V010858,C00717,2025-11-17,paid_search,P030,Active Mat 30,true,true,false,74,HOLIDAY15,,SEND006507
V010859,C00433,2025-06-04,email,P006,Active Mat 06,true,false,false,75,MEMBER15,,SEND006514
V010860,C00138,2025-12-26,paid_search,P018,Pure Band 18,false,false,false,58,HOLIDAY15,,SEND006520
V010861,C00425,2025-08-18,email,P027,Urban Bottle 27,true,false,false,149,ROUTINE10,,SEND006538
V010862,C00739,2025-02-04,email,P028,Essential Bag 28,true,false,false,346,RESET10,,SEND006544
V010863,C00120,2025-10-05,paid_search,P012,Essential Bag 12,true,false,false,153,AUTUMN5,,SEND006557
V010864,C00977,2025-11-18,email,P005,Bright Organizer 05,true,false,false,77,GIFT10,,SEND006568
V010865,C00374,2025-11-27,paid_search,P028,Essential Bag 28,true,false,false,53,HOLIDAY15,,SEND006581
V010866,C00181,2025-09-30,paid_search,P008,Modern Serum 08,true,false,false,76,AUTUMN5,,SEND006582
V010867,C00595,2025-08-23,email,P025,Daily Lamp 25,true,true,true,147,ROUTINE10,T004438,SEND006589
V010868,C00032,2025-07-06,email,P022,Active Mat 22,true,false,false,204,MEMBER15,,SEND006596
V010869,C00918,2025-12-31,paid_search,P001,Daily Lamp 01,false,false,false,130,HOLIDAY15,,SEND006600
V010870,C00873,2025-11-17,paid_search,P012,Essential Bag 12,true,false,false,51,HOLIDAY15,,SEND006604
V010871,C00939,2025-08-23,email,P012,Essential Bag 12,false,false,false,33,ROUTINE10,,SEND006605
V010872,C00327,2025-06-12,email,P014,Active Mat 14,true,false,false,11,MEMBER15,,SEND006613
V010873,C00819,2025-04-26,paid_search,P019,Urban Bottle 19,true,false,false,47,SPRING10,,SEND006619
V010874,C00417,2025-10-15,paid_search,P025,Daily Lamp 25,true,true,true,56,AUTUMN5,T005333,SEND006623
V010875,C00636,2025-12-31,paid_search,P008,Modern Serum 08,true,false,false,84,HOLIDAY15,,SEND006625
V010876,C00095,2025-12-04,paid_search,P001,Daily Lamp 01,true,true,true,59,HOLIDAY15,T006137,SEND006627
V010877,C00387,2025-12-28,paid_search,P014,Active Mat 14,false,false,false,39,HOLIDAY15,,SEND006628
V010878,C00273,2025-05-09,email,P018,Pure Band 18,true,false,false,262,MEMBER15,,SEND006634
V010879,C00411,2025-11-16,email,P011,Urban Bottle 11,true,false,false,18,GIFT10,,SEND006647
V010880,C00421,2025-02-18,email,P027,Urban Bottle 27,true,true,true,45,RESET10,T000905,SEND006648
V010881,C00077,2025-11-09,email,P022,Active Mat 22,true,false,false,37,GIFT10,,SEND006669
V010882,C00304,2025-03-25,paid_search,P022,Active Mat 22,true,false,false,339,SPRING10,,SEND006680
V010883,C00479,2025-02-16,email,P024,Modern Serum 24,true,true,true,44,RESET10,T000877,SEND006681
V010884,C00815,2025-08-19,email,P005,Bright Organizer 05,true,false,false,189,ROUTINE10,,SEND006687
V010885,C00298,2025-11-22,email,P012,Essential Bag 12,true,false,false,131,GIFT10,,SEND006690
V010886,C00921,2025-04-26,paid_search,P024,Modern Serum 24,true,false,false,22,SPRING10,,SEND006702
V010887,C00392,2025-03-23,paid_search,P018,Pure Band 18,true,true,false,142,SPRING10,,SEND006703
V010888,C00457,2025-02-07,email,P001,Daily Lamp 01,true,true,false,175,RESET10,,SEND006720
V010889,C00813,2025-04-08,paid_search,P015,Calm Cream 15,true,true,false,40,SPRING10,,SEND006724
V010890,C00958,2025-07-09,paid_search,P004,Essential Bag 04,true,false,false,35,SUMMER5,,SEND006730
V010891,C00864,2025-08-20,paid_search,P024,Modern Serum 24,true,false,false,147,SUMMER5,,SEND006735
V010892,C00725,2025-12-31,paid_search,P026,Pure Band 26,false,false,false,36,HOLIDAY15,,SEND006737
V010893,C00159,2025-04-23,paid_search,P011,Urban Bottle 11,true,true,true,26,SPRING10,T002151,SEND006748
V010894,C00999,2025-02-07,email,P021,Bright Organizer 21,true,false,false,17,RESET10,,SEND006752
V010895,C00135,2025-08-21,email,P014,Active Mat 14,true,false,false,30,ROUTINE10,,SEND006753
V010896,C00231,2025-11-28,email,P026,Pure Band 26,true,true,true,86,GIFT10,T006061,SEND006755
V010897,C00778,2025-11-20,paid_search,P003,Urban Bottle 03,true,false,false,142,HOLIDAY15,,SEND006779
V010898,C00421,2025-10-18,paid_search,P005,Bright Organizer 05,true,false,false,318,AUTUMN5,,SEND006784
V010899,C00525,2025-05-23,email,P015,Calm Cream 15,true,false,false,61,MEMBER15,,SEND006796
V010900,C00314,2025-02-04,email,P017,Daily Lamp 17,true,true,true,71,RESET10,T000651,SEND006807
V010901,C00360,2025-09-16,paid_search,P029,Bright Organizer 29,true,false,false,21,AUTUMN5,,SEND006815
V010902,C00985,2025-06-18,paid_search,P013,Bright Organizer 13,true,true,false,437,SUMMER5,,SEND006817
V010903,C00325,2025-02-05,email,P016,Modern Serum 16,true,false,false,138,RESET10,,SEND006822
V010904,C00764,2025-12-19,paid_search,P013,Bright Organizer 13,true,true,true,57,HOLIDAY15,T006408,SEND006828
V010905,C00978,2025-05-16,email,P029,Bright Organizer 29,true,true,true,160,MEMBER15,T002585,SEND006829
V010906,C00113,2025-11-16,email,P015,Calm Cream 15,true,false,false,58,GIFT10,,SEND006832
V010907,C00702,2025-11-15,email,P013,Bright Organizer 13,true,false,false,187,GIFT10,,SEND006845
V010908,C00299,2025-02-25,email,P026,Pure Band 26,true,false,false,91,RESET10,,SEND006846
V010909,C00085,2025-01-30,email,P029,Bright Organizer 29,true,false,false,63,RESET10,,SEND006856
V010910,C00209,2025-02-19,email,P025,Daily Lamp 25,true,false,false,540,RESET10,,SEND006870
V010911,C00887,2025-04-24,paid_search,P002,Pure Band 02,true,true,false,135,SPRING10,,SEND006871
V010912,C00376,2025-10-04,paid_search,P014,Active Mat 14,true,true,true,65,AUTUMN5,T005131,SEND006876
V010913,C00269,2025-11-19,email,P019,Urban Bottle 19,false,false,false,102,GIFT10,,SEND006878
V010914,C00321,2025-08-13,paid_search,P024,Modern Serum 24,true,false,false,83,SUMMER5,,SEND006901
V010915,C00975,2025-11-28,email,P011,Urban Bottle 11,false,false,false,292,GIFT10,,SEND006908
V010916,C00703,2025-09-25,paid_search,P016,Modern Serum 16,false,false,false,158,AUTUMN5,,SEND006912
V010917,C00013,2025-04-23,paid_search,P004,Essential Bag 04,true,false,false,37,SPRING10,,SEND006917
V010918,C00335,2025-04-11,paid_search,P001,Daily Lamp 01,true,false,false,78,SPRING10,,SEND006926
V010919,C00210,2025-07-20,paid_search,P018,Pure Band 18,true,false,false,247,SUMMER5,,SEND006929
V010920,C00882,2025-03-10,email,P027,Urban Bottle 27,true,false,false,114,RESET10,,SEND006942
V010921,C00326,2025-10-13,paid_search,P007,Calm Cream 07,true,true,true,101,AUTUMN5,T005307,SEND006945
V010922,C00846,2025-06-19,paid_search,P011,Urban Bottle 11,true,false,false,154,SUMMER5,,SEND006954
V010923,C00081,2025-12-29,paid_search,P005,Bright Organizer 05,false,false,false,128,HOLIDAY15,,SEND006958
V010924,C00549,2025-07-21,paid_search,P010,Pure Band 10,true,false,false,160,SUMMER5,,SEND006965
V010925,C00535,2025-09-05,email,P017,Daily Lamp 17,true,true,false,33,ROUTINE10,,SEND006975
V010926,C00350,2025-08-22,paid_search,P023,Calm Cream 23,true,true,true,82,SUMMER5,T004420,SEND006981
V010927,C00412,2025-01-09,email,P007,Calm Cream 07,true,false,false,83,RESET10,,SEND006984
V010928,C00574,2025-01-15,email,P022,Active Mat 22,true,false,false,967,RESET10,,SEND006987
V010929,C00306,2025-06-20,email,P016,Modern Serum 16,true,false,false,148,MEMBER15,,SEND006993
V010930,C00359,2025-07-01,email,P024,Modern Serum 24,true,false,false,180,MEMBER15,,SEND006997
V000001,C00031,2025-08-30,social,P009,Daily Lamp 09,true,true,true,192,,T004533,
V000002,C00191,2025-03-05,email,P007,Calm Cream 07,true,false,false,83,WEEKEND15,,
V000003,C00623,2025-08-31,direct,P021,Bright Organizer 21,true,false,false,20,,,
V000004,C00857,2025-09-26,paid_search,P027,Urban Bottle 27,true,false,false,48,,,
V000005,C00143,2025-05-05,social,P006,Active Mat 06,true,false,false,20,,,
V000006,C00876,2025-12-05,social,P026,Pure Band 26,true,false,false,70,,,
V000007,C00760,2025-05-31,referral,P006,Active Mat 06,false,false,false,23,,,
V000008,C00055,2025-10-21,direct,P004,Essential Bag 04,true,false,false,138,,,
V000009,C00025,2025-05-09,direct,P028,Essential Bag 28,true,false,false,55,LOYALTY10,,
V000010,C00129,2025-09-09,social,P002,Pure Band 02,true,false,false,14,,,
V000011,C00265,2025-10-25,organic_search,P008,Modern Serum 08,true,false,false,47,,,
V000012,C00078,2025-01-20,direct,P017,Daily Lamp 17,true,false,false,24,,,
V000013,C00918,2025-10-12,organic_search,P027,Urban Bottle 27,true,false,false,128,,,
V000014,C00208,2025-05-01,direct,P008,Modern Serum 08,true,true,false,184,,,
V000015,C00417,2025-11-05,organic_search,P027,Urban Bottle 27,true,false,false,67,,,
V000016,C00228,2025-11-04,paid_search,P012,Essential Bag 12,true,false,false,26,,,
V000017,C00853,2025-04-13,direct,P005,Bright Organizer 05,true,false,false,106,,,
V000018,C00115,2025-01-10,direct,P030,Active Mat 30,true,false,false,71,,,
V000019,C00512,2025-06-12,email,P014,Active Mat 14,true,false,false,24,,,
V000020,C00024,2025-08-26,organic_search,P016,Modern Serum 16,false,false,false,36,LOYALTY10,,
V000021,C00698,2025-05-31,direct,P002,Pure Band 02,true,false,false,42,,,
V000022,C00708,2025-04-16,paid_search,P024,Modern Serum 24,true,false,false,40,,,
V000023,C00395,2025-07-28,email,P014,Active Mat 14,true,false,false,183,,,
V000024,C00739,2025-11-25,referral,P008,Modern Serum 08,true,false,false,117,,,
V000025,C00356,2025-12-05,paid_search,P011,Urban Bottle 11,true,false,false,64,WELCOME5,,
V000026,C00563,2025-01-06,email,P009,Daily Lamp 09,true,false,false,28,,,
V000027,C00972,2025-08-26,social,P029,Bright Organizer 29,true,false,false,98,LOYALTY10,,
V000028,C00035,2025-04-09,email,P019,Urban Bottle 19,true,false,false,13,,,
V000029,C00558,2025-06-13,organic_search,P007,Calm Cream 07,true,false,false,43,,,
V000030,C00599,2025-12-08,email,P024,Modern Serum 24,true,false,false,99,WELCOME5,,
V000031,C00683,2025-09-03,paid_search,P013,Bright Organizer 13,true,false,false,88,,,
V000032,C00205,2025-08-22,organic_search,P004,Essential Bag 04,false,false,false,15,LOYALTY10,,
V000033,C00592,2025-07-29,organic_search,P009,Daily Lamp 09,true,true,false,212,,,
V000034,C00772,2025-03-13,organic_search,P019,Urban Bottle 19,true,false,false,33,,,
V000035,C00410,2025-09-13,direct,P002,Pure Band 02,true,false,true,175,,T004800,
V000036,C00197,2025-05-21,organic_search,P030,Active Mat 30,true,false,true,39,,T002698,
V000037,C00142,2025-08-18,referral,P001,Daily Lamp 01,false,false,false,27,,,
V000038,C00088,2025-11-04,referral,P005,Bright Organizer 05,true,false,false,43,LOYALTY10,,
V000039,C00171,2025-05-08,organic_search,P023,Calm Cream 23,true,false,false,80,WEEKEND15,,
V000040,C00336,2025-07-12,organic_search,P009,Daily Lamp 09,true,true,false,34,,,
V000041,C00531,2025-07-14,social,P017,Daily Lamp 17,true,false,false,130,WEEKEND15,,
V000042,C00858,2025-11-10,paid_search,P016,Modern Serum 16,true,false,false,44,,,
V000043,C00224,2025-12-19,social,P010,Pure Band 10,true,false,false,51,WEEKEND15,,
V000044,C00946,2025-06-05,organic_search,P001,Daily Lamp 01,true,false,false,111,,,
V000045,C00229,2025-06-27,organic_search,P026,Pure Band 26,true,false,false,54,,,
V000046,C00728,2025-12-22,paid_search,P012,Essential Bag 12,false,false,false,69,LOYALTY10,,
V000047,C00097,2025-11-13,referral,P017,Daily Lamp 17,true,false,false,18,,,
V000048,C00186,2025-05-06,organic_search,P006,Active Mat 06,true,false,false,19,LOYALTY10,,
V000049,C00069,2025-09-08,paid_search,P021,Bright Organizer 21,true,false,false,19,,,
V000050,C00842,2025-01-09,social,P011,Urban Bottle 11,true,false,false,92,,,
V000051,C00264,2025-03-19,social,P018,Pure Band 18,true,false,false,95,,,
V000052,C00216,2025-09-14,direct,P019,Urban Bottle 19,true,false,true,268,WEEKEND15,T004822,
V000053,C00420,2025-01-11,social,P030,Active Mat 30,true,false,false,104,,,
V000054,C00240,2025-10-29,organic_search,P017,Daily Lamp 17,true,false,false,81,,,
V000055,C00705,2025-12-15,direct,P005,Bright Organizer 05,true,false,false,90,,,
V000056,C00137,2025-12-16,email,P014,Active Mat 14,true,false,true,48,,T006356,
V000057,C00937,2025-04-27,social,P022,Active Mat 22,true,false,false,82,,,
V000058,C00833,2025-12-07,paid_search,P002,Pure Band 02,true,true,true,35,,T006209,
V000059,C00307,2025-06-20,social,P025,Daily Lamp 25,true,false,false,28,,,
V000060,C00669,2025-04-14,paid_search,P017,Daily Lamp 17,true,false,false,48,,,
V000061,C00553,2025-10-07,direct,P014,Active Mat 14,true,false,false,24,,,
V000062,C00725,2025-01-29,referral,P006,Active Mat 06,true,false,false,51,LOYALTY10,,
V000063,C00620,2025-09-16,organic_search,P026,Pure Band 26,true,false,false,76,,,
V000064,C00651,2025-01-15,paid_search,P013,Bright Organizer 13,true,false,false,21,,,
V000065,C00181,2025-11-15,direct,P026,Pure Band 26,true,false,false,30,,,
V000066,C00642,2025-08-11,direct,P028,Essential Bag 28,true,false,true,61,,T004216,
V000067,C00481,2025-03-28,paid_search,P026,Pure Band 26,true,true,false,284,,,
V000068,C00342,2025-05-15,organic_search,P026,Pure Band 26,true,false,false,24,,,
V000069,C00596,2025-12-29,paid_search,P027,Urban Bottle 27,true,false,true,83,,T006517,
V000070,C00935,2025-02-26,direct,P001,Daily Lamp 01,true,false,false,263,,,
V000071,C00849,2025-11-10,paid_search,P021,Bright Organizer 21,true,true,false,51,WEEKEND15,,
V000072,C00702,2025-09-29,organic_search,P007,Calm Cream 07,true,false,true,206,WEEKEND15,T005029,
V000073,C00978,2025-10-22,email,P026,Pure Band 26,true,false,false,56,,,
V000074,C00243,2025-05-14,paid_search,P020,Essential Bag 20,true,false,false,38,,,
V000075,C00256,2025-03-02,email,P028,Essential Bag 28,true,false,false,123,,,
V000076,C00189,2025-07-20,paid_search,P013,Bright Organizer 13,true,false,false,33,LOYALTY10,,
V000077,C00777,2025-06-12,paid_search,P023,Calm Cream 23,true,false,false,65,,,
V000078,C00198,2025-07-17,referral,P008,Modern Serum 08,true,false,false,62,WELCOME5,,
V000079,C00859,2025-12-17,social,P022,Active Mat 22,true,false,false,126,WELCOME5,,
V000080,C00131,2025-08-10,organic_search,P028,Essential Bag 28,true,false,false,16,,,
V000081,C00436,2025-05-28,organic_search,P027,Urban Bottle 27,true,false,false,128,,,
V000082,C00898,2025-03-29,referral,P024,Modern Serum 24,true,false,false,52,,,
V000083,C00827,2025-05-26,direct,P018,Pure Band 18,true,false,false,26,,,
V000084,C00375,2025-11-15,organic_search,P029,Bright Organizer 29,true,false,false,28,,,
V000085,C00997,2025-04-17,social,P003,Urban Bottle 03,true,false,false,93,,,
V000086,C00771,2025-03-11,email,P019,Urban Bottle 19,true,false,false,46,,,
V000087,C00863,2025-11-20,organic_search,P003,Urban Bottle 03,true,false,false,198,,,
V000088,C00841,2025-12-29,social,P028,Essential Bag 28,true,false,false,27,,,
V000089,C00548,2025-09-13,paid_search,P004,Essential Bag 04,true,false,false,10,,,
V000090,C00837,2025-08-09,referral,P030,Active Mat 30,true,false,false,106,,,
V000091,C00078,2025-10-22,organic_search,P019,Urban Bottle 19,false,false,false,132,,,
V000092,C00521,2025-05-25,organic_search,P027,Urban Bottle 27,true,false,false,28,,,
V000093,C00179,2025-03-11,referral,P013,Bright Organizer 13,true,true,false,72,,,
V000094,C00976,2025-12-14,organic_search,P020,Essential Bag 20,true,false,false,23,,,
V000095,C00354,2025-11-26,organic_search,P014,Active Mat 14,false,false,false,54,,,
V000096,C00882,2025-08-01,direct,P025,Daily Lamp 25,true,false,false,122,,,
V000097,C00836,2025-06-26,email,P020,Essential Bag 20,true,false,false,45,,,
V000098,C00088,2025-12-05,organic_search,P024,Modern Serum 24,true,false,false,37,,,
V000099,C00307,2025-01-24,paid_search,P024,Modern Serum 24,true,false,false,123,,,
V000100,C00286,2025-04-21,organic_search,P016,Modern Serum 16,true,false,false,81,,,
V000101,C00173,2025-12-14,social,P019,Urban Bottle 19,true,false,false,46,,,
V000102,C00083,2025-05-20,organic_search,P012,Essential Bag 12,true,false,false,24,,,
V000103,C00626,2025-11-21,organic_search,P024,Modern Serum 24,true,false,false,46,,,
V000104,C00651,2025-06-01,paid_search,P025,Daily Lamp 25,true,false,false,54,,,
V000105,C00976,2025-01-19,social,P005,Bright Organizer 05,true,false,false,19,,,
V000106,C00654,2025-11-20,social,P027,Urban Bottle 27,true,false,false,54,,,
V000107,C00558,2025-07-29,social,P026,Pure Band 26,true,false,false,15,,,
V000108,C00627,2025-07-28,direct,P016,Modern Serum 16,true,false,false,112,,,
V000109,C00688,2025-03-27,direct,P005,Bright Organizer 05,true,false,false,60,,,
V000110,C00546,2025-06-09,referral,P018,Pure Band 18,true,false,false,62,,,
V000111,C00738,2025-12-07,organic_search,P013,Bright Organizer 13,true,false,true,173,,T006198,
V000112,C00075,2025-05-12,email,P026,Pure Band 26,true,false,false,70,,,
V000113,C00605,2025-05-14,email,P025,Daily Lamp 25,true,false,false,607,,,
V000114,C00121,2025-09-30,paid_search,P028,Essential Bag 28,true,false,false,10,,,
V000115,C00719,2025-11-26,social,P018,Pure Band 18,false,false,false,482,,,
V000116,C00237,2025-06-16,email,P018,Pure Band 18,true,true,true,90,,T003176,
V000117,C00106,2025-08-02,email,P017,Daily Lamp 17,true,false,false,21,,,
V000118,C00001,2025-07-24,paid_search,P016,Modern Serum 16,true,false,false,136,LOYALTY10,,
V000119,C00187,2025-11-21,direct,P014,Active Mat 14,false,false,false,87,LOYALTY10,,
V000120,C00077,2025-12-03,paid_search,P005,Bright Organizer 05,true,true,false,141,,,
V000121,C00646,2025-01-03,referral,P004,Essential Bag 04,true,false,false,120,,,
V000122,C00764,2025-07-07,organic_search,P018,Pure Band 18,true,false,false,28,,,
V000123,C00356,2025-07-15,organic_search,P021,Bright Organizer 21,true,true,false,275,,,
V000124,C00925,2025-05-27,email,P010,Pure Band 10,true,false,false,46,,,
V000125,C00345,2025-03-16,organic_search,P003,Urban Bottle 03,true,false,false,56,,,
V000126,C00208,2025-12-20,email,P024,Modern Serum 24,true,false,false,112,,,
V000127,C00217,2025-08-12,organic_search,P026,Pure Band 26,true,false,false,91,,,
V000128,C00564,2025-09-10,direct,P004,Essential Bag 04,true,false,false,29,WEEKEND15,,
V000129,C00038,2025-03-22,paid_search,P023,Calm Cream 23,true,false,false,36,WEEKEND15,,
V000130,C00784,2025-05-23,organic_search,P004,Essential Bag 04,false,false,false,87,,,
V000131,C00917,2025-04-13,email,P005,Bright Organizer 05,true,false,false,99,,,
V000132,C00579,2025-08-11,social,P008,Modern Serum 08,true,false,false,43,,,
V000133,C00026,2025-05-05,direct,P026,Pure Band 26,true,false,false,184,,,
V000134,C00564,2025-11-17,organic_search,P025,Daily Lamp 25,true,false,false,27,,,
V000135,C00078,2025-02-12,referral,P017,Daily Lamp 17,true,false,false,94,,,
V000136,C00386,2025-01-20,paid_search,P006,Active Mat 06,true,false,false,56,,,
V000137,C00134,2025-09-12,paid_search,P016,Modern Serum 16,false,false,false,38,,,
V000138,C00870,2025-03-29,social,P027,Urban Bottle 27,true,false,false,43,,,
V000139,C00393,2025-04-16,organic_search,P004,Essential Bag 04,true,false,false,109,,,
V000140,C00826,2025-02-26,social,P006,Active Mat 06,true,false,false,25,WEEKEND15,,
V000141,C00338,2025-05-04,direct,P022,Active Mat 22,true,false,false,62,,,
V000142,C00355,2025-04-14,direct,P025,Daily Lamp 25,true,false,false,62,,,
V000143,C00919,2025-11-10,organic_search,P029,Bright Organizer 29,true,false,false,131,,,
V000144,C00683,2025-06-14,organic_search,P013,Bright Organizer 13,true,false,false,133,LOYALTY10,,
V000145,C00030,2025-05-02,paid_search,P012,Essential Bag 12,true,false,false,136,,,
V000146,C00365,2025-08-05,direct,P030,Active Mat 30,true,false,false,53,,,
V000147,C00036,2025-01-13,direct,P013,Bright Organizer 13,true,false,false,21,,,
V000148,C00696,2025-11-14,email,P016,Modern Serum 16,true,true,false,131,WEEKEND15,,
V000149,C00907,2025-02-26,paid_search,P003,Urban Bottle 03,true,true,true,85,,T001044,
V000150,C00628,2025-04-17,paid_search,P014,Active Mat 14,true,false,true,108,,T002052,
V000151,C00015,2025-12-01,direct,P023,Calm Cream 23,true,false,false,83,WELCOME5,,
V000152,C00680,2025-05-16,direct,P006,Active Mat 06,true,false,false,61,LOYALTY10,,
V000153,C00008,2025-03-14,paid_search,P020,Essential Bag 20,true,false,false,18,,,
V000154,C00270,2025-06-02,social,P020,Essential Bag 20,true,false,false,40,,,
V000155,C00856,2025-10-13,social,P025,Daily Lamp 25,true,false,false,21,,,
V000156,C00795,2025-08-24,social,P007,Calm Cream 07,true,true,false,106,,,
V000157,C00086,2025-04-15,paid_search,P015,Calm Cream 15,true,true,true,34,,T002017,
V000158,C00806,2025-02-27,paid_search,P024,Modern Serum 24,true,false,false,5,,,
V000159,C00978,2025-05-01,paid_search,P026,Pure Band 26,true,false,false,143,,,
V000160,C00452,2025-05-01,organic_search,P004,Essential Bag 04,true,false,false,70,WEEKEND15,,
V000161,C00015,2025-01-09,social,P015,Calm Cream 15,true,false,false,18,,,
V000162,C00589,2025-10-22,paid_search,P013,Bright Organizer 13,true,false,false,15,,,
V000163,C00537,2025-12-04,organic_search,P025,Daily Lamp 25,true,false,false,89,,,
V000164,C00171,2025-02-24,organic_search,P009,Daily Lamp 09,true,true,false,113,,,
V000165,C00030,2025-03-08,social,P021,Bright Organizer 21,true,false,false,40,,,
V000166,C00366,2025-07-21,social,P003,Urban Bottle 03,true,true,true,150,,T003835,
V000167,C00309,2025-04-29,social,P008,Modern Serum 08,true,false,false,48,WEEKEND15,,
V000168,C00502,2025-07-15,email,P028,Essential Bag 28,true,false,false,43,,,
V000169,C00562,2025-02-15,organic_search,P018,Pure Band 18,true,false,false,132,,,
V000170,C00255,2025-02-05,direct,P001,Daily Lamp 01,true,false,false,14,,,
V000171,C00738,2025-08-25,organic_search,P028,Essential Bag 28,true,false,false,103,,,
V000172,C00422,2025-12-11,organic_search,P001,Daily Lamp 01,true,false,false,68,,,
V000173,C00717,2025-07-04,email,P026,Pure Band 26,true,false,false,47,,,
V000174,C00124,2025-09-23,social,P007,Calm Cream 07,true,true,false,89,WELCOME5,,
V000175,C00372,2025-11-13,organic_search,P004,Essential Bag 04,true,false,true,69,,T005849,
V000176,C00702,2025-12-31,referral,P026,Pure Band 26,false,false,false,42,WEEKEND15,,
V000177,C00462,2025-03-07,direct,P027,Urban Bottle 27,true,false,false,16,,,
V000178,C00610,2025-12-16,organic_search,P002,Pure Band 02,true,false,false,36,,,
V000179,C00430,2025-12-28,social,P029,Bright Organizer 29,true,false,false,25,WELCOME5,,
V000180,C00158,2025-11-22,social,P028,Essential Bag 28,true,false,false,19,,,
V000181,C00783,2025-03-16,email,P005,Bright Organizer 05,true,false,false,70,WEEKEND15,,
V000182,C00865,2025-02-20,paid_search,P010,Pure Band 10,true,false,false,16,WEEKEND15,,
V000183,C00148,2025-11-03,paid_search,P029,Bright Organizer 29,true,false,false,76,,,
V000184,C00640,2025-06-10,direct,P021,Bright Organizer 21,true,false,false,164,,,
V000185,C00737,2025-08-21,paid_search,P012,Essential Bag 12,false,false,false,44,,,
V000186,C00742,2025-08-16,direct,P027,Urban Bottle 27,true,false,false,8,,,
V000187,C00455,2025-01-10,direct,P006,Active Mat 06,true,false,false,21,,,
V000188,C00169,2025-07-17,email,P004,Essential Bag 04,true,false,false,42,,,
V000189,C00716,2025-11-19,direct,P029,Bright Organizer 29,true,false,false,75,,,
V000190,C00419,2025-04-03,email,P009,Daily Lamp 09,true,false,false,10,WEEKEND15,,
V000191,C00277,2025-03-28,organic_search,P011,Urban Bottle 11,true,false,false,138,WELCOME5,,
V000192,C00555,2025-03-17,paid_search,P002,Pure Band 02,true,false,false,39,,,
V000193,C00369,2025-10-31,paid_search,P030,Active Mat 30,false,false,false,17,WELCOME5,,
V000194,C00883,2025-03-11,paid_search,P013,Bright Organizer 13,true,false,false,105,LOYALTY10,,
V000195,C00110,2025-09-10,direct,P020,Essential Bag 20,true,false,false,154,,,
V000196,C00156,2025-12-20,email,P029,Bright Organizer 29,true,true,false,174,,,
V000197,C00771,2025-08-30,direct,P015,Calm Cream 15,true,false,false,78,WELCOME5,,
V000198,C00120,2025-02-17,email,P019,Urban Bottle 19,true,false,false,232,,,
V000199,C00412,2025-12-22,direct,P012,Essential Bag 12,true,false,false,93,,,
V000200,C00778,2025-06-15,paid_search,P012,Essential Bag 12,true,false,false,139,,,
V000201,C00175,2025-10-14,social,P002,Pure Band 02,true,false,false,129,,,
V000202,C00996,2025-03-02,organic_search,P029,Bright Organizer 29,true,false,false,32,,,
V000203,C00901,2025-09-28,direct,P006,Active Mat 06,false,false,false,192,,,
V000204,C00041,2025-04-18,organic_search,P015,Calm Cream 15,true,false,false,42,,,
V000205,C00007,2025-11-02,organic_search,P001,Daily Lamp 01,true,false,false,26,,,
V000206,C00292,2025-03-21,social,P007,Calm Cream 07,true,false,false,63,,,
V000207,C00985,2025-02-08,organic_search,P023,Calm Cream 23,true,false,false,188,,,
V000208,C00234,2025-08-24,organic_search,P016,Modern Serum 16,false,false,false,68,WELCOME5,,
V000209,C00089,2025-01-28,organic_search,P007,Calm Cream 07,true,false,false,33,,,
V000210,C00688,2025-05-15,social,P016,Modern Serum 16,true,false,false,31,WEEKEND15,,
V000211,C00048,2025-11-15,organic_search,P009,Daily Lamp 09,true,false,false,39,,,
V000212,C00524,2025-11-05,paid_search,P019,Urban Bottle 19,true,false,false,72,,,
V000213,C00628,2025-08-07,organic_search,P027,Urban Bottle 27,true,true,true,352,,T004120,
V000214,C00383,2025-04-19,paid_search,P010,Pure Band 10,true,true,false,19,WELCOME5,,
V000215,C00874,2025-11-19,direct,P014,Active Mat 14,false,false,false,109,,,
V000216,C00910,2025-08-27,social,P024,Modern Serum 24,true,true,false,185,,,
V000217,C00939,2025-01-21,paid_search,P013,Bright Organizer 13,true,false,false,36,,,
V000218,C00780,2025-05-05,paid_search,P026,Pure Band 26,true,false,false,36,WEEKEND15,,
V000219,C00091,2025-07-01,direct,P003,Urban Bottle 03,true,true,false,23,,,
V000220,C00669,2025-10-12,paid_search,P006,Active Mat 06,true,true,false,80,,,
V000221,C00400,2025-01-15,organic_search,P016,Modern Serum 16,true,true,false,78,,,
V000222,C00713,2025-12-08,email,P020,Essential Bag 20,true,false,false,83,,,
V000223,C00734,2025-04-05,paid_search,P028,Essential Bag 28,true,false,false,100,,,
V000224,C00522,2025-05-29,organic_search,P006,Active Mat 06,false,false,false,35,,,
V000225,C00364,2025-11-19,organic_search,P028,Essential Bag 28,true,false,false,49,WELCOME5,,
V000226,C00566,2025-06-27,organic_search,P021,Bright Organizer 21,true,false,true,16,,T003405,
V000227,C00473,2025-01-12,email,P010,Pure Band 10,true,true,true,82,,T000205,
V000228,C00348,2025-11-11,paid_search,P016,Modern Serum 16,true,false,false,58,,,
V000229,C00409,2025-01-04,social,P011,Urban Bottle 11,true,false,false,130,WEEKEND15,,
V000230,C00851,2025-05-02,direct,P010,Pure Band 10,true,false,false,22,,,
V000231,C00015,2025-08-30,organic_search,P014,Active Mat 14,false,false,false,29,,,
V000232,C00099,2025-06-26,direct,P006,Active Mat 06,false,false,false,76,,,
V000233,C00507,2025-10-01,social,P001,Daily Lamp 01,true,true,false,85,,,
V000234,C00330,2025-09-22,paid_search,P005,Bright Organizer 05,true,true,true,194,,T004934,
V000235,C00878,2025-07-07,email,P006,Active Mat 06,true,false,false,214,,,
V000236,C00063,2025-12-30,paid_search,P001,Daily Lamp 01,false,false,false,35,,,
V000237,C00728,2025-12-23,referral,P023,Calm Cream 23,true,false,false,65,,,
V000238,C00023,2025-07-20,direct,P002,Pure Band 02,true,false,false,16,,,
V000239,C00578,2025-06-10,organic_search,P029,Bright Organizer 29,true,false,false,26,,,
V000240,C00960,2025-08-20,direct,P011,Urban Bottle 11,true,false,false,81,,,
V000241,C00657,2025-05-24,social,P014,Active Mat 14,true,false,false,29,,,
V000242,C00211,2025-10-23,direct,P024,Modern Serum 24,true,false,false,79,,,
V000243,C00938,2025-02-13,social,P018,Pure Band 18,true,true,true,82,,T000813,
V000244,C00966,2025-07-30,organic_search,P015,Calm Cream 15,true,true,false,73,WEEKEND15,,
V000245,C00895,2025-03-13,referral,P019,Urban Bottle 19,true,false,false,36,,,
V000246,C00421,2025-03-10,organic_search,P021,Bright Organizer 21,true,false,false,58,,,
V000247,C00808,2025-01-12,organic_search,P025,Daily Lamp 25,true,false,false,11,,,
V000248,C00587,2025-08-28,social,P025,Daily Lamp 25,true,false,false,26,WELCOME5,,
V000249,C00160,2025-02-27,organic_search,P013,Bright Organizer 13,true,false,false,14,WELCOME5,,
V000250,C00774,2025-11-19,social,P012,Essential Bag 12,true,false,false,34,,,
V000251,C00487,2025-01-11,organic_search,P011,Urban Bottle 11,true,false,false,14,LOYALTY10,,
V000252,C00364,2025-10-18,direct,P010,Pure Band 10,true,false,false,59,,,
V000253,C00539,2025-03-17,social,P010,Pure Band 10,true,false,false,15,,,
V000254,C00865,2025-01-07,paid_search,P019,Urban Bottle 19,true,false,false,53,WELCOME5,,
V000255,C00379,2025-08-10,direct,P014,Active Mat 14,true,true,false,31,LOYALTY10,,
V000256,C00309,2025-07-01,direct,P001,Daily Lamp 01,true,false,false,50,,,
V000257,C00247,2025-11-15,social,P014,Active Mat 14,false,false,false,87,,,
V000258,C00510,2025-06-01,organic_search,P004,Essential Bag 04,true,false,false,25,LOYALTY10,,
V000259,C00955,2025-05-04,organic_search,P004,Essential Bag 04,true,false,false,34,,,
V000260,C00336,2025-04-23,social,P006,Active Mat 06,true,true,false,108,,,
V000261,C00214,2025-04-22,direct,P030,Active Mat 30,true,true,true,480,WELCOME5,T002141,
V000262,C00207,2025-02-15,organic_search,P025,Daily Lamp 25,true,false,false,27,,,
V000263,C00136,2025-07-27,organic_search,P001,Daily Lamp 01,false,false,false,24,,,
V000264,C00162,2025-07-23,organic_search,P028,Essential Bag 28,true,false,false,89,,,
V000265,C00192,2025-11-08,direct,P003,Urban Bottle 03,true,false,false,130,LOYALTY10,,
V000266,C00083,2025-10-22,direct,P016,Modern Serum 16,false,false,false,60,,,
V000267,C00575,2025-08-13,direct,P014,Active Mat 14,true,false,false,16,,,
V000268,C00387,2025-07-04,paid_search,P007,Calm Cream 07,true,false,false,52,,,
V000269,C00948,2025-10-03,direct,P004,Essential Bag 04,true,false,false,34,,,
V000270,C00951,2025-04-07,paid_search,P012,Essential Bag 12,true,false,false,34,WEEKEND15,,
V000271,C00443,2025-05-09,paid_search,P024,Modern Serum 24,true,false,false,25,WEEKEND15,,
V000272,C00190,2025-10-21,social,P013,Bright Organizer 13,true,false,false,18,WEEKEND15,,
V000273,C00838,2025-02-12,email,P006,Active Mat 06,true,false,false,37,WEEKEND15,,
V000274,C00932,2025-10-05,email,P015,Calm Cream 15,true,false,false,76,,,
V000275,C00176,2025-11-16,social,P015,Calm Cream 15,true,false,false,52,,,
V000276,C00972,2025-07-25,organic_search,P024,Modern Serum 24,true,false,false,54,,,
V000277,C00786,2025-06-10,organic_search,P015,Calm Cream 15,true,false,false,106,WELCOME5,,
V000278,C00500,2025-12-20,direct,P024,Modern Serum 24,true,false,false,39,WEEKEND15,,
V000279,C00660,2025-01-28,organic_search,P026,Pure Band 26,true,true,true,216,,T000539,
V000280,C00481,2025-04-28,social,P016,Modern Serum 16,true,true,false,27,,,
V000281,C00787,2025-01-29,social,P013,Bright Organizer 13,true,false,false,112,LOYALTY10,,
V000282,C00508,2025-08-11,social,P023,Calm Cream 23,true,false,false,37,,,
V000283,C00840,2025-09-26,social,P009,Daily Lamp 09,true,false,false,21,,,
V000284,C00414,2025-05-30,direct,P007,Calm Cream 07,true,false,false,25,LOYALTY10,,
V000285,C00987,2025-08-16,referral,P007,Calm Cream 07,true,false,false,238,,,
V000286,C00091,2025-02-10,organic_search,P029,Bright Organizer 29,true,false,true,117,,T000761,
V000287,C00497,2025-02-02,organic_search,P012,Essential Bag 12,true,false,false,31,,,
V000288,C00632,2025-04-05,social,P016,Modern Serum 16,true,false,false,96,,,
V000289,C00181,2025-06-17,social,P026,Pure Band 26,true,true,false,115,,,
V000290,C00265,2025-03-21,paid_search,P011,Urban Bottle 11,true,false,true,72,WEEKEND15,T001507,
V000291,C00034,2025-01-13,paid_search,P004,Essential Bag 04,true,false,false,38,,,
V000292,C00797,2025-05-26,referral,P024,Modern Serum 24,true,false,false,38,,,
V000293,C00698,2025-07-11,social,P007,Calm Cream 07,true,false,false,21,,,
V000294,C00993,2025-11-09,social,P004,Essential Bag 04,true,false,false,71,,,
V000295,C00332,2025-03-01,direct,P001,Daily Lamp 01,true,false,false,36,,,
V000296,C00251,2025-06-23,social,P014,Active Mat 14,true,false,false,100,,,
V000297,C00536,2025-05-19,email,P014,Active Mat 14,true,false,false,59,,,
V000298,C00076,2025-06-02,organic_search,P001,Daily Lamp 01,true,false,false,54,LOYALTY10,,
V000299,C00113,2025-09-18,referral,P016,Modern Serum 16,false,false,false,124,,,
V000300,C00710,2025-02-17,organic_search,P016,Modern Serum 16,true,false,false,22,,,
V000301,C00750,2025-02-11,email,P004,Essential Bag 04,true,false,false,31,WEEKEND15,,
V000302,C00583,2025-12-10,social,P005,Bright Organizer 05,true,false,false,33,,,
V000303,C00818,2025-06-18,direct,P028,Essential Bag 28,true,false,false,9,,,
V000304,C00708,2025-07-28,email,P028,Essential Bag 28,true,false,false,32,,,
V000305,C00057,2025-06-26,paid_search,P011,Urban Bottle 11,true,true,false,105,,,
V000306,C00507,2025-08-01,direct,P016,Modern Serum 16,true,false,false,128,LOYALTY10,,
V000307,C00723,2025-05-11,organic_search,P026,Pure Band 26,true,false,false,7,,,
V000308,C00814,2025-06-23,referral,P007,Calm Cream 07,true,false,false,43,WELCOME5,,
V000309,C00454,2025-08-05,paid_search,P011,Urban Bottle 11,true,false,false,110,,,
V000310,C00646,2025-08-31,organic_search,P025,Daily Lamp 25,true,false,false,53,,,
V000311,C00891,2025-08-29,organic_search,P014,Active Mat 14,false,false,false,47,,,
V000312,C00624,2025-02-23,organic_search,P008,Modern Serum 08,true,false,false,22,,,
V000313,C00514,2025-05-24,social,P024,Modern Serum 24,true,false,false,109,,,
V000314,C00803,2025-04-17,organic_search,P014,Active Mat 14,true,false,false,35,LOYALTY10,,
V000315,C00643,2025-11-07,email,P019,Urban Bottle 19,true,false,false,56,,,
V000316,C00787,2025-01-04,paid_search,P027,Urban Bottle 27,true,false,false,46,,,
V000317,C00441,2025-06-23,referral,P018,Pure Band 18,true,false,false,25,WELCOME5,,
V000318,C00573,2025-02-12,paid_search,P021,Bright Organizer 21,true,false,false,22,,,
V000319,C00717,2025-01-03,direct,P009,Daily Lamp 09,true,false,false,11,,,
V000320,C00861,2025-04-25,paid_search,P002,Pure Band 02,true,false,false,19,,,
V000321,C00038,2025-01-24,paid_search,P006,Active Mat 06,true,false,false,50,,,
V000322,C00122,2025-08-03,referral,P018,Pure Band 18,true,false,false,16,,,
V000323,C00096,2025-05-28,paid_search,P004,Essential Bag 04,false,false,false,108,WELCOME5,,
V000324,C00173,2025-06-04,direct,P028,Essential Bag 28,true,false,false,46,,,
V000325,C00359,2025-07-01,email,P007,Calm Cream 07,true,false,false,32,,,
V000326,C00751,2025-01-09,social,P016,Modern Serum 16,true,true,false,318,,,
V000327,C00916,2025-04-21,paid_search,P007,Calm Cream 07,true,false,false,83,WELCOME5,,
V000328,C00168,2025-03-04,organic_search,P017,Daily Lamp 17,true,true,false,80,,,
V000329,C00816,2025-10-28,email,P007,Calm Cream 07,true,false,false,27,,,
V000330,C00763,2025-05-23,social,P015,Calm Cream 15,true,true,false,153,WELCOME5,,
V000331,C00860,2025-01-22,email,P001,Daily Lamp 01,true,false,false,61,,,
V000332,C00082,2025-02-25,paid_search,P016,Modern Serum 16,true,false,false,19,,,
V000333,C00541,2025-06-11,email,P003,Urban Bottle 03,true,false,false,123,,,
V000334,C00235,2025-05-10,organic_search,P011,Urban Bottle 11,true,false,false,32,,,
V000335,C00798,2025-03-22,organic_search,P022,Active Mat 22,true,false,false,34,,,
V000336,C00609,2025-04-30,social,P013,Bright Organizer 13,true,false,false,36,WEEKEND15,,
V000337,C00139,2025-12-12,organic_search,P001,Daily Lamp 01,true,false,true,167,,T006308,
V000338,C00295,2025-01-05,paid_search,P009,Daily Lamp 09,true,false,false,135,,,
V000339,C00496,2025-09-13,direct,P010,Pure Band 10,true,false,false,26,,,
V000340,C00267,2025-10-28,organic_search,P001,Daily Lamp 01,false,false,false,20,WEEKEND15,,
V000341,C00801,2025-06-08,organic_search,P009,Daily Lamp 09,true,false,false,189,,,
V000342,C00563,2025-01-28,direct,P009,Daily Lamp 09,true,true,false,187,,,
V000343,C00475,2025-02-18,social,P018,Pure Band 18,true,false,false,53,,,
V000344,C00130,2025-10-02,organic_search,P009,Daily Lamp 09,true,false,false,62,,,
V000345,C00893,2025-10-06,organic_search,P022,Active Mat 22,true,false,false,162,,,
V000346,C00496,2025-08-31,social,P007,Calm Cream 07,true,false,false,38,,,
V000347,C00967,2025-02-28,direct,P018,Pure Band 18,true,false,false,41,,,
V000348,C00595,2025-04-30,direct,P016,Modern Serum 16,true,false,false,39,,,
V000349,C00743,2025-02-13,paid_search,P024,Modern Serum 24,true,true,false,56,,,
V000350,C00025,2025-01-19,organic_search,P012,Essential Bag 12,true,false,false,48,,,
V000351,C00524,2025-01-20,email,P005,Bright Organizer 05,true,false,false,48,WEEKEND15,,
V000352,C00879,2025-07-16,email,P015,Calm Cream 15,true,false,false,99,WEEKEND15,,
V000353,C00378,2025-07-04,paid_search,P005,Bright Organizer 05,true,true,false,24,,,
V000354,C00639,2025-12-30,social,P024,Modern Serum 24,false,false,false,95,LOYALTY10,,
V000355,C00670,2025-11-14,email,P025,Daily Lamp 25,true,true,false,50,WEEKEND15,,
V000356,C00202,2025-01-12,organic_search,P028,Essential Bag 28,true,false,false,47,,,
V000357,C00211,2025-11-27,social,P022,Active Mat 22,true,true,true,144,,T006037,
V000358,C00954,2025-04-10,referral,P014,Active Mat 14,true,false,false,24,LOYALTY10,,
V000359,C00458,2025-11-30,paid_search,P021,Bright Organizer 21,true,false,false,41,,,
V000360,C00089,2025-10-22,paid_search,P011,Urban Bottle 11,false,false,false,59,,,
V000361,C00009,2025-11-19,direct,P027,Urban Bottle 27,true,false,false,77,LOYALTY10,,
V000362,C00788,2025-12-28,email,P010,Pure Band 10,true,true,false,55,,,
V000363,C00869,2025-07-05,social,P025,Daily Lamp 25,true,false,false,161,,,
V000364,C00140,2025-03-25,organic_search,P021,Bright Organizer 21,true,false,false,74,LOYALTY10,,
V000365,C00344,2025-07-24,organic_search,P005,Bright Organizer 05,false,false,false,91,,,
V000366,C00598,2025-07-15,direct,P005,Bright Organizer 05,true,false,false,86,,,
V000367,C00741,2025-12-25,email,P018,Pure Band 18,false,false,false,55,,,
V000368,C00646,2025-01-16,email,P003,Urban Bottle 03,true,false,true,575,LOYALTY10,T000292,
V000369,C00677,2025-09-30,paid_search,P020,Essential Bag 20,true,false,false,62,,,
V000370,C00282,2025-11-24,social,P001,Daily Lamp 01,true,false,false,51,,,
V000371,C00857,2025-09-27,direct,P004,Essential Bag 04,false,false,false,23,,,
V000372,C00273,2025-11-06,direct,P029,Bright Organizer 29,true,false,false,57,WELCOME5,,
V000373,C00387,2025-10-19,email,P006,Active Mat 06,false,false,false,96,,,
V000374,C00146,2025-10-15,organic_search,P017,Daily Lamp 17,true,false,false,100,,,
V000375,C00609,2025-02-03,social,P017,Daily Lamp 17,true,false,false,19,LOYALTY10,,
V000376,C00173,2025-03-08,social,P007,Calm Cream 07,true,false,false,93,,,
V000377,C00214,2025-06-09,referral,P004,Essential Bag 04,true,true,false,34,,,
V000378,C00533,2025-07-13,paid_search,P008,Modern Serum 08,true,false,true,115,,T003690,
V000379,C00506,2025-09-29,paid_search,P011,Urban Bottle 11,true,false,false,78,,,
V000380,C00250,2025-12-03,paid_search,P025,Daily Lamp 25,true,false,false,112,,,
V000381,C00928,2025-03-17,organic_search,P013,Bright Organizer 13,true,false,false,98,,,
V000382,C00906,2025-09-24,direct,P009,Daily Lamp 09,true,false,false,17,,,
V000383,C00663,2025-03-10,social,P009,Daily Lamp 09,true,true,false,48,,,
V000384,C00212,2025-10-28,referral,P024,Modern Serum 24,true,false,false,49,,,
V000385,C00641,2025-09-20,paid_search,P011,Urban Bottle 11,true,false,false,32,,,
V000386,C00251,2025-01-05,social,P012,Essential Bag 12,true,false,false,29,,,
V000387,C00561,2025-10-02,paid_search,P019,Urban Bottle 19,true,false,false,67,LOYALTY10,,
V000388,C00671,2025-12-01,organic_search,P028,Essential Bag 28,true,true,false,158,WEEKEND15,,
V000389,C00792,2025-05-29,direct,P008,Modern Serum 08,true,false,false,49,,,
V000390,C00557,2025-01-03,direct,P012,Essential Bag 12,true,false,false,38,,,
V000391,C00528,2025-11-02,organic_search,P023,Calm Cream 23,true,false,false,41,,,
V000392,C00985,2025-09-12,organic_search,P022,Active Mat 22,true,false,false,35,,,
V000393,C00181,2025-04-23,email,P017,Daily Lamp 17,true,false,false,16,LOYALTY10,,
V000394,C00066,2025-05-17,email,P003,Urban Bottle 03,true,true,true,48,,T002600,
V000395,C00556,2025-02-22,paid_search,P029,Bright Organizer 29,true,false,false,11,,,
V000396,C00340,2025-07-02,organic_search,P015,Calm Cream 15,true,false,false,24,LOYALTY10,,
V000397,C00140,2025-12-20,email,P010,Pure Band 10,true,false,false,74,WELCOME5,,
V000398,C00309,2025-12-12,social,P015,Calm Cream 15,true,false,false,38,,,
V000399,C00680,2025-08-15,social,P009,Daily Lamp 09,true,false,false,161,LOYALTY10,,
V000400,C00367,2025-04-14,paid_search,P004,Essential Bag 04,true,false,false,158,LOYALTY10,,
V000401,C00206,2025-12-04,email,P021,Bright Organizer 21,true,false,false,70,,,
V000402,C00799,2025-06-17,social,P012,Essential Bag 12,true,false,false,56,,,
V000403,C00568,2025-06-22,paid_search,P019,Urban Bottle 19,true,false,false,34,,,
V000404,C00307,2025-07-28,email,P020,Essential Bag 20,true,true,false,43,,,
V000405,C00729,2025-06-24,paid_search,P001,Daily Lamp 01,true,true,false,123,,,
V000406,C00685,2025-02-02,direct,P004,Essential Bag 04,true,false,false,35,,,
V000407,C00260,2025-03-19,social,P011,Urban Bottle 11,true,false,false,62,WEEKEND15,,
V000408,C00260,2025-02-19,paid_search,P013,Bright Organizer 13,true,false,false,197,,,
V000409,C00013,2025-05-11,paid_search,P006,Active Mat 06,true,false,false,76,,,
V000410,C00643,2025-08-10,organic_search,P027,Urban Bottle 27,true,false,true,156,,T004182,
V000411,C00369,2025-03-21,social,P023,Calm Cream 23,true,true,true,279,,T001505,
V000412,C00773,2025-10-08,direct,P017,Daily Lamp 17,true,false,false,5,LOYALTY10,,
V000413,C00951,2025-03-24,referral,P013,Bright Organizer 13,true,false,false,20,,,
V000414,C00264,2025-03-08,email,P012,Essential Bag 12,true,false,false,319,WELCOME5,,
V000415,C00440,2025-06-28,direct,P005,Bright Organizer 05,false,false,false,46,,,
V000416,C00617,2025-06-23,email,P013,Bright Organizer 13,true,false,false,40,WELCOME5,,
V000417,C00996,2025-04-13,direct,P021,Bright Organizer 21,true,false,false,36,,,
V000418,C00568,2025-06-15,direct,P024,Modern Serum 24,true,false,false,227,,,
V000419,C00899,2025-07-19,direct,P007,Calm Cream 07,true,false,false,41,,,
V000420,C00812,2025-08-04,paid_search,P028,Essential Bag 28,true,false,false,26,,,
V000421,C00128,2025-10-05,organic_search,P018,Pure Band 18,true,false,false,27,,,
V000422,C00014,2025-12-08,direct,P004,Essential Bag 04,true,false,false,59,,,
V000423,C00616,2025-01-19,paid_search,P001,Daily Lamp 01,true,false,false,150,,,
V000424,C00049,2025-04-08,organic_search,P002,Pure Band 02,true,false,false,87,,,
V000425,C00629,2025-11-20,email,P023,Calm Cream 23,true,true,false,115,,,
V000426,C00107,2025-05-21,paid_search,P016,Modern Serum 16,true,true,true,161,,T002707,
V000427,C00527,2025-03-25,organic_search,P014,Active Mat 14,true,false,false,30,,,
V000428,C00398,2025-03-12,social,P017,Daily Lamp 17,true,false,false,14,,,
V000429,C00264,2025-05-30,direct,P022,Active Mat 22,true,true,true,111,,T002863,
V000430,C00060,2025-02-24,direct,P015,Calm Cream 15,true,false,false,40,,,
V000431,C00053,2025-03-16,organic_search,P013,Bright Organizer 13,true,true,false,37,WEEKEND15,,
V000432,C00326,2025-06-07,organic_search,P023,Calm Cream 23,true,false,false,63,,,
V000433,C00158,2025-11-09,organic_search,P022,Active Mat 22,true,true,false,229,,,
V000434,C00822,2025-11-18,social,P021,Bright Organizer 21,true,false,false,118,,,
V000435,C00440,2025-01-30,direct,P007,Calm Cream 07,true,false,false,42,,,
V000436,C00406,2025-03-02,paid_search,P020,Essential Bag 20,true,false,false,53,,,
V000437,C00984,2025-05-11,organic_search,P014,Active Mat 14,true,false,false,180,,,
V000438,C00290,2025-07-12,organic_search,P020,Essential Bag 20,true,false,false,14,,,
V000439,C00757,2025-10-06,email,P023,Calm Cream 23,true,false,false,26,,,
V000440,C00132,2025-07-05,social,P004,Essential Bag 04,true,false,true,46,,T003536,
V000441,C00648,2025-07-27,paid_search,P028,Essential Bag 28,true,true,false,9,WEEKEND15,,
V000442,C00136,2025-08-01,organic_search,P009,Daily Lamp 09,true,false,false,57,,,
V000443,C00306,2025-10-14,organic_search,P002,Pure Band 02,true,false,false,17,,,
V000444,C00444,2025-07-05,referral,P016,Modern Serum 16,true,false,false,207,,,
V000445,C00691,2025-08-16,email,P016,Modern Serum 16,true,true,false,26,,,
V000446,C00923,2025-07-15,email,P004,Essential Bag 04,true,false,false,21,WELCOME5,,
V000447,C00762,2025-09-21,direct,P011,Urban Bottle 11,true,false,false,86,WEEKEND15,,
V000448,C00994,2025-04-04,social,P023,Calm Cream 23,true,true,false,68,,,
V000449,C00936,2025-05-08,organic_search,P003,Urban Bottle 03,true,false,false,17,,,
V000450,C00062,2025-08-27,social,P020,Essential Bag 20,true,true,true,141,,T004498,
V000451,C00749,2025-01-27,email,P021,Bright Organizer 21,true,false,false,78,,,
V000452,C00756,2025-01-23,social,P016,Modern Serum 16,true,false,false,34,,,
V000453,C00354,2025-05-28,direct,P001,Daily Lamp 01,false,false,false,27,,,
V000454,C00533,2025-09-06,referral,P022,Active Mat 22,true,false,false,24,,,
V000455,C00900,2025-11-27,direct,P029,Bright Organizer 29,true,false,false,89,,,
V000456,C00450,2025-10-31,social,P013,Bright Organizer 13,true,true,false,48,,,
V000457,C00649,2025-06-07,social,P011,Urban Bottle 11,true,false,false,72,,,
V000458,C00234,2025-03-27,social,P025,Daily Lamp 25,true,false,false,61,,,
V000459,C00519,2025-03-19,organic_search,P026,Pure Band 26,true,false,false,93,WEEKEND15,,
V000460,C00352,2025-01-26,paid_search,P024,Modern Serum 24,true,false,false,23,WEEKEND15,,
V000461,C00309,2025-12-12,paid_search,P027,Urban Bottle 27,true,false,false,95,,,
V000462,C00504,2025-01-09,direct,P008,Modern Serum 08,true,false,false,79,,,
V000463,C00409,2025-04-28,social,P012,Essential Bag 12,true,false,false,28,WELCOME5,,
V000464,C00949,2025-11-14,paid_search,P023,Calm Cream 23,true,false,false,82,,,
V000465,C00228,2025-01-14,paid_search,P010,Pure Band 10,true,false,false,61,,,
V000466,C00964,2025-11-18,direct,P008,Modern Serum 08,true,false,false,104,,,
V000467,C00103,2025-07-16,organic_search,P023,Calm Cream 23,true,false,true,65,,T003740,
V000468,C00585,2025-04-10,organic_search,P030,Active Mat 30,true,false,false,52,,,
V000469,C00539,2025-08-16,social,P003,Urban Bottle 03,true,false,false,15,,,
V000470,C00120,2025-01-12,organic_search,P002,Pure Band 02,true,false,false,98,,,
V000471,C00044,2025-12-08,direct,P030,Active Mat 30,true,true,false,138,,,
V000472,C00189,2025-01-10,social,P020,Essential Bag 20,true,false,false,52,LOYALTY10,,
V000473,C00487,2025-09-18,referral,P003,Urban Bottle 03,true,false,true,92,,T004877,
V000474,C00513,2025-07-09,paid_search,P024,Modern Serum 24,true,false,false,51,,,
V000475,C00089,2025-11-04,social,P014,Active Mat 14,true,false,false,44,,,
V000476,C00785,2025-08-12,social,P016,Modern Serum 16,true,false,false,40,,,
V000477,C00270,2025-03-28,social,P015,Calm Cream 15,true,true,false,434,,,
V000478,C00621,2025-07-03,paid_search,P004,Essential Bag 04,true,true,false,28,,,
V000479,C00141,2025-07-04,social,P024,Modern Serum 24,true,false,false,208,,,
V000480,C00205,2025-01-30,social,P018,Pure Band 18,true,false,false,29,,,
V000481,C00785,2025-07-08,organic_search,P006,Active Mat 06,true,false,false,65,WELCOME5,,
V000482,C00675,2025-08-07,social,P023,Calm Cream 23,true,false,false,245,WEEKEND15,,
V000483,C00468,2025-12-25,paid_search,P012,Essential Bag 12,false,false,false,55,,,
V000484,C00595,2025-07-06,direct,P002,Pure Band 02,true,false,false,185,,,
V000485,C00386,2025-04-30,direct,P016,Modern Serum 16,true,false,false,5,WELCOME5,,
V000486,C00263,2025-10-11,paid_search,P028,Essential Bag 28,true,false,false,46,,,
V000487,C00675,2025-04-08,direct,P024,Modern Serum 24,true,true,false,106,LOYALTY10,,
V000488,C00952,2025-12-31,email,P015,Calm Cream 15,true,false,false,49,,,
V000489,C00306,2025-03-28,organic_search,P001,Daily Lamp 01,true,true,true,127,,T001660,
V000490,C00190,2025-02-01,referral,P004,Essential Bag 04,true,false,false,70,,,
V000491,C00154,2025-07-29,email,P026,Pure Band 26,true,false,false,63,LOYALTY10,,
V000492,C00301,2025-03-17,email,P026,Pure Band 26,true,true,false,103,LOYALTY10,,
V000493,C00924,2025-05-15,referral,P026,Pure Band 26,true,false,false,161,,,
V000494,C00846,2025-08-29,organic_search,P024,Modern Serum 24,true,false,false,19,LOYALTY10,,
V000495,C00745,2025-10-16,social,P021,Bright Organizer 21,true,false,false,70,,,
V000496,C00229,2025-08-04,referral,P004,Essential Bag 04,true,false,false,73,,,
V000497,C00265,2025-12-09,organic_search,P012,Essential Bag 12,true,false,false,46,,,
V000498,C00497,2025-04-08,email,P014,Active Mat 14,true,true,false,68,WEEKEND15,,
V000499,C00626,2025-06-23,paid_search,P001,Daily Lamp 01,true,true,false,260,,,
V000500,C00174,2025-06-27,email,P010,Pure Band 10,true,false,false,32,,,
V000501,C00668,2025-12-04,paid_search,P009,Daily Lamp 09,true,true,false,118,,,
V000502,C00661,2025-06-21,direct,P026,Pure Band 26,true,false,false,80,,,
V000503,C00842,2025-06-23,organic_search,P017,Daily Lamp 17,true,false,false,7,,,
V000504,C00183,2025-07-18,organic_search,P017,Daily Lamp 17,true,false,false,67,,,
V000505,C00298,2025-07-05,organic_search,P017,Daily Lamp 17,true,false,true,78,,T003547,
V000506,C00878,2025-06-06,direct,P030,Active Mat 30,true,false,false,127,,,
V000507,C00568,2025-02-05,organic_search,P011,Urban Bottle 11,true,true,false,104,WEEKEND15,,
V000508,C00761,2025-12-12,organic_search,P011,Urban Bottle 11,true,false,false,24,,,
V000509,C00662,2025-10-28,social,P004,Essential Bag 04,false,false,false,28,,,
V000510,C00539,2025-01-16,paid_search,P021,Bright Organizer 21,true,true,false,287,,,
V000511,C00040,2025-01-13,email,P001,Daily Lamp 01,true,false,false,37,,,
V000512,C00228,2025-03-07,paid_search,P010,Pure Band 10,true,false,false,67,WEEKEND15,,
V000513,C00660,2025-12-25,paid_search,P011,Urban Bottle 11,true,false,false,68,,,
V000514,C00877,2025-08-29,organic_search,P017,Daily Lamp 17,true,false,false,9,,,
V000515,C00003,2025-08-11,social,P013,Bright Organizer 13,true,false,false,57,,,
V000516,C00199,2025-04-12,direct,P004,Essential Bag 04,true,true,false,73,,,
V000517,C00858,2025-09-19,email,P012,Essential Bag 12,true,false,false,113,,,
V000518,C00892,2025-01-27,referral,P011,Urban Bottle 11,true,true,true,88,,T000507,
V000519,C00239,2025-07-10,organic_search,P006,Active Mat 06,true,false,false,117,,,
V000520,C00070,2025-08-30,paid_search,P012,Essential Bag 12,false,false,false,49,WELCOME5,,
V000521,C00667,2025-02-15,organic_search,P018,Pure Band 18,true,false,false,50,,,
V000522,C00694,2025-11-26,paid_search,P003,Urban Bottle 03,true,true,false,69,,,
V000523,C00298,2025-05-28,email,P004,Essential Bag 04,false,false,false,128,,,
V000524,C00241,2025-05-07,organic_search,P017,Daily Lamp 17,true,false,false,31,WELCOME5,,
V000525,C00144,2025-06-30,email,P009,Daily Lamp 09,true,false,false,74,,,
V000526,C00372,2025-08-20,paid_search,P002,Pure Band 02,true,false,false,85,,,
V000527,C00769,2025-02-02,organic_search,P010,Pure Band 10,true,false,false,77,,,
V000528,C00263,2025-03-29,paid_search,P020,Essential Bag 20,true,false,false,80,LOYALTY10,,
V000529,C00719,2025-05-29,email,P001,Daily Lamp 01,false,false,false,61,WELCOME5,,
V000530,C00167,2025-01-19,organic_search,P017,Daily Lamp 17,true,false,false,113,,,
V000531,C00168,2025-09-23,direct,P013,Bright Organizer 13,true,false,false,35,,,
V000532,C00564,2025-10-24,direct,P011,Urban Bottle 11,false,false,false,26,,,
V000533,C00652,2025-05-01,social,P024,Modern Serum 24,true,false,false,98,,,
V000534,C00242,2025-01-26,social,P017,Daily Lamp 17,true,false,false,197,LOYALTY10,,
V000535,C00441,2025-01-08,organic_search,P023,Calm Cream 23,true,false,false,69,,,
V000536,C00274,2025-10-06,paid_search,P014,Active Mat 14,true,false,false,96,,,
V000537,C00152,2025-05-09,organic_search,P024,Modern Serum 24,true,false,false,34,,,
V000538,C00117,2025-06-03,paid_search,P028,Essential Bag 28,true,false,false,77,,,
V000539,C00786,2025-02-05,organic_search,P026,Pure Band 26,true,true,true,38,,T000658,
V000540,C00494,2025-04-26,paid_search,P011,Urban Bottle 11,true,false,false,27,,,
V000541,C00061,2025-02-10,direct,P030,Active Mat 30,true,false,false,38,WEEKEND15,,
V000542,C00514,2025-11-02,email,P006,Active Mat 06,true,false,false,35,,,
V000543,C00872,2025-09-12,email,P001,Daily Lamp 01,true,false,true,121,,T004783,
V000544,C00361,2025-12-26,social,P003,Urban Bottle 03,true,true,false,18,,,
V000545,C00937,2025-04-11,direct,P010,Pure Band 10,true,false,false,37,,,
V000546,C00580,2025-11-14,organic_search,P016,Modern Serum 16,true,false,false,45,,,
V000547,C00922,2025-07-24,referral,P018,Pure Band 18,true,false,false,13,LOYALTY10,,
V000548,C00659,2025-10-17,referral,P023,Calm Cream 23,true,false,false,49,,,
V000549,C00307,2025-06-19,direct,P017,Daily Lamp 17,true,false,false,27,,,
V000550,C00712,2025-05-17,organic_search,P004,Essential Bag 04,true,false,false,18,,,
V000551,C00539,2025-12-29,social,P012,Essential Bag 12,false,false,false,168,,,
V000552,C00592,2025-04-04,social,P007,Calm Cream 07,true,false,false,65,,,
V000553,C00927,2025-02-08,direct,P014,Active Mat 14,true,true,false,55,,,
V000554,C00609,2025-01-22,organic_search,P004,Essential Bag 04,true,false,false,52,,,
V000555,C00992,2025-04-17,paid_search,P003,Urban Bottle 03,true,true,false,27,,,
V000556,C00567,2025-11-01,paid_search,P018,Pure Band 18,true,false,false,54,,,
V000557,C00938,2025-12-17,email,P030,Active Mat 30,true,false,false,93,WELCOME5,,
V000558,C00504,2025-05-03,direct,P028,Essential Bag 28,true,true,false,63,,,
V000559,C00484,2025-04-30,referral,P030,Active Mat 30,true,false,false,9,,,
V000560,C00256,2025-08-08,referral,P017,Daily Lamp 17,true,false,false,18,,,
V000561,C00778,2025-07-28,social,P018,Pure Band 18,true,false,false,58,WEEKEND15,,
V000562,C00738,2025-04-18,social,P023,Calm Cream 23,true,false,false,56,,,
V000563,C00163,2025-10-07,direct,P022,Active Mat 22,true,true,false,62,,,
V000564,C00547,2025-03-31,organic_search,P026,Pure Band 26,true,false,false,32,WEEKEND15,,
V000565,C00869,2025-08-17,paid_search,P016,Modern Serum 16,true,false,false,63,,,
V000566,C00486,2025-12-14,direct,P002,Pure Band 02,true,true,false,266,WELCOME5,,
V000567,C00178,2025-01-26,social,P025,Daily Lamp 25,true,true,true,188,,T000487,
V000568,C00982,2025-10-31,social,P004,Essential Bag 04,false,false,false,41,,,
V000569,C00066,2025-07-10,organic_search,P011,Urban Bottle 11,true,false,false,182,LOYALTY10,,
V000570,C00411,2025-07-08,direct,P011,Urban Bottle 11,true,false,false,11,WEEKEND15,,
V000571,C00641,2025-08-03,paid_search,P019,Urban Bottle 19,true,false,false,23,WELCOME5,,
V000572,C00138,2025-08-18,direct,P013,Bright Organizer 13,true,false,true,156,,T004359,
V000573,C00623,2025-12-07,direct,P006,Active Mat 06,true,false,false,144,,,
V000574,C00740,2025-11-21,paid_search,P015,Calm Cream 15,true,false,false,89,WELCOME5,,
V000575,C00039,2025-08-12,organic_search,P007,Calm Cream 07,true,false,false,152,,,
V000576,C00891,2025-10-01,email,P028,Essential Bag 28,true,false,true,351,,T005079,
V000577,C00274,2025-11-29,organic_search,P011,Urban Bottle 11,false,false,false,19,,,
V000578,C00656,2025-11-29,paid_search,P025,Daily Lamp 25,true,false,false,16,,,
V000579,C00831,2025-06-06,social,P013,Bright Organizer 13,true,false,false,25,,,
V000580,C00086,2025-08-25,paid_search,P028,Essential Bag 28,true,false,false,15,,,
V000581,C00887,2025-07-21,organic_search,P023,Calm Cream 23,true,true,false,20,WELCOME5,,
V000582,C00588,2025-03-13,organic_search,P016,Modern Serum 16,true,false,false,70,,,
V000583,C00429,2025-05-06,organic_search,P017,Daily Lamp 17,true,true,false,17,WELCOME5,,
V000584,C00042,2025-07-19,direct,P004,Essential Bag 04,true,false,false,231,,,
V000585,C00465,2025-12-20,paid_search,P001,Daily Lamp 01,true,true,false,68,,,
V000586,C00809,2025-05-18,direct,P002,Pure Band 02,true,true,false,386,,,
V000587,C00136,2025-08-23,social,P025,Daily Lamp 25,true,false,false,56,,,
V000588,C00232,2025-08-16,organic_search,P003,Urban Bottle 03,true,false,true,57,WELCOME5,T004319,
V000589,C00960,2025-06-19,referral,P029,Bright Organizer 29,true,true,false,34,WEEKEND15,,
V000590,C00995,2025-06-05,paid_search,P007,Calm Cream 07,true,false,false,97,,,
V000591,C00427,2025-04-04,direct,P006,Active Mat 06,true,false,false,63,,,
V000592,C00722,2025-11-22,organic_search,P010,Pure Band 10,true,true,true,86,,T005981,
V000593,C00791,2025-09-19,social,P001,Daily Lamp 01,true,false,false,156,,,
V000594,C00811,2025-12-06,direct,P011,Urban Bottle 11,true,true,true,22,,T006190,
V000595,C00789,2025-08-22,social,P017,Daily Lamp 17,true,false,false,46,,,
V000596,C00790,2025-12-15,referral,P016,Modern Serum 16,false,false,false,11,WEEKEND15,,
V000597,C00116,2025-01-02,organic_search,P029,Bright Organizer 29,true,false,false,51,,,
V000598,C00057,2025-02-10,direct,P028,Essential Bag 28,true,false,false,72,,,
V000599,C00051,2025-10-20,social,P018,Pure Band 18,true,false,false,385,,,
V000600,C00969,2025-03-12,email,P007,Calm Cream 07,true,false,false,14,,,
V000601,C00865,2025-03-19,referral,P028,Essential Bag 28,true,true,false,78,,,
V000602,C00024,2025-01-08,organic_search,P009,Daily Lamp 09,true,true,true,197,,T000143,
V000603,C00471,2025-11-29,organic_search,P022,Active Mat 22,true,false,false,420,WEEKEND15,,
V000604,C00380,2025-05-17,direct,P006,Active Mat 06,true,false,false,70,,,
V000605,C00960,2025-05-09,referral,P021,Bright Organizer 21,true,true,false,118,,,
V000606,C00334,2025-04-25,social,P028,Essential Bag 28,true,false,false,9,,,
V000607,C00856,2025-02-20,social,P004,Essential Bag 04,true,false,false,24,,,
V000608,C00680,2025-03-02,social,P014,Active Mat 14,true,false,false,54,,,
V000609,C00743,2025-01-15,paid_search,P010,Pure Band 10,true,false,false,21,,,
V000610,C00143,2025-08-08,social,P013,Bright Organizer 13,true,false,false,117,LOYALTY10,,
V000611,C00616,2025-09-18,direct,P030,Active Mat 30,true,false,false,106,WEEKEND15,,
V000612,C00960,2025-10-10,email,P027,Urban Bottle 27,true,false,false,109,WEEKEND15,,
V000613,C00709,2025-03-24,paid_search,P011,Urban Bottle 11,true,false,false,22,,,
V000614,C00221,2025-02-03,referral,P006,Active Mat 06,true,false,false,31,,,
V000615,C00241,2025-02-02,social,P006,Active Mat 06,true,false,false,39,,,
V000616,C00463,2025-04-03,paid_search,P012,Essential Bag 12,true,false,false,39,,,
V000617,C00683,2025-06-22,direct,P011,Urban Bottle 11,true,false,false,12,,,
V000618,C00882,2025-11-21,email,P017,Daily Lamp 17,true,false,false,33,LOYALTY10,,
V000619,C00477,2025-02-01,organic_search,P014,Active Mat 14,true,true,false,626,,,
V000620,C00046,2025-02-01,organic_search,P025,Daily Lamp 25,true,false,false,66,,,
V000621,C00780,2025-06-29,social,P022,Active Mat 22,true,false,true,161,,T003427,
V000622,C00735,2025-10-31,social,P004,Essential Bag 04,false,false,false,88,WEEKEND15,,
V000623,C00202,2025-11-17,email,P027,Urban Bottle 27,true,false,false,32,,,
V000624,C00045,2025-09-27,email,P006,Active Mat 06,false,false,false,146,,,
V000625,C00236,2025-02-04,organic_search,P018,Pure Band 18,true,false,false,106,WELCOME5,,
V000626,C00610,2025-02-04,social,P002,Pure Band 02,true,true,false,88,,,
V000627,C00202,2025-03-19,organic_search,P023,Calm Cream 23,true,false,false,22,,,
V000628,C00157,2025-09-17,organic_search,P018,Pure Band 18,true,true,false,76,,,
V000629,C00268,2025-12-12,paid_search,P005,Bright Organizer 05,true,false,false,20,WELCOME5,,
V000630,C00463,2025-02-22,organic_search,P023,Calm Cream 23,true,false,false,27,,,
V000631,C00427,2025-10-21,organic_search,P017,Daily Lamp 17,true,false,false,35,WELCOME5,,
V000632,C00623,2025-01-20,organic_search,P021,Bright Organizer 21,true,false,false,41,,,
V000633,C00237,2025-04-09,referral,P026,Pure Band 26,true,false,false,29,,,
V000634,C00083,2025-04-09,social,P011,Urban Bottle 11,true,false,false,30,,,
V000635,C00093,2025-11-02,paid_search,P006,Active Mat 06,true,true,false,34,,,
V000636,C00616,2025-01-03,paid_search,P011,Urban Bottle 11,true,false,false,25,LOYALTY10,,
V000637,C00610,2025-09-15,direct,P021,Bright Organizer 21,true,false,false,42,WEEKEND15,,
V000638,C00728,2025-11-13,direct,P001,Daily Lamp 01,true,false,false,54,,,
V000639,C00845,2025-08-03,organic_search,P023,Calm Cream 23,true,true,true,59,,T004042,
V000640,C00870,2025-02-22,direct,P017,Daily Lamp 17,true,false,false,50,,,
V000641,C00076,2025-04-11,referral,P024,Modern Serum 24,true,false,false,413,,,
V000642,C00181,2025-06-22,organic_search,P021,Bright Organizer 21,true,true,false,86,,,
V000643,C00184,2025-03-28,social,P005,Bright Organizer 05,true,false,false,59,,,
V000644,C00887,2025-08-07,direct,P028,Essential Bag 28,true,false,false,39,,,
V000645,C00858,2025-02-14,email,P019,Urban Bottle 19,true,true,false,130,,,
V000646,C00002,2025-01-22,social,P028,Essential Bag 28,true,false,false,277,WEEKEND15,,
V000647,C00216,2025-02-15,social,P021,Bright Organizer 21,true,false,false,22,,,
V000648,C00403,2025-07-12,referral,P022,Active Mat 22,true,true,true,152,LOYALTY10,T003660,
V000649,C00165,2025-02-18,social,P029,Bright Organizer 29,true,true,true,119,,T000910,
V000650,C00033,2025-08-20,email,P003,Urban Bottle 03,true,false,false,32,,,
V000651,C00502,2025-09-12,direct,P030,Active Mat 30,true,false,false,74,,,
V000652,C00456,2025-12-11,social,P028,Essential Bag 28,true,false,false,19,,,
V000653,C00604,2025-07-19,organic_search,P025,Daily Lamp 25,true,false,false,21,WEEKEND15,,
V000654,C00095,2025-04-26,email,P023,Calm Cream 23,true,false,false,35,,,
V000655,C00298,2025-06-19,organic_search,P010,Pure Band 10,true,false,false,83,,,
V000656,C00601,2025-11-16,organic_search,P006,Active Mat 06,true,false,true,145,,T005887,
V000657,C00851,2025-10-13,social,P007,Calm Cream 07,true,true,false,86,,,
V000658,C00123,2025-06-19,paid_search,P010,Pure Band 10,true,false,false,61,,,
V000659,C00493,2025-08-09,organic_search,P009,Daily Lamp 09,true,false,false,261,,,
V000660,C00483,2025-03-21,social,P027,Urban Bottle 27,true,false,false,11,WELCOME5,,
V000661,C00633,2025-09-24,social,P006,Active Mat 06,false,false,false,86,,,
V000662,C00391,2025-08-19,organic_search,P016,Modern Serum 16,true,false,true,13,,T004382,
V000663,C00932,2025-09-09,organic_search,P009,Daily Lamp 09,true,false,false,20,,,
V000664,C00535,2025-09-09,paid_search,P018,Pure Band 18,true,false,false,123,WEEKEND15,,
V000665,C00716,2025-05-06,direct,P015,Calm Cream 15,true,true,false,68,,,
V000666,C00305,2025-03-04,social,P003,Urban Bottle 03,true,false,false,90,,,
V000667,C00918,2025-08-16,organic_search,P002,Pure Band 02,true,false,false,36,,,
V000668,C00767,2025-08-03,social,P001,Daily Lamp 01,true,true,false,68,,,
V000669,C00541,2025-12-29,referral,P001,Daily Lamp 01,false,false,false,45,,,
V000670,C00082,2025-12-17,referral,P014,Active Mat 14,true,false,false,71,,,
V000671,C00444,2025-11-02,email,P005,Bright Organizer 05,true,false,false,151,,,
V000672,C00017,2025-05-18,organic_search,P006,Active Mat 06,true,false,false,125,,,
V000673,C00517,2025-11-09,referral,P014,Active Mat 14,true,true,false,137,WELCOME5,,
V000674,C00015,2025-11-12,social,P013,Bright Organizer 13,true,false,false,86,,,
V000675,C00111,2025-03-02,organic_search,P004,Essential Bag 04,true,true,false,210,,,
V000676,C00703,2025-04-14,organic_search,P011,Urban Bottle 11,true,false,false,45,WEEKEND15,,
V000677,C00138,2025-09-09,paid_search,P003,Urban Bottle 03,true,false,false,17,WELCOME5,,
V000678,C00260,2025-11-15,organic_search,P022,Active Mat 22,true,false,false,88,,,
V000679,C00406,2025-12-19,organic_search,P013,Bright Organizer 13,true,false,false,63,,,
V000680,C00224,2025-01-22,organic_search,P011,Urban Bottle 11,true,false,true,31,,T000400,
V000681,C00569,2025-05-24,email,P024,Modern Serum 24,true,false,false,68,,,
V000682,C00254,2025-08-09,paid_search,P028,Essential Bag 28,true,true,false,49,,,
V000683,C00679,2025-02-23,organic_search,P004,Essential Bag 04,true,false,false,49,,,
V000684,C00791,2025-08-25,email,P029,Bright Organizer 29,true,false,false,11,,,
V000685,C00249,2025-07-18,organic_search,P005,Bright Organizer 05,false,false,false,66,,,
V000686,C00147,2025-09-26,direct,P001,Daily Lamp 01,true,false,false,65,WEEKEND15,,
V000687,C00734,2025-02-23,direct,P030,Active Mat 30,true,true,false,15,,,
V000688,C00345,2025-07-20,social,P014,Active Mat 14,true,false,true,108,,T003821,
V000689,C00804,2025-03-14,direct,P016,Modern Serum 16,true,false,false,17,,,
V000690,C00560,2025-04-02,social,P006,Active Mat 06,true,false,false,455,,,
V000691,C00062,2025-07-30,social,P003,Urban Bottle 03,true,false,false,178,,,
V000692,C00149,2025-02-24,email,P011,Urban Bottle 11,true,false,false,18,,,
V000693,C00910,2025-05-27,social,P027,Urban Bottle 27,true,false,false,39,LOYALTY10,,
V000694,C00751,2025-08-28,email,P017,Daily Lamp 17,true,false,false,30,,,
V000695,C00884,2025-03-04,organic_search,P008,Modern Serum 08,true,false,false,42,,,
V000696,C00747,2025-09-06,email,P013,Bright Organizer 13,true,false,false,79,WELCOME5,,
V000697,C00835,2025-08-01,direct,P004,Essential Bag 04,true,false,false,45,,,
V000698,C00173,2025-04-23,paid_search,P023,Calm Cream 23,true,true,false,56,WELCOME5,,
V000699,C00532,2025-09-07,email,P003,Urban Bottle 03,true,false,false,82,LOYALTY10,,
V000700,C00612,2025-08-19,organic_search,P022,Active Mat 22,true,false,false,60,WELCOME5,,
V000701,C00762,2025-07-11,direct,P025,Daily Lamp 25,true,true,false,118,,,
V000702,C00388,2025-12-17,paid_search,P017,Daily Lamp 17,true,false,false,107,WELCOME5,,
V000703,C00055,2025-10-19,social,P030,Active Mat 30,true,false,false,62,WELCOME5,,
V000704,C00399,2025-05-04,organic_search,P017,Daily Lamp 17,true,false,false,41,,,
V000705,C00128,2025-07-02,email,P027,Urban Bottle 27,true,false,false,70,,,
V000706,C00057,2025-05-18,email,P013,Bright Organizer 13,true,false,false,137,,,
V000707,C00310,2025-03-12,email,P022,Active Mat 22,true,false,false,94,,,
V000708,C00642,2025-02-15,direct,P003,Urban Bottle 03,true,false,true,145,,T000845,
V000709,C00923,2025-07-25,organic_search,P018,Pure Band 18,true,true,false,181,,,
V000710,C00714,2025-11-28,direct,P011,Urban Bottle 11,false,false,false,24,,,
V000711,C00928,2025-08-16,direct,P002,Pure Band 02,true,false,false,14,,,
V000712,C00334,2025-01-13,email,P029,Bright Organizer 29,true,false,false,31,,,
V000713,C00207,2025-12-13,social,P028,Essential Bag 28,true,false,false,152,,,
V000714,C00720,2025-01-01,email,P025,Daily Lamp 25,true,true,false,208,WELCOME5,,
V000715,C00117,2025-02-01,organic_search,P018,Pure Band 18,true,false,false,106,,,
V000716,C00079,2025-01-30,paid_search,P001,Daily Lamp 01,true,false,false,11,,,
V000717,C00487,2025-02-23,social,P008,Modern Serum 08,true,false,false,137,,,
V000718,C00805,2025-06-26,email,P016,Modern Serum 16,true,false,false,43,,,
V000719,C00365,2025-07-10,organic_search,P010,Pure Band 10,true,false,false,120,,,
V000720,C00126,2025-02-11,paid_search,P023,Calm Cream 23,true,false,false,129,,,
V000721,C00985,2025-11-05,email,P013,Bright Organizer 13,true,false,false,39,,,
V000722,C00053,2025-08-28,social,P016,Modern Serum 16,false,false,false,101,,,
V000723,C00278,2025-12-10,organic_search,P028,Essential Bag 28,true,false,false,34,,,
V000724,C00072,2025-10-03,organic_search,P028,Essential Bag 28,true,false,true,43,,T005096,
V000725,C00859,2025-12-28,social,P028,Essential Bag 28,true,true,false,126,,,
V000726,C00383,2025-08-19,organic_search,P026,Pure Band 26,true,false,false,72,WELCOME5,,
V000727,C00932,2025-11-29,email,P010,Pure Band 10,true,false,false,114,,,
V000728,C00390,2025-01-25,email,P014,Active Mat 14,true,false,false,26,,,
V000729,C00839,2025-10-15,organic_search,P016,Modern Serum 16,false,false,false,47,LOYALTY10,,
V000730,C00238,2025-03-17,paid_search,P018,Pure Band 18,true,false,false,73,,,
V000731,C00042,2025-11-11,paid_search,P006,Active Mat 06,true,false,false,25,,,
V000732,C00575,2025-04-28,direct,P010,Pure Band 10,true,false,true,153,,T002254,
V000733,C00528,2025-03-18,direct,P006,Active Mat 06,true,false,false,50,,,
V000734,C00948,2025-11-11,paid_search,P002,Pure Band 02,true,true,false,37,,,
V000735,C00698,2025-11-04,organic_search,P006,Active Mat 06,true,false,false,36,,,
V000736,C00939,2025-08-27,direct,P016,Modern Serum 16,false,false,false,124,,,
V000737,C00721,2025-09-23,email,P030,Active Mat 30,true,false,false,27,WELCOME5,,
V000738,C00208,2025-07-04,paid_search,P019,Urban Bottle 19,true,false,false,140,,,
V000739,C00277,2025-04-01,direct,P022,Active Mat 22,true,false,false,359,,,
V000740,C00038,2025-02-18,social,P024,Modern Serum 24,true,false,false,13,,,
V000741,C00110,2025-07-01,organic_search,P002,Pure Band 02,true,false,true,59,,T003449,
V000742,C00625,2025-01-24,paid_search,P012,Essential Bag 12,true,false,false,127,,,
V000743,C00520,2025-05-24,referral,P025,Daily Lamp 25,true,false,false,17,,,
V000744,C00501,2025-03-29,direct,P003,Urban Bottle 03,true,false,false,31,,,
V000745,C00673,2025-11-14,direct,P024,Modern Serum 24,true,true,true,23,WELCOME5,T005870,
V000746,C00455,2025-11-14,paid_search,P020,Essential Bag 20,true,false,false,54,,,
V000747,C00351,2025-12-20,organic_search,P006,Active Mat 06,false,false,false,14,WEEKEND15,,
V000748,C00564,2025-05-06,paid_search,P001,Daily Lamp 01,true,false,false,84,,,
V000749,C00924,2025-04-17,direct,P027,Urban Bottle 27,true,false,false,49,,,
V000750,C00791,2025-08-09,email,P028,Essential Bag 28,true,true,true,210,,T004162,
V000751,C00328,2025-04-08,organic_search,P006,Active Mat 06,true,false,false,55,,,
V000752,C00442,2025-12-31,email,P030,Active Mat 30,false,false,false,119,,,
V000753,C00197,2025-02-14,direct,P027,Urban Bottle 27,true,false,false,60,,,
V000754,C00793,2025-11-26,email,P005,Bright Organizer 05,false,false,false,138,,,
V000755,C00239,2025-03-11,referral,P020,Essential Bag 20,true,false,false,29,,,
V000756,C00195,2025-08-13,paid_search,P002,Pure Band 02,true,false,false,276,,,
V000757,C00986,2025-11-25,email,P030,Active Mat 30,true,false,false,206,,,
V000758,C00710,2025-02-16,organic_search,P005,Bright Organizer 05,true,false,false,430,,,
V000759,C00789,2025-01-25,social,P009,Daily Lamp 09,true,false,false,16,LOYALTY10,,
V000760,C00446,2025-10-18,email,P026,Pure Band 26,true,false,false,45,WELCOME5,,
V000761,C00689,2025-09-11,organic_search,P004,Essential Bag 04,true,false,false,17,,,
V000762,C00833,2025-04-05,direct,P016,Modern Serum 16,true,false,false,48,,,
V000763,C00269,2025-08-28,paid_search,P021,Bright Organizer 21,true,false,false,6,,,
V000764,C00150,2025-11-23,social,P005,Bright Organizer 05,false,false,false,68,,,
V000765,C00397,2025-07-06,paid_search,P017,Daily Lamp 17,true,false,false,88,,,
V000766,C00959,2025-01-13,organic_search,P024,Modern Serum 24,true,false,false,9,,,
V000767,C00219,2025-02-25,social,P021,Bright Organizer 21,true,false,false,240,,,
V000768,C00409,2025-12-25,paid_search,P020,Essential Bag 20,true,false,false,48,,,
V000769,C00082,2025-05-02,email,P018,Pure Band 18,true,false,false,278,,,
V000770,C00787,2025-12-03,paid_search,P019,Urban Bottle 19,true,false,false,35,,,
V000771,C00957,2025-01-21,paid_search,P027,Urban Bottle 27,true,false,false,25,,,
V000772,C00145,2025-03-22,email,P011,Urban Bottle 11,true,false,false,43,LOYALTY10,,
V000773,C00361,2025-01-03,direct,P021,Bright Organizer 21,true,false,false,38,,,
V000774,C00568,2025-01-16,organic_search,P023,Calm Cream 23,true,false,false,51,,,
V000775,C00510,2025-09-21,organic_search,P008,Modern Serum 08,true,false,false,22,,,
V000776,C00329,2025-03-29,organic_search,P024,Modern Serum 24,true,true,false,37,,,
V000777,C00616,2025-06-11,direct,P023,Calm Cream 23,true,false,true,49,WELCOME5,T003083,
V000778,C00879,2025-04-28,email,P015,Calm Cream 15,true,false,false,17,,,
V000779,C00532,2025-07-05,social,P029,Bright Organizer 29,true,false,false,101,,,
V000780,C00590,2025-08-30,paid_search,P006,Active Mat 06,false,false,false,94,,,
V000781,C00637,2025-05-11,organic_search,P009,Daily Lamp 09,true,false,false,55,,,
V000782,C00200,2025-07-04,social,P011,Urban Bottle 11,true,true,false,12,,,
V000783,C00286,2025-05-22,organic_search,P004,Essential Bag 04,false,false,false,27,,,
V000784,C00708,2025-07-30,social,P025,Daily Lamp 25,true,false,false,118,,,
V000785,C00744,2025-06-12,email,P009,Daily Lamp 09,true,false,false,17,,,
V000786,C00117,2025-11-29,organic_search,P002,Pure Band 02,true,false,false,21,WEEKEND15,,
V000787,C00046,2025-11-15,organic_search,P021,Bright Organizer 21,true,false,false,37,,,
V000788,C00502,2025-01-21,organic_search,P012,Essential Bag 12,true,false,false,48,WELCOME5,,
V000789,C00113,2025-09-30,direct,P027,Urban Bottle 27,true,false,false,84,,,
V000790,C00009,2025-04-19,paid_search,P027,Urban Bottle 27,true,true,false,391,WEEKEND15,,
V000791,C00394,2025-05-26,social,P014,Active Mat 14,true,false,false,176,,,
V000792,C00668,2025-12-20,email,P013,Bright Organizer 13,true,false,false,23,,,
V000793,C00526,2025-10-05,organic_search,P029,Bright Organizer 29,true,false,false,68,,,
V000794,C00519,2025-06-13,organic_search,P013,Bright Organizer 13,true,false,false,22,,,
V000795,C00307,2025-01-16,direct,P030,Active Mat 30,true,false,false,24,WEEKEND15,,
V000796,C00479,2025-04-02,email,P024,Modern Serum 24,true,true,false,56,LOYALTY10,,
V000797,C00096,2025-03-30,organic_search,P005,Bright Organizer 05,true,false,false,9,,,
V000798,C00661,2025-05-14,email,P012,Essential Bag 12,true,false,false,36,,,
V000799,C00916,2025-09-25,paid_search,P027,Urban Bottle 27,true,false,false,50,,,
V000800,C00027,2025-02-26,organic_search,P028,Essential Bag 28,true,false,false,356,,,
V000801,C00758,2025-02-14,social,P015,Calm Cream 15,true,false,false,103,,,
V000802,C00620,2025-01-11,direct,P002,Pure Band 02,true,false,false,35,,,
V000803,C00057,2025-08-28,social,P006,Active Mat 06,false,false,false,160,,,
V000804,C00955,2025-06-23,social,P002,Pure Band 02,true,true,false,229,LOYALTY10,,
V000805,C00803,2025-10-30,direct,P009,Daily Lamp 09,true,false,false,158,,,
V000806,C00974,2025-11-07,organic_search,P024,Modern Serum 24,true,false,false,30,,,
V000807,C00664,2025-11-08,direct,P019,Urban Bottle 19,true,false,false,46,,,
V000808,C00351,2025-09-10,paid_search,P008,Modern Serum 08,true,false,false,44,WELCOME5,,
V000809,C00588,2025-04-22,referral,P002,Pure Band 02,true,false,false,19,,,
V000810,C00439,2025-01-11,email,P022,Active Mat 22,true,false,false,30,WELCOME5,,
V000811,C00025,2025-03-08,social,P028,Essential Bag 28,true,true,false,153,,,
V000812,C00840,2025-09-09,email,P017,Daily Lamp 17,true,false,false,53,,,
V000813,C00327,2025-04-27,social,P015,Calm Cream 15,true,false,false,20,,,
V000814,C00925,2025-10-31,direct,P025,Daily Lamp 25,true,false,false,89,,,
V000815,C00496,2025-10-18,social,P004,Essential Bag 04,true,true,false,90,WEEKEND15,,
V000816,C00342,2025-01-25,organic_search,P002,Pure Band 02,true,false,false,16,,,
V000817,C00233,2025-09-10,paid_search,P029,Bright Organizer 29,true,false,false,35,,,
V000818,C00619,2025-05-08,email,P025,Daily Lamp 25,true,false,true,86,WEEKEND15,T002431,
V000819,C00454,2025-10-25,email,P020,Essential Bag 20,true,false,false,48,WEEKEND15,,
V000820,C00601,2025-03-29,organic_search,P019,Urban Bottle 19,true,true,false,31,,,
V000821,C00502,2025-09-29,direct,P011,Urban Bottle 11,true,true,true,111,,T005030,
V000822,C00076,2025-01-30,social,P008,Modern Serum 08,true,false,false,36,,,
V000823,C00382,2025-09-30,organic_search,P004,Essential Bag 04,false,false,false,57,,,
V000824,C00636,2025-07-24,organic_search,P019,Urban Bottle 19,true,false,false,109,LOYALTY10,,
V000825,C00183,2025-08-29,direct,P005,Bright Organizer 05,false,false,false,155,,,
V000826,C00779,2025-03-02,direct,P004,Essential Bag 04,true,false,false,23,,,
V000827,C00844,2025-12-04,direct,P005,Bright Organizer 05,true,false,false,50,,,
V000828,C00989,2025-03-14,email,P007,Calm Cream 07,true,false,false,88,,,
V000829,C00621,2025-12-20,paid_search,P012,Essential Bag 12,true,false,false,26,,,
V000830,C00902,2025-03-30,social,P009,Daily Lamp 09,true,false,false,35,,,
V000831,C00620,2025-08-28,social,P024,Modern Serum 24,true,false,false,42,,,
V000832,C00428,2025-02-14,social,P010,Pure Band 10,true,false,false,58,,,
V000833,C00061,2025-09-13,paid_search,P001,Daily Lamp 01,true,false,false,76,,,
V000834,C00062,2025-04-09,social,P006,Active Mat 06,true,false,false,45,,,
V000835,C00125,2025-10-05,organic_search,P005,Bright Organizer 05,true,false,false,48,,,
V000836,C00576,2025-05-31,referral,P026,Pure Band 26,true,false,false,165,WEEKEND15,,
V000837,C00339,2025-08-28,email,P012,Essential Bag 12,false,false,false,33,,,
V000838,C00141,2025-12-25,social,P002,Pure Band 02,true,false,false,29,,,
V000839,C00184,2025-03-18,organic_search,P027,Urban Bottle 27,true,false,false,163,LOYALTY10,,
V000840,C00575,2025-11-22,social,P012,Essential Bag 12,true,false,false,64,,,
V000841,C00986,2025-11-07,organic_search,P008,Modern Serum 08,true,false,false,73,,,
V000842,C00450,2025-08-21,social,P022,Active Mat 22,true,false,false,33,,,
V000843,C00130,2025-05-03,paid_search,P001,Daily Lamp 01,true,false,false,18,,,
V000844,C00879,2025-06-16,social,P008,Modern Serum 08,true,true,false,75,,,
V000845,C00735,2025-07-21,paid_search,P009,Daily Lamp 09,true,false,false,71,WEEKEND15,,
V000846,C00005,2025-01-01,paid_search,P013,Bright Organizer 13,true,false,false,39,,,
V000847,C00105,2025-03-11,direct,P015,Calm Cream 15,true,false,true,155,WEEKEND15,T001297,
V000848,C00780,2025-08-19,email,P027,Urban Bottle 27,true,false,false,82,WELCOME5,,
V000849,C00090,2025-03-04,organic_search,P001,Daily Lamp 01,true,false,false,48,WEEKEND15,,
V000850,C00924,2025-08-22,organic_search,P030,Active Mat 30,true,false,false,24,LOYALTY10,,
V000851,C00828,2025-10-27,organic_search,P016,Modern Serum 16,false,false,false,31,,,
V000852,C00357,2025-12-04,organic_search,P008,Modern Serum 08,true,false,false,114,,,
V000853,C00134,2025-02-21,referral,P003,Urban Bottle 03,true,false,false,21,,,
V000854,C00945,2025-03-29,direct,P012,Essential Bag 12,true,false,false,374,,,
V000855,C00998,2025-12-11,direct,P009,Daily Lamp 09,true,false,false,171,WELCOME5,,
V000856,C00566,2025-11-12,email,P028,Essential Bag 28,true,true,true,111,WELCOME5,T005840,
V000857,C00845,2025-12-21,paid_search,P029,Bright Organizer 29,true,false,false,14,,,
V000858,C00196,2025-10-24,organic_search,P023,Calm Cream 23,true,false,false,35,,,
V000859,C00360,2025-02-18,paid_search,P019,Urban Bottle 19,true,false,false,53,,,
V000860,C00031,2025-08-21,organic_search,P003,Urban Bottle 03,true,false,false,173,LOYALTY10,,
V000861,C00704,2025-08-04,organic_search,P027,Urban Bottle 27,true,false,true,82,,T004064,
V000862,C00773,2025-03-09,paid_search,P023,Calm Cream 23,true,true,false,20,LOYALTY10,,
V000863,C00661,2025-07-28,email,P015,Calm Cream 15,true,true,false,51,,,
V000864,C00901,2025-03-15,email,P011,Urban Bottle 11,true,true,false,51,,,
V000865,C00002,2025-09-08,paid_search,P024,Modern Serum 24,true,false,false,24,,,
V000866,C00607,2025-05-09,organic_search,P009,Daily Lamp 09,true,false,false,29,,,
V000867,C00593,2025-07-04,social,P012,Essential Bag 12,true,false,false,37,,,
V000868,C00524,2025-03-12,paid_search,P019,Urban Bottle 19,true,false,false,15,,,
V000869,C00143,2025-06-02,paid_search,P007,Calm Cream 07,true,false,false,148,,,
V000870,C00043,2025-09-17,social,P009,Daily Lamp 09,true,false,false,47,,,
V000871,C00100,2025-10-24,social,P004,Essential Bag 04,false,false,false,43,,,
V000872,C00229,2025-01-10,email,P001,Daily Lamp 01,true,false,false,48,,,
V000873,C00861,2025-08-02,social,P006,Active Mat 06,true,false,false,152,WELCOME5,,
V000874,C00988,2025-03-03,paid_search,P007,Calm Cream 07,true,true,false,34,,,
V000875,C00005,2025-09-25,social,P029,Bright Organizer 29,true,false,false,43,,,
V000876,C00687,2025-05-17,organic_search,P009,Daily Lamp 09,true,true,false,369,,,
V000877,C00571,2025-01-29,organic_search,P016,Modern Serum 16,true,false,false,38,,,
V000878,C00210,2025-11-20,direct,P003,Urban Bottle 03,true,false,false,61,,,
V000879,C00170,2025-12-17,organic_search,P016,Modern Serum 16,false,false,false,192,WELCOME5,,
V000880,C00870,2025-10-28,social,P026,Pure Band 26,true,false,false,75,,,
V000881,C00857,2025-11-19,social,P024,Modern Serum 24,true,true,false,72,,,
V000882,C00081,2025-02-19,paid_search,P013,Bright Organizer 13,true,false,false,111,,,
V000883,C00257,2025-12-03,social,P020,Essential Bag 20,true,false,false,46,,,
V000884,C00634,2025-03-27,direct,P006,Active Mat 06,true,true,true,252,,T001635,
V000885,C00898,2025-03-04,paid_search,P022,Active Mat 22,true,false,false,45,,,
V000886,C00364,2025-01-22,paid_search,P004,Essential Bag 04,true,false,true,22,,T000402,
V000887,C00298,2025-10-24,email,P016,Modern Serum 16,false,false,false,189,,,
V000888,C00942,2025-07-28,email,P029,Bright Organizer 29,true,false,false,31,,,
V000889,C00620,2025-04-18,organic_search,P023,Calm Cream 23,true,false,false,5,,,
V000890,C00852,2025-07-12,email,P006,Active Mat 06,true,false,false,237,,,
V000891,C00795,2025-04-16,organic_search,P021,Bright Organizer 21,true,false,false,48,,,
V000892,C00061,2025-07-03,paid_search,P021,Bright Organizer 21,true,false,false,45,LOYALTY10,,
V000893,C00680,2025-11-29,social,P008,Modern Serum 08,true,false,false,87,,,
V000894,C00640,2025-02-25,organic_search,P001,Daily Lamp 01,true,false,false,64,,,
V000895,C00367,2025-04-30,direct,P022,Active Mat 22,true,true,false,147,,,
V000896,C00733,2025-09-20,direct,P005,Bright Organizer 05,true,false,false,50,,,
V000897,C00105,2025-01-15,social,P013,Bright Organizer 13,true,false,false,33,WEEKEND15,,
V000898,C00377,2025-12-01,paid_search,P018,Pure Band 18,true,false,false,126,,,
V000899,C00421,2025-03-05,organic_search,P022,Active Mat 22,true,false,false,176,,,
V000900,C00973,2025-05-07,direct,P004,Essential Bag 04,true,true,true,170,,T002408,
V000901,C00118,2025-11-12,paid_search,P010,Pure Band 10,true,false,true,55,,T005830,
V000902,C00747,2025-11-15,paid_search,P029,Bright Organizer 29,true,false,false,80,,,
V000903,C00988,2025-11-01,organic_search,P004,Essential Bag 04,true,true,false,63,WELCOME5,,
V000904,C00579,2025-09-23,social,P017,Daily Lamp 17,true,false,false,67,,,
V000905,C00140,2025-04-21,organic_search,P019,Urban Bottle 19,true,false,false,19,WELCOME5,,
V000906,C00600,2025-01-21,organic_search,P015,Calm Cream 15,true,false,false,7,WEEKEND15,,
V000907,C00050,2025-01-20,organic_search,P019,Urban Bottle 19,true,false,false,165,,,
V000908,C00551,2025-03-22,organic_search,P019,Urban Bottle 19,true,false,false,238,,,
V000909,C00270,2025-02-27,paid_search,P025,Daily Lamp 25,true,true,false,45,,,
V000910,C00389,2025-02-13,referral,P029,Bright Organizer 29,true,false,false,42,WELCOME5,,
V000911,C00288,2025-11-12,social,P011,Urban Bottle 11,true,false,false,105,,,
V000912,C00702,2025-07-08,paid_search,P001,Daily Lamp 01,true,false,false,32,,,
V000913,C00234,2025-12-27,social,P028,Essential Bag 28,true,false,false,77,,,
V000914,C00245,2025-05-11,direct,P006,Active Mat 06,true,true,false,71,,,
V000915,C00813,2025-12-27,email,P017,Daily Lamp 17,true,true,false,21,,,
V000916,C00199,2025-03-31,social,P027,Urban Bottle 27,true,true,false,213,,,
V000917,C00663,2025-09-14,organic_search,P007,Calm Cream 07,true,false,false,29,,,
V000918,C00751,2025-10-26,direct,P006,Active Mat 06,false,false,false,30,,,
V000919,C00496,2025-05-02,organic_search,P018,Pure Band 18,true,false,false,71,,,
V000920,C00507,2025-08-03,email,P027,Urban Bottle 27,true,true,true,84,LOYALTY10,T004049,
V000921,C00017,2025-12-04,paid_search,P025,Daily Lamp 25,true,false,false,32,,,
V000922,C00485,2025-06-28,email,P016,Modern Serum 16,true,false,false,15,WELCOME5,,
V000923,C00512,2025-06-08,organic_search,P006,Active Mat 06,true,false,true,315,,T003024,
V000924,C00306,2025-05-19,organic_search,P029,Bright Organizer 29,true,true,true,87,,T002649,
V000925,C00381,2025-11-07,organic_search,P017,Daily Lamp 17,true,false,false,143,WEEKEND15,,
V000926,C00465,2025-06-12,paid_search,P009,Daily Lamp 09,true,false,false,118,,,
V000927,C00759,2025-02-27,organic_search,P024,Modern Serum 24,true,false,false,70,,,
V000928,C00962,2025-06-22,email,P004,Essential Bag 04,true,false,false,57,,,
V000929,C00446,2025-06-10,email,P004,Essential Bag 04,true,false,false,75,,,
V000930,C00148,2025-09-03,organic_search,P026,Pure Band 26,true,false,false,48,,,
V000931,C00469,2025-04-12,organic_search,P002,Pure Band 02,true,false,false,5,,,
V000932,C00462,2025-12-08,social,P023,Calm Cream 23,true,true,false,19,LOYALTY10,,
V000933,C00324,2025-08-10,email,P006,Active Mat 06,true,true,true,96,,T004190,
V000934,C00336,2025-02-05,social,P021,Bright Organizer 21,true,true,false,31,WEEKEND15,,
V000935,C00613,2025-09-25,organic_search,P021,Bright Organizer 21,true,true,true,367,LOYALTY10,T004977,
V000936,C00149,2025-05-03,organic_search,P024,Modern Serum 24,true,true,false,100,,,
V000937,C00932,2025-06-23,organic_search,P020,Essential Bag 20,true,false,false,38,,,
V000938,C00367,2025-08-28,email,P026,Pure Band 26,true,false,false,58,,,
V000939,C00720,2025-03-24,direct,P006,Active Mat 06,true,false,false,96,,,
V000940,C00803,2025-04-21,organic_search,P024,Modern Serum 24,true,false,false,82,,,
V000941,C00396,2025-01-28,social,P002,Pure Band 02,true,true,true,315,,T000527,
V000942,C00861,2025-02-01,paid_search,P006,Active Mat 06,true,false,false,215,,,
V000943,C00880,2025-11-12,referral,P030,Active Mat 30,true,false,false,105,,,
V000944,C00045,2025-04-24,social,P017,Daily Lamp 17,true,true,true,73,,T002186,
V000945,C00434,2025-04-10,paid_search,P017,Daily Lamp 17,true,true,false,28,,,
V000946,C00102,2025-01-09,paid_search,P011,Urban Bottle 11,true,false,false,140,WELCOME5,,
V000947,C00113,2025-10-21,social,P013,Bright Organizer 13,true,false,false,78,,,
V000948,C00983,2025-07-25,direct,P030,Active Mat 30,true,false,false,23,,,
V000949,C00532,2025-05-19,social,P016,Modern Serum 16,true,false,false,236,,,
V000950,C00494,2025-04-20,organic_search,P019,Urban Bottle 19,true,false,false,53,WELCOME5,,
V000951,C00012,2025-05-01,direct,P013,Bright Organizer 13,true,false,false,21,LOYALTY10,,
V000952,C00795,2025-08-19,email,P028,Essential Bag 28,true,false,false,82,,,
V000953,C00345,2025-09-20,paid_search,P011,Urban Bottle 11,true,false,false,32,,,
V000954,C00715,2025-03-21,referral,P006,Active Mat 06,true,false,false,58,,,
V000955,C00514,2025-08-03,organic_search,P004,Essential Bag 04,true,true,false,77,LOYALTY10,,
V000956,C00900,2025-08-27,email,P006,Active Mat 06,false,false,false,38,,,
V000957,C00760,2025-01-15,direct,P007,Calm Cream 07,true,true,false,178,,,
V000958,C00767,2025-04-17,organic_search,P005,Bright Organizer 05,true,false,false,70,,,
V000959,C00048,2025-04-13,organic_search,P019,Urban Bottle 19,true,false,false,91,,,
V000960,C00268,2025-01-21,referral,P023,Calm Cream 23,true,false,false,19,,,
V000961,C00044,2025-12-25,referral,P006,Active Mat 06,false,false,false,17,,,
V000962,C00097,2025-10-11,email,P005,Bright Organizer 05,true,true,false,36,,,
V000963,C00420,2025-12-25,email,P024,Modern Serum 24,false,false,false,71,LOYALTY10,,
V000964,C00252,2025-03-05,social,P015,Calm Cream 15,true,false,false,61,WELCOME5,,
V000965,C00632,2025-11-03,referral,P002,Pure Band 02,true,true,true,482,,T005624,
V000966,C00588,2025-08-04,email,P001,Daily Lamp 01,true,false,false,71,,,
V000967,C00962,2025-08-14,social,P015,Calm Cream 15,true,true,false,104,WEEKEND15,,
V000968,C00498,2025-05-10,referral,P030,Active Mat 30,true,true,false,42,,,
V000969,C00121,2025-01-23,email,P003,Urban Bottle 03,true,false,false,18,,,
V000970,C00682,2025-09-09,direct,P014,Active Mat 14,true,false,false,134,WEEKEND15,,
V000971,C00584,2025-11-12,social,P012,Essential Bag 12,true,false,false,14,,,
V000972,C00465,2025-06-20,organic_search,P013,Bright Organizer 13,true,false,true,95,,T003247,
V000973,C00832,2025-07-07,paid_search,P012,Essential Bag 12,true,true,false,42,,,
V000974,C00682,2025-09-28,organic_search,P030,Active Mat 30,true,false,false,40,,,
V000975,C00450,2025-04-05,organic_search,P001,Daily Lamp 01,true,false,false,30,,,
V000976,C00489,2025-06-06,referral,P024,Modern Serum 24,true,true,false,247,,,
V000977,C00776,2025-12-10,referral,P030,Active Mat 30,true,true,true,65,,T006265,
V000978,C00148,2025-10-15,referral,P010,Pure Band 10,true,false,false,318,,,
V000979,C00804,2025-05-13,social,P015,Calm Cream 15,true,false,false,110,,,
V000980,C00469,2025-08-22,organic_search,P019,Urban Bottle 19,false,false,false,37,,,
V000981,C00940,2025-06-02,direct,P010,Pure Band 10,true,true,false,162,WELCOME5,,
V000982,C00230,2025-01-28,paid_search,P027,Urban Bottle 27,true,false,false,55,,,
V000983,C00030,2025-07-24,social,P019,Urban Bottle 19,true,false,false,120,,,
V000984,C00401,2025-01-01,referral,P021,Bright Organizer 21,true,false,false,46,WEEKEND15,,
V000985,C00973,2025-10-21,organic_search,P002,Pure Band 02,true,false,false,15,WELCOME5,,
V000986,C00533,2025-05-25,social,P016,Modern Serum 16,true,false,false,49,WELCOME5,,
V000987,C00580,2025-06-24,organic_search,P030,Active Mat 30,true,false,false,25,,,
V000988,C00477,2025-05-16,social,P016,Modern Serum 16,true,false,false,248,,,
V000989,C00717,2025-08-17,social,P024,Modern Serum 24,true,false,false,49,,,
V000990,C00352,2025-03-10,social,P023,Calm Cream 23,true,false,false,68,,,
V000991,C00833,2025-11-23,social,P024,Modern Serum 24,false,false,false,389,,,
V000992,C00879,2025-07-18,direct,P021,Bright Organizer 21,true,true,false,26,,,
V000993,C00129,2025-04-27,organic_search,P025,Daily Lamp 25,true,false,false,90,,,
V000994,C00081,2025-01-05,email,P017,Daily Lamp 17,true,false,true,159,,T000092,
V000995,C00826,2025-02-13,organic_search,P001,Daily Lamp 01,true,false,false,22,WEEKEND15,,
V000996,C00276,2025-09-18,organic_search,P024,Modern Serum 24,true,true,false,92,,,
V000997,C00959,2025-06-17,organic_search,P021,Bright Organizer 21,true,true,false,144,,,
V000998,C00555,2025-04-09,direct,P003,Urban Bottle 03,true,false,false,29,,,
V000999,C00737,2025-06-17,paid_search,P030,Active Mat 30,true,true,false,167,,,
V001000,C00444,2025-05-15,paid_search,P027,Urban Bottle 27,true,false,false,53,,,
V001001,C00813,2025-04-08,organic_search,P013,Bright Organizer 13,true,false,false,60,,,
V001002,C00780,2025-05-22,email,P025,Daily Lamp 25,true,false,false,73,,,
V001003,C00958,2025-02-18,social,P003,Urban Bottle 03,true,true,true,328,WEEKEND15,T000900,
V001004,C00708,2025-01-25,email,P012,Essential Bag 12,true,true,false,291,,,
V001005,C00975,2025-11-11,social,P026,Pure Band 26,true,false,false,96,,,
V001006,C00687,2025-11-22,social,P015,Calm Cream 15,true,true,false,21,WEEKEND15,,
V001007,C00607,2025-05-29,paid_search,P004,Essential Bag 04,false,false,false,16,,,
V001008,C00717,2025-06-14,organic_search,P018,Pure Band 18,true,true,true,178,,T003132,
V001009,C00907,2025-05-23,organic_search,P010,Pure Band 10,true,false,false,85,,,
V001010,C00982,2025-04-06,social,P026,Pure Band 26,true,true,false,108,LOYALTY10,,
V001011,C00834,2025-12-21,paid_search,P013,Bright Organizer 13,true,false,false,15,LOYALTY10,,
V001012,C00612,2025-02-04,paid_search,P027,Urban Bottle 27,true,true,false,88,LOYALTY10,,
V001013,C00198,2025-12-14,paid_search,P024,Modern Serum 24,true,false,false,152,,,
V001014,C00198,2025-03-14,paid_search,P026,Pure Band 26,true,false,false,32,,,
V001015,C00519,2025-03-26,social,P007,Calm Cream 07,true,false,false,34,,,
V001016,C00504,2025-10-27,social,P013,Bright Organizer 13,true,true,false,53,WELCOME5,,
V001017,C00009,2025-09-25,organic_search,P011,Urban Bottle 11,true,false,false,59,WEEKEND15,,
V001018,C00492,2025-12-29,social,P022,Active Mat 22,true,false,false,82,,,
V001019,C00552,2025-12-29,organic_search,P024,Modern Serum 24,false,false,false,67,,,
V001020,C00247,2025-02-01,paid_search,P011,Urban Bottle 11,true,false,false,164,,,
V001021,C00555,2025-06-08,social,P015,Calm Cream 15,true,false,false,35,,,
V001022,C00005,2025-06-11,organic_search,P008,Modern Serum 08,true,false,false,38,WEEKEND15,,
V001023,C00927,2025-06-04,social,P028,Essential Bag 28,true,false,false,35,,,
V001024,C00210,2025-04-17,organic_search,P029,Bright Organizer 29,true,false,false,15,,,
V001025,C00079,2025-05-23,organic_search,P010,Pure Band 10,true,false,false,11,,,
V001026,C00085,2025-05-08,paid_search,P006,Active Mat 06,true,false,false,38,,,
V001027,C00707,2025-10-18,social,P025,Daily Lamp 25,true,true,false,38,,,
V001028,C00815,2025-09-09,organic_search,P017,Daily Lamp 17,true,false,false,123,WELCOME5,,
V001029,C00823,2025-03-07,direct,P017,Daily Lamp 17,true,false,false,51,,,
V001030,C00745,2025-04-08,paid_search,P027,Urban Bottle 27,true,true,true,142,,T001886,
V001031,C00926,2025-12-01,paid_search,P016,Modern Serum 16,true,false,true,89,,T006097,
V001032,C00084,2025-10-11,paid_search,P018,Pure Band 18,true,false,false,263,,,
V001033,C00649,2025-02-11,organic_search,P023,Calm Cream 23,true,false,false,73,,,
V001034,C00643,2025-01-07,social,P006,Active Mat 06,true,false,false,69,,,
V001035,C00413,2025-10-28,paid_search,P024,Modern Serum 24,true,false,false,67,,,
V001036,C00432,2025-06-14,direct,P027,Urban Bottle 27,true,true,true,671,,T003143,
V001037,C00516,2025-12-30,direct,P024,Modern Serum 24,false,false,false,222,,,
V001038,C00606,2025-02-02,direct,P009,Daily Lamp 09,true,false,false,34,,,
V001039,C00579,2025-09-19,referral,P011,Urban Bottle 11,true,false,false,16,,,
V001040,C00061,2025-01-05,social,P002,Pure Band 02,true,false,false,55,,,
V001041,C00164,2025-04-18,email,P029,Bright Organizer 29,true,false,false,76,,,
V001042,C00653,2025-01-04,organic_search,P025,Daily Lamp 25,true,false,false,12,,,
V001043,C00676,2025-07-11,social,P019,Urban Bottle 19,true,true,false,16,,,
V001044,C00366,2025-02-25,paid_search,P024,Modern Serum 24,true,false,false,101,,,
V001045,C00892,2025-11-07,direct,P016,Modern Serum 16,true,false,false,17,,,
V001046,C00272,2025-09-22,social,P011,Urban Bottle 11,true,false,false,109,WELCOME5,,
V001047,C00008,2025-01-27,social,P007,Calm Cream 07,true,false,false,58,,,
V001048,C00395,2025-02-06,referral,P029,Bright Organizer 29,true,false,false,32,,,
V001049,C00933,2025-03-28,direct,P026,Pure Band 26,true,false,false,30,LOYALTY10,,
V001050,C00277,2025-05-30,paid_search,P008,Modern Serum 08,true,false,false,41,,,
V001051,C00992,2025-08-07,direct,P011,Urban Bottle 11,true,false,false,32,,,
V001052,C00082,2025-09-13,email,P018,Pure Band 18,true,false,false,49,,,
V001053,C00205,2025-01-10,social,P014,Active Mat 14,true,false,false,68,,,
V001054,C00575,2025-01-25,email,P024,Modern Serum 24,true,false,false,32,,,
V001055,C00073,2025-03-10,referral,P010,Pure Band 10,true,false,false,24,,,
V001056,C00707,2025-02-13,organic_search,P019,Urban Bottle 19,true,false,false,194,,,
V001057,C00264,2025-08-21,email,P014,Active Mat 14,false,false,false,29,WEEKEND15,,
V001058,C00495,2025-05-01,paid_search,P023,Calm Cream 23,true,false,false,125,,,
V001059,C00475,2025-02-12,direct,P016,Modern Serum 16,true,false,false,22,,,
V001060,C00202,2025-10-29,organic_search,P014,Active Mat 14,false,false,false,60,,,
V001061,C00969,2025-10-22,organic_search,P006,Active Mat 06,false,false,false,64,,,
V001062,C00978,2025-08-23,organic_search,P003,Urban Bottle 03,true,false,false,86,LOYALTY10,,
V001063,C00360,2025-06-28,direct,P026,Pure Band 26,true,false,false,107,WEEKEND15,,
V001064,C00457,2025-12-11,social,P020,Essential Bag 20,true,false,false,46,,,
V001065,C00519,2025-08-11,social,P014,Active Mat 14,true,false,false,44,,,
V001066,C00058,2025-12-14,email,P002,Pure Band 02,true,false,false,61,,,
V001067,C00578,2025-10-20,organic_search,P016,Modern Serum 16,false,false,false,32,,,
V001068,C00093,2025-11-19,paid_search,P011,Urban Bottle 11,true,false,false,69,WELCOME5,,
V001069,C00850,2025-10-02,organic_search,P019,Urban Bottle 19,true,false,false,72,,,
V001070,C00334,2025-12-22,organic_search,P012,Essential Bag 12,false,false,false,17,,,
V001071,C00077,2025-04-10,email,P016,Modern Serum 16,true,false,false,130,WELCOME5,,
V001072,C00719,2025-06-17,social,P016,Modern Serum 16,true,false,false,176,,,
V001073,C00405,2025-09-08,organic_search,P007,Calm Cream 07,true,false,false,49,,,
V001074,C00621,2025-09-11,direct,P024,Modern Serum 24,true,false,false,69,,,
V001075,C00130,2025-04-14,email,P012,Essential Bag 12,true,true,true,110,,T001988,
V001076,C00077,2025-04-10,social,P020,Essential Bag 20,true,true,false,159,WEEKEND15,,
V001077,C00787,2025-08-22,paid_search,P004,Essential Bag 04,false,false,false,5,,,
V001078,C00838,2025-09-20,organic_search,P007,Calm Cream 07,true,false,false,39,,,
V001079,C00933,2025-05-14,paid_search,P019,Urban Bottle 19,true,false,false,130,WELCOME5,,
V001080,C00999,2025-09-08,referral,P028,Essential Bag 28,true,false,false,6,,,
V001081,C00604,2025-08-18,direct,P014,Active Mat 14,true,false,false,68,,,
V001082,C00702,2025-04-04,email,P010,Pure Band 10,true,true,true,128,WELCOME5,T001795,
V001083,C00440,2025-08-04,social,P005,Bright Organizer 05,true,false,false,29,,,
V001084,C00799,2025-05-15,direct,P011,Urban Bottle 11,true,false,false,59,,,
V001085,C00425,2025-07-23,organic_search,P017,Daily Lamp 17,true,false,false,68,,,
V001086,C00319,2025-11-29,referral,P018,Pure Band 18,false,false,false,112,,,
V001087,C00950,2025-12-23,paid_search,P012,Essential Bag 12,false,false,false,56,,,
V001088,C00061,2025-03-15,direct,P016,Modern Serum 16,true,false,false,93,,,
V001089,C00089,2025-04-27,organic_search,P020,Essential Bag 20,true,false,false,57,,,
V001090,C00243,2025-08-01,referral,P018,Pure Band 18,true,false,false,101,,,
V001091,C00217,2025-10-21,email,P030,Active Mat 30,true,false,false,84,,,
V001092,C00258,2025-11-04,organic_search,P013,Bright Organizer 13,true,true,true,412,LOYALTY10,T005658,
V001093,C00669,2025-05-05,direct,P012,Essential Bag 12,true,true,true,25,,T002375,
V001094,C00723,2025-07-01,organic_search,P011,Urban Bottle 11,true,false,false,62,,,
V001095,C00137,2025-10-11,email,P008,Modern Serum 08,true,false,false,148,,,
V001096,C00490,2025-11-12,paid_search,P006,Active Mat 06,true,false,false,52,,,
V001097,C00057,2025-01-03,organic_search,P020,Essential Bag 20,true,false,false,32,,,
V001098,C00758,2025-04-19,email,P010,Pure Band 10,true,true,false,96,,,
V001099,C00854,2025-12-23,paid_search,P029,Bright Organizer 29,true,false,false,19,WELCOME5,,
V001100,C00609,2025-08-06,email,P014,Active Mat 14,true,false,false,43,WELCOME5,,
V001101,C00465,2025-10-04,email,P005,Bright Organizer 05,true,false,false,50,,,
V001102,C00131,2025-10-28,email,P026,Pure Band 26,true,false,false,23,,,
V001103,C00515,2025-02-16,organic_search,P025,Daily Lamp 25,true,false,false,78,,,
V001104,C00305,2025-05-18,organic_search,P004,Essential Bag 04,true,false,false,130,,,
V001105,C00742,2025-12-07,direct,P003,Urban Bottle 03,true,false,true,130,,T006207,
V001106,C00180,2025-04-23,paid_search,P013,Bright Organizer 13,true,false,false,61,WELCOME5,,
V001107,C00152,2025-12-03,direct,P027,Urban Bottle 27,true,false,false,56,,,
V001108,C00874,2025-12-22,social,P014,Active Mat 14,false,false,false,44,WEEKEND15,,
V001109,C00447,2025-09-12,referral,P028,Essential Bag 28,true,false,false,44,,,
V001110,C00240,2025-10-28,paid_search,P029,Bright Organizer 29,true,false,false,72,,,
V001111,C00129,2025-07-19,paid_search,P001,Daily Lamp 01,true,false,false,28,,,
V001112,C00508,2025-04-29,paid_search,P009,Daily Lamp 09,true,false,false,71,,,
V001113,C00739,2025-06-25,direct,P026,Pure Band 26,true,false,false,18,,,
V001114,C00055,2025-11-01,direct,P020,Essential Bag 20,true,false,false,13,LOYALTY10,,
V001115,C00232,2025-04-10,social,P009,Daily Lamp 09,true,false,false,24,,,
V001116,C00712,2025-05-21,social,P029,Bright Organizer 29,true,false,false,28,,,
V001117,C00796,2025-06-15,paid_search,P029,Bright Organizer 29,true,false,false,70,,,
V001118,C00468,2025-06-08,paid_search,P002,Pure Band 02,true,false,false,58,,,
V001119,C00653,2025-11-29,direct,P004,Essential Bag 04,false,false,false,88,,,
V001120,C00815,2025-11-06,social,P024,Modern Serum 24,true,false,false,51,,,
V001121,C00141,2025-02-03,direct,P017,Daily Lamp 17,true,false,false,14,,,
V001122,C00260,2025-12-04,direct,P025,Daily Lamp 25,true,false,false,51,,,
V001123,C00824,2025-03-09,email,P005,Bright Organizer 05,true,false,true,301,,T001254,
V001124,C00964,2025-10-20,organic_search,P006,Active Mat 06,false,false,false,78,,,
V001125,C00911,2025-09-20,paid_search,P023,Calm Cream 23,false,false,false,27,,,
V001126,C00946,2025-04-18,direct,P003,Urban Bottle 03,true,false,false,46,,,
V001127,C00347,2025-04-13,organic_search,P018,Pure Band 18,true,false,false,31,,,
V001128,C00343,2025-08-01,organic_search,P006,Active Mat 06,true,false,false,177,,,
V001129,C00739,2025-08-29,organic_search,P003,Urban Bottle 03,true,false,false,49,,,
V001130,C00587,2025-05-12,paid_search,P011,Urban Bottle 11,true,false,false,31,,,
V001131,C00262,2025-02-21,email,P011,Urban Bottle 11,true,false,false,36,,,
V001132,C00948,2025-07-05,organic_search,P023,Calm Cream 23,true,false,false,49,,,
V001133,C00350,2025-10-11,organic_search,P012,Essential Bag 12,true,false,false,181,,,
V001134,C00980,2025-11-27,organic_search,P030,Active Mat 30,false,false,false,30,,,
V001135,C00359,2025-09-17,referral,P026,Pure Band 26,true,false,false,135,,,
V001136,C00495,2025-04-26,social,P004,Essential Bag 04,false,false,false,28,,,
V001137,C00591,2025-04-27,organic_search,P011,Urban Bottle 11,true,false,false,33,,,
V001138,C00626,2025-07-09,organic_search,P026,Pure Band 26,true,false,false,79,,,
V001139,C00643,2025-03-01,referral,P026,Pure Band 26,true,false,true,36,,T001119,
V001140,C00197,2025-02-14,social,P006,Active Mat 06,true,false,false,58,,,
V001141,C00901,2025-02-15,paid_search,P024,Modern Serum 24,true,false,false,41,,,
V001142,C00110,2025-03-13,organic_search,P012,Essential Bag 12,true,true,false,100,,,
V001143,C00705,2025-11-13,referral,P018,Pure Band 18,false,false,false,76,,,
V001144,C00414,2025-02-06,email,P028,Essential Bag 28,true,false,false,47,,,
V001145,C00438,2025-06-06,paid_search,P012,Essential Bag 12,true,true,false,69,,,
V001146,C00598,2025-04-18,social,P004,Essential Bag 04,true,false,false,165,,,
V001147,C00346,2025-03-20,paid_search,P023,Calm Cream 23,true,true,false,61,LOYALTY10,,
V001148,C00234,2025-08-15,direct,P007,Calm Cream 07,true,false,false,104,,,
V001149,C00696,2025-10-25,organic_search,P028,Essential Bag 28,true,false,false,83,,,
V001150,C00723,2025-05-14,paid_search,P028,Essential Bag 28,true,false,false,26,,,
V001151,C00329,2025-03-02,organic_search,P005,Bright Organizer 05,true,false,false,11,,,
V001152,C00606,2025-03-16,referral,P010,Pure Band 10,true,false,false,25,WELCOME5,,
V001153,C00045,2025-12-31,email,P016,Modern Serum 16,false,false,false,26,,,
V001154,C00687,2025-08-18,email,P016,Modern Serum 16,true,false,false,102,,,
V001155,C00602,2025-07-21,paid_search,P027,Urban Bottle 27,true,false,false,176,,,
V001156,C00319,2025-08-05,organic_search,P011,Urban Bottle 11,true,true,false,74,WEEKEND15,,
V001157,C00185,2025-11-25,social,P017,Daily Lamp 17,true,true,true,224,,T006023,
V001158,C00096,2025-09-16,organic_search,P021,Bright Organizer 21,true,false,true,175,,T004846,
V001159,C00667,2025-06-22,email,P024,Modern Serum 24,true,false,false,8,,,
V001160,C00024,2025-01-08,paid_search,P027,Urban Bottle 27,true,false,false,19,,,
V001161,C00154,2025-04-17,direct,P022,Active Mat 22,true,false,false,38,,,
V001162,C00362,2025-03-27,email,P004,Essential Bag 04,true,false,false,37,,,
V001163,C00145,2025-01-06,paid_search,P016,Modern Serum 16,true,false,false,87,,,
V001164,C00691,2025-09-06,referral,P005,Bright Organizer 05,true,false,false,261,,,
V001165,C00330,2025-06-18,email,P027,Urban Bottle 27,true,false,false,98,LOYALTY10,,
V001166,C00248,2025-12-03,direct,P029,Bright Organizer 29,true,false,false,205,,,
V001167,C00327,2025-08-06,direct,P005,Bright Organizer 05,true,false,false,132,,,
V001168,C00999,2025-07-20,paid_search,P005,Bright Organizer 05,false,false,false,315,,,
V001169,C00716,2025-10-23,direct,P002,Pure Band 02,true,false,false,133,WELCOME5,,
V001170,C00439,2025-05-10,email,P002,Pure Band 02,true,false,false,196,,,
V001171,C00927,2025-07-20,paid_search,P025,Daily Lamp 25,true,false,false,151,,,
V001172,C00212,2025-11-19,organic_search,P029,Bright Organizer 29,true,false,false,268,,,
V001173,C00413,2025-01-15,referral,P023,Calm Cream 23,true,false,false,33,WELCOME5,,
V001174,C00536,2025-02-06,social,P007,Calm Cream 07,true,false,false,37,WELCOME5,,
V001175,C00136,2025-02-11,paid_search,P021,Bright Organizer 21,true,false,false,56,WELCOME5,,
V001176,C00866,2025-06-07,direct,P004,Essential Bag 04,true,false,false,76,,,
V001177,C00607,2025-01-14,social,P017,Daily Lamp 17,true,false,false,135,,,
V001178,C00604,2025-11-04,paid_search,P030,Active Mat 30,true,false,false,51,,,
V001179,C00908,2025-09-29,paid_search,P002,Pure Band 02,true,false,false,27,WEEKEND15,,
V001180,C00005,2025-11-04,organic_search,P022,Active Mat 22,true,true,false,31,,,
V001181,C00123,2025-01-24,paid_search,P014,Active Mat 14,true,false,false,126,,,
V001182,C00758,2025-08-30,organic_search,P023,Calm Cream 23,false,false,false,42,,,
V001183,C00326,2025-05-05,email,P022,Active Mat 22,true,false,false,33,,,
V001184,C00069,2025-01-23,email,P024,Modern Serum 24,true,true,false,123,,,
V001185,C00562,2025-07-06,direct,P026,Pure Band 26,true,false,true,12,,T003564,
V001186,C00351,2025-04-22,organic_search,P026,Pure Band 26,true,false,false,24,,,
V001187,C00731,2025-03-08,referral,P029,Bright Organizer 29,true,true,false,92,,,
V001188,C00135,2025-09-15,direct,P023,Calm Cream 23,true,false,false,19,,,
V001189,C00580,2025-12-20,email,P025,Daily Lamp 25,true,false,false,204,,,
V001190,C00214,2025-03-22,direct,P006,Active Mat 06,true,true,false,242,,,
V001191,C00512,2025-11-19,email,P023,Calm Cream 23,true,true,false,194,,,
V001192,C00303,2025-12-19,social,P014,Active Mat 14,false,false,false,87,,,
V001193,C00036,2025-02-05,social,P025,Daily Lamp 25,true,true,false,35,,,
V001194,C00149,2025-07-14,organic_search,P020,Essential Bag 20,true,false,false,41,LOYALTY10,,
V001195,C00249,2025-11-20,social,P028,Essential Bag 28,true,false,false,97,,,
V001196,C00909,2025-08-23,email,P011,Urban Bottle 11,true,false,false,159,WEEKEND15,,
V001197,C00250,2025-02-09,paid_search,P009,Daily Lamp 09,true,false,true,89,,T000741,
V001198,C00128,2025-11-19,organic_search,P002,Pure Band 02,true,false,false,274,,,
V001199,C00449,2025-11-05,paid_search,P025,Daily Lamp 25,true,false,false,6,,,
V001200,C00797,2025-02-04,direct,P021,Bright Organizer 21,true,false,false,14,,,
V001201,C00556,2025-09-05,organic_search,P007,Calm Cream 07,true,false,false,5,,,
V001202,C00090,2025-11-06,email,P027,Urban Bottle 27,true,false,false,19,WELCOME5,,
V001203,C00881,2025-05-16,organic_search,P009,Daily Lamp 09,true,false,false,334,,,
V001204,C00614,2025-12-17,paid_search,P016,Modern Serum 16,false,false,false,64,,,
V001205,C00135,2025-06-13,direct,P014,Active Mat 14,true,false,false,67,,,
V001206,C00059,2025-07-18,organic_search,P010,Pure Band 10,true,false,false,28,,,
V001207,C00160,2025-03-09,social,P028,Essential Bag 28,true,false,false,94,,,
V001208,C00372,2025-04-27,email,P026,Pure Band 26,true,false,false,102,,,
V001209,C00622,2025-06-26,organic_search,P001,Daily Lamp 01,true,false,false,50,,,
V001210,C00706,2025-12-30,organic_search,P029,Bright Organizer 29,true,true,false,62,,,
V001211,C00269,2025-11-10,email,P013,Bright Organizer 13,true,false,false,73,WELCOME5,,
V001212,C00873,2025-03-19,direct,P003,Urban Bottle 03,true,false,false,213,,,
V001213,C00658,2025-03-14,organic_search,P006,Active Mat 06,true,false,false,30,,,
V001214,C00062,2025-08-23,paid_search,P010,Pure Band 10,true,false,false,65,LOYALTY10,,
V001215,C00575,2025-04-29,email,P025,Daily Lamp 25,true,false,false,12,,,
V001216,C00962,2025-11-24,social,P014,Active Mat 14,false,false,false,19,,,
V001217,C00940,2025-07-12,organic_search,P026,Pure Band 26,true,false,false,93,,,
V001218,C00353,2025-05-16,referral,P025,Daily Lamp 25,true,true,false,54,,,
V001219,C00258,2025-11-16,paid_search,P019,Urban Bottle 19,true,true,false,5,,,
V001220,C00779,2025-01-08,social,P002,Pure Band 02,true,false,false,77,WELCOME5,,
V001221,C00206,2025-05-12,email,P023,Calm Cream 23,true,false,false,48,,,
V001222,C00150,2025-02-01,direct,P016,Modern Serum 16,true,false,false,41,WEEKEND15,,
V001223,C00314,2025-05-18,email,P005,Bright Organizer 05,true,false,true,63,,T002636,
V001224,C00092,2025-11-13,organic_search,P006,Active Mat 06,true,false,false,56,,,
V001225,C00092,2025-12-16,organic_search,P028,Essential Bag 28,true,false,false,21,WEEKEND15,,
V001226,C00805,2025-08-18,organic_search,P011,Urban Bottle 11,true,false,false,19,,,
V001227,C00793,2025-08-20,social,P026,Pure Band 26,true,false,false,60,,,
V001228,C00373,2025-02-02,social,P009,Daily Lamp 09,true,false,false,28,,,
V001229,C00555,2025-12-05,organic_search,P027,Urban Bottle 27,true,false,false,82,,,
V001230,C00854,2025-11-11,email,P005,Bright Organizer 05,true,false,false,103,,,
V001231,C00203,2025-04-09,organic_search,P009,Daily Lamp 09,true,false,false,10,,,
V001232,C00508,2025-09-02,organic_search,P024,Modern Serum 24,true,false,false,33,,,
V001233,C00765,2025-02-16,social,P008,Modern Serum 08,true,false,true,37,,T000866,
V001234,C00384,2025-02-14,organic_search,P004,Essential Bag 04,true,false,false,41,,,
V001235,C00586,2025-01-07,paid_search,P027,Urban Bottle 27,true,false,false,33,WELCOME5,,
V001236,C00834,2025-05-02,direct,P026,Pure Band 26,true,false,false,63,,,
V001237,C00757,2025-09-23,social,P025,Daily Lamp 25,true,false,false,36,,,
V001238,C00462,2025-11-19,paid_search,P009,Daily Lamp 09,true,false,false,41,LOYALTY10,,
V001239,C00697,2025-08-29,paid_search,P006,Active Mat 06,false,false,false,110,,,
V001240,C00329,2025-04-07,paid_search,P022,Active Mat 22,true,false,false,43,WELCOME5,,
V001241,C00801,2025-03-09,direct,P016,Modern Serum 16,true,false,false,13,,,
V001242,C00565,2025-10-07,direct,P015,Calm Cream 15,true,false,false,174,WELCOME5,,
V001243,C00581,2025-05-17,paid_search,P030,Active Mat 30,true,false,false,14,,,
V001244,C00419,2025-10-17,referral,P005,Bright Organizer 05,true,false,false,47,WEEKEND15,,
V001245,C00119,2025-12-30,organic_search,P021,Bright Organizer 21,true,false,false,17,,,
V001246,C00450,2025-12-27,direct,P010,Pure Band 10,true,false,true,48,,T006505,
V001247,C00822,2025-02-13,email,P023,Calm Cream 23,true,false,false,56,,,
V001248,C00866,2025-04-05,direct,P005,Bright Organizer 05,true,true,true,107,,T001803,
V001249,C00495,2025-10-16,email,P018,Pure Band 18,true,false,false,53,WEEKEND15,,
V001250,C00147,2025-08-04,email,P024,Modern Serum 24,true,false,false,128,WELCOME5,,
V001251,C00480,2025-07-14,direct,P004,Essential Bag 04,true,false,false,35,,,
V001252,C00027,2025-07-20,direct,P026,Pure Band 26,true,false,false,13,,,
V001253,C00688,2025-03-12,direct,P026,Pure Band 26,true,false,false,138,WEEKEND15,,
V001254,C00499,2025-01-21,organic_search,P025,Daily Lamp 25,true,false,false,26,,,
V001255,C00355,2025-08-02,paid_search,P002,Pure Band 02,true,false,false,38,,,
V001256,C00118,2025-12-09,social,P029,Bright Organizer 29,true,true,true,169,,T006231,
V001257,C00222,2025-08-08,social,P004,Essential Bag 04,true,false,false,78,,,
V001258,C00158,2025-05-09,social,P023,Calm Cream 23,true,false,false,55,,,
V001259,C00911,2025-10-05,referral,P020,Essential Bag 20,true,false,false,99,LOYALTY10,,
V001260,C00643,2025-02-05,direct,P008,Modern Serum 08,true,false,false,27,,,
V001261,C00110,2025-01-01,direct,P002,Pure Band 02,true,true,true,379,WELCOME5,T000006,
V001262,C00784,2025-07-23,organic_search,P028,Essential Bag 28,true,false,false,22,,,
V001263,C00912,2025-11-13,direct,P017,Daily Lamp 17,true,false,false,26,,,
V001264,C00308,2025-03-30,social,P014,Active Mat 14,true,false,false,43,,,
V001265,C00894,2025-11-02,email,P030,Active Mat 30,true,false,false,28,LOYALTY10,,
V001266,C00344,2025-10-10,email,P002,Pure Band 02,true,false,false,35,,,
V001267,C00942,2025-12-25,social,P020,Essential Bag 20,true,false,false,29,,,
V001268,C00083,2025-11-29,paid_search,P017,Daily Lamp 17,true,false,false,59,,,
V001269,C00682,2025-12-22,paid_search,P009,Daily Lamp 09,true,true,false,39,,,
V001270,C00018,2025-12-15,paid_search,P013,Bright Organizer 13,true,false,false,73,,,
V001271,C00053,2025-10-01,organic_search,P024,Modern Serum 24,true,true,false,151,WELCOME5,,
V001272,C00577,2025-03-15,organic_search,P005,Bright Organizer 05,true,false,false,114,,,
V001273,C00841,2025-07-27,organic_search,P029,Bright Organizer 29,true,true,false,126,,,
V001274,C00201,2025-02-23,organic_search,P024,Modern Serum 24,true,false,true,68,,T001005,
V001275,C00113,2025-04-15,email,P019,Urban Bottle 19,true,false,false,54,WEEKEND15,,
V001276,C00705,2025-12-23,social,P013,Bright Organizer 13,true,false,false,36,LOYALTY10,,
V001277,C00690,2025-02-10,paid_search,P030,Active Mat 30,true,false,false,50,,,
V001278,C00774,2025-10-08,social,P029,Bright Organizer 29,true,false,false,138,,,
V001279,C00629,2025-11-11,paid_search,P010,Pure Band 10,true,true,false,31,,,
V001280,C00545,2025-11-22,paid_search,P006,Active Mat 06,false,false,false,24,,,
V001281,C00094,2025-01-17,direct,P016,Modern Serum 16,true,true,false,105,WELCOME5,,
V001282,C00676,2025-05-23,direct,P029,Bright Organizer 29,true,true,true,64,WEEKEND15,T002738,
V001283,C00718,2025-03-03,paid_search,P011,Urban Bottle 11,true,false,false,65,WEEKEND15,,
V001284,C00942,2025-07-29,social,P019,Urban Bottle 19,true,true,false,104,WEEKEND15,,
V001285,C00943,2025-12-23,social,P017,Daily Lamp 17,true,false,false,856,,,
V001286,C00294,2025-01-09,social,P006,Active Mat 06,true,true,false,55,,,
V001287,C00622,2025-01-26,organic_search,P001,Daily Lamp 01,true,false,false,111,,,
V001288,C00915,2025-05-24,direct,P028,Essential Bag 28,true,false,false,49,,,
V001289,C00298,2025-07-15,organic_search,P019,Urban Bottle 19,true,true,false,236,,,
V001290,C00477,2025-05-09,paid_search,P003,Urban Bottle 03,true,false,false,63,,,
V001291,C00623,2025-01-05,organic_search,P013,Bright Organizer 13,true,false,false,25,,,
V001292,C00187,2025-04-29,social,P030,Active Mat 30,true,false,false,41,,,
V001293,C00380,2025-11-18,email,P026,Pure Band 26,true,false,false,10,,,
V001294,C00039,2025-09-06,paid_search,P013,Bright Organizer 13,true,false,false,57,,,
V001295,C00727,2025-11-18,social,P019,Urban Bottle 19,false,false,false,77,,,
V001296,C00545,2025-10-07,direct,P013,Bright Organizer 13,true,true,false,88,,,
V001297,C00982,2025-04-19,organic_search,P019,Urban Bottle 19,true,false,false,50,,,
V001298,C00413,2025-05-30,paid_search,P001,Daily Lamp 01,false,false,false,32,,,
V001299,C00743,2025-02-15,paid_search,P023,Calm Cream 23,true,false,false,64,,,
V001300,C00593,2025-08-02,social,P025,Daily Lamp 25,true,false,false,87,WELCOME5,,
V001301,C00679,2025-09-20,organic_search,P023,Calm Cream 23,false,false,false,54,,,
V001302,C00986,2025-09-19,email,P029,Bright Organizer 29,true,false,false,40,,,
V001303,C00725,2025-06-23,direct,P001,Daily Lamp 01,true,false,false,50,,,
V001304,C00307,2025-03-13,paid_search,P016,Modern Serum 16,true,false,false,33,,,
V001305,C00595,2025-10-20,referral,P012,Essential Bag 12,false,false,false,82,,,
V001306,C00542,2025-12-04,organic_search,P030,Active Mat 30,true,false,false,53,,,
V001307,C00329,2025-11-10,paid_search,P001,Daily Lamp 01,true,false,false,53,,,
V001308,C00042,2025-07-10,paid_search,P029,Bright Organizer 29,true,true,false,243,,,
V001309,C00921,2025-03-03,paid_search,P003,Urban Bottle 03,true,false,false,61,,,
V001310,C00010,2025-08-06,paid_search,P006,Active Mat 06,true,false,false,108,,,
V001311,C00269,2025-02-24,social,P006,Active Mat 06,true,true,false,31,WELCOME5,,
V001312,C00808,2025-02-22,referral,P011,Urban Bottle 11,true,false,false,234,,,
V001313,C00622,2025-09-06,organic_search,P014,Active Mat 14,true,false,true,128,LOYALTY10,T004661,
V001314,C00864,2025-07-14,email,P008,Modern Serum 08,true,false,false,60,LOYALTY10,,
V001315,C00192,2025-06-01,email,P026,Pure Band 26,true,true,true,67,,T002897,
V001316,C00877,2025-06-26,social,P016,Modern Serum 16,true,false,false,88,,,
V001317,C00575,2025-08-22,social,P020,Essential Bag 20,true,false,false,85,,,
V001318,C00471,2025-10-16,social,P007,Calm Cream 07,true,false,false,40,,,
V001319,C00334,2025-04-13,social,P002,Pure Band 02,true,false,false,49,WELCOME5,,
V001320,C00422,2025-10-18,organic_search,P013,Bright Organizer 13,true,true,true,578,,T005394,
V001321,C00684,2025-07-09,organic_search,P014,Active Mat 14,true,true,false,377,,,
V001322,C00316,2025-06-16,organic_search,P021,Bright Organizer 21,true,false,false,87,,,
V001323,C00563,2025-07-10,social,P023,Calm Cream 23,true,false,false,10,,,
V001324,C00901,2025-10-08,social,P023,Calm Cream 23,true,false,false,66,,,
V001325,C00268,2025-10-11,referral,P011,Urban Bottle 11,true,false,false,50,,,
V001326,C00747,2025-10-15,email,P007,Calm Cream 07,true,false,false,12,,,
V001327,C00524,2025-08-10,email,P007,Calm Cream 07,true,false,false,15,WELCOME5,,
V001328,C00091,2025-05-04,direct,P021,Bright Organizer 21,true,false,false,12,,,
V001329,C00760,2025-05-18,organic_search,P018,Pure Band 18,true,false,false,26,,,
V001330,C00612,2025-09-01,social,P024,Modern Serum 24,true,false,false,10,,,
V001331,C00148,2025-12-15,social,P009,Daily Lamp 09,true,false,false,41,,,
V001332,C00653,2025-08-14,referral,P019,Urban Bottle 19,true,false,false,41,,,
V001333,C00838,2025-10-03,direct,P018,Pure Band 18,true,true,false,46,,,
V001334,C00321,2025-12-26,direct,P006,Active Mat 06,false,false,false,52,,,
V001335,C00069,2025-03-14,direct,P029,Bright Organizer 29,true,false,false,43,,,
V001336,C00678,2025-05-18,paid_search,P010,Pure Band 10,true,false,false,99,,,
V001337,C00266,2025-12-23,email,P005,Bright Organizer 05,false,false,false,42,,,
V001338,C00922,2025-12-08,paid_search,P025,Daily Lamp 25,true,false,false,50,,,
V001339,C00726,2025-03-08,email,P023,Calm Cream 23,true,false,false,7,WEEKEND15,,
V001340,C00700,2025-08-08,social,P001,Daily Lamp 01,true,true,true,177,WEEKEND15,T004154,
V001341,C00212,2025-04-25,email,P007,Calm Cream 07,true,true,false,74,,,
V001342,C00798,2025-04-10,direct,P018,Pure Band 18,true,false,true,164,,T001919,
V001343,C00286,2025-10-15,paid_search,P012,Essential Bag 12,false,false,false,31,,,
V001344,C00583,2025-07-04,paid_search,P028,Essential Bag 28,true,false,false,42,,,
V001345,C00009,2025-06-26,organic_search,P010,Pure Band 10,true,false,false,43,,,
V001346,C00064,2025-05-28,direct,P013,Bright Organizer 13,true,true,false,50,,,
V001347,C00423,2025-08-01,social,P017,Daily Lamp 17,true,false,false,18,,,
V001348,C00992,2025-07-19,organic_search,P021,Bright Organizer 21,true,false,false,21,,,
V001349,C00557,2025-10-25,paid_search,P011,Urban Bottle 11,false,false,false,115,,,
V001350,C00971,2025-11-12,social,P004,Essential Bag 04,true,false,false,218,,,
V001351,C00578,2025-03-14,social,P001,Daily Lamp 01,true,true,false,45,,,
V001352,C00329,2025-09-19,social,P017,Daily Lamp 17,true,false,false,107,,,
V001353,C00082,2025-12-12,social,P014,Active Mat 14,true,false,false,34,,,
V001354,C00128,2025-08-23,organic_search,P026,Pure Band 26,true,true,false,170,,,
V001355,C00850,2025-10-17,paid_search,P027,Urban Bottle 27,true,false,false,79,,,
V001356,C00894,2025-07-03,paid_search,P024,Modern Serum 24,true,true,false,213,,,
V001357,C00474,2025-05-17,direct,P030,Active Mat 30,true,false,false,129,,,
V001358,C00818,2025-11-18,social,P025,Daily Lamp 25,true,true,false,96,,,
V001359,C00413,2025-07-30,direct,P003,Urban Bottle 03,true,false,false,71,,,
V001360,C00594,2025-07-22,email,P029,Bright Organizer 29,true,false,true,719,,T003849,
V001361,C00479,2025-12-21,organic_search,P021,Bright Organizer 21,true,true,true,246,,T006426,
V001362,C00990,2025-09-28,social,P012,Essential Bag 12,false,false,false,107,,,
V001363,C00075,2025-08-17,organic_search,P021,Bright Organizer 21,true,false,false,17,,,
V001364,C00575,2025-07-23,organic_search,P016,Modern Serum 16,true,true,false,42,WEEKEND15,,
V001365,C00129,2025-10-09,paid_search,P021,Bright Organizer 21,true,false,true,32,,T005221,
V001366,C00120,2025-10-14,paid_search,P012,Essential Bag 12,false,false,false,166,,,
V001367,C00676,2025-06-12,social,P009,Daily Lamp 09,true,false,false,73,,,
V001368,C00674,2025-08-05,social,P014,Active Mat 14,true,false,false,137,WEEKEND15,,
V001369,C00491,2025-04-19,paid_search,P010,Pure Band 10,true,false,false,51,,,
V001370,C00604,2025-05-14,paid_search,P009,Daily Lamp 09,true,false,false,10,WELCOME5,,
V001371,C00605,2025-10-11,organic_search,P003,Urban Bottle 03,true,false,false,123,,,
V001372,C00687,2025-08-16,social,P012,Essential Bag 12,true,false,true,79,,T004326,
V001373,C00170,2025-02-01,email,P019,Urban Bottle 19,true,false,false,68,,,
V001374,C00506,2025-11-16,referral,P022,Active Mat 22,true,true,false,39,,,
V001375,C00392,2025-05-21,email,P026,Pure Band 26,true,false,false,95,,,
V001376,C00539,2025-06-02,social,P018,Pure Band 18,true,true,false,162,,,
V001377,C00694,2025-06-30,organic_search,P018,Pure Band 18,true,true,false,309,,,
V001378,C00336,2025-06-11,organic_search,P012,Essential Bag 12,true,false,false,296,LOYALTY10,,
V001379,C00467,2025-12-22,email,P018,Pure Band 18,false,false,false,21,,,
V001380,C00533,2025-03-27,social,P006,Active Mat 06,true,true,false,219,,,
V001381,C00400,2025-11-04,email,P008,Modern Serum 08,true,false,true,258,,T005651,
V001382,C00665,2025-03-06,social,P007,Calm Cream 07,true,true,false,43,,,
V001383,C00567,2025-05-26,paid_search,P023,Calm Cream 23,true,false,false,57,,,
V001384,C00367,2025-07-30,paid_search,P026,Pure Band 26,true,false,false,51,LOYALTY10,,
V001385,C00841,2025-06-04,organic_search,P013,Bright Organizer 13,true,true,false,575,,,
V001386,C00750,2025-05-07,organic_search,P027,Urban Bottle 27,true,false,false,43,,,
V001387,C00804,2025-06-25,social,P025,Daily Lamp 25,true,false,false,64,,,
V001388,C00489,2025-07-21,social,P001,Daily Lamp 01,true,false,false,77,,,
V001389,C00278,2025-09-27,social,P029,Bright Organizer 29,true,true,false,126,,,
V001390,C00766,2025-06-29,direct,P002,Pure Band 02,true,false,false,28,LOYALTY10,,
V001391,C00340,2025-04-06,social,P012,Essential Bag 12,true,false,false,21,,,
V001392,C00965,2025-11-23,social,P001,Daily Lamp 01,true,false,false,38,,,
V001393,C00993,2025-06-08,organic_search,P018,Pure Band 18,true,false,false,109,,,
V001394,C00112,2025-05-07,social,P026,Pure Band 26,true,false,false,87,,,
V001395,C00870,2025-11-19,email,P002,Pure Band 02,true,false,false,55,,,
V001396,C00700,2025-08-16,paid_search,P009,Daily Lamp 09,true,false,false,80,,,
V001397,C00639,2025-06-22,email,P020,Essential Bag 20,true,false,false,24,,,
V001398,C00214,2025-09-03,organic_search,P018,Pure Band 18,true,false,false,35,,,
V001399,C00912,2025-02-02,organic_search,P024,Modern Serum 24,true,false,false,13,WELCOME5,,
V001400,C00091,2025-08-20,email,P006,Active Mat 06,true,false,false,54,,,
V001401,C00535,2025-09-02,organic_search,P002,Pure Band 02,true,false,false,45,,,
V001402,C00227,2025-12-28,organic_search,P016,Modern Serum 16,false,false,false,50,,,
V001403,C00118,2025-05-21,social,P019,Urban Bottle 19,true,false,false,69,,,
V001404,C00481,2025-12-14,organic_search,P025,Daily Lamp 25,true,false,false,51,,,
V001405,C00606,2025-06-03,organic_search,P018,Pure Band 18,true,false,false,70,,,
V001406,C00007,2025-04-16,organic_search,P004,Essential Bag 04,true,false,false,20,,,
V001407,C00743,2025-11-25,organic_search,P017,Daily Lamp 17,true,true,false,96,,,
V001408,C00407,2025-06-11,social,P003,Urban Bottle 03,true,false,false,113,,,
V001409,C00538,2025-02-11,paid_search,P001,Daily Lamp 01,true,true,false,36,,,
V001410,C00160,2025-09-06,paid_search,P024,Modern Serum 24,true,false,false,107,,,
V001411,C00777,2025-08-17,direct,P001,Daily Lamp 01,false,false,false,18,LOYALTY10,,
V001412,C00941,2025-09-21,organic_search,P016,Modern Serum 16,false,false,false,70,,,
V001413,C00971,2025-06-21,social,P025,Daily Lamp 25,true,false,false,54,,,
V001414,C00611,2025-09-28,social,P028,Essential Bag 28,true,false,false,208,,,
V001415,C00063,2025-06-20,direct,P001,Daily Lamp 01,true,false,false,61,WELCOME5,,
V001416,C00349,2025-04-22,social,P027,Urban Bottle 27,true,false,false,74,,,
V001417,C00766,2025-02-01,organic_search,P022,Active Mat 22,true,false,false,98,WELCOME5,,
V001418,C00957,2025-03-23,paid_search,P010,Pure Band 10,true,true,false,148,,,
V001419,C00873,2025-03-31,paid_search,P017,Daily Lamp 17,true,false,false,109,,,
V001420,C00706,2025-06-18,paid_search,P012,Essential Bag 12,true,false,false,144,,,
V001421,C00771,2025-11-07,paid_search,P002,Pure Band 02,true,false,false,13,,,
V001422,C00317,2025-02-02,direct,P011,Urban Bottle 11,true,false,false,76,LOYALTY10,,
V001423,C00763,2025-04-26,organic_search,P020,Essential Bag 20,true,false,false,47,,,
V001424,C00732,2025-12-01,organic_search,P018,Pure Band 18,true,true,false,202,,,
V001425,C00506,2025-06-06,direct,P028,Essential Bag 28,true,false,false,15,,,
V001426,C00820,2025-05-26,direct,P009,Daily Lamp 09,true,true,false,43,,,
V001427,C00906,2025-05-02,organic_search,P002,Pure Band 02,true,false,false,57,,,
V001428,C00856,2025-02-07,social,P010,Pure Band 10,true,false,false,144,,,
V001429,C00216,2025-02-18,direct,P013,Bright Organizer 13,true,false,true,36,WEEKEND15,T000908,
V001430,C00725,2025-04-08,direct,P018,Pure Band 18,true,false,true,27,,T001868,
V001431,C00229,2025-02-19,paid_search,P017,Daily Lamp 17,true,false,false,14,WEEKEND15,,
V001432,C00219,2025-07-13,social,P023,Calm Cream 23,true,true,true,74,,T003691,
V001433,C00680,2025-05-07,paid_search,P022,Active Mat 22,true,false,false,212,,,
V001434,C00737,2025-03-03,social,P030,Active Mat 30,true,false,false,38,WEEKEND15,,
V001435,C00980,2025-08-07,organic_search,P011,Urban Bottle 11,true,false,false,119,,,
V001436,C00223,2025-06-14,direct,P028,Essential Bag 28,true,false,false,24,,,
V001437,C00681,2025-06-09,email,P026,Pure Band 26,true,false,false,81,,,
V001438,C00536,2025-11-10,organic_search,P022,Active Mat 22,true,false,false,115,LOYALTY10,,
V001439,C00999,2025-02-27,direct,P015,Calm Cream 15,true,false,false,158,,,
V001440,C00400,2025-10-13,direct,P015,Calm Cream 15,true,false,false,64,,,
V001441,C00373,2025-12-02,email,P017,Daily Lamp 17,true,true,true,176,LOYALTY10,T006101,
V001442,C00864,2025-02-07,social,P011,Urban Bottle 11,true,true,false,87,LOYALTY10,,
V001443,C00053,2025-11-08,social,P011,Urban Bottle 11,true,false,false,108,,,
V001444,C00706,2025-01-20,organic_search,P004,Essential Bag 04,true,true,false,177,,,
V001445,C00458,2025-03-20,email,P005,Bright Organizer 05,true,false,false,46,LOYALTY10,,
V001446,C00563,2025-01-27,paid_search,P019,Urban Bottle 19,true,false,false,19,,,
V001447,C00178,2025-02-06,paid_search,P028,Essential Bag 28,true,false,false,73,,,
V001448,C00662,2025-11-09,direct,P010,Pure Band 10,true,false,false,31,WELCOME5,,
V001449,C00736,2025-09-19,social,P030,Active Mat 30,true,false,false,21,LOYALTY10,,
V001450,C00489,2025-05-27,organic_search,P004,Essential Bag 04,false,false,false,35,WELCOME5,,
V001451,C00892,2025-05-19,organic_search,P001,Daily Lamp 01,false,false,false,51,,,
V001452,C00433,2025-04-29,paid_search,P022,Active Mat 22,true,false,false,24,,,
V001453,C00903,2025-06-02,organic_search,P023,Calm Cream 23,true,false,false,118,,,
V001454,C00846,2025-11-18,referral,P003,Urban Bottle 03,true,false,false,52,,,
V001455,C00705,2025-09-16,referral,P014,Active Mat 14,false,false,false,61,,,
V001456,C00335,2025-05-20,email,P001,Daily Lamp 01,false,false,false,26,,,
V001457,C00606,2025-08-29,direct,P030,Active Mat 30,true,false,false,334,,,
V001458,C00603,2025-08-13,direct,P029,Bright Organizer 29,true,false,false,28,LOYALTY10,,
V001459,C00060,2025-03-22,paid_search,P022,Active Mat 22,true,false,false,55,,,
V001460,C00305,2025-02-07,direct,P023,Calm Cream 23,true,false,false,36,,,
V001461,C00765,2025-07-13,organic_search,P014,Active Mat 14,true,true,true,206,,T003683,
V001462,C00952,2025-04-26,direct,P026,Pure Band 26,true,true,false,43,,,
V001463,C00672,2025-05-15,social,P020,Essential Bag 20,true,false,true,92,,T002557,
V001464,C00221,2025-12-11,paid_search,P021,Bright Organizer 21,true,false,false,64,,,
V001465,C00080,2025-05-20,email,P028,Essential Bag 28,true,true,false,118,,,
V001466,C00227,2025-12-29,direct,P012,Essential Bag 12,false,false,false,84,,,
V001467,C00689,2025-06-13,organic_search,P005,Bright Organizer 05,true,false,false,98,,,
V001468,C00064,2025-02-09,organic_search,P017,Daily Lamp 17,true,false,false,52,,,
V001469,C00042,2025-09-17,direct,P030,Active Mat 30,true,false,false,49,,,
V001470,C00653,2025-05-03,paid_search,P023,Calm Cream 23,true,true,false,67,,,
V001471,C00440,2025-01-27,organic_search,P005,Bright Organizer 05,true,false,false,21,,,
V001472,C00779,2025-07-02,email,P025,Daily Lamp 25,true,false,false,67,WEEKEND15,,
V001473,C00221,2025-01-25,social,P007,Calm Cream 07,true,false,false,41,,,
V001474,C00776,2025-12-23,organic_search,P015,Calm Cream 15,true,false,false,29,,,
V001475,C00914,2025-01-21,paid_search,P005,Bright Organizer 05,true,false,false,67,,,
V001476,C00141,2025-06-08,referral,P010,Pure Band 10,true,false,false,75,LOYALTY10,,
V001477,C00508,2025-10-13,social,P028,Essential Bag 28,true,false,false,152,,,
V001478,C00945,2025-06-06,direct,P017,Daily Lamp 17,true,false,false,24,,,
V001479,C00997,2025-07-24,organic_search,P014,Active Mat 14,true,false,false,176,WEEKEND15,,
V001480,C00692,2025-11-13,organic_search,P023,Calm Cream 23,true,false,false,45,,,
V001481,C00414,2025-03-12,organic_search,P030,Active Mat 30,true,false,false,156,,,
V001482,C00983,2025-12-10,direct,P021,Bright Organizer 21,true,false,false,55,WELCOME5,,
V001483,C00095,2025-06-10,email,P019,Urban Bottle 19,true,false,false,18,,,
V001484,C00913,2025-07-25,social,P023,Calm Cream 23,false,false,false,50,,,
V001485,C00054,2025-12-07,paid_search,P009,Daily Lamp 09,true,false,false,40,,,
V001486,C00695,2025-11-26,organic_search,P011,Urban Bottle 11,false,false,false,118,,,
V001487,C00703,2025-03-23,social,P012,Essential Bag 12,true,false,false,33,LOYALTY10,,
V001488,C00470,2025-10-10,email,P028,Essential Bag 28,true,false,false,28,LOYALTY10,,
V001489,C00952,2025-10-30,paid_search,P025,Daily Lamp 25,true,false,false,16,WELCOME5,,
V001490,C00663,2025-12-12,organic_search,P025,Daily Lamp 25,true,true,true,17,,T006293,
V001491,C00441,2025-11-04,organic_search,P020,Essential Bag 20,true,false,false,51,,,
V001492,C00112,2025-11-27,organic_search,P002,Pure Band 02,true,false,false,17,,,
V001493,C00849,2025-12-22,social,P014,Active Mat 14,false,false,false,34,,,
V001494,C00457,2025-12-03,direct,P011,Urban Bottle 11,true,false,false,47,WEEKEND15,,
V001495,C00028,2025-01-12,paid_search,P014,Active Mat 14,true,false,false,62,LOYALTY10,,
V001496,C00580,2025-02-03,social,P006,Active Mat 06,true,true,false,124,,,
V001497,C00055,2025-05-24,organic_search,P010,Pure Band 10,true,true,false,36,,,
V001498,C00430,2025-11-24,social,P017,Daily Lamp 17,true,false,false,5,,,
V001499,C00961,2025-01-17,referral,P006,Active Mat 06,true,false,false,964,,,
V001500,C00655,2025-01-29,email,P018,Pure Band 18,true,false,false,58,WEEKEND15,,
V001501,C00196,2025-02-08,paid_search,P024,Modern Serum 24,true,false,false,31,,,
V001502,C00859,2025-02-26,social,P030,Active Mat 30,true,true,true,267,WEEKEND15,T001066,
V001503,C00815,2025-02-17,organic_search,P026,Pure Band 26,true,false,false,88,LOYALTY10,,
V001504,C00321,2025-06-12,paid_search,P007,Calm Cream 07,true,false,false,17,,,
V001505,C00099,2025-06-03,paid_search,P002,Pure Band 02,true,false,false,113,,,
V001506,C00917,2025-01-28,email,P004,Essential Bag 04,true,false,false,33,WEEKEND15,,
V001507,C00094,2025-02-15,direct,P004,Essential Bag 04,true,false,false,46,,,
V001508,C00745,2025-03-17,referral,P014,Active Mat 14,true,false,false,32,,,
V001509,C00125,2025-03-18,email,P016,Modern Serum 16,true,false,false,86,,,
V001510,C00237,2025-04-26,social,P008,Modern Serum 08,true,false,false,182,,,
V001511,C00497,2025-05-04,organic_search,P029,Bright Organizer 29,true,false,false,64,,,
V001512,C00540,2025-08-03,direct,P011,Urban Bottle 11,true,false,false,96,,,
V001513,C00935,2025-03-17,organic_search,P017,Daily Lamp 17,true,false,false,72,,,
V001514,C00049,2025-03-25,direct,P011,Urban Bottle 11,true,false,false,142,,,
V001515,C00869,2025-08-16,email,P009,Daily Lamp 09,true,false,false,19,,,
V001516,C00017,2025-06-18,paid_search,P027,Urban Bottle 27,true,false,false,52,,,
V001517,C00613,2025-11-14,paid_search,P009,Daily Lamp 09,true,false,false,36,,,
V001518,C00678,2025-02-16,organic_search,P017,Daily Lamp 17,true,false,false,89,,,
V001519,C00609,2025-07-09,paid_search,P017,Daily Lamp 17,true,false,true,157,,T003605,
V001520,C00403,2025-04-19,organic_search,P016,Modern Serum 16,true,true,false,39,WEEKEND15,,
V001521,C00010,2025-11-13,organic_search,P007,Calm Cream 07,true,true,true,252,,T005852,
V001522,C00747,2025-05-25,email,P008,Modern Serum 08,true,true,false,97,,,
V001523,C00559,2025-07-19,organic_search,P003,Urban Bottle 03,true,false,false,268,WELCOME5,,
V001524,C00513,2025-01-28,paid_search,P001,Daily Lamp 01,true,false,false,101,WELCOME5,,
V001525,C00437,2025-03-15,organic_search,P011,Urban Bottle 11,true,false,false,71,LOYALTY10,,
V001526,C00730,2025-06-15,organic_search,P006,Active Mat 06,true,false,false,26,,,
V001527,C00054,2025-01-04,email,P024,Modern Serum 24,true,true,false,606,,,
V001528,C00267,2025-12-27,organic_search,P022,Active Mat 22,true,false,false,22,,,
V001529,C00603,2025-01-23,social,P025,Daily Lamp 25,true,false,false,86,,,
V001530,C00082,2025-10-30,paid_search,P028,Essential Bag 28,true,false,false,13,,,
V001531,C00845,2025-01-02,email,P004,Essential Bag 04,true,false,false,35,,,
V001532,C00974,2025-11-19,email,P008,Modern Serum 08,true,false,false,67,,,
V001533,C00372,2025-07-07,organic_search,P013,Bright Organizer 13,true,false,false,13,WEEKEND15,,
V001534,C00595,2025-07-09,organic_search,P011,Urban Bottle 11,true,false,false,73,,,
V001535,C00181,2025-11-23,social,P003,Urban Bottle 03,true,false,true,76,,T005996,
V001536,C00287,2025-07-24,direct,P006,Active Mat 06,false,false,false,88,,,
V001537,C00009,2025-08-12,social,P018,Pure Band 18,true,false,false,48,,,
V001538,C00381,2025-10-17,referral,P014,Active Mat 14,true,true,false,60,,,
V001539,C00848,2025-07-29,paid_search,P020,Essential Bag 20,true,false,false,107,,,
V001540,C00068,2025-01-23,email,P024,Modern Serum 24,true,false,false,73,,,
V001541,C00163,2025-07-21,social,P027,Urban Bottle 27,true,false,false,23,,,
V001542,C00450,2025-09-26,paid_search,P001,Daily Lamp 01,true,true,false,345,,,
V001543,C00622,2025-08-17,social,P027,Urban Bottle 27,true,false,false,52,,,
V001544,C00976,2025-09-10,organic_search,P017,Daily Lamp 17,true,false,false,43,,,
V001545,C00485,2025-03-27,organic_search,P002,Pure Band 02,true,true,false,146,,,
V001546,C00753,2025-08-08,email,P030,Active Mat 30,true,true,false,14,,,
V001547,C00412,2025-04-16,organic_search,P006,Active Mat 06,true,false,false,33,,,
V001548,C00996,2025-07-11,organic_search,P009,Daily Lamp 09,true,false,false,31,,,
V001549,C00276,2025-04-21,organic_search,P004,Essential Bag 04,true,false,false,44,,,
V001550,C00936,2025-02-12,social,P008,Modern Serum 08,true,false,true,129,WELCOME5,T000792,
V001551,C00178,2025-04-29,organic_search,P010,Pure Band 10,true,false,false,48,,,
V001552,C00875,2025-04-13,email,P009,Daily Lamp 09,true,true,false,143,,,
V001553,C00860,2025-06-23,email,P003,Urban Bottle 03,true,false,false,44,WEEKEND15,,
V001554,C00470,2025-09-09,organic_search,P010,Pure Band 10,true,false,false,26,,,
V001555,C00800,2025-07-29,organic_search,P010,Pure Band 10,true,false,false,25,,,
V001556,C00977,2025-07-21,social,P029,Bright Organizer 29,true,false,false,451,,,
V001557,C00635,2025-04-12,email,P022,Active Mat 22,true,false,false,239,WELCOME5,,
V001558,C00543,2025-10-06,social,P019,Urban Bottle 19,true,false,false,202,,,
V001559,C00533,2025-10-13,email,P028,Essential Bag 28,true,false,false,87,,,
V001560,C00905,2025-01-06,paid_search,P008,Modern Serum 08,true,true,true,200,WEEKEND15,T000098,
V001561,C00802,2025-07-23,direct,P024,Modern Serum 24,true,false,false,30,,,
V001562,C00597,2025-04-21,direct,P028,Essential Bag 28,true,false,false,34,,,
V001563,C00700,2025-09-10,email,P012,Essential Bag 12,true,false,false,110,,,
V001564,C00833,2025-02-25,organic_search,P024,Modern Serum 24,true,true,true,66,LOYALTY10,T001030,
V001565,C00437,2025-02-14,organic_search,P005,Bright Organizer 05,true,true,false,199,,,
V001566,C00770,2025-10-27,organic_search,P014,Active Mat 14,false,false,false,54,,,
V001567,C00599,2025-08-31,organic_search,P002,Pure Band 02,true,false,false,174,,,
V001568,C00760,2025-03-07,organic_search,P004,Essential Bag 04,true,false,false,14,,,
V001569,C00835,2025-11-17,email,P013,Bright Organizer 13,true,false,true,22,,T005901,
V001570,C00122,2025-05-13,social,P011,Urban Bottle 11,true,true,false,147,WEEKEND15,,
V001571,C00834,2025-07-20,paid_search,P029,Bright Organizer 29,true,false,false,46,,,
V001572,C00154,2025-08-20,social,P029,Bright Organizer 29,true,false,false,16,WELCOME5,,
V001573,C00039,2025-05-18,social,P024,Modern Serum 24,true,false,false,79,,,
V001574,C00791,2025-12-29,direct,P003,Urban Bottle 03,true,true,false,149,,,
V001575,C00631,2025-07-08,direct,P014,Active Mat 14,true,false,false,39,,,
V001576,C00084,2025-05-06,direct,P016,Modern Serum 16,true,false,false,64,,,
V001577,C00208,2025-09-01,email,P002,Pure Band 02,true,false,false,87,,,
V001578,C00203,2025-09-24,organic_search,P006,Active Mat 06,false,false,false,47,WELCOME5,,
V001579,C00496,2025-11-18,paid_search,P005,Bright Organizer 05,true,true,false,90,,,
V001580,C00819,2025-03-20,direct,P002,Pure Band 02,true,false,false,90,,,
V001581,C00101,2025-08-12,organic_search,P003,Urban Bottle 03,true,false,true,60,,T004230,
V001582,C00815,2025-12-30,paid_search,P011,Urban Bottle 11,false,false,false,164,,,
V001583,C00630,2025-11-06,email,P016,Modern Serum 16,true,false,false,51,,,
V001584,C00020,2025-04-30,direct,P011,Urban Bottle 11,true,false,false,108,WELCOME5,,
V001585,C00678,2025-04-16,organic_search,P002,Pure Band 02,true,false,false,87,,,
V001586,C00609,2025-07-18,email,P002,Pure Band 02,true,true,false,38,LOYALTY10,,
V001587,C00680,2025-09-23,direct,P017,Daily Lamp 17,true,false,false,47,,,
V001588,C00155,2025-04-11,organic_search,P017,Daily Lamp 17,true,false,false,26,,,
V001589,C00972,2025-07-04,organic_search,P005,Bright Organizer 05,true,false,false,79,,,
V001590,C00178,2025-06-03,direct,P006,Active Mat 06,true,false,false,116,,,
V001591,C00808,2025-04-03,social,P014,Active Mat 14,true,false,false,87,,,
V001592,C00054,2025-10-09,organic_search,P017,Daily Lamp 17,true,false,false,79,WELCOME5,,
V001593,C00671,2025-06-14,social,P019,Urban Bottle 19,true,false,false,30,LOYALTY10,,
V001594,C00674,2025-03-19,social,P029,Bright Organizer 29,true,false,false,59,WEEKEND15,,
V001595,C00755,2025-12-18,email,P019,Urban Bottle 19,false,false,false,57,,,
V001596,C00463,2025-06-28,direct,P007,Calm Cream 07,true,false,false,116,,,
V001597,C00126,2025-12-20,organic_search,P022,Active Mat 22,true,false,false,69,,,
V001598,C00003,2025-05-20,email,P016,Modern Serum 16,true,false,false,60,LOYALTY10,,
V001599,C00721,2025-07-20,paid_search,P019,Urban Bottle 19,true,false,true,26,WEEKEND15,T003817,
V001600,C00764,2025-07-23,paid_search,P017,Daily Lamp 17,true,false,true,213,,T003873,
V001601,C00228,2025-05-18,paid_search,P001,Daily Lamp 01,true,false,true,142,,T002624,
V001602,C00232,2025-01-23,social,P024,Modern Serum 24,true,false,false,198,,,
V001603,C00221,2025-08-30,direct,P024,Modern Serum 24,true,false,false,134,,,
V001604,C00784,2025-07-23,paid_search,P028,Essential Bag 28,true,false,false,76,,,
V001605,C00725,2025-10-26,organic_search,P003,Urban Bottle 03,true,false,false,37,WELCOME5,,
V001606,C00323,2025-04-14,organic_search,P019,Urban Bottle 19,true,false,false,55,,,
V001607,C00730,2025-05-12,organic_search,P028,Essential Bag 28,true,false,false,35,,,
V001608,C00930,2025-04-25,email,P010,Pure Band 10,true,false,false,37,WEEKEND15,,
V001609,C00679,2025-05-22,organic_search,P017,Daily Lamp 17,true,false,false,112,,,
V001610,C00556,2025-02-01,paid_search,P013,Bright Organizer 13,true,true,true,118,,T000607,
V001611,C00450,2025-11-25,direct,P026,Pure Band 26,true,false,false,24,,,
V001612,C00541,2025-05-29,direct,P023,Calm Cream 23,false,false,false,74,,,
V001613,C00191,2025-02-07,social,P003,Urban Bottle 03,true,false,false,10,,,
V001614,C00046,2025-03-20,social,P023,Calm Cream 23,true,false,false,81,WELCOME5,,
V001615,C00237,2025-09-19,direct,P006,Active Mat 06,true,true,false,142,LOYALTY10,,
V001616,C00841,2025-01-29,direct,P016,Modern Serum 16,true,false,false,23,,,
V001617,C00804,2025-02-23,direct,P024,Modern Serum 24,true,true,true,60,,T000994,
V001618,C00717,2025-05-14,paid_search,P023,Calm Cream 23,true,false,false,51,,,
V001619,C00233,2025-01-28,email,P011,Urban Bottle 11,true,true,false,82,,,
V001620,C00216,2025-09-19,email,P015,Calm Cream 15,true,false,false,87,,,
V001621,C00656,2025-07-05,email,P010,Pure Band 10,true,false,false,42,WEEKEND15,,
V001622,C00832,2025-12-09,organic_search,P009,Daily Lamp 09,true,false,false,27,,,
V001623,C00774,2025-06-22,organic_search,P002,Pure Band 02,true,false,true,122,,T003279,
V001624,C00146,2025-11-13,direct,P030,Active Mat 30,true,false,false,45,,,
V001625,C00870,2025-11-06,email,P022,Active Mat 22,true,false,false,34,WELCOME5,,
V001626,C00161,2025-05-04,direct,P030,Active Mat 30,true,false,false,42,,,
V001627,C00609,2025-08-25,social,P006,Active Mat 06,false,false,false,153,,,
V001628,C00017,2025-03-26,social,P019,Urban Bottle 19,true,false,false,51,,,
V001629,C00780,2025-05-15,direct,P024,Modern Serum 24,true,false,false,56,LOYALTY10,,
V001630,C00314,2025-01-22,paid_search,P007,Calm Cream 07,true,false,false,38,,,
V001631,C00377,2025-05-26,paid_search,P019,Urban Bottle 19,true,false,false,21,WELCOME5,,
V001632,C00538,2025-04-16,social,P028,Essential Bag 28,true,true,false,39,,,
V001633,C00245,2025-12-11,social,P016,Modern Serum 16,false,false,false,31,,,
V001634,C00091,2025-10-18,social,P001,Daily Lamp 01,true,true,true,153,,T005402,
V001635,C00632,2025-01-04,email,P013,Bright Organizer 13,true,false,false,99,,,
V001636,C00634,2025-07-19,organic_search,P010,Pure Band 10,true,false,false,42,,,
V001637,C00442,2025-07-24,organic_search,P027,Urban Bottle 27,true,false,false,53,,,
V001638,C00516,2025-04-14,paid_search,P027,Urban Bottle 27,true,false,false,48,,,
V001639,C00820,2025-12-16,paid_search,P027,Urban Bottle 27,true,false,false,64,,,
V001640,C00019,2025-01-28,organic_search,P023,Calm Cream 23,true,false,false,56,,,
V001641,C00406,2025-03-13,organic_search,P012,Essential Bag 12,true,false,false,37,,,
V001642,C00336,2025-11-25,organic_search,P007,Calm Cream 07,true,false,false,140,,,
V001643,C00381,2025-03-13,social,P026,Pure Band 26,true,false,false,246,LOYALTY10,,
V001644,C00461,2025-10-21,organic_search,P002,Pure Band 02,true,false,false,130,,,
V001645,C00582,2025-01-17,paid_search,P008,Modern Serum 08,true,false,false,66,,,
V001646,C00668,2025-11-16,social,P028,Essential Bag 28,true,false,false,37,,,
V001647,C00771,2025-02-16,organic_search,P021,Bright Organizer 21,true,true,false,84,WEEKEND15,,
V001648,C00165,2025-11-25,paid_search,P027,Urban Bottle 27,true,false,false,45,LOYALTY10,,
V001649,C00240,2025-07-16,paid_search,P018,Pure Band 18,true,false,false,103,,,
V001650,C00275,2025-10-23,referral,P011,Urban Bottle 11,false,false,false,65,,,
V001651,C00961,2025-03-21,organic_search,P014,Active Mat 14,true,false,false,13,,,
V001652,C00155,2025-06-23,paid_search,P026,Pure Band 26,true,false,false,53,,,
V001653,C00515,2025-05-22,social,P011,Urban Bottle 11,true,false,false,33,WELCOME5,,
V001654,C00954,2025-07-23,organic_search,P021,Bright Organizer 21,true,false,true,28,,T003876,
V001655,C00053,2025-04-04,referral,P016,Modern Serum 16,true,false,false,14,,,
V001656,C00433,2025-02-26,organic_search,P013,Bright Organizer 13,true,false,false,211,,,
V001657,C00933,2025-05-11,direct,P012,Essential Bag 12,true,false,false,20,,,
V001658,C00953,2025-05-01,social,P009,Daily Lamp 09,true,true,false,92,,,
V001659,C00475,2025-12-19,organic_search,P008,Modern Serum 08,true,true,false,38,,,
V001660,C00655,2025-02-06,social,P008,Modern Serum 08,true,true,false,66,,,
V001661,C00349,2025-08-17,social,P008,Modern Serum 08,true,false,false,20,,,
V001662,C00714,2025-06-17,direct,P027,Urban Bottle 27,true,false,false,12,,,
V001663,C00123,2025-01-11,paid_search,P001,Daily Lamp 01,true,false,false,341,,,
V001664,C00795,2025-11-21,organic_search,P012,Essential Bag 12,true,false,false,163,,,
V001665,C00912,2025-07-02,organic_search,P028,Essential Bag 28,true,false,false,145,WELCOME5,,
V001666,C00828,2025-04-30,organic_search,P009,Daily Lamp 09,true,false,false,126,,,
V001667,C00521,2025-06-05,direct,P025,Daily Lamp 25,true,false,false,34,,,
V001668,C00895,2025-10-21,direct,P025,Daily Lamp 25,true,true,true,293,,T005449,
V001669,C00693,2025-06-13,organic_search,P030,Active Mat 30,true,false,false,21,,,
V001670,C00228,2025-10-31,paid_search,P002,Pure Band 02,true,false,false,23,,,
V001671,C00203,2025-01-02,social,P024,Modern Serum 24,true,true,false,59,,,
V001672,C00939,2025-12-30,organic_search,P008,Modern Serum 08,true,false,false,154,,,
V001673,C00194,2025-10-11,social,P004,Essential Bag 04,true,false,false,68,WEEKEND15,,
V001674,C00935,2025-06-10,email,P022,Active Mat 22,true,false,false,55,WELCOME5,,
V001675,C00462,2025-07-13,direct,P015,Calm Cream 15,true,false,false,19,,,
V001676,C00103,2025-05-21,direct,P019,Urban Bottle 19,true,false,false,39,,,
V001677,C00027,2025-04-19,paid_search,P030,Active Mat 30,true,false,false,177,,,
V001678,C00268,2025-02-13,organic_search,P007,Calm Cream 07,true,false,false,48,,,
V001679,C00801,2025-03-18,organic_search,P005,Bright Organizer 05,true,false,true,61,,T001445,
V001680,C00785,2025-12-16,social,P017,Daily Lamp 17,true,false,false,124,,,
V001681,C00082,2025-11-10,social,P002,Pure Band 02,true,false,false,42,WELCOME5,,
V001682,C00572,2025-08-04,social,P010,Pure Band 10,true,false,false,46,,,
V001683,C00403,2025-09-24,paid_search,P017,Daily Lamp 17,true,false,false,50,WEEKEND15,,
V001684,C00637,2025-04-22,email,P021,Bright Organizer 21,true,false,false,70,,,
V001685,C00327,2025-09-22,organic_search,P025,Daily Lamp 25,true,false,false,40,,,
V001686,C00028,2025-01-14,social,P022,Active Mat 22,true,false,false,137,,,
V001687,C00106,2025-04-02,direct,P021,Bright Organizer 21,true,false,false,45,,,
V001688,C00884,2025-08-31,email,P028,Essential Bag 28,true,true,false,124,,,
V001689,C00123,2025-03-17,email,P006,Active Mat 06,true,false,false,32,LOYALTY10,,
V001690,C00807,2025-01-27,organic_search,P028,Essential Bag 28,true,false,false,52,LOYALTY10,,
V001691,C00051,2025-11-30,paid_search,P001,Daily Lamp 01,true,false,false,42,,,
V001692,C00586,2025-05-06,paid_search,P008,Modern Serum 08,true,false,false,22,,,
V001693,C00657,2025-05-23,social,P016,Modern Serum 16,true,false,false,97,LOYALTY10,,
V001694,C00024,2025-04-03,paid_search,P030,Active Mat 30,true,false,false,44,,,
V001695,C00010,2025-05-01,social,P028,Essential Bag 28,true,false,false,53,,,
V001696,C00075,2025-03-02,paid_search,P022,Active Mat 22,true,false,false,25,,,
V001697,C00687,2025-01-22,social,P022,Active Mat 22,true,false,true,299,,T000399,
V001698,C00249,2025-07-08,organic_search,P003,Urban Bottle 03,true,true,true,688,,T003589,
V001699,C00232,2025-10-28,organic_search,P001,Daily Lamp 01,false,false,false,15,WEEKEND15,,
V001700,C00837,2025-05-05,direct,P015,Calm Cream 15,true,true,false,208,LOYALTY10,,
V001701,C00209,2025-06-28,direct,P013,Bright Organizer 13,true,false,false,74,,,
V001702,C00188,2025-02-10,email,P001,Daily Lamp 01,true,false,false,21,,,
V001703,C00861,2025-10-20,paid_search,P005,Bright Organizer 05,true,false,false,92,WEEKEND15,,
V001704,C00510,2025-11-01,organic_search,P017,Daily Lamp 17,true,true,false,195,,,
V001705,C00152,2025-10-14,social,P012,Essential Bag 12,false,false,false,22,,,
V001706,C00683,2025-09-18,direct,P025,Daily Lamp 25,true,true,false,58,,,
V001707,C00532,2025-09-02,social,P003,Urban Bottle 03,true,false,false,106,,,
V001708,C00110,2025-07-18,organic_search,P018,Pure Band 18,true,false,false,98,,,
V001709,C00195,2025-09-18,organic_search,P014,Active Mat 14,false,false,false,30,,,
V001710,C00817,2025-08-27,email,P013,Bright Organizer 13,true,true,false,72,,,
V001711,C00201,2025-03-15,paid_search,P026,Pure Band 26,true,false,false,64,,,
V001712,C00265,2025-05-12,organic_search,P019,Urban Bottle 19,true,false,false,30,,,
V001713,C00920,2025-04-12,social,P010,Pure Band 10,true,false,false,10,,,
V001714,C00025,2025-04-15,email,P021,Bright Organizer 21,true,true,false,169,LOYALTY10,,
V001715,C00375,2025-11-21,organic_search,P008,Modern Serum 08,true,false,false,41,,,
V001716,C00406,2025-01-18,direct,P014,Active Mat 14,true,true,false,397,,,
V001717,C00552,2025-09-27,paid_search,P004,Essential Bag 04,false,false,false,57,,,
V001718,C00650,2025-05-12,organic_search,P017,Daily Lamp 17,true,false,false,65,,,
V001719,C00240,2025-06-17,paid_search,P003,Urban Bottle 03,true,false,false,58,,,
V001720,C00823,2025-11-30,paid_search,P015,Calm Cream 15,true,false,true,100,,T006077,
V001721,C00813,2025-01-24,organic_search,P014,Active Mat 14,true,false,false,47,,,
V001722,C00563,2025-09-05,organic_search,P020,Essential Bag 20,true,true,false,27,LOYALTY10,,
V001723,C00694,2025-06-22,paid_search,P019,Urban Bottle 19,true,true,true,221,,T003276,
V001724,C00741,2025-03-18,direct,P026,Pure Band 26,true,false,false,27,,,
V001725,C00288,2025-02-18,direct,P013,Bright Organizer 13,true,false,false,27,,,
V001726,C00053,2025-05-30,organic_search,P024,Modern Serum 24,true,true,false,35,,,
V001727,C00052,2025-05-20,social,P010,Pure Band 10,true,false,false,172,,,
V001728,C00034,2025-09-18,organic_search,P026,Pure Band 26,true,false,false,38,,,
V001729,C00155,2025-04-29,paid_search,P030,Active Mat 30,true,true,true,97,,T002281,
V001730,C00155,2025-10-13,email,P008,Modern Serum 08,true,false,true,161,,T005308,
V001731,C00318,2025-01-10,social,P025,Daily Lamp 25,true,false,false,26,,,
V001732,C00286,2025-12-06,paid_search,P010,Pure Band 10,true,false,false,48,WEEKEND15,,
V001733,C00165,2025-12-08,social,P001,Daily Lamp 01,true,false,false,36,,,
V001734,C00216,2025-11-02,organic_search,P006,Active Mat 06,true,true,false,19,WEEKEND15,,
V001735,C00766,2025-08-30,direct,P020,Essential Bag 20,true,true,false,109,,,
V001736,C00542,2025-03-17,organic_search,P010,Pure Band 10,true,false,false,79,WELCOME5,,
V001737,C00851,2025-08-17,email,P008,Modern Serum 08,true,false,false,37,,,
V001738,C00755,2025-01-06,social,P021,Bright Organizer 21,true,true,false,185,,,
V001739,C00950,2025-12-17,social,P012,Essential Bag 12,true,false,false,66,,,
V001740,C00405,2025-12-20,paid_search,P022,Active Mat 22,true,false,false,50,,,
V001741,C00778,2025-05-27,referral,P019,Urban Bottle 19,true,false,false,44,,,
V001742,C00588,2025-06-06,organic_search,P019,Urban Bottle 19,true,false,false,42,,,
V001743,C00605,2025-09-27,referral,P018,Pure Band 18,true,false,false,60,,,
V001744,C00927,2025-08-06,direct,P019,Urban Bottle 19,true,false,true,71,,T004108,
V001745,C00685,2025-11-15,email,P024,Modern Serum 24,true,false,false,29,,,
V001746,C00478,2025-04-11,organic_search,P029,Bright Organizer 29,true,false,false,68,WEEKEND15,,
V001747,C00209,2025-09-19,email,P002,Pure Band 02,true,true,false,84,WELCOME5,,
V001748,C00940,2025-10-12,social,P021,Bright Organizer 21,true,false,false,54,WELCOME5,,
V001749,C00105,2025-03-16,paid_search,P020,Essential Bag 20,true,false,false,27,,,
V001750,C00534,2025-10-27,paid_search,P010,Pure Band 10,true,false,false,289,,,
V001751,C00209,2025-08-19,organic_search,P008,Modern Serum 08,true,false,false,68,,,
V001752,C00112,2025-06-14,email,P029,Bright Organizer 29,true,false,false,147,,,
V001753,C00243,2025-04-11,paid_search,P011,Urban Bottle 11,true,false,false,145,,,
V001754,C00847,2025-04-16,direct,P004,Essential Bag 04,true,false,false,21,,,
V001755,C00975,2025-05-02,paid_search,P009,Daily Lamp 09,true,false,false,42,WEEKEND15,,
V001756,C00420,2025-12-25,referral,P017,Daily Lamp 17,true,false,false,94,,,
V001757,C00076,2025-03-14,direct,P014,Active Mat 14,true,false,false,73,,,
V001758,C00157,2025-02-17,organic_search,P026,Pure Band 26,true,false,false,85,WELCOME5,,
V001759,C00809,2025-10-06,email,P013,Bright Organizer 13,true,false,false,71,,,
V001760,C00064,2025-04-06,paid_search,P007,Calm Cream 07,true,true,false,86,,,
V001761,C00965,2025-05-05,direct,P028,Essential Bag 28,true,false,false,39,,,
V001762,C00318,2025-08-16,direct,P012,Essential Bag 12,false,false,false,25,,,
V001763,C00794,2025-05-15,paid_search,P009,Daily Lamp 09,true,false,false,28,,,
V001764,C00729,2025-12-23,social,P023,Calm Cream 23,true,false,true,13,WELCOME5,T006472,
V001765,C00899,2025-01-13,email,P028,Essential Bag 28,true,true,true,98,,T000241,
V001766,C00114,2025-11-28,paid_search,P014,Active Mat 14,false,false,false,53,,,
V001767,C00672,2025-04-17,email,P003,Urban Bottle 03,true,false,false,75,LOYALTY10,,
V001768,C00156,2025-10-17,paid_search,P007,Calm Cream 07,true,false,false,16,,,
V001769,C00654,2025-04-12,social,P001,Daily Lamp 01,true,false,false,24,,,
V001770,C00912,2025-05-12,organic_search,P027,Urban Bottle 27,true,false,false,31,,,
V001771,C00945,2025-10-24,paid_search,P017,Daily Lamp 17,true,false,false,70,,,
V001772,C00955,2025-03-13,organic_search,P018,Pure Band 18,true,false,false,15,,,
V001773,C00720,2025-09-01,email,P001,Daily Lamp 01,true,false,false,115,WEEKEND15,,
V001774,C00183,2025-09-25,organic_search,P018,Pure Band 18,true,false,false,134,,,
V001775,C00476,2025-07-26,referral,P011,Urban Bottle 11,true,true,false,209,LOYALTY10,,
V001776,C00570,2025-12-07,paid_search,P024,Modern Serum 24,true,true,false,57,,,
V001777,C00119,2025-09-12,social,P029,Bright Organizer 29,true,false,false,63,,,
V001778,C00602,2025-07-20,paid_search,P014,Active Mat 14,true,true,true,115,,T003807,
V001779,C00718,2025-01-14,organic_search,P011,Urban Bottle 11,true,false,false,62,,,
V001780,C00348,2025-10-09,organic_search,P019,Urban Bottle 19,true,false,false,133,,,
V001781,C00488,2025-02-03,email,P003,Urban Bottle 03,true,false,false,39,LOYALTY10,,
V001782,C00152,2025-09-15,email,P016,Modern Serum 16,false,false,false,25,LOYALTY10,,
V001783,C00617,2025-09-14,paid_search,P015,Calm Cream 15,true,false,false,122,,,
V001784,C00959,2025-07-05,email,P016,Modern Serum 16,true,true,false,68,,,
V001785,C00754,2025-06-02,email,P025,Daily Lamp 25,true,false,false,32,,,
V001786,C00666,2025-06-16,social,P009,Daily Lamp 09,true,false,false,26,,,
V001787,C00247,2025-08-30,organic_search,P001,Daily Lamp 01,false,false,false,55,,,
V001788,C00073,2025-06-22,social,P030,Active Mat 30,true,true,false,29,WELCOME5,,
V001789,C00466,2025-02-23,social,P008,Modern Serum 08,true,false,false,33,,,
V001790,C00901,2025-08-09,social,P019,Urban Bottle 19,true,false,false,95,,,
V001791,C00316,2025-05-21,email,P016,Modern Serum 16,true,false,false,105,WEEKEND15,,
V001792,C00504,2025-11-10,paid_search,P018,Pure Band 18,true,false,false,115,,,
V001793,C00891,2025-06-17,organic_search,P007,Calm Cream 07,true,true,true,185,LOYALTY10,T003187,
V001794,C00466,2025-12-21,organic_search,P005,Bright Organizer 05,true,false,false,145,,,
V001795,C00574,2025-05-31,social,P014,Active Mat 14,true,false,false,133,LOYALTY10,,
V001796,C00468,2025-08-13,direct,P011,Urban Bottle 11,true,false,false,52,,,
V001797,C00616,2025-08-01,organic_search,P019,Urban Bottle 19,true,false,false,30,,,
V001798,C00705,2025-03-27,email,P008,Modern Serum 08,true,false,false,30,WELCOME5,,
V001799,C00480,2025-06-20,direct,P012,Essential Bag 12,true,false,false,95,,,
V001800,C00948,2025-10-12,direct,P020,Essential Bag 20,true,true,false,44,,,
V001801,C00873,2025-01-28,social,P019,Urban Bottle 19,true,false,false,22,WELCOME5,,
V001802,C00157,2025-10-26,paid_search,P026,Pure Band 26,true,false,false,35,,,
V001803,C00297,2025-09-21,paid_search,P015,Calm Cream 15,true,false,false,39,,,
V001804,C00905,2025-12-21,email,P001,Daily Lamp 01,false,false,false,42,,,
V001805,C00398,2025-05-26,paid_search,P019,Urban Bottle 19,true,false,false,82,,,
V001806,C00305,2025-07-26,organic_search,P028,Essential Bag 28,true,false,false,108,WELCOME5,,
V001807,C00222,2025-08-30,direct,P006,Active Mat 06,false,false,false,51,,,
V001808,C00659,2025-01-09,paid_search,P011,Urban Bottle 11,true,false,true,79,WELCOME5,T000163,
V001809,C00428,2025-05-23,paid_search,P009,Daily Lamp 09,true,false,false,68,,,
V001810,C00375,2025-08-25,paid_search,P018,Pure Band 18,true,false,false,42,,,
V001811,C00074,2025-05-20,social,P027,Urban Bottle 27,true,false,false,81,,,
V001812,C00398,2025-02-06,organic_search,P014,Active Mat 14,true,false,false,61,,,
V001813,C00281,2025-07-14,organic_search,P019,Urban Bottle 19,true,false,true,107,,T003699,
V001814,C00359,2025-07-03,email,P025,Daily Lamp 25,true,true,false,25,,,
V001815,C00044,2025-05-10,paid_search,P003,Urban Bottle 03,true,false,false,80,,,
V001816,C00069,2025-06-08,organic_search,P005,Bright Organizer 05,true,false,false,7,,,
V001817,C00616,2025-08-19,organic_search,P026,Pure Band 26,true,false,false,60,,,
V001818,C00861,2025-09-21,paid_search,P017,Daily Lamp 17,true,true,false,46,,,
V001819,C00367,2025-09-04,paid_search,P003,Urban Bottle 03,true,false,false,17,,,
V001820,C00584,2025-09-08,paid_search,P019,Urban Bottle 19,true,false,false,36,LOYALTY10,,
V001821,C00532,2025-07-16,referral,P004,Essential Bag 04,true,false,false,65,WELCOME5,,
V001822,C00779,2025-02-09,organic_search,P018,Pure Band 18,true,true,false,79,,,
V001823,C00715,2025-03-02,email,P001,Daily Lamp 01,true,true,false,119,,,
V001824,C00374,2025-03-26,paid_search,P015,Calm Cream 15,true,false,false,46,,,
V001825,C00729,2025-02-03,organic_search,P012,Essential Bag 12,true,false,false,26,,,
V001826,C00749,2025-11-21,social,P004,Essential Bag 04,false,false,false,44,,,
V001827,C00686,2025-08-07,social,P028,Essential Bag 28,true,false,false,184,,,
V001828,C00762,2025-10-20,paid_search,P028,Essential Bag 28,true,false,false,61,,,
V001829,C00858,2025-10-11,direct,P028,Essential Bag 28,true,true,false,77,,,
V001830,C00743,2025-06-07,organic_search,P021,Bright Organizer 21,true,false,false,86,LOYALTY10,,
V001831,C00410,2025-08-03,referral,P023,Calm Cream 23,true,true,false,166,,,
V001832,C00450,2025-12-01,email,P008,Modern Serum 08,true,false,false,78,,,
V001833,C00147,2025-10-18,organic_search,P011,Urban Bottle 11,true,false,false,122,,,
V001834,C00119,2025-07-01,social,P014,Active Mat 14,true,false,false,62,WELCOME5,,
V001835,C00887,2025-05-13,direct,P018,Pure Band 18,true,false,false,63,,,
V001836,C00415,2025-01-09,social,P016,Modern Serum 16,true,true,false,29,,,
V001837,C00770,2025-04-11,referral,P030,Active Mat 30,true,false,false,46,,,
V001838,C00558,2025-05-24,social,P010,Pure Band 10,true,false,false,28,,,
V001839,C00943,2025-09-05,social,P003,Urban Bottle 03,true,false,false,27,,,
V001840,C00345,2025-07-29,social,P015,Calm Cream 15,true,false,false,37,,,
V001841,C00405,2025-05-06,organic_search,P011,Urban Bottle 11,true,false,true,747,,T002394,
V001842,C00870,2025-06-04,social,P024,Modern Serum 24,true,true,false,90,WEEKEND15,,
V001843,C00346,2025-05-03,social,P010,Pure Band 10,true,true,false,181,,,
V001844,C00586,2025-11-07,referral,P020,Essential Bag 20,true,false,true,334,,T005718,
V001845,C00514,2025-08-15,paid_search,P027,Urban Bottle 27,true,true,false,54,WELCOME5,,
V001846,C00699,2025-07-16,direct,P016,Modern Serum 16,true,false,false,18,,,
V001847,C00664,2025-09-17,social,P013,Bright Organizer 13,true,false,false,160,,,
V001848,C00087,2025-03-04,direct,P028,Essential Bag 28,true,false,false,11,,,
V001849,C00546,2025-02-04,direct,P023,Calm Cream 23,true,true,false,75,,,
V001850,C00167,2025-08-30,paid_search,P025,Daily Lamp 25,true,false,false,33,,,
V001851,C00467,2025-10-06,direct,P016,Modern Serum 16,true,false,false,24,,,
V001852,C00459,2025-04-16,organic_search,P004,Essential Bag 04,true,true,false,80,,,
V001853,C00509,2025-04-23,direct,P019,Urban Bottle 19,true,true,false,24,,,
V001854,C00565,2025-10-09,direct,P014,Active Mat 14,true,false,false,146,,,
V001855,C00103,2025-12-27,email,P018,Pure Band 18,false,false,false,75,,,
V001856,C00017,2025-05-18,referral,P023,Calm Cream 23,true,false,false,28,,,
V001857,C00258,2025-08-25,direct,P026,Pure Band 26,true,true,true,204,,T004476,
V001858,C00962,2025-10-11,social,P011,Urban Bottle 11,true,false,false,23,,,
V001859,C00822,2025-05-05,organic_search,P004,Essential Bag 04,true,false,false,58,,,
V001860,C00063,2025-04-13,paid_search,P010,Pure Band 10,true,true,false,33,,,
V001861,C00358,2025-04-07,paid_search,P029,Bright Organizer 29,true,false,false,100,,,
V001862,C00357,2025-01-23,paid_search,P027,Urban Bottle 27,true,false,false,43,WEEKEND15,,
V001863,C00252,2025-08-28,paid_search,P024,Modern Serum 24,true,false,false,5,,,
V001864,C00281,2025-10-09,email,P002,Pure Band 02,true,true,true,635,,T005233,
V001865,C00920,2025-05-18,organic_search,P016,Modern Serum 16,true,false,false,13,,,
V001866,C00420,2025-10-28,email,P017,Daily Lamp 17,true,false,false,42,,,
V001867,C00263,2025-06-17,paid_search,P019,Urban Bottle 19,true,false,false,21,,,
V001868,C00359,2025-06-29,organic_search,P023,Calm Cream 23,false,false,false,30,,,
V001869,C00697,2025-08-28,paid_search,P003,Urban Bottle 03,true,false,false,42,,,
V001870,C00883,2025-09-02,organic_search,P018,Pure Band 18,true,false,false,35,,,
V001871,C00231,2025-04-14,organic_search,P023,Calm Cream 23,true,false,false,75,WEEKEND15,,
V001872,C00521,2025-12-15,organic_search,P026,Pure Band 26,true,false,false,147,,,
V001873,C00181,2025-04-15,email,P025,Daily Lamp 25,true,true,false,51,WEEKEND15,,
V001874,C00660,2025-08-14,social,P028,Essential Bag 28,true,false,false,38,,,
V001875,C00623,2025-09-01,organic_search,P001,Daily Lamp 01,true,false,false,17,,,
V001876,C00339,2025-01-15,organic_search,P015,Calm Cream 15,true,false,false,111,,,
V001877,C00998,2025-02-26,referral,P008,Modern Serum 08,true,false,false,119,,,
V001878,C00880,2025-08-19,social,P007,Calm Cream 07,true,false,false,45,,,
V001879,C00729,2025-01-29,organic_search,P007,Calm Cream 07,true,true,false,34,,,
V001880,C00326,2025-11-12,paid_search,P013,Bright Organizer 13,true,false,false,45,,,
V001881,C00240,2025-06-05,social,P010,Pure Band 10,true,true,false,105,WEEKEND15,,
V001882,C00264,2025-12-24,email,P006,Active Mat 06,false,false,false,76,WELCOME5,,
V001883,C00643,2025-08-02,organic_search,P027,Urban Bottle 27,true,false,false,43,,,
V001884,C00207,2025-03-05,referral,P010,Pure Band 10,true,false,false,17,,,
V001885,C00416,2025-04-26,organic_search,P008,Modern Serum 08,true,false,false,92,,,
V001886,C00740,2025-09-28,organic_search,P015,Calm Cream 15,true,false,false,27,,,
V001887,C00821,2025-12-04,social,P017,Daily Lamp 17,true,false,true,82,,T006152,
V001888,C00014,2025-08-11,social,P028,Essential Bag 28,true,false,false,80,,,
V001889,C00009,2025-08-11,social,P005,Bright Organizer 05,true,false,false,26,WELCOME5,,
V001890,C00522,2025-10-13,organic_search,P021,Bright Organizer 21,true,false,false,29,WELCOME5,,
V001891,C00183,2025-07-25,paid_search,P011,Urban Bottle 11,true,false,false,80,,,
V001892,C00633,2025-09-17,social,P026,Pure Band 26,true,false,false,147,,,
V001893,C00101,2025-10-10,email,P011,Urban Bottle 11,true,true,false,251,,,
V001894,C00561,2025-08-04,social,P017,Daily Lamp 17,true,true,false,103,,,
V001895,C00530,2025-10-22,direct,P019,Urban Bottle 19,false,false,false,180,,,
V001896,C00578,2025-09-06,direct,P016,Modern Serum 16,true,false,false,237,,,
V001897,C00814,2025-01-06,organic_search,P002,Pure Band 02,true,false,false,60,,,
V001898,C00068,2025-09-26,organic_search,P001,Daily Lamp 01,true,false,false,47,,,
V001899,C00776,2025-12-02,direct,P025,Daily Lamp 25,true,false,false,58,,,
V001900,C00185,2025-03-31,direct,P006,Active Mat 06,true,false,false,17,LOYALTY10,,
V001901,C00448,2025-05-07,organic_search,P004,Essential Bag 04,true,false,false,41,,,
V001902,C00444,2025-08-31,social,P003,Urban Bottle 03,true,false,false,73,WEEKEND15,,
V001903,C00399,2025-02-26,direct,P010,Pure Band 10,true,false,false,12,,,
V001904,C00054,2025-05-19,social,P026,Pure Band 26,true,false,false,130,,,
V001905,C00572,2025-10-20,paid_search,P013,Bright Organizer 13,true,false,false,129,,,
V001906,C00654,2025-04-08,paid_search,P004,Essential Bag 04,true,false,false,109,,,
V001907,C00338,2025-07-31,organic_search,P028,Essential Bag 28,true,true,false,16,,,
V001908,C00261,2025-09-03,paid_search,P019,Urban Bottle 19,true,true,true,126,,T004598,
V001909,C00636,2025-07-11,paid_search,P019,Urban Bottle 19,true,false,false,90,LOYALTY10,,
V001910,C00624,2025-12-10,organic_search,P004,Essential Bag 04,true,false,false,47,,,
V001911,C00498,2025-06-05,paid_search,P013,Bright Organizer 13,true,true,false,147,,,
V001912,C00003,2025-08-21,direct,P023,Calm Cream 23,true,false,false,21,,,
V001913,C00096,2025-04-07,organic_search,P020,Essential Bag 20,true,false,false,24,,,
V001914,C00029,2025-04-20,direct,P017,Daily Lamp 17,true,false,false,34,,,
V001915,C00111,2025-01-19,paid_search,P023,Calm Cream 23,true,false,false,88,,,
V001916,C00951,2025-06-17,organic_search,P009,Daily Lamp 09,true,false,false,28,,,
V001917,C00906,2025-09-21,organic_search,P017,Daily Lamp 17,true,true,false,98,WEEKEND15,,
V001918,C00456,2025-04-09,organic_search,P029,Bright Organizer 29,true,false,false,164,,,
V001919,C00302,2025-12-21,organic_search,P009,Daily Lamp 09,true,false,false,34,,,
V001920,C00544,2025-03-31,social,P001,Daily Lamp 01,true,false,false,39,,,
V001921,C00903,2025-04-25,direct,P003,Urban Bottle 03,true,false,false,24,,,
V001922,C00554,2025-03-02,paid_search,P022,Active Mat 22,true,true,false,38,WELCOME5,,
V001923,C00994,2025-06-15,direct,P026,Pure Band 26,true,false,true,239,,T003151,
V001924,C00583,2025-01-26,social,P012,Essential Bag 12,true,false,false,75,WELCOME5,,
V001925,C00187,2025-08-04,organic_search,P018,Pure Band 18,true,false,false,18,WEEKEND15,,
V001926,C00053,2025-03-28,paid_search,P004,Essential Bag 04,true,false,false,28,,,
V001927,C00019,2025-01-02,referral,P008,Modern Serum 08,true,false,false,14,,,
V001928,C00557,2025-08-26,direct,P025,Daily Lamp 25,true,false,false,22,,,
V001929,C00423,2025-02-13,paid_search,P006,Active Mat 06,true,false,false,39,,,
V001930,C00274,2025-09-14,organic_search,P009,Daily Lamp 09,true,false,true,69,,T004816,
V001931,C00216,2025-07-08,social,P006,Active Mat 06,true,false,false,22,,,
V001932,C00062,2025-06-04,paid_search,P024,Modern Serum 24,true,false,false,40,,,
V001933,C00156,2025-12-22,direct,P027,Urban Bottle 27,true,false,false,50,LOYALTY10,,
V001934,C00497,2025-04-24,organic_search,P029,Bright Organizer 29,true,false,false,28,,,
V001935,C00867,2025-09-02,direct,P013,Bright Organizer 13,true,true,true,182,WELCOME5,T004583,
V001936,C00847,2025-08-30,social,P026,Pure Band 26,true,false,false,25,,,
V001937,C00674,2025-02-21,direct,P018,Pure Band 18,true,false,false,37,,,
V001938,C00233,2025-08-22,organic_search,P011,Urban Bottle 11,true,false,true,414,,T004428,
V001939,C00490,2025-08-14,organic_search,P019,Urban Bottle 19,true,false,false,46,LOYALTY10,,
V001940,C00343,2025-01-29,social,P006,Active Mat 06,true,false,false,91,LOYALTY10,,
V001941,C00687,2025-03-25,paid_search,P002,Pure Band 02,true,true,true,302,,T001590,
V001942,C00516,2025-10-07,paid_search,P007,Calm Cream 07,true,false,false,25,,,
V001943,C00044,2025-11-27,referral,P020,Essential Bag 20,true,false,false,26,,,
V001944,C00025,2025-07-16,social,P002,Pure Band 02,true,false,false,13,,,
V001945,C00684,2025-11-16,direct,P001,Daily Lamp 01,true,false,false,30,,,
V001946,C00200,2025-07-09,social,P009,Daily Lamp 09,true,true,false,72,WELCOME5,,
V001947,C00878,2025-07-28,email,P004,Essential Bag 04,true,false,false,53,LOYALTY10,,
V001948,C00203,2025-02-01,paid_search,P030,Active Mat 30,true,false,false,79,WELCOME5,,
V001949,C00749,2025-07-02,email,P006,Active Mat 06,true,false,true,136,,T003472,
V001950,C00330,2025-11-24,referral,P028,Essential Bag 28,true,false,false,53,,,
V001951,C00129,2025-07-19,paid_search,P015,Calm Cream 15,true,false,false,68,,,
V001952,C00931,2025-07-30,social,P011,Urban Bottle 11,true,true,false,9,,,
V001953,C00880,2025-11-05,email,P012,Essential Bag 12,true,false,false,176,,,
V001954,C00807,2025-09-27,email,P028,Essential Bag 28,true,false,false,13,,,
V001955,C00974,2025-10-28,paid_search,P007,Calm Cream 07,true,true,false,393,,,
V001956,C00714,2025-04-15,paid_search,P023,Calm Cream 23,true,false,false,33,,,
V001957,C00556,2025-11-18,email,P007,Calm Cream 07,true,false,false,82,,,
V001958,C00974,2025-11-25,social,P023,Calm Cream 23,true,false,false,58,,,
V001959,C00462,2025-11-05,organic_search,P021,Bright Organizer 21,true,false,false,55,WELCOME5,,
V001960,C00747,2025-10-20,paid_search,P019,Urban Bottle 19,false,false,false,173,LOYALTY10,,
V001961,C00904,2025-01-24,direct,P025,Daily Lamp 25,true,false,false,21,,,
V001962,C00682,2025-09-09,organic_search,P018,Pure Band 18,true,false,false,17,,,
V001963,C00622,2025-09-05,organic_search,P024,Modern Serum 24,true,false,false,42,WEEKEND15,,
V001964,C00032,2025-09-24,paid_search,P020,Essential Bag 20,true,false,false,38,,,
V001965,C00080,2025-01-16,referral,P004,Essential Bag 04,true,false,false,84,,,
V001966,C00626,2025-04-13,email,P016,Modern Serum 16,true,false,false,25,,,
V001967,C00883,2025-03-13,email,P024,Modern Serum 24,true,false,true,145,,T001348,
V001968,C00087,2025-12-12,social,P007,Calm Cream 07,true,false,false,248,WEEKEND15,,
V001969,C00965,2025-04-05,referral,P023,Calm Cream 23,true,false,false,35,LOYALTY10,,
V001970,C00911,2025-12-09,direct,P018,Pure Band 18,true,false,false,51,,,
V001971,C00744,2025-05-12,social,P006,Active Mat 06,true,true,false,59,,,
V001972,C00573,2025-08-10,organic_search,P005,Bright Organizer 05,true,false,false,33,,,
V001973,C00511,2025-02-12,email,P028,Essential Bag 28,true,false,true,51,,T000795,
V001974,C00660,2025-07-20,social,P005,Bright Organizer 05,false,false,false,26,,,
V001975,C00082,2025-02-12,social,P026,Pure Band 26,true,false,false,80,,,
V001976,C00371,2025-07-03,organic_search,P001,Daily Lamp 01,true,false,false,40,,,
V001977,C00975,2025-01-15,email,P002,Pure Band 02,true,false,false,30,,,
V001978,C00432,2025-07-19,organic_search,P027,Urban Bottle 27,true,false,false,81,,,
V001979,C00053,2025-06-27,organic_search,P024,Modern Serum 24,true,false,false,24,,,
V001980,C00436,2025-06-21,email,P007,Calm Cream 07,true,false,false,8,LOYALTY10,,
V001981,C00251,2025-06-02,email,P017,Daily Lamp 17,true,false,false,33,,,
V001982,C00776,2025-12-04,email,P005,Bright Organizer 05,true,true,false,98,,,
V001983,C00561,2025-01-04,direct,P024,Modern Serum 24,true,true,true,84,LOYALTY10,T000061,
V001984,C00131,2025-03-12,social,P010,Pure Band 10,true,false,false,53,,,
V001985,C00624,2025-11-24,paid_search,P001,Daily Lamp 01,true,true,false,187,,,
V001986,C00658,2025-09-23,organic_search,P023,Calm Cream 23,false,false,false,101,,,
V001987,C00814,2025-11-06,paid_search,P010,Pure Band 10,true,true,true,81,WEEKEND15,T005694,
V001988,C00268,2025-12-07,organic_search,P010,Pure Band 10,true,false,false,129,,,
V001989,C00637,2025-03-01,paid_search,P022,Active Mat 22,true,false,true,61,,T001115,
V001990,C00531,2025-05-07,direct,P003,Urban Bottle 03,true,true,false,169,LOYALTY10,,
V001991,C00094,2025-12-11,referral,P017,Daily Lamp 17,true,false,false,128,WEEKEND15,,
V001992,C00486,2025-11-04,paid_search,P025,Daily Lamp 25,true,false,true,60,,T005647,
V001993,C00925,2025-06-23,organic_search,P012,Essential Bag 12,true,true,false,101,,,
V001994,C00716,2025-11-22,direct,P023,Calm Cream 23,true,false,false,47,,,
V001995,C00110,2025-11-04,direct,P019,Urban Bottle 19,true,false,false,25,,,
V001996,C00462,2025-06-28,paid_search,P017,Daily Lamp 17,true,false,false,39,,,
V001997,C00881,2025-06-10,organic_search,P017,Daily Lamp 17,true,false,false,38,,,
V001998,C00853,2025-10-17,referral,P025,Daily Lamp 25,true,false,false,47,,,
V001999,C00936,2025-02-14,organic_search,P022,Active Mat 22,true,false,false,98,WEEKEND15,,
V002000,C00613,2025-07-10,paid_search,P023,Calm Cream 23,true,false,false,66,,,
V002001,C00817,2025-03-15,direct,P013,Bright Organizer 13,true,false,false,123,,,
V002002,C00398,2025-05-22,referral,P017,Daily Lamp 17,true,false,false,154,WEEKEND15,,
V002003,C00690,2025-02-01,direct,P011,Urban Bottle 11,true,false,false,21,LOYALTY10,,
V002004,C00295,2025-03-30,organic_search,P017,Daily Lamp 17,true,false,false,30,,,
V002005,C00169,2025-10-14,referral,P025,Daily Lamp 25,true,false,false,45,,,
V002006,C00285,2025-07-14,paid_search,P005,Bright Organizer 05,true,false,false,67,WELCOME5,,
V002007,C00218,2025-06-20,email,P018,Pure Band 18,true,false,false,23,,,
V002008,C00438,2025-10-31,email,P004,Essential Bag 04,false,false,false,78,,,
V002009,C00010,2025-07-22,organic_search,P015,Calm Cream 15,true,false,false,39,,,
V002010,C00730,2025-02-02,paid_search,P029,Bright Organizer 29,true,false,false,44,,,
V002011,C00125,2025-11-20,email,P029,Bright Organizer 29,true,true,false,55,,,
V002012,C00467,2025-11-01,direct,P009,Daily Lamp 09,true,false,false,78,,,
V002013,C00012,2025-03-15,social,P001,Daily Lamp 01,true,false,false,68,LOYALTY10,,
V002014,C00298,2025-11-10,paid_search,P004,Essential Bag 04,true,true,false,85,,,
V002015,C00058,2025-12-27,organic_search,P024,Modern Serum 24,false,false,false,61,,,
V002016,C00180,2025-01-17,organic_search,P022,Active Mat 22,true,false,false,22,,,
V002017,C00055,2025-01-30,paid_search,P003,Urban Bottle 03,true,false,false,77,,,
V002018,C00151,2025-12-06,organic_search,P004,Essential Bag 04,true,false,false,12,,,
V002019,C00074,2025-07-07,paid_search,P028,Essential Bag 28,true,false,true,63,,T003567,
V002020,C00916,2025-02-10,paid_search,P020,Essential Bag 20,true,false,false,22,,,
V002021,C00428,2025-02-25,social,P012,Essential Bag 12,true,false,true,66,LOYALTY10,T001040,
V002022,C00561,2025-10-05,direct,P013,Bright Organizer 13,true,false,false,59,,,
V002023,C00570,2025-08-07,email,P013,Bright Organizer 13,true,true,false,54,WEEKEND15,,
V002024,C00941,2025-04-22,email,P016,Modern Serum 16,true,true,false,78,WELCOME5,,
V002025,C00390,2025-11-08,organic_search,P007,Calm Cream 07,true,true,false,65,WEEKEND15,,
V002026,C00801,2025-05-06,direct,P027,Urban Bottle 27,true,false,false,28,,,
V002027,C00850,2025-06-22,social,P025,Daily Lamp 25,true,false,false,27,,,
V002028,C00726,2025-07-25,paid_search,P004,Essential Bag 04,true,false,false,17,WEEKEND15,,
V002029,C00981,2025-09-28,paid_search,P019,Urban Bottle 19,false,false,false,150,,,
V002030,C00039,2025-04-20,email,P005,Bright Organizer 05,true,false,false,19,WELCOME5,,
V002031,C00241,2025-09-15,paid_search,P028,Essential Bag 28,true,false,true,94,LOYALTY10,T004840,
V002032,C00424,2025-03-06,direct,P016,Modern Serum 16,true,true,true,30,,T001200,
V002033,C00610,2025-06-01,organic_search,P024,Modern Serum 24,true,true,true,192,,T002895,
V002034,C00145,2025-03-20,direct,P016,Modern Serum 16,true,false,false,40,WEEKEND15,,
V002035,C00943,2025-04-12,paid_search,P014,Active Mat 14,true,false,false,17,,,
V002036,C00051,2025-07-13,organic_search,P005,Bright Organizer 05,true,false,false,68,WEEKEND15,,
V002037,C00554,2025-09-10,email,P014,Active Mat 14,true,false,false,20,,,
V002038,C00142,2025-05-05,social,P028,Essential Bag 28,true,false,false,78,LOYALTY10,,
V002039,C00787,2025-07-08,organic_search,P002,Pure Band 02,true,false,false,64,,,
V002040,C00355,2025-01-15,paid_search,P015,Calm Cream 15,true,false,false,43,WEEKEND15,,
V002041,C00160,2025-09-20,organic_search,P004,Essential Bag 04,false,false,false,27,,,
V002042,C00365,2025-09-28,paid_search,P014,Active Mat 14,false,false,false,169,,,
V002043,C00854,2025-03-25,social,P026,Pure Band 26,true,true,false,37,WEEKEND15,,
V002044,C00541,2025-06-18,organic_search,P018,Pure Band 18,true,true,false,66,,,
V002045,C00467,2025-02-18,email,P030,Active Mat 30,true,false,false,12,WEEKEND15,,
V002046,C00653,2025-07-05,direct,P004,Essential Bag 04,true,false,false,9,WEEKEND15,,
V002047,C00514,2025-05-03,organic_search,P023,Calm Cream 23,true,true,false,34,,,
V002048,C00947,2025-05-25,organic_search,P011,Urban Bottle 11,true,false,false,16,,,
V002049,C00574,2025-01-21,email,P004,Essential Bag 04,true,false,false,146,,,
V002050,C00505,2025-04-16,organic_search,P006,Active Mat 06,true,false,false,101,,,
V002051,C00429,2025-06-17,organic_search,P006,Active Mat 06,true,false,false,67,,,
V002052,C00892,2025-05-31,direct,P007,Calm Cream 07,true,false,false,95,,,
V002053,C00553,2025-06-25,paid_search,P023,Calm Cream 23,false,false,false,86,WEEKEND15,,
V002054,C00682,2025-06-22,email,P014,Active Mat 14,true,false,false,34,WEEKEND15,,
V002055,C00349,2025-12-05,social,P024,Modern Serum 24,true,false,false,56,LOYALTY10,,
V002056,C00172,2025-12-01,organic_search,P012,Essential Bag 12,true,false,false,47,,,
V002057,C00418,2025-04-27,organic_search,P029,Bright Organizer 29,true,true,false,203,,,
V002058,C00069,2025-08-01,email,P018,Pure Band 18,true,false,true,356,WEEKEND15,T004010,
V002059,C00193,2025-10-18,organic_search,P021,Bright Organizer 21,true,false,false,56,,,
V002060,C00485,2025-03-02,direct,P006,Active Mat 06,true,false,false,48,,,
V002061,C00477,2025-06-08,organic_search,P015,Calm Cream 15,true,false,false,70,,,
V002062,C00998,2025-09-15,social,P015,Calm Cream 15,true,false,false,12,,,
V002063,C00811,2025-08-04,social,P022,Active Mat 22,true,true,false,150,,,
V002064,C00201,2025-05-19,referral,P028,Essential Bag 28,true,false,false,37,,,
V002065,C00612,2025-04-30,direct,P019,Urban Bottle 19,true,true,false,40,,,
V002066,C00401,2025-11-30,referral,P009,Daily Lamp 09,true,false,false,21,,,
V002067,C00192,2025-09-14,email,P001,Daily Lamp 01,true,false,false,12,,,
V002068,C00850,2025-09-03,direct,P005,Bright Organizer 05,true,false,false,194,WELCOME5,,
V002069,C00089,2025-03-31,direct,P023,Calm Cream 23,true,false,false,102,WELCOME5,,
V002070,C00184,2025-05-23,social,P027,Urban Bottle 27,true,false,false,217,,,
V002071,C00515,2025-01-10,referral,P003,Urban Bottle 03,true,false,false,38,,,
V002072,C00514,2025-01-03,email,P025,Daily Lamp 25,true,true,false,248,,,
V002073,C00407,2025-11-07,organic_search,P009,Daily Lamp 09,true,false,false,21,,,
V002074,C00308,2025-07-01,email,P007,Calm Cream 07,true,false,false,115,WEEKEND15,,
V002075,C00643,2025-09-09,paid_search,P007,Calm Cream 07,true,true,false,25,,,
V002076,C00286,2025-03-09,social,P015,Calm Cream 15,true,false,false,113,,,
V002077,C00338,2025-03-03,paid_search,P030,Active Mat 30,true,false,false,64,,,
V002078,C00088,2025-04-23,social,P012,Essential Bag 12,true,false,false,17,,,
V002079,C00789,2025-12-23,social,P027,Urban Bottle 27,true,false,false,26,,,
V002080,C00936,2025-11-20,organic_search,P003,Urban Bottle 03,true,false,false,30,,,
V002081,C00967,2025-12-29,organic_search,P024,Modern Serum 24,false,false,false,338,,,
V002082,C00436,2025-03-15,social,P006,Active Mat 06,true,false,false,44,,,
V002083,C00675,2025-11-15,organic_search,P011,Urban Bottle 11,true,true,false,79,WELCOME5,,
V002084,C00346,2025-05-08,email,P006,Active Mat 06,true,false,false,36,,,
V002085,C00369,2025-08-10,paid_search,P022,Active Mat 22,true,false,false,47,,,
V002086,C00741,2025-05-31,referral,P013,Bright Organizer 13,true,false,false,15,WEEKEND15,,
V002087,C00435,2025-08-07,email,P015,Calm Cream 15,true,false,false,39,,,
V002088,C00530,2025-03-30,social,P014,Active Mat 14,true,false,false,67,LOYALTY10,,
V002089,C00796,2025-11-26,referral,P017,Daily Lamp 17,true,false,false,40,LOYALTY10,,
V002090,C00236,2025-05-27,organic_search,P009,Daily Lamp 09,true,false,false,16,,,
V002091,C00299,2025-04-18,organic_search,P009,Daily Lamp 09,true,false,false,75,,,
V002092,C00372,2025-04-25,organic_search,P012,Essential Bag 12,true,false,false,226,,,
V002093,C00283,2025-12-20,direct,P007,Calm Cream 07,true,true,true,145,,T006417,
V002094,C00355,2025-06-12,organic_search,P010,Pure Band 10,true,true,false,200,LOYALTY10,,
V002095,C00054,2025-07-14,organic_search,P012,Essential Bag 12,true,false,false,32,,,
V002096,C00625,2025-03-07,organic_search,P017,Daily Lamp 17,true,false,false,15,,,
V002097,C00971,2025-09-17,referral,P028,Essential Bag 28,true,true,false,202,,,
V002098,C00497,2025-09-22,organic_search,P016,Modern Serum 16,false,false,false,21,,,
V002099,C00453,2025-02-26,organic_search,P006,Active Mat 06,true,false,false,65,,,
V002100,C00236,2025-07-29,organic_search,P019,Urban Bottle 19,true,false,false,238,,,
V002101,C00179,2025-12-30,direct,P011,Urban Bottle 11,false,false,false,122,,,
V002102,C00743,2025-07-24,organic_search,P017,Daily Lamp 17,true,false,false,93,,,
V002103,C00386,2025-08-14,organic_search,P020,Essential Bag 20,true,false,false,75,WEEKEND15,,
V002104,C00069,2025-04-26,organic_search,P022,Active Mat 22,true,false,false,36,,,
V002105,C00031,2025-02-25,paid_search,P025,Daily Lamp 25,true,false,false,73,,,
V002106,C00797,2025-02-27,paid_search,P019,Urban Bottle 19,true,false,false,66,WELCOME5,,
V002107,C00019,2025-06-20,email,P020,Essential Bag 20,true,false,false,44,,,
V002108,C00443,2025-09-14,paid_search,P003,Urban Bottle 03,true,false,false,44,WELCOME5,,
V002109,C00641,2025-03-22,social,P005,Bright Organizer 05,true,false,true,104,,T001526,
V002110,C00974,2025-07-31,email,P014,Active Mat 14,true,false,false,48,,,
V002111,C00599,2025-09-09,email,P008,Modern Serum 08,true,false,false,48,WEEKEND15,,
V002112,C00309,2025-09-21,referral,P026,Pure Band 26,true,true,false,73,,,
V002113,C00109,2025-06-02,social,P021,Bright Organizer 21,true,false,true,115,,T002916,
V002114,C00803,2025-08-06,referral,P014,Active Mat 14,true,false,false,67,WEEKEND15,,
V002115,C00639,2025-12-11,organic_search,P017,Daily Lamp 17,true,false,false,46,,,
V002116,C00132,2025-04-17,direct,P011,Urban Bottle 11,true,true,false,146,,,
V002117,C00344,2025-09-21,organic_search,P021,Bright Organizer 21,true,false,false,56,,,
V002118,C00829,2025-05-03,social,P009,Daily Lamp 09,true,false,false,24,,,
V002119,C00502,2025-11-06,organic_search,P016,Modern Serum 16,true,false,false,193,,,
V002120,C00001,2025-10-21,paid_search,P012,Essential Bag 12,false,false,false,134,,,
V002121,C00757,2025-09-06,social,P029,Bright Organizer 29,true,false,false,42,LOYALTY10,,
V002122,C00427,2025-11-26,email,P007,Calm Cream 07,true,false,false,11,,,
V002123,C00663,2025-01-27,paid_search,P030,Active Mat 30,true,false,false,24,,,
V002124,C00344,2025-03-15,referral,P013,Bright Organizer 13,true,false,false,92,,,
V002125,C00090,2025-05-19,paid_search,P015,Calm Cream 15,true,false,false,8,WELCOME5,,
V002126,C00925,2025-04-03,email,P027,Urban Bottle 27,true,false,false,39,LOYALTY10,,
V002127,C00927,2025-10-23,organic_search,P023,Calm Cream 23,true,false,false,108,,,
V002128,C00117,2025-05-28,direct,P005,Bright Organizer 05,true,true,true,85,,T002812,
V002129,C00915,2025-08-15,direct,P030,Active Mat 30,true,false,false,184,WEEKEND15,,
V002130,C00931,2025-05-29,organic_search,P020,Essential Bag 20,true,false,false,76,,,
V002131,C00195,2025-07-22,paid_search,P009,Daily Lamp 09,true,false,true,192,,T003860,
V002132,C00188,2025-07-28,direct,P009,Daily Lamp 09,true,false,false,25,,,
V002133,C00002,2025-07-04,social,P009,Daily Lamp 09,true,true,false,94,,,
V002134,C00352,2025-07-29,paid_search,P008,Modern Serum 08,true,false,false,26,LOYALTY10,,
V002135,C00625,2025-09-14,social,P030,Active Mat 30,true,false,false,28,,,
V002136,C00936,2025-06-11,email,P030,Active Mat 30,true,false,false,83,,,
V002137,C00183,2025-08-06,paid_search,P017,Daily Lamp 17,true,false,true,12,,T004107,
V002138,C00810,2025-10-18,paid_search,P026,Pure Band 26,true,false,false,26,,,
V002139,C00587,2025-07-21,email,P027,Urban Bottle 27,true,false,false,54,,,
V002140,C00869,2025-03-28,paid_search,P004,Essential Bag 04,true,false,false,49,,,
V002141,C00588,2025-05-16,organic_search,P029,Bright Organizer 29,true,false,false,127,LOYALTY10,,
V002142,C00423,2025-02-10,direct,P019,Urban Bottle 19,true,false,false,39,WEEKEND15,,
V002143,C00994,2025-04-24,organic_search,P029,Bright Organizer 29,true,false,false,29,WELCOME5,,
V002144,C00751,2025-03-21,paid_search,P030,Active Mat 30,true,false,false,28,,,
V002145,C00653,2025-09-05,social,P013,Bright Organizer 13,true,true,true,61,,T004651,
V002146,C00473,2025-03-02,email,P025,Daily Lamp 25,true,true,false,226,,,
V002147,C00755,2025-06-04,social,P030,Active Mat 30,true,false,false,156,,,
V002148,C00672,2025-08-22,social,P007,Calm Cream 07,true,false,false,102,,,
V002149,C00006,2025-01-21,direct,P014,Active Mat 14,true,true,false,107,WEEKEND15,,
V002150,C00884,2025-01-29,paid_search,P025,Daily Lamp 25,true,false,false,32,,,
V002151,C00800,2025-02-27,social,P013,Bright Organizer 13,true,false,false,21,,,
V002152,C00099,2025-05-27,social,P014,Active Mat 14,true,false,false,39,,,
V002153,C00306,2025-07-22,paid_search,P016,Modern Serum 16,true,false,false,42,,,
V002154,C00535,2025-02-14,organic_search,P023,Calm Cream 23,true,true,false,50,,,
V002155,C00590,2025-08-12,paid_search,P021,Bright Organizer 21,true,false,false,17,,,
V002156,C00886,2025-07-02,direct,P004,Essential Bag 04,true,true,false,39,,,
V002157,C00848,2025-09-04,paid_search,P019,Urban Bottle 19,true,false,false,42,,,
V002158,C00544,2025-09-04,social,P014,Active Mat 14,true,true,true,100,,T004619,
V002159,C00565,2025-12-11,organic_search,P001,Daily Lamp 01,true,false,false,210,,,
V002160,C00031,2025-03-17,direct,P025,Daily Lamp 25,true,false,false,164,,,
V002161,C00840,2025-03-13,paid_search,P010,Pure Band 10,true,false,false,12,WEEKEND15,,
V002162,C00121,2025-04-29,social,P006,Active Mat 06,false,false,false,18,,,
V002163,C00780,2025-07-05,direct,P015,Calm Cream 15,true,false,false,11,,,
V002164,C00063,2025-12-06,referral,P002,Pure Band 02,true,false,false,25,,,
V002165,C00940,2025-04-04,organic_search,P012,Essential Bag 12,true,true,false,97,,,
V002166,C00027,2025-01-22,direct,P001,Daily Lamp 01,true,true,false,192,,,
V002167,C00450,2025-09-18,paid_search,P029,Bright Organizer 29,true,false,false,27,,,
V002168,C00832,2025-01-03,organic_search,P008,Modern Serum 08,true,false,false,62,,,
V002169,C00112,2025-01-21,paid_search,P016,Modern Serum 16,true,false,false,27,,,
V002170,C00784,2025-06-24,social,P027,Urban Bottle 27,true,true,false,117,,,
V002171,C00518,2025-09-09,organic_search,P029,Bright Organizer 29,true,false,false,406,,,
V002172,C00610,2025-01-04,social,P020,Essential Bag 20,true,false,false,24,LOYALTY10,,
V002173,C00560,2025-08-20,direct,P023,Calm Cream 23,true,true,false,63,WEEKEND15,,
V002174,C00572,2025-02-23,direct,P007,Calm Cream 07,true,true,false,57,,,
V002175,C00022,2025-08-19,email,P019,Urban Bottle 19,false,false,false,23,,,
V002176,C00328,2025-05-26,social,P001,Daily Lamp 01,false,false,false,28,,,
V002177,C00782,2025-01-30,social,P015,Calm Cream 15,true,false,false,13,,,
V002178,C00509,2025-02-16,organic_search,P026,Pure Band 26,true,false,true,74,,T000861,
V002179,C00309,2025-01-21,paid_search,P012,Essential Bag 12,true,false,false,175,,,
V002180,C00377,2025-12-18,direct,P015,Calm Cream 15,true,false,false,46,,,
V002181,C00082,2025-10-12,social,P004,Essential Bag 04,true,false,false,16,,,
V002182,C00870,2025-02-21,paid_search,P002,Pure Band 02,true,false,false,43,LOYALTY10,,
V002183,C00460,2025-02-08,direct,P012,Essential Bag 12,true,false,false,38,,,
V002184,C00864,2025-08-12,organic_search,P022,Active Mat 22,true,false,false,115,,,
V002185,C00730,2025-08-12,organic_search,P010,Pure Band 10,true,false,false,63,,,
V002186,C00318,2025-06-25,social,P018,Pure Band 18,true,false,false,34,,,
V002187,C00125,2025-08-18,paid_search,P016,Modern Serum 16,true,false,false,38,,,
V002188,C00360,2025-02-10,email,P018,Pure Band 18,true,false,false,45,,,
V002189,C00065,2025-12-03,paid_search,P011,Urban Bottle 11,true,false,false,26,,,
V002190,C00022,2025-11-23,social,P025,Daily Lamp 25,true,false,false,20,,,
V002191,C00391,2025-05-21,organic_search,P007,Calm Cream 07,true,false,false,46,,,
V002192,C00875,2025-04-08,email,P022,Active Mat 22,true,false,false,12,,,
V002193,C00398,2025-11-04,direct,P003,Urban Bottle 03,true,false,true,40,,T005652,
V002194,C00802,2025-08-07,direct,P022,Active Mat 22,true,false,false,21,,,
V002195,C00857,2025-06-26,organic_search,P005,Bright Organizer 05,false,false,false,63,,,
V002196,C00253,2025-01-19,direct,P025,Daily Lamp 25,true,false,false,28,,,
V002197,C00024,2025-08-23,direct,P010,Pure Band 10,true,false,false,51,,,
V002198,C00886,2025-11-04,organic_search,P016,Modern Serum 16,true,false,false,63,,,
V002199,C00272,2025-02-13,direct,P030,Active Mat 30,true,false,false,41,,,
V002200,C00641,2025-11-05,email,P019,Urban Bottle 19,true,false,false,88,,,
V002201,C00102,2025-07-19,organic_search,P011,Urban Bottle 11,true,false,false,31,,,
V002202,C00053,2025-08-28,direct,P027,Urban Bottle 27,true,false,false,133,WELCOME5,,
V002203,C00490,2025-05-21,social,P020,Essential Bag 20,true,false,false,25,,,
V002204,C00493,2025-01-29,direct,P018,Pure Band 18,true,false,false,177,,,
V002205,C00383,2025-10-26,email,P024,Modern Serum 24,true,false,false,46,,,
V002206,C00655,2025-03-30,referral,P017,Daily Lamp 17,true,true,false,23,,,
V002207,C00147,2025-04-13,direct,P018,Pure Band 18,true,false,false,106,,,
V002208,C00867,2025-03-23,paid_search,P016,Modern Serum 16,true,false,false,114,,,
V002209,C00426,2025-05-04,referral,P029,Bright Organizer 29,true,false,false,45,WELCOME5,,
V002210,C00725,2025-07-28,referral,P008,Modern Serum 08,true,false,false,7,WEEKEND15,,
V002211,C00106,2025-06-19,organic_search,P023,Calm Cream 23,false,false,false,179,,,
V002212,C00259,2025-12-24,organic_search,P026,Pure Band 26,false,false,false,95,,,
V002213,C00716,2025-07-18,social,P005,Bright Organizer 05,false,false,false,107,,,
V002214,C00463,2025-06-06,social,P013,Bright Organizer 13,true,false,false,19,WELCOME5,,
V002215,C00312,2025-10-15,direct,P007,Calm Cream 07,true,true,false,56,,,
V002216,C00713,2025-06-05,organic_search,P011,Urban Bottle 11,true,false,false,46,WELCOME5,,
V002217,C00046,2025-11-19,direct,P023,Calm Cream 23,true,false,false,87,,,
V002218,C00106,2025-05-08,email,P005,Bright Organizer 05,true,false,false,66,,,
V002219,C00694,2025-06-02,social,P021,Bright Organizer 21,true,false,false,48,,,
V002220,C00390,2025-07-03,social,P028,Essential Bag 28,true,false,false,116,,,
V002221,C00598,2025-03-21,email,P003,Urban Bottle 03,true,false,false,76,WELCOME5,,
V002222,C00278,2025-02-19,direct,P016,Modern Serum 16,true,false,false,42,,,
V002223,C00258,2025-05-05,paid_search,P021,Bright Organizer 21,true,false,false,50,,,
V002224,C00211,2025-10-04,social,P028,Essential Bag 28,true,true,false,84,WEEKEND15,,
V002225,C00474,2025-07-03,organic_search,P025,Daily Lamp 25,true,false,true,46,WELCOME5,T003504,
V002226,C00299,2025-07-07,paid_search,P004,Essential Bag 04,true,true,false,48,,,
V002227,C00089,2025-04-26,direct,P030,Active Mat 30,true,false,false,262,,,
V002228,C00787,2025-07-08,social,P009,Daily Lamp 09,true,false,false,45,,,
V002229,C00908,2025-05-31,organic_search,P012,Essential Bag 12,true,true,false,72,WEEKEND15,,
V002230,C00025,2025-07-24,organic_search,P011,Urban Bottle 11,true,false,false,103,,,
V002231,C00380,2025-08-19,email,P024,Modern Serum 24,true,false,false,123,,,
V002232,C00228,2025-01-18,social,P005,Bright Organizer 05,true,false,false,21,,,
V002233,C00877,2025-07-13,direct,P015,Calm Cream 15,true,false,false,28,WELCOME5,,
V002234,C00121,2025-07-01,organic_search,P030,Active Mat 30,true,false,false,21,,,
V002235,C00420,2025-06-06,organic_search,P028,Essential Bag 28,true,false,true,108,,T002988,
V002236,C00461,2025-02-27,social,P002,Pure Band 02,true,false,false,61,,,
V002237,C00061,2025-09-03,paid_search,P003,Urban Bottle 03,true,true,false,271,,,
V002238,C00600,2025-02-14,organic_search,P030,Active Mat 30,true,false,true,16,WEEKEND15,T000830,
V002239,C00193,2025-01-20,direct,P004,Essential Bag 04,true,true,false,208,,,
V002240,C00186,2025-12-28,social,P011,Urban Bottle 11,false,false,false,26,WELCOME5,,
V002241,C00195,2025-08-05,direct,P018,Pure Band 18,true,false,false,78,,,
V002242,C00768,2025-02-07,social,P020,Essential Bag 20,true,false,false,26,,,
V002243,C00629,2025-06-06,organic_search,P029,Bright Organizer 29,true,false,false,23,,,
V002244,C00610,2025-04-18,organic_search,P005,Bright Organizer 05,true,false,false,238,,,
V002245,C00379,2025-08-04,organic_search,P010,Pure Band 10,true,true,false,18,,,
V002246,C00577,2025-11-28,organic_search,P012,Essential Bag 12,true,false,false,47,,,
V002247,C00418,2025-04-02,direct,P009,Daily Lamp 09,true,false,false,30,,,
V002248,C00506,2025-06-23,direct,P012,Essential Bag 12,true,false,false,74,WEEKEND15,,
V002249,C00939,2025-12-08,referral,P012,Essential Bag 12,true,false,false,149,WELCOME5,,
V002250,C00912,2025-02-28,paid_search,P011,Urban Bottle 11,true,false,false,263,,,
V002251,C00672,2025-03-15,organic_search,P010,Pure Band 10,true,false,false,67,,,
V002252,C00350,2025-03-27,organic_search,P005,Bright Organizer 05,true,false,true,55,,T001648,
V002253,C00343,2025-08-04,paid_search,P009,Daily Lamp 09,true,false,true,83,,T004068,
V002254,C00528,2025-01-23,organic_search,P017,Daily Lamp 17,true,false,false,27,,,
V002255,C00148,2025-06-03,direct,P017,Daily Lamp 17,true,false,false,43,,,
V002256,C00319,2025-12-13,email,P029,Bright Organizer 29,true,false,false,59,,,
V002257,C00416,2025-02-02,referral,P030,Active Mat 30,true,false,false,37,,,
V002258,C00415,2025-06-10,paid_search,P016,Modern Serum 16,true,false,false,29,,,
V002259,C00517,2025-10-11,organic_search,P013,Bright Organizer 13,true,false,true,111,,T005276,
V002260,C00171,2025-11-04,social,P019,Urban Bottle 19,true,false,false,46,,,
V002261,C00453,2025-06-02,organic_search,P028,Essential Bag 28,true,false,false,139,,,
V002262,C00172,2025-10-01,organic_search,P019,Urban Bottle 19,true,true,false,68,,,
V002263,C00228,2025-06-25,email,P030,Active Mat 30,true,false,false,32,,,
V002264,C00284,2025-12-22,organic_search,P018,Pure Band 18,false,false,false,112,,,
V002265,C00180,2025-09-03,direct,P023,Calm Cream 23,true,false,false,19,,,
V002266,C00887,2025-01-23,organic_search,P006,Active Mat 06,true,false,false,28,WELCOME5,,
V002267,C00653,2025-01-29,social,P030,Active Mat 30,true,false,false,20,,,
V002268,C00871,2025-10-17,organic_search,P006,Active Mat 06,true,false,false,130,,,
V002269,C00315,2025-10-26,organic_search,P024,Modern Serum 24,true,false,false,18,,,
V002270,C00560,2025-04-12,direct,P006,Active Mat 06,true,true,true,157,,T001957,
V002271,C00622,2025-03-17,direct,P030,Active Mat 30,true,false,false,18,,,
V002272,C00724,2025-04-21,paid_search,P003,Urban Bottle 03,true,true,true,70,WELCOME5,T002115,
V002273,C00476,2025-04-28,paid_search,P011,Urban Bottle 11,true,false,false,63,WELCOME5,,
V002274,C00556,2025-07-09,social,P014,Active Mat 14,true,false,false,22,,,
V002275,C00451,2025-07-09,social,P007,Calm Cream 07,true,false,false,44,,,
V002276,C00258,2025-09-01,direct,P006,Active Mat 06,true,false,false,56,,,
V002277,C00235,2025-06-22,email,P009,Daily Lamp 09,true,false,false,5,,,
V002278,C00764,2025-11-01,email,P005,Bright Organizer 05,true,false,false,67,LOYALTY10,,
V002279,C00232,2025-10-29,organic_search,P016,Modern Serum 16,false,false,false,94,,,
V002280,C00043,2025-03-22,paid_search,P011,Urban Bottle 11,true,false,false,62,,,
V002281,C00647,2025-07-04,organic_search,P005,Bright Organizer 05,true,false,false,424,WELCOME5,,
V002282,C00040,2025-09-13,social,P016,Modern Serum 16,false,false,false,69,,,
V002283,C00925,2025-07-17,paid_search,P019,Urban Bottle 19,true,false,false,9,WEEKEND15,,
V002284,C00855,2025-08-31,direct,P006,Active Mat 06,false,false,false,30,,,
V002285,C00007,2025-08-25,paid_search,P023,Calm Cream 23,false,false,false,10,,,
V002286,C00453,2025-07-17,email,P013,Bright Organizer 13,true,true,true,27,,T003763,
V002287,C00062,2025-11-02,direct,P009,Daily Lamp 09,true,true,false,106,,,
V002288,C00588,2025-04-28,paid_search,P004,Essential Bag 04,false,false,false,60,WELCOME5,,
V002289,C00585,2025-06-29,organic_search,P009,Daily Lamp 09,true,false,false,42,LOYALTY10,,
V002290,C00121,2025-07-23,paid_search,P015,Calm Cream 15,true,false,false,12,WEEKEND15,,
V002291,C00230,2025-08-12,paid_search,P010,Pure Band 10,true,true,true,67,,T004237,
V002292,C00245,2025-10-03,referral,P011,Urban Bottle 11,true,false,false,25,,,
V002293,C00604,2025-03-01,email,P002,Pure Band 02,true,true,true,227,LOYALTY10,T001124,
V002294,C00267,2025-02-23,direct,P004,Essential Bag 04,true,false,false,54,,,
V002295,C00050,2025-07-20,paid_search,P013,Bright Organizer 13,true,false,false,433,,,
V002296,C00873,2025-09-06,social,P001,Daily Lamp 01,true,true,false,108,,,
V002297,C00385,2025-05-19,organic_search,P020,Essential Bag 20,true,false,false,15,,,
V002298,C00414,2025-05-02,direct,P017,Daily Lamp 17,true,false,false,30,,,
V002299,C00642,2025-05-06,direct,P008,Modern Serum 08,true,false,false,86,,,
V002300,C00333,2025-12-02,direct,P011,Urban Bottle 11,true,true,false,230,,,
V002301,C00911,2025-09-03,paid_search,P005,Bright Organizer 05,true,false,false,37,LOYALTY10,,
V002302,C00973,2025-07-08,email,P006,Active Mat 06,true,true,false,279,LOYALTY10,,
V002303,C00436,2025-03-06,paid_search,P024,Modern Serum 24,true,false,true,63,,T001206,
V002304,C00666,2025-09-22,direct,P029,Bright Organizer 29,true,true,false,169,,,
V002305,C00385,2025-10-27,paid_search,P019,Urban Bottle 19,false,false,false,30,,,
V002306,C00256,2025-04-25,paid_search,P010,Pure Band 10,true,false,false,55,LOYALTY10,,
V002307,C00634,2025-01-30,email,P026,Pure Band 26,true,false,false,37,,,
V002308,C00994,2025-06-29,organic_search,P003,Urban Bottle 03,true,false,false,34,,,
V002309,C00635,2025-03-10,social,P024,Modern Serum 24,true,false,false,102,,,
V002310,C00249,2025-06-09,organic_search,P008,Modern Serum 08,true,false,false,88,,,
V002311,C00267,2025-12-10,direct,P025,Daily Lamp 25,true,true,false,17,,,
V002312,C00750,2025-04-05,social,P028,Essential Bag 28,true,false,false,180,,,
V002313,C00316,2025-06-15,paid_search,P013,Bright Organizer 13,true,false,false,29,,,
V002314,C00874,2025-06-19,organic_search,P001,Daily Lamp 01,true,true,false,56,,,
V002315,C00394,2025-04-03,social,P010,Pure Band 10,true,false,false,16,,,
V002316,C00312,2025-08-19,paid_search,P025,Daily Lamp 25,true,false,true,78,,T004381,
V002317,C00060,2025-04-27,email,P019,Urban Bottle 19,true,false,true,60,,T002246,
V002318,C00570,2025-12-27,direct,P015,Calm Cream 15,true,false,false,75,,,
V002319,C00251,2025-03-29,social,P017,Daily Lamp 17,true,false,false,143,WEEKEND15,,
V002320,C00670,2025-06-07,social,P022,Active Mat 22,true,false,false,66,,,
V002321,C00595,2025-05-02,paid_search,P007,Calm Cream 07,true,true,false,69,,,
V002322,C00434,2025-12-27,paid_search,P004,Essential Bag 04,false,false,false,103,,,
V002323,C00544,2025-11-14,direct,P013,Bright Organizer 13,true,false,false,167,,,
V002324,C00466,2025-11-15,organic_search,P001,Daily Lamp 01,true,false,false,44,,,
V002325,C00311,2025-04-26,social,P003,Urban Bottle 03,true,false,false,69,,,
V002326,C00290,2025-08-18,referral,P027,Urban Bottle 27,true,false,false,51,,,
V002327,C00441,2025-06-12,social,P022,Active Mat 22,true,false,false,49,,,
V002328,C00941,2025-11-10,email,P013,Bright Organizer 13,true,false,false,7,WELCOME5,,
V002329,C00740,2025-12-22,organic_search,P002,Pure Band 02,true,false,false,196,,,
V002330,C00481,2025-06-02,referral,P024,Modern Serum 24,true,false,false,41,,,
V002331,C00827,2025-12-26,social,P021,Bright Organizer 21,true,false,false,68,,,
V002332,C00432,2025-01-23,email,P025,Daily Lamp 25,true,false,false,59,,,
V002333,C00356,2025-07-23,social,P024,Modern Serum 24,true,false,false,31,,,
V002334,C00149,2025-05-17,direct,P016,Modern Serum 16,true,true,false,298,,,
V002335,C00676,2025-11-29,organic_search,P020,Essential Bag 20,true,false,false,66,,,
V002336,C00653,2025-04-25,direct,P019,Urban Bottle 19,true,false,false,223,,,
V002337,C00358,2025-12-21,email,P011,Urban Bottle 11,true,false,false,45,,,
V002338,C00053,2025-01-16,organic_search,P025,Daily Lamp 25,true,true,false,228,,,
V002339,C00778,2025-05-28,direct,P023,Calm Cream 23,false,false,false,35,,,
V002340,C00356,2025-05-06,direct,P002,Pure Band 02,true,false,false,438,WELCOME5,,
V002341,C00880,2025-01-27,organic_search,P007,Calm Cream 07,true,false,false,38,,,
V002342,C00453,2025-10-21,email,P008,Modern Serum 08,true,false,false,36,WEEKEND15,,
V002343,C00436,2025-02-19,direct,P008,Modern Serum 08,true,false,false,78,,,
V002344,C00952,2025-01-17,email,P018,Pure Band 18,true,true,false,267,WEEKEND15,,
V002345,C00837,2025-11-27,social,P011,Urban Bottle 11,false,false,false,12,,,
V002346,C00447,2025-10-21,paid_search,P026,Pure Band 26,true,false,false,23,,,
V002347,C00585,2025-07-09,direct,P017,Daily Lamp 17,true,true,false,14,,,
V002348,C00815,2025-10-08,paid_search,P020,Essential Bag 20,true,false,false,96,,,
V002349,C00277,2025-07-15,paid_search,P018,Pure Band 18,true,false,false,39,,,
V002350,C00728,2025-07-29,paid_search,P002,Pure Band 02,true,false,false,45,WELCOME5,,
V002351,C00732,2025-04-13,organic_search,P006,Active Mat 06,true,false,false,91,,,
V002352,C00485,2025-11-20,email,P026,Pure Band 26,true,false,false,65,,,
V002353,C00808,2025-05-16,organic_search,P009,Daily Lamp 09,true,false,false,104,,,
V002354,C00793,2025-01-24,paid_search,P023,Calm Cream 23,true,false,false,378,,,
V002355,C00934,2025-06-03,social,P026,Pure Band 26,true,false,false,153,,,
V002356,C00482,2025-02-05,organic_search,P009,Daily Lamp 09,true,false,false,186,WEEKEND15,,
V002357,C00305,2025-10-07,direct,P010,Pure Band 10,true,false,false,53,,,
V002358,C00189,2025-12-22,direct,P017,Daily Lamp 17,true,false,false,79,,,
V002359,C00076,2025-03-15,social,P019,Urban Bottle 19,true,true,false,103,,,
V002360,C00873,2025-01-14,paid_search,P005,Bright Organizer 05,true,true,false,134,WEEKEND15,,
V002361,C00201,2025-05-17,social,P003,Urban Bottle 03,true,false,false,112,LOYALTY10,,
V002362,C00704,2025-07-30,organic_search,P006,Active Mat 06,false,false,false,490,,,
V002363,C00059,2025-02-26,email,P003,Urban Bottle 03,true,false,false,98,,,
V002364,C00123,2025-09-03,organic_search,P019,Urban Bottle 19,true,false,false,114,,,
V002365,C00177,2025-03-28,organic_search,P002,Pure Band 02,true,false,false,78,,,
V002366,C00888,2025-07-13,social,P028,Essential Bag 28,true,false,false,120,,,
V002367,C00872,2025-06-21,referral,P028,Essential Bag 28,true,false,false,10,,,
V002368,C00571,2025-12-18,paid_search,P023,Calm Cream 23,true,false,false,39,,,
V002369,C00243,2025-06-15,email,P018,Pure Band 18,true,true,false,82,,,
V002370,C00521,2025-05-12,organic_search,P027,Urban Bottle 27,true,false,false,38,LOYALTY10,,
V002371,C00405,2025-04-04,referral,P014,Active Mat 14,true,false,false,51,,,
V002372,C00809,2025-04-12,direct,P005,Bright Organizer 05,true,false,false,65,,,
V002373,C00673,2025-07-26,organic_search,P005,Bright Organizer 05,false,false,false,91,,,
V002374,C00452,2025-03-23,social,P001,Daily Lamp 01,true,false,false,333,WELCOME5,,
V002375,C00379,2025-05-08,direct,P008,Modern Serum 08,true,false,false,101,LOYALTY10,,
V002376,C00636,2025-11-12,organic_search,P015,Calm Cream 15,true,false,false,29,,,
V002377,C00700,2025-02-01,organic_search,P024,Modern Serum 24,true,false,false,43,WELCOME5,,
V002378,C00023,2025-01-07,direct,P024,Modern Serum 24,true,true,false,39,,,
V002379,C00730,2025-12-18,direct,P004,Essential Bag 04,true,false,false,177,,,
V002380,C00263,2025-09-30,social,P018,Pure Band 18,true,false,false,68,WELCOME5,,
V002381,C00362,2025-11-16,organic_search,P012,Essential Bag 12,true,false,true,43,,T005892,
V002382,C00175,2025-12-19,direct,P005,Bright Organizer 05,true,false,true,57,,T006407,
V002383,C00208,2025-11-28,paid_search,P010,Pure Band 10,true,false,false,233,,,
V002384,C00491,2025-02-05,paid_search,P021,Bright Organizer 21,true,true,false,73,LOYALTY10,,
V002385,C00289,2025-07-11,direct,P016,Modern Serum 16,true,false,true,132,,T003632,
V002386,C00933,2025-10-31,email,P006,Active Mat 06,false,false,false,86,,,
V002387,C00119,2025-07-07,social,P012,Essential Bag 12,true,false,false,24,,,
V002388,C00867,2025-03-23,email,P006,Active Mat 06,true,false,false,37,,,
V002389,C00040,2025-07-26,email,P024,Modern Serum 24,true,false,false,51,,,
V002390,C00704,2025-03-02,paid_search,P029,Bright Organizer 29,true,true,false,41,,,
V002391,C00722,2025-09-06,paid_search,P029,Bright Organizer 29,true,true,true,119,WELCOME5,T004660,
V002392,C00050,2025-11-28,social,P008,Modern Serum 08,true,false,false,384,LOYALTY10,,
V002393,C00895,2025-05-17,paid_search,P009,Daily Lamp 09,true,true,false,55,,,
V002394,C00789,2025-09-22,email,P003,Urban Bottle 03,true,true,false,73,,,
V002395,C00589,2025-06-24,organic_search,P028,Essential Bag 28,true,false,false,61,WELCOME5,,
V002396,C00284,2025-02-01,email,P014,Active Mat 14,true,false,false,174,,,
V002397,C00838,2025-06-14,paid_search,P006,Active Mat 06,true,true,false,49,,,
V002398,C00634,2025-10-18,direct,P023,Calm Cream 23,true,false,false,53,,,
V002399,C00820,2025-08-19,paid_search,P004,Essential Bag 04,false,false,false,21,WEEKEND15,,
V002400,C00266,2025-06-23,organic_search,P004,Essential Bag 04,true,false,false,29,,,
V002401,C00654,2025-08-01,referral,P006,Active Mat 06,true,false,false,28,,,
V002402,C00004,2025-09-27,direct,P010,Pure Band 10,true,false,false,28,,,
V002403,C00177,2025-08-09,organic_search,P024,Modern Serum 24,true,false,false,25,,,
V002404,C00595,2025-10-23,social,P007,Calm Cream 07,true,false,false,244,,,
V002405,C00464,2025-07-30,direct,P029,Bright Organizer 29,true,false,false,45,,,
V002406,C00319,2025-04-26,organic_search,P016,Modern Serum 16,true,true,false,104,,,
V002407,C00686,2025-08-23,organic_search,P009,Daily Lamp 09,true,false,false,96,WELCOME5,,
V002408,C00958,2025-11-14,paid_search,P011,Urban Bottle 11,true,false,false,48,,,
V002409,C00871,2025-12-10,paid_search,P025,Daily Lamp 25,true,false,false,52,,,
V002410,C00146,2025-02-08,email,P015,Calm Cream 15,true,false,false,149,,,
V002411,C00406,2025-05-22,social,P026,Pure Band 26,true,true,false,85,,,
V002412,C00065,2025-07-30,organic_search,P025,Daily Lamp 25,true,false,false,62,,,
V002413,C00655,2025-11-07,social,P008,Modern Serum 08,true,true,true,80,,T005722,
V002414,C00740,2025-05-05,organic_search,P002,Pure Band 02,true,false,false,41,,,
V002415,C00257,2025-09-04,social,P001,Daily Lamp 01,true,true,true,97,WEEKEND15,T004631,
V002416,C00054,2025-05-31,paid_search,P029,Bright Organizer 29,true,false,true,38,,T002882,
V002417,C00718,2025-04-16,direct,P008,Modern Serum 08,true,true,false,51,WEEKEND15,,
V002418,C00246,2025-09-12,organic_search,P022,Active Mat 22,true,false,false,78,,,
V002419,C00226,2025-03-04,organic_search,P023,Calm Cream 23,true,false,false,182,,,
V002420,C00941,2025-12-13,direct,P007,Calm Cream 07,true,false,true,95,,T006310,
V002421,C00769,2025-06-24,social,P018,Pure Band 18,true,false,false,88,,,
V002422,C00569,2025-01-19,direct,P027,Urban Bottle 27,true,true,false,147,,,
V002423,C00073,2025-08-22,paid_search,P007,Calm Cream 07,true,false,false,164,,,
V002424,C00672,2025-05-13,email,P014,Active Mat 14,true,true,true,158,WELCOME5,T002521,
V002425,C00507,2025-01-18,email,P009,Daily Lamp 09,true,false,false,44,LOYALTY10,,
V002426,C00402,2025-05-31,direct,P029,Bright Organizer 29,true,false,false,22,,,
V002427,C00915,2025-08-12,paid_search,P004,Essential Bag 04,true,false,false,10,LOYALTY10,,
V002428,C00527,2025-02-04,email,P008,Modern Serum 08,true,false,false,80,WEEKEND15,,
V002429,C00765,2025-12-13,organic_search,P028,Essential Bag 28,true,false,false,46,,,
V002430,C00268,2025-09-26,referral,P014,Active Mat 14,false,false,false,93,,,
V002431,C00420,2025-10-12,organic_search,P017,Daily Lamp 17,true,false,false,33,LOYALTY10,,
V002432,C00383,2025-12-04,social,P012,Essential Bag 12,true,true,true,75,,T006136,
V002433,C00648,2025-02-06,referral,P028,Essential Bag 28,true,false,false,5,,,
V002434,C00694,2025-12-08,organic_search,P015,Calm Cream 15,true,false,false,24,,,
V002435,C00602,2025-10-30,organic_search,P025,Daily Lamp 25,true,false,false,42,,,
V002436,C00163,2025-01-16,paid_search,P004,Essential Bag 04,true,false,false,14,,,
V002437,C00919,2025-12-01,paid_search,P010,Pure Band 10,true,true,false,120,,,
V002438,C00288,2025-08-29,email,P020,Essential Bag 20,true,true,false,128,WEEKEND15,,
V002439,C00137,2025-10-17,referral,P017,Daily Lamp 17,true,false,false,32,,,
V002440,C00910,2025-01-12,paid_search,P024,Modern Serum 24,true,false,false,144,,,
V002441,C00398,2025-05-04,paid_search,P006,Active Mat 06,true,true,true,43,,T002365,
V002442,C00507,2025-03-06,social,P007,Calm Cream 07,true,false,false,132,LOYALTY10,,
V002443,C00915,2025-11-07,direct,P012,Essential Bag 12,true,true,false,133,LOYALTY10,,
V002444,C00762,2025-10-18,organic_search,P001,Daily Lamp 01,true,false,false,89,,,
V002445,C00815,2025-02-28,direct,P015,Calm Cream 15,true,false,false,236,,,
V002446,C00898,2025-07-24,direct,P021,Bright Organizer 21,true,false,false,10,,,
V002447,C00082,2025-07-31,paid_search,P016,Modern Serum 16,false,false,false,17,,,
V002448,C00032,2025-04-03,paid_search,P030,Active Mat 30,true,false,false,22,,,
V002449,C00043,2025-09-10,paid_search,P013,Bright Organizer 13,true,true,false,34,,,
V002450,C00942,2025-06-22,paid_search,P006,Active Mat 06,false,false,false,38,WELCOME5,,
V002451,C00595,2025-06-21,paid_search,P003,Urban Bottle 03,true,false,false,68,WEEKEND15,,
V002452,C00761,2025-09-02,direct,P007,Calm Cream 07,true,false,false,71,,,
V002453,C00363,2025-11-14,organic_search,P014,Active Mat 14,false,false,false,196,WELCOME5,,
V002454,C00568,2025-12-09,direct,P023,Calm Cream 23,true,true,true,75,,T006232,
V002455,C00616,2025-02-19,email,P025,Daily Lamp 25,true,false,false,100,,,
V002456,C00744,2025-02-11,referral,P022,Active Mat 22,true,true,false,38,WEEKEND15,,
V002457,C00665,2025-11-09,organic_search,P006,Active Mat 06,true,true,false,140,WELCOME5,,
V002458,C00603,2025-01-26,email,P014,Active Mat 14,true,false,true,27,,T000489,
V002459,C00520,2025-07-03,organic_search,P026,Pure Band 26,true,false,false,20,,,
V002460,C00371,2025-01-13,email,P006,Active Mat 06,true,false,false,88,,,
V002461,C00576,2025-08-08,direct,P002,Pure Band 02,true,true,false,34,,,
V002462,C00492,2025-10-12,email,P010,Pure Band 10,true,false,false,32,,,
V002463,C00828,2025-08-15,direct,P021,Bright Organizer 21,true,false,false,95,,,
V002464,C00383,2025-09-07,email,P004,Essential Bag 04,true,false,false,48,,,
V002465,C00040,2025-01-21,paid_search,P017,Daily Lamp 17,true,false,false,156,,,
V002466,C00647,2025-09-08,direct,P014,Active Mat 14,true,false,false,68,,,
V002467,C00621,2025-07-15,paid_search,P007,Calm Cream 07,true,false,false,42,,,
V002468,C00768,2025-02-14,paid_search,P029,Bright Organizer 29,true,false,false,77,,,
V002469,C00969,2025-04-24,referral,P022,Active Mat 22,true,false,false,26,,,
V002470,C00554,2025-03-05,paid_search,P005,Bright Organizer 05,true,false,false,77,WEEKEND15,,
V002471,C00808,2025-08-26,organic_search,P023,Calm Cream 23,false,false,false,91,,,
V002472,C00182,2025-11-29,organic_search,P028,Essential Bag 28,true,false,false,161,,,
V002473,C00455,2025-12-25,paid_search,P002,Pure Band 02,true,false,false,321,,,
V002474,C00715,2025-08-29,email,P010,Pure Band 10,true,false,false,104,,,
V002475,C00025,2025-06-25,direct,P018,Pure Band 18,true,false,false,35,WELCOME5,,
V002476,C00604,2025-10-28,paid_search,P014,Active Mat 14,false,false,false,26,LOYALTY10,,
V002477,C00347,2025-07-25,social,P005,Bright Organizer 05,false,false,false,43,,,
V002478,C00809,2025-01-26,organic_search,P012,Essential Bag 12,true,false,false,42,,,
V002479,C00394,2025-03-24,paid_search,P017,Daily Lamp 17,true,false,false,15,,,
V002480,C00792,2025-02-08,organic_search,P029,Bright Organizer 29,true,false,false,21,LOYALTY10,,
V002481,C00816,2025-05-18,referral,P009,Daily Lamp 09,true,false,false,183,,,
V002482,C00953,2025-07-11,organic_search,P009,Daily Lamp 09,true,false,false,57,,,
V002483,C00504,2025-09-22,organic_search,P023,Calm Cream 23,false,false,false,55,WEEKEND15,,
V002484,C00433,2025-07-16,direct,P028,Essential Bag 28,true,false,false,19,,,
V002485,C00841,2025-12-27,organic_search,P016,Modern Serum 16,false,false,false,108,LOYALTY10,,
V002486,C00173,2025-10-01,paid_search,P014,Active Mat 14,true,false,false,35,,,
V002487,C00290,2025-12-21,direct,P012,Essential Bag 12,true,false,false,134,,,
V002488,C00442,2025-08-14,email,P024,Modern Serum 24,true,false,true,11,,T004263,
V002489,C00130,2025-06-17,paid_search,P029,Bright Organizer 29,true,false,false,46,,,
V002490,C00918,2025-05-02,email,P016,Modern Serum 16,true,false,false,16,,,
V002491,C00999,2025-07-03,social,P007,Calm Cream 07,true,false,false,31,,,
V002492,C00419,2025-09-08,direct,P029,Bright Organizer 29,true,false,false,30,,,
V002493,C00297,2025-03-24,organic_search,P026,Pure Band 26,true,false,false,10,,,
V002494,C00341,2025-05-11,paid_search,P016,Modern Serum 16,true,true,false,67,,,
V002495,C00589,2025-01-24,referral,P011,Urban Bottle 11,true,false,false,58,,,
V002496,C00542,2025-05-04,email,P019,Urban Bottle 19,true,false,false,21,WELCOME5,,
V002497,C00306,2025-07-26,organic_search,P011,Urban Bottle 11,true,false,false,28,LOYALTY10,,
V002498,C00944,2025-09-15,organic_search,P027,Urban Bottle 27,true,false,false,30,,,
V002499,C00482,2025-11-24,paid_search,P004,Essential Bag 04,false,false,false,102,,,
V002500,C00452,2025-11-10,organic_search,P019,Urban Bottle 19,true,false,false,81,,,
V002501,C00652,2025-02-21,direct,P005,Bright Organizer 05,true,false,true,186,,T000954,
V002502,C00759,2025-10-14,direct,P016,Modern Serum 16,false,false,false,63,,,
V002503,C00094,2025-09-14,paid_search,P022,Active Mat 22,true,false,false,42,LOYALTY10,,
V002504,C00186,2025-09-30,organic_search,P021,Bright Organizer 21,true,false,false,90,,,
V002505,C00132,2025-06-21,organic_search,P009,Daily Lamp 09,true,false,false,44,,,
V002506,C00901,2025-10-14,social,P022,Active Mat 22,true,false,false,44,,,
V002507,C00268,2025-04-15,organic_search,P006,Active Mat 06,true,true,false,23,,,
V002508,C00724,2025-03-06,paid_search,P005,Bright Organizer 05,true,false,false,682,,,
V002509,C00729,2025-02-19,paid_search,P011,Urban Bottle 11,true,false,false,25,,,
V002510,C00090,2025-06-19,organic_search,P001,Daily Lamp 01,true,false,false,49,,,
V002511,C00675,2025-04-14,social,P014,Active Mat 14,true,false,false,93,,,
V002512,C00188,2025-06-14,referral,P005,Bright Organizer 05,true,false,false,11,,,
V002513,C00799,2025-08-31,direct,P024,Modern Serum 24,true,false,true,45,WEEKEND15,T004558,
V002514,C00767,2025-10-31,paid_search,P006,Active Mat 06,false,false,false,72,,,
V002515,C00473,2025-08-17,organic_search,P020,Essential Bag 20,true,false,false,63,,,
V002516,C00001,2025-07-26,organic_search,P023,Calm Cream 23,false,false,false,68,,,
V002517,C00605,2025-12-23,organic_search,P012,Essential Bag 12,false,false,false,67,,,
V002518,C00372,2025-11-24,paid_search,P026,Pure Band 26,true,true,false,166,WEEKEND15,,
V002519,C00467,2025-11-13,direct,P001,Daily Lamp 01,true,false,false,70,WELCOME5,,
V002520,C00731,2025-07-25,organic_search,P017,Daily Lamp 17,true,false,true,112,,T003919,
V002521,C00458,2025-02-14,organic_search,P026,Pure Band 26,true,false,false,28,WEEKEND15,,
V002522,C00611,2025-05-09,paid_search,P025,Daily Lamp 25,true,false,false,19,,,
V002523,C00718,2025-09-28,organic_search,P024,Modern Serum 24,false,false,false,48,,,
V002524,C00088,2025-04-23,paid_search,P007,Calm Cream 07,true,false,false,298,,,
V002525,C00725,2025-07-08,direct,P024,Modern Serum 24,true,false,false,76,,,
V002526,C00586,2025-07-18,direct,P020,Essential Bag 20,true,false,true,20,,T003777,
V002527,C00010,2025-06-06,paid_search,P018,Pure Band 18,true,false,false,42,,,
V002528,C00274,2025-05-02,organic_search,P001,Daily Lamp 01,true,false,false,109,,,
V002529,C00808,2025-05-18,social,P017,Daily Lamp 17,true,false,false,44,LOYALTY10,,
V002530,C00857,2025-05-17,direct,P018,Pure Band 18,true,false,false,19,,,
V002531,C00951,2025-12-10,direct,P004,Essential Bag 04,true,true,true,82,,T006261,
V002532,C00107,2025-12-10,organic_search,P023,Calm Cream 23,true,false,true,191,WELCOME5,T006262,
V002533,C00289,2025-07-12,email,P012,Essential Bag 12,true,false,false,59,,,
V002534,C00708,2025-07-06,direct,P027,Urban Bottle 27,true,false,false,49,,,
V002535,C00960,2025-07-25,paid_search,P005,Bright Organizer 05,false,false,false,70,,,
V002536,C00488,2025-02-16,organic_search,P006,Active Mat 06,true,false,false,34,,,
V002537,C00084,2025-06-06,social,P023,Calm Cream 23,true,false,false,22,,,
V002538,C00004,2025-04-03,paid_search,P001,Daily Lamp 01,true,false,false,74,,,
V002539,C00756,2025-04-16,social,P029,Bright Organizer 29,true,false,false,39,,,
V002540,C00720,2025-06-18,organic_search,P003,Urban Bottle 03,true,false,false,24,,,
V002541,C00229,2025-11-22,social,P023,Calm Cream 23,true,false,false,113,,,
V002542,C00841,2025-03-08,direct,P008,Modern Serum 08,true,false,false,42,,,
V002543,C00005,2025-12-19,paid_search,P016,Modern Serum 16,false,false,false,38,LOYALTY10,,
V002544,C00388,2025-05-28,email,P023,Calm Cream 23,false,false,false,24,,,
V002545,C00516,2025-12-11,paid_search,P004,Essential Bag 04,true,false,false,51,,,
V002546,C00120,2025-12-13,social,P028,Essential Bag 28,true,false,false,57,,,
V002547,C00005,2025-09-02,social,P011,Urban Bottle 11,true,false,false,79,,,
V002548,C00634,2025-01-08,paid_search,P016,Modern Serum 16,true,false,false,5,,,
V002549,C00420,2025-05-07,email,P023,Calm Cream 23,true,false,true,83,,T002415,
V002550,C00872,2025-01-29,email,P028,Essential Bag 28,true,false,false,23,,,
V002551,C00260,2025-09-05,direct,P025,Daily Lamp 25,true,true,true,375,WEEKEND15,T004648,
V002552,C00685,2025-04-10,social,P004,Essential Bag 04,true,false,false,100,,,
V002553,C00290,2025-01-04,email,P024,Modern Serum 24,true,false,false,133,,,
V002554,C00930,2025-03-17,social,P009,Daily Lamp 09,true,false,true,84,,T001409,
V002555,C00962,2025-03-10,organic_search,P016,Modern Serum 16,true,false,false,103,WELCOME5,,
V002556,C00694,2025-11-09,referral,P016,Modern Serum 16,true,true,false,335,,,
V002557,C00825,2025-11-06,organic_search,P019,Urban Bottle 19,true,false,false,56,WEEKEND15,,
V002558,C00681,2025-02-14,organic_search,P006,Active Mat 06,true,false,false,36,WEEKEND15,,
V002559,C00001,2025-09-07,organic_search,P028,Essential Bag 28,true,false,false,47,,,
V002560,C00113,2025-01-21,organic_search,P003,Urban Bottle 03,true,true,false,26,WEEKEND15,,
V002561,C00643,2025-05-06,paid_search,P009,Daily Lamp 09,true,false,false,27,WEEKEND15,,
V002562,C00549,2025-08-03,email,P021,Bright Organizer 21,true,false,false,56,,,
V002563,C00438,2025-11-30,organic_search,P006,Active Mat 06,false,false,false,51,,,
V002564,C00226,2025-05-08,referral,P014,Active Mat 14,true,false,false,79,LOYALTY10,,
V002565,C00727,2025-06-20,organic_search,P004,Essential Bag 04,true,true,false,139,,,
V002566,C00717,2025-05-18,organic_search,P013,Bright Organizer 13,true,false,false,68,WELCOME5,,
V002567,C00646,2025-01-20,direct,P023,Calm Cream 23,true,true,false,79,,,
V002568,C00496,2025-04-05,referral,P014,Active Mat 14,true,false,false,40,LOYALTY10,,
V002569,C00504,2025-08-05,email,P007,Calm Cream 07,true,false,false,155,,,
V002570,C00717,2025-01-13,email,P001,Daily Lamp 01,true,false,false,17,,,
V002571,C00123,2025-04-25,email,P002,Pure Band 02,true,true,false,73,,,
V002572,C00066,2025-07-19,social,P003,Urban Bottle 03,true,false,false,21,,,
V002573,C00613,2025-03-04,email,P016,Modern Serum 16,true,false,false,27,WEEKEND15,,
V002574,C00747,2025-07-08,email,P012,Essential Bag 12,true,false,false,19,,,
V002575,C00499,2025-04-05,direct,P018,Pure Band 18,true,false,false,84,,,
V002576,C00763,2025-12-11,referral,P014,Active Mat 14,true,true,true,134,,T006282,
V002577,C00828,2025-03-16,paid_search,P009,Daily Lamp 09,true,false,false,46,,,
V002578,C00032,2025-12-18,organic_search,P003,Urban Bottle 03,true,true,false,115,,,
V002579,C00817,2025-04-22,direct,P021,Bright Organizer 21,true,false,false,47,,,
V002580,C00244,2025-03-27,paid_search,P002,Pure Band 02,true,false,false,43,,,
V002581,C00140,2025-06-19,organic_search,P030,Active Mat 30,true,false,false,34,,,
V002582,C00997,2025-01-08,direct,P024,Modern Serum 24,true,false,false,102,,,
V002583,C00254,2025-08-02,email,P004,Essential Bag 04,true,true,false,39,WEEKEND15,,
V002584,C00944,2025-08-23,email,P016,Modern Serum 16,false,false,false,54,,,
V002585,C00343,2025-12-08,email,P028,Essential Bag 28,true,false,false,24,,,
V002586,C00207,2025-04-15,social,P020,Essential Bag 20,true,false,false,67,,,
V002587,C00877,2025-05-23,social,P020,Essential Bag 20,true,false,false,40,,,
V002588,C00990,2025-11-11,social,P005,Bright Organizer 05,true,false,false,90,,,
V002589,C00400,2025-01-27,social,P028,Essential Bag 28,true,false,false,66,,,
V002590,C00593,2025-04-14,organic_search,P021,Bright Organizer 21,true,false,false,38,,,
V002591,C00583,2025-01-29,paid_search,P005,Bright Organizer 05,true,false,false,9,,,
V002592,C00199,2025-04-20,organic_search,P021,Bright Organizer 21,true,false,false,20,,,
V002593,C00336,2025-04-23,organic_search,P021,Bright Organizer 21,true,true,false,66,,,
V002594,C00181,2025-07-10,email,P003,Urban Bottle 03,true,true,false,109,,,
V002595,C00033,2025-12-31,direct,P010,Pure Band 10,true,false,true,141,,T006545,
V002596,C00707,2025-01-07,social,P025,Daily Lamp 25,true,false,false,62,WEEKEND15,,
V002597,C00230,2025-09-18,email,P026,Pure Band 26,true,false,false,37,WEEKEND15,,
V002598,C00214,2025-12-23,email,P005,Bright Organizer 05,false,false,false,55,WEEKEND15,,
V002599,C00373,2025-09-18,direct,P005,Bright Organizer 05,true,true,false,30,,,
V002600,C00457,2025-09-03,organic_search,P018,Pure Band 18,true,true,true,110,,T004606,
V002601,C00580,2025-12-14,paid_search,P020,Essential Bag 20,true,false,false,38,LOYALTY10,,
V002602,C00407,2025-08-20,direct,P004,Essential Bag 04,false,false,false,21,,,
V002603,C00535,2025-11-08,organic_search,P028,Essential Bag 28,true,false,false,32,,,
V002604,C00211,2025-12-21,organic_search,P008,Modern Serum 08,true,true,false,123,LOYALTY10,,
V002605,C00775,2025-06-10,referral,P020,Essential Bag 20,true,false,false,180,WELCOME5,,
V002606,C00436,2025-05-19,organic_search,P022,Active Mat 22,true,false,false,50,,,
V002607,C00452,2025-12-14,organic_search,P020,Essential Bag 20,true,true,true,627,,T006322,
V002608,C00036,2025-05-08,social,P020,Essential Bag 20,true,false,false,69,LOYALTY10,,
V002609,C00170,2025-03-11,social,P007,Calm Cream 07,true,false,false,19,,,
V002610,C00027,2025-11-12,direct,P024,Modern Serum 24,true,false,false,36,,,
V002611,C00573,2025-03-07,organic_search,P023,Calm Cream 23,true,true,false,118,,,
V002612,C00779,2025-10-13,paid_search,P024,Modern Serum 24,true,false,false,57,,,
V002613,C00474,2025-01-14,social,P021,Bright Organizer 21,true,false,false,38,,,
V002614,C00875,2025-12-11,direct,P022,Active Mat 22,true,true,false,25,WEEKEND15,,
V002615,C00438,2025-11-27,direct,P015,Calm Cream 15,true,false,false,91,WEEKEND15,,
V002616,C00676,2025-04-23,direct,P004,Essential Bag 04,true,false,false,158,,,
V002617,C00825,2025-10-01,email,P024,Modern Serum 24,true,false,false,44,,,
V002618,C00387,2025-09-21,organic_search,P028,Essential Bag 28,true,false,false,20,,,
V002619,C00916,2025-01-03,organic_search,P011,Urban Bottle 11,true,false,false,42,,,
V002620,C00382,2025-02-09,paid_search,P025,Daily Lamp 25,true,false,false,13,,,
V002621,C00007,2025-06-23,organic_search,P016,Modern Serum 16,true,true,false,64,WEEKEND15,,
V002622,C00211,2025-12-06,email,P001,Daily Lamp 01,true,true,false,87,WELCOME5,,
V002623,C00809,2025-09-12,social,P017,Daily Lamp 17,true,false,false,16,WELCOME5,,
V002624,C00999,2025-03-22,paid_search,P020,Essential Bag 20,true,true,false,52,,,
V002625,C00637,2025-05-01,social,P025,Daily Lamp 25,true,false,false,13,,,
V002626,C00084,2025-08-17,paid_search,P028,Essential Bag 28,true,false,false,27,,,
V002627,C00998,2025-04-09,referral,P001,Daily Lamp 01,true,true,false,18,,,
V002628,C00949,2025-08-01,paid_search,P005,Bright Organizer 05,true,false,false,67,,,
V002629,C00240,2025-06-29,organic_search,P021,Bright Organizer 21,true,false,false,22,WELCOME5,,
V002630,C00068,2025-04-26,organic_search,P022,Active Mat 22,true,false,false,12,,,
V002631,C00695,2025-07-14,direct,P002,Pure Band 02,true,false,false,66,,,
V002632,C00359,2025-02-15,organic_search,P013,Bright Organizer 13,true,false,false,39,,,
V002633,C00362,2025-01-24,organic_search,P011,Urban Bottle 11,true,false,false,52,,,
V002634,C00951,2025-07-12,organic_search,P018,Pure Band 18,true,false,false,73,,,
V002635,C00493,2025-03-30,paid_search,P029,Bright Organizer 29,true,false,false,63,,,
V002636,C00955,2025-01-14,direct,P016,Modern Serum 16,true,false,false,8,,,
V002637,C00454,2025-02-24,organic_search,P024,Modern Serum 24,true,false,false,270,,,
V002638,C00720,2025-04-22,social,P027,Urban Bottle 27,true,false,false,189,,,
V002639,C00886,2025-11-17,direct,P002,Pure Band 02,true,false,false,144,WEEKEND15,,
V002640,C00789,2025-12-27,organic_search,P003,Urban Bottle 03,true,true,true,114,,T006503,
V002641,C00770,2025-07-23,referral,P016,Modern Serum 16,true,false,false,60,,,
V002642,C00907,2025-02-17,social,P030,Active Mat 30,true,false,false,27,WEEKEND15,,
V002643,C00751,2025-03-25,email,P007,Calm Cream 07,true,false,false,104,,,
V002644,C00453,2025-12-31,organic_search,P030,Active Mat 30,false,false,false,29,,,
V002645,C00936,2025-05-21,organic_search,P017,Daily Lamp 17,true,false,false,49,,,
V002646,C00111,2025-06-06,social,P001,Daily Lamp 01,true,false,false,26,,,
V002647,C00987,2025-06-27,organic_search,P002,Pure Band 02,true,true,false,163,WELCOME5,,
V002648,C00396,2025-01-15,social,P012,Essential Bag 12,true,false,false,39,,,
V002649,C00956,2025-12-09,email,P023,Calm Cream 23,true,false,false,46,WEEKEND15,,
V002650,C00039,2025-09-17,direct,P004,Essential Bag 04,false,false,false,50,,,
V002651,C00209,2025-12-22,paid_search,P006,Active Mat 06,false,false,false,150,,,
V002652,C00450,2025-04-18,direct,P001,Daily Lamp 01,true,false,true,122,WELCOME5,T002069,
V002653,C00978,2025-02-16,paid_search,P009,Daily Lamp 09,true,false,false,59,WEEKEND15,,
V002654,C00249,2025-05-07,organic_search,P002,Pure Band 02,true,false,false,25,WELCOME5,,
V002655,C00562,2025-12-05,direct,P013,Bright Organizer 13,true,false,true,26,,T006168,
V002656,C00856,2025-05-14,paid_search,P024,Modern Serum 24,true,false,false,104,,,
V002657,C00188,2025-07-02,paid_search,P009,Daily Lamp 09,true,false,false,99,,,
V002658,C00358,2025-07-07,direct,P027,Urban Bottle 27,true,false,false,20,,,
V002659,C00842,2025-11-13,paid_search,P009,Daily Lamp 09,true,false,false,36,,,
V002660,C00631,2025-09-10,direct,P004,Essential Bag 04,true,false,false,73,LOYALTY10,,
V002661,C00128,2025-07-06,email,P015,Calm Cream 15,true,false,true,18,,T003563,
V002662,C00668,2025-07-01,paid_search,P027,Urban Bottle 27,true,false,false,131,,,
V002663,C00160,2025-02-24,social,P028,Essential Bag 28,true,false,false,14,,,
V002664,C00690,2025-04-19,social,P012,Essential Bag 12,true,false,false,665,,,
V002665,C00752,2025-08-07,social,P029,Bright Organizer 29,true,false,false,82,,,
V002666,C00131,2025-12-21,email,P023,Calm Cream 23,true,false,false,142,WELCOME5,,
V002667,C00787,2025-07-01,referral,P001,Daily Lamp 01,true,false,false,104,,,
V002668,C00581,2025-10-12,direct,P023,Calm Cream 23,true,false,false,16,,,
V002669,C00345,2025-06-03,social,P009,Daily Lamp 09,true,false,false,50,LOYALTY10,,
V002670,C00867,2025-05-23,paid_search,P003,Urban Bottle 03,true,true,false,13,,,
V002671,C00003,2025-03-10,email,P019,Urban Bottle 19,true,true,true,47,,T001292,
V002672,C00394,2025-11-18,paid_search,P016,Modern Serum 16,false,false,false,19,,,
V002673,C00949,2025-11-17,social,P006,Active Mat 06,false,false,false,30,,,
V002674,C00462,2025-10-30,organic_search,P008,Modern Serum 08,true,false,false,15,,,
V002675,C00415,2025-09-08,referral,P015,Calm Cream 15,true,true,false,59,,,
V002676,C00158,2025-12-07,email,P026,Pure Band 26,true,false,true,191,WEEKEND15,T006213,
V002677,C00195,2025-06-20,direct,P005,Bright Organizer 05,true,false,false,67,LOYALTY10,,
V002678,C00551,2025-12-26,organic_search,P022,Active Mat 22,true,false,true,124,,T006497,
V002679,C00302,2025-06-23,direct,P030,Active Mat 30,true,false,false,45,,,
V002680,C00976,2025-09-26,referral,P008,Modern Serum 08,true,false,false,38,,,
V002681,C00741,2025-01-11,social,P018,Pure Band 18,true,false,false,25,WEEKEND15,,
V002682,C00522,2025-12-17,direct,P005,Bright Organizer 05,true,true,false,39,,,
V002683,C00688,2025-05-26,social,P019,Urban Bottle 19,true,false,false,136,,,
V002684,C00574,2025-10-14,email,P014,Active Mat 14,true,false,false,22,,,
V002685,C00176,2025-04-11,organic_search,P010,Pure Band 10,true,false,false,38,WELCOME5,,
V002686,C00404,2025-08-15,organic_search,P002,Pure Band 02,true,false,false,198,,,
V002687,C00766,2025-06-26,email,P005,Bright Organizer 05,false,false,false,19,,,
V002688,C00273,2025-12-19,direct,P023,Calm Cream 23,true,false,false,77,LOYALTY10,,
V002689,C00276,2025-07-07,referral,P011,Urban Bottle 11,true,false,false,60,,,
V002690,C00266,2025-02-19,direct,P010,Pure Band 10,true,false,false,46,,,
V002691,C00530,2025-11-18,direct,P004,Essential Bag 04,false,false,false,64,WELCOME5,,
V002692,C00748,2025-01-28,social,P008,Modern Serum 08,true,true,false,98,,,
V002693,C00811,2025-11-28,direct,P029,Bright Organizer 29,true,false,false,219,WELCOME5,,
V002694,C00794,2025-10-22,email,P004,Essential Bag 04,false,false,false,24,WELCOME5,,
V002695,C00321,2025-01-23,referral,P027,Urban Bottle 27,true,false,false,51,,,
V002696,C00320,2025-07-27,social,P002,Pure Band 02,true,false,false,104,,,
V002697,C00077,2025-03-31,email,P003,Urban Bottle 03,true,false,false,29,,,
V002698,C00286,2025-01-03,email,P012,Essential Bag 12,true,false,false,51,,,
V002699,C00332,2025-11-03,social,P016,Modern Serum 16,true,false,false,7,,,
V002700,C00461,2025-08-11,organic_search,P012,Essential Bag 12,true,true,false,96,WEEKEND15,,
V002701,C00605,2025-11-16,organic_search,P009,Daily Lamp 09,true,false,false,178,,,
V002702,C00204,2025-04-13,direct,P011,Urban Bottle 11,true,false,false,218,WELCOME5,,
V002703,C00773,2025-06-01,social,P022,Active Mat 22,true,false,false,44,,,
V002704,C00260,2025-06-28,organic_search,P011,Urban Bottle 11,true,false,false,48,,,
V002705,C00446,2025-07-10,social,P002,Pure Band 02,true,false,false,48,,,
V002706,C00194,2025-11-03,organic_search,P006,Active Mat 06,true,false,false,73,WELCOME5,,
V002707,C00816,2025-11-24,direct,P004,Essential Bag 04,false,false,false,8,,,
V002708,C00440,2025-10-14,paid_search,P030,Active Mat 30,true,false,false,47,,,
V002709,C00792,2025-01-26,email,P013,Bright Organizer 13,true,false,false,140,,,
V002710,C00219,2025-12-30,paid_search,P027,Urban Bottle 27,true,false,false,136,WEEKEND15,,
V002711,C00902,2025-11-28,direct,P030,Active Mat 30,false,false,false,24,,,
V002712,C00545,2025-03-24,organic_search,P006,Active Mat 06,true,true,false,64,,,
V002713,C00913,2025-01-01,email,P006,Active Mat 06,true,false,false,48,,,
V002714,C00212,2025-12-15,direct,P003,Urban Bottle 03,true,false,false,144,,,
V002715,C00628,2025-07-14,social,P030,Active Mat 30,true,false,false,25,WEEKEND15,,
V002716,C00137,2025-05-03,email,P002,Pure Band 02,true,false,false,139,,,
V002717,C00836,2025-10-23,organic_search,P001,Daily Lamp 01,false,false,false,360,,,
V002718,C00544,2025-09-30,referral,P027,Urban Bottle 27,true,false,false,81,,,
V002719,C00515,2025-08-28,paid_search,P019,Urban Bottle 19,false,false,false,13,,,
V002720,C00937,2025-10-18,paid_search,P028,Essential Bag 28,true,false,false,36,WELCOME5,,
V002721,C00468,2025-09-18,referral,P012,Essential Bag 12,true,false,false,61,,,
V002722,C00236,2025-07-16,organic_search,P016,Modern Serum 16,true,false,false,26,LOYALTY10,,
V002723,C00010,2025-09-02,paid_search,P016,Modern Serum 16,true,false,false,123,,,
V002724,C00239,2025-11-09,social,P025,Daily Lamp 25,true,false,false,118,,,
V002725,C00084,2025-08-27,social,P009,Daily Lamp 09,true,false,false,51,,,
V002726,C00339,2025-04-25,direct,P003,Urban Bottle 03,true,false,false,42,,,
V002727,C00538,2025-07-19,referral,P005,Bright Organizer 05,false,false,false,72,LOYALTY10,,
V002728,C00954,2025-04-17,paid_search,P022,Active Mat 22,true,false,false,58,,,
V002729,C00636,2025-06-28,organic_search,P011,Urban Bottle 11,true,false,false,87,WELCOME5,,
V002730,C00193,2025-08-02,paid_search,P001,Daily Lamp 01,true,false,false,180,,,
V002731,C00682,2025-11-24,organic_search,P013,Bright Organizer 13,true,true,false,360,,,
V002732,C00944,2025-05-15,paid_search,P014,Active Mat 14,true,false,false,69,WEEKEND15,,
V002733,C00216,2025-05-27,paid_search,P005,Bright Organizer 05,true,false,false,69,,,
V002734,C00956,2025-04-21,referral,P019,Urban Bottle 19,true,false,false,39,LOYALTY10,,
V002735,C00124,2025-04-26,social,P012,Essential Bag 12,true,false,false,51,,,
V002736,C00016,2025-04-24,social,P023,Calm Cream 23,true,false,false,93,,,
V002737,C00368,2025-09-08,organic_search,P020,Essential Bag 20,true,true,false,32,,,
V002738,C00174,2025-11-19,direct,P030,Active Mat 30,true,false,false,113,,,
V002739,C00802,2025-07-04,social,P026,Pure Band 26,true,true,false,228,,,
V002740,C00340,2025-02-07,paid_search,P028,Essential Bag 28,true,false,false,66,LOYALTY10,,
V002741,C00775,2025-02-23,organic_search,P024,Modern Serum 24,true,false,false,98,,,
V002742,C00180,2025-09-10,social,P027,Urban Bottle 27,true,true,false,133,,,
V002743,C00683,2025-11-21,organic_search,P012,Essential Bag 12,true,false,false,141,,,
V002744,C00633,2025-10-16,social,P020,Essential Bag 20,true,false,false,46,,,
V002745,C00294,2025-03-05,paid_search,P016,Modern Serum 16,true,false,false,41,,,
V002746,C00523,2025-06-07,paid_search,P024,Modern Serum 24,true,false,false,42,,,
V002747,C00697,2025-05-20,social,P011,Urban Bottle 11,true,true,false,100,,,
V002748,C00161,2025-08-21,organic_search,P026,Pure Band 26,true,false,false,45,,,
V002749,C00579,2025-12-20,email,P016,Modern Serum 16,false,false,false,24,,,
V002750,C00586,2025-12-02,paid_search,P005,Bright Organizer 05,true,false,false,50,,,
V002751,C00499,2025-05-21,direct,P022,Active Mat 22,true,false,false,14,,,
V002752,C00723,2025-04-04,direct,P014,Active Mat 14,true,false,false,8,,,
V002753,C00797,2025-02-05,paid_search,P028,Essential Bag 28,true,false,false,102,WELCOME5,,
V002754,C00840,2025-01-07,direct,P004,Essential Bag 04,true,false,false,32,,,
V002755,C00427,2025-08-23,paid_search,P015,Calm Cream 15,true,false,false,105,,,
V002756,C00586,2025-07-17,direct,P025,Daily Lamp 25,true,false,false,37,WEEKEND15,,
V002757,C00873,2025-07-23,paid_search,P011,Urban Bottle 11,true,false,false,43,,,
V002758,C00395,2025-10-14,paid_search,P004,Essential Bag 04,true,true,false,101,,,
V002759,C00156,2025-11-19,social,P021,Bright Organizer 21,true,false,false,9,,,
V002760,C00500,2025-05-16,paid_search,P023,Calm Cream 23,true,false,false,56,,,
V002761,C00865,2025-11-30,direct,P014,Active Mat 14,false,false,false,97,,,
V002762,C00210,2025-08-10,direct,P012,Essential Bag 12,true,false,false,147,,,
V002763,C00185,2025-10-19,direct,P030,Active Mat 30,true,false,false,30,,,
V002764,C00836,2025-01-15,direct,P011,Urban Bottle 11,true,false,false,41,,,
V002765,C00625,2025-04-18,referral,P006,Active Mat 06,true,false,false,86,,,
V002766,C00497,2025-06-25,social,P020,Essential Bag 20,true,false,false,83,,,
V002767,C00392,2025-02-07,direct,P026,Pure Band 26,true,false,false,71,,,
V002768,C00839,2025-05-02,referral,P007,Calm Cream 07,true,false,false,66,,,
V002769,C00386,2025-09-01,email,P030,Active Mat 30,true,false,false,50,,,
V002770,C00453,2025-10-01,direct,P016,Modern Serum 16,true,false,false,60,,,
V002771,C00162,2025-03-28,social,P019,Urban Bottle 19,true,false,false,72,,,
V002772,C00193,2025-07-16,organic_search,P027,Urban Bottle 27,true,false,false,31,,,
V002773,C00835,2025-06-11,referral,P011,Urban Bottle 11,true,false,false,95,,,
V002774,C00720,2025-04-10,organic_search,P013,Bright Organizer 13,true,true,false,173,WELCOME5,,
V002775,C00194,2025-11-17,direct,P003,Urban Bottle 03,true,false,false,79,,,
V002776,C00312,2025-10-08,organic_search,P015,Calm Cream 15,true,true,true,166,,T005205,
V002777,C00860,2025-10-11,organic_search,P018,Pure Band 18,true,false,false,257,,,
V002778,C00308,2025-10-20,social,P004,Essential Bag 04,true,false,false,120,,,
V002779,C00213,2025-08-23,paid_search,P021,Bright Organizer 21,true,false,false,55,WEEKEND15,,
V002780,C00853,2025-05-24,paid_search,P023,Calm Cream 23,true,false,false,33,,,
V002781,C00473,2025-08-30,paid_search,P013,Bright Organizer 13,true,false,false,78,,,
V002782,C00356,2025-08-11,organic_search,P023,Calm Cream 23,true,false,false,39,,,
V002783,C00464,2025-02-17,paid_search,P009,Daily Lamp 09,true,false,false,83,,,
V002784,C00926,2025-07-13,referral,P004,Essential Bag 04,true,false,false,30,,,
V002785,C00657,2025-04-24,social,P024,Modern Serum 24,true,false,false,64,,,
V002786,C00026,2025-03-16,paid_search,P022,Active Mat 22,true,false,false,195,LOYALTY10,,
V002787,C00880,2025-03-15,organic_search,P024,Modern Serum 24,true,false,false,80,,,
V002788,C00005,2025-03-10,direct,P005,Bright Organizer 05,true,false,false,20,,,
V002789,C00867,2025-07-03,paid_search,P007,Calm Cream 07,true,false,false,168,LOYALTY10,,
V002790,C00352,2025-01-03,social,P024,Modern Serum 24,true,false,false,171,,,
V002791,C00225,2025-03-26,direct,P016,Modern Serum 16,true,false,false,51,WELCOME5,,
V002792,C00373,2025-06-18,organic_search,P025,Daily Lamp 25,true,false,false,189,LOYALTY10,,
V002793,C00544,2025-07-03,organic_search,P019,Urban Bottle 19,true,false,false,153,,,
V002794,C00148,2025-02-18,referral,P013,Bright Organizer 13,true,false,false,36,,,
V002795,C00488,2025-11-05,organic_search,P025,Daily Lamp 25,true,false,false,100,WEEKEND15,,
V002796,C00618,2025-09-17,direct,P027,Urban Bottle 27,true,false,false,72,WELCOME5,,
V002797,C00868,2025-04-12,email,P026,Pure Band 26,true,false,false,6,,,
V002798,C00732,2025-06-25,direct,P008,Modern Serum 08,true,true,false,27,,,
V002799,C00326,2025-10-27,referral,P014,Active Mat 14,false,false,false,32,,,
V002800,C00747,2025-01-21,direct,P011,Urban Bottle 11,true,true,true,121,,T000384,
V002801,C00414,2025-05-10,email,P004,Essential Bag 04,true,false,false,21,WEEKEND15,,
V002802,C00818,2025-03-06,social,P030,Active Mat 30,true,false,false,33,LOYALTY10,,
V002803,C00916,2025-02-21,organic_search,P017,Daily Lamp 17,true,false,false,29,,,
V002804,C00925,2025-05-09,direct,P026,Pure Band 26,true,false,false,36,,,
V002805,C00454,2025-03-14,paid_search,P017,Daily Lamp 17,true,false,false,30,,,
V002806,C00781,2025-02-16,paid_search,P002,Pure Band 02,true,false,false,150,WELCOME5,,
V002807,C00753,2025-02-23,social,P015,Calm Cream 15,true,false,false,187,,,
V002808,C00443,2025-07-14,social,P002,Pure Band 02,true,false,false,40,,,
V002809,C00130,2025-10-21,email,P014,Active Mat 14,false,false,false,141,,,
V002810,C00459,2025-11-18,social,P017,Daily Lamp 17,true,false,false,31,,,
V002811,C00789,2025-08-07,organic_search,P013,Bright Organizer 13,true,false,false,62,,,
V002812,C00698,2025-12-15,direct,P008,Modern Serum 08,true,false,false,22,,,
V002813,C00975,2025-04-22,paid_search,P005,Bright Organizer 05,true,true,false,111,WELCOME5,,
V002814,C00003,2025-05-26,direct,P022,Active Mat 22,true,false,false,69,,,
V002815,C00381,2025-05-14,organic_search,P027,Urban Bottle 27,true,false,false,16,,,
V002816,C00199,2025-09-24,email,P021,Bright Organizer 21,true,false,false,108,,,
V002817,C00471,2025-05-25,direct,P002,Pure Band 02,true,false,false,65,WEEKEND15,,
V002818,C00751,2025-07-05,email,P009,Daily Lamp 09,true,true,false,234,,,
V002819,C00873,2025-11-24,social,P006,Active Mat 06,false,false,false,51,WELCOME5,,
V002820,C00544,2025-11-22,referral,P019,Urban Bottle 19,false,false,false,109,,,
V002821,C00834,2025-07-15,organic_search,P006,Active Mat 06,true,false,false,24,,,
V002822,C00389,2025-01-19,direct,P018,Pure Band 18,true,false,false,12,,,
V002823,C00391,2025-05-11,organic_search,P020,Essential Bag 20,true,false,false,77,,,
V002824,C00809,2025-12-17,organic_search,P009,Daily Lamp 09,true,false,false,30,,,
V002825,C00026,2025-10-06,organic_search,P001,Daily Lamp 01,true,false,false,36,,,
V002826,C00351,2025-08-06,organic_search,P025,Daily Lamp 25,true,false,false,95,WELCOME5,,
V002827,C00628,2025-12-17,direct,P017,Daily Lamp 17,true,false,false,14,,,
V002828,C00889,2025-11-06,organic_search,P001,Daily Lamp 01,true,false,false,55,,,
V002829,C00075,2025-02-22,email,P009,Daily Lamp 09,true,true,true,71,,T000973,
V002830,C00604,2025-02-08,email,P008,Modern Serum 08,true,true,false,116,WEEKEND15,,
V002831,C00298,2025-06-14,paid_search,P005,Bright Organizer 05,true,true,true,222,,T003126,
V002832,C00740,2025-06-13,organic_search,P019,Urban Bottle 19,true,false,false,26,,,
V002833,C00213,2025-06-12,social,P015,Calm Cream 15,true,false,false,141,,,
V002834,C00630,2025-05-03,organic_search,P015,Calm Cream 15,true,false,false,21,WELCOME5,,
V002835,C00859,2025-05-24,social,P030,Active Mat 30,true,false,false,60,,,
V002836,C00219,2025-06-21,direct,P013,Bright Organizer 13,true,false,false,33,,,
V002837,C00901,2025-09-28,social,P024,Modern Serum 24,false,false,false,146,WELCOME5,,
V002838,C00323,2025-04-06,social,P018,Pure Band 18,true,false,false,13,,,
V002839,C00615,2025-08-11,organic_search,P008,Modern Serum 08,true,false,true,100,,T004223,
V002840,C00088,2025-03-05,social,P027,Urban Bottle 27,true,false,false,17,,,
V002841,C00947,2025-06-04,email,P004,Essential Bag 04,true,false,false,79,,,
V002842,C00133,2025-03-07,social,P022,Active Mat 22,true,false,false,31,,,
V002843,C00092,2025-12-30,organic_search,P028,Essential Bag 28,true,false,false,20,LOYALTY10,,
V002844,C00337,2025-05-31,organic_search,P022,Active Mat 22,true,false,false,139,,,
V002845,C00684,2025-03-30,email,P029,Bright Organizer 29,true,false,false,164,,,
V002846,C00200,2025-08-06,organic_search,P002,Pure Band 02,true,false,false,18,WEEKEND15,,
V002847,C00855,2025-12-22,organic_search,P022,Active Mat 22,true,false,false,29,,,
V002848,C00309,2025-08-21,direct,P022,Active Mat 22,true,false,false,42,WELCOME5,,
V002849,C00179,2025-12-05,organic_search,P005,Bright Organizer 05,true,true,true,96,,T006167,
V002850,C00637,2025-12-28,email,P023,Calm Cream 23,false,false,false,106,WEEKEND15,,
V002851,C00080,2025-01-08,paid_search,P026,Pure Band 26,true,true,false,88,,,
V002852,C00810,2025-04-29,email,P004,Essential Bag 04,false,false,false,25,WEEKEND15,,
V002853,C00705,2025-07-03,social,P021,Bright Organizer 21,true,false,false,29,,,
V002854,C00651,2025-04-04,paid_search,P004,Essential Bag 04,true,false,false,42,,,
V002855,C00334,2025-09-17,social,P009,Daily Lamp 09,true,false,false,39,,,
V002856,C00318,2025-07-04,organic_search,P003,Urban Bottle 03,true,false,false,8,,,
V002857,C00018,2025-01-28,organic_search,P022,Active Mat 22,true,false,false,69,,,
V002858,C00222,2025-12-03,organic_search,P008,Modern Serum 08,true,false,false,33,,,
V002859,C00597,2025-10-03,paid_search,P006,Active Mat 06,true,false,false,65,,,
V002860,C00324,2025-10-02,email,P030,Active Mat 30,true,false,false,60,,,
V002861,C00092,2025-01-02,social,P004,Essential Bag 04,true,false,false,55,,,
V002862,C00751,2025-10-27,organic_search,P004,Essential Bag 04,false,false,false,29,,,
V002863,C00475,2025-05-14,referral,P012,Essential Bag 12,true,true,false,52,WEEKEND15,,
V002864,C00181,2025-05-31,email,P015,Calm Cream 15,true,false,false,80,,,
V002865,C00340,2025-01-13,social,P004,Essential Bag 04,true,false,false,47,,,
V002866,C00562,2025-04-28,organic_search,P006,Active Mat 06,false,false,false,33,,,
V002867,C00726,2025-08-15,email,P014,Active Mat 14,true,false,false,178,LOYALTY10,,
V002868,C00608,2025-08-19,paid_search,P001,Daily Lamp 01,false,false,false,38,,,
V002869,C00319,2025-01-22,social,P012,Essential Bag 12,true,true,false,70,WEEKEND15,,
V002870,C00586,2025-08-07,referral,P016,Modern Serum 16,true,false,false,71,,,
V002871,C00571,2025-01-27,social,P020,Essential Bag 20,true,false,false,76,,,
V002872,C00415,2025-01-06,direct,P028,Essential Bag 28,true,false,false,59,LOYALTY10,,
V002873,C00585,2025-01-07,social,P022,Active Mat 22,true,false,false,113,WEEKEND15,,
V002874,C00048,2025-04-04,organic_search,P008,Modern Serum 08,true,false,false,67,,,
V002875,C00145,2025-03-05,social,P004,Essential Bag 04,true,true,false,232,,,
V002876,C00069,2025-11-08,organic_search,P009,Daily Lamp 09,true,false,false,19,,,
V002877,C00049,2025-11-26,organic_search,P006,Active Mat 06,false,false,false,47,,,
V002878,C00414,2025-03-12,paid_search,P021,Bright Organizer 21,true,false,false,21,,,
V002879,C00483,2025-07-21,direct,P014,Active Mat 14,true,false,true,27,,T003837,
V002880,C00623,2025-03-06,organic_search,P013,Bright Organizer 13,true,false,false,166,LOYALTY10,,
V002881,C00674,2025-04-27,organic_search,P007,Calm Cream 07,true,true,false,98,,,
V002882,C00785,2025-04-27,paid_search,P009,Daily Lamp 09,true,false,false,312,LOYALTY10,,
V002883,C00650,2025-03-05,paid_search,P007,Calm Cream 07,true,false,true,41,WELCOME5,T001187,
V002884,C00656,2025-06-28,organic_search,P008,Modern Serum 08,true,false,false,25,,,
V002885,C00632,2025-01-26,paid_search,P024,Modern Serum 24,true,false,false,113,,,
V002886,C00528,2025-03-23,organic_search,P002,Pure Band 02,true,false,false,52,,,
V002887,C00905,2025-04-12,organic_search,P012,Essential Bag 12,true,false,false,26,,,
V002888,C00083,2025-10-09,paid_search,P011,Urban Bottle 11,true,true,false,53,,,
V002889,C00169,2025-03-01,direct,P021,Bright Organizer 21,true,true,true,65,WEEKEND15,T001128,
V002890,C00754,2025-10-17,paid_search,P023,Calm Cream 23,true,false,false,27,,,
V002891,C00755,2025-11-04,referral,P004,Essential Bag 04,true,false,false,16,,,
V002892,C00204,2025-08-16,paid_search,P006,Active Mat 06,true,true,false,66,WEEKEND15,,
V002893,C00212,2025-08-30,social,P010,Pure Band 10,true,false,false,75,,,
V002894,C00930,2025-06-11,social,P014,Active Mat 14,true,false,false,61,,,
V002895,C00965,2025-01-10,organic_search,P003,Urban Bottle 03,true,false,false,26,,,
V002896,C00919,2025-10-12,direct,P002,Pure Band 02,true,false,false,27,LOYALTY10,,
V002897,C00861,2025-07-18,email,P011,Urban Bottle 11,true,true,false,44,,,
V002898,C00413,2025-09-13,social,P021,Bright Organizer 21,true,true,false,169,,,
V002899,C00833,2025-08-16,direct,P008,Modern Serum 08,true,false,false,49,,,
V002900,C00478,2025-05-22,organic_search,P026,Pure Band 26,true,true,true,61,,T002723,
V002901,C00449,2025-07-12,organic_search,P005,Bright Organizer 05,true,false,false,76,,,
V002902,C00630,2025-05-04,email,P017,Daily Lamp 17,true,false,false,24,LOYALTY10,,
V002903,C00189,2025-05-12,direct,P019,Urban Bottle 19,true,true,false,39,,,
V002904,C00804,2025-10-26,social,P004,Essential Bag 04,false,false,false,84,,,
V002905,C00554,2025-02-15,social,P014,Active Mat 14,true,false,false,37,,,
V002906,C00710,2025-12-10,direct,P014,Active Mat 14,true,false,false,70,,,
V002907,C00790,2025-12-01,direct,P008,Modern Serum 08,true,false,false,40,,,
V002908,C00594,2025-11-11,organic_search,P026,Pure Band 26,true,false,true,78,,T005824,
V002909,C00095,2025-02-17,paid_search,P009,Daily Lamp 09,true,false,false,76,LOYALTY10,,
V002910,C00427,2025-12-03,social,P016,Modern Serum 16,true,false,false,233,,,
V002911,C00826,2025-08-08,organic_search,P026,Pure Band 26,true,false,false,29,,,
V002912,C00213,2025-09-14,organic_search,P027,Urban Bottle 27,true,false,false,105,WEEKEND15,,
V002913,C00940,2025-07-01,paid_search,P025,Daily Lamp 25,true,true,false,128,,,
V002914,C00809,2025-06-18,email,P028,Essential Bag 28,true,true,false,27,,,
V002915,C00917,2025-12-16,social,P024,Modern Serum 24,true,true,false,42,,,
V002916,C00335,2025-10-17,social,P022,Active Mat 22,true,true,false,40,WEEKEND15,,
V002917,C00616,2025-05-26,referral,P001,Daily Lamp 01,false,false,false,82,LOYALTY10,,
V002918,C00668,2025-03-29,paid_search,P014,Active Mat 14,true,false,false,84,,,
V002919,C00217,2025-05-20,referral,P007,Calm Cream 07,true,false,false,49,,,
V002920,C00607,2025-12-19,paid_search,P007,Calm Cream 07,true,false,false,35,LOYALTY10,,
V002921,C00164,2025-06-16,organic_search,P028,Essential Bag 28,true,true,false,25,,,
V002922,C00387,2025-02-11,email,P006,Active Mat 06,true,false,false,139,,,
V002923,C00196,2025-01-22,direct,P026,Pure Band 26,true,false,false,51,,,
V002924,C00468,2025-03-24,organic_search,P003,Urban Bottle 03,true,false,false,29,,,
V002925,C00021,2025-12-16,organic_search,P004,Essential Bag 04,true,true,false,35,,,
V002926,C00742,2025-12-19,paid_search,P003,Urban Bottle 03,true,true,false,68,,,
V002927,C00133,2025-03-26,social,P011,Urban Bottle 11,true,false,false,183,LOYALTY10,,
V002928,C00454,2025-02-21,direct,P019,Urban Bottle 19,true,false,false,26,LOYALTY10,,
V002929,C00407,2025-05-22,email,P024,Modern Serum 24,true,false,false,26,,,
V002930,C00908,2025-09-06,organic_search,P029,Bright Organizer 29,true,false,true,24,WEEKEND15,T004671,
V002931,C00618,2025-04-12,organic_search,P011,Urban Bottle 11,true,false,false,36,WELCOME5,,
V002932,C00737,2025-06-26,direct,P012,Essential Bag 12,true,true,false,44,,,
V002933,C00432,2025-05-21,organic_search,P018,Pure Band 18,true,false,false,79,,,
V002934,C00182,2025-04-26,social,P027,Urban Bottle 27,true,false,false,73,,,
V002935,C00755,2025-01-10,direct,P025,Daily Lamp 25,true,false,false,47,WELCOME5,,
V002936,C00278,2025-03-20,organic_search,P001,Daily Lamp 01,true,false,false,27,,,
V002937,C00655,2025-05-03,email,P009,Daily Lamp 09,true,false,false,76,,,
V002938,C00474,2025-06-25,organic_search,P009,Daily Lamp 09,true,false,false,101,,,
V002939,C00759,2025-04-22,organic_search,P024,Modern Serum 24,true,false,false,214,,,
V002940,C00906,2025-07-03,organic_search,P001,Daily Lamp 01,true,true,false,67,,,
V002941,C00508,2025-09-18,social,P012,Essential Bag 12,true,true,true,106,,T004886,
V002942,C00166,2025-06-13,direct,P006,Active Mat 06,true,false,false,96,,,
V002943,C00393,2025-04-20,organic_search,P001,Daily Lamp 01,true,false,false,44,,,
V002944,C00713,2025-05-19,paid_search,P027,Urban Bottle 27,true,true,false,611,,,
V002945,C00103,2025-11-01,paid_search,P006,Active Mat 06,true,false,false,82,,,
V002946,C00939,2025-03-20,email,P016,Modern Serum 16,true,false,false,21,,,
V002947,C00487,2025-07-02,referral,P012,Essential Bag 12,true,false,false,36,,,
V002948,C00673,2025-04-27,organic_search,P022,Active Mat 22,true,false,false,216,LOYALTY10,,
V002949,C00825,2025-06-23,organic_search,P024,Modern Serum 24,true,true,false,68,,,
V002950,C00534,2025-12-08,organic_search,P009,Daily Lamp 09,true,true,true,179,WEEKEND15,T006225,
V002951,C00634,2025-05-18,organic_search,P011,Urban Bottle 11,true,false,false,23,,,
V002952,C00734,2025-09-17,direct,P001,Daily Lamp 01,true,true,false,24,WEEKEND15,,
V002953,C01000,2025-10-25,email,P010,Pure Band 10,true,false,false,125,,,
V002954,C00753,2025-05-27,paid_search,P010,Pure Band 10,true,false,false,345,,,
V002955,C00922,2025-08-30,direct,P028,Essential Bag 28,true,false,false,14,,,
V002956,C00081,2025-09-10,paid_search,P024,Modern Serum 24,true,false,false,28,,,
V002957,C00734,2025-07-03,email,P005,Bright Organizer 05,true,false,true,33,LOYALTY10,T003503,
V002958,C00846,2025-05-27,organic_search,P014,Active Mat 14,true,false,false,126,,,
V002959,C00554,2025-02-15,email,P026,Pure Band 26,true,false,false,20,,,
V002960,C00559,2025-04-17,direct,P005,Bright Organizer 05,true,false,false,27,WEEKEND15,,
V002961,C00506,2025-01-18,direct,P012,Essential Bag 12,true,true,false,112,,,
V002962,C00347,2025-04-07,social,P017,Daily Lamp 17,true,false,false,73,,,
V002963,C00735,2025-03-20,social,P005,Bright Organizer 05,true,true,true,90,LOYALTY10,T001488,
V002964,C00981,2025-07-04,social,P015,Calm Cream 15,true,false,true,67,,T003524,
V002965,C00587,2025-02-17,organic_search,P029,Bright Organizer 29,true,false,false,23,,,
V002966,C00149,2025-04-25,paid_search,P017,Daily Lamp 17,true,true,false,157,,,
V002967,C00702,2025-03-14,organic_search,P008,Modern Serum 08,true,false,false,28,,,
V002968,C00625,2025-11-30,paid_search,P007,Calm Cream 07,true,false,false,9,,,
V002969,C00848,2025-05-14,direct,P017,Daily Lamp 17,true,false,false,35,,,
V002970,C00171,2025-03-17,direct,P023,Calm Cream 23,true,false,true,24,WEEKEND15,T001414,
V002971,C00058,2025-06-18,organic_search,P014,Active Mat 14,true,false,false,45,,,
V002972,C00432,2025-10-13,direct,P024,Modern Serum 24,true,false,false,27,,,
V002973,C00704,2025-11-16,social,P004,Essential Bag 04,false,false,false,51,,,
V002974,C00144,2025-12-14,organic_search,P019,Urban Bottle 19,true,false,false,35,,,
V002975,C00250,2025-07-08,direct,P019,Urban Bottle 19,true,false,true,59,WELCOME5,T003585,
V002976,C00851,2025-12-03,paid_search,P021,Bright Organizer 21,true,false,false,38,,,
V002977,C00866,2025-01-03,organic_search,P022,Active Mat 22,true,false,false,154,WELCOME5,,
V002978,C00895,2025-03-31,social,P016,Modern Serum 16,true,true,true,37,,T001708,
V002979,C00588,2025-07-03,organic_search,P026,Pure Band 26,true,false,false,128,,,
V002980,C00320,2025-09-27,email,P028,Essential Bag 28,true,false,false,26,,,
V002981,C00744,2025-07-27,direct,P005,Bright Organizer 05,false,false,false,43,,,
V002982,C00851,2025-05-09,email,P020,Essential Bag 20,true,false,false,224,,,
V002983,C00198,2025-08-14,direct,P013,Bright Organizer 13,true,false,false,56,,,
V002984,C00848,2025-07-11,direct,P030,Active Mat 30,true,false,false,131,,,
V002985,C00595,2025-11-21,organic_search,P026,Pure Band 26,true,false,false,32,,,
V002986,C00941,2025-07-20,organic_search,P026,Pure Band 26,true,false,false,94,,,
V002987,C00396,2025-01-28,organic_search,P001,Daily Lamp 01,true,false,false,45,,,
V002988,C00574,2025-05-05,referral,P018,Pure Band 18,true,false,false,83,,,
V002989,C00462,2025-02-26,email,P008,Modern Serum 08,true,false,false,6,,,
V002990,C00744,2025-09-21,direct,P010,Pure Band 10,true,true,false,31,,,
V002991,C00266,2025-10-15,organic_search,P013,Bright Organizer 13,true,false,false,135,,,
V002992,C00225,2025-10-05,organic_search,P021,Bright Organizer 21,true,false,false,49,,,
V002993,C00936,2025-04-14,organic_search,P011,Urban Bottle 11,true,false,true,27,WELCOME5,T001980,
V002994,C00469,2025-01-31,referral,P008,Modern Serum 08,true,false,false,59,,,
V002995,C00056,2025-07-19,direct,P001,Daily Lamp 01,true,true,false,15,,,
V002996,C00582,2025-10-27,organic_search,P006,Active Mat 06,false,false,false,44,,,
V002997,C00668,2025-06-23,organic_search,P011,Urban Bottle 11,true,false,false,35,,,
V002998,C00940,2025-10-09,email,P017,Daily Lamp 17,true,false,true,80,,T005230,
V002999,C00614,2025-12-08,social,P027,Urban Bottle 27,true,false,false,225,,,
V003000,C00158,2025-03-14,organic_search,P011,Urban Bottle 11,true,false,false,63,,,
V003001,C00273,2025-01-05,social,P016,Modern Serum 16,true,false,false,50,,,
V003002,C00323,2025-08-05,direct,P009,Daily Lamp 09,true,false,false,41,,,
V003003,C00698,2025-08-21,direct,P008,Modern Serum 08,true,false,false,23,,,
V003004,C00486,2025-05-05,paid_search,P003,Urban Bottle 03,true,false,false,63,,,
V003005,C00027,2025-06-10,social,P008,Modern Serum 08,true,false,false,39,,,
V003006,C00376,2025-12-15,referral,P016,Modern Serum 16,false,false,false,30,,,
V003007,C00378,2025-02-27,organic_search,P012,Essential Bag 12,true,false,false,85,,,
V003008,C00823,2025-11-28,organic_search,P013,Bright Organizer 13,true,false,false,47,,,
V003009,C00336,2025-04-11,organic_search,P027,Urban Bottle 27,true,false,true,71,,T001939,
V003010,C00466,2025-03-18,direct,P005,Bright Organizer 05,true,false,false,48,WEEKEND15,,
V003011,C00520,2025-05-26,social,P012,Essential Bag 12,true,false,false,108,WELCOME5,,
V003012,C00073,2025-06-01,paid_search,P008,Modern Serum 08,true,false,true,135,,T002888,
V003013,C00415,2025-03-23,organic_search,P016,Modern Serum 16,true,false,false,49,,,
V003014,C00228,2025-08-08,direct,P020,Essential Bag 20,true,false,false,198,WEEKEND15,,
V003015,C00104,2025-06-04,paid_search,P024,Modern Serum 24,true,false,false,90,,,
V003016,C00329,2025-05-26,paid_search,P001,Daily Lamp 01,false,false,false,59,,,
V003017,C00074,2025-09-22,social,P010,Pure Band 10,true,true,false,113,LOYALTY10,,
V003018,C00290,2025-12-18,referral,P030,Active Mat 30,true,false,false,100,,,
V003019,C00430,2025-02-12,organic_search,P020,Essential Bag 20,true,false,false,89,,,
V003020,C00658,2025-12-28,organic_search,P027,Urban Bottle 27,true,false,false,136,,,
V003021,C00887,2025-10-05,email,P020,Essential Bag 20,true,true,false,189,,,
V003022,C00081,2025-07-30,social,P020,Essential Bag 20,true,true,false,52,,,
V003023,C00143,2025-01-06,direct,P013,Bright Organizer 13,true,false,false,77,,,
V003024,C00951,2025-12-18,paid_search,P016,Modern Serum 16,false,false,false,52,LOYALTY10,,
V003025,C00041,2025-10-05,paid_search,P030,Active Mat 30,true,false,false,67,,,
V003026,C00728,2025-02-01,social,P002,Pure Band 02,true,false,false,8,,,
V003027,C00304,2025-06-27,paid_search,P011,Urban Bottle 11,true,false,false,23,,,
V003028,C00043,2025-08-27,email,P009,Daily Lamp 09,true,false,false,77,WEEKEND15,,
V003029,C00280,2025-08-05,paid_search,P012,Essential Bag 12,true,false,false,74,,,
V003030,C00739,2025-03-13,paid_search,P004,Essential Bag 04,true,false,false,42,,,
V003031,C00537,2025-12-01,direct,P014,Active Mat 14,true,false,false,147,,,
V003032,C00364,2025-07-29,direct,P004,Essential Bag 04,true,false,false,72,,,
V003033,C00529,2025-05-03,social,P014,Active Mat 14,true,false,false,42,,,
V003034,C00033,2025-04-10,paid_search,P021,Bright Organizer 21,true,false,true,414,,T001917,
V003035,C00244,2025-03-08,social,P022,Active Mat 22,true,false,false,56,,,
V003036,C00859,2025-10-31,direct,P021,Bright Organizer 21,true,false,false,16,,,
V003037,C00071,2025-11-04,email,P023,Calm Cream 23,true,false,false,37,,,
V003038,C00706,2025-09-07,paid_search,P005,Bright Organizer 05,true,false,false,97,WEEKEND15,,
V003039,C00424,2025-09-04,direct,P025,Daily Lamp 25,true,false,false,15,,,
V003040,C00247,2025-10-25,email,P021,Bright Organizer 21,true,false,false,122,,,
V003041,C00732,2025-05-02,referral,P013,Bright Organizer 13,true,false,false,59,,,
V003042,C00431,2025-12-22,paid_search,P016,Modern Serum 16,false,false,false,65,,,
V003043,C00742,2025-05-10,paid_search,P023,Calm Cream 23,true,false,false,29,,,
V003044,C00598,2025-03-08,social,P023,Calm Cream 23,true,false,false,39,LOYALTY10,,
V003045,C00679,2025-01-14,email,P029,Bright Organizer 29,true,false,false,93,,,
V003046,C00615,2025-09-17,paid_search,P006,Active Mat 06,true,false,false,47,,,
V003047,C00447,2025-09-25,social,P017,Daily Lamp 17,true,false,false,119,,,
V003048,C00109,2025-11-30,organic_search,P014,Active Mat 14,false,false,false,183,,,
V003049,C00961,2025-07-14,direct,P022,Active Mat 22,true,false,false,23,,,
V003050,C00338,2025-08-15,direct,P028,Essential Bag 28,true,true,false,56,,,
V003051,C00451,2025-05-29,paid_search,P014,Active Mat 14,true,false,true,38,,T002826,
V003052,C00736,2025-01-17,paid_search,P024,Modern Serum 24,true,false,false,57,,,
V003053,C00937,2025-11-07,email,P002,Pure Band 02,true,false,false,101,,,
V003054,C00719,2025-10-10,direct,P006,Active Mat 06,true,false,false,74,,,
V003055,C00306,2025-06-07,email,P013,Bright Organizer 13,true,false,false,58,,,
V003056,C00395,2025-01-17,organic_search,P001,Daily Lamp 01,true,false,false,49,,,
V003057,C00320,2025-07-27,organic_search,P025,Daily Lamp 25,true,true,false,94,WELCOME5,,
V003058,C00773,2025-10-09,social,P006,Active Mat 06,true,false,false,20,,,
V003059,C00549,2025-09-29,organic_search,P007,Calm Cream 07,true,false,false,33,,,
V003060,C00262,2025-11-09,direct,P025,Daily Lamp 25,true,false,false,44,,,
V003061,C00544,2025-06-19,social,P027,Urban Bottle 27,true,false,false,70,,,
V003062,C00841,2025-05-28,paid_search,P018,Pure Band 18,true,true,false,84,WEEKEND15,,
V003063,C00308,2025-08-23,organic_search,P005,Bright Organizer 05,false,false,false,17,,,
V003064,C00636,2025-05-09,direct,P006,Active Mat 06,true,false,false,57,WEEKEND15,,
V003065,C00520,2025-08-28,social,P024,Modern Serum 24,true,false,false,40,,,
V003066,C00975,2025-07-06,organic_search,P017,Daily Lamp 17,true,false,false,333,,,
V003067,C00059,2025-01-30,social,P007,Calm Cream 07,true,false,false,75,LOYALTY10,,
V003068,C00961,2025-10-02,direct,P006,Active Mat 06,true,false,false,5,LOYALTY10,,
V003069,C00219,2025-07-20,direct,P005,Bright Organizer 05,false,false,false,38,,,
V003070,C00362,2025-07-23,email,P027,Urban Bottle 27,true,false,false,15,WELCOME5,,
V003071,C00517,2025-11-14,referral,P015,Calm Cream 15,true,false,false,14,,,
V003072,C00236,2025-12-30,direct,P016,Modern Serum 16,false,false,false,28,,,
V003073,C00054,2025-08-21,organic_search,P015,Calm Cream 15,true,false,false,29,,,
V003074,C00785,2025-07-14,organic_search,P002,Pure Band 02,true,false,false,5,,,
V003075,C00830,2025-10-05,email,P030,Active Mat 30,true,false,false,40,,,
V003076,C00426,2025-03-08,paid_search,P014,Active Mat 14,true,false,false,52,,,
V003077,C00143,2025-05-03,organic_search,P003,Urban Bottle 03,true,false,false,20,,,
V003078,C00668,2025-10-28,social,P003,Urban Bottle 03,true,false,false,173,,,
V003079,C00090,2025-04-01,paid_search,P024,Modern Serum 24,true,false,false,39,,,
V003080,C00421,2025-03-19,organic_search,P016,Modern Serum 16,true,false,false,34,,,
V003081,C00717,2025-04-06,direct,P012,Essential Bag 12,true,false,false,26,,,
V003082,C00657,2025-11-29,social,P006,Active Mat 06,false,false,false,78,,,
V003083,C00369,2025-11-05,email,P009,Daily Lamp 09,true,false,false,42,,,
V003084,C00973,2025-07-21,organic_search,P014,Active Mat 14,true,false,false,257,WEEKEND15,,
V003085,C00182,2025-05-28,direct,P028,Essential Bag 28,true,true,false,16,,,
V003086,C00167,2025-09-05,direct,P007,Calm Cream 07,true,false,false,19,,,
V003087,C00456,2025-07-23,paid_search,P012,Essential Bag 12,false,false,false,24,,,
V003088,C00197,2025-01-12,social,P016,Modern Serum 16,true,false,false,27,,,
V003089,C00803,2025-05-05,email,P024,Modern Serum 24,true,true,false,141,,,
V003090,C00772,2025-12-23,paid_search,P015,Calm Cream 15,true,false,false,15,,,
V003091,C00855,2025-10-05,social,P011,Urban Bottle 11,true,false,false,30,,,
V003092,C00259,2025-03-20,paid_search,P023,Calm Cream 23,true,false,false,56,,,
V003093,C00453,2025-06-20,paid_search,P003,Urban Bottle 03,true,false,false,15,,,
V003094,C00475,2025-05-21,organic_search,P004,Essential Bag 04,false,false,false,33,,,
V003095,C00054,2025-11-10,organic_search,P006,Active Mat 06,true,false,false,15,,,
V003096,C00242,2025-01-14,email,P007,Calm Cream 07,true,false,false,45,,,
V003097,C00293,2025-03-26,social,P013,Bright Organizer 13,true,false,false,117,WEEKEND15,,
V003098,C00345,2025-11-30,paid_search,P029,Bright Organizer 29,true,false,false,14,WELCOME5,,
V003099,C00934,2025-12-02,referral,P024,Modern Serum 24,true,false,false,46,WELCOME5,,
V003100,C00385,2025-05-02,organic_search,P020,Essential Bag 20,true,true,false,76,WEEKEND15,,
V003101,C00656,2025-04-02,direct,P026,Pure Band 26,true,false,false,7,,,
V003102,C00788,2025-08-01,email,P028,Essential Bag 28,true,false,false,35,,,
V003103,C00317,2025-05-26,organic_search,P002,Pure Band 02,true,false,false,42,,,
V003104,C00139,2025-01-30,referral,P004,Essential Bag 04,true,true,false,43,WELCOME5,,
V003105,C00015,2025-05-26,email,P005,Bright Organizer 05,true,true,false,76,WEEKEND15,,
V003106,C00232,2025-11-11,social,P022,Active Mat 22,true,false,false,98,,,
V003107,C00759,2025-01-29,direct,P011,Urban Bottle 11,true,true,true,44,WELCOME5,T000557,
V003108,C00494,2025-02-14,email,P005,Bright Organizer 05,true,false,false,54,,,
V003109,C00151,2025-08-27,organic_search,P010,Pure Band 10,true,false,false,42,,,
V003110,C00773,2025-12-27,direct,P012,Essential Bag 12,false,false,false,11,LOYALTY10,,
V003111,C00221,2025-12-07,referral,P009,Daily Lamp 09,true,false,false,35,,,
V003112,C00015,2025-01-25,direct,P003,Urban Bottle 03,true,false,false,20,,,
V003113,C00886,2025-05-15,organic_search,P002,Pure Band 02,true,false,true,74,,T002558,
V003114,C00921,2025-01-31,paid_search,P014,Active Mat 14,true,true,false,123,LOYALTY10,,
V003115,C00654,2025-03-23,organic_search,P011,Urban Bottle 11,true,true,true,152,,T001555,
V003116,C00753,2025-08-20,social,P015,Calm Cream 15,true,true,false,194,LOYALTY10,,
V003117,C00248,2025-03-12,email,P025,Daily Lamp 25,true,false,false,67,,,
V003118,C00933,2025-01-18,organic_search,P021,Bright Organizer 21,true,false,false,37,,,
V003119,C00523,2025-07-13,email,P010,Pure Band 10,true,false,false,81,WELCOME5,,
V003120,C00547,2025-08-15,email,P006,Active Mat 06,true,false,false,41,,,
V003121,C00768,2025-05-14,organic_search,P014,Active Mat 14,true,false,false,20,,,
V003122,C00206,2025-03-14,organic_search,P018,Pure Band 18,true,false,false,61,,,
V003123,C00341,2025-12-08,paid_search,P018,Pure Band 18,true,true,false,148,,,
V003124,C00434,2025-11-29,paid_search,P021,Bright Organizer 21,true,false,false,18,,,
V003125,C00312,2025-06-13,direct,P016,Modern Serum 16,true,false,false,68,,,
V003126,C00153,2025-08-07,paid_search,P005,Bright Organizer 05,true,true,false,31,,,
V003127,C00198,2025-03-21,organic_search,P018,Pure Band 18,true,true,false,181,,,
V003128,C00629,2025-07-23,paid_search,P004,Essential Bag 04,true,false,false,5,,,
V003129,C00582,2025-05-14,referral,P004,Essential Bag 04,true,false,false,78,,,
V003130,C00231,2025-06-29,referral,P012,Essential Bag 12,true,true,false,313,,,
V003131,C00561,2025-01-20,social,P019,Urban Bottle 19,true,false,false,66,WEEKEND15,,
V003132,C00362,2025-04-07,social,P020,Essential Bag 20,true,false,false,42,WELCOME5,,
V003133,C00420,2025-12-08,direct,P008,Modern Serum 08,true,false,false,47,,,
V003134,C00321,2025-12-27,organic_search,P004,Essential Bag 04,false,false,false,43,,,
V003135,C00445,2025-06-12,organic_search,P008,Modern Serum 08,true,true,true,95,WELCOME5,T003094,
V003136,C00379,2025-09-04,paid_search,P002,Pure Band 02,true,false,false,21,WELCOME5,,
V003137,C00140,2025-04-12,paid_search,P016,Modern Serum 16,true,false,false,96,,,
V003138,C00406,2025-11-18,paid_search,P014,Active Mat 14,false,false,false,18,,,
V003139,C00181,2025-03-21,social,P011,Urban Bottle 11,true,true,true,159,,T001518,
V003140,C00308,2025-01-07,referral,P024,Modern Serum 24,true,false,false,140,LOYALTY10,,
V003141,C00524,2025-11-05,direct,P003,Urban Bottle 03,true,false,false,67,,,
V003142,C00103,2025-12-14,organic_search,P026,Pure Band 26,true,false,false,63,,,
V003143,C00864,2025-12-11,organic_search,P005,Bright Organizer 05,true,false,false,141,WELCOME5,,
V003144,C00266,2025-08-26,direct,P005,Bright Organizer 05,false,false,false,76,,,
V003145,C00133,2025-09-26,email,P006,Active Mat 06,false,false,false,22,,,
V003146,C00111,2025-05-12,social,P002,Pure Band 02,true,false,false,10,,,
V003147,C00599,2025-07-14,paid_search,P017,Daily Lamp 17,true,false,false,28,,,
V003148,C00710,2025-07-19,direct,P015,Calm Cream 15,true,false,false,48,,,
V003149,C00289,2025-12-04,organic_search,P026,Pure Band 26,true,true,false,47,WELCOME5,,
V003150,C00047,2025-04-19,social,P017,Daily Lamp 17,true,false,false,60,,,
V003151,C00613,2025-03-05,organic_search,P028,Essential Bag 28,true,true,false,293,,,
V003152,C00244,2025-12-18,referral,P013,Bright Organizer 13,true,false,false,88,,,
V003153,C00685,2025-09-24,paid_search,P007,Calm Cream 07,true,false,true,116,,T004970,
V003154,C00669,2025-05-14,direct,P012,Essential Bag 12,true,false,false,140,,,
V003155,C00814,2025-01-30,email,P002,Pure Band 02,true,false,false,61,,,
V003156,C00200,2025-07-01,email,P002,Pure Band 02,true,false,false,34,,,
V003157,C00683,2025-10-05,paid_search,P007,Calm Cream 07,true,false,true,285,,T005158,
V003158,C00873,2025-05-14,email,P003,Urban Bottle 03,true,false,false,42,,,
V003159,C00089,2025-08-08,referral,P014,Active Mat 14,true,false,false,86,,,
V003160,C00083,2025-11-29,organic_search,P004,Essential Bag 04,false,false,false,50,,,
V003161,C00375,2025-05-03,organic_search,P024,Modern Serum 24,true,true,true,172,,T002354,
V003162,C00648,2025-07-27,social,P009,Daily Lamp 09,true,false,false,64,,,
V003163,C00497,2025-10-02,email,P024,Modern Serum 24,true,false,false,53,LOYALTY10,,
V003164,C00060,2025-10-29,email,P009,Daily Lamp 09,true,false,false,29,,,
V003165,C00718,2025-12-15,organic_search,P008,Modern Serum 08,true,false,false,118,,,
V003166,C00270,2025-07-24,direct,P008,Modern Serum 08,true,false,false,37,,,
V003167,C00356,2025-08-29,paid_search,P024,Modern Serum 24,true,false,false,38,WEEKEND15,,
V003168,C00097,2025-06-29,email,P004,Essential Bag 04,false,false,false,85,,,
V003169,C00874,2025-08-19,paid_search,P019,Urban Bottle 19,true,true,false,47,,,
V003170,C00149,2025-03-15,email,P006,Active Mat 06,true,true,false,112,,,
V003171,C00801,2025-08-01,email,P001,Daily Lamp 01,true,false,false,39,,,
V003172,C00788,2025-10-17,email,P014,Active Mat 14,true,true,false,61,WELCOME5,,
V003173,C00482,2025-03-22,direct,P015,Calm Cream 15,true,false,false,79,,,
V003174,C00893,2025-10-03,direct,P014,Active Mat 14,true,false,false,101,,,
V003175,C00289,2025-03-15,paid_search,P021,Bright Organizer 21,true,false,false,48,,,
V003176,C00162,2025-01-18,email,P008,Modern Serum 08,true,true,false,38,,,
V003177,C00557,2025-09-20,social,P004,Essential Bag 04,false,false,false,82,,,
V003178,C00827,2025-12-31,email,P011,Urban Bottle 11,false,false,false,36,,,
V003179,C00955,2025-05-30,social,P022,Active Mat 22,true,true,false,22,,,
V003180,C00246,2025-06-24,social,P005,Bright Organizer 05,false,false,false,378,,,
V003181,C00732,2025-09-21,organic_search,P021,Bright Organizer 21,true,false,false,40,WELCOME5,,
V003182,C00042,2025-04-19,organic_search,P017,Daily Lamp 17,true,false,false,37,,,
V003183,C00631,2025-06-23,organic_search,P024,Modern Serum 24,true,false,false,48,,,
V003184,C00399,2025-10-24,social,P014,Active Mat 14,false,false,false,109,,,
V003185,C00633,2025-08-27,social,P024,Modern Serum 24,true,false,false,22,,,
V003186,C00748,2025-12-07,direct,P001,Daily Lamp 01,true,false,false,62,,,
V003187,C00822,2025-01-07,paid_search,P001,Daily Lamp 01,true,false,false,33,WELCOME5,,
V003188,C00636,2025-08-28,email,P027,Urban Bottle 27,true,false,false,87,,,
V003189,C00752,2025-07-25,direct,P013,Bright Organizer 13,true,false,false,22,,,
V003190,C00584,2025-10-27,social,P011,Urban Bottle 11,false,false,false,68,WEEKEND15,,
V003191,C00957,2025-04-23,referral,P004,Essential Bag 04,true,false,false,25,WEEKEND15,,
V003192,C00694,2025-12-28,direct,P001,Daily Lamp 01,false,false,false,56,,,
V003193,C00562,2025-06-18,paid_search,P021,Bright Organizer 21,true,false,false,46,,,
V003194,C00804,2025-05-16,organic_search,P007,Calm Cream 07,true,false,false,9,WELCOME5,,
V003195,C00175,2025-05-24,email,P001,Daily Lamp 01,false,false,false,32,,,
V003196,C00567,2025-08-20,referral,P005,Bright Organizer 05,true,false,false,122,,,
V003197,C00780,2025-11-01,email,P019,Urban Bottle 19,true,false,false,90,LOYALTY10,,
V003198,C00141,2025-06-26,paid_search,P005,Bright Organizer 05,false,false,false,54,,,
V003199,C00989,2025-07-09,social,P001,Daily Lamp 01,true,false,false,73,,,
V003200,C00803,2025-11-13,paid_search,P013,Bright Organizer 13,true,false,false,10,,,
V003201,C00562,2025-12-20,organic_search,P029,Bright Organizer 29,true,false,false,108,,,
V003202,C00979,2025-01-16,referral,P003,Urban Bottle 03,true,false,false,103,,,
V003203,C00305,2025-01-12,organic_search,P028,Essential Bag 28,true,true,false,78,,,
V003204,C00269,2025-11-23,paid_search,P003,Urban Bottle 03,true,false,false,19,,,
V003205,C00235,2025-08-18,organic_search,P021,Bright Organizer 21,true,false,false,19,WELCOME5,,
V003206,C00108,2025-06-10,email,P022,Active Mat 22,true,false,false,41,,,
V003207,C00335,2025-11-11,email,P013,Bright Organizer 13,true,false,false,51,,,
V003208,C00159,2025-12-26,direct,P024,Modern Serum 24,false,false,false,99,WELCOME5,,
V003209,C00208,2025-04-14,email,P021,Bright Organizer 21,true,false,false,50,,,
V003210,C00904,2025-05-25,organic_search,P020,Essential Bag 20,true,false,false,36,,,
V003211,C00806,2025-02-25,paid_search,P028,Essential Bag 28,true,false,false,120,,,
V003212,C00942,2025-04-19,social,P008,Modern Serum 08,true,false,false,116,,,
V003213,C00550,2025-04-18,social,P015,Calm Cream 15,true,false,false,48,,,
V003214,C00141,2025-03-26,organic_search,P006,Active Mat 06,true,false,false,23,,,
V003215,C00378,2025-11-28,direct,P026,Pure Band 26,true,false,false,49,LOYALTY10,,
V003216,C00798,2025-10-14,paid_search,P028,Essential Bag 28,true,true,false,76,,,
V003217,C00031,2025-10-07,paid_search,P009,Daily Lamp 09,true,false,true,183,,T005196,
V003218,C00466,2025-02-12,email,P005,Bright Organizer 05,true,false,false,51,,,
V003219,C00939,2025-06-20,direct,P027,Urban Bottle 27,true,false,false,62,,,
V003220,C00236,2025-07-30,paid_search,P021,Bright Organizer 21,true,false,false,56,,,
V003221,C00075,2025-07-02,email,P020,Essential Bag 20,true,false,false,221,,,
V003222,C00103,2025-08-24,organic_search,P004,Essential Bag 04,false,false,false,29,,,
V003223,C00126,2025-03-28,email,P021,Bright Organizer 21,true,false,false,46,WEEKEND15,,
V003224,C00299,2025-08-17,organic_search,P024,Modern Serum 24,true,false,false,27,,,
V003225,C00800,2025-02-10,email,P011,Urban Bottle 11,true,true,false,138,LOYALTY10,,
V003226,C00948,2025-04-24,email,P028,Essential Bag 28,true,true,true,118,,T002169,
V003227,C00207,2025-08-26,organic_search,P005,Bright Organizer 05,false,false,false,26,,,
V003228,C00611,2025-09-17,organic_search,P010,Pure Band 10,true,true,true,212,,T004866,
V003229,C00002,2025-02-23,paid_search,P004,Essential Bag 04,true,false,false,25,,,
V003230,C00898,2025-03-10,organic_search,P021,Bright Organizer 21,true,false,false,64,,,
V003231,C00059,2025-09-27,organic_search,P009,Daily Lamp 09,true,true,false,110,LOYALTY10,,
V003232,C00713,2025-04-29,paid_search,P027,Urban Bottle 27,true,true,false,17,,,
V003233,C00807,2025-03-14,social,P002,Pure Band 02,true,false,false,10,,,
V003234,C00008,2025-04-26,paid_search,P009,Daily Lamp 09,true,false,false,110,WEEKEND15,,
V003235,C00858,2025-11-07,organic_search,P018,Pure Band 18,true,false,false,11,,,
V003236,C00555,2025-09-17,referral,P030,Active Mat 30,true,false,false,126,,,
V003237,C00316,2025-05-14,paid_search,P007,Calm Cream 07,true,false,false,64,WEEKEND15,,
V003238,C00817,2025-12-16,social,P013,Bright Organizer 13,true,true,true,110,,T006363,
V003239,C00055,2025-06-28,referral,P008,Modern Serum 08,true,false,false,40,,,
V003240,C00289,2025-06-23,organic_search,P006,Active Mat 06,false,false,false,36,,,
V003241,C00318,2025-11-05,social,P012,Essential Bag 12,true,true,false,155,,,
V003242,C00101,2025-12-03,direct,P001,Daily Lamp 01,true,true,false,104,,,
V003243,C00882,2025-11-08,organic_search,P011,Urban Bottle 11,true,false,false,28,,,
V003244,C00493,2025-11-25,organic_search,P028,Essential Bag 28,true,false,false,55,,,
V003245,C00703,2025-07-17,email,P022,Active Mat 22,true,false,true,352,WEEKEND15,T003756,
V003246,C00595,2025-04-08,email,P023,Calm Cream 23,true,false,false,58,WEEKEND15,,
V003247,C00587,2025-12-13,paid_search,P030,Active Mat 30,true,false,false,105,,,
V003248,C00035,2025-05-27,social,P003,Urban Bottle 03,true,false,false,35,,,
V003249,C00618,2025-11-13,email,P013,Bright Organizer 13,true,false,false,125,LOYALTY10,,
V003250,C00127,2025-09-02,paid_search,P003,Urban Bottle 03,true,true,false,65,,,
V003251,C00662,2025-10-07,social,P003,Urban Bottle 03,true,false,false,45,,,
V003252,C00157,2025-05-08,organic_search,P029,Bright Organizer 29,true,true,false,55,,,
V003253,C00042,2025-05-20,email,P022,Active Mat 22,true,false,false,105,,,
V003254,C00542,2025-02-06,direct,P029,Bright Organizer 29,true,false,false,12,WELCOME5,,
V003255,C00113,2025-11-09,email,P012,Essential Bag 12,true,true,false,8,WELCOME5,,
V003256,C00926,2025-12-25,social,P002,Pure Band 02,true,false,false,39,,,
V003257,C00454,2025-05-23,email,P011,Urban Bottle 11,true,false,false,32,,,
V003258,C00819,2025-03-25,paid_search,P012,Essential Bag 12,true,true,false,57,,,
V003259,C00649,2025-01-30,organic_search,P005,Bright Organizer 05,true,false,false,37,,,
V003260,C00469,2025-10-21,organic_search,P003,Urban Bottle 03,true,true,true,185,,T005467,
V003261,C00779,2025-08-23,paid_search,P026,Pure Band 26,true,false,false,29,,,
V003262,C00418,2025-08-15,email,P002,Pure Band 02,true,false,true,68,,T004303,
V003263,C00837,2025-02-23,social,P016,Modern Serum 16,true,false,true,153,,T000993,
V003264,C00948,2025-11-08,email,P028,Essential Bag 28,true,false,false,24,,,
V003265,C00173,2025-07-19,social,P017,Daily Lamp 17,true,false,false,36,WEEKEND15,,
V003266,C00975,2025-07-30,organic_search,P016,Modern Serum 16,false,false,false,40,,,
V003267,C00167,2025-11-06,organic_search,P022,Active Mat 22,true,false,false,21,,,
V003268,C00273,2025-12-06,paid_search,P018,Pure Band 18,true,false,false,275,WELCOME5,,
V003269,C00519,2025-01-13,social,P024,Modern Serum 24,true,false,false,34,,,
V003270,C00574,2025-01-30,organic_search,P012,Essential Bag 12,true,false,true,34,,T000575,
V003271,C00297,2025-09-01,paid_search,P009,Daily Lamp 09,true,false,false,48,,,
V003272,C00668,2025-08-28,paid_search,P008,Modern Serum 08,true,false,false,38,,,
V003273,C00250,2025-05-01,organic_search,P021,Bright Organizer 21,true,false,false,172,,,
V003274,C00336,2025-06-14,direct,P010,Pure Band 10,true,true,true,222,,T003134,
V003275,C00901,2025-10-20,organic_search,P006,Active Mat 06,false,false,false,206,,,
V003276,C00575,2025-04-19,direct,P013,Bright Organizer 13,true,false,false,144,,,
V003277,C00336,2025-09-08,social,P025,Daily Lamp 25,true,false,false,214,WELCOME5,,
V003278,C00634,2025-10-30,referral,P017,Daily Lamp 17,true,false,false,64,LOYALTY10,,
V003279,C00669,2025-01-22,organic_search,P017,Daily Lamp 17,true,false,false,41,,,
V003280,C00492,2025-02-06,organic_search,P012,Essential Bag 12,true,false,false,57,,,
V003281,C00728,2025-10-10,organic_search,P023,Calm Cream 23,true,false,false,19,,,
V003282,C00797,2025-10-09,direct,P030,Active Mat 30,true,false,true,114,,T005238,
V003283,C00911,2025-02-18,social,P019,Urban Bottle 19,true,false,false,41,,,
V003284,C00371,2025-10-02,direct,P021,Bright Organizer 21,true,false,false,45,,,
V003285,C00755,2025-03-21,direct,P015,Calm Cream 15,true,true,false,122,,,
V003286,C00216,2025-07-20,email,P024,Modern Serum 24,true,false,false,33,,,
V003287,C00527,2025-11-13,direct,P026,Pure Band 26,true,true,true,39,,T005847,
V003288,C00202,2025-11-24,paid_search,P020,Essential Bag 20,true,true,true,76,,T006005,
V003289,C00467,2025-01-14,email,P015,Calm Cream 15,true,false,false,62,WEEKEND15,,
V003290,C00605,2025-10-24,social,P002,Pure Band 02,true,false,false,106,,,
V003291,C00043,2025-07-31,referral,P028,Essential Bag 28,true,false,false,21,,,
V003292,C00904,2025-12-13,organic_search,P027,Urban Bottle 27,true,false,false,16,,,
V003293,C00277,2025-02-13,paid_search,P016,Modern Serum 16,true,true,true,49,,T000816,
V003294,C00882,2025-10-19,email,P027,Urban Bottle 27,true,false,false,16,,,
V003295,C00884,2025-10-03,paid_search,P010,Pure Band 10,true,true,true,199,,T005108,
V003296,C00819,2025-09-03,email,P024,Modern Serum 24,true,true,false,480,,,
V003297,C00190,2025-09-24,direct,P024,Modern Serum 24,true,true,true,94,,T004972,
V003298,C00592,2025-01-03,organic_search,P007,Calm Cream 07,true,true,false,21,,,
V003299,C00976,2025-08-08,organic_search,P005,Bright Organizer 05,true,false,false,14,,,
V003300,C00267,2025-12-30,paid_search,P017,Daily Lamp 17,true,false,false,43,,,
V003301,C00589,2025-09-28,organic_search,P012,Essential Bag 12,false,false,false,46,,,
V003302,C00342,2025-08-30,direct,P004,Essential Bag 04,false,false,false,84,,,
V003303,C00068,2025-02-15,social,P019,Urban Bottle 19,true,true,false,164,,,
V003304,C00239,2025-11-05,paid_search,P026,Pure Band 26,true,false,true,184,WELCOME5,T005681,
V003305,C00952,2025-09-18,paid_search,P004,Essential Bag 04,false,false,false,510,,,
V003306,C00073,2025-10-24,referral,P004,Essential Bag 04,false,false,false,201,WEEKEND15,,
V003307,C00946,2025-10-06,paid_search,P030,Active Mat 30,true,false,false,49,,,
V003308,C00695,2025-10-23,social,P012,Essential Bag 12,false,false,false,440,WEEKEND15,,
V003309,C00633,2025-08-07,paid_search,P006,Active Mat 06,true,false,false,110,,,
V003310,C00102,2025-08-11,organic_search,P013,Bright Organizer 13,true,false,false,27,,,
V003311,C00180,2025-04-01,paid_search,P020,Essential Bag 20,true,false,false,23,,,
V003312,C00745,2025-09-12,organic_search,P030,Active Mat 30,true,false,false,22,,,
V003313,C00561,2025-10-10,organic_search,P023,Calm Cream 23,true,false,false,32,,,
V003314,C00684,2025-11-14,organic_search,P010,Pure Band 10,true,false,false,62,,,
V003315,C00924,2025-01-18,paid_search,P029,Bright Organizer 29,true,false,false,117,,,
V003316,C00376,2025-10-22,paid_search,P020,Essential Bag 20,true,false,false,31,,,
V003317,C00839,2025-01-09,direct,P025,Daily Lamp 25,true,false,false,61,,,
V003318,C00712,2025-11-20,referral,P025,Daily Lamp 25,true,false,false,43,,,
V003319,C00866,2025-07-24,direct,P001,Daily Lamp 01,false,false,false,30,WEEKEND15,,
V003320,C00541,2025-06-18,email,P021,Bright Organizer 21,true,false,true,148,,T003212,
V003321,C00293,2025-04-16,organic_search,P011,Urban Bottle 11,true,false,false,23,WELCOME5,,
V003322,C00248,2025-10-06,direct,P007,Calm Cream 07,true,false,false,138,,,
V003323,C00723,2025-08-15,paid_search,P028,Essential Bag 28,true,false,false,329,,,
V003324,C00084,2025-06-10,social,P026,Pure Band 26,true,false,false,60,,,
V003325,C00795,2025-11-03,social,P016,Modern Serum 16,true,false,false,78,,,
V003326,C00296,2025-05-25,organic_search,P005,Bright Organizer 05,true,false,false,103,,,
V003327,C00686,2025-06-26,paid_search,P020,Essential Bag 20,true,false,false,45,,,
V003328,C00543,2025-05-19,organic_search,P008,Modern Serum 08,true,true,false,180,WELCOME5,,
V003329,C00925,2025-04-12,organic_search,P020,Essential Bag 20,true,false,false,72,,,
V003330,C00633,2025-10-13,paid_search,P028,Essential Bag 28,true,false,true,40,LOYALTY10,T005309,
V003331,C00294,2025-02-16,social,P024,Modern Serum 24,true,false,false,32,,,
V003332,C00509,2025-06-28,organic_search,P030,Active Mat 30,true,false,false,20,,,
V003333,C00133,2025-03-29,organic_search,P014,Active Mat 14,true,false,false,23,WEEKEND15,,
V003334,C00100,2025-12-20,direct,P016,Modern Serum 16,false,false,false,83,,,
V003335,C00270,2025-12-12,social,P022,Active Mat 22,true,false,false,26,WEEKEND15,,
V003336,C00507,2025-07-30,direct,P009,Daily Lamp 09,true,false,false,34,,,
V003337,C00312,2025-04-24,organic_search,P028,Essential Bag 28,true,false,false,84,WEEKEND15,,
V003338,C00072,2025-12-06,organic_search,P007,Calm Cream 07,true,false,false,12,,,
V003339,C00834,2025-12-31,organic_search,P025,Daily Lamp 25,true,false,false,33,LOYALTY10,,
V003340,C00613,2025-10-28,social,P004,Essential Bag 04,false,false,false,68,,,
V003341,C00106,2025-01-26,organic_search,P019,Urban Bottle 19,true,false,true,59,,T000491,
V003342,C00719,2025-01-16,paid_search,P014,Active Mat 14,true,false,false,138,,,
V003343,C00047,2025-03-21,direct,P005,Bright Organizer 05,true,false,false,39,,,
V003344,C00398,2025-12-06,organic_search,P018,Pure Band 18,true,false,false,48,WELCOME5,,
V003345,C00014,2025-04-20,direct,P010,Pure Band 10,true,false,false,80,,,
V003346,C00690,2025-08-12,organic_search,P019,Urban Bottle 19,true,false,false,37,,,
V003347,C00452,2025-01-06,direct,P014,Active Mat 14,true,false,false,59,WELCOME5,,
V003348,C00932,2025-08-07,email,P019,Urban Bottle 19,true,false,false,16,,,
V003349,C00529,2025-07-07,email,P012,Essential Bag 12,true,false,true,495,,T003570,
V003350,C00413,2025-10-17,organic_search,P011,Urban Bottle 11,true,false,false,12,,,
V003351,C00013,2025-01-03,direct,P008,Modern Serum 08,true,false,false,168,,,
V003352,C00012,2025-10-31,organic_search,P006,Active Mat 06,false,false,false,24,,,
V003353,C00743,2025-02-13,social,P016,Modern Serum 16,true,true,false,773,,,
V003354,C00651,2025-05-04,social,P006,Active Mat 06,true,false,false,36,,,
V003355,C00263,2025-07-07,direct,P006,Active Mat 06,true,false,false,49,,,
V003356,C00583,2025-09-04,paid_search,P007,Calm Cream 07,true,false,false,224,WELCOME5,,
V003357,C00177,2025-03-31,social,P022,Active Mat 22,true,true,false,151,,,
V003358,C00151,2025-09-27,direct,P028,Essential Bag 28,true,false,false,26,,,
V003359,C00002,2025-09-23,organic_search,P027,Urban Bottle 27,true,false,false,28,WELCOME5,,
V003360,C00748,2025-05-06,direct,P003,Urban Bottle 03,true,false,false,33,,,
V003361,C00233,2025-03-14,email,P022,Active Mat 22,true,false,false,112,,,
V003362,C00694,2025-08-12,direct,P003,Urban Bottle 03,true,false,false,40,WEEKEND15,,
V003363,C00260,2025-07-11,direct,P014,Active Mat 14,true,true,true,51,,T003635,
V003364,C00109,2025-08-25,social,P019,Urban Bottle 19,false,false,false,124,,,
V003365,C00922,2025-06-09,social,P013,Bright Organizer 13,true,true,false,93,LOYALTY10,,
V003366,C00674,2025-07-13,email,P019,Urban Bottle 19,true,false,false,140,WELCOME5,,
V003367,C00320,2025-05-31,organic_search,P024,Modern Serum 24,true,true,false,120,,,
V003368,C00407,2025-05-03,paid_search,P015,Calm Cream 15,true,false,false,24,,,
V003369,C00395,2025-02-03,organic_search,P009,Daily Lamp 09,true,false,false,89,,,
V003370,C00954,2025-05-11,paid_search,P002,Pure Band 02,true,false,false,82,,,
V003371,C00076,2025-12-04,social,P004,Essential Bag 04,true,true,false,133,,,
V003372,C00745,2025-07-10,direct,P005,Bright Organizer 05,true,false,true,113,,T003620,
V003373,C00126,2025-04-26,paid_search,P025,Daily Lamp 25,true,false,false,53,,,
V003374,C00638,2025-03-10,referral,P014,Active Mat 14,true,false,false,165,,,
V003375,C00229,2025-08-14,direct,P004,Essential Bag 04,true,false,true,36,,T004261,
V003376,C00480,2025-09-20,organic_search,P020,Essential Bag 20,true,false,false,89,LOYALTY10,,
V003377,C00152,2025-09-02,paid_search,P005,Bright Organizer 05,true,false,false,45,,,
V003378,C00088,2025-11-09,social,P001,Daily Lamp 01,true,false,true,61,,T005750,
V003379,C00482,2025-10-11,social,P030,Active Mat 30,true,false,false,11,,,
V003380,C00397,2025-07-14,paid_search,P012,Essential Bag 12,true,false,false,20,,,
V003381,C00444,2025-08-17,organic_search,P002,Pure Band 02,true,false,false,133,,,
V003382,C00159,2025-12-09,direct,P016,Modern Serum 16,true,true,true,83,,T006241,
V003383,C00620,2025-05-31,email,P009,Daily Lamp 09,true,true,true,247,,T002873,
V003384,C00457,2025-06-05,email,P008,Modern Serum 08,true,true,true,176,,T002967,
V003385,C00272,2025-06-22,direct,P030,Active Mat 30,true,false,false,59,LOYALTY10,,
V003386,C00362,2025-05-05,organic_search,P005,Bright Organizer 05,true,true,false,74,LOYALTY10,,
V003387,C00433,2025-05-12,direct,P024,Modern Serum 24,true,true,false,128,,,
V003388,C00583,2025-09-22,paid_search,P006,Active Mat 06,false,false,false,88,WEEKEND15,,
V003389,C00265,2025-11-05,direct,P002,Pure Band 02,true,false,false,11,,,
V003390,C00521,2025-01-04,paid_search,P009,Daily Lamp 09,true,true,true,528,,T000064,
V003391,C00932,2025-10-14,paid_search,P009,Daily Lamp 09,true,false,false,33,,,
V003392,C00968,2025-01-13,referral,P007,Calm Cream 07,true,true,false,82,,,
V003393,C00371,2025-11-25,organic_search,P011,Urban Bottle 11,false,false,false,40,,,
V003394,C00132,2025-09-20,direct,P023,Calm Cream 23,false,false,false,42,,,
V003395,C00604,2025-09-18,paid_search,P025,Daily Lamp 25,true,false,false,66,,,
V003396,C00820,2025-03-11,social,P025,Daily Lamp 25,true,false,false,171,,,
V003397,C00211,2025-02-12,paid_search,P019,Urban Bottle 19,true,false,false,16,LOYALTY10,,
V003398,C00120,2025-10-19,paid_search,P010,Pure Band 10,true,true,false,49,,,
V003399,C00877,2025-03-29,organic_search,P006,Active Mat 06,true,false,false,33,,,
V003400,C00282,2025-06-27,email,P003,Urban Bottle 03,true,false,true,207,,T003399,
V003401,C00128,2025-04-16,organic_search,P003,Urban Bottle 03,true,false,false,32,,,
V003402,C00464,2025-03-14,email,P025,Daily Lamp 25,true,false,false,27,WELCOME5,,
V003403,C00082,2025-01-06,organic_search,P026,Pure Band 26,true,false,true,33,,T000097,
V003404,C00705,2025-01-13,referral,P001,Daily Lamp 01,true,false,false,18,,,
V003405,C00241,2025-07-24,paid_search,P009,Daily Lamp 09,true,false,false,57,WEEKEND15,,
V003406,C00220,2025-08-28,organic_search,P019,Urban Bottle 19,false,false,false,161,,,
V003407,C00511,2025-05-16,direct,P004,Essential Bag 04,true,true,true,131,,T002590,
V003408,C00268,2025-05-09,organic_search,P030,Active Mat 30,true,false,false,92,,,
V003409,C00686,2025-04-24,direct,P004,Essential Bag 04,true,false,false,19,WEEKEND15,,
V003410,C00305,2025-04-12,organic_search,P018,Pure Band 18,true,false,false,33,,,
V003411,C00221,2025-11-17,social,P010,Pure Band 10,true,true,true,105,,T005919,
V003412,C00587,2025-01-06,paid_search,P017,Daily Lamp 17,true,false,false,163,WEEKEND15,,
V003413,C00483,2025-07-12,social,P017,Daily Lamp 17,true,false,false,25,,,
V003414,C00214,2025-10-15,direct,P001,Daily Lamp 01,true,true,true,562,,T005339,
V003415,C00313,2025-11-04,social,P026,Pure Band 26,true,false,false,37,,,
V003416,C00468,2025-01-27,paid_search,P021,Bright Organizer 21,true,false,false,171,,,
V003417,C00906,2025-01-30,paid_search,P002,Pure Band 02,true,false,false,83,LOYALTY10,,
V003418,C00241,2025-11-09,paid_search,P006,Active Mat 06,true,true,false,50,,,
V003419,C00126,2025-12-09,paid_search,P016,Modern Serum 16,true,false,true,151,,T006246,
V003420,C00221,2025-01-26,paid_search,P022,Active Mat 22,true,false,false,28,LOYALTY10,,
V003421,C00833,2025-08-23,social,P009,Daily Lamp 09,true,false,false,245,,,
V003422,C00309,2025-10-04,paid_search,P016,Modern Serum 16,true,false,false,71,,,
V003423,C00331,2025-03-10,email,P021,Bright Organizer 21,true,false,false,235,,,
V003424,C00119,2025-10-01,direct,P020,Essential Bag 20,true,true,false,220,,,
V003425,C00054,2025-06-23,referral,P020,Essential Bag 20,true,true,false,164,,,
V003426,C00666,2025-06-10,direct,P012,Essential Bag 12,true,false,false,10,,,
V003427,C00956,2025-05-05,direct,P004,Essential Bag 04,true,true,false,285,WEEKEND15,,
V003428,C00195,2025-12-10,organic_search,P017,Daily Lamp 17,true,false,false,26,,,
V003429,C00777,2025-09-22,organic_search,P017,Daily Lamp 17,true,false,false,25,,,
V003430,C00845,2025-09-22,email,P006,Active Mat 06,false,false,false,102,WEEKEND15,,
V003431,C00804,2025-10-16,direct,P013,Bright Organizer 13,true,true,true,53,,T005363,
V003432,C00910,2025-11-16,direct,P012,Essential Bag 12,true,true,true,104,LOYALTY10,T005888,
V003433,C00274,2025-01-25,social,P015,Calm Cream 15,true,false,false,8,WEEKEND15,,
V003434,C00266,2025-10-30,organic_search,P019,Urban Bottle 19,false,false,false,62,,,
V003435,C00719,2025-08-24,email,P011,Urban Bottle 11,true,false,false,39,LOYALTY10,,
V003436,C00845,2025-02-20,email,P024,Modern Serum 24,true,true,false,124,,,
V003437,C00855,2025-02-01,social,P004,Essential Bag 04,true,false,false,86,,,
V003438,C00024,2025-12-31,paid_search,P006,Active Mat 06,false,false,false,70,,,
V003439,C00995,2025-02-12,direct,P028,Essential Bag 28,true,false,false,90,,,
V003440,C00986,2025-03-14,organic_search,P012,Essential Bag 12,true,false,false,25,WEEKEND15,,
V003441,C00205,2025-12-13,social,P008,Modern Serum 08,true,false,false,98,WEEKEND15,,
V003442,C00974,2025-09-05,social,P007,Calm Cream 07,true,false,false,28,,,
V003443,C00741,2025-07-28,direct,P022,Active Mat 22,true,false,false,99,,,
V003444,C00971,2025-06-25,organic_search,P003,Urban Bottle 03,true,false,false,64,,,
V003445,C00841,2025-03-16,organic_search,P015,Calm Cream 15,true,false,false,117,,,
V003446,C00494,2025-10-17,paid_search,P003,Urban Bottle 03,true,false,false,19,,,
V003447,C00497,2025-09-02,social,P017,Daily Lamp 17,true,false,false,38,,,
V003448,C00917,2025-01-22,direct,P029,Bright Organizer 29,true,false,false,220,,,
V003449,C00345,2025-03-10,direct,P010,Pure Band 10,true,false,false,136,LOYALTY10,,
V003450,C00689,2025-01-20,direct,P018,Pure Band 18,true,false,false,21,WELCOME5,,
V003451,C00424,2025-02-20,referral,P009,Daily Lamp 09,true,false,false,249,,,
V003452,C00385,2025-02-27,paid_search,P010,Pure Band 10,true,false,false,23,,,
V003453,C00780,2025-02-04,organic_search,P013,Bright Organizer 13,true,true,false,51,,,
V003454,C00635,2025-05-23,organic_search,P003,Urban Bottle 03,true,false,false,53,,,
V003455,C00887,2025-08-07,email,P017,Daily Lamp 17,true,false,true,257,,T004125,
V003456,C00795,2025-05-12,paid_search,P028,Essential Bag 28,true,true,false,143,,,
V003457,C00158,2025-12-02,social,P005,Bright Organizer 05,true,false,false,199,,,
V003458,C00960,2025-07-24,social,P007,Calm Cream 07,true,false,false,55,,,
V003459,C00253,2025-06-05,organic_search,P006,Active Mat 06,true,false,false,36,,,
V003460,C00854,2025-08-04,social,P009,Daily Lamp 09,true,false,false,74,,,
V003461,C00026,2025-07-22,paid_search,P023,Calm Cream 23,true,true,true,180,,T003857,
V003462,C00131,2025-05-24,direct,P023,Calm Cream 23,true,false,false,155,,,
V003463,C00421,2025-03-25,direct,P013,Bright Organizer 13,true,true,false,67,LOYALTY10,,
V003464,C00964,2025-07-30,paid_search,P019,Urban Bottle 19,true,false,false,97,,,
V003465,C00151,2025-12-28,organic_search,P014,Active Mat 14,false,false,false,84,,,
V003466,C00014,2025-03-05,organic_search,P014,Active Mat 14,true,false,false,87,,,
V003467,C00406,2025-06-08,direct,P013,Bright Organizer 13,true,true,false,16,,,
V003468,C00852,2025-01-11,referral,P029,Bright Organizer 29,true,true,false,165,,,
V003469,C00748,2025-01-27,organic_search,P014,Active Mat 14,true,false,false,115,WEEKEND15,,
V003470,C00142,2025-11-25,social,P016,Modern Serum 16,false,false,false,21,,,
V003471,C00250,2025-02-10,referral,P024,Modern Serum 24,true,false,false,195,,,
V003472,C00022,2025-09-17,social,P008,Modern Serum 08,true,false,true,25,,T004870,
V003473,C00179,2025-08-18,organic_search,P011,Urban Bottle 11,true,true,false,272,,,
V003474,C00311,2025-01-30,direct,P006,Active Mat 06,true,true,false,15,,,
V003475,C00929,2025-04-23,paid_search,P023,Calm Cream 23,true,false,false,63,,,
V003476,C00880,2025-11-24,paid_search,P008,Modern Serum 08,true,false,false,75,,,
V003477,C00198,2025-02-28,direct,P014,Active Mat 14,true,false,false,49,,,
V003478,C00557,2025-04-10,organic_search,P016,Modern Serum 16,true,true,true,106,,T001931,
V003479,C00226,2025-07-08,paid_search,P015,Calm Cream 15,true,false,false,50,LOYALTY10,,
V003480,C00585,2025-03-03,organic_search,P023,Calm Cream 23,true,false,false,64,,,
V003481,C00464,2025-06-13,organic_search,P029,Bright Organizer 29,true,false,false,68,,,
V003482,C00366,2025-11-13,organic_search,P015,Calm Cream 15,true,true,false,25,,,
V003483,C00844,2025-09-27,organic_search,P029,Bright Organizer 29,true,false,false,17,,,
V003484,C00355,2025-03-29,social,P018,Pure Band 18,true,false,false,37,WELCOME5,,
V003485,C00331,2025-07-26,email,P016,Modern Serum 16,true,false,false,45,WELCOME5,,
V003486,C00263,2025-11-29,paid_search,P025,Daily Lamp 25,true,false,false,96,,,
V003487,C00376,2025-11-29,organic_search,P014,Active Mat 14,false,false,false,52,,,
V003488,C00618,2025-02-07,email,P007,Calm Cream 07,true,false,false,90,,,
V003489,C00380,2025-09-26,paid_search,P023,Calm Cream 23,false,false,false,146,,,
V003490,C00583,2025-09-14,organic_search,P019,Urban Bottle 19,true,false,false,145,,,
V003491,C00637,2025-09-19,direct,P023,Calm Cream 23,true,false,false,22,,,
V003492,C00177,2025-11-17,organic_search,P026,Pure Band 26,true,false,false,166,,,
V003493,C00324,2025-04-26,referral,P024,Modern Serum 24,true,true,false,34,,,
V003494,C00144,2025-01-09,referral,P011,Urban Bottle 11,true,false,false,19,,,
V003495,C00155,2025-10-29,paid_search,P015,Calm Cream 15,true,false,false,104,WEEKEND15,,
V003496,C00294,2025-06-08,direct,P014,Active Mat 14,true,false,false,77,,,
V003497,C00137,2025-10-08,social,P016,Modern Serum 16,true,false,false,39,LOYALTY10,,
V003498,C00524,2025-11-15,direct,P015,Calm Cream 15,true,false,false,82,,,
V003499,C00560,2025-03-14,email,P029,Bright Organizer 29,true,false,false,23,,,
V003500,C00039,2025-03-23,referral,P019,Urban Bottle 19,true,false,false,59,,,
V003501,C00555,2025-07-10,organic_search,P030,Active Mat 30,true,true,false,16,,,
V003502,C00473,2025-09-11,organic_search,P010,Pure Band 10,true,false,false,91,,,
V003503,C00051,2025-07-02,social,P004,Essential Bag 04,true,false,false,177,WELCOME5,,
V003504,C00781,2025-10-26,organic_search,P029,Bright Organizer 29,true,false,false,58,LOYALTY10,,
V003505,C00660,2025-04-19,referral,P023,Calm Cream 23,true,false,false,128,,,
V003506,C00481,2025-03-07,direct,P027,Urban Bottle 27,true,false,false,41,,,
V003507,C00471,2025-03-29,paid_search,P028,Essential Bag 28,true,false,true,81,,T001668,
V003508,C00615,2025-06-14,organic_search,P011,Urban Bottle 11,true,false,false,32,WEEKEND15,,
V003509,C00747,2025-05-10,organic_search,P020,Essential Bag 20,true,false,false,19,,,
V003510,C00483,2025-05-05,social,P009,Daily Lamp 09,true,false,false,97,WELCOME5,,
V003511,C00560,2025-02-15,referral,P009,Daily Lamp 09,true,false,false,15,,,
V003512,C00700,2025-06-13,organic_search,P013,Bright Organizer 13,true,false,false,40,,,
V003513,C00316,2025-12-25,organic_search,P011,Urban Bottle 11,false,false,false,143,WEEKEND15,,
V003514,C00497,2025-07-30,direct,P012,Essential Bag 12,false,false,false,30,WEEKEND15,,
V003515,C00094,2025-12-18,email,P015,Calm Cream 15,true,true,false,120,,,
V003516,C00665,2025-02-21,referral,P006,Active Mat 06,true,true,false,37,LOYALTY10,,
V003517,C00809,2025-09-16,organic_search,P021,Bright Organizer 21,true,false,false,80,,,
V003518,C00636,2025-03-08,organic_search,P030,Active Mat 30,true,true,false,207,,,
V003519,C00903,2025-12-29,paid_search,P002,Pure Band 02,true,false,false,92,,,
V003520,C00305,2025-06-24,direct,P029,Bright Organizer 29,true,false,false,382,WEEKEND15,,
V003521,C00886,2025-12-02,paid_search,P016,Modern Serum 16,true,false,false,16,LOYALTY10,,
V003522,C00235,2025-07-13,paid_search,P026,Pure Band 26,true,false,false,35,,,
V003523,C00710,2025-12-17,paid_search,P013,Bright Organizer 13,true,true,false,42,,,
V003524,C00016,2025-11-16,email,P020,Essential Bag 20,true,false,false,51,WELCOME5,,
V003525,C00380,2025-08-01,referral,P003,Urban Bottle 03,true,false,false,40,,,
V003526,C00508,2025-04-09,organic_search,P005,Bright Organizer 05,true,true,false,204,,,
V003527,C00893,2025-04-03,paid_search,P030,Active Mat 30,true,true,false,73,,,
V003528,C00564,2025-02-21,paid_search,P021,Bright Organizer 21,true,false,false,78,,,
V003529,C00968,2025-10-23,paid_search,P004,Essential Bag 04,false,false,false,47,,,
V003530,C00427,2025-07-31,organic_search,P018,Pure Band 18,true,true,true,434,,T003996,
V003531,C00907,2025-09-18,paid_search,P004,Essential Bag 04,false,false,false,89,,,
V003532,C00014,2025-06-04,social,P012,Essential Bag 12,true,false,false,41,,,
V003533,C00378,2025-04-01,social,P021,Bright Organizer 21,true,false,false,21,,,
V003534,C00915,2025-04-15,social,P023,Calm Cream 23,true,true,false,41,,,
V003535,C00385,2025-05-08,paid_search,P014,Active Mat 14,true,false,false,69,,,
V003536,C00917,2025-09-23,organic_search,P030,Active Mat 30,true,false,true,43,,T004951,
V003537,C00747,2025-05-11,social,P026,Pure Band 26,true,false,false,50,,,
V003538,C00384,2025-07-11,social,P013,Bright Organizer 13,true,false,false,22,,,
V003539,C00591,2025-04-10,organic_search,P026,Pure Band 26,true,false,false,19,,,
V003540,C00227,2025-10-11,organic_search,P026,Pure Band 26,true,false,false,72,,,
V003541,C00847,2025-11-30,referral,P006,Active Mat 06,false,false,false,42,,,
V003542,C00891,2025-11-05,social,P026,Pure Band 26,true,false,true,127,,T005678,
V003543,C00711,2025-10-18,email,P030,Active Mat 30,true,true,false,59,,,
V003544,C00157,2025-12-13,direct,P019,Urban Bottle 19,true,true,false,24,,,
V003545,C00863,2025-06-23,email,P027,Urban Bottle 27,true,false,false,112,,,
V003546,C00722,2025-04-01,paid_search,P019,Urban Bottle 19,true,false,false,36,,,
V003547,C00212,2025-12-10,social,P015,Calm Cream 15,true,false,false,130,,,
V003548,C00521,2025-04-25,direct,P001,Daily Lamp 01,true,false,false,58,,,
V003549,C00582,2025-02-11,social,P027,Urban Bottle 27,true,false,false,76,,,
V003550,C00748,2025-10-26,email,P001,Daily Lamp 01,false,false,false,48,,,
V003551,C00674,2025-08-22,email,P018,Pure Band 18,true,false,false,98,,,
V003552,C00131,2025-10-22,email,P004,Essential Bag 04,false,false,false,25,,,
V003553,C00054,2025-09-01,email,P014,Active Mat 14,true,false,false,251,WEEKEND15,,
V003554,C00363,2025-01-20,referral,P019,Urban Bottle 19,true,false,false,41,,,
V003555,C00397,2025-12-11,social,P014,Active Mat 14,true,false,false,19,,,
V003556,C00516,2025-08-23,organic_search,P009,Daily Lamp 09,true,false,false,14,,,
V003557,C00886,2025-09-05,paid_search,P026,Pure Band 26,true,false,true,55,,T004653,
V003558,C00373,2025-11-10,direct,P025,Daily Lamp 25,true,false,false,56,,,
V003559,C00857,2025-09-24,direct,P016,Modern Serum 16,false,false,false,29,,,
V003560,C00761,2025-05-03,social,P026,Pure Band 26,true,false,false,35,,,
V003561,C00728,2025-09-10,organic_search,P009,Daily Lamp 09,true,false,false,46,WELCOME5,,
V003562,C00086,2025-07-05,social,P024,Modern Serum 24,true,false,false,45,,,
V003563,C00183,2025-10-29,organic_search,P015,Calm Cream 15,true,false,false,38,,,
V003564,C00365,2025-04-06,organic_search,P023,Calm Cream 23,true,true,false,74,,,
V003565,C00746,2025-08-26,email,P005,Bright Organizer 05,false,false,false,72,WELCOME5,,
V003566,C00576,2025-02-09,organic_search,P001,Daily Lamp 01,true,true,false,111,,,
V003567,C00232,2025-12-20,direct,P007,Calm Cream 07,true,false,false,124,,,
V003568,C00219,2025-05-18,email,P019,Urban Bottle 19,true,false,false,25,LOYALTY10,,
V003569,C00944,2025-08-15,email,P009,Daily Lamp 09,true,true,false,162,LOYALTY10,,
V003570,C00803,2025-07-14,direct,P014,Active Mat 14,true,false,false,85,,,
V003571,C00056,2025-04-05,social,P008,Modern Serum 08,true,false,false,169,LOYALTY10,,
V003572,C00441,2025-02-19,email,P023,Calm Cream 23,true,true,true,72,,T000928,
V003573,C00557,2025-09-30,email,P025,Daily Lamp 25,true,false,false,169,,,
V003574,C00378,2025-03-24,email,P009,Daily Lamp 09,true,false,true,47,,T001579,
V003575,C00742,2025-09-24,social,P020,Essential Bag 20,true,false,false,103,,,
V003576,C00219,2025-07-22,organic_search,P013,Bright Organizer 13,true,false,false,42,,,
V003577,C00548,2025-10-29,organic_search,P018,Pure Band 18,false,false,false,141,,,
V003578,C00006,2025-08-13,paid_search,P008,Modern Serum 08,true,false,false,45,,,
V003579,C00703,2025-04-11,paid_search,P021,Bright Organizer 21,true,false,false,5,,,
V003580,C00373,2025-06-18,organic_search,P023,Calm Cream 23,false,false,false,118,,,
V003581,C00024,2025-07-19,social,P015,Calm Cream 15,true,false,false,119,,,
V003582,C00048,2025-11-12,paid_search,P003,Urban Bottle 03,true,false,false,78,,,
V003583,C00940,2025-10-01,social,P011,Urban Bottle 11,true,false,false,62,,,
V003584,C00492,2025-06-18,social,P009,Daily Lamp 09,true,false,false,81,,,
V003585,C00209,2025-09-04,direct,P007,Calm Cream 07,true,false,false,33,,,
V003586,C00901,2025-09-07,direct,P001,Daily Lamp 01,true,false,false,48,,,
V003587,C00255,2025-11-07,social,P005,Bright Organizer 05,true,false,false,93,,,
V003588,C00972,2025-03-28,paid_search,P026,Pure Band 26,true,false,false,84,,,
V003589,C00044,2025-08-22,email,P007,Calm Cream 07,true,true,true,122,,T004430,
V003590,C00546,2025-10-29,organic_search,P024,Modern Serum 24,false,false,false,25,,,
V003591,C00905,2025-12-24,email,P007,Calm Cream 07,true,false,true,28,WEEKEND15,T006480,
V003592,C00050,2025-06-18,email,P019,Urban Bottle 19,true,false,false,31,,,
V003593,C00166,2025-02-08,direct,P011,Urban Bottle 11,true,true,false,28,WELCOME5,,
V003594,C00109,2025-09-30,email,P004,Essential Bag 04,false,false,false,287,,,
V003595,C00702,2025-02-20,email,P012,Essential Bag 12,true,false,false,58,,,
V003596,C00208,2025-12-26,social,P011,Urban Bottle 11,false,false,false,38,,,
V003597,C00307,2025-08-09,social,P019,Urban Bottle 19,true,false,false,123,,,
V003598,C00351,2025-09-12,paid_search,P004,Essential Bag 04,true,false,false,53,,,
V003599,C00740,2025-06-20,social,P025,Daily Lamp 25,true,false,true,44,,T003249,
V003600,C00926,2025-12-21,paid_search,P028,Essential Bag 28,true,false,false,49,,,
V003601,C00301,2025-04-10,social,P028,Essential Bag 28,true,false,false,22,,,
V003602,C00704,2025-08-02,direct,P006,Active Mat 06,true,false,false,16,,,
V003603,C00658,2025-03-01,organic_search,P010,Pure Band 10,true,false,false,123,WELCOME5,,
V003604,C00698,2025-08-12,organic_search,P019,Urban Bottle 19,true,false,false,42,,,
V003605,C00629,2025-10-17,social,P006,Active Mat 06,true,false,false,81,WELCOME5,,
V003606,C00110,2025-05-14,organic_search,P028,Essential Bag 28,true,false,false,42,,,
V003607,C00428,2025-04-17,organic_search,P007,Calm Cream 07,true,true,false,16,,,
V003608,C00666,2025-03-19,paid_search,P019,Urban Bottle 19,true,false,false,26,,,
V003609,C00121,2025-08-20,direct,P003,Urban Bottle 03,true,true,true,32,,T004397,
V003610,C00766,2025-08-09,referral,P019,Urban Bottle 19,true,false,false,14,,,
V003611,C00803,2025-07-15,social,P004,Essential Bag 04,true,false,false,12,,,
V003612,C00288,2025-11-28,organic_search,P027,Urban Bottle 27,true,false,false,95,,,
V003613,C00932,2025-06-20,paid_search,P015,Calm Cream 15,true,false,false,157,,,
V003614,C00106,2025-11-21,organic_search,P024,Modern Serum 24,true,false,false,8,LOYALTY10,,
V003615,C00763,2025-11-14,paid_search,P017,Daily Lamp 17,true,false,false,70,,,
V003616,C00790,2025-03-09,social,P018,Pure Band 18,true,false,false,67,,,
V003617,C00187,2025-05-22,organic_search,P022,Active Mat 22,true,false,false,55,WEEKEND15,,
V003618,C00526,2025-05-29,social,P001,Daily Lamp 01,false,false,false,75,,,
V003619,C00856,2025-05-04,paid_search,P020,Essential Bag 20,true,false,false,49,,,
V003620,C00231,2025-12-21,direct,P007,Calm Cream 07,true,true,true,227,,T006432,
V003621,C00092,2025-01-06,paid_search,P006,Active Mat 06,true,false,false,182,WEEKEND15,,
V003622,C00965,2025-10-01,referral,P024,Modern Serum 24,true,false,false,179,WEEKEND15,,
V003623,C00999,2025-10-08,email,P006,Active Mat 06,true,false,true,213,LOYALTY10,T005209,
V003624,C00788,2025-09-11,organic_search,P025,Daily Lamp 25,true,false,false,37,,,
V003625,C00784,2025-06-28,email,P024,Modern Serum 24,true,false,false,169,,,
V003626,C00127,2025-09-27,direct,P014,Active Mat 14,false,false,false,131,,,
V003627,C00191,2025-07-23,direct,P017,Daily Lamp 17,true,false,false,8,,,
V003628,C00533,2025-07-17,organic_search,P006,Active Mat 06,false,false,false,26,,,
V003629,C00532,2025-07-21,paid_search,P013,Bright Organizer 13,true,true,false,1321,,,
V003630,C00444,2025-07-18,direct,P012,Essential Bag 12,true,false,false,89,,,
V003631,C00812,2025-10-19,organic_search,P024,Modern Serum 24,true,false,false,165,,,
V003632,C00768,2025-06-29,social,P025,Daily Lamp 25,true,false,false,59,WELCOME5,,
V003633,C00523,2025-09-22,referral,P007,Calm Cream 07,true,false,false,31,WELCOME5,,
V003634,C00653,2025-07-13,organic_search,P028,Essential Bag 28,true,false,false,125,,,
V003635,C00036,2025-06-04,organic_search,P011,Urban Bottle 11,true,false,false,63,,,
V003636,C00439,2025-04-06,social,P010,Pure Band 10,true,false,false,74,WELCOME5,,
V003637,C00430,2025-05-21,email,P009,Daily Lamp 09,true,false,false,34,,,
V003638,C00211,2025-06-07,referral,P008,Modern Serum 08,true,false,false,65,WEEKEND15,,
V003639,C00326,2025-07-14,paid_search,P017,Daily Lamp 17,true,false,false,102,WELCOME5,,
V003640,C00267,2025-09-16,paid_search,P007,Calm Cream 07,true,false,false,349,,,
V003641,C00184,2025-02-04,social,P015,Calm Cream 15,true,false,false,75,,,
V003642,C00846,2025-10-30,paid_search,P023,Calm Cream 23,false,false,false,54,,,
V003643,C00026,2025-06-01,social,P001,Daily Lamp 01,true,true,false,181,LOYALTY10,,
V003644,C00479,2025-12-22,email,P018,Pure Band 18,false,false,false,33,,,
V003645,C00957,2025-01-31,direct,P010,Pure Band 10,true,true,false,75,,,
V003646,C00693,2025-03-09,paid_search,P007,Calm Cream 07,true,false,false,27,,,
V003647,C00422,2025-04-14,organic_search,P011,Urban Bottle 11,true,false,false,51,LOYALTY10,,
V003648,C00655,2025-04-12,referral,P017,Daily Lamp 17,true,false,false,96,,,
V003649,C00130,2025-11-27,direct,P017,Daily Lamp 17,true,false,false,25,,,
V003650,C00635,2025-08-29,organic_search,P006,Active Mat 06,false,false,false,208,,,
V003651,C00351,2025-08-02,organic_search,P013,Bright Organizer 13,true,true,true,98,LOYALTY10,T004027,
V003652,C00514,2025-06-07,organic_search,P002,Pure Band 02,true,false,false,22,,,
V003653,C00702,2025-09-13,social,P016,Modern Serum 16,false,false,false,865,WEEKEND15,,
V003654,C00619,2025-02-19,social,P011,Urban Bottle 11,true,false,false,29,,,
V003655,C00889,2025-02-23,organic_search,P019,Urban Bottle 19,true,true,false,99,,,
V003656,C00158,2025-12-04,paid_search,P015,Calm Cream 15,true,false,false,142,,,
V003657,C00262,2025-02-14,email,P027,Urban Bottle 27,true,false,false,21,,,
V003658,C00080,2025-02-13,organic_search,P020,Essential Bag 20,true,true,false,39,,,
V003659,C00526,2025-05-05,social,P028,Essential Bag 28,true,false,false,22,WELCOME5,,
V003660,C00597,2025-01-09,email,P028,Essential Bag 28,true,true,false,76,,,
V003661,C00711,2025-04-09,email,P012,Essential Bag 12,true,false,false,12,LOYALTY10,,
V003662,C00597,2025-06-24,organic_search,P016,Modern Serum 16,true,false,false,10,,,
V003663,C00740,2025-03-23,paid_search,P024,Modern Serum 24,true,false,false,39,LOYALTY10,,
V003664,C00282,2025-06-20,organic_search,P027,Urban Bottle 27,true,true,true,15,,T003246,
V003665,C00095,2025-10-17,paid_search,P017,Daily Lamp 17,true,false,false,11,,,
V003666,C00202,2025-06-20,paid_search,P011,Urban Bottle 11,true,false,false,87,,,
V003667,C00187,2025-06-29,email,P030,Active Mat 30,true,false,true,175,,T003430,
V003668,C00394,2025-11-05,email,P001,Daily Lamp 01,true,true,false,314,,,
V003669,C00328,2025-06-23,direct,P028,Essential Bag 28,true,false,false,36,,,
V003670,C00275,2025-10-28,direct,P006,Active Mat 06,false,false,false,34,,,
V003671,C00928,2025-10-03,organic_search,P013,Bright Organizer 13,true,false,false,44,,,
V003672,C00255,2025-01-09,social,P028,Essential Bag 28,true,false,false,36,,,
V003673,C00537,2025-01-25,paid_search,P017,Daily Lamp 17,true,false,false,13,,,
V003674,C00139,2025-03-28,organic_search,P024,Modern Serum 24,true,false,false,122,WEEKEND15,,
V003675,C00703,2025-03-24,organic_search,P024,Modern Serum 24,true,false,false,87,,,
V003676,C00915,2025-09-22,direct,P011,Urban Bottle 11,true,false,false,56,WELCOME5,,
V003677,C00958,2025-02-18,paid_search,P008,Modern Serum 08,true,false,false,260,,,
V003678,C00913,2025-04-10,referral,P005,Bright Organizer 05,true,false,true,91,,T001926,
V003679,C00614,2025-12-17,email,P015,Calm Cream 15,true,false,false,206,LOYALTY10,,
V003680,C00410,2025-03-06,organic_search,P024,Modern Serum 24,true,true,false,54,LOYALTY10,,
V003681,C00854,2025-03-20,direct,P029,Bright Organizer 29,true,false,false,76,,,
V003682,C00254,2025-04-03,paid_search,P006,Active Mat 06,true,true,true,199,,T001777,
V003683,C00849,2025-06-05,paid_search,P010,Pure Band 10,true,false,false,64,,,
V003684,C00196,2025-12-16,organic_search,P014,Active Mat 14,true,false,true,66,WEEKEND15,T006358,
V003685,C00097,2025-07-12,social,P014,Active Mat 14,true,false,false,12,,,
V003686,C00768,2025-03-27,referral,P003,Urban Bottle 03,true,false,false,77,WEEKEND15,,
V003687,C00107,2025-09-15,organic_search,P010,Pure Band 10,true,false,false,12,,,
V003688,C00129,2025-12-07,paid_search,P019,Urban Bottle 19,true,false,false,152,,,
V003689,C00182,2025-03-01,social,P004,Essential Bag 04,true,true,true,202,,T001117,
V003690,C00526,2025-05-10,paid_search,P013,Bright Organizer 13,true,false,false,12,,,
V003691,C00232,2025-04-18,referral,P011,Urban Bottle 11,true,false,false,33,WELCOME5,,
V003692,C00090,2025-03-05,organic_search,P015,Calm Cream 15,true,false,false,82,WEEKEND15,,
V003693,C00583,2025-04-19,email,P024,Modern Serum 24,true,false,false,106,,,
V003694,C00035,2025-05-27,social,P011,Urban Bottle 11,true,false,false,47,,,
V003695,C00813,2025-02-12,email,P024,Modern Serum 24,true,false,false,164,,,
V003696,C00580,2025-03-27,social,P012,Essential Bag 12,true,false,false,14,,,
V003697,C00829,2025-10-16,organic_search,P014,Active Mat 14,true,false,false,29,,,
V003698,C00162,2025-06-17,paid_search,P001,Daily Lamp 01,true,false,false,125,,,
V003699,C00581,2025-05-31,email,P005,Bright Organizer 05,true,false,false,124,,,
V003700,C00932,2025-03-25,organic_search,P003,Urban Bottle 03,true,false,false,36,,,
V003701,C00772,2025-08-03,direct,P006,Active Mat 06,true,false,false,68,,,
V003702,C00006,2025-04-01,organic_search,P004,Essential Bag 04,true,false,false,282,,,
V003703,C00295,2025-01-14,organic_search,P009,Daily Lamp 09,true,true,true,64,,T000255,
V003704,C00319,2025-06-13,social,P017,Daily Lamp 17,true,false,false,46,,,
V003705,C00670,2025-02-06,social,P015,Calm Cream 15,true,false,false,63,,,
V003706,C00173,2025-01-15,organic_search,P008,Modern Serum 08,true,false,false,145,,,
V003707,C00092,2025-07-22,social,P026,Pure Band 26,true,false,false,44,,,
V003708,C00063,2025-08-22,email,P009,Daily Lamp 09,true,false,false,10,,,
V003709,C00895,2025-04-22,email,P023,Calm Cream 23,true,true,false,53,,,
V003710,C00557,2025-04-15,organic_search,P018,Pure Band 18,true,true,true,316,,T002000,
V003711,C00164,2025-07-30,paid_search,P027,Urban Bottle 27,true,false,false,74,,,
V003712,C00115,2025-08-11,social,P030,Active Mat 30,true,false,false,17,,,
V003713,C00499,2025-09-12,organic_search,P026,Pure Band 26,true,false,false,53,,,
V003714,C00015,2025-10-03,organic_search,P001,Daily Lamp 01,true,false,false,26,,,
V003715,C00905,2025-03-08,direct,P005,Bright Organizer 05,true,false,false,134,,,
V003716,C00143,2025-03-27,email,P013,Bright Organizer 13,true,false,false,69,WELCOME5,,
V003717,C00108,2025-08-26,social,P029,Bright Organizer 29,true,false,false,30,,,
V003718,C00192,2025-12-14,social,P029,Bright Organizer 29,true,true,false,154,WELCOME5,,
V003719,C00317,2025-04-06,direct,P013,Bright Organizer 13,true,false,false,62,,,
V003720,C00220,2025-01-24,organic_search,P026,Pure Band 26,true,false,false,56,,,
V003721,C00026,2025-07-24,paid_search,P013,Bright Organizer 13,true,false,true,144,,T003908,
V003722,C00079,2025-08-30,direct,P015,Calm Cream 15,true,false,false,70,,,
V003723,C00172,2025-12-28,social,P013,Bright Organizer 13,true,true,false,183,WELCOME5,,
V003724,C00998,2025-06-08,organic_search,P013,Bright Organizer 13,true,false,false,24,,,
V003725,C00531,2025-01-13,organic_search,P015,Calm Cream 15,true,false,false,99,,,
V003726,C00275,2025-06-02,social,P027,Urban Bottle 27,true,false,false,22,,,
V003727,C00653,2025-10-11,referral,P004,Essential Bag 04,true,false,false,30,LOYALTY10,,
V003728,C00719,2025-10-12,email,P029,Bright Organizer 29,true,true,true,184,,T005283,
V003729,C00531,2025-08-04,email,P011,Urban Bottle 11,true,false,false,17,,,
V003730,C00853,2025-09-14,referral,P012,Essential Bag 12,true,false,false,121,WELCOME5,,
V003731,C00594,2025-08-20,organic_search,P001,Daily Lamp 01,false,false,false,21,,,
V003732,C00297,2025-06-23,paid_search,P014,Active Mat 14,true,true,false,212,,,
V003733,C00469,2025-04-20,organic_search,P014,Active Mat 14,true,false,false,34,,,
V003734,C00053,2025-02-04,direct,P009,Daily Lamp 09,true,false,false,55,WEEKEND15,,
V003735,C00928,2025-06-13,email,P006,Active Mat 06,true,true,false,14,WEEKEND15,,
V003736,C00533,2025-05-17,direct,P021,Bright Organizer 21,true,false,true,33,,T002596,
V003737,C00413,2025-10-25,referral,P005,Bright Organizer 05,true,false,false,171,,,
V003738,C00963,2025-05-16,email,P011,Urban Bottle 11,true,false,false,176,LOYALTY10,,
V003739,C00068,2025-06-03,paid_search,P012,Essential Bag 12,true,false,false,97,,,
V003740,C00606,2025-04-06,referral,P017,Daily Lamp 17,true,false,true,59,,T001830,
V003741,C00237,2025-02-03,organic_search,P017,Daily Lamp 17,true,false,false,22,,,
V003742,C00850,2025-02-13,organic_search,P003,Urban Bottle 03,true,false,true,11,,T000817,
V003743,C00875,2025-01-07,social,P004,Essential Bag 04,true,false,false,10,,,
V003744,C00619,2025-09-30,organic_search,P001,Daily Lamp 01,false,false,false,146,LOYALTY10,,
V003745,C00684,2025-08-12,paid_search,P007,Calm Cream 07,true,false,false,126,,,
V003746,C00680,2025-03-24,social,P011,Urban Bottle 11,true,false,false,140,,,
V003747,C00646,2025-11-04,organic_search,P022,Active Mat 22,true,true,false,25,,,
V003748,C00489,2025-06-20,email,P016,Modern Serum 16,true,false,false,24,,,
V003749,C00081,2025-12-09,paid_search,P003,Urban Bottle 03,true,true,false,93,WEEKEND15,,
V003750,C00085,2025-09-06,email,P021,Bright Organizer 21,true,false,false,34,,,
V003751,C00465,2025-12-23,paid_search,P019,Urban Bottle 19,false,false,false,64,LOYALTY10,,
V003752,C00342,2025-01-19,organic_search,P006,Active Mat 06,true,false,false,131,,,
V003753,C00365,2025-01-24,direct,P027,Urban Bottle 27,true,false,false,52,,,
V003754,C00926,2025-12-05,paid_search,P009,Daily Lamp 09,true,true,true,61,,T006162,
V003755,C00614,2025-03-30,paid_search,P029,Bright Organizer 29,true,false,false,35,,,
V003756,C00925,2025-09-28,email,P009,Daily Lamp 09,true,true,false,14,,,
V003757,C00291,2025-07-18,direct,P018,Pure Band 18,true,false,false,54,,,
V003758,C00121,2025-05-12,organic_search,P014,Active Mat 14,true,false,false,7,LOYALTY10,,
V003759,C00579,2025-02-08,paid_search,P012,Essential Bag 12,true,true,false,57,,,
V003760,C00840,2025-07-13,social,P017,Daily Lamp 17,true,false,false,101,,,
V003761,C00863,2025-12-18,organic_search,P019,Urban Bottle 19,false,false,false,19,,,
V003762,C00017,2025-03-16,social,P014,Active Mat 14,true,false,true,44,,T001401,
V003763,C00478,2025-11-04,paid_search,P001,Daily Lamp 01,true,false,false,63,,,
V003764,C00954,2025-11-09,referral,P019,Urban Bottle 19,true,false,false,39,,,
V003765,C00849,2025-07-19,email,P007,Calm Cream 07,true,false,false,15,,,
V003766,C00206,2025-04-24,direct,P015,Calm Cream 15,true,false,false,189,,,
V003767,C00545,2025-01-07,paid_search,P016,Modern Serum 16,true,false,false,23,,,
V003768,C00896,2025-03-28,email,P016,Modern Serum 16,true,false,false,14,,,
V003769,C00652,2025-09-27,direct,P004,Essential Bag 04,false,false,false,24,,,
V003770,C00859,2025-08-10,organic_search,P008,Modern Serum 08,true,false,false,200,LOYALTY10,,
V003771,C00010,2025-07-27,email,P011,Urban Bottle 11,true,false,false,38,,,
V003772,C00593,2025-12-23,organic_search,P022,Active Mat 22,true,false,false,73,,,
V003773,C00996,2025-10-31,email,P025,Daily Lamp 25,true,false,false,43,,,
V003774,C00463,2025-08-06,email,P029,Bright Organizer 29,true,false,false,35,,,
V003775,C00980,2025-08-09,organic_search,P007,Calm Cream 07,true,true,true,149,,T004163,
V003776,C00617,2025-07-17,paid_search,P016,Modern Serum 16,true,true,true,37,,T003751,
V003777,C00778,2025-12-06,direct,P030,Active Mat 30,true,false,false,6,,,
V003778,C00974,2025-07-04,referral,P016,Modern Serum 16,true,false,false,99,WEEKEND15,,
V003779,C00102,2025-08-26,referral,P001,Daily Lamp 01,false,false,false,31,,,
V003780,C00623,2025-03-26,paid_search,P019,Urban Bottle 19,true,true,false,42,,,
V003781,C00749,2025-07-15,social,P030,Active Mat 30,true,false,true,59,,T003711,
V003782,C00692,2025-08-23,paid_search,P003,Urban Bottle 03,true,false,false,63,LOYALTY10,,
V003783,C00294,2025-03-29,social,P028,Essential Bag 28,true,false,false,35,,,
V003784,C00204,2025-10-25,paid_search,P026,Pure Band 26,true,false,false,95,WEEKEND15,,
V003785,C00796,2025-04-07,direct,P009,Daily Lamp 09,true,false,false,23,,,
V003786,C00442,2025-10-11,email,P025,Daily Lamp 25,true,false,false,180,,,
V003787,C00331,2025-04-08,social,P024,Modern Serum 24,true,false,false,150,WELCOME5,,
V003788,C00991,2025-01-14,organic_search,P008,Modern Serum 08,true,false,false,43,,,
V003789,C00506,2025-09-03,paid_search,P021,Bright Organizer 21,true,false,false,82,,,
V003790,C00094,2025-02-15,social,P007,Calm Cream 07,true,false,false,82,,,
V003791,C00007,2025-12-06,direct,P026,Pure Band 26,true,false,false,99,,,
V003792,C00771,2025-03-03,organic_search,P007,Calm Cream 07,true,false,false,66,,,
V003793,C00039,2025-03-31,paid_search,P025,Daily Lamp 25,true,false,false,46,,,
V003794,C00691,2025-04-09,organic_search,P005,Bright Organizer 05,true,false,false,51,WELCOME5,,
V003795,C00201,2025-11-27,paid_search,P011,Urban Bottle 11,false,false,false,20,,,
V003796,C00046,2025-09-27,social,P014,Active Mat 14,false,false,false,17,WELCOME5,,
V003797,C00021,2025-01-12,email,P025,Daily Lamp 25,true,false,false,21,,,
V003798,C00340,2025-03-14,email,P005,Bright Organizer 05,true,false,false,42,,,
V003799,C00945,2025-06-27,email,P009,Daily Lamp 09,true,false,false,26,,,
V003800,C00335,2025-07-06,email,P012,Essential Bag 12,true,false,false,8,,,
V003801,C00054,2025-07-24,email,P013,Bright Organizer 13,true,false,false,36,,,
V003802,C00552,2025-07-04,organic_search,P011,Urban Bottle 11,true,false,false,21,,,
V003803,C00852,2025-02-06,paid_search,P009,Daily Lamp 09,true,false,false,41,,,
V003804,C00617,2025-03-05,email,P007,Calm Cream 07,true,false,false,130,,,
V003805,C00398,2025-04-29,referral,P020,Essential Bag 20,true,false,false,51,WEEKEND15,,
V003806,C00798,2025-10-08,paid_search,P007,Calm Cream 07,true,false,false,20,,,
V003807,C00163,2025-06-05,referral,P005,Bright Organizer 05,true,false,false,64,,,
V003808,C00724,2025-03-25,referral,P021,Bright Organizer 21,true,false,false,39,,,
V003809,C00636,2025-10-01,social,P028,Essential Bag 28,true,false,false,39,,,
V003810,C00886,2025-11-26,direct,P016,Modern Serum 16,false,false,false,20,,,
V003811,C00039,2025-10-30,paid_search,P021,Bright Organizer 21,true,true,false,82,,,
V003812,C00175,2025-05-06,organic_search,P009,Daily Lamp 09,true,false,false,20,,,
V003813,C00634,2025-09-05,paid_search,P025,Daily Lamp 25,true,false,false,41,,,
V003814,C00418,2025-11-01,paid_search,P026,Pure Band 26,true,false,false,188,,,
V003815,C00720,2025-08-17,direct,P018,Pure Band 18,true,true,true,115,,T004351,
V003816,C00282,2025-04-27,direct,P019,Urban Bottle 19,true,true,false,169,,,
V003817,C00769,2025-01-11,organic_search,P024,Modern Serum 24,true,false,false,159,,,
V003818,C00291,2025-12-08,direct,P004,Essential Bag 04,true,false,false,30,,,
V003819,C00748,2025-04-23,direct,P008,Modern Serum 08,true,false,false,92,,,
V003820,C00184,2025-06-21,referral,P014,Active Mat 14,true,true,false,105,,,
V003821,C00324,2025-11-01,email,P005,Bright Organizer 05,true,false,false,156,LOYALTY10,,
V003822,C00175,2025-12-02,referral,P023,Calm Cream 23,true,false,false,38,,,
V003823,C00173,2025-06-07,referral,P006,Active Mat 06,true,false,false,41,,,
V003824,C00177,2025-10-15,direct,P026,Pure Band 26,true,true,true,124,,T005354,
V003825,C00628,2025-11-01,email,P001,Daily Lamp 01,true,false,false,6,WEEKEND15,,
V003826,C00677,2025-05-22,email,P017,Daily Lamp 17,true,false,false,11,,,
V003827,C00372,2025-01-02,paid_search,P013,Bright Organizer 13,true,false,false,95,WELCOME5,,
V003828,C00915,2025-12-17,paid_search,P028,Essential Bag 28,true,false,false,84,,,
V003829,C00453,2025-04-12,direct,P006,Active Mat 06,true,false,false,61,,,
V003830,C00572,2025-09-27,social,P005,Bright Organizer 05,true,false,false,47,LOYALTY10,,
V003831,C00656,2025-11-08,paid_search,P009,Daily Lamp 09,true,false,false,45,,,
V003832,C00631,2025-03-30,email,P012,Essential Bag 12,true,true,false,50,,,
V003833,C00297,2025-07-07,referral,P010,Pure Band 10,true,false,false,47,,,
V003834,C00538,2025-09-11,direct,P013,Bright Organizer 13,true,false,false,58,,,
V003835,C00722,2025-08-22,organic_search,P019,Urban Bottle 19,false,false,false,75,LOYALTY10,,
V003836,C00823,2025-09-27,organic_search,P008,Modern Serum 08,true,false,false,29,,,
V003837,C00166,2025-07-08,social,P023,Calm Cream 23,true,true,false,27,WEEKEND15,,
V003838,C00243,2025-09-04,organic_search,P002,Pure Band 02,true,false,false,172,WEEKEND15,,
V003839,C00117,2025-05-31,organic_search,P026,Pure Band 26,true,true,true,276,LOYALTY10,T002874,
V003840,C00635,2025-03-03,social,P014,Active Mat 14,true,false,false,16,,,
V003841,C00816,2025-09-15,organic_search,P004,Essential Bag 04,true,false,false,22,,,
V003842,C00284,2025-03-13,organic_search,P013,Bright Organizer 13,true,false,false,33,WELCOME5,,
V003843,C00741,2025-10-22,organic_search,P003,Urban Bottle 03,true,false,false,86,LOYALTY10,,
V003844,C00528,2025-02-12,referral,P009,Daily Lamp 09,true,false,false,31,,,
V003845,C00287,2025-03-11,paid_search,P016,Modern Serum 16,true,false,false,24,LOYALTY10,,
V003846,C00080,2025-06-12,social,P018,Pure Band 18,true,false,false,95,,,
V003847,C00905,2025-12-06,paid_search,P024,Modern Serum 24,true,false,true,26,,T006181,
V003848,C00435,2025-04-19,direct,P001,Daily Lamp 01,true,false,false,87,,,
V003849,C00214,2025-02-20,paid_search,P008,Modern Serum 08,true,false,true,22,,T000938,
V003850,C00152,2025-10-22,direct,P019,Urban Bottle 19,false,false,false,129,,,
V003851,C00457,2025-06-17,organic_search,P021,Bright Organizer 21,true,false,false,64,,,
V003852,C00406,2025-10-07,email,P030,Active Mat 30,true,true,true,135,,T005203,
V003853,C00079,2025-12-01,organic_search,P002,Pure Band 02,true,false,false,40,,,
V003854,C00957,2025-03-19,social,P018,Pure Band 18,true,false,false,25,,,
V003855,C00378,2025-07-24,referral,P027,Urban Bottle 27,true,false,false,42,LOYALTY10,,
V003856,C00667,2025-03-26,social,P012,Essential Bag 12,true,true,true,297,WELCOME5,T001606,
V003857,C00739,2025-12-29,paid_search,P029,Bright Organizer 29,true,false,false,27,,,
V003858,C00228,2025-05-11,social,P013,Bright Organizer 13,true,false,false,17,WELCOME5,,
V003859,C00484,2025-08-24,direct,P018,Pure Band 18,true,true,false,370,,,
V003860,C00866,2025-04-21,email,P005,Bright Organizer 05,true,false,false,106,WELCOME5,,
V003861,C00140,2025-07-01,referral,P012,Essential Bag 12,true,false,true,146,,T003457,
V003862,C00241,2025-03-06,direct,P012,Essential Bag 12,true,true,false,362,WELCOME5,,
V003863,C00694,2025-02-28,email,P002,Pure Band 02,true,false,false,26,,,
V003864,C00336,2025-10-20,organic_search,P025,Daily Lamp 25,true,false,false,19,,,
V003865,C00621,2025-08-13,organic_search,P003,Urban Bottle 03,true,false,false,33,LOYALTY10,,
V003866,C00336,2025-05-14,email,P002,Pure Band 02,true,false,false,19,,,
V003867,C00734,2025-01-15,organic_search,P007,Calm Cream 07,true,false,false,233,LOYALTY10,,
V003868,C00557,2025-12-15,email,P019,Urban Bottle 19,false,false,false,9,WELCOME5,,
V003869,C00599,2025-08-04,paid_search,P006,Active Mat 06,true,false,false,45,,,
V003870,C00560,2025-05-01,email,P001,Daily Lamp 01,true,false,false,73,WEEKEND15,,
V003871,C00243,2025-04-05,direct,P002,Pure Band 02,true,false,false,12,,,
V003872,C00883,2025-08-14,referral,P005,Bright Organizer 05,true,false,false,69,,,
V003873,C00200,2025-04-14,direct,P016,Modern Serum 16,true,false,false,29,,,
V003874,C00249,2025-04-13,direct,P025,Daily Lamp 25,true,false,false,99,LOYALTY10,,
V003875,C00683,2025-09-22,paid_search,P017,Daily Lamp 17,true,true,false,26,,,
V003876,C00996,2025-08-28,paid_search,P019,Urban Bottle 19,false,false,false,106,,,
V003877,C00252,2025-07-12,paid_search,P010,Pure Band 10,true,false,false,210,,,
V003878,C00347,2025-05-22,organic_search,P017,Daily Lamp 17,true,false,false,48,,,
V003879,C00178,2025-04-13,email,P019,Urban Bottle 19,true,false,false,34,,,
V003880,C00880,2025-03-22,social,P006,Active Mat 06,true,false,false,62,,,
V003881,C00046,2025-09-12,referral,P018,Pure Band 18,true,false,false,189,,,
V003882,C00141,2025-08-17,paid_search,P019,Urban Bottle 19,true,false,false,20,,,
V003883,C00041,2025-07-11,social,P028,Essential Bag 28,true,false,false,20,WELCOME5,,
V003884,C00240,2025-01-25,email,P026,Pure Band 26,true,true,false,499,,,
V003885,C00189,2025-06-22,organic_search,P017,Daily Lamp 17,true,false,false,57,,,
V003886,C00593,2025-05-05,direct,P012,Essential Bag 12,true,false,false,14,,,
V003887,C00856,2025-09-10,direct,P005,Bright Organizer 05,true,false,false,118,,,
V003888,C00710,2025-05-09,social,P026,Pure Band 26,true,false,false,34,,,
V003889,C00500,2025-08-09,direct,P022,Active Mat 22,true,true,false,584,WELCOME5,,
V003890,C00133,2025-10-19,organic_search,P024,Modern Serum 24,true,false,false,54,,,
V003891,C00639,2025-05-21,direct,P026,Pure Band 26,true,false,false,62,,,
V003892,C00861,2025-11-20,email,P027,Urban Bottle 27,true,true,false,168,,,
V003893,C00726,2025-08-28,organic_search,P013,Bright Organizer 13,true,false,false,76,,,
V003894,C00810,2025-11-02,organic_search,P022,Active Mat 22,true,true,false,159,,,
V003895,C00721,2025-05-28,email,P023,Calm Cream 23,false,false,false,64,,,
V003896,C00282,2025-05-03,organic_search,P025,Daily Lamp 25,true,false,false,101,,,
V003897,C00290,2025-12-07,organic_search,P001,Daily Lamp 01,true,false,false,59,,,
V003898,C00271,2025-06-06,social,P027,Urban Bottle 27,true,false,true,24,,T002990,
V003899,C00881,2025-07-30,organic_search,P006,Active Mat 06,false,false,false,9,,,
V003900,C00845,2025-03-19,paid_search,P024,Modern Serum 24,true,false,false,54,,,
V003901,C00838,2025-09-29,organic_search,P014,Active Mat 14,false,false,false,18,WELCOME5,,
V003902,C00959,2025-07-01,social,P021,Bright Organizer 21,true,false,false,15,,,
V003903,C00707,2025-05-30,social,P008,Modern Serum 08,true,false,true,83,,T002854,
V003904,C00358,2025-11-07,organic_search,P024,Modern Serum 24,true,false,false,41,,,
V003905,C00495,2025-03-11,email,P016,Modern Serum 16,true,false,false,18,,,
V003906,C00287,2025-01-05,direct,P022,Active Mat 22,true,false,false,13,,,
V003907,C00289,2025-10-20,email,P030,Active Mat 30,true,false,true,60,,T005438,
V003908,C00808,2025-06-15,organic_search,P005,Bright Organizer 05,true,false,false,41,,,
V003909,C00751,2025-09-09,referral,P029,Bright Organizer 29,true,false,false,57,,,
V003910,C00097,2025-03-08,organic_search,P030,Active Mat 30,true,false,false,40,,,
V003911,C00858,2025-10-05,organic_search,P005,Bright Organizer 05,true,false,false,128,,,
V003912,C00965,2025-05-27,organic_search,P027,Urban Bottle 27,true,false,false,111,,,
V003913,C00961,2025-09-09,organic_search,P008,Modern Serum 08,true,false,false,5,,,
V003914,C00345,2025-08-26,organic_search,P006,Active Mat 06,false,false,false,64,,,
V003915,C00708,2025-07-14,direct,P018,Pure Band 18,true,false,false,77,,,
V003916,C00812,2025-05-25,email,P030,Active Mat 30,true,false,false,8,,,
V003917,C00053,2025-05-09,email,P030,Active Mat 30,true,false,false,28,,,
V003918,C00780,2025-12-11,direct,P008,Modern Serum 08,true,false,false,9,WEEKEND15,,
V003919,C00107,2025-12-12,social,P012,Essential Bag 12,true,false,false,55,,,
V003920,C00252,2025-06-16,paid_search,P021,Bright Organizer 21,true,false,false,7,,,
V003921,C00163,2025-06-13,organic_search,P016,Modern Serum 16,true,false,false,23,,,
V003922,C00133,2025-11-19,organic_search,P024,Modern Serum 24,true,false,false,46,,,
V003923,C00826,2025-09-29,direct,P026,Pure Band 26,true,false,false,30,WEEKEND15,,
V003924,C00687,2025-03-19,paid_search,P020,Essential Bag 20,true,true,true,18,,T001473,
V003925,C00319,2025-05-04,direct,P014,Active Mat 14,true,true,false,15,,,
V003926,C00703,2025-03-16,referral,P005,Bright Organizer 05,true,true,false,86,,,
V003927,C00626,2025-10-25,email,P002,Pure Band 02,true,false,false,26,LOYALTY10,,
V003928,C00301,2025-08-09,organic_search,P015,Calm Cream 15,true,false,false,9,,,
V003929,C00517,2025-04-02,direct,P003,Urban Bottle 03,true,true,false,38,,,
V003930,C00220,2025-04-28,social,P008,Modern Serum 08,true,false,false,14,,,
V003931,C00161,2025-12-14,email,P028,Essential Bag 28,true,false,false,83,,,
V003932,C00038,2025-05-14,direct,P024,Modern Serum 24,true,false,false,104,,,
V003933,C00824,2025-11-24,social,P023,Calm Cream 23,true,false,false,6,,,
V003934,C00002,2025-02-21,social,P024,Modern Serum 24,true,false,false,32,,,
V003935,C00763,2025-11-24,paid_search,P017,Daily Lamp 17,true,false,false,219,WEEKEND15,,
V003936,C00485,2025-07-10,direct,P017,Daily Lamp 17,true,true,false,117,LOYALTY10,,
V003937,C00144,2025-11-01,social,P024,Modern Serum 24,true,false,false,66,,,
V003938,C00864,2025-07-31,paid_search,P006,Active Mat 06,false,false,false,31,,,
V003939,C00520,2025-08-20,referral,P002,Pure Band 02,true,false,false,9,,,
V003940,C00820,2025-06-12,paid_search,P020,Essential Bag 20,true,false,false,138,,,
V003941,C00401,2025-04-22,paid_search,P012,Essential Bag 12,true,false,true,262,,T002148,
V003942,C00199,2025-09-22,organic_search,P006,Active Mat 06,false,false,false,23,,,
V003943,C00154,2025-01-23,organic_search,P008,Modern Serum 08,true,false,false,17,WEEKEND15,,
V003944,C00155,2025-12-29,email,P005,Bright Organizer 05,false,false,false,50,,,
V003945,C00860,2025-05-19,paid_search,P011,Urban Bottle 11,true,false,false,185,,,
V003946,C00424,2025-06-28,email,P013,Bright Organizer 13,true,false,false,88,,,
V003947,C00715,2025-05-23,direct,P008,Modern Serum 08,true,false,false,60,,,
V003948,C00080,2025-04-10,email,P011,Urban Bottle 11,true,false,false,84,,,
V003949,C00199,2025-08-04,direct,P018,Pure Band 18,true,false,false,165,,,
V003950,C00135,2025-04-09,paid_search,P008,Modern Serum 08,true,false,true,141,,T001894,
V003951,C00231,2025-05-23,paid_search,P022,Active Mat 22,true,false,false,21,,,
V003952,C00010,2025-10-20,direct,P016,Modern Serum 16,false,false,false,102,,,
V003953,C00499,2025-04-23,organic_search,P023,Calm Cream 23,true,true,false,107,,,
V003954,C00435,2025-01-24,social,P028,Essential Bag 28,true,false,false,71,,,
V003955,C00138,2025-01-01,organic_search,P012,Essential Bag 12,true,false,false,42,WELCOME5,,
V003956,C00898,2025-03-03,email,P001,Daily Lamp 01,true,false,false,77,,,
V003957,C00309,2025-08-07,social,P028,Essential Bag 28,true,false,false,74,,,
V003958,C00203,2025-02-11,paid_search,P009,Daily Lamp 09,true,false,false,53,WELCOME5,,
V003959,C00912,2025-11-18,direct,P020,Essential Bag 20,true,false,false,34,WELCOME5,,
V003960,C00183,2025-09-17,organic_search,P012,Essential Bag 12,true,true,false,22,WEEKEND15,,
V003961,C00607,2025-02-10,paid_search,P005,Bright Organizer 05,true,false,false,84,WELCOME5,,
V003962,C00071,2025-04-29,organic_search,P010,Pure Band 10,true,true,false,38,WELCOME5,,
V003963,C00110,2025-05-08,paid_search,P007,Calm Cream 07,true,false,false,591,,,
V003964,C00566,2025-11-15,organic_search,P020,Essential Bag 20,true,false,false,19,,,
V003965,C00415,2025-01-24,direct,P026,Pure Band 26,true,false,false,28,,,
V003966,C00590,2025-09-17,email,P004,Essential Bag 04,false,false,false,36,,,
V003967,C00591,2025-11-10,organic_search,P010,Pure Band 10,true,false,false,63,LOYALTY10,,
V003968,C00785,2025-02-24,organic_search,P005,Bright Organizer 05,true,false,false,61,,,
V003969,C00230,2025-07-03,direct,P005,Bright Organizer 05,true,false,false,46,,,
V003970,C00845,2025-12-20,social,P006,Active Mat 06,false,false,false,12,,,
V003971,C00766,2025-01-13,organic_search,P016,Modern Serum 16,true,false,false,230,,,
V003972,C00865,2025-04-12,organic_search,P029,Bright Organizer 29,true,true,false,62,,,
V003973,C00476,2025-03-16,paid_search,P013,Bright Organizer 13,true,false,false,30,,,
V003974,C00953,2025-10-14,paid_search,P010,Pure Band 10,true,false,false,115,,,
V003975,C00706,2025-04-18,paid_search,P025,Daily Lamp 25,true,false,false,158,,,
V003976,C00615,2025-02-16,organic_search,P022,Active Mat 22,true,false,false,68,,,
V003977,C00285,2025-05-10,email,P029,Bright Organizer 29,true,false,false,346,,,
V003978,C00383,2025-04-13,paid_search,P025,Daily Lamp 25,true,false,false,29,,,
V003979,C00512,2025-09-04,direct,P021,Bright Organizer 21,true,false,false,71,,,
V003980,C00945,2025-02-22,social,P021,Bright Organizer 21,true,false,false,37,,,
V003981,C00067,2025-12-13,organic_search,P017,Daily Lamp 17,true,false,false,14,,,
V003982,C00653,2025-07-31,email,P017,Daily Lamp 17,true,false,true,77,,T004000,
V003983,C00871,2025-10-13,paid_search,P027,Urban Bottle 27,true,false,false,57,,,
V003984,C00191,2025-04-06,referral,P028,Essential Bag 28,true,false,false,50,,,
V003985,C00349,2025-03-05,direct,P017,Daily Lamp 17,true,false,false,41,,,
V003986,C00414,2025-01-28,organic_search,P006,Active Mat 06,true,false,false,111,,,
V003987,C00343,2025-10-03,organic_search,P018,Pure Band 18,true,false,false,78,,,
V003988,C00541,2025-04-28,organic_search,P010,Pure Band 10,true,false,false,77,,,
V003989,C00627,2025-07-15,email,P025,Daily Lamp 25,true,false,true,167,,T003721,
V003990,C00241,2025-07-05,referral,P016,Modern Serum 16,true,false,false,206,,,
V003991,C00836,2025-03-13,paid_search,P018,Pure Band 18,true,false,false,21,,,
V003992,C00034,2025-11-26,paid_search,P029,Bright Organizer 29,true,false,false,70,WELCOME5,,
V003993,C00747,2025-06-22,organic_search,P008,Modern Serum 08,true,true,true,184,LOYALTY10,T003296,
V003994,C00952,2025-04-05,direct,P020,Essential Bag 20,true,true,false,33,,,
V003995,C00370,2025-02-11,paid_search,P016,Modern Serum 16,true,false,false,34,,,
V003996,C00431,2025-07-30,organic_search,P030,Active Mat 30,true,true,false,83,,,
V003997,C00309,2025-07-18,social,P009,Daily Lamp 09,true,false,false,36,WELCOME5,,
V003998,C00735,2025-05-26,direct,P003,Urban Bottle 03,true,false,false,86,,,
V003999,C00580,2025-02-05,paid_search,P020,Essential Bag 20,true,true,false,82,,,
V004000,C00688,2025-09-27,social,P021,Bright Organizer 21,true,false,false,18,,,
V004001,C00264,2025-04-16,email,P001,Daily Lamp 01,true,true,false,57,,,
V004002,C00390,2025-07-13,referral,P026,Pure Band 26,true,false,false,44,,,
V004003,C00372,2025-03-13,email,P004,Essential Bag 04,true,false,false,5,,,
V004004,C00296,2025-12-12,email,P003,Urban Bottle 03,true,false,false,188,,,
V004005,C00786,2025-04-14,organic_search,P007,Calm Cream 07,true,false,false,30,,,
V004006,C00860,2025-06-14,email,P006,Active Mat 06,true,false,false,68,,,
V004007,C00768,2025-07-01,direct,P001,Daily Lamp 01,true,false,false,253,,,
V004008,C00469,2025-07-25,social,P024,Modern Serum 24,true,false,false,14,,,
V004009,C00189,2025-07-23,social,P027,Urban Bottle 27,true,false,false,103,,,
V004010,C00636,2025-09-29,email,P010,Pure Band 10,true,false,false,275,,,
V004011,C00911,2025-01-01,social,P022,Active Mat 22,true,false,false,46,,,
V004012,C00658,2025-01-31,direct,P002,Pure Band 02,true,false,false,62,,,
V004013,C00251,2025-04-17,paid_search,P001,Daily Lamp 01,true,false,false,92,,,
V004014,C00268,2025-11-16,social,P014,Active Mat 14,false,false,false,44,,,
V004015,C00762,2025-12-05,organic_search,P011,Urban Bottle 11,true,true,false,62,,,
V004016,C00365,2025-02-20,email,P020,Essential Bag 20,true,false,false,322,WELCOME5,,
V004017,C00963,2025-06-20,direct,P016,Modern Serum 16,true,false,false,135,,,
V004018,C00577,2025-11-25,paid_search,P014,Active Mat 14,false,false,false,47,,,
V004019,C00557,2025-07-09,social,P005,Bright Organizer 05,true,false,false,55,WEEKEND15,,
V004020,C00991,2025-07-11,social,P023,Calm Cream 23,true,false,false,184,,,
V004021,C00424,2025-12-17,direct,P007,Calm Cream 07,true,false,false,27,,,
V004022,C00851,2025-10-08,organic_search,P001,Daily Lamp 01,true,false,false,16,,,
V004023,C00056,2025-10-10,social,P020,Essential Bag 20,true,false,false,130,,,
V004024,C00749,2025-03-17,paid_search,P027,Urban Bottle 27,true,false,false,381,,,
V004025,C00018,2025-07-18,organic_search,P014,Active Mat 14,true,false,false,123,,,
V004026,C00592,2025-01-30,direct,P017,Daily Lamp 17,true,true,true,105,,T000576,
V004027,C00825,2025-09-17,social,P020,Essential Bag 20,true,false,false,25,,,
V004028,C00512,2025-05-08,paid_search,P005,Bright Organizer 05,true,false,false,32,,,
V004029,C00586,2025-10-02,social,P005,Bright Organizer 05,true,false,false,24,,,
V004030,C00642,2025-11-26,paid_search,P022,Active Mat 22,true,false,false,84,WELCOME5,,
V004031,C00071,2025-08-04,direct,P029,Bright Organizer 29,true,true,false,406,,,
V004032,C00722,2025-10-06,email,P017,Daily Lamp 17,true,false,false,119,WELCOME5,,
V004033,C00750,2025-03-13,direct,P018,Pure Band 18,true,false,false,135,,,
V004034,C00418,2025-08-13,organic_search,P006,Active Mat 06,true,false,false,21,WEEKEND15,,
V004035,C00120,2025-12-16,social,P023,Calm Cream 23,true,true,false,87,,,
V004036,C00823,2025-09-19,paid_search,P001,Daily Lamp 01,true,true,true,45,,T004896,
V004037,C00130,2025-02-15,email,P010,Pure Band 10,true,false,false,74,,,
V004038,C00348,2025-09-15,direct,P018,Pure Band 18,true,false,false,246,WEEKEND15,,
V004039,C00464,2025-01-21,organic_search,P016,Modern Serum 16,true,false,false,26,,,
V004040,C00004,2025-09-13,organic_search,P015,Calm Cream 15,true,true,false,24,WELCOME5,,
V004041,C00346,2025-01-27,direct,P025,Daily Lamp 25,true,false,false,44,LOYALTY10,,
V004042,C00748,2025-01-16,email,P014,Active Mat 14,true,false,false,24,,,
V004043,C00230,2025-09-12,email,P018,Pure Band 18,true,false,false,22,,,
V004044,C00730,2025-05-18,email,P009,Daily Lamp 09,true,false,false,32,,,
V004045,C00466,2025-08-31,direct,P008,Modern Serum 08,true,false,false,152,,,
V004046,C00309,2025-03-05,paid_search,P019,Urban Bottle 19,true,false,false,12,,,
V004047,C00851,2025-10-10,referral,P018,Pure Band 18,true,false,true,107,,T005249,
V004048,C00244,2025-06-23,social,P013,Bright Organizer 13,true,false,false,44,,,
V004049,C00137,2025-05-12,direct,P027,Urban Bottle 27,true,false,false,74,,,
V004050,C00620,2025-10-08,organic_search,P026,Pure Band 26,true,true,true,546,,T005217,
V004051,C00905,2025-12-21,paid_search,P021,Bright Organizer 21,true,true,false,30,,,
V004052,C00712,2025-04-25,organic_search,P001,Daily Lamp 01,true,false,false,141,WELCOME5,,
V004053,C00202,2025-08-09,direct,P016,Modern Serum 16,true,false,false,73,,,
V004054,C00023,2025-06-24,social,P026,Pure Band 26,true,false,false,150,,,
V004055,C00084,2025-02-16,paid_search,P005,Bright Organizer 05,true,false,false,28,,,
V004056,C00748,2025-05-12,direct,P001,Daily Lamp 01,true,true,true,29,,T002507,
V004057,C00068,2025-12-17,organic_search,P010,Pure Band 10,true,true,false,82,,,
V004058,C00383,2025-11-16,organic_search,P024,Modern Serum 24,true,true,false,352,,,
V004059,C00450,2025-11-30,paid_search,P005,Bright Organizer 05,false,false,false,21,,,
V004060,C00158,2025-02-19,social,P030,Active Mat 30,true,false,false,71,WELCOME5,,
V004061,C00535,2025-03-17,paid_search,P028,Essential Bag 28,true,false,false,43,,,
V004062,C00186,2025-01-14,referral,P022,Active Mat 22,true,true,false,56,,,
V004063,C00071,2025-07-11,organic_search,P004,Essential Bag 04,true,true,false,201,,,
V004064,C00972,2025-06-19,organic_search,P029,Bright Organizer 29,true,false,false,31,LOYALTY10,,
V004065,C00811,2025-02-12,paid_search,P011,Urban Bottle 11,true,false,false,53,,,
V004066,C00275,2025-01-20,paid_search,P028,Essential Bag 28,true,false,false,50,WEEKEND15,,
V004067,C00671,2025-08-21,paid_search,P015,Calm Cream 15,true,false,false,56,,,
V004068,C00999,2025-03-08,social,P015,Calm Cream 15,true,false,false,72,,,
V004069,C00620,2025-02-25,organic_search,P016,Modern Serum 16,true,true,false,241,,,
V004070,C00309,2025-07-03,paid_search,P020,Essential Bag 20,true,false,false,42,WELCOME5,,
V004071,C00721,2025-05-21,organic_search,P012,Essential Bag 12,true,false,false,228,,,
V004072,C00837,2025-10-01,direct,P003,Urban Bottle 03,true,false,false,75,,,
V004073,C00553,2025-07-17,paid_search,P030,Active Mat 30,true,false,false,245,,,
V004074,C00196,2025-01-17,paid_search,P024,Modern Serum 24,true,false,false,49,,,
V004075,C00639,2025-03-14,email,P016,Modern Serum 16,true,false,false,26,,,
V004076,C00100,2025-09-28,social,P019,Urban Bottle 19,false,false,false,37,,,
V004077,C00176,2025-10-12,organic_search,P019,Urban Bottle 19,true,false,false,70,,,
V004078,C00894,2025-03-06,organic_search,P027,Urban Bottle 27,true,false,false,147,,,
V004079,C00323,2025-06-02,direct,P026,Pure Band 26,true,false,false,47,WEEKEND15,,
V004080,C00572,2025-11-13,referral,P015,Calm Cream 15,true,false,false,49,,,
V004081,C00923,2025-08-31,social,P003,Urban Bottle 03,true,true,true,92,WEEKEND15,T004551,
V004082,C00052,2025-05-28,organic_search,P008,Modern Serum 08,true,false,false,112,,,
V004083,C00282,2025-06-07,direct,P009,Daily Lamp 09,true,false,false,41,,,
V004084,C00028,2025-10-15,paid_search,P014,Active Mat 14,true,false,false,42,,,
V004085,C00928,2025-07-24,social,P030,Active Mat 30,true,false,false,43,,,
V004086,C00464,2025-01-16,email,P025,Daily Lamp 25,true,true,false,202,WELCOME5,,
V004087,C00032,2025-02-06,organic_search,P001,Daily Lamp 01,true,true,false,143,WEEKEND15,,
V004088,C00246,2025-10-20,email,P013,Bright Organizer 13,true,true,false,23,,,
V004089,C00847,2025-07-13,organic_search,P021,Bright Organizer 21,true,false,false,65,,,
V004090,C00511,2025-01-23,organic_search,P020,Essential Bag 20,true,true,false,109,,,
V004091,C00763,2025-06-14,paid_search,P022,Active Mat 22,true,false,false,33,,,
V004092,C00707,2025-11-26,email,P019,Urban Bottle 19,false,false,false,285,LOYALTY10,,
V004093,C00438,2025-10-21,email,P030,Active Mat 30,true,true,false,74,,,
V004094,C00813,2025-10-21,paid_search,P012,Essential Bag 12,false,false,false,33,,,
V004095,C00621,2025-08-22,paid_search,P019,Urban Bottle 19,false,false,false,242,,,
V004096,C00719,2025-12-12,direct,P005,Bright Organizer 05,true,false,false,100,LOYALTY10,,
V004097,C00505,2025-10-31,email,P030,Active Mat 30,false,false,false,80,WELCOME5,,
V004098,C00243,2025-07-17,email,P024,Modern Serum 24,true,false,false,67,,,
V004099,C00476,2025-12-11,paid_search,P019,Urban Bottle 19,true,false,false,14,,,
V004100,C00217,2025-07-26,email,P001,Daily Lamp 01,false,false,false,77,,,
V004101,C00071,2025-10-05,social,P021,Bright Organizer 21,true,false,false,20,,,
V004102,C00553,2025-05-16,social,P015,Calm Cream 15,true,false,false,19,,,
V004103,C00585,2025-08-30,paid_search,P028,Essential Bag 28,true,false,false,76,,,
V004104,C00892,2025-12-15,email,P029,Bright Organizer 29,true,false,false,19,,,
V004105,C00762,2025-07-04,organic_search,P011,Urban Bottle 11,true,false,false,139,,,
V004106,C00285,2025-09-29,direct,P009,Daily Lamp 09,true,false,false,170,,,
V004107,C00333,2025-05-16,organic_search,P004,Essential Bag 04,true,false,false,11,,,
V004108,C00056,2025-06-04,organic_search,P028,Essential Bag 28,true,false,false,35,,,
V004109,C00004,2025-04-19,social,P019,Urban Bottle 19,true,false,false,11,,,
V004110,C00003,2025-06-05,organic_search,P009,Daily Lamp 09,true,false,false,33,,,
V004111,C00251,2025-02-25,social,P028,Essential Bag 28,true,false,false,59,,,
V004112,C00345,2025-08-04,direct,P024,Modern Serum 24,true,false,false,43,WELCOME5,,
V004113,C00573,2025-09-30,organic_search,P006,Active Mat 06,false,false,false,42,,,
V004114,C00485,2025-03-02,organic_search,P021,Bright Organizer 21,true,false,false,51,,,
V004115,C00739,2025-05-13,organic_search,P012,Essential Bag 12,true,false,false,20,,,
V004116,C00281,2025-07-25,organic_search,P020,Essential Bag 20,true,false,false,18,,,
V004117,C00459,2025-05-17,social,P011,Urban Bottle 11,true,false,false,11,LOYALTY10,,
V004118,C00321,2025-05-16,organic_search,P021,Bright Organizer 21,true,false,false,94,,,
V004119,C00150,2025-11-01,direct,P017,Daily Lamp 17,true,false,false,42,,,
V004120,C00444,2025-05-05,direct,P018,Pure Band 18,true,false,false,49,LOYALTY10,,
V004121,C00903,2025-03-10,organic_search,P001,Daily Lamp 01,true,true,false,245,,,
V004122,C00061,2025-04-02,paid_search,P025,Daily Lamp 25,true,false,false,104,LOYALTY10,,
V004123,C00046,2025-07-06,referral,P004,Essential Bag 04,true,false,false,53,WELCOME5,,
V004124,C00856,2025-07-31,social,P026,Pure Band 26,true,true,false,130,,,
V004125,C00990,2025-10-05,organic_search,P019,Urban Bottle 19,true,false,false,23,,,
V004126,C00092,2025-07-04,organic_search,P001,Daily Lamp 01,true,false,true,114,,T003514,
V004127,C00046,2025-11-15,organic_search,P022,Active Mat 22,true,true,false,144,,,
V004128,C00379,2025-03-01,social,P022,Active Mat 22,true,false,false,50,,,
V004129,C00774,2025-12-28,social,P012,Essential Bag 12,false,false,false,14,,,
V004130,C00072,2025-07-07,social,P019,Urban Bottle 19,true,false,false,34,,,
V004131,C00198,2025-01-27,paid_search,P010,Pure Band 10,true,false,false,55,,,
V004132,C00659,2025-02-14,social,P009,Daily Lamp 09,true,false,false,46,,,
V004133,C00970,2025-05-28,paid_search,P006,Active Mat 06,false,false,false,22,,,
V004134,C00290,2025-11-12,email,P021,Bright Organizer 21,true,false,false,131,,,
V004135,C00232,2025-08-20,paid_search,P022,Active Mat 22,true,false,false,19,WEEKEND15,,
V004136,C00188,2025-09-22,organic_search,P005,Bright Organizer 05,true,true,false,59,,,
V004137,C00098,2025-11-07,social,P004,Essential Bag 04,true,false,false,43,,,
V004138,C00718,2025-08-17,email,P005,Bright Organizer 05,true,false,false,31,,,
V004139,C00615,2025-04-28,direct,P012,Essential Bag 12,true,false,false,129,,,
V004140,C00929,2025-05-04,direct,P030,Active Mat 30,true,false,false,25,,,
V004141,C00874,2025-09-16,organic_search,P008,Modern Serum 08,true,false,false,98,,,
V004142,C00842,2025-06-22,paid_search,P019,Urban Bottle 19,true,false,false,18,,,
V004143,C00558,2025-06-27,paid_search,P022,Active Mat 22,true,false,false,67,,,
V004144,C00930,2025-11-07,referral,P011,Urban Bottle 11,true,false,false,28,LOYALTY10,,
V004145,C00836,2025-11-22,direct,P004,Essential Bag 04,false,false,false,199,,,
V004146,C00445,2025-03-18,paid_search,P009,Daily Lamp 09,true,false,false,181,,,
V004147,C00362,2025-07-15,social,P023,Calm Cream 23,true,false,true,135,,T003720,
V004148,C00953,2025-05-09,referral,P023,Calm Cream 23,true,false,false,11,,,
V004149,C00472,2025-10-05,organic_search,P009,Daily Lamp 09,true,false,false,100,LOYALTY10,,
V004150,C00405,2025-06-05,direct,P013,Bright Organizer 13,true,false,false,79,,,
V004151,C00518,2025-03-02,referral,P009,Daily Lamp 09,true,false,false,46,WEEKEND15,,
V004152,C00720,2025-06-30,email,P025,Daily Lamp 25,true,false,false,59,,,
V004153,C00921,2025-02-03,organic_search,P010,Pure Band 10,true,false,false,88,WEEKEND15,,
V004154,C00878,2025-04-15,direct,P015,Calm Cream 15,true,false,false,52,,,
V004155,C00690,2025-02-16,organic_search,P011,Urban Bottle 11,true,false,false,103,,,
V004156,C00282,2025-06-11,organic_search,P006,Active Mat 06,true,false,false,43,,,
V004157,C00899,2025-09-28,organic_search,P002,Pure Band 02,true,false,false,28,,,
V004158,C00932,2025-08-30,direct,P010,Pure Band 10,true,false,false,95,,,
V004159,C00756,2025-09-17,paid_search,P008,Modern Serum 08,true,false,false,32,,,
V004160,C00315,2025-02-02,referral,P020,Essential Bag 20,true,false,false,32,,,
V004161,C00933,2025-02-12,email,P023,Calm Cream 23,true,false,false,91,WEEKEND15,,
V004162,C00465,2025-08-03,paid_search,P015,Calm Cream 15,true,false,true,27,,T004035,
V004163,C00080,2025-06-15,paid_search,P003,Urban Bottle 03,true,false,false,60,WEEKEND15,,
V004164,C00011,2025-08-29,paid_search,P019,Urban Bottle 19,false,false,false,130,,,
V004165,C00267,2025-08-26,organic_search,P017,Daily Lamp 17,true,false,false,45,,,
V004166,C00981,2025-01-29,organic_search,P007,Calm Cream 07,true,false,false,268,,,
V004167,C00184,2025-10-08,referral,P019,Urban Bottle 19,true,false,false,139,,,
V004168,C00878,2025-04-17,paid_search,P016,Modern Serum 16,true,false,true,101,,T002050,
V004169,C00128,2025-07-29,organic_search,P021,Bright Organizer 21,true,true,false,54,,,
V004170,C00524,2025-12-28,email,P002,Pure Band 02,true,true,false,66,WEEKEND15,,
V004171,C00408,2025-07-19,direct,P025,Daily Lamp 25,true,false,false,89,,,
V004172,C00386,2025-03-31,paid_search,P027,Urban Bottle 27,true,false,false,144,WELCOME5,,
V004173,C00265,2025-10-23,organic_search,P023,Calm Cream 23,true,false,false,88,,,
V004174,C00392,2025-11-27,direct,P027,Urban Bottle 27,true,true,false,224,,,
V004175,C00096,2025-05-05,organic_search,P007,Calm Cream 07,true,true,false,130,WELCOME5,,
V004176,C00125,2025-07-02,paid_search,P008,Modern Serum 08,true,false,false,125,LOYALTY10,,
V004177,C00902,2025-03-18,email,P017,Daily Lamp 17,true,false,false,145,,,
V004178,C00563,2025-12-22,organic_search,P028,Essential Bag 28,true,true,false,67,,,
V004179,C00304,2025-02-28,direct,P005,Bright Organizer 05,true,false,false,30,WEEKEND15,,
V004180,C00703,2025-10-07,direct,P009,Daily Lamp 09,true,false,false,36,,,
V004181,C00245,2025-02-09,social,P013,Bright Organizer 13,true,true,false,24,LOYALTY10,,
V004182,C00876,2025-04-11,email,P025,Daily Lamp 25,true,true,true,408,,T001944,
V004183,C00410,2025-04-15,organic_search,P011,Urban Bottle 11,true,true,false,72,WEEKEND15,,
V004184,C00410,2025-02-20,social,P011,Urban Bottle 11,true,false,false,50,,,
V004185,C00257,2025-10-23,paid_search,P023,Calm Cream 23,true,false,false,82,,,
V004186,C00744,2025-06-06,paid_search,P019,Urban Bottle 19,true,false,false,39,LOYALTY10,,
V004187,C00216,2025-02-07,direct,P009,Daily Lamp 09,true,false,false,141,,,
V004188,C00577,2025-06-27,organic_search,P022,Active Mat 22,true,false,true,68,,T003389,
V004189,C00669,2025-01-13,email,P016,Modern Serum 16,true,true,false,60,WELCOME5,,
V004190,C00599,2025-02-11,organic_search,P005,Bright Organizer 05,true,false,false,25,,,
V004191,C00621,2025-07-13,paid_search,P017,Daily Lamp 17,true,false,false,28,,,
V004192,C00719,2025-12-05,paid_search,P028,Essential Bag 28,true,false,true,55,LOYALTY10,T006161,
V004193,C00069,2025-03-22,organic_search,P002,Pure Band 02,true,true,false,141,,,
V004194,C00953,2025-03-01,organic_search,P025,Daily Lamp 25,true,false,false,43,,,
V004195,C00438,2025-04-27,social,P007,Calm Cream 07,true,true,false,49,,,
V004196,C00034,2025-07-05,organic_search,P005,Bright Organizer 05,true,false,false,51,,,
V004197,C00788,2025-11-01,social,P025,Daily Lamp 25,true,false,false,25,,,
V004198,C00970,2025-04-04,paid_search,P018,Pure Band 18,true,false,false,118,,,
V004199,C00931,2025-06-10,email,P015,Calm Cream 15,true,true,true,288,WEEKEND15,T003056,
V004200,C00098,2025-09-01,organic_search,P011,Urban Bottle 11,true,false,false,47,,,
V004201,C00555,2025-12-10,organic_search,P021,Bright Organizer 21,true,false,false,28,,,
V004202,C00864,2025-08-22,direct,P025,Daily Lamp 25,true,false,true,183,,T004429,
V004203,C00395,2025-04-14,referral,P023,Calm Cream 23,true,true,false,753,,,
V004204,C00668,2025-08-17,referral,P023,Calm Cream 23,true,false,false,195,,,
V004205,C00682,2025-01-13,paid_search,P006,Active Mat 06,true,false,false,37,,,
V004206,C00863,2025-12-05,paid_search,P028,Essential Bag 28,true,false,false,51,,,
V004207,C00015,2025-01-07,organic_search,P028,Essential Bag 28,true,false,false,16,,,
V004208,C00858,2025-02-11,direct,P004,Essential Bag 04,true,false,false,417,WEEKEND15,,
V004209,C00714,2025-03-02,referral,P027,Urban Bottle 27,true,false,false,121,,,
V004210,C00404,2025-11-09,paid_search,P011,Urban Bottle 11,true,true,false,31,,,
V004211,C00006,2025-10-19,direct,P023,Calm Cream 23,true,true,false,50,WEEKEND15,,
V004212,C00955,2025-02-01,paid_search,P019,Urban Bottle 19,true,false,false,14,,,
V004213,C00041,2025-03-29,organic_search,P019,Urban Bottle 19,true,false,false,32,,,
V004214,C00191,2025-09-29,paid_search,P014,Active Mat 14,false,false,false,34,,,
V004215,C00308,2025-07-29,referral,P003,Urban Bottle 03,true,false,false,23,WEEKEND15,,
V004216,C00492,2025-11-05,organic_search,P027,Urban Bottle 27,true,false,false,80,WEEKEND15,,
V004217,C00491,2025-07-24,social,P004,Essential Bag 04,true,false,false,187,,,
V004218,C00960,2025-04-30,paid_search,P009,Daily Lamp 09,true,false,false,24,,,
V004219,C00231,2025-05-13,direct,P002,Pure Band 02,true,false,false,36,,,
V004220,C00834,2025-11-19,social,P011,Urban Bottle 11,true,false,false,89,WEEKEND15,,
V004221,C00612,2025-09-22,organic_search,P008,Modern Serum 08,true,false,false,11,,,
V004222,C00076,2025-03-15,paid_search,P023,Calm Cream 23,true,false,false,42,WEEKEND15,,
V004223,C00196,2025-07-25,social,P021,Bright Organizer 21,true,false,false,41,,,
V004224,C00363,2025-01-07,paid_search,P023,Calm Cream 23,true,true,false,109,,,
V004225,C00556,2025-10-06,paid_search,P004,Essential Bag 04,true,false,true,190,,T005171,
V004226,C00865,2025-04-19,paid_search,P006,Active Mat 06,true,false,false,75,WEEKEND15,,
V004227,C00484,2025-07-31,social,P009,Daily Lamp 09,true,false,false,31,,,
V004228,C00070,2025-11-10,email,P009,Daily Lamp 09,true,false,false,52,,,
V004229,C00563,2025-07-24,organic_search,P002,Pure Band 02,true,false,false,32,WEEKEND15,,
V004230,C00674,2025-09-09,organic_search,P027,Urban Bottle 27,true,false,false,18,LOYALTY10,,
V004231,C00588,2025-10-23,direct,P012,Essential Bag 12,false,false,false,71,,,
V004232,C00399,2025-12-26,organic_search,P008,Modern Serum 08,true,false,false,32,,,
V004233,C00921,2025-12-13,social,P016,Modern Serum 16,false,false,false,77,,,
V004234,C00977,2025-05-08,social,P004,Essential Bag 04,true,false,false,109,,,
V004235,C00695,2025-07-22,social,P024,Modern Serum 24,true,false,false,67,WELCOME5,,
V004236,C00759,2025-02-28,direct,P006,Active Mat 06,true,false,false,38,WELCOME5,,
V004237,C00749,2025-05-03,paid_search,P017,Daily Lamp 17,true,false,false,92,,,
V004238,C00439,2025-03-02,social,P010,Pure Band 10,true,false,false,52,,,
V004239,C00157,2025-08-04,paid_search,P025,Daily Lamp 25,true,true,false,29,,,
V004240,C00299,2025-11-20,social,P010,Pure Band 10,true,false,false,28,,,
V004241,C00885,2025-09-30,organic_search,P026,Pure Band 26,true,true,false,88,,,
V004242,C00451,2025-04-06,paid_search,P001,Daily Lamp 01,true,false,false,63,,,
V004243,C00445,2025-02-28,organic_search,P006,Active Mat 06,true,true,true,281,,T001098,
V004244,C00732,2025-12-31,organic_search,P004,Essential Bag 04,false,false,false,33,,,
V004245,C00525,2025-07-26,paid_search,P006,Active Mat 06,false,false,false,61,,,
V004246,C00907,2025-09-08,organic_search,P010,Pure Band 10,true,false,false,105,,,
V004247,C00194,2025-12-17,email,P019,Urban Bottle 19,false,false,false,105,WEEKEND15,,
V004248,C00096,2025-06-09,organic_search,P020,Essential Bag 20,true,false,false,21,,,
V004249,C00418,2025-05-26,direct,P006,Active Mat 06,false,false,false,40,LOYALTY10,,
V004250,C00362,2025-05-08,social,P015,Calm Cream 15,true,false,false,60,,,
V004251,C00007,2025-06-29,organic_search,P003,Urban Bottle 03,true,false,false,105,,,
V004252,C00824,2025-06-12,paid_search,P013,Bright Organizer 13,true,false,false,81,,,
V004253,C00598,2025-05-15,social,P001,Daily Lamp 01,true,false,false,82,,,
V004254,C00627,2025-01-19,organic_search,P022,Active Mat 22,true,false,false,22,,,
V004255,C00288,2025-11-17,paid_search,P006,Active Mat 06,false,false,false,81,,,
V004256,C00483,2025-10-20,organic_search,P004,Essential Bag 04,true,false,false,19,,,
V004257,C00617,2025-08-23,social,P028,Essential Bag 28,true,true,true,129,WEEKEND15,T004436,
V004258,C00366,2025-06-17,paid_search,P005,Bright Organizer 05,true,false,false,41,LOYALTY10,,
V004259,C00377,2025-05-25,paid_search,P012,Essential Bag 12,true,false,false,53,,,
V004260,C00468,2025-02-18,direct,P023,Calm Cream 23,true,false,false,59,,,
V004261,C00686,2025-11-13,direct,P017,Daily Lamp 17,true,true,false,181,,,
V004262,C00803,2025-02-04,organic_search,P026,Pure Band 26,true,false,false,9,,,
V004263,C00016,2025-06-22,direct,P026,Pure Band 26,true,false,false,14,,,
V004264,C00575,2025-04-01,organic_search,P005,Bright Organizer 05,true,true,false,23,,,
V004265,C00918,2025-06-15,social,P016,Modern Serum 16,true,true,false,957,,,
V004266,C00982,2025-12-24,direct,P024,Modern Serum 24,true,false,false,116,,,
V004267,C00824,2025-10-27,organic_search,P001,Daily Lamp 01,false,false,false,30,,,
V004268,C00081,2025-08-18,referral,P013,Bright Organizer 13,true,false,false,70,,,
V004269,C00323,2025-12-11,referral,P009,Daily Lamp 09,true,false,false,37,,,
V004270,C00640,2025-01-26,organic_search,P019,Urban Bottle 19,true,false,false,39,,,
V004271,C00368,2025-01-29,organic_search,P008,Modern Serum 08,true,false,false,23,WEEKEND15,,
V004272,C00233,2025-03-27,social,P027,Urban Bottle 27,true,false,false,23,,,
V004273,C00041,2025-05-23,paid_search,P002,Pure Band 02,true,false,false,137,,,
V004274,C00533,2025-07-21,paid_search,P004,Essential Bag 04,true,false,false,16,LOYALTY10,,
V004275,C00664,2025-05-16,organic_search,P026,Pure Band 26,true,false,false,35,LOYALTY10,,
V004276,C00696,2025-05-21,direct,P030,Active Mat 30,true,false,false,36,LOYALTY10,,
V004277,C00365,2025-05-16,paid_search,P008,Modern Serum 08,true,false,false,65,,,
V004278,C00552,2025-05-25,email,P029,Bright Organizer 29,true,true,true,443,,T002768,
V004279,C00030,2025-03-30,organic_search,P023,Calm Cream 23,true,false,false,128,,,
V004280,C00542,2025-03-22,email,P017,Daily Lamp 17,true,false,false,15,,,
V004281,C00116,2025-05-18,direct,P026,Pure Band 26,true,false,false,18,WEEKEND15,,
V004282,C00972,2025-06-25,organic_search,P016,Modern Serum 16,true,false,false,71,,,
V004283,C00733,2025-04-20,paid_search,P025,Daily Lamp 25,true,false,true,34,WELCOME5,T002098,
V004284,C00936,2025-03-21,organic_search,P005,Bright Organizer 05,true,false,false,65,,,
V004285,C00775,2025-03-10,paid_search,P030,Active Mat 30,true,false,false,13,,,
V004286,C00607,2025-11-23,direct,P008,Modern Serum 08,true,false,false,104,LOYALTY10,,
V004287,C00197,2025-07-23,social,P016,Modern Serum 16,true,false,false,51,,,
V004288,C00758,2025-07-13,organic_search,P009,Daily Lamp 09,true,false,false,373,LOYALTY10,,
V004289,C00645,2025-01-26,paid_search,P025,Daily Lamp 25,true,false,false,50,,,
V004290,C00698,2025-02-10,organic_search,P005,Bright Organizer 05,true,false,false,61,,,
V004291,C00184,2025-12-14,organic_search,P024,Modern Serum 24,true,false,true,61,,T006338,
V004292,C00783,2025-10-05,paid_search,P013,Bright Organizer 13,true,false,false,20,WEEKEND15,,
V004293,C00442,2025-02-16,organic_search,P016,Modern Serum 16,true,true,true,199,,T000875,
V004294,C00444,2025-06-03,direct,P009,Daily Lamp 09,true,false,false,97,,,
V004295,C00535,2025-07-21,organic_search,P022,Active Mat 22,true,false,true,27,,T003831,
V004296,C00782,2025-05-14,email,P028,Essential Bag 28,true,false,false,27,LOYALTY10,,
V004297,C00331,2025-03-09,direct,P009,Daily Lamp 09,true,true,true,90,,T001272,
V004298,C00911,2025-04-12,organic_search,P001,Daily Lamp 01,true,false,false,115,WEEKEND15,,
V004299,C00769,2025-04-23,paid_search,P004,Essential Bag 04,true,true,false,134,,,
V004300,C00142,2025-05-01,social,P009,Daily Lamp 09,true,false,false,20,,,
V004301,C00583,2025-12-18,direct,P004,Essential Bag 04,true,false,false,23,LOYALTY10,,
V004302,C00351,2025-06-09,organic_search,P029,Bright Organizer 29,true,true,true,340,,T003042,
V004303,C00796,2025-09-02,paid_search,P009,Daily Lamp 09,true,false,false,46,,,
V004304,C00779,2025-05-16,social,P002,Pure Band 02,true,false,false,232,,,
V004305,C00024,2025-06-20,paid_search,P005,Bright Organizer 05,true,false,false,111,,,
V004306,C00520,2025-10-19,direct,P004,Essential Bag 04,true,false,false,95,,,
V004307,C00305,2025-09-28,direct,P014,Active Mat 14,false,false,false,340,,,
V004308,C00683,2025-12-20,referral,P020,Essential Bag 20,true,true,true,214,LOYALTY10,T006414,
V004309,C00523,2025-08-16,social,P019,Urban Bottle 19,true,false,false,76,,,
V004310,C00769,2025-04-14,social,P001,Daily Lamp 01,true,false,false,77,,,
V004311,C00179,2025-07-12,email,P029,Bright Organizer 29,true,true,false,68,,,
V004312,C00096,2025-09-13,direct,P007,Calm Cream 07,true,false,false,28,LOYALTY10,,
V004313,C00733,2025-01-23,email,P013,Bright Organizer 13,true,false,false,19,,,
V004314,C00012,2025-08-12,paid_search,P030,Active Mat 30,true,false,false,28,,,
V004315,C00224,2025-07-04,paid_search,P028,Essential Bag 28,true,false,true,31,WEEKEND15,T003520,
V004316,C00918,2025-05-20,organic_search,P025,Daily Lamp 25,true,false,false,60,,,
V004317,C00239,2025-09-16,organic_search,P002,Pure Band 02,true,false,false,87,LOYALTY10,,
V004318,C00654,2025-03-14,paid_search,P023,Calm Cream 23,true,false,false,54,,,
V004319,C00482,2025-08-13,paid_search,P006,Active Mat 06,true,false,false,77,,,
V004320,C00513,2025-07-18,organic_search,P007,Calm Cream 07,true,false,false,37,,,
V004321,C00995,2025-12-16,email,P003,Urban Bottle 03,true,false,false,25,,,
V004322,C00789,2025-02-03,referral,P001,Daily Lamp 01,true,true,false,99,,,
V004323,C00536,2025-12-17,email,P024,Modern Serum 24,true,false,true,63,,T006380,
V004324,C00535,2025-03-02,organic_search,P012,Essential Bag 12,true,true,true,238,WEEKEND15,T001133,
V004325,C00132,2025-08-13,organic_search,P013,Bright Organizer 13,true,false,false,53,,,
V004326,C00815,2025-10-30,organic_search,P007,Calm Cream 07,true,false,false,36,,,
V004327,C00574,2025-02-05,organic_search,P004,Essential Bag 04,true,false,false,59,,,
V004328,C00964,2025-05-18,organic_search,P022,Active Mat 22,true,false,false,102,LOYALTY10,,
V004329,C00294,2025-04-27,email,P026,Pure Band 26,true,false,false,181,,,
V004330,C00233,2025-10-10,referral,P030,Active Mat 30,true,true,true,128,,T005263,
V004331,C00444,2025-01-07,organic_search,P029,Bright Organizer 29,true,false,false,232,,,
V004332,C00255,2025-06-20,organic_search,P029,Bright Organizer 29,true,false,false,23,WEEKEND15,,
V004333,C00715,2025-12-23,social,P025,Daily Lamp 25,true,false,false,18,WEEKEND15,,
V004334,C00620,2025-03-22,social,P021,Bright Organizer 21,true,false,false,15,,,
V004335,C00745,2025-07-26,direct,P026,Pure Band 26,true,false,false,56,,,
V004336,C00911,2025-04-02,direct,P001,Daily Lamp 01,true,true,false,160,WEEKEND15,,
V004337,C00517,2025-12-01,paid_search,P013,Bright Organizer 13,true,false,false,44,,,
V004338,C00860,2025-09-23,organic_search,P026,Pure Band 26,true,false,false,18,,,
V004339,C00762,2025-04-01,direct,P022,Active Mat 22,true,false,false,16,,,
V004340,C00350,2025-04-24,direct,P025,Daily Lamp 25,true,false,false,139,,,
V004341,C00027,2025-11-23,paid_search,P010,Pure Band 10,true,false,false,48,,,
V004342,C00600,2025-06-19,email,P013,Bright Organizer 13,true,false,false,74,,,
V004343,C00456,2025-02-03,organic_search,P005,Bright Organizer 05,true,false,false,100,,,
V004344,C00624,2025-12-31,email,P019,Urban Bottle 19,false,false,false,62,,,
V004345,C00539,2025-09-21,organic_search,P009,Daily Lamp 09,true,false,false,21,,,
V004346,C00718,2025-03-27,paid_search,P028,Essential Bag 28,true,false,false,16,,,
V004347,C00202,2025-06-09,email,P023,Calm Cream 23,true,false,false,38,,,
V004348,C00590,2025-01-09,organic_search,P025,Daily Lamp 25,true,false,false,30,,,
V004349,C00510,2025-10-12,direct,P013,Bright Organizer 13,true,false,false,11,LOYALTY10,,
V004350,C00078,2025-09-09,organic_search,P001,Daily Lamp 01,true,false,false,48,,,
V004351,C00550,2025-11-08,social,P006,Active Mat 06,true,true,false,30,,,
V004352,C00119,2025-06-06,organic_search,P014,Active Mat 14,true,false,false,22,,,
V004353,C00945,2025-11-07,social,P008,Modern Serum 08,true,true,false,25,,,
V004354,C00253,2025-10-30,organic_search,P011,Urban Bottle 11,false,false,false,25,,,
V004355,C00558,2025-08-18,referral,P004,Essential Bag 04,true,false,true,54,,T004361,
V004356,C00410,2025-11-24,direct,P004,Essential Bag 04,false,false,false,66,,,
V004357,C00372,2025-07-26,email,P024,Modern Serum 24,true,true,false,212,WEEKEND15,,
V004358,C00911,2025-09-21,paid_search,P028,Essential Bag 28,true,false,false,21,,,
V004359,C00194,2025-03-07,referral,P026,Pure Band 26,true,true,false,265,,,
V004360,C00724,2025-10-28,paid_search,P021,Bright Organizer 21,true,false,false,86,WELCOME5,,
V004361,C00511,2025-01-01,direct,P001,Daily Lamp 01,true,true,false,177,,,
V004362,C00655,2025-11-24,organic_search,P003,Urban Bottle 03,true,false,false,179,,,
V004363,C00576,2025-02-14,paid_search,P013,Bright Organizer 13,true,false,false,60,,,
V004364,C00413,2025-12-21,email,P025,Daily Lamp 25,true,false,false,12,,,
V004365,C00465,2025-09-04,email,P017,Daily Lamp 17,true,true,false,8,,,
V004366,C00413,2025-01-20,paid_search,P025,Daily Lamp 25,true,true,false,47,,,
V004367,C00212,2025-05-13,referral,P021,Bright Organizer 21,true,false,false,47,,,
V004368,C00043,2025-02-11,email,P021,Bright Organizer 21,true,false,false,29,,,
V004369,C00476,2025-10-22,referral,P023,Calm Cream 23,true,false,false,17,,,
V004370,C00137,2025-08-12,direct,P008,Modern Serum 08,true,false,false,57,,,
V004371,C00567,2025-01-09,direct,P026,Pure Band 26,true,false,false,23,,,
V004372,C00918,2025-10-15,organic_search,P006,Active Mat 06,true,false,false,44,,,
V004373,C00460,2025-01-16,organic_search,P021,Bright Organizer 21,true,false,false,42,,,
V004374,C00559,2025-06-12,organic_search,P023,Calm Cream 23,true,false,false,80,,,
V004375,C00087,2025-08-17,social,P029,Bright Organizer 29,true,false,false,175,,,
V004376,C00785,2025-05-01,direct,P021,Bright Organizer 21,true,false,false,48,,,
V004377,C00692,2025-03-27,direct,P007,Calm Cream 07,true,false,false,11,,,
V004378,C00745,2025-12-16,organic_search,P023,Calm Cream 23,true,false,false,65,,,
V004379,C00865,2025-07-13,organic_search,P009,Daily Lamp 09,true,false,false,28,,,
V004380,C00550,2025-02-13,social,P030,Active Mat 30,true,false,false,30,WEEKEND15,,
V004381,C00767,2025-11-19,social,P026,Pure Band 26,true,true,false,29,,,
V004382,C00487,2025-12-01,organic_search,P030,Active Mat 30,true,false,false,34,,,
V004383,C00950,2025-11-27,social,P021,Bright Organizer 21,true,true,true,166,,T006041,
V004384,C00522,2025-04-09,paid_search,P030,Active Mat 30,true,false,false,181,,,
V004385,C00936,2025-12-13,organic_search,P003,Urban Bottle 03,true,false,false,32,,,
V004386,C00206,2025-05-16,organic_search,P002,Pure Band 02,true,false,false,24,WEEKEND15,,
V004387,C00889,2025-03-13,paid_search,P027,Urban Bottle 27,true,false,false,89,,,
V004388,C00675,2025-03-29,social,P029,Bright Organizer 29,true,true,false,69,LOYALTY10,,
V004389,C00922,2025-09-24,social,P008,Modern Serum 08,true,true,false,101,LOYALTY10,,
V004390,C00316,2025-01-18,email,P028,Essential Bag 28,true,false,false,49,,,
V004391,C00651,2025-08-15,direct,P023,Calm Cream 23,true,false,false,18,,,
V004392,C00355,2025-03-03,organic_search,P027,Urban Bottle 27,true,true,false,285,,,
V004393,C00443,2025-11-14,organic_search,P026,Pure Band 26,true,false,false,106,,,
V004394,C00181,2025-03-02,organic_search,P003,Urban Bottle 03,true,true,false,89,LOYALTY10,,
V004395,C00832,2025-09-07,social,P018,Pure Band 18,true,false,false,106,,,
V004396,C00571,2025-12-22,organic_search,P014,Active Mat 14,false,false,false,52,,,
V004397,C00245,2025-12-01,organic_search,P015,Calm Cream 15,true,false,false,41,,,
V004398,C00053,2025-02-02,paid_search,P005,Bright Organizer 05,true,false,false,128,WELCOME5,,
V004399,C00293,2025-10-12,social,P026,Pure Band 26,true,false,false,67,LOYALTY10,,
V004400,C00441,2025-01-07,organic_search,P018,Pure Band 18,true,false,false,102,WELCOME5,,
V004401,C00003,2025-10-06,organic_search,P007,Calm Cream 07,true,false,false,51,,,
V004402,C00431,2025-07-22,organic_search,P013,Bright Organizer 13,true,true,false,49,,,
V004403,C00646,2025-02-13,direct,P012,Essential Bag 12,true,false,false,65,,,
V004404,C00526,2025-05-12,direct,P004,Essential Bag 04,true,false,false,28,,,
V004405,C00618,2025-08-29,email,P005,Bright Organizer 05,false,false,false,179,LOYALTY10,,
V004406,C00985,2025-09-17,paid_search,P007,Calm Cream 07,true,true,false,42,,,
V004407,C00419,2025-05-26,social,P009,Daily Lamp 09,true,false,false,158,,,
V004408,C00181,2025-03-10,organic_search,P004,Essential Bag 04,true,false,false,30,LOYALTY10,,
V004409,C00906,2025-08-16,organic_search,P021,Bright Organizer 21,true,false,false,72,,,
V004410,C00219,2025-09-14,organic_search,P019,Urban Bottle 19,true,false,false,120,,,
V004411,C00412,2025-02-19,social,P022,Active Mat 22,true,false,false,93,,,
V004412,C00531,2025-03-23,organic_search,P001,Daily Lamp 01,true,false,false,48,LOYALTY10,,
V004413,C00179,2025-02-09,direct,P012,Essential Bag 12,true,false,false,14,,,
V004414,C00494,2025-10-15,email,P001,Daily Lamp 01,true,false,false,48,,,
V004415,C00681,2025-04-15,paid_search,P009,Daily Lamp 09,true,true,false,26,,,
V004416,C00731,2025-10-08,organic_search,P008,Modern Serum 08,true,false,false,99,,,
V004417,C00717,2025-07-18,referral,P026,Pure Band 26,true,false,false,52,WEEKEND15,,
V004418,C00659,2025-10-17,paid_search,P019,Urban Bottle 19,true,false,false,31,WEEKEND15,,
V004419,C00078,2025-12-26,referral,P016,Modern Serum 16,false,false,false,60,,,
V004420,C00550,2025-03-30,direct,P025,Daily Lamp 25,true,true,true,264,,T001688,
V004421,C00753,2025-10-07,organic_search,P014,Active Mat 14,true,false,false,23,,,
V004422,C00677,2025-08-13,direct,P012,Essential Bag 12,true,false,false,139,,,
V004423,C00869,2025-07-29,direct,P004,Essential Bag 04,true,false,false,39,,,
V004424,C00326,2025-10-01,organic_search,P001,Daily Lamp 01,true,false,false,31,,,
V004425,C00816,2025-10-18,organic_search,P025,Daily Lamp 25,true,true,true,516,,T005410,
V004426,C00439,2025-08-05,referral,P005,Bright Organizer 05,true,false,false,50,,,
V004427,C00417,2025-09-20,email,P027,Urban Bottle 27,true,false,false,66,,,
V004428,C00919,2025-01-28,organic_search,P013,Bright Organizer 13,true,false,false,54,WEEKEND15,,
V004429,C00579,2025-03-27,social,P001,Daily Lamp 01,true,false,false,6,WELCOME5,,
V004430,C00675,2025-09-29,organic_search,P011,Urban Bottle 11,true,true,false,104,,,
V004431,C00066,2025-07-13,paid_search,P018,Pure Band 18,true,false,false,24,LOYALTY10,,
V004432,C00579,2025-09-12,organic_search,P017,Daily Lamp 17,true,false,false,19,,,
V004433,C00627,2025-10-20,organic_search,P030,Active Mat 30,true,false,false,16,LOYALTY10,,
V004434,C00333,2025-01-27,organic_search,P014,Active Mat 14,true,false,false,38,,,
V004435,C00857,2025-06-11,social,P021,Bright Organizer 21,true,false,false,41,,,
V004436,C00322,2025-07-14,direct,P005,Bright Organizer 05,true,false,false,38,,,
V004437,C00761,2025-01-19,organic_search,P012,Essential Bag 12,true,false,false,342,,,
V004438,C00552,2025-03-27,organic_search,P006,Active Mat 06,true,false,false,139,LOYALTY10,,
V004439,C00520,2025-01-27,social,P026,Pure Band 26,true,false,false,40,,,
V004440,C00519,2025-04-02,paid_search,P024,Modern Serum 24,true,false,false,70,,,
V004441,C00573,2025-05-24,referral,P028,Essential Bag 28,true,false,false,9,WEEKEND15,,
V004442,C00015,2025-12-03,email,P025,Daily Lamp 25,true,true,false,84,WEEKEND15,,
V004443,C00069,2025-01-06,organic_search,P007,Calm Cream 07,true,false,true,161,WEEKEND15,T000096,
V004444,C00150,2025-06-18,email,P012,Essential Bag 12,true,false,false,30,,,
V004445,C00299,2025-06-05,social,P029,Bright Organizer 29,true,false,false,63,WELCOME5,,
V004446,C00063,2025-12-24,organic_search,P014,Active Mat 14,false,false,false,42,,,
V004447,C00717,2025-02-14,email,P010,Pure Band 10,true,false,false,102,,,
V004448,C00398,2025-06-13,social,P026,Pure Band 26,true,false,false,39,,,
V004449,C00518,2025-01-27,paid_search,P014,Active Mat 14,true,false,false,48,,,
V004450,C00416,2025-07-07,paid_search,P005,Bright Organizer 05,true,false,false,28,,,
V004451,C00742,2025-08-02,paid_search,P008,Modern Serum 08,true,false,false,24,,,
V004452,C00512,2025-12-22,direct,P008,Modern Serum 08,true,false,false,170,WEEKEND15,,
V004453,C00589,2025-11-04,paid_search,P026,Pure Band 26,true,false,false,31,LOYALTY10,,
V004454,C00920,2025-11-29,paid_search,P010,Pure Band 10,true,true,false,59,,,
V004455,C00134,2025-05-07,social,P023,Calm Cream 23,true,true,false,43,,,
V004456,C00503,2025-01-23,organic_search,P005,Bright Organizer 05,true,false,false,28,,,
V004457,C00408,2025-02-21,email,P019,Urban Bottle 19,true,false,false,60,,,
V004458,C00967,2025-10-01,email,P004,Essential Bag 04,true,false,true,101,,T005063,
V004459,C00641,2025-10-21,paid_search,P023,Calm Cream 23,true,false,false,28,,,
V004460,C00047,2025-03-08,organic_search,P028,Essential Bag 28,true,false,false,33,,,
V004461,C00355,2025-12-22,social,P021,Bright Organizer 21,true,false,false,126,LOYALTY10,,
V004462,C00745,2025-05-30,organic_search,P017,Daily Lamp 17,true,false,false,25,WEEKEND15,,
V004463,C00984,2025-05-23,email,P012,Essential Bag 12,true,false,false,36,WELCOME5,,
V004464,C00870,2025-10-27,organic_search,P010,Pure Band 10,true,true,true,249,,T005549,
V004465,C00935,2025-06-23,direct,P016,Modern Serum 16,true,false,false,67,,,
V004466,C00973,2025-12-21,direct,P024,Modern Serum 24,true,true,false,56,WEEKEND15,,
V004467,C00890,2025-02-16,social,P026,Pure Band 26,true,false,false,39,,,
V004468,C00256,2025-11-20,referral,P018,Pure Band 18,false,false,false,47,,,
V004469,C00202,2025-09-30,organic_search,P005,Bright Organizer 05,false,false,false,40,,,
V004470,C00794,2025-05-02,paid_search,P028,Essential Bag 28,true,false,false,265,,,
V004471,C00766,2025-03-11,referral,P005,Bright Organizer 05,true,false,false,301,,,
V004472,C00075,2025-06-24,social,P015,Calm Cream 15,true,false,false,65,,,
V004473,C00841,2025-01-03,direct,P006,Active Mat 06,true,false,true,73,,T000044,
V004474,C00125,2025-04-19,direct,P006,Active Mat 06,true,true,false,207,,,
V004475,C00491,2025-03-02,organic_search,P015,Calm Cream 15,true,false,false,71,,,
V004476,C00408,2025-07-30,direct,P007,Calm Cream 07,true,false,false,83,,,
V004477,C00980,2025-06-15,direct,P009,Daily Lamp 09,true,false,false,58,,,
V004478,C00572,2025-01-19,social,P018,Pure Band 18,true,false,false,71,,,
V004479,C00912,2025-02-04,paid_search,P025,Daily Lamp 25,true,false,false,35,,,
V004480,C00381,2025-06-24,direct,P027,Urban Bottle 27,true,false,false,82,,,
V004481,C00436,2025-03-24,social,P027,Urban Bottle 27,true,false,false,95,,,
V004482,C00856,2025-05-29,organic_search,P015,Calm Cream 15,true,true,false,78,,,
V004483,C00798,2025-03-30,organic_search,P021,Bright Organizer 21,true,false,false,38,WEEKEND15,,
V004484,C00310,2025-11-01,paid_search,P004,Essential Bag 04,true,false,true,247,WEEKEND15,T005595,
V004485,C00902,2025-05-18,email,P029,Bright Organizer 29,true,false,false,302,,,
V004486,C00253,2025-12-03,email,P015,Calm Cream 15,true,false,false,57,,,
V004487,C00073,2025-06-12,social,P019,Urban Bottle 19,true,true,false,124,,,
V004488,C00916,2025-09-16,referral,P019,Urban Bottle 19,false,false,false,86,,,
V004489,C00035,2025-06-22,paid_search,P003,Urban Bottle 03,true,false,false,58,WEEKEND15,,
V004490,C00585,2025-05-10,organic_search,P024,Modern Serum 24,true,false,false,57,,,
V004491,C00653,2025-11-10,referral,P010,Pure Band 10,true,true,false,47,,,
V004492,C00666,2025-09-12,email,P009,Daily Lamp 09,true,true,false,49,WEEKEND15,,
V004493,C00577,2025-07-13,direct,P006,Active Mat 06,true,false,false,85,WELCOME5,,
V004494,C00420,2025-02-25,direct,P020,Essential Bag 20,true,false,false,51,,,
V004495,C00660,2025-12-09,organic_search,P015,Calm Cream 15,true,false,false,98,,,
V004496,C00288,2025-08-08,organic_search,P020,Essential Bag 20,true,true,false,44,,,
V004497,C00989,2025-03-17,organic_search,P025,Daily Lamp 25,true,true,false,29,,,
V004498,C00786,2025-03-06,email,P014,Active Mat 14,true,false,false,69,,,
V004499,C00714,2025-04-21,organic_search,P006,Active Mat 06,true,false,false,13,,,
V004500,C00594,2025-11-19,direct,P028,Essential Bag 28,true,false,true,90,,T005938,
V004501,C00117,2025-01-09,paid_search,P007,Calm Cream 07,true,false,true,212,WELCOME5,T000160,
V004502,C00384,2025-02-25,paid_search,P006,Active Mat 06,true,false,false,32,,,
V004503,C00525,2025-07-12,paid_search,P030,Active Mat 30,true,true,false,89,,,
V004504,C00855,2025-11-17,social,P012,Essential Bag 12,true,false,false,9,WELCOME5,,
V004505,C00313,2025-01-18,organic_search,P028,Essential Bag 28,true,true,true,204,,T000332,
V004506,C00420,2025-02-04,organic_search,P007,Calm Cream 07,true,false,false,38,,,
V004507,C00381,2025-01-03,organic_search,P016,Modern Serum 16,true,false,false,98,WELCOME5,,
V004508,C00380,2025-04-20,direct,P023,Calm Cream 23,true,true,false,130,,,
V004509,C00538,2025-08-27,direct,P021,Bright Organizer 21,true,false,false,390,WELCOME5,,
V004510,C00521,2025-05-26,organic_search,P002,Pure Band 02,true,false,false,52,,,
V004511,C00107,2025-05-10,email,P007,Calm Cream 07,true,false,false,56,,,
V004512,C00839,2025-08-12,paid_search,P028,Essential Bag 28,true,false,false,67,,,
V004513,C00185,2025-05-16,email,P008,Modern Serum 08,true,false,false,33,,,
V004514,C00184,2025-03-22,organic_search,P015,Calm Cream 15,true,false,false,77,,,
V004515,C00845,2025-11-03,referral,P009,Daily Lamp 09,true,true,false,116,LOYALTY10,,
V004516,C00334,2025-04-05,paid_search,P003,Urban Bottle 03,true,false,false,50,,,
V004517,C00403,2025-12-31,organic_search,P012,Essential Bag 12,false,false,false,48,WEEKEND15,,
V004518,C00062,2025-06-03,social,P027,Urban Bottle 27,true,false,false,103,,,
V004519,C00239,2025-05-08,paid_search,P029,Bright Organizer 29,true,false,false,26,WELCOME5,,
V004520,C00017,2025-07-12,organic_search,P019,Urban Bottle 19,true,true,false,128,LOYALTY10,,
V004521,C00938,2025-08-26,direct,P021,Bright Organizer 21,true,true,false,54,,,
V004522,C01000,2025-06-21,paid_search,P010,Pure Band 10,true,false,false,74,,,
V004523,C00832,2025-05-28,social,P028,Essential Bag 28,true,true,true,113,,T002806,
V004524,C00829,2025-04-03,email,P004,Essential Bag 04,true,false,false,56,,,
V004525,C00420,2025-06-26,organic_search,P008,Modern Serum 08,true,false,false,54,,,
V004526,C00700,2025-12-16,social,P023,Calm Cream 23,true,true,false,42,,,
V004527,C00053,2025-09-12,referral,P014,Active Mat 14,true,true,false,43,,,
V004528,C00641,2025-04-24,email,P013,Bright Organizer 13,true,true,false,280,,,
V004529,C00349,2025-08-05,social,P011,Urban Bottle 11,true,false,false,31,LOYALTY10,,
V004530,C00924,2025-12-15,social,P028,Essential Bag 28,true,false,false,21,,,
V004531,C00910,2025-07-14,organic_search,P028,Essential Bag 28,true,true,true,49,WEEKEND15,T003702,
V004532,C00341,2025-08-23,organic_search,P013,Bright Organizer 13,true,false,false,25,,,
V004533,C00563,2025-06-05,social,P016,Modern Serum 16,true,false,false,65,,,
V004534,C00375,2025-06-10,social,P010,Pure Band 10,true,false,false,85,,,
V004535,C00512,2025-02-12,direct,P015,Calm Cream 15,true,false,false,70,,,
V004536,C00094,2025-08-26,email,P026,Pure Band 26,true,false,false,10,,,
V004537,C00285,2025-07-15,organic_search,P013,Bright Organizer 13,true,false,false,77,,,
V004538,C00497,2025-06-13,social,P014,Active Mat 14,true,false,false,43,,,
V004539,C00827,2025-09-10,paid_search,P019,Urban Bottle 19,true,false,false,37,,,
V004540,C00689,2025-07-08,social,P013,Bright Organizer 13,true,false,false,37,,,
V004541,C00091,2025-05-13,paid_search,P016,Modern Serum 16,true,false,false,33,,,
V004542,C00987,2025-06-23,social,P002,Pure Band 02,true,true,true,240,,T003302,
V004543,C00767,2025-05-05,email,P022,Active Mat 22,true,false,false,36,,,
V004544,C00714,2025-05-08,direct,P006,Active Mat 06,true,false,false,119,,,
V004545,C00644,2025-05-30,direct,P004,Essential Bag 04,false,false,false,69,,,
V004546,C00785,2025-04-08,direct,P018,Pure Band 18,true,false,true,58,,T001874,
V004547,C00778,2025-04-01,direct,P004,Essential Bag 04,true,true,false,136,,,
V004548,C00913,2025-10-14,paid_search,P011,Urban Bottle 11,true,false,false,178,LOYALTY10,,
V004549,C00105,2025-05-23,social,P005,Bright Organizer 05,true,false,false,75,WELCOME5,,
V004550,C00956,2025-08-02,email,P011,Urban Bottle 11,true,true,false,321,,,
V004551,C00319,2025-01-25,email,P005,Bright Organizer 05,true,false,false,30,,,
V004552,C00349,2025-02-22,referral,P020,Essential Bag 20,true,true,true,123,,T000982,
V004553,C00763,2025-11-29,paid_search,P014,Active Mat 14,false,false,false,110,,,
V004554,C00658,2025-11-05,paid_search,P030,Active Mat 30,true,false,false,27,WELCOME5,,
V004555,C00601,2025-02-28,organic_search,P003,Urban Bottle 03,true,false,false,38,,,
V004556,C00943,2025-03-13,paid_search,P006,Active Mat 06,true,false,true,379,,T001338,
V004557,C00845,2025-03-29,social,P012,Essential Bag 12,true,false,false,210,,,
V004558,C00647,2025-02-08,direct,P009,Daily Lamp 09,true,false,false,112,,,
V004559,C00062,2025-11-17,paid_search,P029,Bright Organizer 29,true,true,false,38,WELCOME5,,
V004560,C00052,2025-10-28,paid_search,P027,Urban Bottle 27,true,true,true,61,,T005567,
V004561,C00673,2025-07-28,direct,P011,Urban Bottle 11,true,false,false,119,,,
V004562,C00323,2025-10-02,organic_search,P012,Essential Bag 12,true,false,false,50,,,
V004563,C00037,2025-11-18,referral,P017,Daily Lamp 17,true,false,false,17,,,
V004564,C00262,2025-12-26,email,P004,Essential Bag 04,false,false,false,448,,,
V004565,C00559,2025-04-27,paid_search,P028,Essential Bag 28,true,true,true,68,,T002234,
V004566,C00432,2025-05-17,referral,P029,Bright Organizer 29,true,false,false,32,LOYALTY10,,
V004567,C00582,2025-06-17,paid_search,P015,Calm Cream 15,true,false,false,120,,,
V004568,C00072,2025-04-26,social,P004,Essential Bag 04,false,false,false,9,WEEKEND15,,
V004569,C00330,2025-01-16,referral,P019,Urban Bottle 19,true,false,false,37,,,
V004570,C00303,2025-09-25,organic_search,P030,Active Mat 30,true,false,false,39,,,
V004571,C00393,2025-04-25,referral,P015,Calm Cream 15,true,false,false,24,,,
V004572,C00105,2025-01-18,paid_search,P014,Active Mat 14,true,false,false,78,LOYALTY10,,
V004573,C00898,2025-02-19,organic_search,P014,Active Mat 14,true,false,false,25,,,
V004574,C00285,2025-05-08,organic_search,P024,Modern Serum 24,true,true,false,92,,,
V004575,C00357,2025-11-15,paid_search,P016,Modern Serum 16,true,false,false,153,,,
V004576,C00355,2025-10-22,referral,P001,Daily Lamp 01,false,false,false,19,WEEKEND15,,
V004577,C00539,2025-04-08,organic_search,P004,Essential Bag 04,true,false,false,59,WEEKEND15,,
V004578,C00544,2025-06-11,email,P024,Modern Serum 24,true,false,false,42,,,
V004579,C00142,2025-09-10,direct,P027,Urban Bottle 27,true,true,false,75,,,
V004580,C00417,2025-09-25,paid_search,P009,Daily Lamp 09,true,false,false,32,,,
V004581,C00406,2025-01-03,organic_search,P005,Bright Organizer 05,true,false,false,11,,,
V004582,C00580,2025-01-04,email,P005,Bright Organizer 05,true,false,false,11,,,
V004583,C00133,2025-09-14,email,P009,Daily Lamp 09,true,false,false,63,,,
V004584,C00999,2025-03-11,social,P012,Essential Bag 12,true,false,false,9,,,
V004585,C00347,2025-01-28,organic_search,P024,Modern Serum 24,true,false,false,9,WEEKEND15,,
V004586,C00591,2025-12-18,paid_search,P006,Active Mat 06,false,false,false,83,,,
V004587,C00343,2025-01-11,social,P011,Urban Bottle 11,true,false,false,23,,,
V004588,C00516,2025-11-07,direct,P001,Daily Lamp 01,true,false,false,38,,,
V004589,C00662,2025-07-07,social,P001,Daily Lamp 01,true,false,false,14,,,
V004590,C00767,2025-05-08,paid_search,P020,Essential Bag 20,true,false,false,93,,,
V004591,C00500,2025-07-04,organic_search,P025,Daily Lamp 25,true,false,false,98,WEEKEND15,,
V004592,C00007,2025-11-26,organic_search,P016,Modern Serum 16,false,false,false,96,,,
V004593,C00489,2025-07-31,organic_search,P011,Urban Bottle 11,true,false,false,29,,,
V004594,C00727,2025-09-06,social,P002,Pure Band 02,true,true,false,136,,,
V004595,C00857,2025-04-03,referral,P014,Active Mat 14,true,false,false,21,,,
V004596,C00040,2025-09-26,paid_search,P010,Pure Band 10,true,false,false,41,,,
V004597,C00938,2025-08-12,referral,P017,Daily Lamp 17,true,true,false,52,,,
V004598,C00812,2025-05-20,email,P001,Daily Lamp 01,false,false,false,107,WEEKEND15,,
V004599,C00916,2025-04-15,social,P006,Active Mat 06,true,false,false,124,,,
V004600,C00915,2025-02-18,organic_search,P019,Urban Bottle 19,true,false,false,62,,,
V004601,C00301,2025-07-10,email,P025,Daily Lamp 25,true,false,false,20,,,
V004602,C00866,2025-01-08,social,P019,Urban Bottle 19,true,false,false,184,,,
V004603,C00165,2025-04-02,email,P021,Bright Organizer 21,true,false,false,34,WEEKEND15,,
V004604,C00042,2025-11-21,email,P027,Urban Bottle 27,true,true,false,14,,,
V004605,C00295,2025-07-29,paid_search,P022,Active Mat 22,true,false,false,84,,,
V004606,C00869,2025-09-17,social,P009,Daily Lamp 09,true,false,false,78,,,
V004607,C00834,2025-02-22,paid_search,P004,Essential Bag 04,true,false,false,55,,,
V004608,C00267,2025-10-30,social,P004,Essential Bag 04,false,false,false,24,,,
V004609,C00383,2025-12-11,organic_search,P009,Daily Lamp 09,true,false,false,72,WEEKEND15,,
V004610,C00673,2025-09-10,direct,P013,Bright Organizer 13,true,false,false,27,,,
V004611,C00268,2025-05-20,direct,P028,Essential Bag 28,true,false,false,14,,,
V004612,C00693,2025-04-01,paid_search,P007,Calm Cream 07,true,false,false,101,,,
V004613,C00148,2025-09-17,social,P025,Daily Lamp 25,true,true,false,293,,,
V004614,C00394,2025-03-05,direct,P002,Pure Band 02,true,false,false,49,WEEKEND15,,
V004615,C00785,2025-05-01,social,P011,Urban Bottle 11,true,true,false,98,,,
V004616,C00258,2025-07-17,organic_search,P006,Active Mat 06,false,false,false,31,,,
V004617,C00945,2025-10-25,referral,P020,Essential Bag 20,true,false,false,11,,,
V004618,C00753,2025-02-16,paid_search,P025,Daily Lamp 25,true,true,false,75,WELCOME5,,
V004619,C00390,2025-12-13,organic_search,P011,Urban Bottle 11,true,true,false,109,,,
V004620,C00981,2025-05-21,paid_search,P001,Daily Lamp 01,false,false,false,36,,,
V004621,C00832,2025-01-31,organic_search,P005,Bright Organizer 05,true,false,false,165,,,
V004622,C00777,2025-03-26,email,P010,Pure Band 10,true,true,false,21,,,
V004623,C00527,2025-10-09,organic_search,P026,Pure Band 26,true,true,true,73,,T005245,
V004624,C00870,2025-10-19,social,P023,Calm Cream 23,true,true,false,61,WELCOME5,,
V004625,C00493,2025-08-27,social,P006,Active Mat 06,false,false,false,58,,,
V004626,C00970,2025-05-05,organic_search,P012,Essential Bag 12,true,false,false,88,,,
V004627,C00458,2025-06-22,referral,P012,Essential Bag 12,true,false,false,25,,,
V004628,C00671,2025-09-13,organic_search,P014,Active Mat 14,false,false,false,110,,,
V004629,C00557,2025-10-12,organic_search,P012,Essential Bag 12,true,false,false,13,,,
V004630,C00442,2025-10-17,referral,P029,Bright Organizer 29,true,false,true,59,WELCOME5,T005389,
V004631,C00324,2025-07-03,email,P009,Daily Lamp 09,true,false,false,120,,,
V004632,C00230,2025-05-13,organic_search,P029,Bright Organizer 29,true,false,true,69,,T002524,
V004633,C00528,2025-02-12,direct,P021,Bright Organizer 21,true,false,false,70,,,
V004634,C00612,2025-04-04,social,P024,Modern Serum 24,true,false,false,45,,,
V004635,C00180,2025-08-16,direct,P003,Urban Bottle 03,true,false,false,90,,,
V004636,C00649,2025-04-01,referral,P024,Modern Serum 24,true,false,false,73,,,
V004637,C00894,2025-04-25,social,P005,Bright Organizer 05,true,false,false,184,,,
V004638,C00773,2025-12-11,organic_search,P002,Pure Band 02,true,false,false,34,,,
V004639,C00423,2025-01-20,organic_search,P020,Essential Bag 20,true,true,false,72,,,
V004640,C00792,2025-05-04,organic_search,P024,Modern Serum 24,true,false,false,17,,,
V004641,C00558,2025-05-14,paid_search,P016,Modern Serum 16,true,false,false,194,,,
V004642,C00247,2025-03-22,organic_search,P022,Active Mat 22,true,false,false,21,WELCOME5,,
V004643,C00636,2025-11-10,direct,P013,Bright Organizer 13,true,false,false,45,,,
V004644,C00871,2025-03-10,direct,P029,Bright Organizer 29,true,true,true,104,,T001294,
V004645,C00060,2025-11-14,organic_search,P019,Urban Bottle 19,true,false,false,16,,,
V004646,C00209,2025-10-01,direct,P005,Bright Organizer 05,true,false,false,380,,,
V004647,C00215,2025-03-29,referral,P020,Essential Bag 20,true,false,false,25,,,
V004648,C00555,2025-04-07,email,P007,Calm Cream 07,true,false,false,35,,,
V004649,C00189,2025-01-31,social,P002,Pure Band 02,true,false,false,84,,,
V004650,C00954,2025-09-09,email,P030,Active Mat 30,true,false,false,19,WELCOME5,,
V004651,C00084,2025-08-26,email,P014,Active Mat 14,false,false,false,170,,,
V004652,C00593,2025-04-08,organic_search,P004,Essential Bag 04,true,false,false,84,,,
V004653,C00890,2025-12-20,direct,P001,Daily Lamp 01,false,false,false,36,WELCOME5,,
V004654,C00083,2025-06-05,social,P010,Pure Band 10,true,false,false,22,,,
V004655,C00537,2025-02-15,organic_search,P004,Essential Bag 04,true,false,false,45,,,
V004656,C00105,2025-02-03,email,P011,Urban Bottle 11,true,false,false,75,WEEKEND15,,
V004657,C00427,2025-03-31,referral,P011,Urban Bottle 11,true,false,false,26,WEEKEND15,,
V004658,C00480,2025-10-15,organic_search,P005,Bright Organizer 05,true,false,false,79,,,
V004659,C00593,2025-12-22,paid_search,P028,Essential Bag 28,true,false,false,121,,,
V004660,C00739,2025-10-15,direct,P015,Calm Cream 15,true,false,false,47,,,
V004661,C00286,2025-02-15,social,P001,Daily Lamp 01,true,false,false,43,,,
V004662,C01000,2025-05-09,direct,P008,Modern Serum 08,true,false,false,18,,,
V004663,C00857,2025-10-24,direct,P004,Essential Bag 04,false,false,false,166,,,
V004664,C00474,2025-01-27,social,P007,Calm Cream 07,true,false,true,17,,T000504,
V004665,C00349,2025-04-05,direct,P002,Pure Band 02,true,false,false,63,,,
V004666,C00503,2025-11-01,paid_search,P022,Active Mat 22,true,true,false,39,WEEKEND15,,
V004667,C00448,2025-09-19,email,P015,Calm Cream 15,true,false,false,66,WELCOME5,,
V004668,C00623,2025-09-28,organic_search,P022,Active Mat 22,true,true,false,25,,,
V004669,C00277,2025-04-28,organic_search,P006,Active Mat 06,false,false,false,79,LOYALTY10,,
V004670,C00809,2025-05-06,email,P001,Daily Lamp 01,true,false,false,75,,,
V004671,C00100,2025-12-29,organic_search,P017,Daily Lamp 17,true,false,false,50,WELCOME5,,
V004672,C00516,2025-07-17,social,P007,Calm Cream 07,true,false,false,39,LOYALTY10,,
V004673,C00487,2025-10-07,email,P014,Active Mat 14,true,false,false,233,,,
V004674,C00388,2025-01-25,organic_search,P022,Active Mat 22,true,false,false,33,,,
V004675,C00229,2025-11-22,paid_search,P003,Urban Bottle 03,true,false,false,112,LOYALTY10,,
V004676,C00310,2025-01-21,organic_search,P011,Urban Bottle 11,true,false,false,41,,,
V004677,C00585,2025-06-24,email,P016,Modern Serum 16,true,false,false,140,,,
V004678,C00876,2025-02-01,social,P005,Bright Organizer 05,true,false,false,31,,,
V004679,C00761,2025-02-26,direct,P024,Modern Serum 24,true,false,true,71,,T001067,
V004680,C00712,2025-09-17,direct,P014,Active Mat 14,false,false,false,34,,,
V004681,C00921,2025-09-10,referral,P017,Daily Lamp 17,true,false,false,27,,,
V004682,C00127,2025-08-14,paid_search,P016,Modern Serum 16,true,false,true,55,,T004280,
V004683,C00503,2025-02-03,organic_search,P013,Bright Organizer 13,true,false,false,40,,,
V004684,C00009,2025-08-15,social,P010,Pure Band 10,true,false,false,85,,,
V004685,C00540,2025-08-22,social,P020,Essential Bag 20,true,false,false,138,,,
V004686,C00206,2025-09-22,organic_search,P004,Essential Bag 04,false,false,false,64,,,
V004687,C00399,2025-08-07,email,P026,Pure Band 26,true,false,false,112,,,
V004688,C00501,2025-12-01,direct,P013,Bright Organizer 13,true,true,false,140,,,
V004689,C00482,2025-03-04,paid_search,P026,Pure Band 26,true,false,false,39,,,
V004690,C00127,2025-08-14,referral,P003,Urban Bottle 03,true,false,false,27,,,
V004691,C00527,2025-11-13,direct,P017,Daily Lamp 17,true,false,false,194,,,
V004692,C00857,2025-12-23,social,P022,Active Mat 22,true,false,false,32,,,
V004693,C00576,2025-05-17,paid_search,P019,Urban Bottle 19,true,true,true,52,,T002623,
V004694,C00962,2025-04-29,email,P011,Urban Bottle 11,true,true,false,55,,,
V004695,C00039,2025-05-04,direct,P014,Active Mat 14,true,false,false,49,,,
V004696,C00619,2025-05-24,email,P019,Urban Bottle 19,true,true,false,36,,,
V004697,C00451,2025-12-18,email,P027,Urban Bottle 27,true,false,false,10,,,
V004698,C00420,2025-01-26,organic_search,P022,Active Mat 22,true,false,false,194,,,
V004699,C00970,2025-10-06,organic_search,P012,Essential Bag 12,true,false,false,39,,,
V004700,C00779,2025-08-17,organic_search,P022,Active Mat 22,true,false,false,21,,,
V004701,C00450,2025-03-02,paid_search,P001,Daily Lamp 01,true,false,false,79,,,
V004702,C00324,2025-08-13,direct,P006,Active Mat 06,true,false,false,12,,,
V004703,C00108,2025-08-17,organic_search,P018,Pure Band 18,true,false,false,19,WEEKEND15,,
V004704,C00943,2025-03-14,direct,P025,Daily Lamp 25,true,false,false,27,,,
V004705,C00651,2025-09-29,email,P005,Bright Organizer 05,true,false,false,14,WEEKEND15,,
V004706,C00555,2025-04-07,direct,P004,Essential Bag 04,true,false,false,33,,,
V004707,C00283,2025-08-30,paid_search,P022,Active Mat 22,true,false,false,112,,,
V004708,C00298,2025-12-26,referral,P024,Modern Serum 24,false,false,false,164,,,
V004709,C00028,2025-08-03,email,P005,Bright Organizer 05,true,true,false,64,WEEKEND15,,
V004710,C00330,2025-08-04,email,P005,Bright Organizer 05,true,false,false,88,,,
V004711,C00595,2025-09-20,email,P007,Calm Cream 07,true,false,false,27,,,
V004712,C00286,2025-07-29,social,P028,Essential Bag 28,true,false,false,69,,,
V004713,C00730,2025-02-24,paid_search,P018,Pure Band 18,true,false,false,122,,,
V004714,C00748,2025-01-24,direct,P022,Active Mat 22,true,false,false,48,,,
V004715,C00517,2025-03-05,paid_search,P022,Active Mat 22,true,true,false,34,,,
V004716,C00348,2025-01-28,direct,P011,Urban Bottle 11,true,false,false,78,WELCOME5,,
V004717,C00136,2025-07-26,referral,P021,Bright Organizer 21,true,false,false,45,,,
V004718,C00935,2025-05-06,direct,P024,Modern Serum 24,true,false,false,84,,,
V004719,C00867,2025-10-10,paid_search,P006,Active Mat 06,true,false,false,76,,,
V004720,C00638,2025-07-11,social,P008,Modern Serum 08,true,false,true,175,,T003653,
V004721,C00745,2025-09-05,email,P025,Daily Lamp 25,true,false,false,12,,,
V004722,C00224,2025-05-08,email,P015,Calm Cream 15,true,true,true,152,,T002421,
V004723,C00782,2025-02-10,direct,P009,Daily Lamp 09,true,false,false,43,,,
V004724,C00829,2025-05-11,social,P025,Daily Lamp 25,true,true,false,14,,,
V004725,C00481,2025-09-05,direct,P021,Bright Organizer 21,true,false,false,23,,,
V004726,C00913,2025-11-08,direct,P022,Active Mat 22,true,false,false,14,,,
V004727,C00863,2025-11-12,social,P028,Essential Bag 28,true,false,false,38,,,
V004728,C00013,2025-12-05,organic_search,P026,Pure Band 26,true,false,false,88,,,
V004729,C00973,2025-01-11,social,P019,Urban Bottle 19,true,true,false,48,WELCOME5,,
V004730,C00335,2025-09-20,organic_search,P015,Calm Cream 15,true,true,false,80,,,
V004731,C00115,2025-01-29,email,P025,Daily Lamp 25,true,false,false,51,,,
V004732,C00089,2025-04-06,direct,P012,Essential Bag 12,true,false,false,21,,,
V004733,C00225,2025-04-11,direct,P014,Active Mat 14,true,false,false,174,,,
V004734,C00290,2025-09-27,organic_search,P007,Calm Cream 07,true,false,false,14,,,
V004735,C00622,2025-04-07,email,P023,Calm Cream 23,true,false,false,58,WELCOME5,,
V004736,C00485,2025-11-16,paid_search,P001,Daily Lamp 01,true,false,false,35,WELCOME5,,
V004737,C00365,2025-08-14,paid_search,P026,Pure Band 26,true,true,false,39,,,
V004738,C00305,2025-12-18,referral,P022,Active Mat 22,true,false,false,88,,,
V004739,C00617,2025-12-25,paid_search,P006,Active Mat 06,false,false,false,107,,,
V004740,C00947,2025-06-03,social,P018,Pure Band 18,true,false,false,118,WEEKEND15,,
V004741,C00920,2025-07-03,referral,P007,Calm Cream 07,true,false,true,83,,T003491,
V004742,C00021,2025-09-01,social,P016,Modern Serum 16,true,true,false,51,,,
V004743,C00790,2025-07-31,paid_search,P011,Urban Bottle 11,true,true,false,67,WEEKEND15,,
V004744,C00269,2025-01-10,paid_search,P023,Calm Cream 23,true,false,false,20,,,
V004745,C00116,2025-10-12,organic_search,P015,Calm Cream 15,true,false,false,257,,,
V004746,C00594,2025-10-05,social,P028,Essential Bag 28,true,false,false,69,WELCOME5,,
V004747,C00185,2025-09-11,organic_search,P001,Daily Lamp 01,true,true,false,335,,,
V004748,C00411,2025-12-14,direct,P002,Pure Band 02,true,false,false,35,,,
V004749,C00021,2025-11-01,organic_search,P005,Bright Organizer 05,true,false,false,15,,,
V004750,C00160,2025-12-20,direct,P014,Active Mat 14,false,false,false,128,,,
V004751,C00478,2025-04-14,paid_search,P023,Calm Cream 23,true,true,false,63,,,
V004752,C00028,2025-01-31,referral,P023,Calm Cream 23,true,false,false,29,,,
V004753,C00961,2025-08-28,organic_search,P021,Bright Organizer 21,true,false,false,39,,,
V004754,C00188,2025-07-19,paid_search,P007,Calm Cream 07,true,false,false,115,,,
V004755,C00100,2025-03-27,direct,P006,Active Mat 06,true,true,true,81,,T001629,
V004756,C00641,2025-05-17,paid_search,P002,Pure Band 02,true,false,false,24,,,
V004757,C00073,2025-01-18,organic_search,P013,Bright Organizer 13,true,false,false,13,,,
V004758,C00887,2025-06-20,paid_search,P020,Essential Bag 20,true,false,false,523,WEEKEND15,,
V004759,C00827,2025-02-26,organic_search,P024,Modern Serum 24,true,false,false,13,,,
V004760,C00175,2025-11-11,paid_search,P028,Essential Bag 28,true,false,false,25,,,
V004761,C00752,2025-01-02,organic_search,P004,Essential Bag 04,true,false,false,25,LOYALTY10,,
V004762,C00743,2025-12-02,social,P024,Modern Serum 24,true,true,false,396,,,
V004763,C00306,2025-08-26,paid_search,P027,Urban Bottle 27,true,false,false,148,,,
V004764,C00272,2025-08-20,organic_search,P011,Urban Bottle 11,true,false,false,111,,,
V004765,C00263,2025-12-15,organic_search,P009,Daily Lamp 09,true,false,false,30,,,
V004766,C00977,2025-01-11,paid_search,P014,Active Mat 14,true,false,false,128,,,
V004767,C00168,2025-05-20,organic_search,P026,Pure Band 26,true,false,false,189,,,
V004768,C00397,2025-03-27,direct,P011,Urban Bottle 11,true,false,false,26,,,
V004769,C00261,2025-09-24,organic_search,P006,Active Mat 06,false,false,false,98,,,
V004770,C00965,2025-12-22,organic_search,P001,Daily Lamp 01,false,false,false,70,LOYALTY10,,
V004771,C00614,2025-05-15,organic_search,P026,Pure Band 26,true,false,false,37,,,
V004772,C00505,2025-04-16,email,P017,Daily Lamp 17,true,false,false,36,WELCOME5,,
V004773,C00816,2025-08-12,social,P009,Daily Lamp 09,true,false,false,25,,,
V004774,C00066,2025-07-11,organic_search,P005,Bright Organizer 05,true,false,false,22,WEEKEND15,,
V004775,C00736,2025-03-12,organic_search,P017,Daily Lamp 17,true,false,false,10,WELCOME5,,
V004776,C00445,2025-01-26,organic_search,P029,Bright Organizer 29,true,false,false,175,,,
V004777,C00144,2025-01-28,paid_search,P013,Bright Organizer 13,true,false,false,68,,,
V004778,C00655,2025-08-24,paid_search,P025,Daily Lamp 25,true,true,true,68,,T004452,
V004779,C00099,2025-02-27,organic_search,P007,Calm Cream 07,true,false,false,162,,,
V004780,C00485,2025-03-18,organic_search,P023,Calm Cream 23,true,false,true,101,,T001448,
V004781,C00788,2025-02-16,paid_search,P021,Bright Organizer 21,true,false,false,63,,,
V004782,C00571,2025-10-31,organic_search,P028,Essential Bag 28,true,false,false,22,,,
V004783,C00418,2025-10-08,social,P005,Bright Organizer 05,true,false,false,227,,,
V004784,C00302,2025-04-28,direct,P019,Urban Bottle 19,true,false,false,25,,,
V004785,C00094,2025-05-11,referral,P014,Active Mat 14,true,false,false,42,,,
V004786,C00887,2025-08-03,email,P019,Urban Bottle 19,true,false,false,8,,,
V004787,C00563,2025-05-02,paid_search,P019,Urban Bottle 19,true,true,false,36,,,
V004788,C00939,2025-01-03,social,P025,Daily Lamp 25,true,false,false,40,,,
V004789,C00337,2025-03-14,email,P016,Modern Serum 16,true,false,false,36,,,
V004790,C00030,2025-07-24,paid_search,P021,Bright Organizer 21,true,false,false,11,,,
V004791,C00925,2025-07-24,paid_search,P018,Pure Band 18,true,false,false,51,WEEKEND15,,
V004792,C00254,2025-01-04,social,P009,Daily Lamp 09,true,false,false,20,,,
V004793,C00900,2025-12-19,email,P025,Daily Lamp 25,true,true,false,9,WELCOME5,,
V004794,C00339,2025-05-11,email,P016,Modern Serum 16,true,false,false,81,WELCOME5,,
V004795,C00505,2025-10-19,paid_search,P026,Pure Band 26,true,true,true,412,,T005423,
V004796,C00273,2025-09-16,social,P018,Pure Band 18,true,false,false,34,,,
V004797,C00797,2025-03-23,paid_search,P004,Essential Bag 04,true,false,false,19,,,
V004798,C00395,2025-09-26,social,P023,Calm Cream 23,false,false,false,65,,,
V004799,C00503,2025-04-24,email,P012,Essential Bag 12,true,false,false,87,,,
V004800,C00274,2025-09-22,social,P015,Calm Cream 15,true,false,false,105,WELCOME5,,
V004801,C00288,2025-12-15,email,P015,Calm Cream 15,true,false,false,93,,,
V004802,C00066,2025-01-15,organic_search,P012,Essential Bag 12,true,false,false,90,,,
V004803,C00567,2025-09-23,organic_search,P028,Essential Bag 28,true,false,false,44,,,
V004804,C00493,2025-07-25,direct,P002,Pure Band 02,true,false,false,46,WEEKEND15,,
V004805,C00817,2025-08-11,direct,P021,Bright Organizer 21,true,false,false,34,,,
V004806,C00167,2025-10-09,social,P013,Bright Organizer 13,true,false,false,31,,,
V004807,C00038,2025-02-28,direct,P012,Essential Bag 12,true,false,false,43,,,
V004808,C00137,2025-12-16,paid_search,P014,Active Mat 14,true,false,false,47,,,
V004809,C00317,2025-05-03,paid_search,P029,Bright Organizer 29,true,false,false,64,WELCOME5,,
V004810,C00169,2025-07-18,email,P013,Bright Organizer 13,true,false,false,53,,,
V004811,C00950,2025-06-09,social,P003,Urban Bottle 03,true,false,false,118,,,
V004812,C00258,2025-08-18,email,P004,Essential Bag 04,false,false,false,20,,,
V004813,C00693,2025-11-20,paid_search,P002,Pure Band 02,true,true,false,41,,,
V004814,C00557,2025-12-24,organic_search,P016,Modern Serum 16,false,false,false,24,LOYALTY10,,
V004815,C00498,2025-11-26,email,P005,Bright Organizer 05,false,false,false,89,,,
V004816,C00221,2025-09-22,email,P004,Essential Bag 04,false,false,false,32,LOYALTY10,,
V004817,C00337,2025-05-18,paid_search,P002,Pure Band 02,true,false,false,20,,,
V004818,C00523,2025-04-10,organic_search,P009,Daily Lamp 09,true,false,false,49,,,
V004819,C00622,2025-09-04,direct,P005,Bright Organizer 05,true,false,false,43,,,
V004820,C00690,2025-02-04,social,P008,Modern Serum 08,true,false,false,94,,,
V004821,C00302,2025-02-21,direct,P017,Daily Lamp 17,true,false,false,19,,,
V004822,C00161,2025-01-31,email,P005,Bright Organizer 05,true,false,false,50,,,
V004823,C00212,2025-11-08,paid_search,P001,Daily Lamp 01,true,false,false,129,,,
V004824,C00596,2025-02-15,email,P011,Urban Bottle 11,true,false,false,44,WEEKEND15,,
V004825,C00661,2025-03-02,organic_search,P024,Modern Serum 24,true,true,false,550,,,
V004826,C00209,2025-08-06,email,P006,Active Mat 06,true,false,false,174,,,
V004827,C00745,2025-02-15,social,P011,Urban Bottle 11,true,true,false,36,LOYALTY10,,
V004828,C00611,2025-11-29,referral,P010,Pure Band 10,true,true,false,185,,,
V004829,C00713,2025-08-19,email,P013,Bright Organizer 13,true,false,false,21,,,
V004830,C00871,2025-07-09,organic_search,P026,Pure Band 26,true,false,false,28,,,
V004831,C00982,2025-09-24,social,P029,Bright Organizer 29,true,false,false,134,WELCOME5,,
V004832,C00697,2025-05-06,email,P030,Active Mat 30,true,false,false,546,,,
V004833,C00971,2025-09-03,paid_search,P026,Pure Band 26,true,false,false,31,,,
V004834,C00816,2025-04-08,paid_search,P012,Essential Bag 12,true,true,false,76,,,
V004835,C00906,2025-10-06,email,P004,Essential Bag 04,true,false,false,83,,,
V004836,C00962,2025-02-21,direct,P011,Urban Bottle 11,true,false,false,38,,,
V004837,C00640,2025-01-25,email,P013,Bright Organizer 13,true,false,false,26,,,
V004838,C00114,2025-04-29,email,P021,Bright Organizer 21,true,false,true,83,,T002284,
V004839,C00163,2025-07-14,social,P024,Modern Serum 24,true,false,false,19,,,
V004840,C00958,2025-01-06,paid_search,P018,Pure Band 18,true,true,false,23,,,
V004841,C00926,2025-01-07,organic_search,P005,Bright Organizer 05,true,false,false,19,,,
V004842,C00631,2025-08-29,paid_search,P008,Modern Serum 08,true,false,false,24,,,
V004843,C00014,2025-01-13,paid_search,P025,Daily Lamp 25,true,false,false,33,,,
V004844,C00214,2025-01-13,referral,P019,Urban Bottle 19,true,true,false,327,,,
V004845,C00262,2025-04-15,email,P004,Essential Bag 04,true,true,false,18,WELCOME5,,
V004846,C00344,2025-04-08,social,P020,Essential Bag 20,true,false,false,31,,,
V004847,C00069,2025-09-03,organic_search,P016,Modern Serum 16,true,false,true,67,,T004601,
V004848,C00901,2025-07-20,direct,P029,Bright Organizer 29,true,false,false,42,,,
V004849,C00768,2025-09-05,referral,P020,Essential Bag 20,true,false,false,20,,,
V004850,C00257,2025-03-08,organic_search,P004,Essential Bag 04,true,true,true,68,,T001238,
V004851,C00736,2025-04-05,organic_search,P004,Essential Bag 04,true,false,false,29,,,
V004852,C00679,2025-11-09,direct,P025,Daily Lamp 25,true,false,false,20,,,
V004853,C00976,2025-07-31,email,P011,Urban Bottle 11,true,false,false,28,,,
V004854,C00190,2025-11-03,organic_search,P020,Essential Bag 20,true,true,false,68,,,
V004855,C00810,2025-02-13,organic_search,P024,Modern Serum 24,true,false,false,40,,,
V004856,C00304,2025-03-19,organic_search,P009,Daily Lamp 09,true,true,false,313,,,
V004857,C00967,2025-10-24,social,P010,Pure Band 10,true,false,false,63,,,
V004858,C00398,2025-10-16,direct,P019,Urban Bottle 19,true,false,false,146,,,
V004859,C00035,2025-11-10,paid_search,P015,Calm Cream 15,true,false,false,19,,,
V004860,C00182,2025-11-05,email,P028,Essential Bag 28,true,true,true,173,,T005685,
V004861,C00560,2025-10-01,organic_search,P001,Daily Lamp 01,true,false,false,68,,,
V004862,C00759,2025-08-25,paid_search,P017,Daily Lamp 17,true,false,false,62,,,
V004863,C00413,2025-02-06,email,P014,Active Mat 14,true,false,true,21,,T000700,
V004864,C00709,2025-04-06,organic_search,P010,Pure Band 10,true,false,false,31,,,
V004865,C00948,2025-10-05,paid_search,P028,Essential Bag 28,true,false,false,50,,,
V004866,C00759,2025-04-01,direct,P023,Calm Cream 23,true,true,false,76,,,
V004867,C00152,2025-05-20,social,P028,Essential Bag 28,true,false,true,70,,T002679,
V004868,C00674,2025-07-04,organic_search,P024,Modern Serum 24,true,false,false,38,,,
V004869,C00668,2025-09-21,paid_search,P025,Daily Lamp 25,true,true,false,45,,,
V004870,C00572,2025-12-03,organic_search,P028,Essential Bag 28,true,false,false,17,LOYALTY10,,
V004871,C00040,2025-12-11,email,P018,Pure Band 18,true,false,false,42,,,
V004872,C00086,2025-07-11,organic_search,P021,Bright Organizer 21,true,false,false,122,LOYALTY10,,
V004873,C00664,2025-05-22,organic_search,P003,Urban Bottle 03,true,false,false,18,,,
V004874,C00412,2025-01-03,organic_search,P016,Modern Serum 16,true,false,false,27,,,
V004875,C00480,2025-12-06,direct,P018,Pure Band 18,true,false,false,76,WELCOME5,,
V004876,C00085,2025-08-24,paid_search,P019,Urban Bottle 19,false,false,false,77,WELCOME5,,
V004877,C00870,2025-06-02,social,P016,Modern Serum 16,true,false,false,84,,,
V004878,C00854,2025-09-30,email,P015,Calm Cream 15,true,true,false,121,,,
V004879,C00791,2025-12-18,social,P005,Bright Organizer 05,true,false,false,18,,,
V004880,C00219,2025-04-24,organic_search,P019,Urban Bottle 19,true,false,false,52,,,
V004881,C00487,2025-10-08,social,P001,Daily Lamp 01,true,true,false,31,,,
V004882,C00250,2025-07-18,organic_search,P027,Urban Bottle 27,true,true,true,203,,T003780,
V004883,C00069,2025-09-11,organic_search,P019,Urban Bottle 19,true,false,false,42,WEEKEND15,,
V004884,C00785,2025-03-14,direct,P008,Modern Serum 08,true,false,false,106,,,
V004885,C00132,2025-02-03,organic_search,P011,Urban Bottle 11,true,true,false,128,,,
V004886,C00421,2025-01-28,paid_search,P011,Urban Bottle 11,true,false,false,14,LOYALTY10,,
V004887,C00032,2025-01-18,social,P006,Active Mat 06,true,false,false,51,,,
V004888,C00967,2025-02-17,paid_search,P011,Urban Bottle 11,true,true,false,14,,,
V004889,C00143,2025-07-03,direct,P009,Daily Lamp 09,true,false,false,41,,,
V004890,C00555,2025-04-09,direct,P009,Daily Lamp 09,true,false,false,75,LOYALTY10,,
V004891,C00437,2025-11-01,email,P003,Urban Bottle 03,true,false,false,63,,,
V004892,C00534,2025-12-07,paid_search,P023,Calm Cream 23,true,false,false,14,,,
V004893,C00375,2025-08-03,organic_search,P002,Pure Band 02,true,false,false,86,,,
V004894,C00661,2025-06-09,direct,P005,Bright Organizer 05,true,false,false,11,,,
V004895,C00928,2025-04-13,paid_search,P015,Calm Cream 15,true,false,false,22,,,
V004896,C00449,2025-03-22,email,P022,Active Mat 22,true,false,false,53,,,
V004897,C00630,2025-09-03,paid_search,P027,Urban Bottle 27,true,true,false,76,WEEKEND15,,
V004898,C00157,2025-05-20,direct,P014,Active Mat 14,true,false,false,92,,,
V004899,C00377,2025-06-02,direct,P008,Modern Serum 08,true,false,false,79,WEEKEND15,,
V004900,C00983,2025-12-12,organic_search,P009,Daily Lamp 09,true,false,false,38,,,
V004901,C00338,2025-07-01,referral,P030,Active Mat 30,true,true,false,96,,,
V004902,C00059,2025-07-06,email,P015,Calm Cream 15,true,true,false,57,WEEKEND15,,
V004903,C00496,2025-03-27,organic_search,P005,Bright Organizer 05,true,false,false,147,,,
V004904,C00562,2025-11-08,paid_search,P018,Pure Band 18,true,true,true,200,,T005739,
V004905,C00618,2025-05-25,organic_search,P023,Calm Cream 23,true,false,true,294,,T002758,
V004906,C00900,2025-05-05,organic_search,P023,Calm Cream 23,true,false,false,44,WEEKEND15,,
V004907,C00202,2025-01-08,organic_search,P009,Daily Lamp 09,true,true,true,23,,T000148,
V004908,C00921,2025-06-17,social,P005,Bright Organizer 05,true,true,true,275,,T003207,
V004909,C00291,2025-08-09,social,P004,Essential Bag 04,true,true,false,100,,,
V004910,C00259,2025-12-02,direct,P010,Pure Band 10,true,false,false,58,,,
V004911,C00157,2025-11-07,social,P002,Pure Band 02,true,false,false,36,,,
V004912,C00056,2025-07-23,organic_search,P026,Pure Band 26,true,false,false,89,WEEKEND15,,
V004913,C00851,2025-06-05,organic_search,P019,Urban Bottle 19,true,false,true,48,WELCOME5,T002968,
V004914,C00288,2025-07-18,organic_search,P030,Active Mat 30,true,false,false,70,WEEKEND15,,
V004915,C00348,2025-02-23,social,P001,Daily Lamp 01,true,false,false,28,,,
V004916,C00328,2025-07-21,paid_search,P014,Active Mat 14,true,true,true,145,,T003836,
V004917,C00824,2025-08-13,referral,P030,Active Mat 30,true,false,false,66,,,
V004918,C00461,2025-03-19,email,P029,Bright Organizer 29,true,false,false,47,,,
V004919,C00506,2025-03-13,social,P024,Modern Serum 24,true,true,true,47,,T001341,
V004920,C00844,2025-01-22,paid_search,P001,Daily Lamp 01,true,false,false,94,WEEKEND15,,
V004921,C00564,2025-08-09,organic_search,P018,Pure Band 18,true,false,false,38,,,
V004922,C00981,2025-07-12,organic_search,P016,Modern Serum 16,true,true,false,134,,,
V004923,C00473,2025-10-25,direct,P006,Active Mat 06,false,false,false,35,,,
V004924,C00892,2025-12-02,organic_search,P018,Pure Band 18,true,true,false,27,,,
V004925,C00890,2025-02-19,social,P021,Bright Organizer 21,true,false,false,43,,,
V004926,C00266,2025-11-06,social,P028,Essential Bag 28,true,false,false,60,,,
V004927,C00108,2025-05-09,direct,P007,Calm Cream 07,true,false,false,112,,,
V004928,C00838,2025-01-15,email,P015,Calm Cream 15,true,true,false,84,,,
V004929,C00328,2025-02-14,social,P020,Essential Bag 20,true,true,false,35,WELCOME5,,
V004930,C00720,2025-08-03,paid_search,P005,Bright Organizer 05,true,false,false,51,,,
V004931,C00933,2025-12-26,social,P011,Urban Bottle 11,false,false,false,87,,,
V004932,C00223,2025-10-14,referral,P012,Essential Bag 12,false,false,false,19,,,
V004933,C00303,2025-09-08,direct,P028,Essential Bag 28,true,false,false,11,,,
V004934,C00997,2025-12-28,paid_search,P024,Modern Serum 24,false,false,false,174,,,
V004935,C00829,2025-08-03,organic_search,P003,Urban Bottle 03,true,false,false,68,,,
V004936,C00894,2025-11-20,direct,P007,Calm Cream 07,true,false,false,101,,,
V004937,C00223,2025-01-31,paid_search,P030,Active Mat 30,true,false,true,110,,T000583,
V004938,C00636,2025-11-15,social,P029,Bright Organizer 29,true,false,false,154,,,
V004939,C00163,2025-01-04,organic_search,P011,Urban Bottle 11,true,false,false,14,,,
V004940,C00359,2025-04-22,paid_search,P017,Daily Lamp 17,true,false,false,44,,,
V004941,C00855,2025-08-23,organic_search,P029,Bright Organizer 29,true,true,false,244,WEEKEND15,,
V004942,C00896,2025-07-12,organic_search,P014,Active Mat 14,true,false,false,55,,,
V004943,C00798,2025-09-14,email,P024,Modern Serum 24,true,false,false,40,,,
V004944,C00682,2025-05-16,social,P010,Pure Band 10,true,false,false,32,,,
V004945,C00353,2025-10-25,email,P028,Essential Bag 28,true,false,false,73,WELCOME5,,
V004946,C00589,2025-10-11,organic_search,P004,Essential Bag 04,true,false,false,178,WEEKEND15,,
V004947,C00011,2025-04-16,paid_search,P004,Essential Bag 04,true,false,false,65,,,
V004948,C00650,2025-04-21,paid_search,P008,Modern Serum 08,true,true,false,118,,,
V004949,C00512,2025-12-01,direct,P009,Daily Lamp 09,true,false,false,91,,,
V004950,C00710,2025-08-30,email,P024,Modern Serum 24,true,false,false,28,,,
V004951,C00194,2025-02-10,social,P028,Essential Bag 28,true,false,false,80,WELCOME5,,
V004952,C00317,2025-07-09,email,P009,Daily Lamp 09,true,false,false,97,,,
V004953,C00352,2025-09-01,direct,P004,Essential Bag 04,true,false,true,508,,T004567,
V004954,C00281,2025-04-20,paid_search,P005,Bright Organizer 05,true,false,false,23,LOYALTY10,,
V004955,C00842,2025-02-07,email,P006,Active Mat 06,true,false,false,44,,,
V004956,C00139,2025-09-29,paid_search,P004,Essential Bag 04,false,false,false,27,,,
V004957,C00226,2025-05-19,organic_search,P012,Essential Bag 12,true,false,false,71,WEEKEND15,,
V004958,C00623,2025-11-02,organic_search,P009,Daily Lamp 09,true,false,false,32,WELCOME5,,
V004959,C00224,2025-04-05,organic_search,P024,Modern Serum 24,true,false,false,38,,,
V004960,C00871,2025-04-15,referral,P024,Modern Serum 24,true,false,false,94,WEEKEND15,,
V004961,C00080,2025-11-07,social,P011,Urban Bottle 11,true,false,false,45,LOYALTY10,,
V004962,C00725,2025-07-26,organic_search,P011,Urban Bottle 11,true,true,false,48,,,
V004963,C00713,2025-01-03,email,P014,Active Mat 14,true,false,false,38,,,
V004964,C00054,2025-04-11,direct,P002,Pure Band 02,true,false,false,48,,,
V004965,C00071,2025-11-27,organic_search,P027,Urban Bottle 27,true,false,false,19,WEEKEND15,,
V004966,C00902,2025-06-10,social,P008,Modern Serum 08,true,false,true,109,,T003070,
V004967,C00980,2025-05-09,organic_search,P001,Daily Lamp 01,true,false,true,185,LOYALTY10,T002456,
V004968,C00683,2025-04-30,organic_search,P002,Pure Band 02,true,false,false,93,WEEKEND15,,
V004969,C00233,2025-11-30,paid_search,P021,Bright Organizer 21,true,false,false,25,,,
V004970,C00220,2025-03-12,paid_search,P020,Essential Bag 20,true,false,false,54,,,
V004971,C00490,2025-04-20,direct,P014,Active Mat 14,true,false,false,164,,,
V004972,C00977,2025-07-24,direct,P022,Active Mat 22,true,false,false,41,,,
V004973,C00199,2025-03-16,social,P028,Essential Bag 28,true,false,false,27,,,
V004974,C00326,2025-12-26,organic_search,P024,Modern Serum 24,false,false,false,41,,,
V004975,C00546,2025-03-12,paid_search,P018,Pure Band 18,true,true,false,73,WEEKEND15,,
V004976,C00474,2025-07-02,referral,P005,Bright Organizer 05,true,false,false,84,,,
V004977,C00726,2025-03-27,organic_search,P016,Modern Serum 16,true,false,false,75,,,
V004978,C00307,2025-02-09,email,P025,Daily Lamp 25,true,false,false,160,LOYALTY10,,
V004979,C00317,2025-10-30,social,P012,Essential Bag 12,false,false,false,57,,,
V004980,C00828,2025-06-18,social,P001,Daily Lamp 01,true,false,false,24,,,
V004981,C00869,2025-02-15,organic_search,P001,Daily Lamp 01,true,false,false,13,,,
V004982,C00979,2025-03-03,paid_search,P017,Daily Lamp 17,true,false,false,94,,,
V004983,C00591,2025-03-26,paid_search,P029,Bright Organizer 29,true,false,false,61,,,
V004984,C00742,2025-01-18,referral,P028,Essential Bag 28,true,false,false,64,,,
V004985,C00925,2025-07-13,email,P015,Calm Cream 15,true,false,false,10,WEEKEND15,,
V004986,C00171,2025-04-04,organic_search,P006,Active Mat 06,true,false,false,19,,,
V004987,C00754,2025-10-24,organic_search,P012,Essential Bag 12,false,false,false,199,LOYALTY10,,
V004988,C00251,2025-01-25,social,P021,Bright Organizer 21,true,true,true,206,,T000472,
V004989,C00955,2025-01-21,paid_search,P027,Urban Bottle 27,true,false,false,124,,,
V004990,C00910,2025-05-23,social,P011,Urban Bottle 11,true,false,false,91,,,
V004991,C00202,2025-04-20,direct,P013,Bright Organizer 13,true,false,false,24,WEEKEND15,,
V004992,C00879,2025-10-08,direct,P014,Active Mat 14,true,false,false,10,,,
V004993,C00831,2025-12-03,social,P013,Bright Organizer 13,true,true,false,195,,,
V004994,C00036,2025-03-18,organic_search,P007,Calm Cream 07,true,true,false,63,,,
V004995,C00968,2025-10-07,social,P004,Essential Bag 04,true,false,false,11,,,
V004996,C00053,2025-07-03,direct,P016,Modern Serum 16,true,false,false,176,,,
V004997,C00270,2025-05-10,direct,P005,Bright Organizer 05,true,false,false,91,,,
V004998,C00389,2025-10-10,email,P018,Pure Band 18,true,false,false,58,LOYALTY10,,
V004999,C00034,2025-02-26,direct,P016,Modern Serum 16,true,false,true,62,,T001064,
V005000,C00082,2025-01-12,direct,P005,Bright Organizer 05,true,false,false,17,,,
V005001,C00060,2025-11-11,paid_search,P017,Daily Lamp 17,true,false,true,43,,T005800,
V005002,C00498,2025-02-02,organic_search,P016,Modern Serum 16,true,false,false,66,,,
V005003,C00982,2025-05-20,email,P024,Modern Serum 24,true,true,false,52,,,
V005004,C00404,2025-06-25,email,P018,Pure Band 18,true,false,false,58,WEEKEND15,,
V005005,C00652,2025-07-08,organic_search,P012,Essential Bag 12,true,false,false,159,LOYALTY10,,
V005006,C00824,2025-06-26,email,P023,Calm Cream 23,false,false,false,22,,,
V005007,C00932,2025-05-28,social,P001,Daily Lamp 01,false,false,false,48,,,
V005008,C00323,2025-03-31,organic_search,P019,Urban Bottle 19,true,false,false,26,,,
V005009,C00594,2025-05-18,organic_search,P026,Pure Band 26,true,true,false,45,,,
V005010,C00745,2025-05-02,direct,P023,Calm Cream 23,true,false,false,107,,,
V005011,C00004,2025-09-17,paid_search,P002,Pure Band 02,true,true,false,69,,,
V005012,C00079,2025-09-25,organic_search,P003,Urban Bottle 03,true,false,false,9,,,
V005013,C00959,2025-03-07,organic_search,P014,Active Mat 14,true,true,false,319,,,
V005014,C00192,2025-06-02,paid_search,P030,Active Mat 30,true,false,false,59,,,
V005015,C00077,2025-04-16,organic_search,P005,Bright Organizer 05,true,false,false,33,,,
V005016,C00531,2025-12-15,email,P019,Urban Bottle 19,true,true,false,25,LOYALTY10,,
V005017,C00531,2025-06-06,organic_search,P017,Daily Lamp 17,true,true,false,26,,,
V005018,C00165,2025-08-26,organic_search,P004,Essential Bag 04,false,false,false,56,,,
V005019,C00879,2025-05-05,direct,P019,Urban Bottle 19,true,false,false,48,,,
V005020,C00519,2025-12-02,organic_search,P001,Daily Lamp 01,true,true,true,71,,T006109,
V005021,C00854,2025-06-07,social,P010,Pure Band 10,true,false,false,33,LOYALTY10,,
V005022,C00027,2025-01-21,social,P001,Daily Lamp 01,true,false,false,159,,,
V005023,C00849,2025-10-23,paid_search,P006,Active Mat 06,false,false,false,52,,,
V005024,C00044,2025-09-21,organic_search,P008,Modern Serum 08,true,false,false,151,LOYALTY10,,
V005025,C00168,2025-12-20,organic_search,P010,Pure Band 10,true,false,false,84,LOYALTY10,,
V005026,C00083,2025-05-02,social,P002,Pure Band 02,true,false,false,79,WEEKEND15,,
V005027,C00516,2025-03-20,organic_search,P005,Bright Organizer 05,true,false,false,291,,,
V005028,C00938,2025-06-21,direct,P011,Urban Bottle 11,true,false,false,22,,,
V005029,C00591,2025-04-28,organic_search,P024,Modern Serum 24,true,true,false,162,,,
V005030,C00573,2025-02-06,organic_search,P013,Bright Organizer 13,true,false,false,56,LOYALTY10,,
V005031,C00240,2025-11-26,email,P012,Essential Bag 12,true,false,false,37,,,
V005032,C00255,2025-12-06,referral,P010,Pure Band 10,true,false,false,25,LOYALTY10,,
V005033,C00514,2025-11-19,organic_search,P012,Essential Bag 12,true,false,false,61,,,
V005034,C00051,2025-02-18,organic_search,P015,Calm Cream 15,true,false,false,83,,,
V005035,C00346,2025-04-15,social,P016,Modern Serum 16,true,false,false,49,LOYALTY10,,
V005036,C00279,2025-03-03,social,P023,Calm Cream 23,true,false,false,61,,,
V005037,C00885,2025-11-03,social,P003,Urban Bottle 03,true,false,false,85,,,
V005038,C00982,2025-01-01,social,P009,Daily Lamp 09,true,false,false,26,,,
V005039,C00258,2025-06-08,paid_search,P005,Bright Organizer 05,true,false,false,86,,,
V005040,C00717,2025-11-22,email,P023,Calm Cream 23,true,false,false,36,LOYALTY10,,
V005041,C00332,2025-10-28,social,P025,Daily Lamp 25,true,false,false,24,LOYALTY10,,
V005042,C00427,2025-02-23,organic_search,P027,Urban Bottle 27,true,false,false,62,,,
V005043,C00683,2025-01-07,email,P011,Urban Bottle 11,true,true,false,77,LOYALTY10,,
V005044,C00783,2025-07-18,organic_search,P010,Pure Band 10,true,false,false,67,,,
V005045,C00407,2025-08-05,email,P015,Calm Cream 15,true,false,false,17,,,
V005046,C00417,2025-06-28,email,P009,Daily Lamp 09,true,false,false,45,,,
V005047,C00755,2025-03-20,email,P006,Active Mat 06,true,false,false,140,,,
V005048,C00123,2025-06-14,social,P010,Pure Band 10,true,false,false,90,,,
V005049,C00925,2025-01-22,organic_search,P009,Daily Lamp 09,true,false,false,18,,,
V005050,C00563,2025-01-21,direct,P012,Essential Bag 12,true,false,false,37,,,
V005051,C00159,2025-06-27,email,P024,Modern Serum 24,true,true,false,21,,,
V005052,C00227,2025-12-31,paid_search,P029,Bright Organizer 29,true,false,false,90,WELCOME5,,
V005053,C00441,2025-10-31,email,P018,Pure Band 18,false,false,false,67,,,
V005054,C00157,2025-06-30,organic_search,P027,Urban Bottle 27,true,false,false,340,,,
V005055,C00348,2025-10-26,paid_search,P024,Modern Serum 24,true,true,false,84,WEEKEND15,,
V005056,C00850,2025-06-13,organic_search,P002,Pure Band 02,true,false,false,40,,,
V005057,C00656,2025-11-27,email,P002,Pure Band 02,true,false,false,57,,,
V005058,C00467,2025-11-13,direct,P015,Calm Cream 15,true,false,false,15,,,
V005059,C00417,2025-09-16,direct,P017,Daily Lamp 17,true,false,false,36,,,
V005060,C00644,2025-10-21,paid_search,P004,Essential Bag 04,false,false,false,42,,,
V005061,C00298,2025-06-14,email,P017,Daily Lamp 17,true,false,false,66,,,
V005062,C00437,2025-08-21,paid_search,P014,Active Mat 14,false,false,false,35,,,
V005063,C00341,2025-12-21,social,P011,Urban Bottle 11,true,false,false,155,,,
V005064,C00848,2025-12-31,social,P008,Modern Serum 08,true,true,false,391,,,
V005065,C00297,2025-03-03,social,P028,Essential Bag 28,true,false,false,56,LOYALTY10,,
V005066,C00689,2025-02-11,paid_search,P015,Calm Cream 15,true,false,false,67,,,
V005067,C00435,2025-05-02,paid_search,P025,Daily Lamp 25,true,false,false,100,,,
V005068,C00387,2025-08-15,direct,P003,Urban Bottle 03,true,false,true,240,,T004294,
V005069,C00718,2025-09-22,social,P028,Essential Bag 28,true,false,false,68,,,
V005070,C00540,2025-08-23,email,P026,Pure Band 26,true,false,false,120,,,
V005071,C00723,2025-03-14,email,P006,Active Mat 06,true,false,false,122,,,
V005072,C00034,2025-09-08,social,P028,Essential Bag 28,true,false,false,252,,,
V005073,C00304,2025-07-16,social,P008,Modern Serum 08,true,false,false,49,WELCOME5,,
V005074,C00876,2025-04-03,paid_search,P009,Daily Lamp 09,true,false,false,17,WEEKEND15,,
V005075,C00226,2025-06-19,social,P004,Essential Bag 04,true,false,false,119,,,
V005076,C00160,2025-07-04,organic_search,P004,Essential Bag 04,true,false,false,43,,,
V005077,C00061,2025-01-10,paid_search,P020,Essential Bag 20,true,false,false,52,,,
V005078,C00200,2025-04-27,organic_search,P021,Bright Organizer 21,true,false,true,155,,T002231,
V005079,C00683,2025-09-27,organic_search,P013,Bright Organizer 13,true,false,true,148,,T005003,
V005080,C00483,2025-07-17,organic_search,P009,Daily Lamp 09,true,true,true,85,,T003753,
V005081,C00464,2025-05-15,direct,P009,Daily Lamp 09,true,true,true,53,,T002568,
V005082,C00357,2025-01-29,organic_search,P016,Modern Serum 16,true,true,false,103,,,
V005083,C00330,2025-08-08,email,P025,Daily Lamp 25,true,true,false,28,,,
V005084,C00372,2025-01-28,direct,P028,Essential Bag 28,true,false,false,24,WEEKEND15,,
V005085,C00247,2025-07-17,organic_search,P003,Urban Bottle 03,true,false,false,14,LOYALTY10,,
V005086,C00777,2025-08-27,organic_search,P020,Essential Bag 20,true,false,true,61,,T004493,
V005087,C00849,2025-06-20,referral,P017,Daily Lamp 17,true,false,false,44,,,
V005088,C00309,2025-09-25,direct,P004,Essential Bag 04,false,false,false,24,,,
V005089,C00371,2025-07-15,organic_search,P010,Pure Band 10,true,false,false,96,,,
V005090,C00188,2025-04-28,organic_search,P014,Active Mat 14,true,true,true,16,,T002265,
V005091,C00986,2025-02-10,referral,P024,Modern Serum 24,true,false,false,284,,,
V005092,C00927,2025-07-13,paid_search,P006,Active Mat 06,true,false,false,14,,,
V005093,C00021,2025-05-31,referral,P001,Daily Lamp 01,false,false,false,31,,,
V005094,C00817,2025-10-09,organic_search,P007,Calm Cream 07,true,false,false,18,,,
V005095,C00497,2025-06-07,organic_search,P028,Essential Bag 28,true,false,false,82,,,
V005096,C00143,2025-03-24,organic_search,P025,Daily Lamp 25,true,false,false,191,,,
V005097,C00601,2025-12-19,email,P014,Active Mat 14,false,false,false,122,LOYALTY10,,
V005098,C00156,2025-05-19,social,P016,Modern Serum 16,true,true,false,44,WEEKEND15,,
V005099,C00042,2025-04-25,social,P029,Bright Organizer 29,true,true,false,24,,,
V005100,C00897,2025-03-20,social,P027,Urban Bottle 27,true,false,false,252,,,
V005101,C00233,2025-05-29,social,P005,Bright Organizer 05,true,true,true,118,,T002830,
V005102,C00133,2025-09-24,organic_search,P001,Daily Lamp 01,true,true,false,140,,,
V005103,C00109,2025-08-09,email,P029,Bright Organizer 29,true,false,false,56,,,
V005104,C00686,2025-11-25,email,P013,Bright Organizer 13,true,false,false,26,,,
V005105,C00127,2025-11-13,referral,P023,Calm Cream 23,true,false,false,60,,,
V005106,C00841,2025-07-27,organic_search,P017,Daily Lamp 17,true,false,false,46,,,
V005107,C00581,2025-07-31,organic_search,P012,Essential Bag 12,false,false,false,19,,,
V005108,C00940,2025-10-12,direct,P024,Modern Serum 24,true,false,false,59,,,
V005109,C00742,2025-01-23,organic_search,P016,Modern Serum 16,true,false,false,45,,,
V005110,C00794,2025-10-14,referral,P004,Essential Bag 04,true,false,false,34,WELCOME5,,
V005111,C00665,2025-07-25,organic_search,P019,Urban Bottle 19,true,false,false,73,,,
V005112,C00223,2025-08-08,organic_search,P024,Modern Serum 24,true,false,false,37,WELCOME5,,
V005113,C00713,2025-12-11,paid_search,P026,Pure Band 26,true,false,false,26,WEEKEND15,,
V005114,C00735,2025-09-26,paid_search,P004,Essential Bag 04,false,false,false,24,LOYALTY10,,
V005115,C00748,2025-05-12,direct,P026,Pure Band 26,true,true,false,469,,,
V005116,C00879,2025-04-18,direct,P018,Pure Band 18,true,false,false,64,,,
V005117,C00778,2025-05-28,organic_search,P006,Active Mat 06,false,false,false,246,,,
V005118,C00973,2025-05-28,social,P009,Daily Lamp 09,true,false,false,32,,,
V005119,C00142,2025-01-18,social,P017,Daily Lamp 17,true,false,false,14,,,
V005120,C00354,2025-07-27,email,P007,Calm Cream 07,true,false,false,143,,,
V005121,C00766,2025-05-04,organic_search,P020,Essential Bag 20,true,false,false,22,,,
V005122,C00810,2025-08-25,email,P010,Pure Band 10,true,false,false,82,,,
V005123,C00918,2025-05-31,paid_search,P027,Urban Bottle 27,true,false,true,142,,T002887,
V005124,C00265,2025-07-02,paid_search,P020,Essential Bag 20,true,false,false,276,,,
V005125,C00349,2025-09-01,direct,P030,Active Mat 30,true,false,false,26,,,
V005126,C00738,2025-09-08,paid_search,P007,Calm Cream 07,true,false,false,28,,,
V005127,C00278,2025-07-29,paid_search,P011,Urban Bottle 11,true,false,false,52,,,
V005128,C00893,2025-04-26,social,P014,Active Mat 14,true,false,false,23,,,
V005129,C00207,2025-11-17,direct,P029,Bright Organizer 29,true,true,false,49,,,
V005130,C00397,2025-12-19,direct,P028,Essential Bag 28,true,false,false,115,WEEKEND15,,
V005131,C00562,2025-12-23,email,P004,Essential Bag 04,true,false,false,86,WEEKEND15,,
V005132,C00794,2025-05-04,email,P019,Urban Bottle 19,true,false,false,29,,,
V005133,C00335,2025-10-14,paid_search,P017,Daily Lamp 17,true,false,true,81,,T005324,
V005134,C00414,2025-05-19,email,P020,Essential Bag 20,true,false,false,52,WELCOME5,,
V005135,C00259,2025-06-28,paid_search,P025,Daily Lamp 25,true,false,false,113,,,
V005136,C00160,2025-12-14,paid_search,P020,Essential Bag 20,true,false,false,165,,,
V005137,C00342,2025-07-09,paid_search,P012,Essential Bag 12,true,false,false,52,,,
V005138,C00154,2025-01-15,social,P010,Pure Band 10,true,true,false,159,WELCOME5,,
V005139,C00303,2025-11-27,paid_search,P024,Modern Serum 24,false,false,false,41,,,
V005140,C00789,2025-01-05,social,P018,Pure Band 18,true,false,false,65,,,
V005141,C00300,2025-04-06,organic_search,P027,Urban Bottle 27,true,false,false,110,,,
V005142,C00086,2025-05-09,direct,P021,Bright Organizer 21,true,false,false,260,,,
V005143,C00522,2025-04-07,social,P009,Daily Lamp 09,true,true,false,57,,,
V005144,C00441,2025-05-08,social,P013,Bright Organizer 13,true,false,false,9,,,
V005145,C00392,2025-03-09,referral,P021,Bright Organizer 21,true,false,false,229,,,
V005146,C00391,2025-01-07,organic_search,P023,Calm Cream 23,true,false,false,36,,,
V005147,C00872,2025-03-02,direct,P021,Bright Organizer 21,true,true,false,30,,,
V005148,C00199,2025-09-09,paid_search,P010,Pure Band 10,true,false,false,90,,,
V005149,C00796,2025-05-09,email,P025,Daily Lamp 25,true,true,false,65,LOYALTY10,,
V005150,C00355,2025-07-26,email,P022,Active Mat 22,true,false,false,50,,,
V005151,C00914,2025-09-24,referral,P015,Calm Cream 15,true,false,true,44,,T004958,
V005152,C00615,2025-03-31,paid_search,P001,Daily Lamp 01,true,false,false,47,,,
V005153,C00121,2025-02-19,email,P006,Active Mat 06,true,false,false,98,,,
V005154,C00952,2025-03-07,direct,P016,Modern Serum 16,true,false,false,36,WEEKEND15,,
V005155,C00867,2025-08-19,organic_search,P013,Bright Organizer 13,true,true,false,71,,,
V005156,C00960,2025-02-03,organic_search,P018,Pure Band 18,true,false,false,16,,,
V005157,C00607,2025-09-25,direct,P026,Pure Band 26,true,false,false,22,LOYALTY10,,
V005158,C00214,2025-01-12,organic_search,P018,Pure Band 18,true,false,false,13,,,
V005159,C00428,2025-06-30,paid_search,P004,Essential Bag 04,false,false,false,32,,,
V005160,C00396,2025-06-25,email,P014,Active Mat 14,true,true,true,864,,T003359,
V005161,C00683,2025-01-15,paid_search,P028,Essential Bag 28,true,false,false,19,,,
V005162,C00001,2025-03-08,paid_search,P021,Bright Organizer 21,true,false,false,23,,,
V005163,C00419,2025-04-04,direct,P029,Bright Organizer 29,true,false,false,65,,,
V005164,C00248,2025-01-18,organic_search,P004,Essential Bag 04,true,false,false,25,,,
V005165,C00877,2025-09-29,social,P011,Urban Bottle 11,true,false,false,30,,,
V005166,C00078,2025-03-11,social,P027,Urban Bottle 27,true,false,false,20,,,
V005167,C00101,2025-12-23,social,P025,Daily Lamp 25,true,false,false,21,,,
V005168,C00670,2025-10-31,email,P017,Daily Lamp 17,true,true,false,33,,,
V005169,C00908,2025-09-26,organic_search,P003,Urban Bottle 03,true,false,false,35,LOYALTY10,,
V005170,C00407,2025-05-24,email,P019,Urban Bottle 19,true,false,false,19,,,
V005171,C00902,2025-10-10,organic_search,P013,Bright Organizer 13,true,false,false,15,,,
V005172,C00238,2025-01-19,email,P029,Bright Organizer 29,true,false,false,375,WELCOME5,,
V005173,C00576,2025-09-06,organic_search,P030,Active Mat 30,true,true,false,20,WEEKEND15,,
V005174,C00844,2025-01-30,direct,P024,Modern Serum 24,true,false,false,92,,,
V005175,C00088,2025-10-11,social,P008,Modern Serum 08,true,true,false,45,,,
V005176,C00986,2025-02-11,referral,P030,Active Mat 30,true,false,false,92,,,
V005177,C00136,2025-02-05,referral,P008,Modern Serum 08,true,true,false,271,,,
V005178,C00417,2025-04-09,direct,P006,Active Mat 06,true,false,true,30,WEEKEND15,T001903,
V005179,C00731,2025-05-11,social,P006,Active Mat 06,true,true,false,170,WEEKEND15,,
V005180,C00729,2025-05-26,email,P024,Modern Serum 24,true,false,false,39,,,
V005181,C00210,2025-11-10,direct,P003,Urban Bottle 03,true,false,false,46,LOYALTY10,,
V005182,C00858,2025-12-26,paid_search,P016,Modern Serum 16,false,false,false,34,WELCOME5,,
V005183,C00813,2025-06-01,organic_search,P001,Daily Lamp 01,true,false,false,32,,,
V005184,C00505,2025-12-01,referral,P006,Active Mat 06,true,true,false,47,,,
V005185,C00037,2025-05-30,email,P004,Essential Bag 04,false,false,false,136,,,
V005186,C00352,2025-04-08,direct,P023,Calm Cream 23,true,false,false,187,,,
V005187,C00724,2025-07-15,email,P009,Daily Lamp 09,true,false,false,48,,,
V005188,C00986,2025-02-19,email,P006,Active Mat 06,true,false,false,27,,,
V005189,C00740,2025-10-18,paid_search,P030,Active Mat 30,true,false,false,5,,,
V005190,C00464,2025-12-04,organic_search,P008,Modern Serum 08,true,false,false,26,,,
V005191,C00694,2025-12-25,paid_search,P008,Modern Serum 08,true,false,false,85,,,
V005192,C00289,2025-05-10,organic_search,P003,Urban Bottle 03,true,false,false,159,,,
V005193,C00895,2025-12-29,direct,P001,Daily Lamp 01,false,false,false,23,,,
V005194,C00234,2025-06-28,email,P030,Active Mat 30,true,false,false,9,,,
V005195,C00460,2025-11-16,organic_search,P010,Pure Band 10,true,false,false,317,,,
V005196,C00681,2025-12-29,paid_search,P029,Bright Organizer 29,true,false,false,39,,,
V005197,C00960,2025-04-10,email,P004,Essential Bag 04,true,false,false,259,,,
V005198,C00519,2025-02-12,social,P006,Active Mat 06,true,false,false,48,,,
V005199,C00688,2025-05-03,email,P007,Calm Cream 07,true,false,false,30,,,
V005200,C00906,2025-04-10,organic_search,P017,Daily Lamp 17,true,false,false,36,,,
V005201,C00526,2025-10-13,direct,P024,Modern Serum 24,true,false,false,31,,,
V005202,C00940,2025-11-05,referral,P012,Essential Bag 12,true,false,false,51,,,
V005203,C00307,2025-04-28,email,P016,Modern Serum 16,true,false,true,130,,T002252,
V005204,C00187,2025-07-18,direct,P009,Daily Lamp 09,true,false,false,80,WELCOME5,,
V005205,C00532,2025-05-01,social,P005,Bright Organizer 05,true,false,false,92,LOYALTY10,,
V005206,C00623,2025-08-04,direct,P025,Daily Lamp 25,true,false,false,211,,,
V005207,C00172,2025-08-14,organic_search,P010,Pure Band 10,true,true,false,191,WEEKEND15,,
V005208,C00995,2025-06-19,organic_search,P016,Modern Serum 16,true,false,false,312,,,
V005209,C00855,2025-08-14,organic_search,P003,Urban Bottle 03,true,false,false,34,,,
V005210,C00974,2025-05-07,organic_search,P001,Daily Lamp 01,true,false,false,42,,,
V005211,C00879,2025-10-15,email,P029,Bright Organizer 29,true,false,true,153,,T005349,
V005212,C00005,2025-10-26,paid_search,P024,Modern Serum 24,true,true,true,353,,T005538,
V005213,C00804,2025-10-27,email,P025,Daily Lamp 25,true,false,false,109,,,
V005214,C00538,2025-08-24,direct,P014,Active Mat 14,false,false,false,28,WELCOME5,,
V005215,C00796,2025-05-24,organic_search,P004,Essential Bag 04,false,false,false,26,,,
V005216,C00735,2025-06-12,paid_search,P011,Urban Bottle 11,true,false,false,31,,,
V005217,C00050,2025-01-15,email,P020,Essential Bag 20,true,false,false,113,,,
V005218,C00483,2025-12-19,social,P006,Active Mat 06,false,false,false,56,,,
V005219,C00128,2025-06-11,paid_search,P003,Urban Bottle 03,true,false,false,44,,,
V005220,C00196,2025-11-25,social,P011,Urban Bottle 11,false,false,false,82,WELCOME5,,
V005221,C00105,2025-05-21,social,P002,Pure Band 02,true,false,false,95,,,
V005222,C00434,2025-08-15,organic_search,P012,Essential Bag 12,true,true,false,130,LOYALTY10,,
V005223,C00357,2025-04-19,organic_search,P012,Essential Bag 12,true,false,false,11,WELCOME5,,
V005224,C00607,2025-12-16,organic_search,P020,Essential Bag 20,true,false,false,33,,,
V005225,C00689,2025-11-14,email,P009,Daily Lamp 09,true,false,false,42,LOYALTY10,,
V005226,C00539,2025-01-13,email,P028,Essential Bag 28,true,false,true,473,,T000226,
V005227,C00687,2025-11-10,organic_search,P010,Pure Band 10,true,false,false,93,,,
V005228,C00259,2025-11-06,direct,P025,Daily Lamp 25,true,false,false,51,,,
V005229,C00547,2025-05-31,email,P020,Essential Bag 20,true,false,false,183,WEEKEND15,,
V005230,C00885,2025-11-28,organic_search,P016,Modern Serum 16,false,false,false,131,,,
V005231,C00884,2025-01-16,organic_search,P024,Modern Serum 24,true,false,false,7,,,
V005232,C00744,2025-04-02,organic_search,P029,Bright Organizer 29,true,false,false,63,,,
V005233,C00495,2025-09-29,organic_search,P004,Essential Bag 04,false,false,false,27,,,
V005234,C00127,2025-01-16,social,P005,Bright Organizer 05,true,true,true,30,,T000302,
V005235,C00382,2025-03-22,social,P025,Daily Lamp 25,true,false,false,56,,,
V005236,C00797,2025-12-03,direct,P016,Modern Serum 16,true,false,false,57,,,
V005237,C00396,2025-05-11,email,P018,Pure Band 18,true,true,false,120,,,
V005238,C00297,2025-06-11,organic_search,P014,Active Mat 14,true,false,false,41,,,
V005239,C00625,2025-09-11,paid_search,P011,Urban Bottle 11,true,false,false,76,,,
V005240,C00788,2025-08-29,email,P012,Essential Bag 12,false,false,false,81,WEEKEND15,,
V005241,C00605,2025-04-13,social,P023,Calm Cream 23,true,false,false,90,,,
V005242,C00549,2025-04-20,organic_search,P011,Urban Bottle 11,true,false,false,161,,,
V005243,C00681,2025-06-21,organic_search,P008,Modern Serum 08,true,true,true,248,,T003257,
V005244,C00012,2025-05-27,referral,P023,Calm Cream 23,false,false,false,71,,,
V005245,C00721,2025-09-13,email,P021,Bright Organizer 21,true,false,false,27,,,
V005246,C00906,2025-11-30,direct,P004,Essential Bag 04,false,false,false,95,,,
V005247,C00061,2025-11-03,organic_search,P019,Urban Bottle 19,true,false,false,34,,,
V005248,C00904,2025-03-16,social,P003,Urban Bottle 03,true,false,false,46,,,
V005249,C00799,2025-09-16,organic_search,P004,Essential Bag 04,true,false,false,55,WELCOME5,,
V005250,C00988,2025-02-22,social,P013,Bright Organizer 13,true,false,false,110,,,
V005251,C00878,2025-11-21,paid_search,P018,Pure Band 18,false,false,false,25,,,
V005252,C00386,2025-03-28,email,P029,Bright Organizer 29,true,false,false,27,,,
V005253,C00059,2025-04-25,social,P012,Essential Bag 12,true,false,false,46,LOYALTY10,,
V005254,C00529,2025-04-09,direct,P030,Active Mat 30,true,false,false,73,LOYALTY10,,
V005255,C00778,2025-07-02,referral,P003,Urban Bottle 03,true,false,false,26,,,
V005256,C00384,2025-02-04,email,P027,Urban Bottle 27,true,false,false,53,,,
V005257,C00163,2025-02-19,direct,P004,Essential Bag 04,true,true,true,146,,T000935,
V005258,C00591,2025-10-22,paid_search,P002,Pure Band 02,true,false,false,87,,,
V005259,C00486,2025-05-31,organic_search,P027,Urban Bottle 27,true,false,false,54,,,
V005260,C00069,2025-05-11,direct,P012,Essential Bag 12,true,false,false,18,,,
V005261,C00797,2025-03-21,direct,P017,Daily Lamp 17,true,false,false,29,,,
V005262,C00775,2025-04-03,email,P009,Daily Lamp 09,true,true,false,60,,,
V005263,C00366,2025-05-25,social,P004,Essential Bag 04,false,false,false,12,,,
V005264,C00753,2025-04-12,social,P004,Essential Bag 04,true,false,false,29,,,
V005265,C00435,2025-05-24,direct,P011,Urban Bottle 11,true,false,false,43,,,
V005266,C00482,2025-10-29,organic_search,P003,Urban Bottle 03,true,true,false,89,,,
V005267,C00183,2025-08-08,paid_search,P012,Essential Bag 12,true,false,false,41,,,
V005268,C00794,2025-02-06,email,P009,Daily Lamp 09,true,false,false,29,,,
V005269,C00623,2025-05-23,organic_search,P028,Essential Bag 28,true,false,false,25,,,
V005270,C00747,2025-12-21,organic_search,P018,Pure Band 18,false,false,false,70,,,
V005271,C00957,2025-10-04,organic_search,P017,Daily Lamp 17,true,false,false,98,,,
V005272,C00726,2025-12-17,direct,P014,Active Mat 14,false,false,false,28,,,
V005273,C00393,2025-05-12,social,P008,Modern Serum 08,true,false,false,111,,,
V005274,C00138,2025-02-12,referral,P015,Calm Cream 15,true,false,false,130,,,
V005275,C00397,2025-06-22,social,P005,Bright Organizer 05,true,true,false,78,,,
V005276,C00777,2025-07-12,social,P010,Pure Band 10,true,false,false,98,WELCOME5,,
V005277,C00844,2025-07-25,paid_search,P009,Daily Lamp 09,true,false,false,48,,,
V005278,C00637,2025-09-28,organic_search,P016,Modern Serum 16,false,false,false,28,,,
V005279,C00401,2025-09-04,organic_search,P020,Essential Bag 20,true,false,false,69,LOYALTY10,,
V005280,C00218,2025-05-02,referral,P001,Daily Lamp 01,true,false,false,23,,,
V005281,C00056,2025-10-02,paid_search,P004,Essential Bag 04,true,false,false,164,LOYALTY10,,
V005282,C00451,2025-12-27,referral,P015,Calm Cream 15,true,false,false,46,,,
V005283,C00417,2025-01-18,paid_search,P028,Essential Bag 28,true,false,false,98,,,
V005284,C00368,2025-12-15,direct,P023,Calm Cream 23,true,false,false,68,,,
V005285,C00501,2025-08-14,social,P021,Bright Organizer 21,true,true,true,115,,T004279,
V005286,C00362,2025-01-28,social,P010,Pure Band 10,true,false,false,127,,,
V005287,C00089,2025-11-15,paid_search,P019,Urban Bottle 19,true,true,false,142,,,
V005288,C00970,2025-10-10,social,P028,Essential Bag 28,true,false,false,42,,,
V005289,C00321,2025-01-24,direct,P003,Urban Bottle 03,true,true,false,62,,,
V005290,C00710,2025-11-19,direct,P001,Daily Lamp 01,true,false,true,68,,T005935,
V005291,C00506,2025-01-09,email,P021,Bright Organizer 21,true,false,false,84,,,
V005292,C00950,2025-06-16,direct,P019,Urban Bottle 19,true,true,false,154,WEEKEND15,,
V005293,C00549,2025-10-24,organic_search,P024,Modern Serum 24,true,false,false,66,,,
V005294,C00021,2025-01-17,direct,P021,Bright Organizer 21,true,false,false,31,,,
V005295,C00994,2025-03-13,direct,P025,Daily Lamp 25,true,true,false,27,,,
V005296,C00991,2025-05-04,direct,P004,Essential Bag 04,true,false,false,44,,,
V005297,C00282,2025-11-14,organic_search,P006,Active Mat 06,true,false,false,23,,,
V005298,C00851,2025-09-08,paid_search,P006,Active Mat 06,true,false,false,29,,,
V005299,C00939,2025-08-23,organic_search,P004,Essential Bag 04,false,false,false,29,,,
V005300,C00057,2025-05-16,paid_search,P011,Urban Bottle 11,true,false,true,57,,T002580,
V005301,C00310,2025-04-02,social,P010,Pure Band 10,true,true,true,170,,T001750,
V005302,C00181,2025-03-09,social,P023,Calm Cream 23,true,false,false,25,WELCOME5,,
V005303,C00425,2025-08-06,direct,P015,Calm Cream 15,true,false,false,11,,,
V005304,C00336,2025-08-05,email,P030,Active Mat 30,true,false,false,23,WEEKEND15,,
V005305,C00275,2025-05-05,paid_search,P013,Bright Organizer 13,true,true,true,56,,T002388,
V005306,C00052,2025-07-03,email,P025,Daily Lamp 25,true,false,false,85,LOYALTY10,,
V005307,C00599,2025-01-01,direct,P018,Pure Band 18,true,false,true,94,,T000009,
V005308,C00717,2025-07-20,social,P022,Active Mat 22,true,false,false,388,,,
V005309,C00701,2025-03-14,organic_search,P030,Active Mat 30,true,false,false,28,WEEKEND15,,
V005310,C00143,2025-07-28,organic_search,P001,Daily Lamp 01,false,false,false,22,,,
V005311,C00172,2025-12-13,organic_search,P007,Calm Cream 07,true,true,false,64,,,
V005312,C00922,2025-08-20,social,P002,Pure Band 02,true,true,false,354,,,
V005313,C00922,2025-10-12,organic_search,P001,Daily Lamp 01,true,false,true,117,,T005296,
V005314,C00285,2025-10-23,organic_search,P028,Essential Bag 28,true,false,false,130,,,
V005315,C00414,2025-07-31,email,P014,Active Mat 14,true,false,false,84,,,
V005316,C00311,2025-09-24,email,P015,Calm Cream 15,true,true,true,145,,T004961,
V005317,C00066,2025-04-05,organic_search,P024,Modern Serum 24,true,false,false,59,WELCOME5,,
V005318,C00778,2025-02-20,direct,P020,Essential Bag 20,true,false,false,106,LOYALTY10,,
V005319,C00936,2025-06-25,referral,P004,Essential Bag 04,true,false,true,51,WELCOME5,T003335,
V005320,C00805,2025-11-23,direct,P024,Modern Serum 24,false,false,false,77,,,
V005321,C00362,2025-07-24,paid_search,P001,Daily Lamp 01,false,false,false,109,,,
V005322,C00908,2025-01-09,paid_search,P014,Active Mat 14,true,false,false,63,WELCOME5,,
V005323,C00457,2025-09-04,organic_search,P011,Urban Bottle 11,true,true,false,65,,,
V005324,C00012,2025-11-02,organic_search,P025,Daily Lamp 25,true,false,false,62,WEEKEND15,,
V005325,C00026,2025-01-18,organic_search,P011,Urban Bottle 11,true,false,false,97,,,
V005326,C00251,2025-01-10,social,P009,Daily Lamp 09,true,false,false,45,WEEKEND15,,
V005327,C00883,2025-11-06,email,P019,Urban Bottle 19,true,false,false,46,,,
V005328,C00775,2025-01-15,organic_search,P017,Daily Lamp 17,true,false,false,32,WEEKEND15,,
V005329,C00542,2025-07-21,email,P002,Pure Band 02,true,false,false,78,,,
V005330,C00289,2025-11-12,organic_search,P025,Daily Lamp 25,true,false,false,207,WEEKEND15,,
V005331,C00634,2025-01-23,direct,P006,Active Mat 06,true,false,false,47,,,
V005332,C00656,2025-12-17,social,P027,Urban Bottle 27,true,false,false,214,,,
V005333,C00114,2025-09-12,social,P019,Urban Bottle 19,true,false,false,9,LOYALTY10,,
V005334,C00928,2025-01-26,referral,P006,Active Mat 06,true,false,false,148,,,
V005335,C00208,2025-01-16,referral,P024,Modern Serum 24,true,true,true,155,,T000285,
V005336,C00277,2025-02-10,email,P022,Active Mat 22,true,false,false,30,,,
V005337,C00667,2025-01-05,paid_search,P023,Calm Cream 23,true,false,false,51,,,
V005338,C00182,2025-05-23,referral,P029,Bright Organizer 29,true,false,false,75,,,
V005339,C00243,2025-05-02,organic_search,P028,Essential Bag 28,true,true,false,37,LOYALTY10,,
V005340,C00262,2025-12-26,organic_search,P026,Pure Band 26,false,false,false,48,,,
V005341,C00903,2025-07-14,email,P014,Active Mat 14,true,false,false,90,WEEKEND15,,
V005342,C00124,2025-07-03,paid_search,P030,Active Mat 30,true,false,false,33,,,
V005343,C00552,2025-01-11,paid_search,P003,Urban Bottle 03,true,false,false,16,,,
V005344,C00856,2025-05-05,social,P018,Pure Band 18,true,false,false,56,,,
V005345,C00095,2025-04-28,email,P011,Urban Bottle 11,true,false,false,221,,,
V005346,C00199,2025-06-27,social,P001,Daily Lamp 01,true,true,true,315,,T003390,
V005347,C00558,2025-05-12,direct,P028,Essential Bag 28,true,false,false,34,,,
V005348,C00214,2025-11-29,organic_search,P024,Modern Serum 24,false,false,false,143,WELCOME5,,
V005349,C00965,2025-11-16,organic_search,P030,Active Mat 30,true,false,false,33,,,
V005350,C00590,2025-03-13,social,P025,Daily Lamp 25,true,false,false,78,WEEKEND15,,
V005351,C00289,2025-06-11,organic_search,P016,Modern Serum 16,true,false,false,73,,,
V005352,C00862,2025-06-07,paid_search,P027,Urban Bottle 27,true,false,false,205,,,
V005353,C00408,2025-01-04,email,P016,Modern Serum 16,true,false,false,22,,,
V005354,C00389,2025-12-14,paid_search,P003,Urban Bottle 03,true,false,false,28,WELCOME5,,
V005355,C00182,2025-07-17,organic_search,P009,Daily Lamp 09,true,true,false,41,WELCOME5,,
V005356,C01000,2025-02-05,paid_search,P016,Modern Serum 16,true,false,false,11,LOYALTY10,,
V005357,C00820,2025-08-13,organic_search,P023,Calm Cream 23,true,false,false,35,,,
V005358,C00182,2025-01-22,email,P021,Bright Organizer 21,true,false,false,133,,,
V005359,C00172,2025-09-07,email,P017,Daily Lamp 17,true,false,false,54,,,
V005360,C00974,2025-01-29,email,P020,Essential Bag 20,true,false,false,91,,,
V005361,C00183,2025-10-02,organic_search,P016,Modern Serum 16,true,true,false,66,,,
V005362,C00974,2025-06-11,organic_search,P006,Active Mat 06,true,false,false,113,,,
V005363,C00469,2025-01-01,social,P003,Urban Bottle 03,true,false,true,33,,T000011,
V005364,C00398,2025-07-11,direct,P012,Essential Bag 12,true,true,false,45,WELCOME5,,
V005365,C00490,2025-12-30,email,P016,Modern Serum 16,false,false,false,74,,,
V005366,C00355,2025-08-17,direct,P016,Modern Serum 16,true,false,false,39,,,
V005367,C00047,2025-08-16,email,P012,Essential Bag 12,true,false,false,91,WELCOME5,,
V005368,C00055,2025-03-10,organic_search,P030,Active Mat 30,true,false,false,139,,,
V005369,C00972,2025-11-29,email,P029,Bright Organizer 29,true,false,false,338,,,
V005370,C00743,2025-02-20,paid_search,P024,Modern Serum 24,true,false,false,104,,,
V005371,C00688,2025-06-04,social,P009,Daily Lamp 09,true,false,false,145,WELCOME5,,
V005372,C00420,2025-04-23,social,P020,Essential Bag 20,true,false,false,19,,,
V005373,C00669,2025-06-23,direct,P017,Daily Lamp 17,true,true,true,626,,T003309,
V005374,C00055,2025-01-27,direct,P012,Essential Bag 12,true,false,false,52,,,
V005375,C00262,2025-11-03,email,P025,Daily Lamp 25,true,false,false,39,,,
V005376,C00915,2025-02-08,organic_search,P004,Essential Bag 04,true,false,false,97,,,
V005377,C00994,2025-11-03,direct,P026,Pure Band 26,true,false,false,139,,,
V005378,C00856,2025-11-24,email,P020,Essential Bag 20,true,false,false,82,,,
V005379,C00928,2025-01-10,social,P019,Urban Bottle 19,true,false,false,64,WEEKEND15,,
V005380,C00901,2025-09-16,email,P019,Urban Bottle 19,true,false,false,36,,,
V005381,C00645,2025-04-25,direct,P003,Urban Bottle 03,true,false,false,21,,,
V005382,C00844,2025-03-28,social,P006,Active Mat 06,true,false,false,59,,,
V005383,C00155,2025-05-07,paid_search,P030,Active Mat 30,true,false,false,26,,,
V005384,C00736,2025-04-17,direct,P013,Bright Organizer 13,true,false,false,11,,,
V005385,C00541,2025-02-23,direct,P001,Daily Lamp 01,true,true,false,144,,,
V005386,C00921,2025-10-05,paid_search,P026,Pure Band 26,true,false,false,31,,,
V005387,C00364,2025-10-05,organic_search,P009,Daily Lamp 09,true,false,false,22,,,
V005388,C00005,2025-11-03,organic_search,P006,Active Mat 06,true,false,false,32,,,
V005389,C00328,2025-08-08,direct,P004,Essential Bag 04,true,false,false,85,,,
V005390,C00385,2025-10-23,organic_search,P016,Modern Serum 16,false,false,false,80,,,
V005391,C00890,2025-12-21,paid_search,P024,Modern Serum 24,true,false,false,43,,,
V005392,C00873,2025-06-14,organic_search,P019,Urban Bottle 19,true,true,false,134,,,
V005393,C00315,2025-07-30,paid_search,P006,Active Mat 06,false,false,false,20,,,
V005394,C00179,2025-06-28,organic_search,P028,Essential Bag 28,true,false,true,53,,T003413,
V005395,C00433,2025-08-24,social,P011,Urban Bottle 11,true,false,false,44,,,
V005396,C00862,2025-11-20,paid_search,P007,Calm Cream 07,true,false,true,21,,T005948,
V005397,C00970,2025-12-13,paid_search,P008,Modern Serum 08,true,false,false,17,,,
V005398,C00916,2025-10-29,referral,P003,Urban Bottle 03,true,false,false,51,,,
V005399,C00686,2025-03-08,organic_search,P011,Urban Bottle 11,true,false,false,53,LOYALTY10,,
V005400,C00756,2025-02-20,email,P011,Urban Bottle 11,true,false,false,405,,,
V005401,C00185,2025-02-15,organic_search,P024,Modern Serum 24,true,false,false,19,,,
V005402,C00955,2025-11-22,social,P027,Urban Bottle 27,true,false,false,193,,,
V005403,C00363,2025-02-14,organic_search,P012,Essential Bag 12,true,false,false,25,LOYALTY10,,
V005404,C00837,2025-08-01,organic_search,P014,Active Mat 14,true,false,false,15,LOYALTY10,,
V005405,C00316,2025-10-14,referral,P016,Modern Serum 16,false,false,false,157,,,
V005406,C00590,2025-10-20,organic_search,P030,Active Mat 30,true,false,false,17,WELCOME5,,
V005407,C00554,2025-04-18,social,P019,Urban Bottle 19,true,true,true,84,,T002068,
V005408,C00130,2025-11-01,social,P017,Daily Lamp 17,true,true,false,40,,,
V005409,C00467,2025-05-17,direct,P014,Active Mat 14,true,false,false,55,,,
V005410,C00107,2025-04-01,organic_search,P027,Urban Bottle 27,true,false,false,75,,,
V005411,C00967,2025-03-28,organic_search,P025,Daily Lamp 25,true,false,false,54,,,
V005412,C00388,2025-04-21,email,P007,Calm Cream 07,true,false,false,71,,,
V005413,C00855,2025-09-17,organic_search,P007,Calm Cream 07,true,true,true,127,WELCOME5,T004864,
V005414,C00455,2025-04-20,direct,P001,Daily Lamp 01,true,false,false,69,,,
V005415,C00693,2025-01-14,organic_search,P002,Pure Band 02,true,false,false,202,,,
V005416,C00370,2025-01-19,social,P004,Essential Bag 04,true,true,false,39,WELCOME5,,
V005417,C00292,2025-01-13,direct,P024,Modern Serum 24,true,false,true,181,,T000234,
V005418,C00479,2025-03-11,paid_search,P007,Calm Cream 07,true,true,false,41,,,
V005419,C00999,2025-04-25,paid_search,P005,Bright Organizer 05,true,false,false,78,,,
V005420,C00023,2025-05-04,direct,P009,Daily Lamp 09,true,true,false,131,,,
V005421,C00482,2025-03-21,organic_search,P018,Pure Band 18,true,false,false,269,,,
V005422,C00353,2025-09-09,organic_search,P001,Daily Lamp 01,true,false,false,14,,,
V005423,C00125,2025-12-29,direct,P008,Modern Serum 08,true,false,false,321,,,
V005424,C00290,2025-05-25,social,P022,Active Mat 22,true,false,false,36,,,
V005425,C00193,2025-04-16,paid_search,P011,Urban Bottle 11,true,false,false,74,,,
V005426,C00422,2025-03-27,social,P021,Bright Organizer 21,true,false,false,94,,,
V005427,C00197,2025-06-19,organic_search,P012,Essential Bag 12,true,false,false,23,,,
V005428,C00852,2025-08-14,social,P025,Daily Lamp 25,true,false,false,108,WEEKEND15,,
V005429,C00327,2025-10-05,email,P005,Bright Organizer 05,true,true,false,53,,,
V005430,C00215,2025-05-11,social,P026,Pure Band 26,true,false,false,49,,,
V005431,C00206,2025-07-03,email,P006,Active Mat 06,true,false,false,126,,,
V005432,C00255,2025-06-13,direct,P010,Pure Band 10,true,false,false,88,,,
V005433,C00178,2025-08-19,direct,P019,Urban Bottle 19,false,false,false,136,,,
V005434,C00010,2025-01-17,direct,P002,Pure Band 02,true,false,false,71,,,
V005435,C00343,2025-11-10,organic_search,P027,Urban Bottle 27,true,false,false,16,,,
V005436,C00672,2025-02-18,social,P011,Urban Bottle 11,true,false,false,84,WELCOME5,,
V005437,C00138,2025-10-25,organic_search,P021,Bright Organizer 21,true,false,true,22,,T005523,
V005438,C00749,2025-11-01,paid_search,P009,Daily Lamp 09,true,true,false,57,,,
V005439,C00949,2025-09-10,organic_search,P020,Essential Bag 20,true,false,false,14,WELCOME5,,
V005440,C00111,2025-08-28,organic_search,P029,Bright Organizer 29,true,false,false,16,,,
V005441,C00790,2025-03-13,paid_search,P002,Pure Band 02,true,false,true,134,,T001344,
V005442,C00101,2025-11-15,direct,P004,Essential Bag 04,false,false,false,93,,,
V005443,C00746,2025-12-07,organic_search,P011,Urban Bottle 11,true,false,false,446,,,
V005444,C00439,2025-05-26,organic_search,P005,Bright Organizer 05,true,false,false,47,,,
V005445,C00777,2025-04-25,direct,P016,Modern Serum 16,true,true,false,20,LOYALTY10,,
V005446,C00906,2025-01-09,organic_search,P006,Active Mat 06,true,true,false,325,WEEKEND15,,
V005447,C00673,2025-01-08,organic_search,P010,Pure Band 10,true,false,false,68,,,
V005448,C00575,2025-10-14,direct,P019,Urban Bottle 19,true,true,false,60,,,
V005449,C00953,2025-08-07,direct,P001,Daily Lamp 01,true,false,true,49,,T004135,
V005450,C00066,2025-04-26,organic_search,P014,Active Mat 14,true,false,false,40,,,
V005451,C00351,2025-04-24,direct,P003,Urban Bottle 03,true,false,false,79,,,
V005452,C00512,2025-06-30,direct,P028,Essential Bag 28,true,false,false,50,,,
V005453,C00152,2025-10-19,social,P020,Essential Bag 20,true,false,false,32,,,
V005454,C00175,2025-03-07,paid_search,P030,Active Mat 30,true,false,false,38,,,
V005455,C00490,2025-04-03,paid_search,P018,Pure Band 18,true,false,false,32,LOYALTY10,,
V005456,C00486,2025-03-27,direct,P006,Active Mat 06,true,false,false,57,,,
V005457,C00403,2025-06-06,paid_search,P015,Calm Cream 15,true,true,false,96,,,
V005458,C00925,2025-01-10,organic_search,P010,Pure Band 10,true,false,false,40,,,
V005459,C00033,2025-06-03,organic_search,P010,Pure Band 10,true,false,false,28,,,
V005460,C00939,2025-05-17,social,P006,Active Mat 06,true,true,false,79,,,
V005461,C00617,2025-06-17,organic_search,P005,Bright Organizer 05,true,false,false,40,,,
V005462,C00376,2025-05-11,email,P021,Bright Organizer 21,true,false,false,49,,,
V005463,C00154,2025-09-13,organic_search,P001,Daily Lamp 01,true,false,false,88,,,
V005464,C00510,2025-03-14,social,P019,Urban Bottle 19,true,false,true,105,,T001365,
V005465,C00968,2025-07-06,email,P019,Urban Bottle 19,true,false,false,53,,,
V005466,C00752,2025-12-24,email,P028,Essential Bag 28,true,false,false,321,,,
V005467,C00544,2025-12-01,paid_search,P015,Calm Cream 15,true,true,false,42,WELCOME5,,
V005468,C00882,2025-08-20,organic_search,P017,Daily Lamp 17,true,false,false,139,,,
V005469,C00984,2025-09-29,organic_search,P021,Bright Organizer 21,true,false,false,47,,,
V005470,C00438,2025-02-03,email,P013,Bright Organizer 13,true,false,false,8,WEEKEND15,,
V005471,C00231,2025-04-18,social,P023,Calm Cream 23,true,false,false,43,,,
V005472,C00112,2025-06-09,social,P008,Modern Serum 08,true,false,false,25,,,
V005473,C00125,2025-10-06,organic_search,P024,Modern Serum 24,true,false,false,45,WELCOME5,,
V005474,C00497,2025-05-25,paid_search,P025,Daily Lamp 25,true,false,false,30,,,
V005475,C00693,2025-01-05,organic_search,P027,Urban Bottle 27,true,false,false,21,,,
V005476,C00904,2025-06-30,social,P002,Pure Band 02,true,false,false,89,WEEKEND15,,
V005477,C00135,2025-06-21,paid_search,P014,Active Mat 14,true,false,false,15,,,
V005478,C00015,2025-12-07,social,P021,Bright Organizer 21,true,false,false,57,,,
V005479,C00385,2025-11-24,social,P009,Daily Lamp 09,true,true,false,97,,,
V005480,C00027,2025-04-08,organic_search,P009,Daily Lamp 09,true,true,false,74,,,
V005481,C00321,2025-09-09,organic_search,P005,Bright Organizer 05,true,false,false,17,,,
V005482,C00437,2025-11-22,social,P028,Essential Bag 28,true,true,false,72,,,
V005483,C00690,2025-08-16,social,P012,Essential Bag 12,false,false,false,19,,,
V005484,C00201,2025-09-20,email,P025,Daily Lamp 25,true,false,false,21,,,
V005485,C00667,2025-06-21,email,P026,Pure Band 26,true,false,false,50,,,
V005486,C00080,2025-10-20,email,P023,Calm Cream 23,true,false,false,47,WELCOME5,,
V005487,C00754,2025-09-04,organic_search,P025,Daily Lamp 25,true,false,false,32,,,
V005488,C00764,2025-11-09,paid_search,P019,Urban Bottle 19,true,false,false,83,,,
V005489,C00006,2025-10-01,email,P029,Bright Organizer 29,true,true,true,177,,T005071,
V005490,C00413,2025-08-27,social,P011,Urban Bottle 11,true,false,false,90,,,
V005491,C00605,2025-11-23,paid_search,P029,Bright Organizer 29,true,false,false,41,,,
V005492,C00855,2025-07-31,organic_search,P002,Pure Band 02,true,false,false,36,WEEKEND15,,
V005493,C00463,2025-10-13,paid_search,P013,Bright Organizer 13,true,true,false,128,,,
V005494,C00661,2025-12-07,social,P006,Active Mat 06,true,false,false,217,WELCOME5,,
V005495,C00769,2025-10-26,social,P028,Essential Bag 28,true,false,false,33,,,
V005496,C00244,2025-04-30,social,P004,Essential Bag 04,false,false,false,288,,,
V005497,C00124,2025-09-25,direct,P007,Calm Cream 07,true,false,false,15,WEEKEND15,,
V005498,C00190,2025-09-29,paid_search,P016,Modern Serum 16,false,false,false,201,,,
V005499,C00064,2025-08-05,paid_search,P005,Bright Organizer 05,true,false,true,212,,T004073,
V005500,C00070,2025-07-26,organic_search,P013,Bright Organizer 13,true,false,false,58,LOYALTY10,,
V005501,C00952,2025-03-10,email,P013,Bright Organizer 13,true,false,false,19,,,
V005502,C00294,2025-11-04,paid_search,P001,Daily Lamp 01,true,false,false,32,,,
V005503,C00427,2025-12-02,organic_search,P016,Modern Serum 16,true,false,false,12,,,
V005504,C00943,2025-04-13,paid_search,P004,Essential Bag 04,true,true,true,194,WELCOME5,T001972,
V005505,C00920,2025-07-20,social,P014,Active Mat 14,true,false,false,204,WELCOME5,,
V005506,C00334,2025-03-26,organic_search,P011,Urban Bottle 11,true,false,false,76,,,
V005507,C00937,2025-04-03,organic_search,P014,Active Mat 14,true,false,false,55,,,
V005508,C00644,2025-10-07,email,P029,Bright Organizer 29,true,true,false,120,WELCOME5,,
V005509,C00217,2025-04-09,direct,P010,Pure Band 10,true,false,false,108,WEEKEND15,,
V005510,C00193,2025-06-18,referral,P003,Urban Bottle 03,true,false,false,17,WELCOME5,,
V005511,C00937,2025-03-01,direct,P020,Essential Bag 20,true,false,false,99,,,
V005512,C00662,2025-12-13,organic_search,P018,Pure Band 18,true,false,false,91,,,
V005513,C00200,2025-09-20,organic_search,P005,Bright Organizer 05,true,false,false,156,LOYALTY10,,
V005514,C00765,2025-10-18,paid_search,P026,Pure Band 26,true,false,false,23,,,
V005515,C00023,2025-03-30,social,P014,Active Mat 14,true,false,false,279,LOYALTY10,,
V005516,C00195,2025-04-24,paid_search,P030,Active Mat 30,true,false,false,78,,,
V005517,C00185,2025-01-02,organic_search,P018,Pure Band 18,true,false,true,124,,T000029,
V005518,C00631,2025-08-23,organic_search,P025,Daily Lamp 25,true,false,false,93,,,
V005519,C00818,2025-10-28,referral,P012,Essential Bag 12,false,false,false,20,WELCOME5,,
V005520,C00834,2025-03-27,direct,P010,Pure Band 10,true,true,false,52,,,
V005521,C00998,2025-05-01,paid_search,P013,Bright Organizer 13,true,true,false,117,,,
V005522,C00170,2025-12-15,email,P027,Urban Bottle 27,true,false,false,103,,,
V005523,C00539,2025-05-06,organic_search,P018,Pure Band 18,true,false,false,352,,,
V005524,C00154,2025-12-26,social,P028,Essential Bag 28,true,true,true,88,,T006499,
V005525,C00620,2025-06-20,direct,P016,Modern Serum 16,true,false,true,50,,T003242,
V005526,C00943,2025-01-02,direct,P026,Pure Band 26,true,false,false,108,,,
V005527,C00299,2025-02-04,paid_search,P025,Daily Lamp 25,true,false,false,112,,,
V005528,C00514,2025-01-28,social,P003,Urban Bottle 03,true,true,false,249,,,
V005529,C00646,2025-04-05,referral,P021,Bright Organizer 21,true,false,false,57,,,
V005530,C00843,2025-02-04,organic_search,P025,Daily Lamp 25,true,false,false,74,LOYALTY10,,
V005531,C00002,2025-08-05,social,P029,Bright Organizer 29,true,false,false,105,,,
V005532,C00702,2025-06-09,email,P007,Calm Cream 07,true,false,false,34,,,
V005533,C00419,2025-08-28,direct,P005,Bright Organizer 05,false,false,false,29,LOYALTY10,,
V005534,C00934,2025-02-03,paid_search,P009,Daily Lamp 09,true,false,false,18,WELCOME5,,
V005535,C00055,2025-04-03,organic_search,P024,Modern Serum 24,true,true,false,42,WELCOME5,,
V005536,C00299,2025-12-27,email,P008,Modern Serum 08,true,false,false,58,,,
V005537,C00250,2025-06-05,organic_search,P011,Urban Bottle 11,true,false,false,53,,,
V005538,C00875,2025-08-31,email,P023,Calm Cream 23,false,false,false,69,,,
V005539,C00831,2025-06-04,organic_search,P007,Calm Cream 07,true,true,false,56,,,
V005540,C00004,2025-12-16,direct,P013,Bright Organizer 13,true,false,false,18,WEEKEND15,,
V005541,C00082,2025-10-31,social,P003,Urban Bottle 03,true,false,false,97,,,
V005542,C00493,2025-07-29,direct,P030,Active Mat 30,true,false,false,45,WELCOME5,,
V005543,C00098,2025-06-09,email,P014,Active Mat 14,true,true,false,132,,,
V005544,C00616,2025-07-18,organic_search,P005,Bright Organizer 05,false,false,false,122,WEEKEND15,,
V005545,C00214,2025-10-09,organic_search,P006,Active Mat 06,true,false,false,8,,,
V005546,C00701,2025-04-22,email,P001,Daily Lamp 01,true,false,false,95,,,
V005547,C00480,2025-12-15,email,P024,Modern Serum 24,true,true,false,66,WELCOME5,,
V005548,C00126,2025-08-25,direct,P030,Active Mat 30,true,true,true,246,WELCOME5,T004473,
V005549,C00585,2025-05-09,direct,P006,Active Mat 06,true,false,false,82,,,
V005550,C00794,2025-11-28,social,P020,Essential Bag 20,true,false,false,151,,,
V005551,C00367,2025-09-19,referral,P019,Urban Bottle 19,false,false,false,154,WELCOME5,,
V005552,C00039,2025-04-30,social,P015,Calm Cream 15,true,false,false,126,,,
V005553,C00782,2025-02-04,email,P027,Urban Bottle 27,true,false,false,78,LOYALTY10,,
V005554,C00626,2025-02-22,organic_search,P018,Pure Band 18,true,true,false,50,,,
V005555,C00438,2025-06-06,paid_search,P014,Active Mat 14,true,false,false,24,,,
V005556,C00606,2025-12-05,social,P028,Essential Bag 28,true,false,false,88,,,
V005557,C00799,2025-03-21,social,P012,Essential Bag 12,true,true,false,26,,,
V005558,C00565,2025-06-22,organic_search,P002,Pure Band 02,true,false,false,106,,,
V005559,C00783,2025-11-27,social,P025,Daily Lamp 25,true,false,false,61,,,
V005560,C00222,2025-01-05,paid_search,P004,Essential Bag 04,true,false,false,16,,,
V005561,C00507,2025-05-26,organic_search,P002,Pure Band 02,true,false,false,23,,,
V005562,C00096,2025-08-16,referral,P013,Bright Organizer 13,true,false,false,9,LOYALTY10,,
V005563,C00131,2025-04-24,email,P007,Calm Cream 07,true,false,false,47,WEEKEND15,,
V005564,C00939,2025-06-29,email,P012,Essential Bag 12,true,false,false,101,WEEKEND15,,
V005565,C00362,2025-09-01,social,P004,Essential Bag 04,true,false,false,10,,,
V005566,C00871,2025-11-05,organic_search,P021,Bright Organizer 21,true,false,false,24,,,
V005567,C00541,2025-11-12,email,P015,Calm Cream 15,true,false,false,24,,,
V005568,C00200,2025-08-26,direct,P019,Urban Bottle 19,false,false,false,19,WELCOME5,,
V005569,C00319,2025-11-08,email,P025,Daily Lamp 25,true,true,false,298,,,
V005570,C00157,2025-11-21,social,P018,Pure Band 18,false,false,false,57,WEEKEND15,,
V005571,C00363,2025-07-01,social,P028,Essential Bag 28,true,false,false,18,,,
V005572,C00634,2025-12-15,referral,P006,Active Mat 06,false,false,false,8,,,
V005573,C00856,2025-12-18,organic_search,P011,Urban Bottle 11,true,true,false,145,,,
V005574,C00712,2025-08-12,paid_search,P025,Daily Lamp 25,true,false,false,96,,,
V005575,C00823,2025-07-15,paid_search,P026,Pure Band 26,true,false,false,17,,,
V005576,C00821,2025-11-04,paid_search,P027,Urban Bottle 27,true,false,false,34,,,
V005577,C00812,2025-09-16,paid_search,P002,Pure Band 02,true,false,false,39,WELCOME5,,
V005578,C00152,2025-03-29,direct,P022,Active Mat 22,true,true,false,62,,,
V005579,C00370,2025-09-10,referral,P025,Daily Lamp 25,true,false,false,71,,,
V005580,C00382,2025-01-02,organic_search,P020,Essential Bag 20,true,false,false,60,,,
V005581,C00762,2025-01-11,social,P001,Daily Lamp 01,true,false,false,76,,,
V005582,C00702,2025-04-17,paid_search,P030,Active Mat 30,true,false,false,26,,,
V005583,C00291,2025-01-25,email,P009,Daily Lamp 09,true,false,false,126,WEEKEND15,,
V005584,C00516,2025-11-25,direct,P018,Pure Band 18,false,false,false,53,,,
V005585,C00388,2025-08-02,direct,P018,Pure Band 18,true,true,false,220,,,
V005586,C00828,2025-09-29,email,P010,Pure Band 10,true,false,false,55,,,
V005587,C00255,2025-06-01,paid_search,P006,Active Mat 06,true,true,false,232,,,
V005588,C00288,2025-04-03,paid_search,P014,Active Mat 14,true,false,false,95,LOYALTY10,,
V005589,C00828,2025-06-09,direct,P005,Bright Organizer 05,true,false,false,99,,,
V005590,C00471,2025-11-17,email,P021,Bright Organizer 21,true,false,true,40,,T005913,
V005591,C00213,2025-09-10,email,P013,Bright Organizer 13,true,false,false,22,,,
V005592,C00692,2025-10-05,paid_search,P011,Urban Bottle 11,true,false,false,15,,,
V005593,C00157,2025-09-14,organic_search,P008,Modern Serum 08,true,false,false,32,LOYALTY10,,
V005594,C00188,2025-06-03,organic_search,P011,Urban Bottle 11,true,false,false,45,,,
V005595,C00874,2025-03-09,organic_search,P027,Urban Bottle 27,true,false,true,19,,T001266,
V005596,C00098,2025-11-05,email,P024,Modern Serum 24,true,false,false,80,,,
V005597,C00006,2025-04-04,social,P027,Urban Bottle 27,true,false,false,67,WEEKEND15,,
V005598,C00957,2025-02-28,organic_search,P024,Modern Serum 24,true,false,false,11,WEEKEND15,,
V005599,C00672,2025-09-05,organic_search,P017,Daily Lamp 17,true,false,false,54,,,
V005600,C00128,2025-04-22,email,P011,Urban Bottle 11,true,true,false,53,,,
V005601,C00713,2025-05-23,email,P025,Daily Lamp 25,true,false,false,6,LOYALTY10,,
V005602,C00197,2025-01-31,organic_search,P021,Bright Organizer 21,true,false,false,29,WELCOME5,,
V005603,C00360,2025-01-19,organic_search,P014,Active Mat 14,true,false,false,62,,,
V005604,C00633,2025-09-03,social,P012,Essential Bag 12,true,false,false,21,WELCOME5,,
V005605,C00325,2025-06-05,social,P010,Pure Band 10,true,false,false,17,LOYALTY10,,
V005606,C00549,2025-01-01,referral,P014,Active Mat 14,true,false,false,57,,,
V005607,C00822,2025-08-23,organic_search,P009,Daily Lamp 09,true,false,false,204,,,
V005608,C00461,2025-03-06,organic_search,P021,Bright Organizer 21,true,false,false,36,,,
V005609,C00507,2025-04-06,social,P015,Calm Cream 15,true,false,false,137,,,
V005610,C00649,2025-04-30,paid_search,P028,Essential Bag 28,true,false,false,14,,,
V005611,C00340,2025-05-08,direct,P006,Active Mat 06,true,false,false,51,WELCOME5,,
V005612,C00247,2025-11-12,social,P029,Bright Organizer 29,true,false,false,38,,,
V005613,C00885,2025-05-10,email,P015,Calm Cream 15,true,false,false,43,,,
V005614,C00799,2025-10-06,social,P011,Urban Bottle 11,true,false,false,37,LOYALTY10,,
V005615,C00645,2025-02-16,organic_search,P014,Active Mat 14,true,true,false,28,WELCOME5,,
V005616,C00295,2025-01-02,social,P015,Calm Cream 15,true,false,false,12,WEEKEND15,,
V005617,C00475,2025-06-01,email,P012,Essential Bag 12,true,false,false,41,,,
V005618,C00770,2025-01-28,paid_search,P024,Modern Serum 24,true,true,false,118,,,
V005619,C00627,2025-04-29,organic_search,P028,Essential Bag 28,true,false,false,95,,,
V005620,C00196,2025-12-11,email,P021,Bright Organizer 21,true,false,false,63,,,
V005621,C00189,2025-01-11,organic_search,P026,Pure Band 26,true,true,false,172,,,
V005622,C00144,2025-08-21,organic_search,P004,Essential Bag 04,false,false,false,35,,,
V005623,C00061,2025-06-28,paid_search,P015,Calm Cream 15,true,false,false,23,,,
V005624,C00177,2025-12-15,organic_search,P009,Daily Lamp 09,true,false,false,128,,,
V005625,C00232,2025-01-19,paid_search,P015,Calm Cream 15,true,true,false,167,,,
V005626,C00934,2025-10-27,email,P022,Active Mat 22,true,false,false,27,,,
V005627,C00761,2025-09-25,paid_search,P010,Pure Band 10,true,true,false,81,,,
V005628,C00643,2025-05-22,email,P029,Bright Organizer 29,true,false,false,153,,,
V005629,C00480,2025-01-18,referral,P018,Pure Band 18,true,true,false,111,,,
V005630,C00403,2025-09-07,paid_search,P004,Essential Bag 04,true,false,false,34,LOYALTY10,,
V005631,C00915,2025-04-10,social,P023,Calm Cream 23,true,false,false,12,,,
V005632,C00419,2025-06-20,email,P005,Bright Organizer 05,true,false,false,109,,,
V005633,C00806,2025-12-28,organic_search,P008,Modern Serum 08,true,false,false,16,,,
V005634,C00484,2025-03-28,email,P024,Modern Serum 24,true,false,true,65,LOYALTY10,T001657,
V005635,C00529,2025-08-27,paid_search,P013,Bright Organizer 13,true,false,false,111,,,
V005636,C00245,2025-12-23,direct,P017,Daily Lamp 17,true,false,false,66,,,
V005637,C00399,2025-07-23,direct,P011,Urban Bottle 11,true,false,false,71,,,
V005638,C00957,2025-04-05,direct,P023,Calm Cream 23,true,false,false,58,,,
V005639,C00293,2025-09-23,organic_search,P009,Daily Lamp 09,true,true,false,77,WEEKEND15,,
V005640,C00362,2025-10-24,email,P017,Daily Lamp 17,true,false,false,40,,,
V005641,C00783,2025-05-10,organic_search,P025,Daily Lamp 25,true,true,false,64,,,
V005642,C00144,2025-12-15,paid_search,P018,Pure Band 18,true,false,false,35,,,
V005643,C00552,2025-08-18,paid_search,P006,Active Mat 06,true,true,false,143,LOYALTY10,,
V005644,C00937,2025-12-26,direct,P013,Bright Organizer 13,true,false,false,51,,,
V005645,C00648,2025-06-05,direct,P020,Essential Bag 20,true,false,true,96,,T002958,
V005646,C00288,2025-03-27,email,P011,Urban Bottle 11,true,true,false,89,,,
V005647,C00428,2025-06-25,email,P030,Active Mat 30,true,false,false,80,,,
V005648,C00627,2025-12-15,organic_search,P024,Modern Serum 24,true,false,false,95,,,
V005649,C00191,2025-04-08,email,P003,Urban Bottle 03,true,false,false,29,,,
V005650,C00898,2025-05-03,organic_search,P021,Bright Organizer 21,true,true,false,44,,,
V005651,C00306,2025-11-24,social,P029,Bright Organizer 29,true,false,true,16,WELCOME5,T005998,
V005652,C00870,2025-11-14,direct,P015,Calm Cream 15,true,false,false,77,,,
V005653,C00382,2025-02-09,social,P015,Calm Cream 15,true,false,false,95,LOYALTY10,,
V005654,C00491,2025-04-17,email,P020,Essential Bag 20,true,false,false,27,WEEKEND15,,
V005655,C00089,2025-09-29,organic_search,P024,Modern Serum 24,false,false,false,401,LOYALTY10,,
V005656,C00679,2025-11-02,referral,P025,Daily Lamp 25,true,false,false,61,WELCOME5,,
V005657,C00550,2025-11-04,direct,P030,Active Mat 30,true,false,false,31,,,
V005658,C00388,2025-04-10,referral,P006,Active Mat 06,true,false,false,81,,,
V005659,C00140,2025-01-25,social,P015,Calm Cream 15,true,true,false,93,,,
V005660,C00276,2025-08-10,social,P029,Bright Organizer 29,true,false,false,16,WEEKEND15,,
V005661,C00812,2025-03-18,organic_search,P017,Daily Lamp 17,true,false,false,41,WEEKEND15,,
V005662,C00108,2025-06-07,social,P003,Urban Bottle 03,true,false,false,45,,,
V005663,C00731,2025-06-07,direct,P002,Pure Band 02,true,false,false,45,,,
V005664,C00355,2025-06-28,organic_search,P025,Daily Lamp 25,true,false,false,30,,,
V005665,C00802,2025-11-21,email,P024,Modern Serum 24,true,false,false,37,,,
V005666,C00297,2025-07-30,paid_search,P008,Modern Serum 08,true,false,false,10,,,
V005667,C00184,2025-01-24,direct,P009,Daily Lamp 09,true,false,false,49,LOYALTY10,,
V005668,C00831,2025-10-24,paid_search,P011,Urban Bottle 11,false,false,false,45,,,
V005669,C00723,2025-10-14,direct,P017,Daily Lamp 17,true,true,true,96,,T005319,
V005670,C00196,2025-11-21,email,P003,Urban Bottle 03,true,false,false,62,,,
V005671,C00388,2025-07-30,referral,P018,Pure Band 18,true,false,false,61,,,
V005672,C00239,2025-08-07,organic_search,P023,Calm Cream 23,true,false,false,61,,,
V005673,C00104,2025-11-10,organic_search,P009,Daily Lamp 09,true,false,false,54,,,
V005674,C00390,2025-11-16,email,P009,Daily Lamp 09,true,false,false,53,,,
V005675,C00519,2025-08-22,organic_search,P014,Active Mat 14,false,false,false,27,,,
V005676,C00470,2025-10-20,paid_search,P005,Bright Organizer 05,true,false,false,18,,,
V005677,C00016,2025-09-27,paid_search,P014,Active Mat 14,false,false,false,110,,,
V005678,C00606,2025-03-14,direct,P023,Calm Cream 23,true,false,false,48,,,
V005679,C00952,2025-01-07,referral,P013,Bright Organizer 13,true,false,false,7,,,
V005680,C00920,2025-01-13,referral,P020,Essential Bag 20,true,false,false,47,LOYALTY10,,
V005681,C00156,2025-07-22,email,P020,Essential Bag 20,true,false,false,76,LOYALTY10,,
V005682,C00645,2025-12-29,email,P022,Active Mat 22,true,false,false,42,,,
V005683,C00763,2025-12-04,paid_search,P009,Daily Lamp 09,true,true,false,75,,,
V005684,C00881,2025-11-08,paid_search,P007,Calm Cream 07,true,false,false,36,,,
V005685,C00645,2025-06-20,email,P028,Essential Bag 28,true,false,false,40,,,
V005686,C00079,2025-09-19,paid_search,P012,Essential Bag 12,true,false,false,75,,,
V005687,C00682,2025-12-05,social,P014,Active Mat 14,true,false,false,47,,,
V005688,C00426,2025-08-11,organic_search,P027,Urban Bottle 27,true,false,false,29,,,
V005689,C00393,2025-09-16,direct,P026,Pure Band 26,true,false,false,167,,,
V005690,C00128,2025-03-04,organic_search,P013,Bright Organizer 13,true,true,false,328,,,
V005691,C00816,2025-06-04,paid_search,P023,Calm Cream 23,true,false,false,79,,,
V005692,C00948,2025-02-05,email,P023,Calm Cream 23,true,false,false,40,,,
V005693,C00968,2025-10-25,direct,P013,Bright Organizer 13,true,false,false,204,,,
V005694,C00010,2025-12-05,email,P015,Calm Cream 15,true,false,false,25,,,
V005695,C00568,2025-02-23,organic_search,P023,Calm Cream 23,true,false,false,56,WEEKEND15,,
V005696,C00981,2025-03-27,paid_search,P005,Bright Organizer 05,true,false,false,44,,,
V005697,C00248,2025-03-16,social,P006,Active Mat 06,true,false,false,34,,,
V005698,C00256,2025-01-22,email,P019,Urban Bottle 19,true,false,false,62,,,
V005699,C00623,2025-10-19,paid_search,P013,Bright Organizer 13,true,false,false,57,,,
V005700,C00915,2025-12-20,social,P029,Bright Organizer 29,true,false,false,360,,,
V005701,C00983,2025-08-31,email,P028,Essential Bag 28,true,false,false,47,,,
V005702,C00586,2025-06-08,organic_search,P009,Daily Lamp 09,true,false,false,141,LOYALTY10,,
V005703,C00460,2025-09-20,organic_search,P021,Bright Organizer 21,true,false,false,36,,,
V005704,C00917,2025-11-27,direct,P004,Essential Bag 04,false,false,false,27,,,
V005705,C00917,2025-04-29,email,P015,Calm Cream 15,true,true,false,23,,,
V005706,C00647,2025-12-27,referral,P017,Daily Lamp 17,true,false,false,17,,,
V005707,C00178,2025-12-16,organic_search,P027,Urban Bottle 27,true,false,false,36,,,
V005708,C00695,2025-10-12,direct,P015,Calm Cream 15,true,false,false,29,WEEKEND15,,
V005709,C00725,2025-03-19,social,P019,Urban Bottle 19,true,false,false,196,,,
V005710,C00251,2025-08-21,referral,P020,Essential Bag 20,true,false,false,34,,,
V005711,C00750,2025-11-25,organic_search,P003,Urban Bottle 03,true,true,false,391,,,
V005712,C00764,2025-04-15,organic_search,P026,Pure Band 26,true,false,false,39,,,
V005713,C00752,2025-05-22,social,P030,Active Mat 30,true,false,false,33,,,
V005714,C00782,2025-11-11,paid_search,P021,Bright Organizer 21,true,false,false,72,,,
V005715,C00316,2025-06-30,organic_search,P008,Modern Serum 08,true,false,false,43,,,
V005716,C00693,2025-04-09,organic_search,P021,Bright Organizer 21,true,false,false,94,WEEKEND15,,
V005717,C00109,2025-06-25,social,P007,Calm Cream 07,true,true,false,33,LOYALTY10,,
V005718,C00465,2025-09-13,social,P004,Essential Bag 04,true,true,false,54,,,
V005719,C00483,2025-10-16,referral,P026,Pure Band 26,true,false,false,10,,,
V005720,C00321,2025-03-16,paid_search,P003,Urban Bottle 03,true,true,false,48,,,
V005721,C00273,2025-01-27,direct,P023,Calm Cream 23,true,false,false,61,WELCOME5,,
V005722,C00193,2025-06-28,direct,P014,Active Mat 14,true,false,false,61,,,
V005723,C00176,2025-05-13,direct,P012,Essential Bag 12,true,true,false,63,,,
V005724,C00601,2025-05-01,paid_search,P006,Active Mat 06,true,false,false,96,LOYALTY10,,
V005725,C00879,2025-07-09,direct,P029,Bright Organizer 29,true,false,false,15,,,
V005726,C00029,2025-06-23,email,P008,Modern Serum 08,true,true,false,194,,,
V005727,C00690,2025-11-26,paid_search,P012,Essential Bag 12,true,false,false,85,,,
V005728,C00734,2025-11-11,direct,P022,Active Mat 22,true,false,false,40,,,
V005729,C00458,2025-07-01,organic_search,P015,Calm Cream 15,true,false,false,113,,,
V005730,C00320,2025-12-27,direct,P027,Urban Bottle 27,true,false,false,35,WELCOME5,,
V005731,C00251,2025-12-04,paid_search,P014,Active Mat 14,true,false,false,86,,,
V005732,C00364,2025-08-23,social,P029,Bright Organizer 29,true,false,false,94,,,
V005733,C00913,2025-03-21,organic_search,P002,Pure Band 02,true,false,false,53,,,
V005734,C00622,2025-11-16,direct,P028,Essential Bag 28,true,true,false,34,,,
V005735,C00056,2025-08-22,social,P012,Essential Bag 12,false,false,false,138,WELCOME5,,
V005736,C00748,2025-08-23,email,P021,Bright Organizer 21,true,true,false,443,,,
V005737,C00995,2025-01-01,social,P020,Essential Bag 20,true,false,false,33,,,
V005738,C00893,2025-12-23,email,P012,Essential Bag 12,false,false,false,146,,,
V005739,C00746,2025-05-17,organic_search,P020,Essential Bag 20,true,false,false,77,,,
V005740,C00360,2025-07-06,organic_search,P028,Essential Bag 28,true,false,false,90,,,
V005741,C00991,2025-03-06,paid_search,P027,Urban Bottle 27,true,false,false,32,WELCOME5,,
V005742,C00870,2025-08-01,paid_search,P027,Urban Bottle 27,true,false,true,12,,T004003,
V005743,C00058,2025-06-14,social,P001,Daily Lamp 01,true,false,true,46,,T003129,
V005744,C00238,2025-03-09,paid_search,P027,Urban Bottle 27,true,false,false,13,,,
V005745,C00885,2025-07-17,direct,P005,Bright Organizer 05,true,false,true,162,,T003759,
V005746,C00390,2025-05-05,email,P007,Calm Cream 07,true,false,false,40,LOYALTY10,,
V005747,C00289,2025-12-23,paid_search,P025,Daily Lamp 25,true,true,false,62,,,
V005748,C00613,2025-08-20,email,P014,Active Mat 14,true,false,false,33,,,
V005749,C00603,2025-06-27,paid_search,P028,Essential Bag 28,true,false,false,34,WEEKEND15,,
V005750,C00804,2025-10-05,paid_search,P010,Pure Band 10,true,true,false,60,,,
V005751,C00318,2025-06-27,direct,P028,Essential Bag 28,true,false,true,72,,T003392,
V005752,C00133,2025-12-08,direct,P018,Pure Band 18,true,true,true,80,WEEKEND15,T006227,
V005753,C00817,2025-06-29,organic_search,P024,Modern Serum 24,true,false,false,97,,,
V005754,C00331,2025-07-13,social,P006,Active Mat 06,true,false,false,161,,,
V005755,C00251,2025-07-23,direct,P004,Essential Bag 04,true,false,false,198,,,
V005756,C00960,2025-12-01,organic_search,P022,Active Mat 22,true,false,false,9,,,
V005757,C00067,2025-08-13,social,P012,Essential Bag 12,true,false,false,5,,,
V005758,C00719,2025-08-05,direct,P016,Modern Serum 16,true,false,false,107,WELCOME5,,
V005759,C00908,2025-05-29,referral,P029,Bright Organizer 29,true,false,false,80,,,
V005760,C00928,2025-06-30,email,P009,Daily Lamp 09,true,false,false,15,,,
V005761,C00997,2025-07-24,paid_search,P018,Pure Band 18,true,false,false,51,,,
V005762,C00889,2025-09-24,email,P014,Active Mat 14,false,false,false,66,,,
V005763,C00926,2025-08-15,paid_search,P016,Modern Serum 16,true,true,true,104,,T004290,
V005764,C00954,2025-07-14,email,P019,Urban Bottle 19,true,false,false,27,,,
V005765,C00612,2025-12-06,social,P017,Daily Lamp 17,true,false,false,42,WELCOME5,,
V005766,C00787,2025-01-05,email,P003,Urban Bottle 03,true,false,false,7,LOYALTY10,,
V005767,C00573,2025-03-19,direct,P006,Active Mat 06,true,false,false,61,,,
V005768,C00948,2025-02-06,organic_search,P009,Daily Lamp 09,true,false,false,52,,,
V005769,C00169,2025-07-21,social,P010,Pure Band 10,true,false,false,29,,,
V005770,C00989,2025-02-12,paid_search,P022,Active Mat 22,true,false,false,52,,,
V005771,C00403,2025-11-13,social,P020,Essential Bag 20,true,false,false,241,,,
V005772,C00871,2025-05-01,paid_search,P009,Daily Lamp 09,true,true,false,218,,,
V005773,C00234,2025-03-12,email,P020,Essential Bag 20,true,false,false,135,,,
V005774,C00293,2025-06-13,paid_search,P028,Essential Bag 28,true,true,true,219,,T003113,
V005775,C00080,2025-02-20,organic_search,P029,Bright Organizer 29,true,false,false,104,,,
V005776,C00679,2025-02-04,direct,P020,Essential Bag 20,true,false,false,301,LOYALTY10,,
V005777,C00334,2025-02-10,direct,P008,Modern Serum 08,true,false,false,21,,,
V005778,C00800,2025-04-12,social,P017,Daily Lamp 17,true,false,false,60,,,
V005779,C00095,2025-08-21,direct,P027,Urban Bottle 27,true,false,false,34,,,
V005780,C00341,2025-05-29,social,P016,Modern Serum 16,true,false,false,28,,,
V005781,C00863,2025-10-21,social,P006,Active Mat 06,false,false,false,44,WEEKEND15,,
V005782,C00697,2025-04-21,referral,P017,Daily Lamp 17,true,false,false,62,,,
V005783,C00126,2025-09-07,organic_search,P022,Active Mat 22,true,false,false,129,,,
V005784,C00768,2025-05-06,paid_search,P024,Modern Serum 24,true,true,false,75,LOYALTY10,,
V005785,C00345,2025-09-06,organic_search,P028,Essential Bag 28,true,false,false,27,LOYALTY10,,
V005786,C00625,2025-11-02,organic_search,P014,Active Mat 14,true,false,false,76,LOYALTY10,,
V005787,C00510,2025-07-29,organic_search,P015,Calm Cream 15,true,false,false,11,,,
V005788,C00944,2025-08-30,email,P016,Modern Serum 16,false,false,false,56,LOYALTY10,,
V005789,C00530,2025-08-07,referral,P027,Urban Bottle 27,true,false,false,59,,,
V005790,C00112,2025-12-13,paid_search,P012,Essential Bag 12,true,false,false,26,WEEKEND15,,
V005791,C00434,2025-03-18,social,P008,Modern Serum 08,true,false,false,114,,,
V005792,C00141,2025-04-19,social,P022,Active Mat 22,true,false,false,17,,,
V005793,C00526,2025-01-05,paid_search,P012,Essential Bag 12,true,true,false,61,,,
V005794,C00858,2025-10-16,paid_search,P029,Bright Organizer 29,true,false,false,79,,,
V005795,C00124,2025-07-11,social,P004,Essential Bag 04,true,false,false,35,,,
V005796,C00376,2025-07-19,direct,P009,Daily Lamp 09,true,false,false,14,,,
V005797,C00027,2025-11-28,social,P023,Calm Cream 23,true,false,false,78,WELCOME5,,
V005798,C00376,2025-10-28,direct,P016,Modern Serum 16,false,false,false,63,,,
V005799,C00489,2025-11-26,organic_search,P001,Daily Lamp 01,true,false,false,80,,,
V005800,C00766,2025-12-30,organic_search,P019,Urban Bottle 19,false,false,false,43,,,
V005801,C00842,2025-04-20,organic_search,P003,Urban Bottle 03,true,true,false,77,,,
V005802,C00254,2025-01-14,social,P020,Essential Bag 20,true,false,false,58,,,
V005803,C00599,2025-02-28,paid_search,P007,Calm Cream 07,true,true,false,13,,,
V005804,C00054,2025-04-29,organic_search,P005,Bright Organizer 05,true,false,false,45,,,
V005805,C00920,2025-10-17,direct,P016,Modern Serum 16,false,false,false,187,,,
V005806,C00715,2025-08-22,direct,P001,Daily Lamp 01,false,false,false,43,,,
V005807,C00938,2025-10-08,organic_search,P030,Active Mat 30,true,false,false,15,,,
V005808,C00017,2025-05-12,direct,P005,Bright Organizer 05,true,false,false,138,,,
V005809,C00924,2025-05-07,organic_search,P005,Bright Organizer 05,true,false,false,112,,,
V005810,C00419,2025-03-04,organic_search,P027,Urban Bottle 27,true,false,false,36,,,
V005811,C00641,2025-06-02,organic_search,P016,Modern Serum 16,true,false,true,53,,T002915,
V005812,C00378,2025-03-23,direct,P024,Modern Serum 24,true,false,false,69,,,
V005813,C00069,2025-04-17,social,P007,Calm Cream 07,true,false,false,92,,,
V005814,C00219,2025-06-18,email,P026,Pure Band 26,true,false,false,209,,,
V005815,C00592,2025-12-17,email,P005,Bright Organizer 05,true,true,true,58,,T006383,
V005816,C00569,2025-09-02,organic_search,P029,Bright Organizer 29,true,true,true,106,,T004591,
V005817,C00913,2025-09-11,social,P025,Daily Lamp 25,true,false,false,96,,,
V005818,C00328,2025-11-16,direct,P003,Urban Bottle 03,true,false,false,78,,,
V005819,C00072,2025-06-21,social,P003,Urban Bottle 03,true,true,false,295,,,
V005820,C00711,2025-08-26,organic_search,P003,Urban Bottle 03,true,false,false,113,,,
V005821,C00402,2025-05-14,paid_search,P019,Urban Bottle 19,true,true,true,168,,T002545,
V005822,C00258,2025-08-05,email,P018,Pure Band 18,true,false,false,25,WELCOME5,,
V005823,C00221,2025-02-25,organic_search,P022,Active Mat 22,true,false,false,60,,,
V005824,C00009,2025-11-02,email,P005,Bright Organizer 05,true,true,true,299,WEEKEND15,T005616,
V005825,C00828,2025-06-01,social,P025,Daily Lamp 25,true,false,false,81,,,
V005826,C00105,2025-03-21,email,P002,Pure Band 02,true,true,false,98,,,
V005827,C00375,2025-08-24,organic_search,P012,Essential Bag 12,false,false,false,341,,,
V005828,C00534,2025-03-12,email,P005,Bright Organizer 05,true,false,false,73,,,
V005829,C00722,2025-03-06,direct,P011,Urban Bottle 11,true,false,false,82,,,
V005830,C00837,2025-04-05,direct,P022,Active Mat 22,true,false,false,24,,,
V005831,C00438,2025-04-05,organic_search,P019,Urban Bottle 19,true,false,false,50,,,
V005832,C00463,2025-06-29,social,P023,Calm Cream 23,false,false,false,171,,,
V005833,C00705,2025-10-22,social,P016,Modern Serum 16,false,false,false,64,,,
V005834,C00291,2025-05-23,paid_search,P015,Calm Cream 15,true,false,false,102,,,
V005835,C00877,2025-01-07,organic_search,P006,Active Mat 06,true,false,true,31,,T000112,
V005836,C00985,2025-06-10,organic_search,P016,Modern Serum 16,true,true,true,282,,T003061,
V005837,C00282,2025-06-25,paid_search,P024,Modern Serum 24,true,false,false,292,LOYALTY10,,
V005838,C00512,2025-10-18,organic_search,P011,Urban Bottle 11,true,false,false,25,,,
V005839,C00273,2025-08-11,referral,P030,Active Mat 30,true,false,false,73,WELCOME5,,
V005840,C00110,2025-04-08,email,P002,Pure Band 02,true,false,false,188,,,
V005841,C00829,2025-06-27,social,P022,Active Mat 22,true,false,false,18,WEEKEND15,,
V005842,C00247,2025-08-25,paid_search,P011,Urban Bottle 11,true,false,false,47,LOYALTY10,,
V005843,C00957,2025-04-11,email,P017,Daily Lamp 17,true,true,false,25,,,
V005844,C00234,2025-03-24,social,P009,Daily Lamp 09,true,true,true,233,,T001587,
V005845,C00139,2025-11-27,organic_search,P014,Active Mat 14,false,false,false,200,,,
V005846,C00596,2025-04-29,email,P006,Active Mat 06,false,false,false,628,,,
V005847,C00748,2025-02-18,paid_search,P025,Daily Lamp 25,true,false,false,27,WELCOME5,,
V005848,C00792,2025-05-06,paid_search,P026,Pure Band 26,true,false,false,52,,,
V005849,C00135,2025-02-28,organic_search,P017,Daily Lamp 17,true,false,false,56,,,
V005850,C00215,2025-03-31,social,P021,Bright Organizer 21,true,false,false,20,WEEKEND15,,
V005851,C00793,2025-11-06,paid_search,P026,Pure Band 26,true,false,false,99,WEEKEND15,,
V005852,C00229,2025-03-04,organic_search,P029,Bright Organizer 29,true,false,false,55,,,
V005853,C00006,2025-07-10,direct,P009,Daily Lamp 09,true,false,false,67,LOYALTY10,,
V005854,C00169,2025-08-20,social,P004,Essential Bag 04,false,false,false,176,,,
V005855,C00525,2025-01-04,organic_search,P008,Modern Serum 08,true,false,false,56,,,
V005856,C00003,2025-11-27,paid_search,P024,Modern Serum 24,false,false,false,204,,,
V005857,C00675,2025-01-24,direct,P008,Modern Serum 08,true,false,false,466,,,
V005858,C00475,2025-07-25,organic_search,P028,Essential Bag 28,true,false,false,40,,,
V005859,C00156,2025-05-30,direct,P021,Bright Organizer 21,true,true,false,90,,,
V005860,C00752,2025-04-21,paid_search,P022,Active Mat 22,true,false,false,69,,,
V005861,C00651,2025-11-21,organic_search,P020,Essential Bag 20,true,true,false,156,,,
V005862,C00266,2025-02-04,social,P004,Essential Bag 04,true,false,false,69,,,
V005863,C00211,2025-12-06,paid_search,P029,Bright Organizer 29,true,false,false,172,,,
V005864,C00706,2025-10-04,paid_search,P026,Pure Band 26,true,false,true,35,,T005128,
V005865,C00574,2025-12-17,social,P016,Modern Serum 16,false,false,false,61,,,
V005866,C00965,2025-04-21,organic_search,P008,Modern Serum 08,true,false,false,50,,,
V005867,C00597,2025-03-16,social,P002,Pure Band 02,true,false,false,38,,,
V005868,C00399,2025-09-08,organic_search,P026,Pure Band 26,true,false,false,16,,,
V005869,C00994,2025-01-27,direct,P017,Daily Lamp 17,true,false,false,24,WEEKEND15,,
V005870,C00050,2025-04-06,social,P012,Essential Bag 12,true,false,false,68,,,
V005871,C00976,2025-04-16,direct,P026,Pure Band 26,true,false,false,47,,,
V005872,C00555,2025-09-27,direct,P019,Urban Bottle 19,false,false,false,47,LOYALTY10,,
V005873,C00861,2025-03-27,organic_search,P028,Essential Bag 28,true,false,false,44,,,
V005874,C00398,2025-05-09,organic_search,P014,Active Mat 14,true,false,true,357,,T002454,
V005875,C00816,2025-01-21,paid_search,P003,Urban Bottle 03,true,false,false,17,,,
V005876,C00010,2025-06-20,email,P026,Pure Band 26,true,false,false,192,,,
V005877,C00582,2025-12-04,social,P028,Essential Bag 28,true,false,false,36,,,
V005878,C00808,2025-02-09,direct,P011,Urban Bottle 11,true,false,false,258,,,
V005879,C00688,2025-08-27,paid_search,P023,Calm Cream 23,false,false,false,178,,,
V005880,C00304,2025-05-19,paid_search,P019,Urban Bottle 19,true,false,true,261,WEEKEND15,T002664,
V005881,C00655,2025-10-12,social,P013,Bright Organizer 13,true,false,false,92,,,
V005882,C00855,2025-12-13,organic_search,P010,Pure Band 10,true,false,false,33,WEEKEND15,,
V005883,C00254,2025-11-09,direct,P004,Essential Bag 04,true,false,false,24,WEEKEND15,,
V005884,C00782,2025-12-27,email,P017,Daily Lamp 17,true,false,false,70,,,
V005885,C00827,2025-02-13,referral,P018,Pure Band 18,true,true,false,63,LOYALTY10,,
V005886,C00067,2025-08-16,organic_search,P014,Active Mat 14,true,false,false,50,,,
V005887,C00433,2025-07-28,organic_search,P012,Essential Bag 12,false,false,false,34,,,
V005888,C00091,2025-06-12,organic_search,P024,Modern Serum 24,true,false,true,236,LOYALTY10,T003092,
V005889,C00283,2025-06-04,paid_search,P024,Modern Serum 24,true,true,false,235,WELCOME5,,
V005890,C00908,2025-05-20,direct,P028,Essential Bag 28,true,true,true,258,WEEKEND15,T002675,
V005891,C00444,2025-12-08,referral,P029,Bright Organizer 29,true,false,false,25,,,
V005892,C00350,2025-01-21,paid_search,P025,Daily Lamp 25,true,false,false,13,LOYALTY10,,
V005893,C00144,2025-01-22,organic_search,P005,Bright Organizer 05,true,false,false,52,,,
V005894,C00212,2025-03-11,direct,P004,Essential Bag 04,true,false,false,22,,,
V005895,C00756,2025-02-19,social,P012,Essential Bag 12,true,false,true,101,,T000932,
V005896,C00116,2025-01-09,social,P001,Daily Lamp 01,true,false,false,148,,,
V005897,C00955,2025-02-11,paid_search,P001,Daily Lamp 01,true,false,false,35,WEEKEND15,,
V005898,C00767,2025-03-24,organic_search,P025,Daily Lamp 25,true,false,false,11,,,
V005899,C00702,2025-04-07,social,P023,Calm Cream 23,true,false,false,59,,,
V005900,C00188,2025-10-05,paid_search,P003,Urban Bottle 03,true,false,false,91,,,
V005901,C00778,2025-03-10,email,P020,Essential Bag 20,true,false,false,22,,,
V005902,C00154,2025-05-15,email,P015,Calm Cream 15,true,false,false,37,,,
V005903,C00823,2025-05-26,direct,P014,Active Mat 14,true,false,false,25,,,
V005904,C00847,2025-10-27,organic_search,P010,Pure Band 10,true,false,false,82,,,
V005905,C00828,2025-04-10,organic_search,P023,Calm Cream 23,true,false,false,25,,,
V005906,C00652,2025-12-21,paid_search,P006,Active Mat 06,false,false,false,42,,,
V005907,C00362,2025-08-29,social,P005,Bright Organizer 05,false,false,false,50,LOYALTY10,,
V005908,C00061,2025-04-17,email,P012,Essential Bag 12,true,false,false,100,WEEKEND15,,
V005909,C00009,2025-05-21,organic_search,P001,Daily Lamp 01,false,false,false,99,,,
V005910,C00409,2025-10-10,email,P007,Calm Cream 07,true,false,false,37,,,
V005911,C00917,2025-10-04,social,P022,Active Mat 22,true,false,true,16,,T005150,
V005912,C00638,2025-05-04,email,P022,Active Mat 22,true,false,false,9,,,
V005913,C00632,2025-07-07,social,P015,Calm Cream 15,true,false,false,231,WEEKEND15,,
V005914,C00995,2025-07-10,organic_search,P005,Bright Organizer 05,true,false,false,17,WELCOME5,,
V005915,C00142,2025-11-27,social,P016,Modern Serum 16,false,false,false,29,LOYALTY10,,
V005916,C00597,2025-05-14,email,P002,Pure Band 02,true,false,false,44,,,
V005917,C00786,2025-06-10,paid_search,P004,Essential Bag 04,true,false,false,28,,,
V005918,C00453,2025-11-02,paid_search,P013,Bright Organizer 13,true,false,false,44,,,
V005919,C00137,2025-08-05,social,P015,Calm Cream 15,true,false,false,166,WEEKEND15,,
V005920,C00525,2025-12-04,direct,P007,Calm Cream 07,true,false,false,7,,,
V005921,C00233,2025-02-21,organic_search,P019,Urban Bottle 19,true,true,false,99,,,
V005922,C00112,2025-04-04,paid_search,P010,Pure Band 10,true,false,false,30,WEEKEND15,,
V005923,C00618,2025-04-01,organic_search,P004,Essential Bag 04,true,false,false,9,,,
V005924,C00107,2025-12-23,paid_search,P022,Active Mat 22,true,false,false,24,,,
V005925,C00744,2025-09-02,social,P026,Pure Band 26,true,false,false,90,,,
V005926,C00437,2025-02-23,paid_search,P025,Daily Lamp 25,true,false,false,47,,,
V005927,C00428,2025-09-09,organic_search,P004,Essential Bag 04,true,false,true,219,LOYALTY10,T004707,
V005928,C00327,2025-11-01,paid_search,P018,Pure Band 18,true,true,false,23,,,
V005929,C00440,2025-04-17,paid_search,P003,Urban Bottle 03,true,true,false,91,,,
V005930,C00391,2025-02-21,social,P003,Urban Bottle 03,true,false,false,44,,,
V005931,C00587,2025-07-08,direct,P001,Daily Lamp 01,true,false,false,46,,,
V005932,C00625,2025-03-09,email,P010,Pure Band 10,true,false,false,57,WEEKEND15,,
V005933,C00737,2025-10-20,direct,P011,Urban Bottle 11,true,false,false,62,LOYALTY10,,
V005934,C00295,2025-02-18,organic_search,P020,Essential Bag 20,true,false,true,79,,T000906,
V005935,C00126,2025-03-17,organic_search,P020,Essential Bag 20,true,true,false,45,WEEKEND15,,
V005936,C00642,2025-05-07,direct,P021,Bright Organizer 21,true,false,false,97,,,
V005937,C00941,2025-09-29,organic_search,P008,Modern Serum 08,true,false,false,58,,,
V005938,C00131,2025-08-05,organic_search,P022,Active Mat 22,true,false,false,30,,,
V005939,C00316,2025-10-26,organic_search,P014,Active Mat 14,false,false,false,110,WELCOME5,,
V005940,C00526,2025-12-22,referral,P014,Active Mat 14,false,false,false,47,,,
V005941,C00827,2025-03-04,organic_search,P003,Urban Bottle 03,true,false,false,48,,,
V005942,C00947,2025-10-26,organic_search,P005,Bright Organizer 05,true,false,false,17,,,
V005943,C00062,2025-05-17,social,P019,Urban Bottle 19,true,false,false,222,,,
V005944,C00691,2025-05-15,direct,P029,Bright Organizer 29,true,false,false,49,,,
V005945,C00723,2025-08-26,organic_search,P016,Modern Serum 16,false,false,false,7,WEEKEND15,,
V005946,C00722,2025-08-07,email,P004,Essential Bag 04,true,false,false,44,,,
V005947,C00619,2025-07-13,social,P005,Bright Organizer 05,true,false,false,60,,,
V005948,C00369,2025-02-27,organic_search,P010,Pure Band 10,true,false,false,163,,,
V005949,C00372,2025-05-15,email,P009,Daily Lamp 09,true,false,true,24,,T002577,
V005950,C00435,2025-01-08,direct,P026,Pure Band 26,true,true,false,84,,,
V005951,C00442,2025-09-12,social,P013,Bright Organizer 13,true,true,true,293,,T004787,
V005952,C00164,2025-07-03,direct,P003,Urban Bottle 03,true,false,false,26,,,
V005953,C00622,2025-04-26,social,P001,Daily Lamp 01,true,false,false,36,,,
V005954,C00614,2025-12-08,paid_search,P015,Calm Cream 15,true,false,false,15,,,
V005955,C00399,2025-06-24,paid_search,P009,Daily Lamp 09,true,false,false,42,,,
V005956,C00019,2025-05-06,organic_search,P017,Daily Lamp 17,true,true,true,148,,T002401,
V005957,C00175,2025-12-06,paid_search,P023,Calm Cream 23,true,false,false,58,,,
V005958,C00757,2025-07-28,direct,P009,Daily Lamp 09,true,false,false,66,,,
V005959,C00378,2025-02-14,organic_search,P029,Bright Organizer 29,true,false,false,53,WELCOME5,,
V005960,C00743,2025-03-21,organic_search,P009,Daily Lamp 09,true,false,false,88,,,
V005961,C00854,2025-09-04,referral,P014,Active Mat 14,true,false,false,89,LOYALTY10,,
V005962,C00318,2025-03-17,direct,P019,Urban Bottle 19,true,false,false,26,,,
V005963,C00589,2025-12-18,paid_search,P013,Bright Organizer 13,true,false,false,37,,,
V005964,C00847,2025-10-04,paid_search,P012,Essential Bag 12,true,false,false,36,,,
V005965,C00820,2025-01-21,social,P011,Urban Bottle 11,true,true,false,109,,,
V005966,C00946,2025-08-30,social,P030,Active Mat 30,true,false,false,117,,,
V005967,C00208,2025-08-02,email,P015,Calm Cream 15,true,false,false,34,,,
V005968,C00671,2025-05-15,direct,P013,Bright Organizer 13,true,true,true,55,WELCOME5,T002570,
V005969,C00809,2025-12-21,paid_search,P005,Bright Organizer 05,true,false,true,40,,T006428,
V005970,C00079,2025-06-12,referral,P014,Active Mat 14,true,false,false,56,WELCOME5,,
V005971,C00320,2025-09-08,paid_search,P009,Daily Lamp 09,true,false,true,38,,T004694,
V005972,C00004,2025-05-02,social,P029,Bright Organizer 29,true,false,false,54,,,
V005973,C00177,2025-10-27,paid_search,P012,Essential Bag 12,false,false,false,36,,,
V005974,C00392,2025-01-02,direct,P004,Essential Bag 04,true,false,false,267,,,
V005975,C00061,2025-10-12,organic_search,P023,Calm Cream 23,true,true,false,161,WEEKEND15,,
V005976,C00532,2025-09-16,social,P014,Active Mat 14,false,false,false,41,,,
V005977,C00064,2025-03-16,direct,P008,Modern Serum 08,true,false,false,20,,,
V005978,C00948,2025-04-06,paid_search,P024,Modern Serum 24,true,false,false,201,,,
V005979,C00528,2025-06-25,email,P011,Urban Bottle 11,true,false,false,48,,,
V005980,C00171,2025-02-16,email,P001,Daily Lamp 01,true,true,true,294,WELCOME5,T000867,
V005981,C00400,2025-04-20,organic_search,P023,Calm Cream 23,true,true,false,36,LOYALTY10,,
V005982,C00616,2025-01-04,email,P008,Modern Serum 08,true,true,true,472,,T000068,
V005983,C00602,2025-03-10,email,P012,Essential Bag 12,true,false,false,117,WELCOME5,,
V005984,C00067,2025-10-13,paid_search,P001,Daily Lamp 01,true,false,false,14,WEEKEND15,,
V005985,C00619,2025-12-26,paid_search,P003,Urban Bottle 03,true,false,false,24,,,
V005986,C00400,2025-03-07,email,P004,Essential Bag 04,true,false,false,28,,,
V005987,C00741,2025-09-01,direct,P004,Essential Bag 04,true,true,false,52,,,
V005988,C00686,2025-01-27,social,P028,Essential Bag 28,true,false,false,78,,,
V005989,C00501,2025-09-22,referral,P023,Calm Cream 23,false,false,false,462,,,
V005990,C00554,2025-02-25,organic_search,P017,Daily Lamp 17,true,true,false,34,WEEKEND15,,
V005991,C00032,2025-04-21,email,P005,Bright Organizer 05,true,false,false,67,,,
V005992,C00872,2025-07-21,organic_search,P005,Bright Organizer 05,false,false,false,133,WELCOME5,,
V005993,C00626,2025-11-18,referral,P011,Urban Bottle 11,true,false,false,78,,,
V005994,C00558,2025-11-29,paid_search,P021,Bright Organizer 21,true,false,false,20,,,
V005995,C00418,2025-09-02,social,P003,Urban Bottle 03,true,true,false,586,,,
V005996,C00215,2025-05-17,direct,P028,Essential Bag 28,true,false,true,18,,T002620,
V005997,C00952,2025-02-03,email,P021,Bright Organizer 21,true,false,false,56,,,
V005998,C00549,2025-12-29,email,P016,Modern Serum 16,false,false,false,585,,,
V005999,C00055,2025-03-21,paid_search,P028,Essential Bag 28,true,false,true,52,,T001521,
V006000,C00569,2025-08-25,social,P005,Bright Organizer 05,false,false,false,36,,,
V006001,C00759,2025-11-26,referral,P016,Modern Serum 16,false,false,false,35,,,
V006002,C00782,2025-08-20,email,P020,Essential Bag 20,true,true,false,65,,,
V006003,C00089,2025-05-29,paid_search,P002,Pure Band 02,true,false,false,15,,,
V006004,C00794,2025-05-02,paid_search,P001,Daily Lamp 01,true,false,false,48,WELCOME5,,
V006005,C00220,2025-05-16,paid_search,P027,Urban Bottle 27,true,false,false,58,LOYALTY10,,
V006006,C00059,2025-11-07,social,P025,Daily Lamp 25,true,false,false,27,WELCOME5,,
V006007,C00039,2025-05-04,social,P027,Urban Bottle 27,true,false,false,67,WELCOME5,,
V006008,C00916,2025-01-07,referral,P006,Active Mat 06,true,false,false,87,,,
V006009,C00832,2025-12-29,social,P021,Bright Organizer 21,true,false,false,39,,,
V006010,C00182,2025-07-03,social,P001,Daily Lamp 01,true,false,false,42,,,
V006011,C00082,2025-07-30,organic_search,P001,Daily Lamp 01,false,false,false,77,WEEKEND15,,
V006012,C00623,2025-09-25,social,P013,Bright Organizer 13,true,false,false,41,,,
V006013,C00318,2025-10-16,email,P019,Urban Bottle 19,true,false,false,172,,,
V006014,C00733,2025-06-25,email,P010,Pure Band 10,true,false,false,5,,,
V006015,C00747,2025-01-29,organic_search,P016,Modern Serum 16,true,false,true,97,,T000545,
V006016,C00734,2025-01-30,social,P015,Calm Cream 15,true,false,false,32,,,
V006017,C00795,2025-11-12,organic_search,P019,Urban Bottle 19,true,false,true,158,,T005838,
V006018,C00458,2025-02-10,paid_search,P011,Urban Bottle 11,true,false,false,58,,,
V006019,C00602,2025-07-18,social,P027,Urban Bottle 27,true,true,false,194,LOYALTY10,,
V006020,C00692,2025-01-25,organic_search,P022,Active Mat 22,true,false,false,81,,,
V006021,C00917,2025-06-14,paid_search,P013,Bright Organizer 13,true,false,true,51,LOYALTY10,T003137,
V006022,C00590,2025-10-28,organic_search,P009,Daily Lamp 09,true,false,true,20,,T005559,
V006023,C00156,2025-09-29,direct,P024,Modern Serum 24,false,false,false,35,,,
V006024,C00794,2025-10-20,social,P017,Daily Lamp 17,true,true,false,20,,,
V006025,C00633,2025-04-30,social,P018,Pure Band 18,true,true,false,119,,,
V006026,C00960,2025-03-26,email,P021,Bright Organizer 21,true,false,false,76,WEEKEND15,,
V006027,C00288,2025-10-12,social,P029,Bright Organizer 29,true,false,false,44,,,
V006028,C00532,2025-04-29,email,P030,Active Mat 30,true,false,false,159,,,
V006029,C00331,2025-02-14,social,P021,Bright Organizer 21,true,false,false,125,,,
V006030,C00622,2025-03-29,organic_search,P021,Bright Organizer 21,true,false,false,8,WEEKEND15,,
V006031,C00833,2025-03-13,social,P013,Bright Organizer 13,true,false,false,72,,,
V006032,C00440,2025-08-10,referral,P022,Active Mat 22,true,false,false,6,WELCOME5,,
V006033,C00080,2025-02-24,paid_search,P019,Urban Bottle 19,true,true,false,127,,,
V006034,C00216,2025-12-02,organic_search,P024,Modern Serum 24,true,false,false,36,,,
V006035,C00823,2025-03-04,social,P016,Modern Serum 16,true,false,false,150,,,
V006036,C00096,2025-03-01,paid_search,P028,Essential Bag 28,true,false,false,31,,,
V006037,C00694,2025-07-02,direct,P004,Essential Bag 04,true,false,true,137,LOYALTY10,T003466,
V006038,C00530,2025-08-01,paid_search,P030,Active Mat 30,true,false,false,16,,,
V006039,C00665,2025-11-18,social,P009,Daily Lamp 09,true,false,false,60,,,
V006040,C00140,2025-11-25,organic_search,P008,Modern Serum 08,true,false,false,24,,,
V006041,C00427,2025-07-24,paid_search,P030,Active Mat 30,true,false,false,87,,,
V006042,C00773,2025-02-15,social,P007,Calm Cream 07,true,false,false,135,,,
V006043,C00564,2025-04-11,paid_search,P024,Modern Serum 24,true,false,false,95,WELCOME5,,
V006044,C00477,2025-06-09,social,P017,Daily Lamp 17,true,false,false,56,WEEKEND15,,
V006045,C00577,2025-03-27,organic_search,P017,Daily Lamp 17,true,true,false,23,,,
V006046,C00417,2025-12-24,email,P024,Modern Serum 24,true,false,false,29,,,
V006047,C00030,2025-12-21,social,P029,Bright Organizer 29,true,false,false,35,,,
V006048,C00315,2025-05-18,organic_search,P028,Essential Bag 28,true,true,false,34,LOYALTY10,,
V006049,C00869,2025-07-08,social,P026,Pure Band 26,true,false,false,40,WELCOME5,,
V006050,C00145,2025-03-25,paid_search,P018,Pure Band 18,true,true,false,72,LOYALTY10,,
V006051,C00331,2025-06-09,email,P011,Urban Bottle 11,true,false,false,18,,,
V006052,C00935,2025-12-25,organic_search,P026,Pure Band 26,false,false,false,60,WELCOME5,,
V006053,C00227,2025-09-08,organic_search,P018,Pure Band 18,true,false,false,183,,,
V006054,C00058,2025-07-26,email,P026,Pure Band 26,true,false,false,60,,,
V006055,C00938,2025-07-14,organic_search,P004,Essential Bag 04,true,true,false,77,LOYALTY10,,
V006056,C00229,2025-12-04,organic_search,P027,Urban Bottle 27,true,false,false,158,WEEKEND15,,
V006057,C00725,2025-02-16,paid_search,P018,Pure Band 18,true,false,false,129,,,
V006058,C00003,2025-11-03,paid_search,P009,Daily Lamp 09,true,false,false,30,,,
V006059,C00755,2025-09-23,social,P012,Essential Bag 12,false,false,false,41,,,
V006060,C00135,2025-01-15,email,P004,Essential Bag 04,true,true,false,18,,,
V006061,C00845,2025-03-26,organic_search,P020,Essential Bag 20,true,false,false,62,,,
V006062,C00152,2025-01-09,direct,P011,Urban Bottle 11,true,true,false,49,,,
V006063,C00499,2025-04-16,direct,P025,Daily Lamp 25,true,false,false,40,,,
V006064,C00568,2025-07-17,organic_search,P011,Urban Bottle 11,true,false,true,174,,T003765,
V006065,C00415,2025-11-28,organic_search,P010,Pure Band 10,true,false,false,115,LOYALTY10,,
V006066,C00819,2025-04-27,organic_search,P006,Active Mat 06,false,false,false,69,,,
V006067,C00477,2025-03-07,organic_search,P025,Daily Lamp 25,true,false,false,65,,,
V006068,C00807,2025-07-12,direct,P023,Calm Cream 23,true,false,false,76,LOYALTY10,,
V006069,C00528,2025-05-16,email,P021,Bright Organizer 21,true,false,false,51,,,
V006070,C00622,2025-09-04,social,P021,Bright Organizer 21,true,false,false,233,,,
V006071,C00510,2025-12-07,referral,P003,Urban Bottle 03,true,false,false,89,,,
V006072,C00598,2025-02-08,direct,P004,Essential Bag 04,true,false,false,37,,,
V006073,C00008,2025-04-26,direct,P022,Active Mat 22,true,false,false,24,WELCOME5,,
V006074,C00420,2025-12-06,email,P025,Daily Lamp 25,true,false,false,27,,,
V006075,C00560,2025-01-22,email,P021,Bright Organizer 21,true,false,false,67,,,
V006076,C00954,2025-11-17,paid_search,P012,Essential Bag 12,true,true,false,211,,,
V006077,C00414,2025-10-16,email,P020,Essential Bag 20,true,false,false,45,,,
V006078,C00708,2025-09-03,organic_search,P027,Urban Bottle 27,true,true,false,55,WEEKEND15,,
V006079,C00918,2025-03-27,paid_search,P003,Urban Bottle 03,true,true,false,109,,,
V006080,C00991,2025-09-04,email,P026,Pure Band 26,true,false,false,44,,,
V006081,C00317,2025-04-13,social,P022,Active Mat 22,true,false,false,152,WEEKEND15,,
V006082,C00781,2025-12-20,referral,P014,Active Mat 14,false,false,false,37,,,
V006083,C00838,2025-02-15,referral,P004,Essential Bag 04,true,false,false,62,,,
V006084,C00765,2025-03-07,direct,P017,Daily Lamp 17,true,false,false,167,,,
V006085,C00175,2025-02-16,social,P003,Urban Bottle 03,true,false,false,64,,,
V006086,C00203,2025-04-21,paid_search,P021,Bright Organizer 21,true,true,true,87,,T002119,
V006087,C00961,2025-07-31,organic_search,P023,Calm Cream 23,false,false,false,59,LOYALTY10,,
V006088,C00165,2025-01-20,direct,P029,Bright Organizer 29,true,true,false,122,,,
V006089,C00824,2025-08-08,organic_search,P018,Pure Band 18,true,true,true,101,,T004150,
V006090,C00581,2025-10-31,organic_search,P022,Active Mat 22,true,false,false,22,,,
V006091,C00382,2025-09-02,email,P017,Daily Lamp 17,true,true,false,17,,,
V006092,C00880,2025-04-11,direct,P009,Daily Lamp 09,true,false,false,31,,,
V006093,C00545,2025-07-23,direct,P015,Calm Cream 15,true,false,false,50,WELCOME5,,
V006094,C00710,2025-07-05,email,P021,Bright Organizer 21,true,true,false,60,,,
V006095,C00438,2025-01-21,organic_search,P017,Daily Lamp 17,true,false,false,29,WELCOME5,,
V006096,C00670,2025-07-21,direct,P030,Active Mat 30,true,false,false,7,,,
V006097,C00033,2025-07-30,email,P016,Modern Serum 16,false,false,false,33,,,
V006098,C00522,2025-12-04,direct,P005,Bright Organizer 05,true,false,false,103,,,
V006099,C00199,2025-06-14,direct,P013,Bright Organizer 13,true,false,false,39,,,
V006100,C00837,2025-01-23,referral,P030,Active Mat 30,true,false,false,50,,,
V006101,C00144,2025-12-13,email,P028,Essential Bag 28,true,false,false,58,WELCOME5,,
V006102,C00385,2025-07-08,paid_search,P030,Active Mat 30,true,true,true,87,,T003587,
V006103,C00332,2025-03-22,social,P003,Urban Bottle 03,true,false,false,18,,,
V006104,C00597,2025-12-26,paid_search,P010,Pure Band 10,true,false,false,303,,,
V006105,C00543,2025-06-02,paid_search,P007,Calm Cream 07,true,false,false,56,,,
V006106,C00109,2025-07-06,referral,P002,Pure Band 02,true,false,false,44,,,
V006107,C00011,2025-04-15,organic_search,P027,Urban Bottle 27,true,false,false,118,,,
V006108,C00602,2025-06-23,social,P007,Calm Cream 07,true,false,false,16,,,
V006109,C00449,2025-04-19,organic_search,P004,Essential Bag 04,true,true,false,43,,,
V006110,C00629,2025-09-14,organic_search,P022,Active Mat 22,true,false,false,44,,,
V006111,C00809,2025-09-19,organic_search,P013,Bright Organizer 13,true,false,false,31,,,
V006112,C00618,2025-07-11,email,P030,Active Mat 30,true,false,false,5,,,
V006113,C00305,2025-10-18,organic_search,P018,Pure Band 18,true,false,false,16,,,
V006114,C00171,2025-05-19,organic_search,P007,Calm Cream 07,true,false,false,81,,,
V006115,C00347,2025-11-20,social,P013,Bright Organizer 13,true,false,false,17,WELCOME5,,
V006116,C00143,2025-12-09,social,P014,Active Mat 14,true,true,true,102,,T006235,
V006117,C00475,2025-12-22,organic_search,P019,Urban Bottle 19,false,false,false,353,,,
V006118,C00894,2025-01-07,direct,P014,Active Mat 14,true,false,false,38,,,
V006119,C00625,2025-12-31,organic_search,P010,Pure Band 10,true,false,false,33,,,
V006120,C00830,2025-02-13,paid_search,P023,Calm Cream 23,true,false,false,52,WEEKEND15,,
V006121,C00447,2025-04-13,direct,P011,Urban Bottle 11,true,false,false,18,,,
V006122,C00116,2025-02-26,paid_search,P025,Daily Lamp 25,true,false,false,163,,,
V006123,C00563,2025-09-27,organic_search,P029,Bright Organizer 29,true,false,false,24,,,
V006124,C00329,2025-02-13,email,P019,Urban Bottle 19,true,false,false,7,WEEKEND15,,
V006125,C00273,2025-06-10,email,P002,Pure Band 02,true,false,false,23,,,
V006126,C00416,2025-04-25,referral,P004,Essential Bag 04,true,false,false,42,,,
V006127,C00434,2025-09-08,organic_search,P003,Urban Bottle 03,true,false,false,80,,,
V006128,C00279,2025-10-22,paid_search,P011,Urban Bottle 11,false,false,false,97,,,
V006129,C00642,2025-07-04,paid_search,P023,Calm Cream 23,true,false,false,62,WEEKEND15,,
V006130,C00603,2025-06-27,organic_search,P030,Active Mat 30,true,true,false,29,LOYALTY10,,
V006131,C00493,2025-10-10,organic_search,P020,Essential Bag 20,true,false,false,29,,,
V006132,C00661,2025-09-17,organic_search,P017,Daily Lamp 17,true,false,false,49,,,
V006133,C00278,2025-10-29,email,P019,Urban Bottle 19,false,false,false,100,,,
V006134,C00757,2025-04-05,email,P018,Pure Band 18,true,false,false,72,WELCOME5,,
V006135,C00362,2025-04-24,paid_search,P027,Urban Bottle 27,true,false,false,75,,,
V006136,C00669,2025-09-05,paid_search,P003,Urban Bottle 03,true,false,false,37,,,
V006137,C00991,2025-09-26,paid_search,P006,Active Mat 06,false,false,false,30,,,
V006138,C00906,2025-01-06,social,P015,Calm Cream 15,true,false,false,28,LOYALTY10,,
V006139,C00319,2025-10-09,direct,P001,Daily Lamp 01,true,false,false,7,,,
V006140,C00248,2025-07-11,social,P029,Bright Organizer 29,true,false,false,43,WEEKEND15,,
V006141,C00924,2025-09-01,referral,P007,Calm Cream 07,true,false,false,9,WELCOME5,,
V006142,C00346,2025-10-07,direct,P025,Daily Lamp 25,true,false,false,146,,,
V006143,C00657,2025-09-24,paid_search,P006,Active Mat 06,false,false,false,39,,,
V006144,C00973,2025-03-23,paid_search,P006,Active Mat 06,true,false,false,23,,,
V006145,C00762,2025-08-22,paid_search,P009,Daily Lamp 09,true,false,false,226,,,
V006146,C00015,2025-11-02,organic_search,P001,Daily Lamp 01,true,false,false,25,LOYALTY10,,
V006147,C00131,2025-12-30,organic_search,P008,Modern Serum 08,true,false,false,61,,,
V006148,C00022,2025-12-20,social,P002,Pure Band 02,true,false,false,120,,,
V006149,C00121,2025-08-24,direct,P027,Urban Bottle 27,true,false,true,84,,T004466,
V006150,C00268,2025-09-24,email,P009,Daily Lamp 09,true,false,false,27,WEEKEND15,,
V006151,C00156,2025-04-14,organic_search,P022,Active Mat 22,true,false,false,213,,,
V006152,C00174,2025-02-17,organic_search,P020,Essential Bag 20,true,false,false,5,,,
V006153,C00343,2025-03-01,organic_search,P015,Calm Cream 15,true,false,false,30,,,
V006154,C00906,2025-09-14,organic_search,P029,Bright Organizer 29,true,false,false,80,,,
V006155,C00732,2025-08-20,organic_search,P014,Active Mat 14,true,false,false,18,,,
V006156,C00961,2025-04-15,referral,P023,Calm Cream 23,true,false,false,390,,,
V006157,C00358,2025-10-05,organic_search,P003,Urban Bottle 03,true,false,false,17,,,
V006158,C00216,2025-01-22,direct,P024,Modern Serum 24,true,false,false,40,,,
V006159,C00943,2025-02-08,referral,P021,Bright Organizer 21,true,true,true,204,,T000723,
V006160,C00318,2025-08-23,organic_search,P018,Pure Band 18,true,false,false,30,,,
V006161,C00715,2025-08-07,referral,P025,Daily Lamp 25,true,false,false,141,WELCOME5,,
V006162,C00896,2025-07-06,referral,P010,Pure Band 10,true,false,false,64,,,
V006163,C00004,2025-06-13,organic_search,P026,Pure Band 26,true,false,false,11,,,
V006164,C00121,2025-06-18,organic_search,P011,Urban Bottle 11,true,false,false,39,,,
V006165,C00100,2025-11-14,direct,P001,Daily Lamp 01,true,false,false,27,,,
V006166,C00738,2025-05-18,direct,P018,Pure Band 18,true,false,false,82,,,
V006167,C00016,2025-10-22,organic_search,P017,Daily Lamp 17,true,false,false,29,,,
V006168,C00010,2025-11-29,organic_search,P027,Urban Bottle 27,true,false,false,26,,,
V006169,C00591,2025-11-19,email,P026,Pure Band 26,true,false,false,40,,,
V006170,C00906,2025-02-24,organic_search,P007,Calm Cream 07,true,false,true,108,,T001017,
V006171,C00362,2025-11-29,referral,P001,Daily Lamp 01,true,false,false,84,,,
V006172,C00993,2025-05-14,direct,P019,Urban Bottle 19,true,false,false,41,LOYALTY10,,
V006173,C00650,2025-03-11,paid_search,P014,Active Mat 14,true,false,false,18,,,
V006174,C00476,2025-09-25,organic_search,P027,Urban Bottle 27,true,true,true,76,WELCOME5,T004989,
V006175,C00099,2025-03-15,direct,P027,Urban Bottle 27,true,false,false,152,,,
V006176,C00949,2025-09-20,referral,P017,Daily Lamp 17,true,false,false,98,,,
V006177,C00526,2025-02-23,email,P010,Pure Band 10,true,true,true,299,,T000997,
V006178,C00928,2025-02-23,email,P017,Daily Lamp 17,true,false,false,46,,,
V006179,C00862,2025-12-24,organic_search,P001,Daily Lamp 01,false,false,false,59,,,
V006180,C00787,2025-08-26,social,P026,Pure Band 26,true,false,false,48,WEEKEND15,,
V006181,C00474,2025-04-25,direct,P005,Bright Organizer 05,true,true,true,112,,T002203,
V006182,C00903,2025-12-02,organic_search,P029,Bright Organizer 29,true,false,false,29,,,
V006183,C00110,2025-02-18,direct,P024,Modern Serum 24,true,true,true,35,,T000911,
V006184,C00577,2025-08-31,organic_search,P015,Calm Cream 15,true,true,false,145,WEEKEND15,,
V006185,C00097,2025-06-15,organic_search,P022,Active Mat 22,true,false,false,30,,,
V006186,C00880,2025-10-04,paid_search,P006,Active Mat 06,true,false,false,78,,,
V006187,C00860,2025-06-09,social,P004,Essential Bag 04,true,false,false,294,,,
V006188,C00708,2025-12-17,organic_search,P014,Active Mat 14,false,false,false,80,,,
V006189,C00311,2025-12-24,organic_search,P020,Essential Bag 20,true,false,false,19,,,
V006190,C00717,2025-03-30,organic_search,P029,Bright Organizer 29,true,false,false,82,,,
V006191,C00727,2025-01-14,organic_search,P026,Pure Band 26,true,false,true,127,,T000253,
V006192,C00386,2025-08-18,organic_search,P004,Essential Bag 04,false,false,false,17,,,
V006193,C00584,2025-01-02,social,P014,Active Mat 14,true,false,false,70,WELCOME5,,
V006194,C00255,2025-10-02,social,P005,Bright Organizer 05,true,false,false,33,,,
V006195,C00678,2025-08-04,paid_search,P015,Calm Cream 15,true,false,false,15,,,
V006196,C00759,2025-09-05,paid_search,P025,Daily Lamp 25,true,false,true,139,,T004649,
V006197,C00703,2025-01-01,organic_search,P021,Bright Organizer 21,true,true,false,34,WELCOME5,,
V006198,C00229,2025-12-28,email,P027,Urban Bottle 27,true,false,false,53,,,
V006199,C00679,2025-03-12,paid_search,P028,Essential Bag 28,true,false,false,42,,,
V006200,C00693,2025-05-01,organic_search,P021,Bright Organizer 21,true,false,false,91,,,
V006201,C00351,2025-03-18,organic_search,P013,Bright Organizer 13,true,false,false,11,LOYALTY10,,
V006202,C00092,2025-12-20,email,P029,Bright Organizer 29,true,false,false,7,,,
V006203,C00343,2025-03-14,paid_search,P014,Active Mat 14,true,false,false,47,WEEKEND15,,
V006204,C00029,2025-07-09,paid_search,P013,Bright Organizer 13,true,false,false,25,,,
V006205,C00710,2025-12-03,direct,P012,Essential Bag 12,true,false,false,180,,,
V006206,C00416,2025-09-20,direct,P006,Active Mat 06,false,false,false,40,WEEKEND15,,
V006207,C00523,2025-04-29,direct,P006,Active Mat 06,false,false,false,22,,,
V006208,C00323,2025-10-21,organic_search,P024,Modern Serum 24,true,true,true,54,,T005459,
V006209,C00547,2025-04-09,organic_search,P009,Daily Lamp 09,true,false,false,123,,,
V006210,C00612,2025-05-04,email,P001,Daily Lamp 01,true,false,false,41,,,
V006211,C00530,2025-10-11,social,P019,Urban Bottle 19,true,true,false,21,WELCOME5,,
V006212,C00411,2025-01-21,direct,P003,Urban Bottle 03,true,false,false,34,,,
V006213,C00116,2025-12-15,direct,P009,Daily Lamp 09,true,false,false,11,,,
V006214,C00626,2025-05-09,email,P003,Urban Bottle 03,true,false,false,24,LOYALTY10,,
V006215,C00386,2025-10-08,referral,P012,Essential Bag 12,true,false,false,50,,,
V006216,C00750,2025-01-27,direct,P022,Active Mat 22,true,false,false,122,,,
V006217,C00521,2025-06-09,social,P003,Urban Bottle 03,true,false,false,34,,,
V006218,C00343,2025-11-27,email,P027,Urban Bottle 27,true,false,false,13,,,
V006219,C00055,2025-05-19,paid_search,P006,Active Mat 06,true,false,true,311,,T002653,
V006220,C00294,2025-03-18,organic_search,P014,Active Mat 14,true,false,false,23,,,
V006221,C00872,2025-12-08,organic_search,P019,Urban Bottle 19,true,false,false,28,LOYALTY10,,
V006222,C00420,2025-12-14,email,P008,Modern Serum 08,true,false,false,33,LOYALTY10,,
V006223,C00159,2025-06-13,organic_search,P025,Daily Lamp 25,true,false,false,211,,,
V006224,C00938,2025-07-19,organic_search,P023,Calm Cream 23,true,false,false,69,,,
V006225,C00015,2025-01-16,organic_search,P004,Essential Bag 04,true,false,false,98,,,
V006226,C00277,2025-01-16,direct,P016,Modern Serum 16,true,false,false,47,WEEKEND15,,
V006227,C00774,2025-05-28,social,P025,Daily Lamp 25,true,false,false,120,,,
V006228,C00192,2025-06-01,organic_search,P018,Pure Band 18,true,false,false,147,,,
V006229,C00511,2025-09-21,social,P029,Bright Organizer 29,true,false,false,52,,,
V006230,C00908,2025-08-31,organic_search,P018,Pure Band 18,true,false,false,164,,,
V006231,C00244,2025-12-27,referral,P004,Essential Bag 04,false,false,false,32,LOYALTY10,,
V006232,C00537,2025-04-02,direct,P006,Active Mat 06,true,false,false,253,,,
V006233,C00702,2025-08-14,organic_search,P021,Bright Organizer 21,true,false,false,76,,,
V006234,C00134,2025-09-12,organic_search,P009,Daily Lamp 09,true,true,true,31,WELCOME5,T004784,
V006235,C00216,2025-10-19,organic_search,P014,Active Mat 14,true,true,false,219,,,
V006236,C00861,2025-04-12,referral,P017,Daily Lamp 17,true,false,false,59,,,
V006237,C00215,2025-09-22,direct,P015,Calm Cream 15,true,false,false,96,,,
V006238,C00795,2025-07-05,social,P002,Pure Band 02,true,false,false,39,,,
V006239,C00151,2025-02-01,email,P018,Pure Band 18,true,false,false,197,,,
V006240,C00123,2025-10-04,organic_search,P016,Modern Serum 16,true,false,false,105,,,
V006241,C00629,2025-01-30,direct,P017,Daily Lamp 17,true,false,false,34,,,
V006242,C00982,2025-04-02,organic_search,P020,Essential Bag 20,true,true,false,80,,,
V006243,C00580,2025-03-13,organic_search,P022,Active Mat 22,true,false,false,163,,,
V006244,C00327,2025-05-15,paid_search,P023,Calm Cream 23,true,false,false,39,LOYALTY10,,
V006245,C00181,2025-02-22,organic_search,P001,Daily Lamp 01,true,false,false,34,,,
V006246,C00189,2025-11-07,paid_search,P008,Modern Serum 08,true,false,false,31,,,
V006247,C00234,2025-09-26,paid_search,P006,Active Mat 06,false,false,false,56,,,
V006248,C00954,2025-05-20,paid_search,P015,Calm Cream 15,true,false,false,79,,,
V006249,C00802,2025-03-29,social,P019,Urban Bottle 19,true,false,false,112,,,
V006250,C00456,2025-01-31,social,P027,Urban Bottle 27,true,false,false,122,WEEKEND15,,
V006251,C00428,2025-10-07,paid_search,P024,Modern Serum 24,true,false,false,51,WELCOME5,,
V006252,C00296,2025-06-14,social,P003,Urban Bottle 03,true,false,false,58,,,
V006253,C00275,2025-07-19,direct,P018,Pure Band 18,true,false,false,122,,,
V006254,C00711,2025-10-15,organic_search,P030,Active Mat 30,true,false,false,122,,,
V006255,C00946,2025-04-03,paid_search,P002,Pure Band 02,true,false,false,47,,,
V006256,C00961,2025-04-02,organic_search,P030,Active Mat 30,true,false,false,35,,,
V006257,C00862,2025-04-20,organic_search,P016,Modern Serum 16,true,true,false,87,,,
V006258,C00516,2025-09-22,paid_search,P001,Daily Lamp 01,true,false,false,47,,,
V006259,C00808,2025-06-02,paid_search,P019,Urban Bottle 19,true,true,false,51,,,
V006260,C00819,2025-06-29,social,P026,Pure Band 26,true,true,true,302,,T003419,
V006261,C00729,2025-01-23,organic_search,P015,Calm Cream 15,true,false,false,35,,,
V006262,C00078,2025-09-16,social,P013,Bright Organizer 13,true,false,false,15,,,
V006263,C00363,2025-03-12,organic_search,P014,Active Mat 14,true,false,false,32,,,
V006264,C00070,2025-07-28,paid_search,P006,Active Mat 06,false,false,false,85,,,
V006265,C00835,2025-03-27,referral,P008,Modern Serum 08,true,false,false,55,,,
V006266,C00762,2025-08-21,email,P021,Bright Organizer 21,true,false,false,23,,,
V006267,C00354,2025-10-05,referral,P028,Essential Bag 28,true,false,false,207,LOYALTY10,,
V006268,C00380,2025-09-19,paid_search,P003,Urban Bottle 03,true,true,true,114,WELCOME5,T004890,
V006269,C00699,2025-05-20,referral,P008,Modern Serum 08,true,false,false,23,,,
V006270,C00424,2025-11-01,organic_search,P001,Daily Lamp 01,true,false,false,56,WELCOME5,,
V006271,C00494,2025-09-21,direct,P001,Daily Lamp 01,true,false,false,55,,,
V006272,C00596,2025-11-12,organic_search,P013,Bright Organizer 13,true,true,true,322,,T005835,
V006273,C00021,2025-07-15,organic_search,P020,Essential Bag 20,true,true,false,89,,,
V006274,C00564,2025-11-18,referral,P023,Calm Cream 23,true,false,false,107,WELCOME5,,
V006275,C00759,2025-11-21,paid_search,P017,Daily Lamp 17,true,false,true,162,LOYALTY10,T005971,
V006276,C00737,2025-03-30,social,P002,Pure Band 02,true,false,false,79,LOYALTY10,,
V006277,C00086,2025-07-07,referral,P008,Modern Serum 08,true,false,false,23,,,
V006278,C00982,2025-11-14,social,P021,Bright Organizer 21,true,false,false,68,LOYALTY10,,
V006279,C00978,2025-01-28,organic_search,P001,Daily Lamp 01,true,false,false,88,,,
V006280,C00302,2025-12-31,direct,P003,Urban Bottle 03,true,false,true,34,,T006547,
V006281,C00991,2025-10-08,organic_search,P030,Active Mat 30,true,false,true,64,,T005220,
V006282,C00339,2025-06-19,referral,P021,Bright Organizer 21,true,false,false,39,,,
V006283,C00587,2025-02-25,organic_search,P021,Bright Organizer 21,true,false,false,7,,,
V006284,C00284,2025-07-11,organic_search,P022,Active Mat 22,true,true,true,677,WEEKEND15,T003645,
V006285,C00069,2025-05-04,email,P030,Active Mat 30,true,false,false,165,WELCOME5,,
V006286,C00418,2025-01-28,social,P007,Calm Cream 07,true,false,false,88,,,
V006287,C00522,2025-04-11,direct,P005,Bright Organizer 05,true,false,false,98,,,
V006288,C00813,2025-11-13,email,P013,Bright Organizer 13,true,false,false,26,,,
V006289,C00068,2025-10-20,direct,P026,Pure Band 26,true,false,false,280,,,
V006290,C00770,2025-05-28,paid_search,P029,Bright Organizer 29,true,false,false,253,,,
V006291,C00666,2025-08-31,social,P004,Essential Bag 04,false,false,false,175,,,
V006292,C00974,2025-05-29,organic_search,P015,Calm Cream 15,true,false,false,176,,,
V006293,C00813,2025-04-23,paid_search,P010,Pure Band 10,true,false,false,28,,,
V006294,C00085,2025-12-06,organic_search,P006,Active Mat 06,true,false,false,76,,,
V006295,C00020,2025-08-25,social,P016,Modern Serum 16,false,false,false,30,,,
V006296,C00366,2025-01-30,direct,P001,Daily Lamp 01,true,true,false,151,,,
V006297,C00357,2025-10-10,organic_search,P012,Essential Bag 12,true,false,true,113,,T005260,
V006298,C00990,2025-05-29,paid_search,P019,Urban Bottle 19,true,false,false,493,,,
V006299,C00182,2025-11-11,paid_search,P002,Pure Band 02,true,false,false,55,,,
V006300,C00489,2025-10-21,social,P011,Urban Bottle 11,false,false,false,27,,,
V006301,C00055,2025-01-16,email,P004,Essential Bag 04,true,false,false,159,,,
V006302,C00971,2025-11-05,paid_search,P025,Daily Lamp 25,true,false,false,74,,,
V006303,C00174,2025-11-25,organic_search,P004,Essential Bag 04,false,false,false,81,,,
V006304,C00890,2025-08-03,direct,P023,Calm Cream 23,true,true,false,138,,,
V006305,C00223,2025-10-22,paid_search,P016,Modern Serum 16,false,false,false,86,,,
V006306,C00483,2025-02-25,social,P004,Essential Bag 04,true,false,false,70,,,
V006307,C00472,2025-09-08,referral,P022,Active Mat 22,true,false,false,17,,,
V006308,C00249,2025-06-24,organic_search,P005,Bright Organizer 05,false,false,false,59,,,
V006309,C00755,2025-01-10,email,P029,Bright Organizer 29,true,false,false,37,,,
V006310,C00606,2025-09-22,organic_search,P014,Active Mat 14,false,false,false,142,,,
V006311,C00531,2025-12-13,paid_search,P026,Pure Band 26,true,false,true,64,,T006312,
V006312,C00455,2025-11-30,social,P017,Daily Lamp 17,true,false,false,72,,,
V006313,C00861,2025-05-24,referral,P018,Pure Band 18,true,true,true,66,,T002749,
V006314,C00357,2025-04-06,direct,P022,Active Mat 22,true,true,false,45,,,
V006315,C00597,2025-07-31,social,P028,Essential Bag 28,true,false,false,22,,,
V006316,C00373,2025-01-26,paid_search,P015,Calm Cream 15,true,false,false,37,,,
V006317,C00931,2025-04-24,social,P014,Active Mat 14,true,true,false,175,,,
V006318,C00481,2025-01-10,email,P001,Daily Lamp 01,true,false,false,100,WEEKEND15,,
V006319,C00938,2025-08-02,direct,P027,Urban Bottle 27,true,false,false,76,,,
V006320,C00209,2025-07-26,direct,P028,Essential Bag 28,true,false,false,476,,,
V006321,C00156,2025-02-09,organic_search,P016,Modern Serum 16,true,false,false,63,,,
V006322,C00905,2025-03-30,organic_search,P010,Pure Band 10,true,true,true,160,LOYALTY10,T001689,
V006323,C00574,2025-09-19,organic_search,P005,Bright Organizer 05,true,false,false,135,,,
V006324,C00016,2025-04-17,organic_search,P029,Bright Organizer 29,true,false,false,17,,,
V006325,C00890,2025-07-30,organic_search,P027,Urban Bottle 27,true,false,false,83,,,
V006326,C00357,2025-09-07,social,P028,Essential Bag 28,true,false,false,31,WELCOME5,,
V006327,C00463,2025-01-18,direct,P014,Active Mat 14,true,false,false,116,WEEKEND15,,
V006328,C00141,2025-05-13,direct,P020,Essential Bag 20,true,false,false,14,,,
V006329,C00929,2025-02-25,organic_search,P020,Essential Bag 20,true,false,false,156,,,
V006330,C00053,2025-01-23,direct,P023,Calm Cream 23,true,false,false,39,,,
V006331,C00513,2025-05-20,social,P005,Bright Organizer 05,true,false,false,122,,,
V006332,C00706,2025-04-26,paid_search,P018,Pure Band 18,true,false,false,90,,,
V006333,C00075,2025-05-28,paid_search,P010,Pure Band 10,true,false,false,48,,,
V006334,C00141,2025-06-09,organic_search,P014,Active Mat 14,true,false,false,28,WELCOME5,,
V006335,C00779,2025-03-26,social,P017,Daily Lamp 17,true,false,false,30,,,
V006336,C00846,2025-04-08,direct,P006,Active Mat 06,true,false,false,9,,,
V006337,C00819,2025-07-12,social,P021,Bright Organizer 21,true,false,false,152,,,
V006338,C00149,2025-02-24,direct,P007,Calm Cream 07,true,false,false,59,,,
V006339,C00910,2025-10-20,direct,P022,Active Mat 22,true,true,false,161,WELCOME5,,
V006340,C00397,2025-07-31,paid_search,P004,Essential Bag 04,true,true,true,286,,T003999,
V006341,C00041,2025-09-25,social,P019,Urban Bottle 19,false,false,false,45,,,
V006342,C00495,2025-11-17,social,P023,Calm Cream 23,true,true,false,639,,,
V006343,C00407,2025-03-29,paid_search,P030,Active Mat 30,true,false,false,53,,,
V006344,C00735,2025-12-21,direct,P006,Active Mat 06,false,false,false,437,,,
V006345,C00607,2025-05-16,social,P006,Active Mat 06,true,false,false,11,,,
V006346,C00988,2025-11-20,social,P017,Daily Lamp 17,true,false,true,132,WEEKEND15,T005951,
V006347,C00422,2025-04-13,direct,P017,Daily Lamp 17,true,false,false,55,,,
V006348,C00608,2025-11-03,direct,P010,Pure Band 10,true,true,false,41,,,
V006349,C00346,2025-09-20,social,P006,Active Mat 06,false,false,false,29,,,
V006350,C00995,2025-09-20,email,P021,Bright Organizer 21,true,true,false,72,,,
V006351,C00889,2025-02-01,direct,P025,Daily Lamp 25,true,false,false,111,,,
V006352,C00132,2025-07-24,organic_search,P021,Bright Organizer 21,true,true,false,28,,,
V006353,C00574,2025-11-06,email,P005,Bright Organizer 05,true,true,false,77,,,
V006354,C00891,2025-06-05,organic_search,P025,Daily Lamp 25,true,false,false,32,,,
V006355,C00279,2025-02-03,paid_search,P002,Pure Band 02,true,false,false,36,,,
V006356,C00938,2025-09-14,social,P004,Essential Bag 04,true,false,false,80,,,
V006357,C00233,2025-07-09,organic_search,P012,Essential Bag 12,true,false,false,33,,,
V006358,C00091,2025-10-17,email,P001,Daily Lamp 01,true,false,false,53,LOYALTY10,,
V006359,C00513,2025-08-21,referral,P015,Calm Cream 15,true,false,false,26,,,
V006360,C00701,2025-05-20,social,P017,Daily Lamp 17,true,false,false,50,,,
V006361,C00529,2025-01-13,organic_search,P029,Bright Organizer 29,true,false,false,183,,,
V006362,C00049,2025-11-29,direct,P011,Urban Bottle 11,false,false,false,21,WEEKEND15,,
V006363,C00912,2025-04-16,social,P023,Calm Cream 23,true,false,false,20,WELCOME5,,
V006364,C00302,2025-03-12,social,P006,Active Mat 06,true,true,false,153,,,
V006365,C00385,2025-09-13,organic_search,P028,Essential Bag 28,true,false,false,22,LOYALTY10,,
V006366,C00004,2025-05-18,paid_search,P004,Essential Bag 04,true,false,false,29,LOYALTY10,,
V006367,C00692,2025-08-25,direct,P002,Pure Band 02,true,false,false,132,,,
V006368,C00183,2025-07-15,email,P011,Urban Bottle 11,true,false,false,12,,,
V006369,C00942,2025-10-05,social,P021,Bright Organizer 21,true,false,false,37,WEEKEND15,,
V006370,C00447,2025-08-23,direct,P026,Pure Band 26,true,false,false,21,,,
V006371,C00538,2025-02-07,email,P030,Active Mat 30,true,false,false,39,,,
V006372,C00795,2025-08-27,organic_search,P006,Active Mat 06,false,false,false,26,,,
V006373,C00155,2025-03-02,social,P012,Essential Bag 12,true,false,false,75,WELCOME5,,
V006374,C00626,2025-05-29,direct,P017,Daily Lamp 17,true,false,false,21,,,
V006375,C00049,2025-03-03,direct,P006,Active Mat 06,true,true,false,58,,,
V006376,C00871,2025-03-30,direct,P013,Bright Organizer 13,true,true,false,40,,,
V006377,C00574,2025-03-13,direct,P006,Active Mat 06,true,false,false,55,,,
V006378,C00014,2025-03-04,paid_search,P028,Essential Bag 28,true,false,false,70,LOYALTY10,,
V006379,C00428,2025-04-07,direct,P016,Modern Serum 16,true,false,false,44,,,
V006380,C00760,2025-11-14,direct,P014,Active Mat 14,false,false,false,90,,,
V006381,C00797,2025-09-28,email,P023,Calm Cream 23,false,false,false,21,,,
V006382,C00376,2025-07-17,paid_search,P015,Calm Cream 15,true,true,false,84,WEEKEND15,,
V006383,C00543,2025-01-07,referral,P004,Essential Bag 04,true,false,false,51,,,
V006384,C00856,2025-04-28,referral,P016,Modern Serum 16,true,false,false,148,,,
V006385,C00490,2025-06-10,organic_search,P020,Essential Bag 20,true,false,false,77,,,
V006386,C00909,2025-08-06,organic_search,P018,Pure Band 18,true,true,false,94,,,
V006387,C00619,2025-06-20,social,P016,Modern Serum 16,true,false,false,87,,,
V006388,C00005,2025-07-05,paid_search,P016,Modern Serum 16,true,false,false,18,,,
V006389,C00792,2025-09-28,paid_search,P016,Modern Serum 16,false,false,false,77,,,
V006390,C00375,2025-10-27,direct,P016,Modern Serum 16,false,false,false,47,,,
V006391,C00079,2025-08-01,paid_search,P028,Essential Bag 28,true,false,false,42,,,
V006392,C00842,2025-06-17,referral,P010,Pure Band 10,true,false,false,214,WELCOME5,,
V006393,C00423,2025-01-31,organic_search,P007,Calm Cream 07,true,false,false,22,,,
V006394,C00390,2025-11-09,organic_search,P028,Essential Bag 28,true,false,false,93,,,
V006395,C00597,2025-11-08,social,P018,Pure Band 18,true,true,false,355,,,
V006396,C00454,2025-12-04,paid_search,P003,Urban Bottle 03,true,false,false,59,LOYALTY10,,
V006397,C00910,2025-06-26,referral,P018,Pure Band 18,true,false,false,33,,,
V006398,C00328,2025-09-26,organic_search,P016,Modern Serum 16,false,false,false,49,,,
V006399,C00683,2025-10-13,referral,P015,Calm Cream 15,true,true,false,56,,,
V006400,C00356,2025-07-18,direct,P028,Essential Bag 28,true,false,false,37,WEEKEND15,,
V006401,C00051,2025-07-07,organic_search,P019,Urban Bottle 19,true,true,false,48,,,
V006402,C00599,2025-09-18,paid_search,P023,Calm Cream 23,true,false,false,68,,,
V006403,C00451,2025-06-20,email,P001,Daily Lamp 01,true,false,false,57,WELCOME5,,
V006404,C00617,2025-11-27,organic_search,P004,Essential Bag 04,false,false,false,35,,,
V006405,C00001,2025-02-11,referral,P004,Essential Bag 04,true,true,false,322,,,
V006406,C00082,2025-05-14,email,P014,Active Mat 14,true,false,false,34,,,
V006407,C00139,2025-02-20,referral,P004,Essential Bag 04,true,false,false,95,,,
V006408,C00447,2025-08-07,social,P004,Essential Bag 04,true,false,false,48,,,
V006409,C00433,2025-12-11,organic_search,P016,Modern Serum 16,false,false,false,47,,,
V006410,C00525,2025-02-21,social,P005,Bright Organizer 05,true,false,false,54,,,
V006411,C00620,2025-03-21,organic_search,P003,Urban Bottle 03,true,false,false,25,,,
V006412,C00062,2025-03-29,direct,P017,Daily Lamp 17,true,true,false,163,,,
V006413,C00803,2025-12-22,organic_search,P019,Urban Bottle 19,false,false,false,29,,,
V006414,C00850,2025-09-10,organic_search,P028,Essential Bag 28,true,false,false,73,WEEKEND15,,
V006415,C00223,2025-11-26,direct,P018,Pure Band 18,false,false,false,242,,,
V006416,C00908,2025-03-03,organic_search,P021,Bright Organizer 21,true,false,false,45,LOYALTY10,,
V006417,C00192,2025-10-03,paid_search,P004,Essential Bag 04,true,false,false,30,,,
V006418,C00835,2025-02-06,paid_search,P026,Pure Band 26,true,false,false,100,WELCOME5,,
V006419,C00332,2025-05-26,organic_search,P024,Modern Serum 24,true,true,false,46,,,
V006420,C00224,2025-09-10,paid_search,P015,Calm Cream 15,true,false,false,254,,,
V006421,C00933,2025-05-31,organic_search,P012,Essential Bag 12,true,false,false,297,LOYALTY10,,
V006422,C00367,2025-10-05,direct,P001,Daily Lamp 01,true,false,false,36,WELCOME5,,
V006423,C00642,2025-11-06,email,P013,Bright Organizer 13,true,false,true,128,LOYALTY10,T005708,
V006424,C00197,2025-01-16,paid_search,P022,Active Mat 22,true,false,false,36,,,
V006425,C00693,2025-11-28,organic_search,P027,Urban Bottle 27,true,false,false,21,,,
V006426,C00936,2025-08-06,email,P025,Daily Lamp 25,true,false,false,64,,,
V006427,C00791,2025-06-01,social,P013,Bright Organizer 13,true,false,false,140,,,
V006428,C00833,2025-02-15,referral,P009,Daily Lamp 09,true,false,false,110,,,
V006429,C00281,2025-12-28,social,P022,Active Mat 22,true,false,false,46,WELCOME5,,
V006430,C00109,2025-11-04,direct,P008,Modern Serum 08,true,false,false,7,,,
V006431,C00890,2025-05-26,referral,P023,Calm Cream 23,true,false,true,99,,T002779,
V006432,C00328,2025-06-22,organic_search,P024,Modern Serum 24,true,false,false,75,,,
V006433,C00152,2025-03-04,email,P021,Bright Organizer 21,true,false,false,52,,,
V006434,C00718,2025-01-25,email,P018,Pure Band 18,true,false,false,46,LOYALTY10,,
V006435,C00069,2025-02-27,referral,P020,Essential Bag 20,true,false,false,11,,,
V006436,C00190,2025-08-18,social,P003,Urban Bottle 03,true,false,false,35,,,
V006437,C00609,2025-09-25,organic_search,P006,Active Mat 06,false,false,false,65,,,
V006438,C00196,2025-07-04,organic_search,P021,Bright Organizer 21,true,false,false,65,,,
V006439,C00906,2025-01-22,direct,P007,Calm Cream 07,true,false,false,37,,,
V006440,C00650,2025-09-24,direct,P001,Daily Lamp 01,true,false,false,19,,,
V006441,C00284,2025-11-30,organic_search,P029,Bright Organizer 29,true,false,false,15,,,
V006442,C00709,2025-10-19,direct,P018,Pure Band 18,true,false,false,55,WEEKEND15,,
V006443,C00542,2025-10-11,organic_search,P022,Active Mat 22,true,false,false,107,,,
V006444,C00569,2025-02-14,paid_search,P003,Urban Bottle 03,true,false,false,55,LOYALTY10,,
V006445,C00763,2025-07-03,email,P024,Modern Serum 24,true,false,false,19,,,
V006446,C00662,2025-02-20,paid_search,P011,Urban Bottle 11,true,true,false,50,,,
V006447,C00150,2025-12-10,social,P009,Daily Lamp 09,true,true,true,302,,T006259,
V006448,C00486,2025-05-02,social,P004,Essential Bag 04,true,false,false,38,WELCOME5,,
V006449,C00970,2025-11-22,paid_search,P010,Pure Band 10,true,true,false,84,,,
V006450,C00589,2025-04-16,email,P002,Pure Band 02,true,false,false,44,LOYALTY10,,
V006451,C00776,2025-08-30,direct,P030,Active Mat 30,true,false,false,79,,,
V006452,C00858,2025-11-22,email,P023,Calm Cream 23,true,false,false,25,WELCOME5,,
V006453,C00134,2025-01-16,direct,P017,Daily Lamp 17,true,false,true,74,,T000291,
V006454,C00856,2025-04-06,direct,P021,Bright Organizer 21,true,false,true,195,,T001835,
V006455,C00126,2025-04-15,paid_search,P005,Bright Organizer 05,true,false,false,78,,,
V006456,C00014,2025-10-15,organic_search,P003,Urban Bottle 03,true,false,false,48,WELCOME5,,
V006457,C00813,2025-01-16,social,P028,Essential Bag 28,true,false,false,26,,,
V006458,C00829,2025-09-13,social,P030,Active Mat 30,true,false,false,20,,,
V006459,C00645,2025-10-04,organic_search,P028,Essential Bag 28,true,false,false,17,,,
V006460,C00808,2025-11-23,referral,P013,Bright Organizer 13,true,false,true,131,,T005994,
V006461,C00261,2025-12-14,organic_search,P025,Daily Lamp 25,true,false,false,44,,,
V006462,C00604,2025-01-21,direct,P020,Essential Bag 20,true,false,false,32,,,
V006463,C00858,2025-07-26,email,P024,Modern Serum 24,true,false,false,105,,,
V006464,C00874,2025-07-29,social,P006,Active Mat 06,false,false,false,33,,,
V006465,C00930,2025-10-08,organic_search,P016,Modern Serum 16,true,false,false,60,,,
V006466,C00039,2025-03-28,organic_search,P028,Essential Bag 28,true,false,false,34,,,
V006467,C00610,2025-09-25,social,P003,Urban Bottle 03,true,false,false,51,,,
V006468,C00399,2025-06-24,email,P007,Calm Cream 07,true,true,false,38,LOYALTY10,,
V006469,C00534,2025-09-13,social,P005,Bright Organizer 05,true,false,false,36,,,
V006470,C00351,2025-10-02,organic_search,P006,Active Mat 06,true,false,false,26,LOYALTY10,,
V006471,C00771,2025-07-22,direct,P023,Calm Cream 23,false,false,false,578,,,
V006472,C00007,2025-04-17,social,P009,Daily Lamp 09,true,false,false,25,WELCOME5,,
V006473,C00359,2025-01-21,social,P015,Calm Cream 15,true,false,true,88,WELCOME5,T000390,
V006474,C00290,2025-01-03,social,P021,Bright Organizer 21,true,false,false,41,,,
V006475,C00686,2025-07-31,social,P011,Urban Bottle 11,true,false,false,112,,,
V006476,C00188,2025-06-16,email,P007,Calm Cream 07,true,false,false,80,,,
V006477,C00652,2025-08-05,social,P028,Essential Bag 28,true,false,false,36,,,
V006478,C00967,2025-01-30,email,P006,Active Mat 06,true,false,false,57,,,
V006479,C00898,2025-12-24,referral,P028,Essential Bag 28,true,false,false,82,,,
V006480,C00367,2025-05-10,paid_search,P007,Calm Cream 07,true,true,false,77,,,
V006481,C00176,2025-12-03,email,P024,Modern Serum 24,true,false,false,22,,,
V006482,C00260,2025-12-23,social,P019,Urban Bottle 19,false,false,false,39,,,
V006483,C00507,2025-07-05,email,P003,Urban Bottle 03,true,false,false,54,,,
V006484,C00782,2025-09-19,referral,P002,Pure Band 02,true,false,false,263,,,
V006485,C00569,2025-11-13,email,P013,Bright Organizer 13,true,true,true,26,WELCOME5,T005853,
V006486,C00189,2025-10-11,direct,P005,Bright Organizer 05,true,false,false,32,,,
V006487,C00989,2025-09-18,organic_search,P012,Essential Bag 12,true,false,false,24,,,
V006488,C00336,2025-03-27,email,P021,Bright Organizer 21,true,false,false,13,,,
V006489,C00502,2025-10-28,organic_search,P014,Active Mat 14,false,false,false,98,,,
V006490,C00529,2025-04-14,organic_search,P009,Daily Lamp 09,true,false,false,82,,,
V006491,C00839,2025-03-30,organic_search,P021,Bright Organizer 21,true,false,false,77,,,
V006492,C00634,2025-02-01,organic_search,P017,Daily Lamp 17,true,false,false,60,,,
V006493,C00471,2025-01-11,paid_search,P007,Calm Cream 07,true,true,false,212,,,
V006494,C00023,2025-06-15,direct,P019,Urban Bottle 19,true,false,false,48,,,
V006495,C00426,2025-03-28,email,P019,Urban Bottle 19,true,false,false,40,,,
V006496,C00856,2025-03-03,organic_search,P009,Daily Lamp 09,true,false,false,49,,,
V006497,C00298,2025-08-07,organic_search,P010,Pure Band 10,true,false,false,49,WELCOME5,,
V006498,C00617,2025-04-22,email,P001,Daily Lamp 01,true,false,false,13,WELCOME5,,
V006499,C00740,2025-06-06,direct,P011,Urban Bottle 11,true,true,false,97,,,
V006500,C00270,2025-04-03,paid_search,P017,Daily Lamp 17,true,true,false,28,LOYALTY10,,
V006501,C00513,2025-09-13,organic_search,P018,Pure Band 18,true,false,false,11,,,
V006502,C00052,2025-10-02,direct,P022,Active Mat 22,true,false,false,240,,,
V006503,C00944,2025-01-23,organic_search,P003,Urban Bottle 03,true,true,false,94,,,
V006504,C00116,2025-10-24,organic_search,P005,Bright Organizer 05,true,false,false,17,,,
V006505,C00244,2025-05-05,paid_search,P027,Urban Bottle 27,true,true,true,187,,T002392,
V006506,C00836,2025-03-10,direct,P027,Urban Bottle 27,true,false,false,86,,,
V006507,C00145,2025-11-03,social,P017,Daily Lamp 17,true,false,false,89,,,
V006508,C00013,2025-02-22,social,P013,Bright Organizer 13,true,false,false,43,,,
V006509,C00813,2025-09-26,direct,P012,Essential Bag 12,false,false,false,66,,,
V006510,C00074,2025-09-13,organic_search,P017,Daily Lamp 17,true,true,false,62,LOYALTY10,,
V006511,C00826,2025-05-03,paid_search,P026,Pure Band 26,true,false,false,14,,,
V006512,C00562,2025-06-19,email,P029,Bright Organizer 29,true,false,false,22,,,
V006513,C00243,2025-05-29,direct,P030,Active Mat 30,true,false,false,29,,,
V006514,C00189,2025-10-08,email,P018,Pure Band 18,true,false,false,12,,,
V006515,C00292,2025-06-16,direct,P007,Calm Cream 07,true,false,true,6,,T003175,
V006516,C00316,2025-04-20,organic_search,P014,Active Mat 14,true,false,false,9,,,
V006517,C00687,2025-03-16,social,P001,Daily Lamp 01,true,false,false,182,,,
V006518,C00880,2025-08-09,organic_search,P006,Active Mat 06,true,false,false,15,,,
V006519,C00822,2025-03-30,social,P028,Essential Bag 28,true,true,true,123,,T001703,
V006520,C00966,2025-07-29,social,P025,Daily Lamp 25,true,false,false,52,,,
V006521,C00799,2025-01-18,social,P020,Essential Bag 20,true,false,false,22,LOYALTY10,,
V006522,C00291,2025-10-13,social,P022,Active Mat 22,true,false,false,81,,,
V006523,C00261,2025-10-19,organic_search,P002,Pure Band 02,true,false,false,21,,,
V006524,C00450,2025-07-30,email,P001,Daily Lamp 01,false,false,false,167,WELCOME5,,
V006525,C00714,2025-12-27,organic_search,P002,Pure Band 02,true,false,false,14,,,
V006526,C00538,2025-01-10,social,P004,Essential Bag 04,true,true,false,97,,,
V006527,C00772,2025-08-10,email,P010,Pure Band 10,true,false,false,34,,,
V006528,C00178,2025-07-13,organic_search,P030,Active Mat 30,true,true,false,160,,,
V006529,C00774,2025-10-16,direct,P008,Modern Serum 08,true,true,true,31,WEEKEND15,T005364,
V006530,C00535,2025-09-13,organic_search,P001,Daily Lamp 01,true,false,false,42,,,
V006531,C00420,2025-02-17,paid_search,P001,Daily Lamp 01,true,false,false,17,,,
V006532,C00063,2025-04-24,organic_search,P008,Modern Serum 08,true,false,false,75,,,
V006533,C00108,2025-07-07,organic_search,P011,Urban Bottle 11,true,false,false,75,,,
V006534,C00936,2025-12-31,paid_search,P019,Urban Bottle 19,false,false,false,45,,,
V006535,C00886,2025-02-09,direct,P028,Essential Bag 28,true,false,false,29,,,
V006536,C00856,2025-11-16,social,P014,Active Mat 14,false,false,false,91,,,
V006537,C00613,2025-03-09,organic_search,P018,Pure Band 18,true,false,false,84,,,
V006538,C00806,2025-11-30,organic_search,P013,Bright Organizer 13,true,false,false,53,WEEKEND15,,
V006539,C00739,2025-08-25,organic_search,P021,Bright Organizer 21,true,false,false,101,,,
V006540,C00617,2025-06-07,paid_search,P025,Daily Lamp 25,true,false,false,14,,,
V006541,C00371,2025-02-11,email,P011,Urban Bottle 11,true,false,false,38,,,
V006542,C00235,2025-05-17,organic_search,P016,Modern Serum 16,true,true,false,32,,,
V006543,C00732,2025-02-13,paid_search,P023,Calm Cream 23,true,false,false,20,,,
V006544,C00367,2025-10-10,paid_search,P005,Bright Organizer 05,true,false,false,222,,,
V006545,C00950,2025-01-18,organic_search,P017,Daily Lamp 17,true,false,false,63,,,
V006546,C00110,2025-02-24,organic_search,P019,Urban Bottle 19,true,false,false,51,,,
V006547,C00305,2025-09-02,social,P021,Bright Organizer 21,true,false,false,34,,,
V006548,C00119,2025-10-17,email,P018,Pure Band 18,true,false,false,126,,,
V006549,C00004,2025-01-05,referral,P021,Bright Organizer 21,true,false,false,37,,,
V006550,C00549,2025-08-13,social,P001,Daily Lamp 01,true,false,true,89,,T004250,
V006551,C00703,2025-01-01,direct,P003,Urban Bottle 03,true,false,false,56,,,
V006552,C00744,2025-06-16,organic_search,P028,Essential Bag 28,true,false,false,39,,,
V006553,C00284,2025-07-03,organic_search,P004,Essential Bag 04,true,false,false,8,,,
V006554,C00257,2025-07-06,social,P015,Calm Cream 15,true,false,false,18,,,
V006555,C00355,2025-01-01,email,P005,Bright Organizer 05,true,false,false,56,,,
V006556,C00445,2025-03-25,direct,P012,Essential Bag 12,true,false,false,146,,,
V006557,C00536,2025-05-08,direct,P009,Daily Lamp 09,true,false,false,34,,,
V006558,C00660,2025-07-03,referral,P028,Essential Bag 28,true,false,false,482,,,
V006559,C00937,2025-01-15,referral,P015,Calm Cream 15,true,false,true,202,,T000274,
V006560,C00288,2025-09-09,social,P018,Pure Band 18,true,false,false,223,LOYALTY10,,
V006561,C00641,2025-01-19,paid_search,P002,Pure Band 02,true,false,false,95,,,
V006562,C00323,2025-10-26,email,P016,Modern Serum 16,false,false,false,110,,,
V006563,C00540,2025-04-12,referral,P005,Bright Organizer 05,true,false,false,26,,,
V006564,C00950,2025-12-24,direct,P030,Active Mat 30,false,false,false,83,,,
V006565,C00093,2025-02-12,direct,P020,Essential Bag 20,true,true,true,245,,T000799,
V006566,C00972,2025-05-04,paid_search,P030,Active Mat 30,true,false,false,68,,,
V006567,C00801,2025-07-22,social,P001,Daily Lamp 01,true,false,true,71,,T003859,
V006568,C00070,2025-05-25,email,P019,Urban Bottle 19,true,false,true,135,,T002756,
V006569,C00745,2025-07-01,organic_search,P011,Urban Bottle 11,true,false,false,118,,,
V006570,C00437,2025-08-08,email,P007,Calm Cream 07,true,false,false,165,,,
V006571,C00363,2025-07-17,email,P012,Essential Bag 12,true,false,false,119,,,
V006572,C00943,2025-03-20,organic_search,P021,Bright Organizer 21,true,false,true,362,LOYALTY10,T001486,
V006573,C00953,2025-09-04,direct,P002,Pure Band 02,true,false,false,12,,,
V006574,C00644,2025-03-25,organic_search,P018,Pure Band 18,true,false,false,54,,,
V006575,C00635,2025-01-23,organic_search,P009,Daily Lamp 09,true,false,false,37,WEEKEND15,,
V006576,C00044,2025-01-29,email,P017,Daily Lamp 17,true,false,false,68,,,
V006577,C00390,2025-11-09,social,P019,Urban Bottle 19,true,true,false,25,WEEKEND15,,
V006578,C00015,2025-05-15,organic_search,P006,Active Mat 06,true,false,false,31,,,
V006579,C00490,2025-08-02,email,P026,Pure Band 26,true,true,true,136,,T004023,
V006580,C00380,2025-05-26,organic_search,P013,Bright Organizer 13,true,false,false,28,LOYALTY10,,
V006581,C00909,2025-04-11,social,P011,Urban Bottle 11,true,false,false,23,LOYALTY10,,
V006582,C00830,2025-10-06,email,P007,Calm Cream 07,true,false,false,484,,,
V006583,C00321,2025-11-12,social,P014,Active Mat 14,true,true,true,233,,T005833,
V006584,C00886,2025-03-24,paid_search,P015,Calm Cream 15,true,false,false,27,,,
V006585,C00652,2025-08-07,email,P021,Bright Organizer 21,true,false,false,60,,,
V006586,C00136,2025-09-26,organic_search,P003,Urban Bottle 03,true,false,false,27,,,
V006587,C00980,2025-08-03,organic_search,P003,Urban Bottle 03,true,false,false,46,,,
V006588,C00379,2025-04-17,organic_search,P030,Active Mat 30,true,true,false,94,WELCOME5,,
V006589,C00591,2025-07-11,email,P019,Urban Bottle 19,true,false,false,19,,,
V006590,C00400,2025-05-15,direct,P026,Pure Band 26,true,true,false,205,,,
V006591,C00742,2025-09-14,paid_search,P028,Essential Bag 28,true,false,false,54,,,
V006592,C00001,2025-04-04,direct,P028,Essential Bag 28,true,false,false,47,,,
V006593,C00893,2025-12-02,paid_search,P015,Calm Cream 15,true,false,false,64,,,
V006594,C00244,2025-02-23,email,P007,Calm Cream 07,true,true,false,37,,,
V006595,C00742,2025-02-05,email,P014,Active Mat 14,true,false,false,25,,,
V006596,C00205,2025-09-04,social,P020,Essential Bag 20,true,false,false,57,,,
V006597,C00898,2025-12-04,social,P021,Bright Organizer 21,true,false,false,57,LOYALTY10,,
V006598,C00228,2025-09-17,organic_search,P013,Bright Organizer 13,true,false,false,154,,,
V006599,C00613,2025-01-23,organic_search,P024,Modern Serum 24,true,false,false,42,,,
V006600,C00402,2025-05-10,organic_search,P001,Daily Lamp 01,true,false,false,147,,,
V006601,C00149,2025-07-27,direct,P028,Essential Bag 28,true,false,false,12,,,
V006602,C00219,2025-09-24,organic_search,P024,Modern Serum 24,true,false,false,43,,,
V006603,C00757,2025-06-12,social,P030,Active Mat 30,true,false,false,19,,,
V006604,C00882,2025-01-07,paid_search,P005,Bright Organizer 05,true,false,true,281,,T000125,
V006605,C00076,2025-03-07,social,P022,Active Mat 22,true,false,false,37,,,
V006606,C00040,2025-01-28,organic_search,P030,Active Mat 30,true,false,false,59,,,
V006607,C00559,2025-03-10,email,P002,Pure Band 02,true,false,false,43,,,
V006608,C00079,2025-01-30,organic_search,P010,Pure Band 10,true,false,false,31,,,
V006609,C00573,2025-05-02,referral,P022,Active Mat 22,true,false,false,98,,,
V006610,C00572,2025-05-04,social,P004,Essential Bag 04,true,false,false,66,LOYALTY10,,
V006611,C00743,2025-08-17,direct,P003,Urban Bottle 03,true,false,false,247,WEEKEND15,,
V006612,C00784,2025-08-30,direct,P018,Pure Band 18,true,false,false,23,,,
V006613,C00044,2025-04-28,email,P020,Essential Bag 20,true,true,false,173,,,
V006614,C00767,2025-07-02,direct,P014,Active Mat 14,true,true,false,86,,,
V006615,C00843,2025-04-12,direct,P020,Essential Bag 20,true,false,false,48,,,
V006616,C00086,2025-03-29,social,P015,Calm Cream 15,true,false,false,126,,,
V006617,C00442,2025-06-01,email,P013,Bright Organizer 13,true,false,false,181,WEEKEND15,,
V006618,C00634,2025-07-10,paid_search,P026,Pure Band 26,true,false,false,129,WEEKEND15,,
V006619,C00356,2025-05-10,direct,P012,Essential Bag 12,true,false,false,71,,,
V006620,C00301,2025-03-16,organic_search,P011,Urban Bottle 11,true,false,false,39,,,
V006621,C00412,2025-05-21,organic_search,P014,Active Mat 14,true,false,false,64,,,
V006622,C00508,2025-12-21,organic_search,P017,Daily Lamp 17,true,false,false,27,,,
V006623,C00442,2025-10-20,direct,P029,Bright Organizer 29,true,false,false,153,,,
V006624,C00807,2025-06-03,organic_search,P016,Modern Serum 16,true,false,false,67,,,
V006625,C00288,2025-03-17,organic_search,P006,Active Mat 06,true,false,false,39,WELCOME5,,
V006626,C00048,2025-02-19,social,P002,Pure Band 02,true,false,false,83,,,
V006627,C00581,2025-07-29,direct,P013,Bright Organizer 13,true,false,false,21,LOYALTY10,,
V006628,C00620,2025-12-06,organic_search,P026,Pure Band 26,true,false,false,36,,,
V006629,C00030,2025-08-02,email,P020,Essential Bag 20,true,false,true,77,,T004026,
V006630,C00735,2025-04-04,paid_search,P024,Modern Serum 24,true,true,true,136,,T001782,
V006631,C00156,2025-03-01,direct,P019,Urban Bottle 19,true,false,false,82,,,
V006632,C00405,2025-02-19,paid_search,P011,Urban Bottle 11,true,false,false,43,,,
V006633,C00113,2025-09-24,paid_search,P012,Essential Bag 12,false,false,false,46,,,
V006634,C00568,2025-03-08,social,P004,Essential Bag 04,true,false,false,136,LOYALTY10,,
V006635,C00618,2025-08-10,direct,P004,Essential Bag 04,true,false,false,38,LOYALTY10,,
V006636,C00656,2025-12-04,organic_search,P024,Modern Serum 24,true,true,false,15,,,
V006637,C00641,2025-06-26,paid_search,P024,Modern Serum 24,true,false,false,31,,,
V006638,C00364,2025-10-23,organic_search,P028,Essential Bag 28,true,false,false,14,,,
V006639,C00172,2025-10-05,social,P018,Pure Band 18,true,false,false,331,,,
V006640,C00983,2025-07-14,paid_search,P018,Pure Band 18,true,true,false,351,,,
V006641,C00598,2025-06-12,organic_search,P011,Urban Bottle 11,true,false,false,13,,,
V006642,C00329,2025-07-12,organic_search,P021,Bright Organizer 21,true,false,false,30,,,
V006643,C00901,2025-05-18,referral,P014,Active Mat 14,true,false,false,16,,,
V006644,C00332,2025-04-09,direct,P026,Pure Band 26,true,false,false,112,,,
V006645,C00020,2025-10-11,organic_search,P027,Urban Bottle 27,true,false,false,45,,,
V006646,C00483,2025-08-09,email,P007,Calm Cream 07,true,false,false,19,,,
V006647,C00587,2025-03-05,social,P017,Daily Lamp 17,true,false,false,84,,,
V006648,C00864,2025-11-01,direct,P015,Calm Cream 15,true,false,false,30,,,
V006649,C00430,2025-04-29,referral,P019,Urban Bottle 19,true,false,false,174,,,
V006650,C00458,2025-06-20,direct,P014,Active Mat 14,true,true,false,44,,,
V006651,C00266,2025-07-07,paid_search,P014,Active Mat 14,true,false,false,16,LOYALTY10,,
V006652,C00276,2025-12-01,organic_search,P015,Calm Cream 15,true,false,false,329,,,
V006653,C00023,2025-07-23,email,P018,Pure Band 18,true,false,false,11,,,
V006654,C00089,2025-07-16,organic_search,P030,Active Mat 30,true,true,false,74,,,
V006655,C00888,2025-08-15,social,P026,Pure Band 26,true,true,false,122,,,
V006656,C00401,2025-11-25,email,P021,Bright Organizer 21,true,true,false,50,,,
V006657,C00418,2025-01-29,organic_search,P024,Modern Serum 24,true,true,true,171,LOYALTY10,T000554,
V006658,C00826,2025-06-04,organic_search,P012,Essential Bag 12,true,false,false,196,,,
V006659,C00072,2025-03-26,email,P014,Active Mat 14,true,true,false,200,,,
V006660,C00901,2025-04-14,paid_search,P022,Active Mat 22,true,true,false,32,WELCOME5,,
V006661,C00837,2025-02-06,social,P027,Urban Bottle 27,true,false,false,64,,,
V006662,C00017,2025-01-03,social,P023,Calm Cream 23,true,true,false,489,,,
V006663,C00643,2025-03-27,direct,P015,Calm Cream 15,true,true,false,59,WEEKEND15,,
V006664,C00582,2025-08-15,paid_search,P006,Active Mat 06,true,false,false,75,,,
V006665,C00246,2025-08-20,organic_search,P016,Modern Serum 16,false,false,false,31,,,
V006666,C00607,2025-07-10,direct,P006,Active Mat 06,true,false,false,45,,,
V006667,C00150,2025-07-05,email,P015,Calm Cream 15,true,false,false,31,,,
V006668,C00094,2025-07-26,direct,P006,Active Mat 06,false,false,false,58,WELCOME5,,
V006669,C00516,2025-03-21,paid_search,P027,Urban Bottle 27,true,false,false,46,,,
V006670,C00812,2025-02-03,email,P020,Essential Bag 20,true,false,false,36,,,
V006671,C00687,2025-04-16,social,P014,Active Mat 14,true,false,false,31,,,
V006672,C00024,2025-01-13,direct,P030,Active Mat 30,true,false,false,58,WELCOME5,,
V006673,C00654,2025-01-24,organic_search,P002,Pure Band 02,true,false,false,107,,,
V006674,C00798,2025-07-12,email,P027,Urban Bottle 27,true,true,true,230,,T003669,
V006675,C00976,2025-09-09,organic_search,P021,Bright Organizer 21,true,false,false,27,,,
V006676,C00160,2025-12-02,email,P021,Bright Organizer 21,true,false,false,97,,,
V006677,C00499,2025-08-30,paid_search,P019,Urban Bottle 19,false,false,false,45,,,
V006678,C00844,2025-02-14,paid_search,P026,Pure Band 26,true,false,false,61,,,
V006679,C00571,2025-06-16,social,P011,Urban Bottle 11,true,false,true,109,,T003177,
V006680,C00952,2025-12-23,organic_search,P030,Active Mat 30,false,false,false,56,,,
V006681,C00869,2025-11-30,social,P004,Essential Bag 04,false,false,false,11,LOYALTY10,,
V006682,C00878,2025-09-09,social,P009,Daily Lamp 09,true,false,false,145,,,
V006683,C00335,2025-03-12,direct,P011,Urban Bottle 11,true,false,false,106,,,
V006684,C00172,2025-10-07,referral,P003,Urban Bottle 03,true,false,false,12,,,
V006685,C00107,2025-03-21,social,P027,Urban Bottle 27,true,false,false,57,,,
V006686,C00257,2025-12-30,organic_search,P025,Daily Lamp 25,true,false,false,50,,,
V006687,C00046,2025-01-22,social,P011,Urban Bottle 11,true,false,false,55,,,
V006688,C00793,2025-03-22,paid_search,P014,Active Mat 14,true,false,false,103,LOYALTY10,,
V006689,C00292,2025-01-17,email,P015,Calm Cream 15,true,false,false,50,,,
V006690,C00719,2025-12-16,direct,P024,Modern Serum 24,true,false,false,66,,,
V006691,C00055,2025-07-11,organic_search,P027,Urban Bottle 27,true,false,false,85,,,
V006692,C00778,2025-11-15,referral,P004,Essential Bag 04,false,false,false,60,LOYALTY10,,
V006693,C00625,2025-04-25,social,P018,Pure Band 18,true,false,false,81,,,
V006694,C00557,2025-09-16,paid_search,P011,Urban Bottle 11,true,true,false,27,,,
V006695,C00799,2025-04-06,paid_search,P027,Urban Bottle 27,true,false,false,117,,,
V006696,C00579,2025-12-15,organic_search,P020,Essential Bag 20,true,false,false,60,,,
V006697,C00477,2025-05-13,social,P016,Modern Serum 16,true,false,false,24,WELCOME5,,
V006698,C00052,2025-09-18,social,P018,Pure Band 18,true,false,false,30,,,
V006699,C00869,2025-07-13,email,P017,Daily Lamp 17,true,false,false,111,LOYALTY10,,
V006700,C00543,2025-10-26,organic_search,P010,Pure Band 10,true,false,false,55,,,
V006701,C00952,2025-07-01,social,P005,Bright Organizer 05,true,true,false,13,WELCOME5,,
V006702,C00949,2025-05-16,paid_search,P001,Daily Lamp 01,true,true,false,25,,,
V006703,C00277,2025-08-05,email,P003,Urban Bottle 03,true,true,false,84,,,
V006704,C00597,2025-09-28,email,P012,Essential Bag 12,false,false,false,75,,,
V006705,C00938,2025-11-14,social,P013,Bright Organizer 13,true,false,false,58,WEEKEND15,,
V006706,C00914,2025-04-21,organic_search,P018,Pure Band 18,true,false,false,82,,,
V006707,C00637,2025-10-11,email,P002,Pure Band 02,true,false,false,108,,,
V006708,C00255,2025-08-24,organic_search,P022,Active Mat 22,true,false,false,48,WELCOME5,,
V006709,C00817,2025-04-17,organic_search,P017,Daily Lamp 17,true,false,false,65,,,
V006710,C00672,2025-04-26,paid_search,P025,Daily Lamp 25,true,true,false,121,,,
V006711,C00098,2025-03-24,organic_search,P024,Modern Serum 24,true,true,false,44,,,
V006712,C00472,2025-09-28,email,P028,Essential Bag 28,true,false,false,42,,,
V006713,C00673,2025-04-07,organic_search,P015,Calm Cream 15,true,false,false,95,LOYALTY10,,
V006714,C00144,2025-10-14,paid_search,P020,Essential Bag 20,true,false,false,14,,,
V006715,C00285,2025-07-04,paid_search,P011,Urban Bottle 11,true,false,false,165,,,
V006716,C00617,2025-08-11,email,P030,Active Mat 30,true,false,false,40,,,
V006717,C00689,2025-11-01,direct,P028,Essential Bag 28,true,false,false,39,,,
V006718,C00070,2025-04-07,email,P010,Pure Band 10,true,false,false,23,LOYALTY10,,
V006719,C00164,2025-04-14,organic_search,P010,Pure Band 10,true,true,false,34,,,
V006720,C00863,2025-05-17,social,P011,Urban Bottle 11,true,false,false,25,WEEKEND15,,
V006721,C00887,2025-07-28,paid_search,P006,Active Mat 06,false,false,false,56,,,
V006722,C00541,2025-07-27,email,P028,Essential Bag 28,true,false,false,136,,,
V006723,C00561,2025-02-01,email,P011,Urban Bottle 11,true,false,false,32,,,
V006724,C00147,2025-03-17,direct,P023,Calm Cream 23,true,false,false,84,WEEKEND15,,
V006725,C00010,2025-04-13,email,P029,Bright Organizer 29,true,true,true,100,,T001965,
V006726,C00265,2025-02-07,paid_search,P009,Daily Lamp 09,true,false,false,19,,,
V006727,C00275,2025-05-12,social,P005,Bright Organizer 05,true,true,false,117,WELCOME5,,
V006728,C00490,2025-05-16,direct,P005,Bright Organizer 05,true,true,false,254,WELCOME5,,
V006729,C00471,2025-07-18,organic_search,P021,Bright Organizer 21,true,false,false,200,WELCOME5,,
V006730,C00193,2025-08-09,paid_search,P001,Daily Lamp 01,true,false,true,73,WEEKEND15,T004175,
V006731,C00208,2025-03-07,organic_search,P028,Essential Bag 28,true,true,false,54,,,
V006732,C00109,2025-10-05,social,P014,Active Mat 14,true,false,false,39,,,
V006733,C00874,2025-06-05,referral,P019,Urban Bottle 19,true,true,false,18,,,
V006734,C00857,2025-01-21,organic_search,P028,Essential Bag 28,true,false,false,50,,,
V006735,C00673,2025-06-29,paid_search,P023,Calm Cream 23,false,false,false,34,WELCOME5,,
V006736,C00762,2025-01-07,referral,P023,Calm Cream 23,true,false,false,33,WEEKEND15,,
V006737,C00076,2025-10-29,organic_search,P016,Modern Serum 16,false,false,false,47,,,
V006738,C00366,2025-08-06,organic_search,P027,Urban Bottle 27,true,false,false,76,,,
V006739,C00306,2025-06-26,email,P027,Urban Bottle 27,true,true,true,109,,T003382,
V006740,C00244,2025-08-10,social,P023,Calm Cream 23,true,false,false,18,,,
V006741,C00339,2025-09-29,email,P027,Urban Bottle 27,true,false,false,69,LOYALTY10,,
V006742,C00921,2025-03-07,organic_search,P021,Bright Organizer 21,true,false,false,53,,,
V006743,C00190,2025-07-08,social,P018,Pure Band 18,true,false,false,121,,,
V006744,C00083,2025-10-28,social,P024,Modern Serum 24,true,true,false,321,,,
V006745,C00443,2025-09-22,paid_search,P017,Daily Lamp 17,true,true,false,106,,,
V006746,C00777,2025-07-08,email,P026,Pure Band 26,true,true,false,55,,,
V006747,C00624,2025-07-22,social,P011,Urban Bottle 11,true,false,true,55,,T003852,
V006748,C00669,2025-01-08,email,P004,Essential Bag 04,true,false,false,24,,,
V006749,C00976,2025-12-29,referral,P012,Essential Bag 12,false,false,false,32,,,
V006750,C00736,2025-06-19,organic_search,P011,Urban Bottle 11,true,false,false,91,,,
V006751,C00429,2025-08-03,email,P010,Pure Band 10,true,false,false,127,,,
V006752,C00912,2025-06-08,social,P011,Urban Bottle 11,true,false,false,37,,,
V006753,C00496,2025-11-13,paid_search,P010,Pure Band 10,true,false,false,809,,,
V006754,C00526,2025-08-15,social,P025,Daily Lamp 25,true,false,false,11,,,
V006755,C00376,2025-02-02,email,P013,Bright Organizer 13,true,false,false,49,,,
V006756,C00832,2025-01-14,email,P010,Pure Band 10,true,false,false,33,,,
V006757,C00209,2025-08-30,social,P005,Bright Organizer 05,false,false,false,27,,,
V006758,C00906,2025-08-01,social,P027,Urban Bottle 27,true,false,false,58,,,
V006759,C00623,2025-12-31,email,P028,Essential Bag 28,true,true,false,82,WEEKEND15,,
V006760,C00575,2025-04-04,social,P008,Modern Serum 08,true,true,false,30,,,
V006761,C00173,2025-03-21,email,P019,Urban Bottle 19,true,false,false,22,,,
V006762,C00818,2025-01-05,social,P021,Bright Organizer 21,true,false,false,31,,,
V006763,C00269,2025-04-29,organic_search,P008,Modern Serum 08,true,false,false,17,,,
V006764,C00082,2025-03-27,organic_search,P004,Essential Bag 04,true,true,false,30,,,
V006765,C00411,2025-11-23,social,P027,Urban Bottle 27,true,false,false,140,,,
V006766,C00664,2025-02-06,social,P018,Pure Band 18,true,true,true,222,,T000694,
V006767,C00789,2025-12-15,social,P015,Calm Cream 15,true,false,true,10,LOYALTY10,T006343,
V006768,C00305,2025-11-02,direct,P026,Pure Band 26,true,true,true,112,WELCOME5,T005620,
V006769,C00631,2025-02-16,paid_search,P029,Bright Organizer 29,true,false,false,131,,,
V006770,C00153,2025-03-29,email,P011,Urban Bottle 11,true,false,false,101,,,
V006771,C00934,2025-11-07,paid_search,P025,Daily Lamp 25,true,false,false,64,,,
V006772,C00384,2025-01-29,referral,P009,Daily Lamp 09,true,false,false,215,,,
V006773,C00567,2025-01-11,referral,P024,Modern Serum 24,true,false,false,12,,,
V006774,C00241,2025-10-24,email,P021,Bright Organizer 21,true,true,true,390,,T005505,
V006775,C00932,2025-11-27,paid_search,P018,Pure Band 18,false,false,false,56,,,
V006776,C00049,2025-12-26,direct,P022,Active Mat 22,true,false,false,136,,,
V006777,C00746,2025-01-11,email,P027,Urban Bottle 27,true,false,false,21,,,
V006778,C00479,2025-01-14,email,P015,Calm Cream 15,true,true,true,289,WEEKEND15,T000251,
V006779,C00875,2025-05-04,direct,P025,Daily Lamp 25,true,false,false,25,,,
V006780,C00638,2025-05-12,social,P019,Urban Bottle 19,true,false,false,44,WEEKEND15,,
V006781,C00221,2025-04-09,referral,P024,Modern Serum 24,true,false,false,73,,,
V006782,C00649,2025-05-29,organic_search,P025,Daily Lamp 25,true,false,false,115,WELCOME5,,
V006783,C00640,2025-10-05,social,P028,Essential Bag 28,true,false,false,130,,,
V006784,C00210,2025-03-28,organic_search,P017,Daily Lamp 17,true,true,false,7,,,
V006785,C00988,2025-11-21,email,P018,Pure Band 18,false,false,false,26,,,
V006786,C00661,2025-03-02,direct,P007,Calm Cream 07,true,false,false,17,WEEKEND15,,
V006787,C00107,2025-12-20,organic_search,P021,Bright Organizer 21,true,false,false,117,WEEKEND15,,
V006788,C00512,2025-12-17,direct,P009,Daily Lamp 09,true,false,false,117,,,
V006789,C00895,2025-09-23,organic_search,P014,Active Mat 14,false,false,false,63,WEEKEND15,,
V006790,C00580,2025-07-27,direct,P030,Active Mat 30,true,false,false,25,,,
V006791,C00096,2025-07-02,email,P016,Modern Serum 16,true,false,false,29,,,
V006792,C00282,2025-11-30,referral,P020,Essential Bag 20,true,false,false,68,,,
V006793,C00993,2025-12-28,organic_search,P021,Bright Organizer 21,true,false,false,74,,,
V006794,C00914,2025-02-12,social,P005,Bright Organizer 05,true,false,false,35,,,
V006795,C00507,2025-04-01,social,P009,Daily Lamp 09,true,true,false,62,,,
V006796,C00481,2025-07-13,paid_search,P027,Urban Bottle 27,true,false,false,51,LOYALTY10,,
V006797,C00444,2025-02-12,direct,P025,Daily Lamp 25,true,false,false,46,,,
V006798,C00407,2025-02-10,organic_search,P011,Urban Bottle 11,true,false,false,121,,,
V006799,C00247,2025-06-20,organic_search,P014,Active Mat 14,true,false,false,19,,,
V006800,C00283,2025-11-17,direct,P026,Pure Band 26,true,false,false,80,,,
V006801,C00688,2025-05-05,organic_search,P019,Urban Bottle 19,true,true,false,110,,,
V006802,C00557,2025-04-03,email,P024,Modern Serum 24,true,false,false,78,WEEKEND15,,
V006803,C00223,2025-06-15,direct,P024,Modern Serum 24,true,false,false,102,,,
V006804,C00779,2025-04-12,organic_search,P007,Calm Cream 07,true,false,false,30,,,
V006805,C00985,2025-09-13,organic_search,P020,Essential Bag 20,true,false,false,113,,,
V006806,C00969,2025-01-14,direct,P003,Urban Bottle 03,true,false,false,40,WEEKEND15,,
V006807,C00089,2025-11-04,social,P006,Active Mat 06,true,false,false,34,,,
V006808,C00219,2025-07-13,organic_search,P003,Urban Bottle 03,true,false,false,40,,,
V006809,C00037,2025-01-12,organic_search,P012,Essential Bag 12,true,true,true,71,,T000208,
V006810,C00716,2025-03-31,paid_search,P025,Daily Lamp 25,true,false,false,52,,,
V006811,C00722,2025-02-18,email,P012,Essential Bag 12,true,false,false,23,,,
V006812,C00277,2025-05-11,paid_search,P015,Calm Cream 15,true,false,false,72,,,
V006813,C00709,2025-08-24,email,P030,Active Mat 30,true,false,false,64,,,
V006814,C00604,2025-05-15,organic_search,P013,Bright Organizer 13,true,false,false,35,WEEKEND15,,
V006815,C00139,2025-07-08,organic_search,P025,Daily Lamp 25,true,false,false,72,,,
V006816,C00963,2025-04-06,paid_search,P024,Modern Serum 24,true,false,false,64,,,
V006817,C00725,2025-09-02,paid_search,P015,Calm Cream 15,true,false,false,168,,,
V006818,C00347,2025-05-13,organic_search,P001,Daily Lamp 01,true,false,false,95,,,
V006819,C00089,2025-08-13,organic_search,P006,Active Mat 06,true,true,false,105,,,
V006820,C00740,2025-08-27,organic_search,P028,Essential Bag 28,true,false,false,67,,,
V006821,C00940,2025-12-07,direct,P004,Essential Bag 04,true,false,false,27,,,
V006822,C00825,2025-05-04,social,P019,Urban Bottle 19,true,true,false,116,,,
V006823,C00389,2025-04-11,paid_search,P018,Pure Band 18,true,false,false,92,,,
V006824,C00251,2025-05-14,paid_search,P012,Essential Bag 12,true,false,false,17,,,
V006825,C00953,2025-11-11,direct,P017,Daily Lamp 17,true,false,false,78,,,
V006826,C00817,2025-10-03,social,P030,Active Mat 30,true,false,true,86,LOYALTY10,T005113,
V006827,C00774,2025-08-17,organic_search,P016,Modern Serum 16,true,true,false,44,,,
V006828,C00471,2025-03-05,referral,P022,Active Mat 22,true,false,false,47,,,
V006829,C00810,2025-03-10,paid_search,P019,Urban Bottle 19,true,false,false,51,,,
V006830,C00251,2025-08-01,social,P027,Urban Bottle 27,true,true,false,37,,,
V006831,C00998,2025-09-14,social,P022,Active Mat 22,true,false,false,26,WEEKEND15,,
V006832,C00298,2025-07-04,social,P028,Essential Bag 28,true,false,false,47,,,
V006833,C00027,2025-05-08,email,P010,Pure Band 10,true,false,false,306,,,
V006834,C00765,2025-08-19,direct,P008,Modern Serum 08,true,false,false,47,,,
V006835,C00598,2025-04-19,organic_search,P026,Pure Band 26,true,false,false,100,,,
V006836,C00617,2025-08-08,organic_search,P028,Essential Bag 28,true,false,false,67,,,
V006837,C00405,2025-09-13,social,P010,Pure Band 10,true,true,false,64,,,
V006838,C00467,2025-11-13,email,P019,Urban Bottle 19,true,false,false,82,WEEKEND15,,
V006839,C00074,2025-12-25,organic_search,P023,Calm Cream 23,false,false,false,135,,,
V006840,C00186,2025-09-18,social,P009,Daily Lamp 09,true,false,false,17,,,
V006841,C00944,2025-11-20,social,P013,Bright Organizer 13,true,false,false,27,,,
V006842,C00721,2025-05-20,referral,P021,Bright Organizer 21,true,true,false,66,,,
V006843,C00097,2025-04-29,referral,P023,Calm Cream 23,true,true,false,134,WELCOME5,,
V006844,C00214,2025-02-18,paid_search,P026,Pure Band 26,true,false,false,9,LOYALTY10,,
V006845,C00088,2025-06-22,organic_search,P029,Bright Organizer 29,true,false,false,62,LOYALTY10,,
V006846,C00945,2025-07-25,direct,P014,Active Mat 14,true,true,false,122,,,
V006847,C00597,2025-09-06,organic_search,P004,Essential Bag 04,true,false,false,129,,,
V006848,C00240,2025-08-15,email,P018,Pure Band 18,true,false,false,81,,,
V006849,C00659,2025-11-15,email,P012,Essential Bag 12,true,false,false,27,WELCOME5,,
V006850,C00922,2025-05-24,organic_search,P029,Bright Organizer 29,true,false,false,35,,,
V006851,C00224,2025-09-12,organic_search,P007,Calm Cream 07,true,false,false,57,,,
V006852,C00608,2025-10-08,paid_search,P028,Essential Bag 28,true,false,false,55,,,
V006853,C00513,2025-08-31,organic_search,P005,Bright Organizer 05,false,false,false,56,,,
V006854,C00921,2025-05-24,email,P017,Daily Lamp 17,true,false,false,60,,,
V006855,C00387,2025-04-09,email,P019,Urban Bottle 19,true,false,false,5,,,
V006856,C00221,2025-08-03,organic_search,P019,Urban Bottle 19,true,false,true,403,WELCOME5,T004033,
V006857,C00032,2025-02-22,paid_search,P011,Urban Bottle 11,true,false,false,52,WELCOME5,,
V006858,C00892,2025-05-16,social,P020,Essential Bag 20,true,false,false,70,,,
V006859,C00284,2025-10-02,paid_search,P007,Calm Cream 07,true,false,false,204,,,
V006860,C00309,2025-06-08,organic_search,P019,Urban Bottle 19,true,false,false,79,,,
V006861,C00031,2025-12-30,organic_search,P022,Active Mat 22,true,false,false,46,LOYALTY10,,
V006862,C00310,2025-02-10,organic_search,P003,Urban Bottle 03,true,true,false,124,,,
V006863,C00817,2025-10-24,organic_search,P015,Calm Cream 15,true,true,true,44,,T005510,
V006864,C00429,2025-09-30,organic_search,P024,Modern Serum 24,false,false,false,76,WELCOME5,,
V006865,C00320,2025-01-16,social,P025,Daily Lamp 25,true,false,false,53,LOYALTY10,,
V006866,C00677,2025-09-19,paid_search,P018,Pure Band 18,true,false,false,62,WELCOME5,,
V006867,C00796,2025-05-03,organic_search,P014,Active Mat 14,true,false,false,34,,,
V006868,C00261,2025-08-06,organic_search,P019,Urban Bottle 19,true,false,false,15,LOYALTY10,,
V006869,C00585,2025-02-06,organic_search,P016,Modern Serum 16,true,false,false,109,,,
V006870,C00009,2025-03-02,organic_search,P019,Urban Bottle 19,true,false,false,38,LOYALTY10,,
V006871,C00798,2025-03-16,direct,P020,Essential Bag 20,true,false,false,37,,,
V006872,C00859,2025-05-03,direct,P010,Pure Band 10,true,false,false,290,,,
V006873,C00074,2025-07-18,paid_search,P017,Daily Lamp 17,true,false,false,58,,,
V006874,C00081,2025-11-11,email,P014,Active Mat 14,true,false,false,83,WEEKEND15,,
V006875,C00238,2025-03-24,organic_search,P006,Active Mat 06,true,false,false,409,,,
V006876,C00590,2025-04-17,organic_search,P012,Essential Bag 12,true,false,false,63,,,
V006877,C00156,2025-12-23,organic_search,P019,Urban Bottle 19,false,false,false,24,,,
V006878,C00071,2025-10-29,social,P016,Modern Serum 16,false,false,false,25,,,
V006879,C00028,2025-05-31,paid_search,P027,Urban Bottle 27,true,false,false,48,,,
V006880,C00659,2025-03-31,email,P030,Active Mat 30,true,true,false,52,,,
V006881,C00046,2025-05-09,organic_search,P023,Calm Cream 23,true,false,false,102,,,
V006882,C00079,2025-04-30,social,P004,Essential Bag 04,false,false,false,36,,,
V006883,C00879,2025-06-06,organic_search,P030,Active Mat 30,true,false,false,8,,,
V006884,C00292,2025-04-02,email,P010,Pure Band 10,true,true,false,49,LOYALTY10,,
V006885,C00869,2025-03-01,organic_search,P025,Daily Lamp 25,true,false,false,88,WEEKEND15,,
V006886,C00003,2025-08-05,paid_search,P002,Pure Band 02,true,false,false,111,WELCOME5,,
V006887,C00306,2025-03-11,social,P025,Daily Lamp 25,true,false,true,145,,T001306,
V006888,C00433,2025-04-07,social,P012,Essential Bag 12,true,false,false,32,,,
V006889,C00638,2025-11-13,social,P002,Pure Band 02,true,false,false,32,,,
V006890,C00697,2025-10-21,paid_search,P026,Pure Band 26,true,false,false,35,,,
V006891,C00028,2025-03-12,paid_search,P027,Urban Bottle 27,true,false,false,115,,,
V006892,C00881,2025-04-20,organic_search,P002,Pure Band 02,true,false,false,86,,,
V006893,C00474,2025-04-25,direct,P010,Pure Band 10,true,false,false,56,,,
V006894,C00538,2025-07-01,email,P013,Bright Organizer 13,true,false,false,66,,,
V006895,C00469,2025-08-26,organic_search,P003,Urban Bottle 03,true,false,false,87,,,
V006896,C00211,2025-09-08,paid_search,P007,Calm Cream 07,true,false,false,55,,,
V006897,C00057,2025-12-18,direct,P015,Calm Cream 15,true,false,false,17,,,
V006898,C00366,2025-01-29,organic_search,P030,Active Mat 30,true,false,false,244,,,
V006899,C00277,2025-07-23,social,P016,Modern Serum 16,true,true,false,67,,,
V006900,C00244,2025-06-22,paid_search,P013,Bright Organizer 13,true,false,false,7,,,
V006901,C00307,2025-04-23,paid_search,P005,Bright Organizer 05,true,false,false,28,,,
V006902,C00358,2025-06-05,organic_search,P020,Essential Bag 20,true,false,false,42,,,
V006903,C00762,2025-06-11,paid_search,P023,Calm Cream 23,true,false,false,92,,,
V006904,C00225,2025-09-13,paid_search,P018,Pure Band 18,true,false,false,10,,,
V006905,C00049,2025-04-03,email,P018,Pure Band 18,true,false,false,68,,,
V006906,C00896,2025-05-30,organic_search,P024,Modern Serum 24,true,false,false,540,,,
V006907,C00368,2025-03-13,social,P020,Essential Bag 20,true,false,false,128,,,
V006908,C00520,2025-03-14,social,P004,Essential Bag 04,true,true,false,61,WELCOME5,,
V006909,C00032,2025-03-31,organic_search,P014,Active Mat 14,true,false,false,87,,,
V006910,C00491,2025-10-02,organic_search,P013,Bright Organizer 13,true,false,false,49,,,
V006911,C00526,2025-11-04,organic_search,P017,Daily Lamp 17,true,false,false,45,,,
V006912,C00362,2025-09-19,organic_search,P013,Bright Organizer 13,true,false,false,20,,,
V006913,C00212,2025-01-10,organic_search,P027,Urban Bottle 27,true,false,false,101,,,
V006914,C00636,2025-04-23,organic_search,P022,Active Mat 22,true,false,false,21,,,
V006915,C00185,2025-07-26,direct,P009,Daily Lamp 09,true,false,true,67,,T003937,
V006916,C00418,2025-09-15,referral,P011,Urban Bottle 11,true,false,false,105,,,
V006917,C00101,2025-08-23,paid_search,P021,Bright Organizer 21,true,false,false,52,,,
V006918,C00289,2025-12-15,organic_search,P011,Urban Bottle 11,true,false,false,70,WEEKEND15,,
V006919,C00632,2025-10-10,organic_search,P020,Essential Bag 20,true,false,false,35,,,
V006920,C00155,2025-09-04,referral,P026,Pure Band 26,true,false,false,34,,,
V006921,C00522,2025-04-16,direct,P024,Modern Serum 24,true,false,false,16,,,
V006922,C00833,2025-03-13,organic_search,P026,Pure Band 26,true,false,false,13,WELCOME5,,
V006923,C00361,2025-06-06,direct,P021,Bright Organizer 21,true,false,false,30,,,
V006924,C00319,2025-09-23,social,P003,Urban Bottle 03,true,false,false,68,,,
V006925,C00843,2025-11-14,paid_search,P018,Pure Band 18,false,false,false,13,WEEKEND15,,
V006926,C00102,2025-02-07,email,P001,Daily Lamp 01,true,false,true,22,,T000704,
V006927,C00964,2025-06-11,paid_search,P023,Calm Cream 23,true,false,false,39,,,
V006928,C00774,2025-10-15,direct,P006,Active Mat 06,true,false,false,42,,,
V006929,C00904,2025-01-04,referral,P025,Daily Lamp 25,true,false,false,22,WEEKEND15,,
V006930,C00745,2025-10-31,organic_search,P012,Essential Bag 12,false,false,false,58,,,
V006931,C00927,2025-01-23,paid_search,P002,Pure Band 02,true,false,false,44,,,
V006932,C00921,2025-04-28,referral,P025,Daily Lamp 25,true,false,false,124,,,
V006933,C00598,2025-10-29,social,P007,Calm Cream 07,true,false,false,76,,,
V006934,C00138,2025-12-09,direct,P011,Urban Bottle 11,true,false,true,296,,T006236,
V006935,C00068,2025-07-15,email,P024,Modern Serum 24,true,true,false,52,WEEKEND15,,
V006936,C00356,2025-05-05,paid_search,P005,Bright Organizer 05,true,true,false,47,,,
V006937,C00842,2025-07-16,organic_search,P020,Essential Bag 20,true,false,true,51,,T003742,
V006938,C00837,2025-05-16,social,P002,Pure Band 02,true,false,false,35,,,
V006939,C00370,2025-06-08,organic_search,P019,Urban Bottle 19,true,false,false,26,,,
V006940,C00013,2025-03-24,social,P011,Urban Bottle 11,true,false,false,48,,,
V006941,C00888,2025-09-27,organic_search,P006,Active Mat 06,false,false,false,94,,,
V006942,C00733,2025-08-24,email,P008,Modern Serum 08,true,false,true,83,,T004455,
V006943,C00598,2025-10-18,social,P015,Calm Cream 15,true,false,false,40,,,
V006944,C00392,2025-05-25,organic_search,P010,Pure Band 10,true,false,true,215,,T002767,
V006945,C00752,2025-12-10,direct,P028,Essential Bag 28,true,false,false,45,,,
V006946,C00509,2025-10-19,referral,P015,Calm Cream 15,true,false,false,29,,,
V006947,C00600,2025-10-11,organic_search,P009,Daily Lamp 09,true,false,false,59,,,
V006948,C00255,2025-07-08,social,P010,Pure Band 10,true,false,false,43,WEEKEND15,,
V006949,C00906,2025-06-05,referral,P017,Daily Lamp 17,true,false,false,57,,,
V006950,C00521,2025-02-22,email,P022,Active Mat 22,true,false,false,68,,,
V006951,C00917,2025-12-13,paid_search,P028,Essential Bag 28,true,false,false,165,,,
V006952,C00174,2025-01-15,organic_search,P020,Essential Bag 20,true,true,false,58,,,
V006953,C00441,2025-07-06,paid_search,P018,Pure Band 18,true,false,false,13,,,
V006954,C00685,2025-02-01,email,P023,Calm Cream 23,true,false,false,68,,,
V006955,C00847,2025-08-16,paid_search,P012,Essential Bag 12,true,true,true,182,,T004313,
V006956,C00054,2025-04-02,organic_search,P010,Pure Band 10,true,false,false,85,,,
V006957,C00217,2025-10-13,social,P002,Pure Band 02,true,false,false,72,,,
V006958,C00062,2025-08-19,organic_search,P011,Urban Bottle 11,true,false,false,81,,,
V006959,C00158,2025-09-09,email,P012,Essential Bag 12,true,false,false,11,,,
V006960,C00365,2025-02-04,organic_search,P027,Urban Bottle 27,true,true,false,93,LOYALTY10,,
V006961,C00289,2025-07-04,organic_search,P011,Urban Bottle 11,true,false,false,41,,,
V006962,C00965,2025-03-24,organic_search,P013,Bright Organizer 13,true,false,false,118,WELCOME5,,
V006963,C00977,2025-12-02,organic_search,P024,Modern Serum 24,true,false,false,78,WEEKEND15,,
V006964,C00363,2025-09-21,paid_search,P020,Essential Bag 20,true,true,false,110,WELCOME5,,
V006965,C00380,2025-06-02,organic_search,P014,Active Mat 14,true,false,false,69,,,
V006966,C00394,2025-11-05,direct,P026,Pure Band 26,true,false,false,15,,,
V006967,C00079,2025-03-11,email,P004,Essential Bag 04,true,false,false,23,LOYALTY10,,
V006968,C00704,2025-09-20,social,P021,Bright Organizer 21,true,false,false,23,WEEKEND15,,
V006969,C00893,2025-08-20,paid_search,P006,Active Mat 06,true,false,false,14,WELCOME5,,
V006970,C00100,2025-08-31,organic_search,P002,Pure Band 02,true,true,false,104,WEEKEND15,,
V006971,C00410,2025-05-22,social,P007,Calm Cream 07,true,true,false,84,WELCOME5,,
V006972,C00403,2025-04-21,organic_search,P019,Urban Bottle 19,true,false,false,34,LOYALTY10,,
V006973,C00704,2025-03-01,social,P015,Calm Cream 15,true,false,false,68,,,
V006974,C00071,2025-03-31,referral,P009,Daily Lamp 09,true,false,false,35,,,
V006975,C00445,2025-02-19,paid_search,P028,Essential Bag 28,true,false,false,53,WELCOME5,,
V006976,C00571,2025-01-04,organic_search,P013,Bright Organizer 13,true,true,false,46,LOYALTY10,,
V006977,C00902,2025-01-05,direct,P006,Active Mat 06,true,false,true,111,,T000090,
V006978,C00705,2025-01-27,organic_search,P024,Modern Serum 24,true,false,true,144,WEEKEND15,T000515,
V006979,C00910,2025-05-26,paid_search,P004,Essential Bag 04,false,false,false,201,,,
V006980,C00231,2025-06-30,referral,P012,Essential Bag 12,true,false,false,14,,,
V006981,C00195,2025-09-26,social,P005,Bright Organizer 05,true,false,false,45,,,
V006982,C00048,2025-06-29,organic_search,P028,Essential Bag 28,true,false,false,38,,,
V006983,C00422,2025-01-22,direct,P003,Urban Bottle 03,true,true,false,211,,,
V006984,C00948,2025-02-13,organic_search,P025,Daily Lamp 25,true,false,true,31,,T000808,
V006985,C00608,2025-01-31,social,P008,Modern Serum 08,true,false,false,25,,,
V006986,C00922,2025-01-26,direct,P027,Urban Bottle 27,true,false,false,71,LOYALTY10,,
V006987,C00914,2025-08-23,paid_search,P023,Calm Cream 23,true,false,false,117,,,
V006988,C00868,2025-02-21,organic_search,P013,Bright Organizer 13,true,false,false,66,,,
V006989,C00005,2025-08-05,paid_search,P017,Daily Lamp 17,true,false,false,71,,,
V006990,C00496,2025-12-31,direct,P011,Urban Bottle 11,false,false,false,78,,,
V006991,C00442,2025-09-29,organic_search,P024,Modern Serum 24,false,false,false,6,,,
V006992,C00595,2025-09-07,organic_search,P027,Urban Bottle 27,true,false,false,35,,,
V006993,C00045,2025-11-25,organic_search,P018,Pure Band 18,false,false,false,53,,,
V006994,C00823,2025-11-29,referral,P020,Essential Bag 20,true,true,false,57,LOYALTY10,,
V006995,C00422,2025-12-23,paid_search,P012,Essential Bag 12,false,false,false,123,,,
V006996,C00135,2025-12-10,organic_search,P028,Essential Bag 28,true,false,false,12,WELCOME5,,
V006997,C00056,2025-10-12,paid_search,P015,Calm Cream 15,true,false,false,32,,,
V006998,C00833,2025-09-18,direct,P005,Bright Organizer 05,true,true,true,132,WEEKEND15,T004887,
V006999,C00074,2025-10-13,organic_search,P007,Calm Cream 07,true,false,false,70,,,
V007000,C00051,2025-08-25,email,P024,Modern Serum 24,true,false,false,30,,,
V007001,C00720,2025-11-07,email,P004,Essential Bag 04,true,false,false,88,WEEKEND15,,
V007002,C00068,2025-05-28,organic_search,P029,Bright Organizer 29,true,false,false,115,,,
V007003,C00044,2025-06-12,organic_search,P030,Active Mat 30,true,false,false,88,,,
V007004,C00301,2025-10-08,organic_search,P010,Pure Band 10,true,false,false,110,,,
V007005,C00729,2025-08-05,paid_search,P025,Daily Lamp 25,true,true,false,20,,,
V007006,C00213,2025-04-09,direct,P008,Modern Serum 08,true,false,false,31,,,
V007007,C00145,2025-06-23,organic_search,P019,Urban Bottle 19,true,false,false,12,WEEKEND15,,
V007008,C00921,2025-06-12,organic_search,P022,Active Mat 22,true,false,false,8,,,
V007009,C00607,2025-01-26,paid_search,P004,Essential Bag 04,true,false,false,139,,,
V007010,C00997,2025-01-05,organic_search,P002,Pure Band 02,true,false,false,12,LOYALTY10,,
V007011,C00796,2025-02-13,paid_search,P011,Urban Bottle 11,true,true,false,50,LOYALTY10,,
V007012,C00498,2025-03-22,email,P003,Urban Bottle 03,true,false,false,34,,,
V007013,C00735,2025-07-29,email,P030,Active Mat 30,true,true,false,146,,,
V007014,C00915,2025-11-30,paid_search,P023,Calm Cream 23,true,false,false,108,,,
V007015,C00774,2025-07-30,social,P022,Active Mat 22,true,false,false,67,,,
V007016,C00404,2025-07-27,email,P011,Urban Bottle 11,true,false,false,96,,,
V007017,C00768,2025-05-23,referral,P017,Daily Lamp 17,true,false,false,116,WELCOME5,,
V007018,C00232,2025-07-23,organic_search,P005,Bright Organizer 05,false,false,false,195,LOYALTY10,,
V007019,C00082,2025-05-11,organic_search,P009,Daily Lamp 09,true,true,true,258,,T002488,
V007020,C00025,2025-06-05,social,P001,Daily Lamp 01,true,false,false,32,,,
V007021,C00069,2025-11-17,email,P029,Bright Organizer 29,true,true,true,339,,T005898,
V007022,C00204,2025-05-30,paid_search,P009,Daily Lamp 09,true,false,true,51,,T002857,
V007023,C00803,2025-09-24,social,P005,Bright Organizer 05,true,false,false,46,,,
V007024,C00527,2025-02-26,organic_search,P008,Modern Serum 08,true,false,false,52,,,
V007025,C00241,2025-06-02,social,P020,Essential Bag 20,true,false,false,19,,,
V007026,C00894,2025-03-27,email,P021,Bright Organizer 21,true,false,false,32,,,
V007027,C00076,2025-05-16,social,P018,Pure Band 18,true,true,false,31,,,
V007028,C00206,2025-02-27,paid_search,P019,Urban Bottle 19,true,false,false,25,,,
V007029,C00860,2025-01-08,direct,P004,Essential Bag 04,true,false,false,43,LOYALTY10,,
V007030,C00220,2025-02-10,social,P004,Essential Bag 04,true,true,true,137,,T000759,
V007031,C00935,2025-09-13,paid_search,P012,Essential Bag 12,true,false,false,124,,,
V007032,C00923,2025-02-26,email,P015,Calm Cream 15,true,false,false,197,,,
V007033,C00997,2025-08-24,paid_search,P001,Daily Lamp 01,false,false,false,96,,,
V007034,C00694,2025-10-18,organic_search,P026,Pure Band 26,true,false,false,30,LOYALTY10,,
V007035,C00983,2025-10-05,direct,P029,Bright Organizer 29,true,false,false,66,LOYALTY10,,
V007036,C00032,2025-01-14,paid_search,P026,Pure Band 26,true,false,false,31,,,
V007037,C00564,2025-10-16,paid_search,P023,Calm Cream 23,true,false,false,53,,,
V007038,C00856,2025-12-29,email,P016,Modern Serum 16,false,false,false,71,,,
V007039,C00498,2025-05-24,paid_search,P027,Urban Bottle 27,true,false,false,79,,,
V007040,C00072,2025-09-15,direct,P013,Bright Organizer 13,true,false,false,10,,,
V007041,C00097,2025-08-17,paid_search,P025,Daily Lamp 25,true,true,false,54,,,
V007042,C00321,2025-08-05,paid_search,P014,Active Mat 14,true,false,false,46,,,
V007043,C00360,2025-01-30,social,P015,Calm Cream 15,true,false,false,23,,,
V007044,C00589,2025-12-23,organic_search,P014,Active Mat 14,false,false,false,53,,,
V007045,C00794,2025-08-08,paid_search,P013,Bright Organizer 13,true,false,false,41,,,
V007046,C00138,2025-10-03,direct,P027,Urban Bottle 27,true,false,false,118,,,
V007047,C00259,2025-09-12,paid_search,P024,Modern Serum 24,true,false,false,168,,,
V007048,C00180,2025-05-18,organic_search,P026,Pure Band 26,true,false,false,26,,,
V007049,C00168,2025-12-17,email,P008,Modern Serum 08,true,false,false,25,WELCOME5,,
V007050,C00601,2025-02-25,email,P009,Daily Lamp 09,true,false,false,55,,,
V007051,C00482,2025-06-26,direct,P010,Pure Band 10,true,true,false,58,,,
V007052,C00880,2025-04-30,organic_search,P014,Active Mat 14,true,false,false,29,,,
V007053,C00565,2025-09-06,direct,P001,Daily Lamp 01,true,false,false,18,,,
V007054,C00694,2025-01-23,organic_search,P025,Daily Lamp 25,true,true,false,29,WELCOME5,,
V007055,C00467,2025-05-21,email,P027,Urban Bottle 27,true,true,false,335,,,
V007056,C00527,2025-12-07,email,P014,Active Mat 14,true,false,false,75,,,
V007057,C00760,2025-12-18,organic_search,P003,Urban Bottle 03,true,false,false,28,,,
V007058,C00805,2025-12-21,direct,P002,Pure Band 02,true,true,false,185,,,
V007059,C00100,2025-02-12,organic_search,P025,Daily Lamp 25,true,false,false,105,,,
V007060,C00704,2025-04-25,social,P030,Active Mat 30,true,false,false,15,,,
V007061,C00634,2025-10-17,organic_search,P003,Urban Bottle 03,true,false,true,91,,T005381,
V007062,C00734,2025-11-25,social,P030,Active Mat 30,true,false,false,127,,,
V007063,C00746,2025-10-27,social,P019,Urban Bottle 19,false,false,false,93,WEEKEND15,,
V007064,C00653,2025-08-04,direct,P009,Daily Lamp 09,true,false,false,14,WEEKEND15,,
V007065,C00191,2025-09-06,social,P024,Modern Serum 24,true,true,false,17,,,
V007066,C00788,2025-06-26,social,P026,Pure Band 26,true,true,false,14,,,
V007067,C00540,2025-09-21,organic_search,P019,Urban Bottle 19,false,false,false,38,,,
V007068,C00359,2025-11-19,organic_search,P007,Calm Cream 07,true,false,false,52,LOYALTY10,,
V007069,C00920,2025-08-12,paid_search,P030,Active Mat 30,true,false,false,65,,,
V007070,C00919,2025-02-02,paid_search,P022,Active Mat 22,true,false,false,109,,,
V007071,C00830,2025-11-05,direct,P028,Essential Bag 28,true,true,false,51,,,
V007072,C00311,2025-12-14,organic_search,P008,Modern Serum 08,true,false,false,102,,,
V007073,C00457,2025-03-22,direct,P001,Daily Lamp 01,true,false,false,82,,,
V007074,C00881,2025-11-18,direct,P020,Essential Bag 20,true,false,false,65,,,
V007075,C00806,2025-09-24,organic_search,P024,Modern Serum 24,true,false,false,8,,,
V007076,C00990,2025-09-09,direct,P021,Bright Organizer 21,true,false,false,57,,,
V007077,C00202,2025-01-22,email,P012,Essential Bag 12,true,false,false,91,,,
V007078,C00721,2025-10-01,paid_search,P024,Modern Serum 24,true,true,false,70,WELCOME5,,
V007079,C00302,2025-09-25,organic_search,P004,Essential Bag 04,false,false,false,126,,,
V007080,C00874,2025-10-27,email,P026,Pure Band 26,true,false,false,112,LOYALTY10,,
V007081,C00773,2025-08-22,direct,P012,Essential Bag 12,false,false,false,31,,,
V007082,C00220,2025-02-12,direct,P001,Daily Lamp 01,true,false,false,22,,,
V007083,C00510,2025-05-31,social,P010,Pure Band 10,true,true,true,646,,T002877,
V007084,C00929,2025-12-05,social,P026,Pure Band 26,true,false,false,54,,,
V007085,C00301,2025-02-05,organic_search,P028,Essential Bag 28,true,false,false,90,,,
V007086,C00255,2025-04-20,organic_search,P020,Essential Bag 20,true,false,false,292,,,
V007087,C00486,2025-11-06,direct,P016,Modern Serum 16,true,false,false,36,WEEKEND15,,
V007088,C00926,2025-07-29,organic_search,P009,Daily Lamp 09,true,false,false,7,,,
V007089,C00413,2025-08-17,organic_search,P017,Daily Lamp 17,true,true,false,30,WELCOME5,,
V007090,C00623,2025-08-13,paid_search,P008,Modern Serum 08,true,false,false,47,WEEKEND15,,
V007091,C00937,2025-03-31,paid_search,P009,Daily Lamp 09,true,true,false,39,,,
V007092,C00727,2025-11-04,email,P003,Urban Bottle 03,true,false,false,33,,,
V007093,C00055,2025-12-25,paid_search,P025,Daily Lamp 25,true,false,false,40,,,
V007094,C00351,2025-07-28,social,P001,Daily Lamp 01,false,false,false,118,,,
V007095,C00064,2025-05-09,direct,P027,Urban Bottle 27,true,false,false,37,,,
V007096,C00881,2025-10-07,email,P006,Active Mat 06,true,false,false,59,,,
V007097,C00022,2025-04-28,paid_search,P019,Urban Bottle 19,true,false,false,61,,,
V007098,C00754,2025-06-08,paid_search,P025,Daily Lamp 25,true,false,false,12,,,
V007099,C00100,2025-10-29,social,P008,Modern Serum 08,true,false,false,39,,,
V007100,C00029,2025-10-16,direct,P017,Daily Lamp 17,true,false,false,40,,,
V007101,C00207,2025-07-05,organic_search,P012,Essential Bag 12,true,true,false,69,,,
V007102,C00664,2025-10-08,social,P025,Daily Lamp 25,true,true,false,42,,,
V007103,C00650,2025-12-27,email,P014,Active Mat 14,false,false,false,27,,,
V007104,C00886,2025-06-20,social,P023,Calm Cream 23,false,false,false,20,,,
V007105,C00222,2025-07-19,organic_search,P019,Urban Bottle 19,true,false,false,62,,,
V007106,C00275,2025-03-28,paid_search,P009,Daily Lamp 09,true,false,false,46,,,
V007107,C00794,2025-05-28,social,P020,Essential Bag 20,true,false,false,41,WELCOME5,,
V007108,C00181,2025-06-03,paid_search,P010,Pure Band 10,true,false,false,61,WEEKEND15,,
V007109,C00639,2025-05-02,social,P009,Daily Lamp 09,true,false,false,19,,,
V007110,C00363,2025-05-13,paid_search,P014,Active Mat 14,true,false,false,68,WELCOME5,,
V007111,C00544,2025-08-16,paid_search,P022,Active Mat 22,true,false,false,107,,,
V007112,C00742,2025-09-11,email,P028,Essential Bag 28,true,false,true,124,,T004764,
V007113,C00043,2025-01-24,social,P006,Active Mat 06,true,false,false,89,,,
V007114,C00267,2025-04-30,social,P001,Daily Lamp 01,true,false,false,33,,,
V007115,C00633,2025-01-21,direct,P024,Modern Serum 24,true,false,false,17,,,
V007116,C00147,2025-09-12,direct,P002,Pure Band 02,true,false,false,66,LOYALTY10,,
V007117,C00861,2025-05-12,organic_search,P026,Pure Band 26,true,true,false,107,,,
V007118,C00116,2025-05-01,social,P007,Calm Cream 07,true,false,false,84,,,
V007119,C00059,2025-05-24,organic_search,P012,Essential Bag 12,true,false,false,69,,,
V007120,C00118,2025-05-03,organic_search,P023,Calm Cream 23,true,true,false,38,,,
V007121,C00678,2025-12-27,organic_search,P002,Pure Band 02,true,false,false,45,,,
V007122,C00695,2025-06-25,paid_search,P012,Essential Bag 12,true,false,false,55,LOYALTY10,,
V007123,C00456,2025-04-30,direct,P007,Calm Cream 07,true,false,false,41,WELCOME5,,
V007124,C00251,2025-12-11,paid_search,P026,Pure Band 26,true,false,false,15,LOYALTY10,,
V007125,C00872,2025-06-11,direct,P001,Daily Lamp 01,true,false,false,10,,,
V007126,C00137,2025-08-15,organic_search,P001,Daily Lamp 01,false,false,false,34,,,
V007127,C00596,2025-01-31,paid_search,P003,Urban Bottle 03,true,false,false,28,,,
V007128,C00922,2025-06-06,organic_search,P008,Modern Serum 08,true,false,false,19,,,
V007129,C00107,2025-10-23,direct,P028,Essential Bag 28,true,true,false,70,,,
V007130,C00169,2025-07-29,direct,P003,Urban Bottle 03,true,false,false,24,WEEKEND15,,
V007131,C00056,2025-06-27,social,P010,Pure Band 10,true,false,false,31,,,
V007132,C00693,2025-12-02,organic_search,P006,Active Mat 06,true,false,false,148,,,
V007133,C00277,2025-09-04,referral,P006,Active Mat 06,true,false,false,26,,,
V007134,C00107,2025-04-20,organic_search,P001,Daily Lamp 01,true,false,true,29,,T002104,
V007135,C00014,2025-04-10,social,P015,Calm Cream 15,true,true,true,10,,T001916,
V007136,C00637,2025-12-24,direct,P007,Calm Cream 07,true,true,false,22,,,
V007137,C00172,2025-10-11,referral,P011,Urban Bottle 11,true,false,false,6,,,
V007138,C00062,2025-06-09,email,P027,Urban Bottle 27,true,false,false,57,,,
V007139,C00445,2025-11-06,email,P012,Essential Bag 12,true,false,false,32,,,
V007140,C00641,2025-10-22,direct,P018,Pure Band 18,true,false,false,16,,,
V007141,C00716,2025-01-19,paid_search,P001,Daily Lamp 01,true,true,true,65,,T000355,
V007142,C00739,2025-12-13,email,P004,Essential Bag 04,true,true,true,101,,T006316,
V007143,C00235,2025-05-06,direct,P026,Pure Band 26,true,false,false,25,,,
V007144,C00917,2025-02-22,social,P023,Calm Cream 23,true,false,false,23,WEEKEND15,,
V007145,C00368,2025-12-18,direct,P009,Daily Lamp 09,true,true,false,215,,,
V007146,C00367,2025-12-16,direct,P024,Modern Serum 24,true,true,false,195,,,
V007147,C00884,2025-01-11,referral,P025,Daily Lamp 25,true,false,false,74,,,
V007148,C00189,2025-12-17,organic_search,P011,Urban Bottle 11,true,false,false,84,LOYALTY10,,
V007149,C00464,2025-09-15,direct,P003,Urban Bottle 03,true,false,false,62,,,
V007150,C00913,2025-10-12,organic_search,P025,Daily Lamp 25,true,false,false,47,,,
V007151,C00626,2025-06-25,email,P014,Active Mat 14,true,false,false,89,,,
V007152,C00771,2025-02-06,referral,P012,Essential Bag 12,true,false,false,37,,,
V007153,C00389,2025-10-11,social,P022,Active Mat 22,true,false,false,67,,,
V007154,C00699,2025-06-25,paid_search,P013,Bright Organizer 13,true,false,false,129,,,
V007155,C00283,2025-09-13,organic_search,P009,Daily Lamp 09,true,false,false,362,,,
V007156,C00495,2025-02-23,organic_search,P001,Daily Lamp 01,true,false,false,16,LOYALTY10,,
V007157,C00425,2025-07-30,social,P010,Pure Band 10,true,false,false,26,,,
V007158,C00189,2025-12-11,organic_search,P012,Essential Bag 12,true,true,false,194,WELCOME5,,
V007159,C00055,2025-06-16,email,P012,Essential Bag 12,true,false,false,135,,,
V007160,C00292,2025-09-03,direct,P015,Calm Cream 15,true,false,false,75,,,
V007161,C00163,2025-12-01,social,P028,Essential Bag 28,true,false,true,31,,T006083,
V007162,C00060,2025-11-20,paid_search,P030,Active Mat 30,true,false,true,79,,T005945,
V007163,C00424,2025-09-05,organic_search,P017,Daily Lamp 17,true,true,false,20,,,
V007164,C00470,2025-12-15,direct,P010,Pure Band 10,true,true,false,34,,,
V007165,C00018,2025-02-22,paid_search,P016,Modern Serum 16,true,false,false,50,,,
V007166,C00302,2025-02-28,paid_search,P021,Bright Organizer 21,true,false,false,117,,,
V007167,C00813,2025-04-13,paid_search,P013,Bright Organizer 13,true,false,false,35,,,
V007168,C00631,2025-12-03,social,P010,Pure Band 10,true,true,false,37,,,
V007169,C00683,2025-10-15,organic_search,P003,Urban Bottle 03,true,false,false,35,,,
V007170,C00123,2025-08-07,direct,P001,Daily Lamp 01,true,false,false,43,WELCOME5,,
V007171,C00466,2025-10-24,paid_search,P024,Modern Serum 24,true,false,false,43,,,
V007172,C00884,2025-01-12,direct,P016,Modern Serum 16,true,false,false,5,,,
V007173,C00745,2025-05-08,email,P013,Bright Organizer 13,true,true,false,57,,,
V007174,C00334,2025-05-30,referral,P030,Active Mat 30,true,true,false,22,WELCOME5,,
V007175,C00444,2025-05-29,organic_search,P027,Urban Bottle 27,true,false,false,29,,,
V007176,C00890,2025-04-12,paid_search,P012,Essential Bag 12,true,false,false,89,,,
V007177,C00788,2025-09-07,direct,P016,Modern Serum 16,true,true,false,29,LOYALTY10,,
V007178,C00726,2025-06-20,email,P014,Active Mat 14,true,false,false,17,,,
V007179,C00150,2025-01-04,paid_search,P030,Active Mat 30,true,false,false,135,,,
V007180,C00836,2025-03-05,organic_search,P012,Essential Bag 12,true,false,false,33,,,
V007181,C00179,2025-04-18,referral,P002,Pure Band 02,true,true,false,38,LOYALTY10,,
V007182,C00946,2025-10-14,email,P019,Urban Bottle 19,true,false,false,36,,,
V007183,C00598,2025-12-07,social,P006,Active Mat 06,true,true,false,145,,,
V007184,C00866,2025-03-25,social,P028,Essential Bag 28,true,false,false,62,,,
V007185,C00642,2025-05-20,paid_search,P021,Bright Organizer 21,true,false,false,60,,,
V007186,C00543,2025-04-19,email,P004,Essential Bag 04,true,true,true,106,,T002087,
V007187,C00381,2025-03-09,referral,P028,Essential Bag 28,true,false,false,12,,,
V007188,C00085,2025-08-08,email,P016,Modern Serum 16,true,false,false,66,,,
V007189,C00549,2025-02-26,paid_search,P021,Bright Organizer 21,true,false,true,250,,T001052,
V007190,C00318,2025-06-02,email,P025,Daily Lamp 25,true,false,false,11,,,
V007191,C00898,2025-01-06,direct,P030,Active Mat 30,true,false,false,15,,,
V007192,C00542,2025-12-16,email,P026,Pure Band 26,true,false,false,21,LOYALTY10,,
V007193,C00545,2025-10-18,organic_search,P014,Active Mat 14,true,false,false,90,,,
V007194,C00321,2025-07-29,organic_search,P022,Active Mat 22,true,false,false,98,,,
V007195,C00270,2025-09-23,organic_search,P002,Pure Band 02,true,false,true,111,LOYALTY10,T004949,
V007196,C00822,2025-02-23,organic_search,P019,Urban Bottle 19,true,false,false,82,,,
V007197,C00973,2025-04-30,referral,P026,Pure Band 26,true,false,false,206,,,
V007198,C00322,2025-08-14,paid_search,P024,Modern Serum 24,true,false,false,50,,,
V007199,C00052,2025-07-03,email,P018,Pure Band 18,true,false,false,18,,,
V007200,C00924,2025-12-17,social,P025,Daily Lamp 25,true,false,false,13,,,
V007201,C00556,2025-12-13,paid_search,P023,Calm Cream 23,true,true,false,76,,,
V007202,C00602,2025-09-29,direct,P015,Calm Cream 15,true,true,false,34,WEEKEND15,,
V007203,C00110,2025-08-13,social,P009,Daily Lamp 09,true,false,false,49,,,
V007204,C00891,2025-02-13,organic_search,P004,Essential Bag 04,true,false,false,157,,,
V007205,C00025,2025-08-16,email,P010,Pure Band 10,true,true,true,880,,T004323,
V007206,C00686,2025-08-09,organic_search,P017,Daily Lamp 17,true,false,false,79,,,
V007207,C00950,2025-09-16,email,P016,Modern Serum 16,false,false,false,78,,,
V007208,C00830,2025-04-23,email,P002,Pure Band 02,true,true,false,24,,,
V007209,C00460,2025-01-09,paid_search,P024,Modern Serum 24,true,false,false,42,,,
V007210,C00854,2025-06-14,organic_search,P005,Bright Organizer 05,true,false,false,111,WEEKEND15,,
V007211,C00756,2025-07-03,email,P029,Bright Organizer 29,true,false,false,115,,,
V007212,C00122,2025-10-04,social,P009,Daily Lamp 09,true,false,false,34,,,
V007213,C00617,2025-02-26,social,P015,Calm Cream 15,true,false,false,39,WELCOME5,,
V007214,C00113,2025-05-02,organic_search,P003,Urban Bottle 03,true,false,false,115,,,
V007215,C00525,2025-01-22,direct,P013,Bright Organizer 13,true,false,false,28,,,
V007216,C00834,2025-06-16,referral,P017,Daily Lamp 17,true,false,false,72,WELCOME5,,
V007217,C00709,2025-07-22,paid_search,P029,Bright Organizer 29,true,false,false,65,,,
V007218,C00244,2025-02-07,social,P025,Daily Lamp 25,true,false,false,81,,,
V007219,C00448,2025-07-18,organic_search,P029,Bright Organizer 29,true,false,false,43,,,
V007220,C00689,2025-09-13,social,P024,Modern Serum 24,true,false,false,237,,,
V007221,C00824,2025-08-01,organic_search,P023,Calm Cream 23,true,false,false,46,WEEKEND15,,
V007222,C00114,2025-04-06,email,P025,Daily Lamp 25,true,false,false,60,,,
V007223,C00240,2025-02-08,organic_search,P018,Pure Band 18,true,true,false,91,,,
V007224,C00827,2025-08-04,social,P025,Daily Lamp 25,true,false,false,13,,,
V007225,C00801,2025-10-14,email,P006,Active Mat 06,true,true,false,825,,,
V007226,C00375,2025-10-12,organic_search,P016,Modern Serum 16,true,true,true,114,,T005281,
V007227,C00987,2025-04-28,organic_search,P001,Daily Lamp 01,true,false,false,123,,,
V007228,C00331,2025-05-08,organic_search,P007,Calm Cream 07,true,false,false,20,,,
V007229,C00393,2025-11-23,direct,P025,Daily Lamp 25,true,false,true,63,LOYALTY10,T005991,
V007230,C00600,2025-10-17,organic_search,P013,Bright Organizer 13,true,false,false,46,,,
V007231,C00052,2025-11-07,organic_search,P023,Calm Cream 23,true,true,false,44,,,
V007232,C00949,2025-12-22,direct,P024,Modern Serum 24,true,false,false,28,,,
V007233,C00845,2025-06-05,social,P001,Daily Lamp 01,true,false,false,14,,,
V007234,C00689,2025-05-29,direct,P006,Active Mat 06,false,false,false,85,,,
V007235,C00327,2025-06-16,organic_search,P030,Active Mat 30,true,true,false,49,,,
V007236,C00550,2025-11-04,paid_search,P005,Bright Organizer 05,true,false,false,45,WEEKEND15,,
V007237,C00257,2025-10-01,direct,P015,Calm Cream 15,true,true,true,131,,T005065,
V007238,C00580,2025-03-13,social,P002,Pure Band 02,true,false,false,65,,,
V007239,C00143,2025-09-05,social,P025,Daily Lamp 25,true,true,true,91,,T004654,
V007240,C00166,2025-12-09,social,P013,Bright Organizer 13,true,false,false,53,,,
V007241,C00661,2025-01-30,email,P015,Calm Cream 15,true,true,true,271,,T000572,
V007242,C00879,2025-05-21,email,P003,Urban Bottle 03,true,false,false,32,,,
V007243,C00123,2025-02-10,organic_search,P028,Essential Bag 28,true,false,false,103,WEEKEND15,,
V007244,C00620,2025-07-21,paid_search,P011,Urban Bottle 11,true,false,true,41,WELCOME5,T003824,
V007245,C00688,2025-07-02,email,P005,Bright Organizer 05,true,false,false,36,WEEKEND15,,
V007246,C00575,2025-07-29,organic_search,P001,Daily Lamp 01,false,false,false,90,WELCOME5,,
V007247,C00137,2025-04-28,email,P011,Urban Bottle 11,true,false,false,9,,,
V007248,C00539,2025-10-13,organic_search,P027,Urban Bottle 27,true,false,false,68,,,
V007249,C00679,2025-05-05,social,P024,Modern Serum 24,true,false,false,27,,,
V007250,C00354,2025-03-06,organic_search,P029,Bright Organizer 29,true,true,false,62,WEEKEND15,,
V007251,C00632,2025-12-17,social,P019,Urban Bottle 19,false,false,false,48,,,
V007252,C00310,2025-03-15,paid_search,P012,Essential Bag 12,true,false,false,10,WELCOME5,,
V007253,C00079,2025-12-29,email,P008,Modern Serum 08,true,false,false,44,,,
V007254,C00151,2025-08-31,organic_search,P004,Essential Bag 04,false,false,false,5,LOYALTY10,,
V007255,C00666,2025-10-02,organic_search,P029,Bright Organizer 29,true,false,false,55,,,
V007256,C00106,2025-07-27,social,P025,Daily Lamp 25,true,false,false,16,,,
V007257,C00952,2025-11-06,organic_search,P024,Modern Serum 24,true,false,false,42,,,
V007258,C00097,2025-02-21,direct,P012,Essential Bag 12,true,false,false,62,WEEKEND15,,
V007259,C00986,2025-10-10,referral,P027,Urban Bottle 27,true,false,false,454,,,
V007260,C00399,2025-01-17,paid_search,P001,Daily Lamp 01,true,false,false,15,,,
V007261,C00757,2025-02-16,paid_search,P019,Urban Bottle 19,true,true,false,145,,,
V007262,C00330,2025-12-19,email,P006,Active Mat 06,false,false,false,99,LOYALTY10,,
V007263,C00909,2025-09-26,social,P002,Pure Band 02,true,false,false,43,,,
V007264,C00110,2025-02-25,direct,P006,Active Mat 06,true,false,false,13,,,
V007265,C00703,2025-12-26,referral,P020,Essential Bag 20,true,false,false,125,,,
V007266,C00116,2025-08-04,social,P004,Essential Bag 04,true,false,false,267,,,
V007267,C00206,2025-11-01,social,P012,Essential Bag 12,true,false,false,67,WELCOME5,,
V007268,C00010,2025-08-06,direct,P004,Essential Bag 04,true,true,false,57,,,
V007269,C00341,2025-05-23,paid_search,P007,Calm Cream 07,true,true,false,8,LOYALTY10,,
V007270,C00108,2025-08-08,organic_search,P029,Bright Organizer 29,true,false,false,130,,,
V007271,C00735,2025-11-15,organic_search,P015,Calm Cream 15,true,false,false,22,WEEKEND15,,
V007272,C00167,2025-07-07,organic_search,P020,Essential Bag 20,true,false,false,50,,,
V007273,C00039,2025-03-29,paid_search,P020,Essential Bag 20,true,false,false,142,WEEKEND15,,
V007274,C00677,2025-10-23,organic_search,P023,Calm Cream 23,true,false,false,96,,,
V007275,C00100,2025-03-27,organic_search,P016,Modern Serum 16,true,false,false,91,WELCOME5,,
V007276,C00706,2025-01-27,paid_search,P028,Essential Bag 28,true,false,false,16,,,
V007277,C00778,2025-12-23,email,P028,Essential Bag 28,true,false,true,85,,T006467,
V007278,C00261,2025-06-25,social,P028,Essential Bag 28,true,false,false,45,,,
V007279,C00015,2025-05-29,organic_search,P025,Daily Lamp 25,true,false,false,24,,,
V007280,C00919,2025-09-03,direct,P019,Urban Bottle 19,true,true,false,82,,,
V007281,C00262,2025-04-26,paid_search,P014,Active Mat 14,true,false,false,268,WEEKEND15,,
V007282,C00467,2025-05-13,social,P026,Pure Band 26,true,false,false,34,LOYALTY10,,
V007283,C00743,2025-07-25,social,P006,Active Mat 06,false,false,false,24,LOYALTY10,,
V007284,C00597,2025-03-09,organic_search,P027,Urban Bottle 27,true,false,false,81,,,
V007285,C00656,2025-03-04,referral,P002,Pure Band 02,true,false,false,27,,,
V007286,C00608,2025-09-03,direct,P010,Pure Band 10,true,false,false,109,,,
V007287,C00238,2025-08-29,social,P019,Urban Bottle 19,false,false,false,26,,,
V007288,C00720,2025-08-29,organic_search,P029,Bright Organizer 29,true,false,false,65,,,
V007289,C00492,2025-06-13,referral,P018,Pure Band 18,true,false,true,18,,T003107,
V007290,C00955,2025-08-03,organic_search,P017,Daily Lamp 17,true,false,false,133,,,
V007291,C00581,2025-12-16,direct,P013,Bright Organizer 13,true,false,false,22,,,
V007292,C00922,2025-06-09,direct,P003,Urban Bottle 03,true,true,true,109,,T003033,
V007293,C00842,2025-07-17,direct,P001,Daily Lamp 01,true,false,false,54,,,
V007294,C00191,2025-07-10,email,P025,Daily Lamp 25,true,false,false,14,,,
V007295,C00354,2025-05-19,paid_search,P008,Modern Serum 08,true,false,false,64,WEEKEND15,,
V007296,C00145,2025-01-19,paid_search,P029,Bright Organizer 29,true,false,false,148,,,
V007297,C00392,2025-04-27,organic_search,P019,Urban Bottle 19,true,false,false,95,,,
V007298,C00939,2025-07-16,paid_search,P020,Essential Bag 20,true,false,false,83,,,
V007299,C00143,2025-04-06,email,P009,Daily Lamp 09,true,false,false,15,LOYALTY10,,
V007300,C00499,2025-08-28,social,P029,Bright Organizer 29,true,false,false,16,,,
V007301,C00231,2025-05-22,social,P016,Modern Serum 16,true,false,false,272,,,
V007302,C00668,2025-12-26,email,P014,Active Mat 14,false,false,false,9,,,
V007303,C00475,2025-09-03,organic_search,P011,Urban Bottle 11,true,false,false,98,WEEKEND15,,
V007304,C00895,2025-08-07,paid_search,P017,Daily Lamp 17,true,false,false,84,,,
V007305,C00339,2025-03-03,organic_search,P004,Essential Bag 04,true,true,true,489,,T001164,
V007306,C00649,2025-07-16,direct,P006,Active Mat 06,false,false,false,179,,,
V007307,C00392,2025-10-23,direct,P005,Bright Organizer 05,true,false,false,24,,,
V007308,C00626,2025-12-28,paid_search,P011,Urban Bottle 11,false,false,false,82,WEEKEND15,,
V007309,C00931,2025-03-02,direct,P005,Bright Organizer 05,true,true,false,129,,,
V007310,C00890,2025-05-10,email,P014,Active Mat 14,true,false,false,19,LOYALTY10,,
V007311,C00221,2025-10-28,organic_search,P014,Active Mat 14,false,false,false,18,,,
V007312,C00333,2025-03-14,referral,P030,Active Mat 30,true,false,false,26,,,
V007313,C00297,2025-07-16,organic_search,P009,Daily Lamp 09,true,false,true,126,LOYALTY10,T003741,
V007314,C00058,2025-11-03,organic_search,P007,Calm Cream 07,true,true,true,479,LOYALTY10,T005623,
V007315,C00049,2025-10-16,social,P006,Active Mat 06,true,false,false,31,WELCOME5,,
V007316,C00285,2025-10-07,organic_search,P023,Calm Cream 23,true,false,false,40,,,
V007317,C00172,2025-12-06,paid_search,P012,Essential Bag 12,true,false,false,60,,,
V007318,C00883,2025-10-27,referral,P011,Urban Bottle 11,false,false,false,55,,,
V007319,C00155,2025-03-03,organic_search,P005,Bright Organizer 05,true,false,false,16,,,
V007320,C00812,2025-01-27,organic_search,P004,Essential Bag 04,true,false,false,39,,,
V007321,C00960,2025-07-04,direct,P020,Essential Bag 20,true,false,false,131,,,
V007322,C00063,2025-06-25,organic_search,P019,Urban Bottle 19,true,false,false,29,,,
V007323,C00516,2025-08-08,social,P007,Calm Cream 07,true,false,false,36,,,
V007324,C00664,2025-09-02,organic_search,P026,Pure Band 26,true,false,false,73,LOYALTY10,,
V007325,C00039,2025-02-23,direct,P008,Modern Serum 08,true,false,false,142,WEEKEND15,,
V007326,C00973,2025-03-04,organic_search,P005,Bright Organizer 05,true,false,false,20,,,
V007327,C00021,2025-11-28,paid_search,P014,Active Mat 14,false,false,false,35,,,
V007328,C00241,2025-05-05,direct,P016,Modern Serum 16,true,false,false,34,,,
V007329,C00353,2025-06-09,organic_search,P011,Urban Bottle 11,true,false,false,14,,,
V007330,C00544,2025-03-09,direct,P003,Urban Bottle 03,true,true,false,28,,,
V007331,C00900,2025-09-01,organic_search,P019,Urban Bottle 19,true,false,false,35,,,
V007332,C00357,2025-01-01,organic_search,P017,Daily Lamp 17,true,false,false,53,,,
V007333,C00004,2025-07-23,referral,P024,Modern Serum 24,true,false,false,69,,,
V007334,C00121,2025-04-03,social,P002,Pure Band 02,true,false,false,12,,,
V007335,C00242,2025-12-14,social,P005,Bright Organizer 05,true,true,false,248,,,
V007336,C00879,2025-08-07,email,P028,Essential Bag 28,true,false,false,81,,,
V007337,C00824,2025-01-27,email,P024,Modern Serum 24,true,false,false,16,,,
V007338,C00911,2025-05-13,paid_search,P002,Pure Band 02,true,false,true,31,WEEKEND15,T002515,
V007339,C00001,2025-12-24,paid_search,P024,Modern Serum 24,true,false,false,119,,,
V007340,C00151,2025-09-26,organic_search,P006,Active Mat 06,false,false,false,117,,,
V007341,C00642,2025-10-03,organic_search,P001,Daily Lamp 01,true,false,false,70,,,
V007342,C00660,2025-08-24,social,P007,Calm Cream 07,true,false,false,54,,,
V007343,C00752,2025-12-13,paid_search,P002,Pure Band 02,true,false,false,76,,,
V007344,C00909,2025-06-18,direct,P026,Pure Band 26,true,false,false,96,,,
V007345,C00325,2025-02-14,organic_search,P001,Daily Lamp 01,true,false,false,236,,,
V007346,C00074,2025-03-02,organic_search,P009,Daily Lamp 09,true,false,false,43,WELCOME5,,
V007347,C00108,2025-12-29,social,P015,Calm Cream 15,true,false,false,14,LOYALTY10,,
V007348,C00993,2025-09-15,social,P017,Daily Lamp 17,true,false,false,195,,,
V007349,C00972,2025-08-23,social,P016,Modern Serum 16,false,false,false,50,LOYALTY10,,
V007350,C00805,2025-04-19,email,P023,Calm Cream 23,true,false,false,68,,,
V007351,C00329,2025-01-18,organic_search,P016,Modern Serum 16,true,true,false,292,,,
V007352,C00499,2025-08-30,paid_search,P027,Urban Bottle 27,true,false,false,23,,,
V007353,C00394,2025-10-02,organic_search,P028,Essential Bag 28,true,false,false,35,WELCOME5,,
V007354,C00866,2025-07-05,direct,P023,Calm Cream 23,true,false,false,177,WEEKEND15,,
V007355,C00346,2025-05-11,email,P025,Daily Lamp 25,true,false,false,56,,,
V007356,C00421,2025-08-31,direct,P005,Bright Organizer 05,false,false,false,14,,,
V007357,C00488,2025-11-28,organic_search,P002,Pure Band 02,true,false,true,66,,T006056,
V007358,C00504,2025-03-26,direct,P006,Active Mat 06,true,true,false,76,WEEKEND15,,
V007359,C00325,2025-06-12,social,P003,Urban Bottle 03,true,true,true,202,,T003100,
V007360,C00415,2025-02-01,paid_search,P017,Daily Lamp 17,true,false,false,107,WELCOME5,,
V007361,C00941,2025-11-21,organic_search,P011,Urban Bottle 11,true,false,false,50,WEEKEND15,,
V007362,C00106,2025-01-23,organic_search,P005,Bright Organizer 05,true,false,false,32,,,
V007363,C00484,2025-05-24,email,P009,Daily Lamp 09,true,false,false,41,,,
V007364,C00929,2025-04-01,social,P006,Active Mat 06,true,false,false,66,,,
V007365,C00996,2025-08-09,social,P024,Modern Serum 24,true,true,false,49,,,
V007366,C00334,2025-04-11,organic_search,P030,Active Mat 30,true,false,false,36,,,
V007367,C00994,2025-03-02,referral,P004,Essential Bag 04,true,false,false,14,,,
V007368,C00049,2025-05-10,email,P004,Essential Bag 04,true,false,false,184,,,
V007369,C00458,2025-10-19,paid_search,P024,Modern Serum 24,true,false,false,21,,,
V007370,C00270,2025-12-06,social,P012,Essential Bag 12,true,false,false,19,LOYALTY10,,
V007371,C00429,2025-04-16,paid_search,P017,Daily Lamp 17,true,false,false,24,,,
V007372,C00812,2025-12-23,direct,P003,Urban Bottle 03,true,true,true,126,LOYALTY10,T006459,
V007373,C00308,2025-08-04,paid_search,P029,Bright Organizer 29,true,false,false,32,,,
V007374,C00515,2025-11-19,social,P015,Calm Cream 15,true,false,false,60,,,
V007375,C00619,2025-06-13,organic_search,P012,Essential Bag 12,true,false,true,257,,T003105,
V007376,C00003,2025-08-03,paid_search,P005,Bright Organizer 05,true,false,false,169,,,
V007377,C00913,2025-10-08,direct,P028,Essential Bag 28,true,false,false,109,WEEKEND15,,
V007378,C00784,2025-08-14,organic_search,P025,Daily Lamp 25,true,false,false,21,WELCOME5,,
V007379,C00875,2025-12-10,organic_search,P006,Active Mat 06,true,false,false,244,,,
V007380,C00960,2025-10-02,organic_search,P011,Urban Bottle 11,true,false,false,36,,,
V007381,C00677,2025-10-07,direct,P016,Modern Serum 16,true,false,false,32,WEEKEND15,,
V007382,C00764,2025-10-30,email,P005,Bright Organizer 05,true,false,false,41,,,
V007383,C00216,2025-05-24,organic_search,P029,Bright Organizer 29,true,false,false,29,WEEKEND15,,
V007384,C00086,2025-07-10,referral,P009,Daily Lamp 09,true,false,false,21,,,
V007385,C00723,2025-06-25,direct,P012,Essential Bag 12,true,false,false,32,WEEKEND15,,
V007386,C00081,2025-01-06,social,P021,Bright Organizer 21,true,false,false,54,,,
V007387,C00992,2025-08-07,referral,P003,Urban Bottle 03,true,false,false,38,WEEKEND15,,
V007388,C00398,2025-01-29,social,P015,Calm Cream 15,true,false,false,231,,,
V007389,C00996,2025-12-31,social,P020,Essential Bag 20,true,false,false,21,,,
V007390,C00505,2025-08-03,direct,P004,Essential Bag 04,true,false,true,45,,T004048,
V007391,C00732,2025-06-25,paid_search,P024,Modern Serum 24,true,false,false,139,LOYALTY10,,
V007392,C00579,2025-07-13,direct,P029,Bright Organizer 29,true,false,false,41,,,
V007393,C00491,2025-01-09,paid_search,P015,Calm Cream 15,true,false,false,218,,,
V007394,C00544,2025-05-27,email,P030,Active Mat 30,true,false,false,58,,,
V007395,C00899,2025-05-08,paid_search,P025,Daily Lamp 25,true,false,false,14,,,
V007396,C00912,2025-01-07,social,P014,Active Mat 14,true,false,false,8,,,
V007397,C00662,2025-03-21,organic_search,P026,Pure Band 26,true,false,false,21,,,
V007398,C00607,2025-07-01,organic_search,P021,Bright Organizer 21,true,false,false,39,,,
V007399,C00086,2025-11-02,social,P002,Pure Band 02,true,false,false,33,,,
V007400,C00884,2025-03-26,organic_search,P024,Modern Serum 24,true,true,false,263,,,
V007401,C00260,2025-02-28,social,P019,Urban Bottle 19,true,false,false,105,,,
V007402,C00204,2025-08-07,email,P004,Essential Bag 04,true,true,false,158,,,
V007403,C00096,2025-01-09,paid_search,P015,Calm Cream 15,true,false,false,77,,,
V007404,C00239,2025-08-09,direct,P008,Modern Serum 08,true,true,false,45,,,
V007405,C00410,2025-06-15,social,P023,Calm Cream 23,true,false,false,27,,,
V007406,C00899,2025-06-26,direct,P018,Pure Band 18,true,false,false,17,,,
V007407,C00562,2025-09-06,email,P029,Bright Organizer 29,true,true,false,17,,,
V007408,C00298,2025-05-07,social,P014,Active Mat 14,true,false,false,36,,,
V007409,C00978,2025-04-09,social,P015,Calm Cream 15,true,false,false,71,WELCOME5,,
V007410,C00912,2025-01-16,social,P025,Daily Lamp 25,true,false,false,52,,,
V007411,C00960,2025-11-28,organic_search,P005,Bright Organizer 05,false,false,false,67,,,
V007412,C00178,2025-07-10,organic_search,P022,Active Mat 22,true,false,false,11,,,
V007413,C00236,2025-02-05,paid_search,P016,Modern Serum 16,true,false,false,47,,,
V007414,C00068,2025-03-18,paid_search,P013,Bright Organizer 13,true,false,false,44,,,
V007415,C00774,2025-07-26,social,P004,Essential Bag 04,true,false,false,56,,,
V007416,C00070,2025-10-06,paid_search,P025,Daily Lamp 25,true,false,false,374,,,
V007417,C00530,2025-09-30,social,P018,Pure Band 18,true,false,false,59,,,
V007418,C00315,2025-07-26,email,P006,Active Mat 06,false,false,false,46,,,
V007419,C00055,2025-10-07,organic_search,P017,Daily Lamp 17,true,true,false,103,,,
V007420,C00140,2025-06-27,email,P002,Pure Band 02,true,true,true,237,,T003394,
V007421,C00069,2025-03-03,direct,P026,Pure Band 26,true,false,false,17,,,
V007422,C00380,2025-07-07,paid_search,P014,Active Mat 14,true,false,false,57,WEEKEND15,,
V007423,C00631,2025-07-20,organic_search,P028,Essential Bag 28,true,false,false,24,,,
V007424,C00963,2025-06-01,direct,P028,Essential Bag 28,true,false,false,114,,,
V007425,C00728,2025-08-06,referral,P005,Bright Organizer 05,true,false,false,138,,,
V007426,C00222,2025-09-13,paid_search,P021,Bright Organizer 21,true,false,false,82,,,
V007427,C00619,2025-02-23,paid_search,P019,Urban Bottle 19,true,false,false,33,,,
V007428,C00994,2025-04-24,social,P016,Modern Serum 16,true,false,false,57,LOYALTY10,,
V007429,C00748,2025-01-09,organic_search,P011,Urban Bottle 11,true,false,false,49,,,
V007430,C00358,2025-12-01,paid_search,P016,Modern Serum 16,true,true,false,24,,,
V007431,C00650,2025-02-06,direct,P011,Urban Bottle 11,true,false,false,88,,,
V007432,C00189,2025-11-17,organic_search,P028,Essential Bag 28,true,false,false,110,,,
V007433,C00308,2025-10-24,paid_search,P002,Pure Band 02,true,false,true,60,,T005509,
V007434,C00416,2025-04-05,paid_search,P021,Bright Organizer 21,true,true,false,11,LOYALTY10,,
V007435,C00273,2025-06-03,direct,P012,Essential Bag 12,true,false,false,83,,,
V007436,C00567,2025-07-14,social,P026,Pure Band 26,true,false,false,70,,,
V007437,C00070,2025-03-07,organic_search,P008,Modern Serum 08,true,false,false,29,,,
V007438,C00864,2025-09-06,organic_search,P026,Pure Band 26,true,false,false,167,,,
V007439,C00288,2025-03-05,organic_search,P023,Calm Cream 23,true,false,true,36,,T001182,
V007440,C00258,2025-05-13,direct,P017,Daily Lamp 17,true,false,false,82,,,
V007441,C00878,2025-11-22,direct,P022,Active Mat 22,true,false,false,67,LOYALTY10,,
V007442,C00983,2025-07-18,direct,P006,Active Mat 06,false,false,false,103,,,
V007443,C00432,2025-10-08,organic_search,P028,Essential Bag 28,true,false,false,16,,,
V007444,C00992,2025-02-21,organic_search,P021,Bright Organizer 21,true,false,false,19,,,
V007445,C00591,2025-08-23,direct,P024,Modern Serum 24,true,false,false,138,,,
V007446,C00070,2025-04-03,email,P028,Essential Bag 28,true,false,false,26,WEEKEND15,,
V007447,C00242,2025-02-04,social,P021,Bright Organizer 21,true,false,false,16,WELCOME5,,
V007448,C00038,2025-01-07,email,P011,Urban Bottle 11,true,false,false,94,LOYALTY10,,
V007449,C00810,2025-03-08,direct,P004,Essential Bag 04,true,false,false,56,,,
V007450,C00301,2025-01-24,organic_search,P026,Pure Band 26,true,false,false,247,,,
V007451,C00772,2025-03-05,social,P021,Bright Organizer 21,true,true,false,64,,,
V007452,C00209,2025-08-02,direct,P020,Essential Bag 20,true,false,false,67,,,
V007453,C00280,2025-11-12,referral,P019,Urban Bottle 19,true,false,false,53,,,
V007454,C00681,2025-05-31,social,P001,Daily Lamp 01,false,false,false,72,LOYALTY10,,
V007455,C00894,2025-07-23,organic_search,P017,Daily Lamp 17,true,true,false,134,,,
V007456,C00127,2025-09-26,organic_search,P025,Daily Lamp 25,true,false,false,22,,,
V007457,C00936,2025-06-17,organic_search,P006,Active Mat 06,true,true,true,79,,T003196,
V007458,C00159,2025-04-08,paid_search,P029,Bright Organizer 29,true,false,false,16,,,
V007459,C00407,2025-09-12,social,P025,Daily Lamp 25,true,false,false,35,,,
V007460,C00864,2025-12-11,paid_search,P027,Urban Bottle 27,true,false,true,65,,T006272,
V007461,C00020,2025-07-27,social,P006,Active Mat 06,false,false,false,114,,,
V007462,C00001,2025-03-16,organic_search,P005,Bright Organizer 05,true,false,false,74,WELCOME5,,
V007463,C00252,2025-08-26,direct,P029,Bright Organizer 29,true,false,false,34,,,
V007464,C00541,2025-02-16,direct,P011,Urban Bottle 11,true,false,false,13,WEEKEND15,,
V007465,C00665,2025-09-29,organic_search,P010,Pure Band 10,true,false,false,247,,,
V007466,C00348,2025-10-30,social,P030,Active Mat 30,false,false,false,73,,,
V007467,C00356,2025-07-19,social,P013,Bright Organizer 13,true,false,false,17,,,
V007468,C00153,2025-09-15,paid_search,P023,Calm Cream 23,true,false,false,53,WEEKEND15,,
V007469,C00718,2025-07-22,direct,P024,Modern Serum 24,true,false,false,190,,,
V007470,C00929,2025-09-25,email,P028,Essential Bag 28,true,false,false,145,,,
V007471,C00075,2025-05-20,email,P006,Active Mat 06,true,false,false,247,,,
V007472,C00959,2025-07-03,referral,P021,Bright Organizer 21,true,false,false,48,,,
V007473,C00142,2025-09-01,social,P012,Essential Bag 12,true,true,false,59,,,
V007474,C00411,2025-01-27,organic_search,P009,Daily Lamp 09,true,false,false,46,,,
V007475,C00559,2025-01-10,organic_search,P013,Bright Organizer 13,true,false,false,59,WELCOME5,,
V007476,C00186,2025-09-28,organic_search,P013,Bright Organizer 13,true,false,false,33,,,
V007477,C00278,2025-10-11,organic_search,P019,Urban Bottle 19,true,false,false,27,LOYALTY10,,
V007478,C00235,2025-09-07,organic_search,P027,Urban Bottle 27,true,false,false,46,,,
V007479,C00501,2025-05-13,organic_search,P007,Calm Cream 07,true,false,false,48,,,
V007480,C00778,2025-04-20,referral,P003,Urban Bottle 03,true,true,false,205,,,
V007481,C00342,2025-05-24,direct,P004,Essential Bag 04,false,false,false,68,,,
V007482,C00787,2025-12-07,email,P003,Urban Bottle 03,true,false,false,52,WELCOME5,,
V007483,C00389,2025-12-25,social,P017,Daily Lamp 17,true,false,false,52,,,
V007484,C00779,2025-01-28,paid_search,P009,Daily Lamp 09,true,false,false,120,,,
V007485,C00603,2025-02-28,social,P008,Modern Serum 08,true,false,false,41,,,
V007486,C00692,2025-03-19,organic_search,P001,Daily Lamp 01,true,false,true,26,,T001465,
V007487,C00897,2025-04-08,email,P004,Essential Bag 04,true,false,false,60,,,
V007488,C00271,2025-10-19,social,P020,Essential Bag 20,true,false,false,80,,,
V007489,C00321,2025-03-24,paid_search,P005,Bright Organizer 05,true,false,false,7,,,
V007490,C00676,2025-10-27,social,P026,Pure Band 26,true,false,false,62,LOYALTY10,,
V007491,C00339,2025-06-21,email,P014,Active Mat 14,true,true,false,340,,,
V007492,C00620,2025-12-02,organic_search,P019,Urban Bottle 19,true,true,false,37,,,
V007493,C00028,2025-03-01,paid_search,P015,Calm Cream 15,true,false,false,84,,,
V007494,C00665,2025-09-25,social,P005,Bright Organizer 05,true,false,false,91,,,
V007495,C00689,2025-12-24,social,P030,Active Mat 30,false,false,false,295,,,
V007496,C00240,2025-03-11,email,P001,Daily Lamp 01,true,true,false,27,WEEKEND15,,
V007497,C00746,2025-10-23,social,P028,Essential Bag 28,true,false,false,84,,,
V007498,C00867,2025-10-14,direct,P026,Pure Band 26,true,false,false,49,,,
V007499,C00955,2025-03-22,paid_search,P023,Calm Cream 23,true,false,false,116,WELCOME5,,
V007500,C00461,2025-10-21,direct,P004,Essential Bag 04,true,true,false,203,,,
V007501,C00560,2025-06-14,organic_search,P020,Essential Bag 20,true,false,false,30,,,
V007502,C00169,2025-03-30,organic_search,P017,Daily Lamp 17,true,false,false,10,WELCOME5,,
V007503,C00167,2025-06-30,direct,P003,Urban Bottle 03,true,true,false,60,,,
V007504,C00995,2025-11-08,organic_search,P012,Essential Bag 12,true,false,false,154,,,
V007505,C00508,2025-02-02,social,P024,Modern Serum 24,true,false,false,184,WELCOME5,,
V007506,C00696,2025-04-06,paid_search,P020,Essential Bag 20,true,false,false,23,,,
V007507,C00391,2025-03-15,organic_search,P019,Urban Bottle 19,true,false,false,61,,,
V007508,C00214,2025-07-22,organic_search,P001,Daily Lamp 01,true,true,true,118,,T003848,
V007509,C00815,2025-01-29,paid_search,P027,Urban Bottle 27,true,false,false,66,,,
V007510,C00258,2025-09-24,organic_search,P008,Modern Serum 08,true,false,false,21,WEEKEND15,,
V007511,C00158,2025-11-10,referral,P015,Calm Cream 15,true,false,false,51,LOYALTY10,,
V007512,C00594,2025-03-06,email,P011,Urban Bottle 11,true,true,false,68,,,
V007513,C00290,2025-09-01,social,P012,Essential Bag 12,true,false,false,110,LOYALTY10,,
V007514,C00954,2025-05-24,email,P026,Pure Band 26,true,false,false,38,,,
V007515,C00893,2025-06-05,paid_search,P027,Urban Bottle 27,true,true,true,191,,T002963,
V007516,C00053,2025-05-16,paid_search,P012,Essential Bag 12,true,false,false,80,,,
V007517,C00578,2025-07-03,email,P029,Bright Organizer 29,true,true,false,135,,,
V007518,C00653,2025-02-07,social,P022,Active Mat 22,true,false,false,43,,,
V007519,C00373,2025-05-18,direct,P020,Essential Bag 20,true,false,false,61,,,
V007520,C00066,2025-07-02,referral,P030,Active Mat 30,true,false,false,9,,,
V007521,C00554,2025-10-06,direct,P030,Active Mat 30,true,false,false,34,,,
V007522,C00397,2025-01-17,referral,P019,Urban Bottle 19,true,false,false,54,,,
V007523,C00444,2025-11-14,email,P007,Calm Cream 07,true,false,false,13,,,
V007524,C00284,2025-03-27,email,P002,Pure Band 02,true,false,false,36,,,
V007525,C00034,2025-09-28,direct,P029,Bright Organizer 29,true,false,false,41,,,
V007526,C00778,2025-09-15,social,P010,Pure Band 10,true,true,false,23,,,
V007527,C00764,2025-04-18,organic_search,P027,Urban Bottle 27,true,false,false,58,,,
V007528,C00239,2025-06-17,email,P030,Active Mat 30,true,false,false,16,WEEKEND15,,
V007529,C00397,2025-06-24,organic_search,P025,Daily Lamp 25,true,true,false,66,,,
V007530,C00843,2025-02-22,direct,P026,Pure Band 26,true,false,false,57,WELCOME5,,
V007531,C00527,2025-02-17,paid_search,P023,Calm Cream 23,true,false,false,198,,,
V007532,C00873,2025-03-12,social,P002,Pure Band 02,true,false,false,29,,,
V007533,C00725,2025-11-07,direct,P017,Daily Lamp 17,true,false,false,17,,,
V007534,C00470,2025-06-21,organic_search,P011,Urban Bottle 11,true,true,false,112,,,
V007535,C00351,2025-04-10,paid_search,P021,Bright Organizer 21,true,true,false,20,,,
V007536,C00638,2025-09-30,social,P026,Pure Band 26,true,false,false,185,,,
V007537,C00572,2025-05-24,social,P006,Active Mat 06,false,false,false,17,WEEKEND15,,
V007538,C00919,2025-11-26,direct,P024,Modern Serum 24,false,false,false,58,,,
V007539,C00939,2025-03-25,paid_search,P025,Daily Lamp 25,true,false,false,46,WELCOME5,,
V007540,C00182,2025-09-22,email,P016,Modern Serum 16,false,false,false,37,,,
V007541,C00782,2025-05-05,social,P023,Calm Cream 23,true,false,false,217,,,
V007542,C00843,2025-02-13,organic_search,P013,Bright Organizer 13,true,false,false,27,,,
V007543,C00840,2025-10-07,direct,P001,Daily Lamp 01,true,false,false,68,WEEKEND15,,
V007544,C00961,2025-08-08,email,P022,Active Mat 22,true,false,false,37,,,
V007545,C00410,2025-12-01,organic_search,P014,Active Mat 14,true,false,false,19,,,
V007546,C00843,2025-08-29,referral,P013,Bright Organizer 13,true,false,false,25,,,
V007547,C00363,2025-10-29,paid_search,P011,Urban Bottle 11,false,false,false,76,LOYALTY10,,
V007548,C00854,2025-12-09,organic_search,P004,Essential Bag 04,true,false,false,14,LOYALTY10,,
V007549,C00790,2025-03-26,direct,P020,Essential Bag 20,true,false,false,145,,,
V007550,C00108,2025-02-16,organic_search,P017,Daily Lamp 17,true,false,false,17,,,
V007551,C00868,2025-02-05,paid_search,P006,Active Mat 06,true,true,true,80,,T000659,
V007552,C00766,2025-05-20,organic_search,P005,Bright Organizer 05,true,false,false,94,,,
V007553,C00441,2025-10-16,direct,P001,Daily Lamp 01,true,true,false,70,,,
V007554,C00392,2025-02-17,social,P018,Pure Band 18,true,false,false,67,,,
V007555,C00943,2025-05-11,organic_search,P026,Pure Band 26,true,false,false,52,,,
V007556,C00355,2025-10-03,social,P029,Bright Organizer 29,true,false,false,25,,,
V007557,C00513,2025-03-15,direct,P004,Essential Bag 04,true,true,false,61,,,
V007558,C00870,2025-11-14,organic_search,P014,Active Mat 14,false,false,false,57,,,
V007559,C00512,2025-10-19,direct,P009,Daily Lamp 09,true,false,false,136,WELCOME5,,
V007560,C00384,2025-08-24,social,P012,Essential Bag 12,false,false,false,55,,,
V007561,C00874,2025-06-02,direct,P027,Urban Bottle 27,true,false,false,113,,,
V007562,C00384,2025-10-27,direct,P002,Pure Band 02,true,false,false,74,LOYALTY10,,
V007563,C00956,2025-10-20,organic_search,P012,Essential Bag 12,false,false,false,85,,,
V007564,C00881,2025-10-08,social,P026,Pure Band 26,true,false,false,39,WEEKEND15,,
V007565,C00624,2025-09-04,organic_search,P018,Pure Band 18,true,false,false,42,,,
V007566,C00918,2025-10-19,referral,P020,Essential Bag 20,true,false,false,23,WELCOME5,,
V007567,C00268,2025-01-18,paid_search,P022,Active Mat 22,true,false,false,22,WEEKEND15,,
V007568,C00578,2025-05-18,social,P028,Essential Bag 28,true,true,false,71,WELCOME5,,
V007569,C00131,2025-05-21,email,P005,Bright Organizer 05,true,false,true,468,,T002701,
V007570,C00125,2025-11-18,social,P017,Daily Lamp 17,true,false,true,109,LOYALTY10,T005927,
V007571,C00500,2025-08-06,paid_search,P028,Essential Bag 28,true,false,false,73,,,
V007572,C00711,2025-11-30,email,P003,Urban Bottle 03,true,false,false,45,,,
V007573,C00594,2025-02-14,organic_search,P028,Essential Bag 28,true,false,false,105,,,
V007574,C00984,2025-06-19,social,P005,Bright Organizer 05,true,true,false,210,,,
V007575,C00855,2025-10-20,organic_search,P026,Pure Band 26,true,false,false,80,,,
V007576,C00822,2025-03-17,direct,P015,Calm Cream 15,true,false,false,46,,,
V007577,C00078,2025-02-23,email,P004,Essential Bag 04,true,false,true,413,,T000992,
V007578,C00842,2025-07-04,paid_search,P016,Modern Serum 16,true,false,false,12,,,
V007579,C00687,2025-02-23,direct,P019,Urban Bottle 19,true,false,false,126,,,
V007580,C00801,2025-01-16,email,P023,Calm Cream 23,true,false,true,173,,T000299,
V007581,C00142,2025-12-15,paid_search,P028,Essential Bag 28,true,true,true,219,WEEKEND15,T006348,
V007582,C00412,2025-12-08,social,P017,Daily Lamp 17,true,false,false,35,,,
V007583,C00925,2025-06-16,social,P012,Essential Bag 12,true,false,false,9,,,
V007584,C00111,2025-01-03,organic_search,P006,Active Mat 06,true,false,false,23,,,
V007585,C00144,2025-12-05,direct,P026,Pure Band 26,true,false,false,285,,,
V007586,C00088,2025-05-09,email,P008,Modern Serum 08,true,false,false,49,,,
V007587,C00870,2025-08-17,social,P013,Bright Organizer 13,true,false,false,61,WEEKEND15,,
V007588,C00609,2025-01-19,email,P009,Daily Lamp 09,true,false,false,58,WELCOME5,,
V007589,C00502,2025-01-08,social,P030,Active Mat 30,true,true,false,72,,,
V007590,C00856,2025-03-19,social,P001,Daily Lamp 01,true,false,false,50,,,
V007591,C00984,2025-05-03,social,P019,Urban Bottle 19,true,false,false,136,LOYALTY10,,
V007592,C00567,2025-01-04,paid_search,P004,Essential Bag 04,true,false,false,44,WEEKEND15,,
V007593,C00534,2025-04-30,paid_search,P025,Daily Lamp 25,true,false,false,50,,,
V007594,C00863,2025-05-19,paid_search,P013,Bright Organizer 13,true,false,false,48,WEEKEND15,,
V007595,C00191,2025-05-13,referral,P003,Urban Bottle 03,true,false,false,21,,,
V007596,C00547,2025-08-24,direct,P021,Bright Organizer 21,true,true,true,237,,T004467,
V007597,C00152,2025-05-12,organic_search,P005,Bright Organizer 05,true,false,false,58,,,
V007598,C00430,2025-03-03,organic_search,P004,Essential Bag 04,true,false,false,17,WEEKEND15,,
V007599,C00420,2025-02-17,referral,P011,Urban Bottle 11,true,false,false,11,,,
V007600,C00562,2025-10-20,paid_search,P002,Pure Band 02,true,false,false,49,,,
V007601,C00877,2025-12-01,email,P003,Urban Bottle 03,true,false,false,42,,,
V007602,C00010,2025-07-15,organic_search,P027,Urban Bottle 27,true,false,false,70,,,
V007603,C00178,2025-05-13,paid_search,P021,Bright Organizer 21,true,false,false,23,WELCOME5,,
V007604,C00916,2025-09-05,paid_search,P011,Urban Bottle 11,true,false,false,82,WELCOME5,,
V007605,C00201,2025-08-07,organic_search,P012,Essential Bag 12,true,true,false,186,,,
V007606,C00911,2025-11-12,social,P024,Modern Serum 24,true,false,false,25,WEEKEND15,,
V007607,C00075,2025-06-05,social,P012,Essential Bag 12,true,false,false,44,,,
V007608,C00720,2025-03-02,referral,P006,Active Mat 06,true,false,false,85,WEEKEND15,,
V007609,C00952,2025-06-27,paid_search,P024,Modern Serum 24,true,true,true,60,,T003395,
V007610,C00148,2025-08-24,organic_search,P024,Modern Serum 24,true,false,false,152,WELCOME5,,
V007611,C00213,2025-04-10,referral,P024,Modern Serum 24,true,false,false,46,,,
V007612,C00574,2025-09-12,direct,P008,Modern Serum 08,true,false,false,180,WEEKEND15,,
V007613,C00907,2025-10-14,social,P001,Daily Lamp 01,true,false,false,44,,,
V007614,C00118,2025-10-10,direct,P002,Pure Band 02,true,false,false,40,,,
V007615,C00357,2025-12-21,organic_search,P020,Essential Bag 20,true,false,false,18,,,
V007616,C00347,2025-01-15,social,P026,Pure Band 26,true,false,false,25,,,
V007617,C00910,2025-08-19,social,P029,Bright Organizer 29,true,false,false,12,WEEKEND15,,
V007618,C00746,2025-05-16,email,P004,Essential Bag 04,true,false,false,141,,,
V007619,C00641,2025-10-31,social,P003,Urban Bottle 03,true,false,false,144,,,
V007620,C00360,2025-07-18,referral,P011,Urban Bottle 11,true,false,false,20,,,
V007621,C00214,2025-09-24,referral,P006,Active Mat 06,false,false,false,33,,,
V007622,C00617,2025-05-02,organic_search,P027,Urban Bottle 27,true,false,false,36,,,
V007623,C00969,2025-09-06,paid_search,P018,Pure Band 18,true,false,false,203,WEEKEND15,,
V007624,C00311,2025-06-10,social,P024,Modern Serum 24,true,true,false,134,,,
V007625,C00309,2025-07-28,email,P002,Pure Band 02,true,false,false,20,,,
V007626,C00418,2025-11-27,organic_search,P021,Bright Organizer 21,true,false,false,120,,,
V007627,C00375,2025-06-29,paid_search,P024,Modern Serum 24,true,false,false,115,WELCOME5,,
V007628,C00753,2025-10-17,social,P007,Calm Cream 07,true,false,false,111,WELCOME5,,
V007629,C00309,2025-06-23,organic_search,P030,Active Mat 30,true,true,true,104,,T003311,
V007630,C00250,2025-05-31,organic_search,P027,Urban Bottle 27,true,false,false,24,,,
V007631,C00252,2025-08-05,direct,P012,Essential Bag 12,true,false,true,44,,T004084,
V007632,C00517,2025-04-12,organic_search,P019,Urban Bottle 19,true,false,false,22,WEEKEND15,,
V007633,C00766,2025-09-04,direct,P011,Urban Bottle 11,true,true,false,116,,,
V007634,C00065,2025-11-16,paid_search,P025,Daily Lamp 25,true,false,false,16,,,
V007635,C00774,2025-10-29,referral,P021,Bright Organizer 21,true,false,false,104,,,
V007636,C00307,2025-03-17,social,P008,Modern Serum 08,true,false,true,23,WEEKEND15,T001418,
V007637,C00416,2025-03-28,direct,P011,Urban Bottle 11,true,false,false,197,,,
V007638,C00530,2025-11-04,social,P007,Calm Cream 07,true,false,false,39,WEEKEND15,,
V007639,C00790,2025-05-17,direct,P019,Urban Bottle 19,true,false,false,22,,,
V007640,C00581,2025-11-09,social,P025,Daily Lamp 25,true,false,false,55,,,
V007641,C00583,2025-04-12,paid_search,P003,Urban Bottle 03,true,false,false,125,,,
V007642,C00226,2025-03-11,organic_search,P024,Modern Serum 24,true,false,false,39,,,
V007643,C00063,2025-01-22,direct,P021,Bright Organizer 21,true,false,false,12,,,
V007644,C00428,2025-02-05,email,P016,Modern Serum 16,true,false,false,44,,,
V007645,C00381,2025-07-06,direct,P008,Modern Serum 08,true,false,false,23,,,
V007646,C00570,2025-02-13,paid_search,P019,Urban Bottle 19,true,true,false,102,,,
V007647,C00977,2025-09-27,organic_search,P025,Daily Lamp 25,true,false,false,190,,,
V007648,C00482,2025-03-28,organic_search,P028,Essential Bag 28,true,false,false,81,,,
V007649,C00923,2025-05-28,social,P010,Pure Band 10,true,true,true,184,,T002814,
V007650,C00857,2025-04-15,direct,P005,Bright Organizer 05,true,false,true,40,,T002001,
V007651,C00872,2025-04-08,email,P004,Essential Bag 04,true,true,false,166,LOYALTY10,,
V007652,C00347,2025-01-12,referral,P029,Bright Organizer 29,true,false,false,128,,,
V007653,C00460,2025-07-02,email,P005,Bright Organizer 05,true,false,false,50,,,
V007654,C00206,2025-12-15,organic_search,P021,Bright Organizer 21,true,false,false,17,,,
V007655,C00603,2025-07-11,email,P023,Calm Cream 23,true,true,false,217,,,
V007656,C00004,2025-01-20,referral,P007,Calm Cream 07,true,false,false,109,WELCOME5,,
V007657,C00515,2025-02-16,direct,P003,Urban Bottle 03,true,false,false,37,,,
V007658,C00112,2025-10-15,direct,P006,Active Mat 06,true,true,false,130,,,
V007659,C00980,2025-09-06,organic_search,P006,Active Mat 06,true,false,false,306,,,
V007660,C00283,2025-04-11,organic_search,P017,Daily Lamp 17,true,true,false,190,,,
V007661,C00916,2025-12-25,organic_search,P002,Pure Band 02,true,false,false,21,,,
V007662,C00654,2025-05-16,direct,P006,Active Mat 06,true,true,false,58,,,
V007663,C00592,2025-10-18,organic_search,P028,Essential Bag 28,true,false,false,27,,,
V007664,C00111,2025-07-01,email,P023,Calm Cream 23,true,true,false,99,WEEKEND15,,
V007665,C00129,2025-03-12,organic_search,P005,Bright Organizer 05,true,false,false,128,LOYALTY10,,
V007666,C00679,2025-01-06,email,P009,Daily Lamp 09,true,false,false,35,LOYALTY10,,
V007667,C00156,2025-12-28,email,P005,Bright Organizer 05,false,false,false,44,,,
V007668,C00443,2025-01-10,social,P023,Calm Cream 23,true,false,false,154,,,
V007669,C00365,2025-07-08,referral,P025,Daily Lamp 25,true,false,false,107,,,
V007670,C00007,2025-06-25,organic_search,P006,Active Mat 06,false,false,false,10,,,
V007671,C00665,2025-06-04,social,P012,Essential Bag 12,true,false,false,88,,,
V007672,C00761,2025-05-02,direct,P022,Active Mat 22,true,false,false,37,,,
V007673,C00591,2025-06-27,organic_search,P007,Calm Cream 07,true,false,false,17,,,
V007674,C00821,2025-12-18,paid_search,P028,Essential Bag 28,true,true,true,62,,T006385,
V007675,C00022,2025-09-16,social,P023,Calm Cream 23,true,false,false,83,,,
V007676,C00894,2025-04-22,referral,P006,Active Mat 06,true,false,true,63,WELCOME5,T002140,
V007677,C00776,2025-04-17,paid_search,P010,Pure Band 10,true,true,false,63,LOYALTY10,,
V007678,C00625,2025-06-02,email,P004,Essential Bag 04,true,true,false,95,,,
V007679,C00194,2025-02-16,social,P001,Daily Lamp 01,true,false,false,267,LOYALTY10,,
V007680,C00439,2025-03-13,paid_search,P019,Urban Bottle 19,true,false,false,118,,,
V007681,C00955,2025-04-11,organic_search,P011,Urban Bottle 11,true,false,false,55,LOYALTY10,,
V007682,C00335,2025-06-30,direct,P024,Modern Serum 24,true,false,false,204,,,
V007683,C00485,2025-08-07,direct,P004,Essential Bag 04,true,false,false,12,,,
V007684,C00170,2025-03-16,email,P006,Active Mat 06,true,true,false,100,,,
V007685,C00849,2025-01-25,direct,P009,Daily Lamp 09,true,false,false,74,,,
V007686,C00117,2025-02-15,referral,P010,Pure Band 10,true,true,true,437,,T000846,
V007687,C00606,2025-08-08,social,P012,Essential Bag 12,true,false,false,28,,,
V007688,C00291,2025-10-21,paid_search,P030,Active Mat 30,true,false,false,42,LOYALTY10,,
V007689,C00462,2025-03-08,direct,P030,Active Mat 30,true,false,false,21,,,
V007690,C00792,2025-01-25,organic_search,P007,Calm Cream 07,true,true,true,122,,T000463,
V007691,C00335,2025-04-09,direct,P007,Calm Cream 07,true,false,false,67,,,
V007692,C00535,2025-09-13,direct,P014,Active Mat 14,false,false,false,20,,,
V007693,C00840,2025-11-25,email,P026,Pure Band 26,true,false,false,85,WELCOME5,,
V007694,C00217,2025-02-24,paid_search,P004,Essential Bag 04,true,false,false,38,,,
V007695,C00395,2025-06-23,social,P014,Active Mat 14,true,false,false,91,LOYALTY10,,
V007696,C00034,2025-03-09,paid_search,P005,Bright Organizer 05,true,false,false,42,,,
V007697,C00215,2025-09-11,referral,P021,Bright Organizer 21,true,false,false,18,WEEKEND15,,
V007698,C00143,2025-12-10,organic_search,P003,Urban Bottle 03,true,false,false,41,WELCOME5,,
V007699,C00233,2025-02-13,organic_search,P006,Active Mat 06,true,true,true,155,WEEKEND15,T000804,
V007700,C00207,2025-06-23,organic_search,P012,Essential Bag 12,true,false,false,42,,,
V007701,C00238,2025-03-22,referral,P030,Active Mat 30,true,false,false,257,LOYALTY10,,
V007702,C00381,2025-07-05,paid_search,P029,Bright Organizer 29,true,false,false,54,WELCOME5,,
V007703,C00592,2025-01-26,direct,P019,Urban Bottle 19,true,true,false,129,,,
V007704,C00812,2025-08-30,paid_search,P018,Pure Band 18,true,false,true,128,WELCOME5,T004536,
V007705,C00632,2025-03-19,organic_search,P012,Essential Bag 12,true,false,false,27,,,
V007706,C00410,2025-01-05,paid_search,P022,Active Mat 22,true,true,true,445,,T000075,
V007707,C00617,2025-07-11,social,P012,Essential Bag 12,true,false,false,9,,,
V007708,C00586,2025-08-27,email,P025,Daily Lamp 25,true,false,false,39,,,
V007709,C00533,2025-03-18,organic_search,P025,Daily Lamp 25,true,false,false,30,,,
V007710,C00022,2025-11-01,organic_search,P029,Bright Organizer 29,true,false,false,21,,,
V007711,C00638,2025-03-21,organic_search,P024,Modern Serum 24,true,false,false,268,,,
V007712,C00872,2025-07-04,email,P014,Active Mat 14,true,true,false,73,,,
V007713,C00596,2025-01-10,direct,P018,Pure Band 18,true,false,false,96,,,
V007714,C00661,2025-11-03,organic_search,P026,Pure Band 26,true,false,false,108,WEEKEND15,,
V007715,C00886,2025-03-22,referral,P001,Daily Lamp 01,true,false,false,42,,,
V007716,C00075,2025-02-24,organic_search,P022,Active Mat 22,true,true,false,59,WEEKEND15,,
V007717,C00014,2025-03-20,direct,P024,Modern Serum 24,true,false,false,268,,,
V007718,C00865,2025-06-07,organic_search,P016,Modern Serum 16,true,false,false,71,WEEKEND15,,
V007719,C00980,2025-07-10,email,P028,Essential Bag 28,true,true,false,220,,,
V007720,C00284,2025-10-07,email,P014,Active Mat 14,true,false,false,27,,,
V007721,C00647,2025-03-07,paid_search,P021,Bright Organizer 21,true,false,false,65,,,
V007722,C00871,2025-08-11,social,P002,Pure Band 02,true,true,false,212,,,
V007723,C00982,2025-04-09,social,P015,Calm Cream 15,true,false,false,27,,,
V007724,C00425,2025-01-14,organic_search,P026,Pure Band 26,true,false,false,11,WEEKEND15,,
V007725,C00248,2025-01-17,paid_search,P012,Essential Bag 12,true,true,false,73,,,
V007726,C00847,2025-04-18,social,P027,Urban Bottle 27,true,false,false,31,WEEKEND15,,
V007727,C00096,2025-07-14,referral,P027,Urban Bottle 27,true,false,false,46,,,
V007728,C00485,2025-02-09,social,P019,Urban Bottle 19,true,false,false,46,,,
V007729,C00438,2025-03-10,email,P016,Modern Serum 16,true,false,false,48,LOYALTY10,,
V007730,C00071,2025-03-18,email,P006,Active Mat 06,true,false,false,28,,,
V007731,C00444,2025-05-11,organic_search,P007,Calm Cream 07,true,true,true,31,,T002489,
V007732,C00667,2025-08-09,organic_search,P011,Urban Bottle 11,true,true,true,47,,T004172,
V007733,C00661,2025-10-23,email,P011,Urban Bottle 11,false,false,false,84,LOYALTY10,,
V007734,C00008,2025-05-03,direct,P017,Daily Lamp 17,true,false,false,64,,,
V007735,C00077,2025-10-06,paid_search,P003,Urban Bottle 03,true,false,false,25,WELCOME5,,
V007736,C00678,2025-11-22,direct,P008,Modern Serum 08,true,false,false,55,,,
V007737,C00192,2025-04-18,organic_search,P019,Urban Bottle 19,true,false,false,13,,,
V007738,C00427,2025-01-02,organic_search,P011,Urban Bottle 11,true,false,false,126,LOYALTY10,,
V007739,C00239,2025-08-29,organic_search,P002,Pure Band 02,true,false,false,105,,,
V007740,C00082,2025-08-10,social,P026,Pure Band 26,true,false,true,316,,T004186,
V007741,C00536,2025-06-02,referral,P016,Modern Serum 16,true,false,false,79,,,
V007742,C00770,2025-07-07,social,P016,Modern Serum 16,true,true,true,187,WELCOME5,T003575,
V007743,C00236,2025-06-24,organic_search,P025,Daily Lamp 25,true,true,false,172,,,
V007744,C00542,2025-08-31,organic_search,P014,Active Mat 14,false,false,false,71,,,
V007745,C00046,2025-10-23,paid_search,P029,Bright Organizer 29,true,false,false,98,WELCOME5,,
V007746,C00717,2025-07-23,paid_search,P025,Daily Lamp 25,true,false,false,111,,,
V007747,C00609,2025-04-23,paid_search,P022,Active Mat 22,true,false,false,28,,,
V007748,C00983,2025-10-28,organic_search,P030,Active Mat 30,false,false,false,97,,,
V007749,C00733,2025-11-16,paid_search,P009,Daily Lamp 09,true,false,false,61,,,
V007750,C00575,2025-03-23,email,P024,Modern Serum 24,true,false,false,7,,,
V007751,C00573,2025-07-26,paid_search,P014,Active Mat 14,true,false,false,39,,,
V007752,C00302,2025-01-26,email,P027,Urban Bottle 27,true,false,false,16,,,
V007753,C00531,2025-07-10,paid_search,P022,Active Mat 22,true,false,false,83,,,
V007754,C00931,2025-01-13,social,P029,Bright Organizer 29,true,false,false,57,,,
V007755,C00551,2025-11-10,organic_search,P024,Modern Serum 24,true,false,false,97,,,
V007756,C00707,2025-10-19,email,P014,Active Mat 14,true,false,false,69,,,
V007757,C00547,2025-11-07,organic_search,P025,Daily Lamp 25,true,false,false,74,,,
V007758,C00001,2025-06-09,paid_search,P009,Daily Lamp 09,true,false,false,21,,,
V007759,C00832,2025-01-23,social,P006,Active Mat 06,true,true,true,22,,T000431,
V007760,C00131,2025-06-20,organic_search,P003,Urban Bottle 03,true,true,false,56,,,
V007761,C00260,2025-01-08,organic_search,P001,Daily Lamp 01,true,false,true,46,,T000149,
V007762,C00785,2025-12-28,paid_search,P018,Pure Band 18,false,false,false,9,,,
V007763,C00039,2025-10-09,organic_search,P008,Modern Serum 08,true,true,false,23,,,
V007764,C00902,2025-06-15,organic_search,P005,Bright Organizer 05,true,false,false,25,LOYALTY10,,
V007765,C00720,2025-11-29,direct,P018,Pure Band 18,false,false,false,87,,,
V007766,C00330,2025-12-22,email,P024,Modern Serum 24,true,true,false,32,,,
V007767,C00204,2025-03-30,organic_search,P017,Daily Lamp 17,true,false,false,21,LOYALTY10,,
V007768,C00364,2025-11-25,social,P029,Bright Organizer 29,true,false,false,52,WELCOME5,,
V007769,C00195,2025-05-25,organic_search,P010,Pure Band 10,true,false,false,27,,,
V007770,C00785,2025-12-26,organic_search,P005,Bright Organizer 05,false,false,false,39,,,
V007771,C00616,2025-01-15,social,P020,Essential Bag 20,true,true,false,69,,,
V007772,C00620,2025-03-29,social,P024,Modern Serum 24,true,false,false,70,,,
V007773,C00091,2025-04-10,email,P002,Pure Band 02,true,false,false,63,,,
V007774,C00928,2025-11-16,paid_search,P013,Bright Organizer 13,true,true,true,255,,T005895,
V007775,C00995,2025-12-17,organic_search,P026,Pure Band 26,true,false,false,147,,,
V007776,C00565,2025-08-17,organic_search,P014,Active Mat 14,true,false,false,100,WELCOME5,,
V007777,C00047,2025-06-24,social,P027,Urban Bottle 27,true,false,false,36,,,
V007778,C00102,2025-06-11,email,P007,Calm Cream 07,true,false,false,20,,,
V007779,C00937,2025-03-13,referral,P023,Calm Cream 23,true,true,false,140,,,
V007780,C00058,2025-09-30,email,P019,Urban Bottle 19,false,false,false,59,,,
V007781,C00306,2025-08-02,organic_search,P029,Bright Organizer 29,true,false,false,131,WEEKEND15,,
V007782,C00753,2025-04-07,referral,P021,Bright Organizer 21,true,false,false,19,,,
V007783,C00117,2025-06-17,organic_search,P004,Essential Bag 04,true,false,false,37,,,
V007784,C00910,2025-12-10,direct,P015,Calm Cream 15,true,false,false,7,,,
V007785,C00722,2025-03-20,organic_search,P022,Active Mat 22,true,true,false,29,,,
V007786,C00505,2025-07-17,organic_search,P023,Calm Cream 23,true,false,false,31,,,
V007787,C00884,2025-01-08,email,P002,Pure Band 02,true,false,false,275,,,
V007788,C00186,2025-02-08,direct,P010,Pure Band 10,true,false,true,104,,T000727,
V007789,C00199,2025-08-19,organic_search,P004,Essential Bag 04,false,false,false,51,,,
V007790,C00902,2025-08-27,paid_search,P010,Pure Band 10,true,true,true,83,LOYALTY10,T004495,
V007791,C00683,2025-02-23,paid_search,P030,Active Mat 30,true,false,false,23,WELCOME5,,
V007792,C00562,2025-10-17,paid_search,P013,Bright Organizer 13,true,false,false,13,,,
V007793,C00021,2025-06-06,organic_search,P014,Active Mat 14,true,false,false,161,,,
V007794,C00903,2025-12-03,referral,P029,Bright Organizer 29,true,false,false,109,,,
V007795,C00041,2025-08-12,organic_search,P011,Urban Bottle 11,true,true,false,132,WEEKEND15,,
V007796,C00794,2025-09-14,paid_search,P010,Pure Band 10,true,false,true,85,,T004826,
V007797,C00549,2025-05-23,paid_search,P001,Daily Lamp 01,false,false,false,63,,,
V007798,C00419,2025-01-06,paid_search,P021,Bright Organizer 21,true,true,false,161,,,
V007799,C00345,2025-11-15,social,P025,Daily Lamp 25,true,false,false,63,,,
V007800,C00176,2025-02-22,organic_search,P011,Urban Bottle 11,true,false,false,226,,,
V007801,C00633,2025-02-23,organic_search,P024,Modern Serum 24,true,false,false,86,WELCOME5,,
V007802,C00935,2025-10-27,paid_search,P020,Essential Bag 20,true,false,false,114,,,
V007803,C00008,2025-03-14,referral,P019,Urban Bottle 19,true,false,false,85,,,
V007804,C00819,2025-08-21,paid_search,P024,Modern Serum 24,true,false,false,212,,,
V007805,C00476,2025-04-11,referral,P018,Pure Band 18,true,false,false,13,,,
V007806,C00850,2025-10-01,direct,P017,Daily Lamp 17,true,true,true,178,,T005058,
V007807,C00428,2025-03-15,organic_search,P017,Daily Lamp 17,true,false,false,30,WEEKEND15,,
V007808,C00188,2025-08-08,social,P025,Daily Lamp 25,true,false,false,45,,,
V007809,C00078,2025-08-25,organic_search,P018,Pure Band 18,true,false,true,108,,T004478,
V007810,C00739,2025-10-02,direct,P023,Calm Cream 23,true,false,false,21,,,
V007811,C00994,2025-06-14,social,P021,Bright Organizer 21,true,false,false,65,,,
V007812,C00151,2025-01-19,paid_search,P029,Bright Organizer 29,true,false,true,85,,T000350,
V007813,C00108,2025-03-31,social,P014,Active Mat 14,true,true,false,204,WELCOME5,,
V007814,C00214,2025-06-27,email,P007,Calm Cream 07,true,false,false,81,LOYALTY10,,
V007815,C00058,2025-01-29,direct,P027,Urban Bottle 27,true,false,false,28,,,
V007816,C00798,2025-09-26,email,P006,Active Mat 06,false,false,false,89,,,
V007817,C00954,2025-10-28,organic_search,P005,Bright Organizer 05,true,false,false,18,,,
V007818,C00677,2025-04-23,organic_search,P029,Bright Organizer 29,true,false,false,26,,,
V007819,C00424,2025-03-11,direct,P008,Modern Serum 08,true,false,false,89,,,
V007820,C00634,2025-05-08,referral,P014,Active Mat 14,true,false,false,39,LOYALTY10,,
V007821,C00411,2025-05-18,organic_search,P026,Pure Band 26,true,false,false,35,,,
V007822,C00294,2025-11-04,paid_search,P019,Urban Bottle 19,true,false,false,122,,,
V007823,C00113,2025-12-12,paid_search,P008,Modern Serum 08,true,false,false,88,WELCOME5,,
V007824,C00527,2025-11-07,email,P022,Active Mat 22,true,false,false,18,WELCOME5,,
V007825,C00756,2025-04-01,referral,P025,Daily Lamp 25,true,true,false,29,,,
V007826,C00713,2025-08-29,paid_search,P001,Daily Lamp 01,false,false,false,50,,,
V007827,C00964,2025-01-22,paid_search,P023,Calm Cream 23,true,false,false,32,WEEKEND15,,
V007828,C00381,2025-04-08,referral,P011,Urban Bottle 11,true,false,false,15,,,
V007829,C00035,2025-11-22,email,P008,Modern Serum 08,true,false,false,34,,,
V007830,C00786,2025-02-21,organic_search,P004,Essential Bag 04,true,false,false,40,,,
V007831,C00625,2025-07-24,direct,P004,Essential Bag 04,true,false,false,25,,,
V007832,C00330,2025-11-26,organic_search,P006,Active Mat 06,false,false,false,117,,,
V007833,C00278,2025-03-11,email,P004,Essential Bag 04,true,false,false,45,,,
V007834,C00002,2025-03-18,paid_search,P019,Urban Bottle 19,true,false,true,40,WELCOME5,T001447,
V007835,C00547,2025-08-02,organic_search,P023,Calm Cream 23,true,false,false,18,,,
V007836,C00386,2025-11-18,organic_search,P028,Essential Bag 28,true,false,false,143,,,
V007837,C00986,2025-12-25,paid_search,P014,Active Mat 14,false,false,false,22,,,
V007838,C00565,2025-01-29,email,P019,Urban Bottle 19,true,false,false,140,,,
V007839,C00688,2025-04-19,social,P022,Active Mat 22,true,false,false,8,,,
V007840,C00633,2025-01-13,paid_search,P013,Bright Organizer 13,true,false,true,57,WEEKEND15,T000225,
V007841,C00231,2025-10-30,social,P020,Essential Bag 20,true,false,false,66,,,
V007842,C00588,2025-09-27,paid_search,P010,Pure Band 10,true,false,false,30,,,
V007843,C00463,2025-11-27,social,P019,Urban Bottle 19,false,false,false,151,,,
V007844,C00633,2025-11-24,email,P022,Active Mat 22,true,false,true,75,,T005999,
V007845,C00286,2025-05-04,referral,P020,Essential Bag 20,true,true,false,147,,,
V007846,C00069,2025-11-06,social,P021,Bright Organizer 21,true,false,false,72,,,
V007847,C00558,2025-01-02,organic_search,P018,Pure Band 18,true,false,false,77,,,
V007848,C00621,2025-08-20,paid_search,P021,Bright Organizer 21,true,false,false,67,,,
V007849,C00725,2025-08-10,organic_search,P011,Urban Bottle 11,true,false,false,462,,,
V007850,C00730,2025-04-07,social,P004,Essential Bag 04,true,false,false,57,,,
V007851,C00781,2025-04-18,social,P013,Bright Organizer 13,true,false,false,56,,,
V007852,C00684,2025-09-01,direct,P001,Daily Lamp 01,true,false,false,23,,,
V007853,C00075,2025-08-25,direct,P008,Modern Serum 08,true,false,false,70,,,
V007854,C00859,2025-04-24,social,P014,Active Mat 14,true,true,false,409,,,
V007855,C00079,2025-12-10,organic_search,P002,Pure Band 02,true,false,false,42,,,
V007856,C00929,2025-03-12,organic_search,P021,Bright Organizer 21,true,false,false,12,,,
V007857,C00415,2025-02-23,organic_search,P005,Bright Organizer 05,true,false,false,85,,,
V007858,C00219,2025-05-09,direct,P016,Modern Serum 16,true,false,false,37,,,
V007859,C00579,2025-05-04,direct,P015,Calm Cream 15,true,false,false,44,WEEKEND15,,
V007860,C00566,2025-12-10,organic_search,P023,Calm Cream 23,true,false,false,128,LOYALTY10,,
V007861,C00213,2025-12-27,paid_search,P021,Bright Organizer 21,true,false,false,95,,,
V007862,C00568,2025-05-29,paid_search,P013,Bright Organizer 13,true,true,false,41,,,
V007863,C00687,2025-10-08,paid_search,P008,Modern Serum 08,true,false,false,25,,,
V007864,C00204,2025-02-13,direct,P021,Bright Organizer 21,true,false,false,125,WELCOME5,,
V007865,C00979,2025-11-12,direct,P014,Active Mat 14,true,true,false,190,,,
V007866,C00937,2025-03-21,email,P026,Pure Band 26,true,false,false,157,,,
V007867,C00405,2025-08-03,social,P027,Urban Bottle 27,true,false,false,83,,,
V007868,C00094,2025-04-27,organic_search,P024,Modern Serum 24,true,false,false,272,,,
V007869,C00782,2025-03-12,social,P010,Pure Band 10,true,false,false,48,WEEKEND15,,
V007870,C00808,2025-04-26,paid_search,P014,Active Mat 14,true,false,false,66,WELCOME5,,
V007871,C00871,2025-06-25,organic_search,P025,Daily Lamp 25,true,true,true,286,,T003344,
V007872,C00121,2025-03-31,social,P022,Active Mat 22,true,true,false,21,,,
V007873,C00542,2025-04-30,social,P005,Bright Organizer 05,true,false,false,54,,,
V007874,C00975,2025-01-30,paid_search,P014,Active Mat 14,true,false,false,68,WELCOME5,,
V007875,C00659,2025-08-03,organic_search,P003,Urban Bottle 03,true,false,false,104,,,
V007876,C00068,2025-01-27,organic_search,P030,Active Mat 30,true,false,false,49,WEEKEND15,,
V007877,C00192,2025-12-23,email,P025,Daily Lamp 25,true,false,false,21,,,
V007878,C00233,2025-11-30,organic_search,P015,Calm Cream 15,true,false,false,68,,,
V007879,C00068,2025-04-03,email,P019,Urban Bottle 19,true,false,false,127,,,
V007880,C00732,2025-06-23,social,P011,Urban Bottle 11,true,false,true,12,WEEKEND15,T003312,
V007881,C00300,2025-01-23,organic_search,P027,Urban Bottle 27,true,true,true,98,,T000433,
V007882,C00189,2025-05-29,direct,P028,Essential Bag 28,true,false,false,120,,,
V007883,C00795,2025-04-08,paid_search,P029,Bright Organizer 29,true,false,true,256,,T001883,
V007884,C00158,2025-04-08,paid_search,P018,Pure Band 18,true,false,false,42,WEEKEND15,,
V007885,C00328,2025-02-04,paid_search,P027,Urban Bottle 27,true,false,false,68,,,
V007886,C00527,2025-11-12,direct,P028,Essential Bag 28,true,true,false,57,,,
V007887,C00619,2025-03-22,paid_search,P014,Active Mat 14,true,true,false,64,,,
V007888,C00358,2025-08-22,organic_search,P022,Active Mat 22,true,false,true,103,,T004424,
V007889,C00793,2025-03-10,email,P019,Urban Bottle 19,true,false,false,82,,,
V007890,C00403,2025-02-20,referral,P023,Calm Cream 23,true,false,false,18,,,
V007891,C00407,2025-02-05,paid_search,P024,Modern Serum 24,true,false,false,14,,,
V007892,C00230,2025-08-11,social,P023,Calm Cream 23,true,false,false,58,,,
V007893,C00768,2025-03-16,email,P005,Bright Organizer 05,true,false,false,49,,,
V007894,C00409,2025-02-09,social,P028,Essential Bag 28,true,false,false,41,,,
V007895,C00335,2025-06-20,organic_search,P005,Bright Organizer 05,true,false,false,121,,,
V007896,C00049,2025-01-16,organic_search,P024,Modern Serum 24,true,false,false,74,,,
V007897,C00066,2025-01-15,paid_search,P030,Active Mat 30,true,true,false,24,,,
V007898,C00115,2025-06-08,social,P012,Essential Bag 12,true,false,false,49,WEEKEND15,,
V007899,C00524,2025-12-07,organic_search,P005,Bright Organizer 05,true,true,false,28,,,
V007900,C00561,2025-04-09,organic_search,P027,Urban Bottle 27,true,false,false,42,,,
V007901,C00048,2025-10-20,social,P018,Pure Band 18,true,false,false,70,,,
V007902,C00731,2025-11-24,organic_search,P009,Daily Lamp 09,true,false,false,56,,,
V007903,C00715,2025-11-20,referral,P011,Urban Bottle 11,true,false,false,76,WELCOME5,,
V007904,C00367,2025-07-21,direct,P006,Active Mat 06,false,false,false,65,,,
V007905,C00249,2025-09-21,email,P021,Bright Organizer 21,true,false,false,30,,,
V007906,C00871,2025-02-24,paid_search,P027,Urban Bottle 27,true,false,false,155,,,
V007907,C00477,2025-11-12,organic_search,P014,Active Mat 14,false,false,false,52,WEEKEND15,,
V007908,C00490,2025-05-17,email,P025,Daily Lamp 25,true,false,false,102,,,
V007909,C00594,2025-04-06,direct,P006,Active Mat 06,true,false,false,73,,,
V007910,C00172,2025-10-13,email,P019,Urban Bottle 19,true,false,false,265,WEEKEND15,,
V007911,C00568,2025-05-08,direct,P028,Essential Bag 28,true,true,false,167,,,
V007912,C00444,2025-02-16,direct,P026,Pure Band 26,true,false,false,8,,,
V007913,C00310,2025-01-28,social,P028,Essential Bag 28,true,false,false,25,WEEKEND15,,
V007914,C00845,2025-06-07,organic_search,P005,Bright Organizer 05,true,true,false,59,,,
V007915,C00822,2025-08-28,organic_search,P024,Modern Serum 24,true,true,true,238,WELCOME5,T004508,
V007916,C00721,2025-03-14,social,P007,Calm Cream 07,true,true,false,52,,,
V007917,C00259,2025-04-16,social,P030,Active Mat 30,true,false,false,19,,,
V007918,C00071,2025-01-31,paid_search,P016,Modern Serum 16,true,true,false,84,,,
V007919,C00766,2025-09-19,paid_search,P007,Calm Cream 07,true,false,false,37,LOYALTY10,,
V007920,C00104,2025-05-11,paid_search,P022,Active Mat 22,true,false,false,81,,,
V007921,C00258,2025-03-12,social,P016,Modern Serum 16,true,false,false,13,,,
V007922,C00747,2025-12-02,direct,P017,Daily Lamp 17,true,true,true,101,,T006102,
V007923,C00317,2025-06-15,paid_search,P005,Bright Organizer 05,true,false,false,5,WELCOME5,,
V007924,C00447,2025-06-23,social,P009,Daily Lamp 09,true,false,false,32,,,
V007925,C00626,2025-03-30,direct,P021,Bright Organizer 21,true,false,false,38,LOYALTY10,,
V007926,C00184,2025-12-17,organic_search,P009,Daily Lamp 09,true,true,false,166,,,
V007927,C00132,2025-10-30,social,P012,Essential Bag 12,false,false,false,84,,,
V007928,C00902,2025-12-05,email,P005,Bright Organizer 05,true,false,false,47,,,
V007929,C00941,2025-04-18,direct,P001,Daily Lamp 01,true,false,false,25,WEEKEND15,,
V007930,C00609,2025-11-06,social,P013,Bright Organizer 13,true,false,false,32,,,
V007931,C00378,2025-09-22,organic_search,P027,Urban Bottle 27,true,false,false,36,LOYALTY10,,
V007932,C00185,2025-05-19,organic_search,P021,Bright Organizer 21,true,false,false,13,,,
V007933,C00282,2025-05-18,organic_search,P028,Essential Bag 28,true,true,false,13,,,
V007934,C00324,2025-01-10,referral,P014,Active Mat 14,true,false,false,73,WELCOME5,,
V007935,C00406,2025-11-02,paid_search,P016,Modern Serum 16,true,true,false,62,,,
V007936,C00565,2025-04-11,email,P006,Active Mat 06,true,true,false,31,LOYALTY10,,
V007937,C00400,2025-10-08,organic_search,P030,Active Mat 30,true,true,false,296,,,
V007938,C00987,2025-06-05,organic_search,P009,Daily Lamp 09,true,false,false,29,,,
V007939,C00543,2025-09-28,direct,P010,Pure Band 10,true,false,false,49,,,
V007940,C00015,2025-08-25,direct,P008,Modern Serum 08,true,false,false,149,LOYALTY10,,
V007941,C00097,2025-02-19,social,P022,Active Mat 22,true,false,false,70,WELCOME5,,
V007942,C00685,2025-05-19,organic_search,P014,Active Mat 14,true,false,true,61,,T002657,
V007943,C00484,2025-08-16,organic_search,P019,Urban Bottle 19,true,false,false,492,,,
V007944,C00842,2025-08-16,organic_search,P004,Essential Bag 04,true,false,false,84,WELCOME5,,
V007945,C00657,2025-12-20,paid_search,P026,Pure Band 26,true,false,false,54,WELCOME5,,
V007946,C00372,2025-06-02,organic_search,P011,Urban Bottle 11,true,false,false,104,WELCOME5,,
V007947,C00182,2025-04-18,social,P020,Essential Bag 20,true,false,false,53,LOYALTY10,,
V007948,C00228,2025-03-02,paid_search,P016,Modern Serum 16,true,false,false,47,,,
V007949,C00730,2025-10-08,referral,P020,Essential Bag 20,true,false,false,116,WELCOME5,,
V007950,C00274,2025-05-06,organic_search,P019,Urban Bottle 19,true,true,false,25,,,
V007951,C00667,2025-10-02,organic_search,P008,Modern Serum 08,true,false,false,50,,,
V007952,C00843,2025-08-01,social,P002,Pure Band 02,true,false,false,53,,,
V007953,C00169,2025-01-25,social,P013,Bright Organizer 13,true,false,false,84,,,
V007954,C00034,2025-03-25,referral,P018,Pure Band 18,true,false,false,7,,,
V007955,C00170,2025-09-13,email,P008,Modern Serum 08,true,false,false,15,WEEKEND15,,
V007956,C00803,2025-02-07,social,P019,Urban Bottle 19,true,false,false,48,WEEKEND15,,
V007957,C00965,2025-02-18,organic_search,P011,Urban Bottle 11,true,false,false,117,WEEKEND15,,
V007958,C00023,2025-11-17,direct,P011,Urban Bottle 11,true,false,false,144,,,
V007959,C00282,2025-06-05,organic_search,P028,Essential Bag 28,true,false,false,31,,,
V007960,C00844,2025-06-07,social,P027,Urban Bottle 27,true,true,false,124,,,
V007961,C00846,2025-08-06,organic_search,P007,Calm Cream 07,true,false,false,96,,,
V007962,C00550,2025-08-05,social,P006,Active Mat 06,true,false,false,148,,,
V007963,C00320,2025-11-27,direct,P027,Urban Bottle 27,true,false,false,187,,,
V007964,C00421,2025-11-07,social,P022,Active Mat 22,true,false,false,18,LOYALTY10,,
V007965,C00889,2025-03-19,email,P014,Active Mat 14,true,false,false,41,,,
V007966,C00207,2025-12-22,social,P016,Modern Serum 16,false,false,false,289,,,
V007967,C00373,2025-10-18,direct,P011,Urban Bottle 11,true,false,false,84,,,
V007968,C00430,2025-10-19,paid_search,P024,Modern Serum 24,true,false,false,14,,,
V007969,C00655,2025-07-07,social,P018,Pure Band 18,true,false,false,16,,,
V007970,C00704,2025-01-02,social,P018,Pure Band 18,true,false,false,23,WEEKEND15,,
V007971,C00825,2025-08-11,organic_search,P020,Essential Bag 20,true,false,false,22,,,
V007972,C00474,2025-09-06,direct,P010,Pure Band 10,true,false,false,22,,,
V007973,C00291,2025-12-11,email,P015,Calm Cream 15,true,true,true,182,,T006281,
V007974,C00717,2025-04-30,organic_search,P011,Urban Bottle 11,true,false,false,425,,,
V007975,C00006,2025-01-15,social,P027,Urban Bottle 27,true,false,false,35,LOYALTY10,,
V007976,C00092,2025-10-07,paid_search,P004,Essential Bag 04,true,false,false,75,,,
V007977,C00773,2025-06-26,direct,P006,Active Mat 06,false,false,false,65,,,
V007978,C00659,2025-02-27,organic_search,P008,Modern Serum 08,true,true,false,43,,,
V007979,C00779,2025-11-12,paid_search,P016,Modern Serum 16,true,false,false,16,,,
V007980,C00241,2025-01-19,organic_search,P025,Daily Lamp 25,true,false,false,30,,,
V007981,C00282,2025-07-31,referral,P014,Active Mat 14,true,true,false,73,,,
V007982,C00739,2025-03-24,social,P004,Essential Bag 04,true,false,false,67,,,
V007983,C00250,2025-01-29,email,P007,Calm Cream 07,true,true,false,21,,,
V007984,C00889,2025-05-04,social,P015,Calm Cream 15,true,false,false,43,,,
V007985,C00878,2025-11-15,email,P027,Urban Bottle 27,true,false,false,31,,,
V007986,C00090,2025-01-28,paid_search,P005,Bright Organizer 05,true,false,false,23,,,
V007987,C00682,2025-10-25,organic_search,P014,Active Mat 14,false,false,false,71,LOYALTY10,,
V007988,C00810,2025-09-25,organic_search,P018,Pure Band 18,true,false,false,88,WELCOME5,,
V007989,C00758,2025-07-02,social,P019,Urban Bottle 19,true,true,false,56,WELCOME5,,
V007990,C00787,2025-09-06,social,P005,Bright Organizer 05,true,false,false,20,,,
V007991,C00828,2025-11-29,social,P002,Pure Band 02,true,false,false,35,WEEKEND15,,
V007992,C00650,2025-07-14,email,P016,Modern Serum 16,true,false,false,30,,,
V007993,C00778,2025-01-10,social,P003,Urban Bottle 03,true,false,false,48,,,
V007994,C00349,2025-06-01,social,P025,Daily Lamp 25,true,false,false,30,,,
V007995,C00831,2025-11-05,paid_search,P009,Daily Lamp 09,true,false,false,103,WELCOME5,,
V007996,C00392,2025-09-20,paid_search,P011,Urban Bottle 11,true,false,false,17,WELCOME5,,
V007997,C00045,2025-01-16,social,P001,Daily Lamp 01,true,false,false,55,,,
V007998,C00645,2025-07-05,paid_search,P011,Urban Bottle 11,true,false,false,34,WEEKEND15,,
V007999,C00743,2025-01-04,email,P021,Bright Organizer 21,true,false,true,48,,T000070,
V008000,C00368,2025-11-16,email,P011,Urban Bottle 11,true,false,true,84,,T005883,
V008001,C00221,2025-04-12,organic_search,P004,Essential Bag 04,true,true,false,79,,,
V008002,C00761,2025-02-14,social,P016,Modern Serum 16,true,false,false,11,,,
V008003,C00029,2025-11-13,paid_search,P012,Essential Bag 12,true,false,false,56,,,
V008004,C00680,2025-10-21,email,P014,Active Mat 14,false,false,false,46,LOYALTY10,,
V008005,C00299,2025-03-27,referral,P010,Pure Band 10,true,false,false,27,,,
V008006,C00701,2025-10-17,social,P021,Bright Organizer 21,true,false,false,29,WEEKEND15,,
V008007,C00358,2025-06-07,paid_search,P008,Modern Serum 08,true,false,true,68,WEEKEND15,T003005,
V008008,C00218,2025-10-27,direct,P024,Modern Serum 24,true,true,false,89,,,
V008009,C00117,2025-05-27,paid_search,P006,Active Mat 06,false,false,false,55,,,
V008010,C00876,2025-09-25,email,P016,Modern Serum 16,false,false,false,83,,,
V008011,C00371,2025-05-25,paid_search,P021,Bright Organizer 21,true,false,false,25,WELCOME5,,
V008012,C00138,2025-08-20,organic_search,P027,Urban Bottle 27,true,false,false,24,,,
V008013,C00661,2025-08-12,referral,P028,Essential Bag 28,true,false,false,78,,,
V008014,C00003,2025-06-25,organic_search,P003,Urban Bottle 03,true,false,false,178,,,
V008015,C00647,2025-04-01,organic_search,P009,Daily Lamp 09,true,true,true,185,WELCOME5,T001718,
V008016,C00936,2025-01-22,paid_search,P001,Daily Lamp 01,true,true,false,133,LOYALTY10,,
V008017,C00488,2025-09-28,paid_search,P027,Urban Bottle 27,true,true,true,107,,T005012,
V008018,C00046,2025-11-30,email,P001,Daily Lamp 01,true,false,false,86,,,
V008019,C00599,2025-05-04,organic_search,P014,Active Mat 14,true,false,false,212,LOYALTY10,,
V008020,C00276,2025-07-03,social,P001,Daily Lamp 01,true,false,false,136,,,
V008021,C00328,2025-11-19,organic_search,P028,Essential Bag 28,true,false,false,43,WELCOME5,,
V008022,C00507,2025-09-02,paid_search,P003,Urban Bottle 03,true,false,true,15,,T004588,
V008023,C00908,2025-02-03,social,P026,Pure Band 26,true,false,false,180,,,
V008024,C00107,2025-07-08,email,P001,Daily Lamp 01,true,false,false,75,,,
V008025,C00568,2025-08-10,paid_search,P022,Active Mat 22,true,false,false,142,,,
V008026,C00968,2025-11-14,social,P025,Daily Lamp 25,true,false,false,38,,,
V008027,C00977,2025-04-05,organic_search,P019,Urban Bottle 19,true,false,false,21,LOYALTY10,,
V008028,C00689,2025-06-11,social,P015,Calm Cream 15,true,false,false,22,,,
V008029,C00639,2025-09-29,direct,P006,Active Mat 06,false,false,false,20,,,
V008030,C00713,2025-07-29,direct,P016,Modern Serum 16,false,false,false,94,WELCOME5,,
V008031,C00927,2025-12-18,social,P017,Daily Lamp 17,true,false,false,97,,,
V008032,C00080,2025-10-07,organic_search,P014,Active Mat 14,true,false,false,72,,,
V008033,C00513,2025-10-01,social,P010,Pure Band 10,true,false,false,80,,,
V008034,C00390,2025-07-08,paid_search,P009,Daily Lamp 09,true,false,false,35,,,
V008035,C00543,2025-10-28,paid_search,P016,Modern Serum 16,false,false,false,24,LOYALTY10,,
V008036,C00908,2025-03-15,organic_search,P026,Pure Band 26,true,false,false,149,,,
V008037,C00019,2025-11-28,direct,P014,Active Mat 14,false,false,false,174,,,
V008038,C00852,2025-05-22,paid_search,P022,Active Mat 22,true,false,false,69,,,
V008039,C00749,2025-07-10,organic_search,P011,Urban Bottle 11,true,false,false,87,,,
V008040,C00508,2025-06-21,direct,P009,Daily Lamp 09,true,false,false,168,,,
V008041,C00942,2025-09-23,referral,P007,Calm Cream 07,true,false,false,85,LOYALTY10,,
V008042,C00262,2025-01-04,organic_search,P006,Active Mat 06,true,false,false,96,,,
V008043,C00634,2025-06-02,paid_search,P009,Daily Lamp 09,true,false,false,67,,,
V008044,C00497,2025-05-24,organic_search,P027,Urban Bottle 27,true,true,true,95,LOYALTY10,T002753,
V008045,C00613,2025-02-23,organic_search,P012,Essential Bag 12,true,true,false,250,,,
V008046,C00950,2025-09-26,organic_search,P023,Calm Cream 23,false,false,false,94,,,
V008047,C00047,2025-09-02,paid_search,P016,Modern Serum 16,true,false,false,78,,,
V008048,C00170,2025-11-26,paid_search,P004,Essential Bag 04,false,false,false,33,,,
V008049,C00678,2025-02-03,paid_search,P012,Essential Bag 12,true,false,false,32,WELCOME5,,
V008050,C00368,2025-01-31,paid_search,P003,Urban Bottle 03,true,true,false,106,,,
V008051,C00589,2025-05-30,organic_search,P005,Bright Organizer 05,true,false,false,85,,,
V008052,C00905,2025-03-31,email,P019,Urban Bottle 19,true,false,false,46,WEEKEND15,,
V008053,C00649,2025-08-31,direct,P014,Active Mat 14,false,false,false,36,,,
V008054,C00838,2025-01-29,email,P016,Modern Serum 16,true,false,false,125,,,
V008055,C00952,2025-02-06,direct,P002,Pure Band 02,true,false,false,39,,,
V008056,C00834,2025-04-21,direct,P027,Urban Bottle 27,true,false,false,29,,,
V008057,C00858,2025-07-22,direct,P012,Essential Bag 12,false,false,false,209,,,
V008058,C00192,2025-12-23,paid_search,P025,Daily Lamp 25,true,false,false,98,,,
V008059,C00584,2025-02-03,email,P001,Daily Lamp 01,true,false,false,27,,,
V008060,C00825,2025-12-15,social,P007,Calm Cream 07,true,false,false,43,,,
V008061,C00120,2025-05-12,direct,P025,Daily Lamp 25,true,false,false,82,,,
V008062,C00692,2025-12-29,paid_search,P021,Bright Organizer 21,true,false,false,27,,,
V008063,C00879,2025-09-27,organic_search,P005,Bright Organizer 05,true,false,true,70,,T005008,
V008064,C00408,2025-07-12,social,P015,Calm Cream 15,true,false,false,205,LOYALTY10,,
V008065,C00621,2025-07-15,social,P015,Calm Cream 15,true,true,true,343,,T003730,
V008066,C00728,2025-07-13,paid_search,P030,Active Mat 30,true,false,false,46,LOYALTY10,,
V008067,C00769,2025-10-27,organic_search,P015,Calm Cream 15,true,false,false,78,WEEKEND15,,
V008068,C00470,2025-03-27,direct,P017,Daily Lamp 17,true,false,false,28,,,
V008069,C00235,2025-05-11,email,P007,Calm Cream 07,true,false,false,73,,,
V008070,C00191,2025-04-17,email,P002,Pure Band 02,true,false,false,44,,,
V008071,C00464,2025-12-07,paid_search,P004,Essential Bag 04,true,true,false,61,WEEKEND15,,
V008072,C00118,2025-03-08,organic_search,P027,Urban Bottle 27,true,false,false,16,LOYALTY10,,
V008073,C00910,2025-03-30,email,P002,Pure Band 02,true,false,false,96,,,
V008074,C00909,2025-01-31,paid_search,P012,Essential Bag 12,true,false,false,16,,,
V008075,C00988,2025-04-07,paid_search,P019,Urban Bottle 19,true,false,false,119,,,
V008076,C00265,2025-11-01,organic_search,P018,Pure Band 18,true,false,false,63,WELCOME5,,
V008077,C00886,2025-02-06,paid_search,P030,Active Mat 30,true,false,false,36,,,
V008078,C00383,2025-12-23,paid_search,P029,Bright Organizer 29,true,false,false,19,WEEKEND15,,
V008079,C00441,2025-04-17,organic_search,P023,Calm Cream 23,true,false,false,57,,,
V008080,C00718,2025-06-05,organic_search,P016,Modern Serum 16,true,true,false,166,WEEKEND15,,
V008081,C00044,2025-06-20,direct,P028,Essential Bag 28,true,false,false,90,,,
V008082,C00943,2025-06-22,social,P019,Urban Bottle 19,true,true,false,33,WELCOME5,,
V008083,C00878,2025-08-05,direct,P002,Pure Band 02,true,false,false,30,LOYALTY10,,
V008084,C00218,2025-05-19,email,P030,Active Mat 30,true,false,false,132,,,
V008085,C00805,2025-01-10,social,P028,Essential Bag 28,true,false,false,80,,,
V008086,C00672,2025-09-30,email,P022,Active Mat 22,true,false,false,114,,,
V008087,C00244,2025-01-16,email,P002,Pure Band 02,true,true,false,35,,,
V008088,C00275,2025-05-02,direct,P025,Daily Lamp 25,true,true,false,161,,,
V008089,C00910,2025-04-04,social,P012,Essential Bag 12,true,false,false,17,,,
V008090,C00211,2025-01-07,paid_search,P016,Modern Serum 16,true,false,false,96,,,
V008091,C00481,2025-05-07,paid_search,P008,Modern Serum 08,true,false,false,59,,,
V008092,C00035,2025-09-30,email,P025,Daily Lamp 25,true,false,false,8,,,
V008093,C00705,2025-01-04,social,P026,Pure Band 26,true,false,false,47,,,
V008094,C00883,2025-07-10,organic_search,P012,Essential Bag 12,true,true,false,32,WELCOME5,,
V008095,C00749,2025-08-23,paid_search,P028,Essential Bag 28,true,false,false,16,,,
V008096,C00996,2025-09-06,organic_search,P003,Urban Bottle 03,true,false,false,42,,,
V008097,C00956,2025-11-13,direct,P021,Bright Organizer 21,true,false,false,112,WEEKEND15,,
V008098,C00585,2025-12-06,direct,P003,Urban Bottle 03,true,false,false,464,WEEKEND15,,
V008099,C00709,2025-06-02,direct,P025,Daily Lamp 25,true,false,false,21,,,
V008100,C00043,2025-12-12,email,P016,Modern Serum 16,false,false,false,46,,,
V008101,C00996,2025-03-10,direct,P027,Urban Bottle 27,true,false,false,53,,,
V008102,C00548,2025-11-25,email,P009,Daily Lamp 09,true,false,true,74,WEEKEND15,T006019,
V008103,C00903,2025-04-29,email,P006,Active Mat 06,false,false,false,228,LOYALTY10,,
V008104,C00715,2025-02-05,paid_search,P010,Pure Band 10,true,false,false,52,,,
V008105,C00060,2025-08-25,organic_search,P023,Calm Cream 23,false,false,false,30,,,
V008106,C00945,2025-08-11,organic_search,P006,Active Mat 06,true,false,false,86,,,
V008107,C00429,2025-01-28,direct,P008,Modern Serum 08,true,false,false,225,,,
V008108,C00826,2025-11-05,paid_search,P012,Essential Bag 12,true,false,false,50,LOYALTY10,,
V008109,C00842,2025-06-02,organic_search,P019,Urban Bottle 19,true,false,false,12,WELCOME5,,
V008110,C00959,2025-08-27,organic_search,P007,Calm Cream 07,true,false,true,22,,T004503,
V008111,C00573,2025-07-05,organic_search,P028,Essential Bag 28,true,false,false,6,,,
V008112,C00381,2025-06-05,paid_search,P012,Essential Bag 12,true,false,true,116,,T002961,
V008113,C00109,2025-11-27,paid_search,P022,Active Mat 22,true,false,false,60,,,
V008114,C00683,2025-08-04,organic_search,P014,Active Mat 14,true,true,false,351,LOYALTY10,,
V008115,C00962,2025-02-27,paid_search,P028,Essential Bag 28,true,false,false,37,,,
V008116,C00143,2025-08-12,email,P006,Active Mat 06,true,true,false,119,,,
V008117,C00397,2025-06-07,organic_search,P030,Active Mat 30,true,false,false,19,,,
V008118,C00664,2025-11-24,social,P001,Daily Lamp 01,true,false,false,120,,,
V008119,C00026,2025-11-29,direct,P028,Essential Bag 28,true,false,false,61,,,
V008120,C00900,2025-12-23,organic_search,P020,Essential Bag 20,true,false,false,40,,,
V008121,C00301,2025-06-01,direct,P012,Essential Bag 12,true,false,false,215,,,
V008122,C00266,2025-09-03,email,P009,Daily Lamp 09,true,false,false,60,WEEKEND15,,
V008123,C00770,2025-06-16,organic_search,P006,Active Mat 06,true,false,false,73,,,
V008124,C00540,2025-10-01,social,P015,Calm Cream 15,true,false,false,130,,,
V008125,C00357,2025-05-07,social,P006,Active Mat 06,true,true,false,267,WELCOME5,,
V008126,C00632,2025-06-04,social,P014,Active Mat 14,true,false,false,55,,,
V008127,C00077,2025-05-15,paid_search,P006,Active Mat 06,true,false,false,114,,,
V008128,C00547,2025-02-04,email,P021,Bright Organizer 21,true,false,false,16,,,
V008129,C00662,2025-10-20,organic_search,P021,Bright Organizer 21,true,false,true,160,,T005431,
V008130,C00561,2025-04-03,social,P025,Daily Lamp 25,true,false,false,43,,,
V008131,C00297,2025-02-22,paid_search,P014,Active Mat 14,true,false,false,109,,,
V008132,C00433,2025-10-16,social,P002,Pure Band 02,true,true,false,45,,,
V008133,C00718,2025-06-16,social,P022,Active Mat 22,true,false,false,40,,,
V008134,C00086,2025-07-16,email,P024,Modern Serum 24,true,false,false,177,,,
V008135,C00613,2025-06-02,paid_search,P026,Pure Band 26,true,false,false,58,,,
V008136,C00822,2025-06-22,referral,P029,Bright Organizer 29,true,true,false,171,,,
V008137,C00037,2025-06-11,organic_search,P007,Calm Cream 07,true,true,false,70,,,
V008138,C00538,2025-09-03,referral,P030,Active Mat 30,true,false,false,51,WELCOME5,,
V008139,C00835,2025-02-25,paid_search,P023,Calm Cream 23,true,false,false,17,,,
V008140,C00976,2025-03-14,paid_search,P012,Essential Bag 12,true,true,false,196,LOYALTY10,,
V008141,C00800,2025-02-24,direct,P010,Pure Band 10,true,false,false,36,,,
V008142,C00574,2025-05-21,paid_search,P014,Active Mat 14,true,false,false,163,WELCOME5,,
V008143,C00665,2025-11-03,referral,P013,Bright Organizer 13,true,false,false,179,,,
V008144,C00348,2025-10-01,organic_search,P003,Urban Bottle 03,true,false,false,16,,,
V008145,C00819,2025-09-01,paid_search,P006,Active Mat 06,true,false,false,140,,,
V008146,C00831,2025-09-25,organic_search,P010,Pure Band 10,true,true,false,71,,,
V008147,C00956,2025-03-13,social,P022,Active Mat 22,true,false,false,37,,,
V008148,C00045,2025-09-22,paid_search,P025,Daily Lamp 25,true,false,false,69,,,
V008149,C00644,2025-01-06,social,P007,Calm Cream 07,true,false,false,60,,,
V008150,C00174,2025-05-20,paid_search,P001,Daily Lamp 01,false,false,false,28,WEEKEND15,,
V008151,C00390,2025-08-23,direct,P025,Daily Lamp 25,true,false,false,57,WEEKEND15,,
V008152,C00851,2025-02-14,paid_search,P015,Calm Cream 15,true,false,false,93,,,
V008153,C00745,2025-06-19,organic_search,P022,Active Mat 22,true,false,false,17,,,
V008154,C00646,2025-09-30,paid_search,P013,Bright Organizer 13,true,false,true,112,,T005045,
V008155,C00077,2025-11-09,organic_search,P013,Bright Organizer 13,true,false,true,84,,T005769,
V008156,C00006,2025-01-05,direct,P023,Calm Cream 23,true,true,false,180,,,
V008157,C00297,2025-06-22,referral,P005,Bright Organizer 05,true,true,true,200,,T003297,
V008158,C00678,2025-10-03,organic_search,P001,Daily Lamp 01,true,false,false,25,,,
V008159,C00101,2025-12-17,email,P027,Urban Bottle 27,true,false,false,120,,,
V008160,C00460,2025-07-01,social,P024,Modern Serum 24,true,false,false,22,,,
V008161,C00503,2025-06-22,social,P015,Calm Cream 15,true,false,false,23,,,
V008162,C00411,2025-11-22,organic_search,P025,Daily Lamp 25,true,true,false,43,LOYALTY10,,
V008163,C00914,2025-12-05,organic_search,P014,Active Mat 14,true,false,false,33,WELCOME5,,
V008164,C00537,2025-01-21,direct,P008,Modern Serum 08,true,true,false,156,,,
V008165,C00469,2025-03-13,organic_search,P001,Daily Lamp 01,true,false,false,31,,,
V008166,C00537,2025-08-13,direct,P027,Urban Bottle 27,true,false,false,76,LOYALTY10,,
V008167,C00171,2025-07-16,paid_search,P006,Active Mat 06,false,false,false,93,,,
V008168,C00353,2025-02-04,organic_search,P029,Bright Organizer 29,true,false,false,67,,,
V008169,C00294,2025-03-21,email,P019,Urban Bottle 19,true,false,false,30,,,
V008170,C00580,2025-04-30,social,P011,Urban Bottle 11,true,false,false,49,LOYALTY10,,
V008171,C00121,2025-05-04,organic_search,P007,Calm Cream 07,true,false,false,61,,,
V008172,C00874,2025-09-07,email,P006,Active Mat 06,true,false,false,33,WELCOME5,,
V008173,C00295,2025-02-14,paid_search,P029,Bright Organizer 29,true,false,false,23,,,
V008174,C00866,2025-03-26,social,P024,Modern Serum 24,true,false,false,54,LOYALTY10,,
V008175,C00323,2025-06-08,email,P017,Daily Lamp 17,true,false,false,27,WEEKEND15,,
V008176,C00194,2025-03-11,organic_search,P025,Daily Lamp 25,true,false,true,130,,T001304,
V008177,C00655,2025-06-07,organic_search,P020,Essential Bag 20,true,false,false,25,,,
V008178,C00124,2025-01-04,email,P030,Active Mat 30,true,false,false,10,,,
V008179,C00255,2025-08-23,organic_search,P021,Bright Organizer 21,true,false,false,76,LOYALTY10,,
V008180,C00014,2025-10-13,paid_search,P005,Bright Organizer 05,true,false,false,27,,,
V008181,C00492,2025-09-25,social,P013,Bright Organizer 13,true,false,false,45,,,
V008182,C00812,2025-03-17,referral,P001,Daily Lamp 01,true,false,false,48,,,
V008183,C00463,2025-01-04,organic_search,P026,Pure Band 26,true,false,false,17,,,
V008184,C00337,2025-12-10,organic_search,P005,Bright Organizer 05,true,false,false,93,,,
V008185,C00795,2025-09-09,direct,P021,Bright Organizer 21,true,false,false,12,,,
V008186,C00296,2025-09-06,paid_search,P023,Calm Cream 23,true,false,false,60,,,
V008187,C00442,2025-05-10,social,P001,Daily Lamp 01,true,true,false,60,,,
V008188,C00035,2025-05-07,email,P017,Daily Lamp 17,true,false,false,49,WELCOME5,,
V008189,C00688,2025-11-29,organic_search,P022,Active Mat 22,true,false,false,110,,,
V008190,C00994,2025-06-07,direct,P030,Active Mat 30,true,false,false,70,,,
V008191,C00253,2025-02-16,paid_search,P024,Modern Serum 24,true,false,false,107,,,
V008192,C00814,2025-03-21,referral,P023,Calm Cream 23,true,false,false,18,,,
V008193,C00209,2025-04-18,email,P010,Pure Band 10,true,false,false,48,WEEKEND15,,
V008194,C00983,2025-07-12,organic_search,P022,Active Mat 22,true,false,false,78,,,
V008195,C00509,2025-05-13,referral,P019,Urban Bottle 19,true,false,false,65,,,
V008196,C00240,2025-05-29,organic_search,P026,Pure Band 26,true,false,false,13,,,
V008197,C00331,2025-10-01,social,P001,Daily Lamp 01,true,false,false,37,,,
V008198,C00400,2025-04-04,paid_search,P026,Pure Band 26,true,false,false,18,,,
V008199,C00673,2025-02-26,social,P016,Modern Serum 16,true,false,false,161,,,
V008200,C00886,2025-06-29,direct,P011,Urban Bottle 11,true,false,false,41,,,
V008201,C00806,2025-08-30,social,P020,Essential Bag 20,true,false,false,66,,,
V008202,C00741,2025-05-27,direct,P004,Essential Bag 04,false,false,false,43,,,
V008203,C00253,2025-03-27,paid_search,P010,Pure Band 10,true,false,false,53,,,
V008204,C00574,2025-08-16,social,P017,Daily Lamp 17,true,false,false,80,LOYALTY10,,
V008205,C00286,2025-11-16,direct,P015,Calm Cream 15,true,true,false,19,WEEKEND15,,
V008206,C00748,2025-12-30,social,P018,Pure Band 18,false,false,false,39,,,
V008207,C00456,2025-10-08,paid_search,P011,Urban Bottle 11,true,true,true,286,,T005206,
V008208,C00955,2025-06-14,direct,P022,Active Mat 22,true,false,false,252,,,
V008209,C00306,2025-03-11,organic_search,P022,Active Mat 22,true,false,false,54,,,
V008210,C00129,2025-11-15,organic_search,P018,Pure Band 18,false,false,false,26,WELCOME5,,
V008211,C00998,2025-04-24,paid_search,P024,Modern Serum 24,true,false,false,22,,,
V008212,C00022,2025-10-31,organic_search,P009,Daily Lamp 09,true,false,false,59,,,
V008213,C00113,2025-05-27,organic_search,P002,Pure Band 02,true,true,false,75,,,
V008214,C00430,2025-01-25,social,P016,Modern Serum 16,true,true,false,95,,,
V008215,C00595,2025-01-09,paid_search,P002,Pure Band 02,true,false,false,74,,,
V008216,C00925,2025-04-17,referral,P014,Active Mat 14,true,true,false,117,,,
V008217,C00263,2025-09-11,email,P010,Pure Band 10,true,true,false,17,,,
V008218,C00363,2025-08-20,organic_search,P028,Essential Bag 28,true,false,false,127,,,
V008219,C00475,2025-01-06,email,P008,Modern Serum 08,true,false,false,29,,,
V008220,C00802,2025-11-15,paid_search,P023,Calm Cream 23,true,false,false,40,,,
V008221,C00506,2025-10-30,organic_search,P004,Essential Bag 04,false,false,false,68,WEEKEND15,,
V008222,C00452,2025-02-03,paid_search,P028,Essential Bag 28,true,false,false,54,,,
V008223,C00415,2025-01-14,organic_search,P019,Urban Bottle 19,true,false,false,18,,,
V008224,C00314,2025-02-07,social,P026,Pure Band 26,true,false,false,42,,,
V008225,C00769,2025-02-11,email,P027,Urban Bottle 27,true,true,false,137,WELCOME5,,
V008226,C00212,2025-01-29,paid_search,P025,Daily Lamp 25,true,false,false,12,,,
V008227,C00735,2025-09-28,organic_search,P005,Bright Organizer 05,true,false,true,107,,T005016,
V008228,C00990,2025-09-13,direct,P015,Calm Cream 15,true,false,false,64,LOYALTY10,,
V008229,C00525,2025-01-14,social,P023,Calm Cream 23,true,true,false,96,WEEKEND15,,
V008230,C00962,2025-05-22,email,P006,Active Mat 06,false,false,false,60,,,
V008231,C00728,2025-07-31,social,P001,Daily Lamp 01,false,false,false,67,,,
V008232,C00315,2025-04-30,social,P001,Daily Lamp 01,true,true,true,62,,T002299,
V008233,C00951,2025-10-24,paid_search,P010,Pure Band 10,true,false,false,51,WELCOME5,,
V008234,C00590,2025-09-09,social,P025,Daily Lamp 25,true,false,false,20,,,
V008235,C00992,2025-03-08,direct,P003,Urban Bottle 03,true,false,false,19,WEEKEND15,,
V008236,C00302,2025-01-30,organic_search,P006,Active Mat 06,true,false,false,52,,,
V008237,C00494,2025-08-14,paid_search,P026,Pure Band 26,true,false,false,122,WEEKEND15,,
V008238,C00411,2025-11-05,paid_search,P009,Daily Lamp 09,true,false,false,47,LOYALTY10,,
V008239,C00772,2025-05-05,organic_search,P009,Daily Lamp 09,true,false,false,90,,,
V008240,C00096,2025-06-11,social,P003,Urban Bottle 03,true,false,false,5,,,
V008241,C00428,2025-01-22,direct,P022,Active Mat 22,true,false,false,46,,,
V008242,C00454,2025-03-31,direct,P024,Modern Serum 24,true,false,false,17,,,
V008243,C00943,2025-02-22,referral,P030,Active Mat 30,true,false,false,23,,,
V008244,C00257,2025-11-26,social,P008,Modern Serum 08,true,false,false,19,LOYALTY10,,
V008245,C00701,2025-06-08,social,P021,Bright Organizer 21,true,false,false,55,,,
V008246,C00006,2025-09-25,paid_search,P001,Daily Lamp 01,true,false,false,59,,,
V008247,C00747,2025-11-17,social,P021,Bright Organizer 21,true,false,false,14,,,
V008248,C00868,2025-08-14,paid_search,P002,Pure Band 02,true,false,false,187,,,
V008249,C00035,2025-02-08,organic_search,P026,Pure Band 26,true,false,false,29,,,
V008250,C00986,2025-08-10,social,P030,Active Mat 30,true,false,false,23,,,
V008251,C00028,2025-01-04,direct,P014,Active Mat 14,true,false,false,19,,,
V008252,C00637,2025-06-05,paid_search,P012,Essential Bag 12,true,false,false,20,LOYALTY10,,
V008253,C00909,2025-08-29,organic_search,P007,Calm Cream 07,true,false,false,30,,,
V008254,C00032,2025-07-10,paid_search,P010,Pure Band 10,true,false,false,171,,,
V008255,C00678,2025-01-12,email,P017,Daily Lamp 17,true,false,false,17,,,
V008256,C00931,2025-07-13,direct,P025,Daily Lamp 25,true,false,false,96,LOYALTY10,,
V008257,C00405,2025-12-12,email,P007,Calm Cream 07,true,false,false,21,LOYALTY10,,
V008258,C00028,2025-10-25,organic_search,P026,Pure Band 26,true,false,true,235,,T005520,
V008259,C00349,2025-10-31,direct,P027,Urban Bottle 27,true,false,false,108,WEEKEND15,,
V008260,C00716,2025-07-07,organic_search,P013,Bright Organizer 13,true,false,false,62,,,
V008261,C00855,2025-06-27,paid_search,P026,Pure Band 26,true,false,false,38,,,
V008262,C00998,2025-06-24,organic_search,P024,Modern Serum 24,true,false,false,40,WEEKEND15,,
V008263,C00921,2025-12-15,organic_search,P021,Bright Organizer 21,true,false,false,22,,,
V008264,C00214,2025-07-13,referral,P010,Pure Band 10,true,false,false,32,,,
V008265,C00601,2025-08-27,paid_search,P027,Urban Bottle 27,true,false,false,64,LOYALTY10,,
V008266,C00498,2025-07-17,paid_search,P006,Active Mat 06,false,false,false,37,,,
V008267,C00916,2025-07-20,paid_search,P007,Calm Cream 07,true,false,false,73,WELCOME5,,
V008268,C00328,2025-12-12,organic_search,P020,Essential Bag 20,true,false,false,61,,,
V008269,C00959,2025-07-02,email,P018,Pure Band 18,true,false,true,43,WEEKEND15,T003487,
V008270,C00029,2025-07-27,direct,P016,Modern Serum 16,true,false,false,66,LOYALTY10,,
V008271,C00188,2025-06-15,organic_search,P011,Urban Bottle 11,true,false,false,35,,,
V008272,C00981,2025-06-10,social,P001,Daily Lamp 01,true,false,false,31,LOYALTY10,,
V008273,C00351,2025-01-25,social,P021,Bright Organizer 21,true,true,true,151,WELCOME5,T000468,
V008274,C00834,2025-11-01,paid_search,P009,Daily Lamp 09,true,false,false,28,,,
V008275,C00822,2025-01-07,organic_search,P016,Modern Serum 16,true,false,false,22,,,
V008276,C00813,2025-08-14,social,P021,Bright Organizer 21,true,false,false,35,WEEKEND15,,
V008277,C00509,2025-08-01,paid_search,P013,Bright Organizer 13,true,true,true,298,,T004007,
V008278,C00169,2025-07-12,paid_search,P005,Bright Organizer 05,true,false,false,36,WELCOME5,,
V008279,C00379,2025-01-24,organic_search,P016,Modern Serum 16,true,false,false,83,,,
V008280,C00102,2025-12-19,social,P028,Essential Bag 28,true,false,false,59,,,
V008281,C00725,2025-08-08,social,P015,Calm Cream 15,true,false,false,36,LOYALTY10,,
V008282,C00658,2025-05-15,organic_search,P004,Essential Bag 04,true,false,false,21,,,
V008283,C00435,2025-02-22,organic_search,P009,Daily Lamp 09,true,false,false,544,,,
V008284,C00990,2025-02-17,paid_search,P011,Urban Bottle 11,true,false,false,23,,,
V008285,C00577,2025-12-02,organic_search,P018,Pure Band 18,true,false,false,9,,,
V008286,C00261,2025-09-10,organic_search,P025,Daily Lamp 25,true,false,false,46,,,
V008287,C00372,2025-10-03,paid_search,P011,Urban Bottle 11,true,false,false,27,,,
V008288,C00345,2025-08-17,direct,P028,Essential Bag 28,true,true,false,31,,,
V008289,C00376,2025-06-12,social,P017,Daily Lamp 17,true,false,false,43,,,
V008290,C00358,2025-10-14,referral,P026,Pure Band 26,true,true,false,32,,,
V008291,C00624,2025-10-12,direct,P003,Urban Bottle 03,true,false,false,50,LOYALTY10,,
V008292,C00442,2025-06-07,paid_search,P020,Essential Bag 20,true,false,false,66,,,
V008293,C00608,2025-08-25,email,P013,Bright Organizer 13,true,false,false,57,,,
V008294,C00841,2025-07-11,email,P019,Urban Bottle 19,true,false,false,194,,,
V008295,C00788,2025-09-01,organic_search,P023,Calm Cream 23,true,true,false,28,,,
V008296,C00603,2025-09-29,email,P004,Essential Bag 04,false,false,false,139,WEEKEND15,,
V008297,C00190,2025-10-16,direct,P004,Essential Bag 04,true,false,false,41,,,
V008298,C00109,2025-12-27,organic_search,P030,Active Mat 30,false,false,false,91,,,
V008299,C00570,2025-01-31,paid_search,P026,Pure Band 26,true,false,false,35,WELCOME5,,
V008300,C00665,2025-05-10,paid_search,P016,Modern Serum 16,true,false,false,50,,,
V008301,C00772,2025-06-26,organic_search,P020,Essential Bag 20,true,false,false,38,LOYALTY10,,
V008302,C00943,2025-08-27,paid_search,P022,Active Mat 22,true,false,false,14,,,
V008303,C00435,2025-01-23,email,P025,Daily Lamp 25,true,false,false,46,,,
V008304,C00262,2025-08-29,email,P030,Active Mat 30,true,false,false,48,,,
V008305,C00850,2025-06-16,organic_search,P007,Calm Cream 07,true,false,false,115,,,
V008306,C00803,2025-11-23,email,P030,Active Mat 30,true,false,false,8,,,
V008307,C00287,2025-01-05,organic_search,P007,Calm Cream 07,true,true,false,137,,,
V008308,C00503,2025-01-09,paid_search,P011,Urban Bottle 11,true,false,false,99,,,
V008309,C00765,2025-08-28,social,P030,Active Mat 30,true,false,false,98,,,
V008310,C00775,2025-08-04,organic_search,P009,Daily Lamp 09,true,false,false,121,,,
V008311,C00800,2025-04-10,direct,P025,Daily Lamp 25,true,false,false,30,,,
V008312,C00273,2025-07-14,organic_search,P015,Calm Cream 15,true,false,false,83,,,
V008313,C00328,2025-11-22,direct,P001,Daily Lamp 01,true,false,false,98,,,
V008314,C00019,2025-03-08,paid_search,P010,Pure Band 10,true,false,false,42,,,
V008315,C00375,2025-06-28,organic_search,P010,Pure Band 10,true,false,false,119,,,
V008316,C00786,2025-08-27,paid_search,P020,Essential Bag 20,true,false,false,29,,,
V008317,C00478,2025-06-26,paid_search,P019,Urban Bottle 19,true,false,false,116,,,
V008318,C00074,2025-11-14,paid_search,P015,Calm Cream 15,true,false,false,307,,,
V008319,C00563,2025-03-03,email,P029,Bright Organizer 29,true,false,false,40,,,
V008320,C00322,2025-06-17,social,P013,Bright Organizer 13,true,false,false,65,,,
V008321,C00019,2025-01-16,organic_search,P028,Essential Bag 28,true,false,false,13,WEEKEND15,,
V008322,C00016,2025-04-27,social,P023,Calm Cream 23,true,true,false,74,LOYALTY10,,
V008323,C00603,2025-12-25,organic_search,P029,Bright Organizer 29,true,true,true,82,,T006484,
V008324,C00619,2025-01-15,social,P021,Bright Organizer 21,true,false,false,367,,,
V008325,C00678,2025-03-06,social,P011,Urban Bottle 11,true,true,true,273,,T001207,
V008326,C00519,2025-08-04,email,P019,Urban Bottle 19,true,true,false,227,,,
V008327,C00734,2025-06-02,email,P013,Bright Organizer 13,true,false,false,33,WEEKEND15,,
V008328,C00039,2025-12-29,organic_search,P024,Modern Serum 24,false,false,false,46,,,
V008329,C00043,2025-06-05,paid_search,P019,Urban Bottle 19,true,false,true,199,,T002975,
V008330,C00238,2025-06-28,organic_search,P001,Daily Lamp 01,true,true,false,107,,,
V008331,C00351,2025-02-13,organic_search,P017,Daily Lamp 17,true,false,false,47,,,
V008332,C00140,2025-11-25,email,P004,Essential Bag 04,false,false,false,83,WEEKEND15,,
V008333,C00372,2025-03-08,organic_search,P016,Modern Serum 16,true,false,true,57,,T001241,
V008334,C00916,2025-02-21,email,P019,Urban Bottle 19,true,false,false,35,LOYALTY10,,
V008335,C00499,2025-09-05,social,P014,Active Mat 14,true,false,false,347,,,
V008336,C00140,2025-05-08,social,P009,Daily Lamp 09,true,true,false,35,WELCOME5,,
V008337,C00215,2025-03-21,referral,P027,Urban Bottle 27,true,false,false,158,,,
V008338,C00364,2025-03-12,organic_search,P001,Daily Lamp 01,true,false,false,200,,,
V008339,C00474,2025-09-19,paid_search,P028,Essential Bag 28,true,false,false,27,,,
V008340,C00823,2025-10-05,social,P025,Daily Lamp 25,true,true,false,39,,,
V008341,C00261,2025-12-18,organic_search,P011,Urban Bottle 11,true,false,false,30,,,
V008342,C00963,2025-05-23,social,P029,Bright Organizer 29,true,false,false,53,,,
V008343,C00303,2025-10-24,social,P025,Daily Lamp 25,true,true,false,88,,,
V008344,C00214,2025-12-03,paid_search,P005,Bright Organizer 05,true,true,true,222,,T006114,
V008345,C00343,2025-02-26,paid_search,P005,Bright Organizer 05,true,false,false,57,,,
V008346,C00305,2025-05-29,referral,P012,Essential Bag 12,true,true,false,93,LOYALTY10,,
V008347,C00825,2025-07-02,paid_search,P007,Calm Cream 07,true,true,false,44,,,
V008348,C00781,2025-05-17,email,P006,Active Mat 06,true,false,false,212,,,
V008349,C00104,2025-12-16,organic_search,P006,Active Mat 06,false,false,false,57,,,
V008350,C00696,2025-11-03,email,P013,Bright Organizer 13,true,false,false,106,,,
V008351,C00947,2025-08-02,direct,P026,Pure Band 26,true,false,false,99,WEEKEND15,,
V008352,C00267,2025-04-10,organic_search,P002,Pure Band 02,true,false,false,113,,,
V008353,C00101,2025-06-07,paid_search,P018,Pure Band 18,true,true,false,43,WEEKEND15,,
V008354,C00651,2025-01-28,organic_search,P013,Bright Organizer 13,true,false,false,60,,,
V008355,C00059,2025-11-08,paid_search,P030,Active Mat 30,true,false,false,78,,,
V008356,C00897,2025-03-06,referral,P030,Active Mat 30,true,false,false,10,LOYALTY10,,
V008357,C00588,2025-03-11,organic_search,P011,Urban Bottle 11,true,false,false,73,,,
V008358,C00842,2025-07-21,organic_search,P029,Bright Organizer 29,true,false,false,57,LOYALTY10,,
V008359,C00819,2025-01-06,paid_search,P028,Essential Bag 28,true,false,false,48,WEEKEND15,,
V008360,C00695,2025-01-28,social,P005,Bright Organizer 05,true,false,false,18,,,
V008361,C00984,2025-04-19,paid_search,P020,Essential Bag 20,true,true,false,50,,,
V008362,C00313,2025-11-05,direct,P004,Essential Bag 04,true,false,false,40,WEEKEND15,,
V008363,C00548,2025-07-06,social,P027,Urban Bottle 27,true,false,false,81,,,
V008364,C00350,2025-09-28,email,P024,Modern Serum 24,false,false,false,19,,,
V008365,C00120,2025-06-08,email,P009,Daily Lamp 09,true,false,false,11,,,
V008366,C00784,2025-10-16,organic_search,P016,Modern Serum 16,false,false,false,64,WELCOME5,,
V008367,C00311,2025-11-08,email,P003,Urban Bottle 03,true,false,false,67,,,
V008368,C00880,2025-09-23,organic_search,P028,Essential Bag 28,true,true,false,17,WEEKEND15,,
V008369,C00015,2025-02-05,paid_search,P006,Active Mat 06,true,false,false,251,WEEKEND15,,
V008370,C00241,2025-07-04,organic_search,P006,Active Mat 06,true,false,false,42,,,
V008371,C00053,2025-05-11,organic_search,P017,Daily Lamp 17,true,true,false,127,,,
V008372,C00737,2025-05-15,social,P006,Active Mat 06,true,true,true,82,,T002569,
V008373,C00348,2025-02-27,paid_search,P016,Modern Serum 16,true,false,true,88,LOYALTY10,T001080,
V008374,C00921,2025-07-23,email,P006,Active Mat 06,false,false,false,38,,,
V008375,C00944,2025-01-04,referral,P025,Daily Lamp 25,true,false,false,118,,,
V008376,C00586,2025-08-22,social,P028,Essential Bag 28,true,false,false,40,,,
V008377,C00627,2025-10-31,social,P002,Pure Band 02,true,false,false,37,WELCOME5,,
V008378,C00769,2025-11-25,organic_search,P013,Bright Organizer 13,true,false,false,16,,,
V008379,C00874,2025-06-12,social,P025,Daily Lamp 25,true,false,false,136,,,
V008380,C00350,2025-02-11,paid_search,P001,Daily Lamp 01,true,true,false,95,WEEKEND15,,
V008381,C00249,2025-11-06,email,P007,Calm Cream 07,true,false,false,44,,,
V008382,C00334,2025-06-18,organic_search,P001,Daily Lamp 01,true,true,false,187,,,
V008383,C00876,2025-08-29,social,P026,Pure Band 26,true,true,false,97,,,
V008384,C00935,2025-01-24,email,P020,Essential Bag 20,true,false,false,19,,,
V008385,C00624,2025-04-01,organic_search,P026,Pure Band 26,true,true,true,594,LOYALTY10,T001727,
V008386,C00896,2025-06-10,direct,P016,Modern Serum 16,true,false,true,147,WELCOME5,T003051,
V008387,C00936,2025-03-03,social,P025,Daily Lamp 25,true,false,false,43,,,
V008388,C00605,2025-04-18,email,P020,Essential Bag 20,true,true,false,46,,,
V008389,C00928,2025-12-11,organic_search,P025,Daily Lamp 25,true,false,false,110,,,
V008390,C00734,2025-09-08,paid_search,P029,Bright Organizer 29,true,false,false,47,,,
V008391,C00755,2025-09-22,organic_search,P030,Active Mat 30,true,true,false,86,LOYALTY10,,
V008392,C00956,2025-06-02,paid_search,P019,Urban Bottle 19,true,false,false,45,,,
V008393,C00687,2025-11-22,social,P026,Pure Band 26,true,false,false,238,WELCOME5,,
V008394,C00080,2025-02-24,organic_search,P001,Daily Lamp 01,true,false,false,94,WEEKEND15,,
V008395,C00174,2025-08-01,organic_search,P006,Active Mat 06,true,false,false,34,,,
V008396,C00988,2025-11-09,organic_search,P004,Essential Bag 04,true,false,false,25,WEEKEND15,,
V008397,C00327,2025-12-23,paid_search,P016,Modern Serum 16,false,false,false,40,,,
V008398,C00440,2025-07-13,email,P006,Active Mat 06,true,false,false,44,,,
V008399,C00724,2025-07-19,social,P013,Bright Organizer 13,true,false,false,38,LOYALTY10,,
V008400,C00233,2025-09-24,organic_search,P028,Essential Bag 28,true,false,false,29,,,
V008401,C00864,2025-12-04,email,P025,Daily Lamp 25,true,false,false,46,,,
V008402,C00086,2025-08-09,referral,P002,Pure Band 02,true,false,true,105,,T004173,
V008403,C00236,2025-08-19,organic_search,P019,Urban Bottle 19,false,false,false,219,,,
V008404,C00792,2025-06-25,referral,P002,Pure Band 02,true,false,false,40,,,
V008405,C00095,2025-01-15,email,P012,Essential Bag 12,true,false,false,129,,,
V008406,C00935,2025-05-24,paid_search,P022,Active Mat 22,true,false,false,48,,,
V008407,C00495,2025-10-13,paid_search,P027,Urban Bottle 27,true,false,true,29,,T005314,
V008408,C00668,2025-01-19,organic_search,P020,Essential Bag 20,true,false,false,32,,,
V008409,C00583,2025-05-15,direct,P027,Urban Bottle 27,true,false,true,55,,T002548,
V008410,C00639,2025-06-30,organic_search,P006,Active Mat 06,false,false,false,67,,,
V008411,C00855,2025-09-07,email,P022,Active Mat 22,true,false,false,53,WEEKEND15,,
V008412,C00670,2025-12-28,direct,P012,Essential Bag 12,false,false,false,11,,,
V008413,C00978,2025-10-29,organic_search,P004,Essential Bag 04,false,false,false,106,LOYALTY10,,
V008414,C00461,2025-06-19,social,P029,Bright Organizer 29,true,true,true,49,WELCOME5,T003230,
V008415,C00237,2025-04-22,social,P020,Essential Bag 20,true,false,false,7,LOYALTY10,,
V008416,C00740,2025-05-15,direct,P010,Pure Band 10,true,false,true,72,LOYALTY10,T002552,
V008417,C00559,2025-02-04,direct,P028,Essential Bag 28,true,false,false,38,,,
V008418,C00382,2025-08-31,organic_search,P012,Essential Bag 12,false,false,false,76,WEEKEND15,,
V008419,C00361,2025-03-16,direct,P027,Urban Bottle 27,true,false,false,190,WELCOME5,,
V008420,C00873,2025-10-24,organic_search,P024,Modern Serum 24,true,false,false,45,WEEKEND15,,
V008421,C00733,2025-10-31,email,P006,Active Mat 06,false,false,false,24,WELCOME5,,
V008422,C00245,2025-10-09,direct,P030,Active Mat 30,true,false,false,27,,,
V008423,C00624,2025-06-12,organic_search,P015,Calm Cream 15,true,false,false,46,WELCOME5,,
V008424,C00831,2025-01-16,social,P006,Active Mat 06,true,false,false,64,,,
V008425,C00736,2025-10-06,email,P009,Daily Lamp 09,true,true,true,68,,T005180,
V008426,C00556,2025-06-06,social,P023,Calm Cream 23,true,false,false,32,,,
V008427,C00358,2025-03-05,email,P030,Active Mat 30,true,true,false,67,,,
V008428,C00980,2025-12-25,paid_search,P017,Daily Lamp 17,true,false,false,30,WELCOME5,,
V008429,C00185,2025-11-21,email,P022,Active Mat 22,true,false,false,17,,,
V008430,C00069,2025-02-02,direct,P029,Bright Organizer 29,true,false,false,44,,,
V008431,C00559,2025-09-27,social,P029,Bright Organizer 29,true,false,false,31,,,
V008432,C00340,2025-09-01,social,P001,Daily Lamp 01,true,false,false,93,,,
V008433,C00995,2025-10-17,paid_search,P019,Urban Bottle 19,true,false,false,47,,,
V008434,C00321,2025-10-15,organic_search,P006,Active Mat 06,true,true,true,94,WEEKEND15,T005342,
V008435,C00944,2025-09-22,organic_search,P006,Active Mat 06,false,false,false,110,,,
V008436,C00152,2025-02-26,organic_search,P021,Bright Organizer 21,true,true,false,155,,,
V008437,C00782,2025-08-03,organic_search,P027,Urban Bottle 27,true,false,false,124,WEEKEND15,,
V008438,C00655,2025-10-07,paid_search,P024,Modern Serum 24,true,false,false,40,,,
V008439,C00373,2025-04-07,social,P017,Daily Lamp 17,true,false,false,37,,,
V008440,C00976,2025-07-10,social,P015,Calm Cream 15,true,false,false,89,,,
V008441,C00211,2025-03-02,direct,P028,Essential Bag 28,true,false,false,29,,,
V008442,C00138,2025-08-05,social,P022,Active Mat 22,true,false,true,178,,T004070,
V008443,C00997,2025-06-16,paid_search,P029,Bright Organizer 29,true,false,false,24,,,
V008444,C00274,2025-12-20,organic_search,P023,Calm Cream 23,true,true,false,132,,,
V008445,C00428,2025-09-18,referral,P003,Urban Bottle 03,true,false,false,49,,,
V008446,C00312,2025-04-09,direct,P018,Pure Band 18,true,true,false,81,,,
V008447,C00510,2025-08-31,email,P028,Essential Bag 28,true,true,true,230,,T004553,
V008448,C00971,2025-12-26,social,P004,Essential Bag 04,false,false,false,33,,,
V008449,C00326,2025-08-26,paid_search,P012,Essential Bag 12,false,false,false,193,,,
V008450,C00571,2025-04-04,organic_search,P015,Calm Cream 15,true,false,false,62,,,
V008451,C00685,2025-03-06,organic_search,P006,Active Mat 06,true,false,false,29,,,
V008452,C00913,2025-07-21,social,P024,Modern Serum 24,true,false,false,70,WELCOME5,,
V008453,C00727,2025-09-19,email,P003,Urban Bottle 03,true,false,false,25,,,
V008454,C00933,2025-12-19,direct,P002,Pure Band 02,true,false,false,14,,,
V008455,C00975,2025-12-08,organic_search,P026,Pure Band 26,true,false,false,68,,,
V008456,C00510,2025-05-31,social,P018,Pure Band 18,true,false,false,92,,,
V008457,C00066,2025-09-26,social,P025,Daily Lamp 25,true,false,false,105,,,
V008458,C00191,2025-08-31,email,P024,Modern Serum 24,true,true,true,615,,T004554,
V008459,C00104,2025-07-06,organic_search,P012,Essential Bag 12,true,false,false,25,,,
V008460,C00552,2025-04-01,organic_search,P015,Calm Cream 15,true,false,false,70,,,
V008461,C00758,2025-08-13,direct,P006,Active Mat 06,true,false,false,143,,,
V008462,C00666,2025-08-27,paid_search,P015,Calm Cream 15,true,false,false,95,,,
V008463,C00570,2025-05-16,paid_search,P006,Active Mat 06,true,true,false,23,WEEKEND15,,
V008464,C00623,2025-03-14,direct,P005,Bright Organizer 05,true,false,false,30,,,
V008465,C00063,2025-01-29,organic_search,P011,Urban Bottle 11,true,false,false,110,,,
V008466,C00308,2025-08-07,organic_search,P015,Calm Cream 15,true,false,false,16,,,
V008467,C00465,2025-03-26,referral,P008,Modern Serum 08,true,false,true,102,,T001619,
V008468,C00477,2025-04-28,organic_search,P030,Active Mat 30,true,true,false,63,,,
V008469,C00361,2025-08-10,social,P004,Essential Bag 04,true,false,false,64,LOYALTY10,,
V008470,C00981,2025-05-29,social,P007,Calm Cream 07,true,false,false,19,,,
V008471,C00046,2025-12-02,social,P008,Modern Serum 08,true,true,false,285,WELCOME5,,
V008472,C00119,2025-03-30,social,P019,Urban Bottle 19,true,false,false,28,LOYALTY10,,
V008473,C00705,2025-03-04,email,P014,Active Mat 14,true,false,true,133,,T001166,
V008474,C00678,2025-09-23,email,P020,Essential Bag 20,true,false,false,66,,,
V008475,C00444,2025-07-04,social,P016,Modern Serum 16,true,false,false,54,WEEKEND15,,
V008476,C00432,2025-09-09,social,P020,Essential Bag 20,true,false,true,14,,T004723,
V008477,C00978,2025-07-17,email,P002,Pure Band 02,true,true,false,34,,,
V008478,C00319,2025-08-12,organic_search,P023,Calm Cream 23,true,false,false,54,,,
V008479,C00399,2025-12-04,social,P010,Pure Band 10,true,false,false,125,,,
V008480,C00658,2025-06-20,referral,P029,Bright Organizer 29,true,false,false,66,,,
V008481,C00536,2025-09-11,paid_search,P010,Pure Band 10,true,false,true,40,,T004758,
V008482,C00380,2025-05-15,organic_search,P028,Essential Bag 28,true,false,false,69,,,
V008483,C00227,2025-08-10,social,P009,Daily Lamp 09,true,false,false,220,WELCOME5,,
V008484,C00538,2025-12-09,email,P025,Daily Lamp 25,true,false,false,77,,,
V008485,C00562,2025-05-24,direct,P008,Modern Serum 08,true,false,false,83,WELCOME5,,
V008486,C00529,2025-03-15,paid_search,P014,Active Mat 14,true,false,false,103,WELCOME5,,
V008487,C00578,2025-01-31,direct,P002,Pure Band 02,true,true,true,208,,T000585,
V008488,C00206,2025-04-17,organic_search,P016,Modern Serum 16,true,false,false,85,,,
V008489,C00798,2025-10-08,email,P014,Active Mat 14,true,false,false,22,WELCOME5,,
V008490,C00308,2025-12-10,direct,P023,Calm Cream 23,true,false,false,26,,,
V008491,C00314,2025-04-15,email,P029,Bright Organizer 29,true,false,false,16,,,
V008492,C00291,2025-12-27,social,P007,Calm Cream 07,true,false,false,67,,,
V008493,C00995,2025-12-25,organic_search,P011,Urban Bottle 11,true,true,true,306,WELCOME5,T006485,
V008494,C00606,2025-02-23,social,P017,Daily Lamp 17,true,false,false,24,,,
V008495,C00781,2025-01-11,paid_search,P027,Urban Bottle 27,true,false,false,15,WEEKEND15,,
V008496,C00005,2025-11-02,organic_search,P030,Active Mat 30,true,false,false,10,,,
V008497,C00353,2025-04-15,social,P012,Essential Bag 12,true,false,false,125,,,
V008498,C00369,2025-02-26,organic_search,P009,Daily Lamp 09,true,false,false,53,,,
V008499,C00110,2025-03-11,paid_search,P010,Pure Band 10,true,false,false,42,,,
V008500,C00530,2025-02-03,organic_search,P001,Daily Lamp 01,true,false,false,49,,,
V008501,C00777,2025-10-14,direct,P012,Essential Bag 12,false,false,false,35,,,
V008502,C00647,2025-08-30,direct,P030,Active Mat 30,true,false,false,30,WEEKEND15,,
V008503,C00442,2025-05-03,organic_search,P007,Calm Cream 07,true,false,false,162,,,
V008504,C00745,2025-03-27,paid_search,P029,Bright Organizer 29,true,false,true,8,,T001625,
V008505,C00445,2025-08-12,social,P016,Modern Serum 16,true,false,false,82,WELCOME5,,
V008506,C00378,2025-11-09,direct,P025,Daily Lamp 25,true,true,false,66,,,
V008507,C00743,2025-02-10,organic_search,P020,Essential Bag 20,true,false,false,39,,,
V008508,C00526,2025-03-08,email,P019,Urban Bottle 19,true,false,false,24,,,
V008509,C00275,2025-02-07,direct,P007,Calm Cream 07,true,true,false,49,,,
V008510,C00550,2025-05-23,direct,P002,Pure Band 02,true,false,false,70,,,
V008511,C00622,2025-04-21,organic_search,P019,Urban Bottle 19,true,false,false,31,,,
V008512,C00431,2025-06-30,referral,P029,Bright Organizer 29,true,false,false,54,,,
V008513,C00846,2025-04-10,organic_search,P017,Daily Lamp 17,true,false,false,43,,,
V008514,C00903,2025-05-23,email,P003,Urban Bottle 03,true,false,false,20,,,
V008515,C00498,2025-07-21,email,P025,Daily Lamp 25,true,false,false,44,,,
V008516,C00192,2025-07-30,organic_search,P008,Modern Serum 08,true,false,false,44,WELCOME5,,
V008517,C00624,2025-03-19,social,P026,Pure Band 26,true,false,false,69,,,
V008518,C00448,2025-10-31,organic_search,P024,Modern Serum 24,false,false,false,181,,,
V008519,C00405,2025-03-25,paid_search,P018,Pure Band 18,true,false,false,57,,,
V008520,C00972,2025-10-23,email,P011,Urban Bottle 11,false,false,false,118,,,
V008521,C00380,2025-07-12,paid_search,P011,Urban Bottle 11,true,false,false,44,,,
V008522,C00469,2025-10-09,organic_search,P018,Pure Band 18,true,false,false,12,WELCOME5,,
V008523,C00287,2025-08-06,email,P001,Daily Lamp 01,true,false,false,140,LOYALTY10,,
V008524,C00267,2025-12-15,referral,P030,Active Mat 30,true,false,false,102,,,
V008525,C00977,2025-10-01,direct,P022,Active Mat 22,true,false,false,112,,,
V008526,C00203,2025-04-22,direct,P030,Active Mat 30,true,false,false,20,,,
V008527,C00949,2025-12-14,paid_search,P012,Essential Bag 12,true,false,false,34,,,
V008528,C00371,2025-07-29,organic_search,P012,Essential Bag 12,false,false,false,61,LOYALTY10,,
V008529,C00938,2025-06-02,paid_search,P011,Urban Bottle 11,true,false,false,11,,,
V008530,C00532,2025-07-23,organic_search,P023,Calm Cream 23,false,false,false,38,WELCOME5,,
V008531,C00236,2025-06-16,email,P007,Calm Cream 07,true,false,false,31,,,
V008532,C00048,2025-03-08,direct,P024,Modern Serum 24,true,false,false,46,WEEKEND15,,
V008533,C00272,2025-07-28,direct,P023,Calm Cream 23,false,false,false,63,,,
V008534,C00835,2025-05-15,social,P006,Active Mat 06,true,true,false,64,,,
V008535,C00901,2025-11-18,social,P020,Essential Bag 20,true,false,false,71,,,
V008536,C00582,2025-04-20,organic_search,P009,Daily Lamp 09,true,false,false,74,,,
V008537,C00778,2025-12-01,organic_search,P002,Pure Band 02,true,false,false,203,,,
V008538,C00987,2025-07-15,paid_search,P012,Essential Bag 12,true,false,false,11,,,
V008539,C00608,2025-08-20,organic_search,P015,Calm Cream 15,true,true,false,79,,,
V008540,C00845,2025-06-01,organic_search,P019,Urban Bottle 19,true,false,false,117,,,
V008541,C00366,2025-05-04,paid_search,P002,Pure Band 02,true,false,false,42,,,
V008542,C00727,2025-11-13,direct,P026,Pure Band 26,true,false,false,25,,,
V008543,C00179,2025-09-24,social,P018,Pure Band 18,true,false,false,32,,,
V008544,C00951,2025-08-07,organic_search,P004,Essential Bag 04,true,false,false,149,,,
V008545,C00452,2025-09-04,social,P006,Active Mat 06,true,false,false,336,,,
V008546,C00813,2025-08-11,social,P006,Active Mat 06,true,true,false,56,,,
V008547,C00167,2025-10-14,paid_search,P028,Essential Bag 28,true,false,false,169,LOYALTY10,,
V008548,C00362,2025-12-09,social,P004,Essential Bag 04,true,false,false,67,,,
V008549,C00132,2025-12-22,paid_search,P004,Essential Bag 04,true,false,false,45,,,
V008550,C00096,2025-07-20,social,P013,Bright Organizer 13,true,false,false,160,WELCOME5,,
V008551,C00798,2025-03-17,organic_search,P030,Active Mat 30,true,false,false,37,,,
V008552,C00488,2025-04-16,paid_search,P024,Modern Serum 24,true,false,false,27,,,
V008553,C00745,2025-01-22,paid_search,P011,Urban Bottle 11,true,false,false,17,WELCOME5,,
V008554,C00470,2025-11-23,organic_search,P020,Essential Bag 20,true,false,false,162,,,
V008555,C00743,2025-03-14,organic_search,P029,Bright Organizer 29,true,false,false,43,,,
V008556,C00330,2025-09-03,email,P003,Urban Bottle 03,true,false,false,73,,,
V008557,C00144,2025-05-30,social,P028,Essential Bag 28,true,true,true,48,,T002869,
V008558,C00913,2025-03-03,social,P015,Calm Cream 15,true,false,false,41,,,
V008559,C00569,2025-02-28,paid_search,P016,Modern Serum 16,true,true,false,54,,,
V008560,C00222,2025-05-23,email,P009,Daily Lamp 09,true,false,false,88,,,
V008561,C00844,2025-04-18,email,P025,Daily Lamp 25,true,false,false,59,,,
V008562,C00980,2025-04-14,paid_search,P019,Urban Bottle 19,true,true,false,11,WEEKEND15,,
V008563,C00925,2025-08-29,email,P026,Pure Band 26,true,false,false,47,WEEKEND15,,
V008564,C00502,2025-02-08,organic_search,P027,Urban Bottle 27,true,true,false,32,,,
V008565,C00858,2025-11-14,organic_search,P005,Bright Organizer 05,true,true,false,76,,,
V008566,C00238,2025-03-28,paid_search,P008,Modern Serum 08,true,true,true,207,WEEKEND15,T001661,
V008567,C00538,2025-08-18,paid_search,P001,Daily Lamp 01,false,false,false,23,,,
V008568,C00988,2025-12-09,social,P014,Active Mat 14,true,false,false,93,,,
V008569,C00095,2025-05-11,direct,P011,Urban Bottle 11,true,false,false,222,,,
V008570,C00513,2025-08-12,paid_search,P026,Pure Band 26,true,false,true,193,,T004233,
V008571,C00165,2025-08-24,organic_search,P025,Daily Lamp 25,true,false,false,116,,,
V008572,C00925,2025-12-13,organic_search,P028,Essential Bag 28,true,false,false,89,,,
V008573,C00751,2025-09-23,email,P025,Daily Lamp 25,true,false,false,72,,,
V008574,C00363,2025-04-06,email,P007,Calm Cream 07,true,true,false,34,,,
V008575,C00950,2025-08-22,direct,P003,Urban Bottle 03,true,true,true,24,,T004433,
V008576,C00855,2025-03-25,organic_search,P023,Calm Cream 23,true,false,false,43,,,
V008577,C00967,2025-09-08,referral,P029,Bright Organizer 29,true,true,false,70,,,
V008578,C00864,2025-03-06,organic_search,P004,Essential Bag 04,true,true,false,77,,,
V008579,C00373,2025-12-09,referral,P005,Bright Organizer 05,true,false,false,382,,,
V008580,C00064,2025-06-07,paid_search,P011,Urban Bottle 11,true,true,false,70,,,
V008581,C00508,2025-05-08,direct,P019,Urban Bottle 19,true,false,false,54,,,
V008582,C00804,2025-06-28,direct,P018,Pure Band 18,true,false,false,54,,,
V008583,C00586,2025-04-12,social,P001,Daily Lamp 01,true,false,false,34,,,
V008584,C00064,2025-08-07,organic_search,P018,Pure Band 18,true,false,false,88,,,
V008585,C00497,2025-10-26,organic_search,P002,Pure Band 02,true,false,false,13,,,
V008586,C00001,2025-01-03,referral,P011,Urban Bottle 11,true,false,false,11,,,
V008587,C00530,2025-10-30,referral,P011,Urban Bottle 11,false,false,false,5,,,
V008588,C00748,2025-01-08,paid_search,P024,Modern Serum 24,true,true,false,28,,,
V008589,C00049,2025-08-19,organic_search,P001,Daily Lamp 01,false,false,false,94,,,
V008590,C00524,2025-12-28,direct,P016,Modern Serum 16,false,false,false,19,,,
V008591,C00770,2025-04-06,paid_search,P017,Daily Lamp 17,true,true,true,47,,T001836,
V008592,C00732,2025-12-04,paid_search,P022,Active Mat 22,true,false,false,74,,,
V008593,C00153,2025-08-22,social,P020,Essential Bag 20,true,true,false,119,,,
V008594,C00134,2025-08-09,paid_search,P011,Urban Bottle 11,true,true,false,79,,,
V008595,C00518,2025-03-25,direct,P027,Urban Bottle 27,true,true,true,27,,T001604,
V008596,C00629,2025-05-13,organic_search,P025,Daily Lamp 25,true,false,false,85,,,
V008597,C00007,2025-04-04,organic_search,P005,Bright Organizer 05,true,true,false,7,,,
V008598,C00564,2025-11-07,paid_search,P016,Modern Serum 16,true,true,false,396,,,
V008599,C00255,2025-04-30,referral,P011,Urban Bottle 11,true,true,true,262,,T002301,
V008600,C00679,2025-06-11,email,P006,Active Mat 06,true,false,false,45,,,
V008601,C00679,2025-01-20,direct,P022,Active Mat 22,true,false,false,31,,,
V008602,C00071,2025-08-05,email,P021,Bright Organizer 21,true,true,false,145,,,
V008603,C00794,2025-07-31,paid_search,P004,Essential Bag 04,false,false,false,80,,,
V008604,C00296,2025-12-21,referral,P020,Essential Bag 20,true,false,false,51,WELCOME5,,
V008605,C00595,2025-08-09,email,P003,Urban Bottle 03,true,false,false,55,,,
V008606,C00380,2025-04-02,organic_search,P005,Bright Organizer 05,true,false,false,118,,,
V008607,C00981,2025-10-25,direct,P005,Bright Organizer 05,true,true,false,230,,,
V008608,C00895,2025-07-27,organic_search,P015,Calm Cream 15,true,true,false,56,,,
V008609,C00077,2025-10-11,organic_search,P002,Pure Band 02,true,false,false,31,,,
V008610,C00986,2025-05-19,paid_search,P002,Pure Band 02,true,false,false,15,WEEKEND15,,
V008611,C00223,2025-11-25,organic_search,P019,Urban Bottle 19,false,false,false,32,,,
V008612,C00537,2025-02-07,direct,P015,Calm Cream 15,true,false,false,25,,,
V008613,C00749,2025-09-23,direct,P002,Pure Band 02,true,false,false,61,WELCOME5,,
V008614,C00850,2025-03-19,social,P013,Bright Organizer 13,true,false,false,115,,,
V008615,C00788,2025-02-04,organic_search,P020,Essential Bag 20,true,false,false,106,,,
V008616,C00461,2025-08-31,email,P004,Essential Bag 04,false,false,false,61,,,
V008617,C00323,2025-06-23,social,P025,Daily Lamp 25,true,false,false,36,,,
V008618,C00051,2025-01-03,social,P018,Pure Band 18,true,false,false,75,,,
V008619,C00843,2025-12-19,paid_search,P027,Urban Bottle 27,true,false,false,25,WELCOME5,,
V008620,C00191,2025-11-23,referral,P001,Daily Lamp 01,true,false,false,60,,,
V008621,C00991,2025-12-26,social,P027,Urban Bottle 27,true,false,false,68,,,
V008622,C00806,2025-06-09,direct,P008,Modern Serum 08,true,false,false,98,,,
V008623,C00599,2025-08-23,paid_search,P025,Daily Lamp 25,true,false,false,39,,,
V008624,C00942,2025-06-04,email,P012,Essential Bag 12,true,false,false,56,,,
V008625,C00842,2025-03-10,email,P025,Daily Lamp 25,true,false,false,34,,,
V008626,C00524,2025-02-06,direct,P013,Bright Organizer 13,true,false,false,69,LOYALTY10,,
V008627,C00705,2025-05-27,referral,P002,Pure Band 02,true,false,false,13,,,
V008628,C00124,2025-07-13,organic_search,P027,Urban Bottle 27,true,false,false,127,LOYALTY10,,
V008629,C00641,2025-04-19,paid_search,P015,Calm Cream 15,true,false,false,27,,,
V008630,C00467,2025-12-23,organic_search,P022,Active Mat 22,true,false,false,77,WEEKEND15,,
V008631,C00837,2025-11-11,email,P002,Pure Band 02,true,true,false,64,,,
V008632,C00589,2025-02-16,social,P023,Calm Cream 23,true,false,false,32,WELCOME5,,
V008633,C00540,2025-03-16,paid_search,P026,Pure Band 26,true,true,false,52,,,
V008634,C00831,2025-10-17,referral,P004,Essential Bag 04,true,true,false,35,LOYALTY10,,
V008635,C00339,2025-08-25,social,P030,Active Mat 30,true,false,false,52,,,
V008636,C00430,2025-08-03,social,P023,Calm Cream 23,true,false,false,128,,,
V008637,C00166,2025-08-16,organic_search,P019,Urban Bottle 19,true,false,false,651,,,
V008638,C00820,2025-02-10,paid_search,P001,Daily Lamp 01,true,false,false,111,,,
V008639,C00078,2025-06-12,organic_search,P014,Active Mat 14,true,false,true,220,WELCOME5,T003088,
V008640,C00156,2025-12-06,direct,P013,Bright Organizer 13,true,false,false,26,,,
V008641,C00152,2025-01-18,paid_search,P019,Urban Bottle 19,true,false,false,28,,,
V008642,C00519,2025-01-30,email,P015,Calm Cream 15,true,true,false,51,,,
V008643,C00629,2025-11-23,organic_search,P001,Daily Lamp 01,true,false,false,124,WELCOME5,,
V008644,C00593,2025-09-27,direct,P010,Pure Band 10,true,false,false,73,,,
V008645,C00726,2025-04-06,paid_search,P011,Urban Bottle 11,true,false,false,26,,,
V008646,C00200,2025-07-21,email,P007,Calm Cream 07,true,true,false,396,,,
V008647,C00962,2025-08-26,direct,P016,Modern Serum 16,false,false,false,20,,,
V008648,C00773,2025-05-20,social,P010,Pure Band 10,true,false,false,29,,,
V008649,C00460,2025-05-31,social,P016,Modern Serum 16,true,false,false,41,,,
V008650,C00494,2025-08-01,email,P017,Daily Lamp 17,true,false,false,63,,,
V008651,C00221,2025-10-29,email,P004,Essential Bag 04,false,false,false,289,WEEKEND15,,
V008652,C00713,2025-06-05,organic_search,P028,Essential Bag 28,true,false,false,113,,,
V008653,C00359,2025-02-20,paid_search,P002,Pure Band 02,true,false,false,102,,,
V008654,C00089,2025-02-04,email,P001,Daily Lamp 01,true,false,false,62,WELCOME5,,
V008655,C00835,2025-01-18,organic_search,P027,Urban Bottle 27,true,false,false,42,LOYALTY10,,
V008656,C00123,2025-09-16,organic_search,P013,Bright Organizer 13,true,false,false,63,WEEKEND15,,
V008657,C00628,2025-08-30,social,P017,Daily Lamp 17,true,false,false,82,,,
V008658,C00897,2025-03-04,social,P008,Modern Serum 08,true,false,false,12,,,
V008659,C00965,2025-02-12,referral,P025,Daily Lamp 25,true,false,false,109,WELCOME5,,
V008660,C00723,2025-04-28,paid_search,P006,Active Mat 06,false,false,false,70,,,
V008661,C00554,2025-01-19,email,P003,Urban Bottle 03,true,false,false,36,,,
V008662,C00449,2025-05-22,social,P018,Pure Band 18,true,false,false,127,,,
V008663,C00523,2025-09-23,direct,P015,Calm Cream 15,true,true,false,104,,,
V008664,C00627,2025-11-04,paid_search,P010,Pure Band 10,true,false,false,19,,,
V008665,C00540,2025-02-11,paid_search,P009,Daily Lamp 09,true,false,false,23,,,
V008666,C00186,2025-02-19,paid_search,P007,Calm Cream 07,true,false,false,134,WELCOME5,,
V008667,C00424,2025-03-15,organic_search,P008,Modern Serum 08,true,false,false,37,WELCOME5,,
V008668,C00104,2025-02-11,paid_search,P017,Daily Lamp 17,true,false,false,9,,,
V008669,C00090,2025-03-11,referral,P001,Daily Lamp 01,true,false,false,90,,,
V008670,C00364,2025-03-07,direct,P003,Urban Bottle 03,true,false,false,78,,,
V008671,C00284,2025-08-31,organic_search,P024,Modern Serum 24,true,false,false,17,WEEKEND15,,
V008672,C00388,2025-01-27,paid_search,P026,Pure Band 26,true,false,false,38,,,
V008673,C00788,2025-06-11,paid_search,P022,Active Mat 22,true,true,false,46,,,
V008674,C00153,2025-04-27,paid_search,P016,Modern Serum 16,true,false,false,166,,,
V008675,C00697,2025-02-26,paid_search,P026,Pure Band 26,true,false,false,20,,,
V008676,C00885,2025-03-16,email,P024,Modern Serum 24,true,true,false,132,,,
V008677,C00650,2025-04-11,organic_search,P016,Modern Serum 16,true,false,true,145,,T001940,
V008678,C00681,2025-07-10,paid_search,P003,Urban Bottle 03,true,true,false,67,,,
V008679,C00378,2025-02-16,referral,P029,Bright Organizer 29,true,false,false,95,LOYALTY10,,
V008680,C00104,2025-01-03,social,P019,Urban Bottle 19,true,false,false,41,,,
V008681,C00717,2025-12-30,social,P003,Urban Bottle 03,true,false,false,28,WELCOME5,,
V008682,C00288,2025-05-22,direct,P012,Essential Bag 12,true,false,false,40,,,
V008683,C00545,2025-05-17,direct,P011,Urban Bottle 11,true,false,false,22,,,
V008684,C00154,2025-10-18,email,P006,Active Mat 06,false,false,false,11,,,
V008685,C00032,2025-04-28,social,P016,Modern Serum 16,true,false,true,50,,T002257,
V008686,C00146,2025-05-27,referral,P004,Essential Bag 04,false,false,false,225,,,
V008687,C00767,2025-05-17,direct,P029,Bright Organizer 29,true,false,false,129,,,
V008688,C00718,2025-08-27,social,P008,Modern Serum 08,true,false,false,186,,,
V008689,C00402,2025-06-14,referral,P030,Active Mat 30,true,false,false,57,WELCOME5,,
V008690,C00802,2025-03-03,organic_search,P017,Daily Lamp 17,true,true,false,159,,,
V008691,C00034,2025-08-15,direct,P022,Active Mat 22,true,true,false,56,,,
V008692,C00907,2025-11-04,organic_search,P004,Essential Bag 04,true,false,false,31,,,
V008693,C00836,2025-02-06,organic_search,P006,Active Mat 06,true,false,false,36,,,
V008694,C00741,2025-02-10,direct,P017,Daily Lamp 17,true,false,false,89,WELCOME5,,
V008695,C00462,2025-09-08,organic_search,P018,Pure Band 18,true,false,false,54,LOYALTY10,,
V008696,C00188,2025-10-16,email,P004,Essential Bag 04,true,false,false,40,,,
V008697,C00889,2025-11-10,social,P006,Active Mat 06,true,false,false,90,,,
V008698,C00361,2025-10-31,organic_search,P012,Essential Bag 12,false,false,false,43,,,
V008699,C00600,2025-01-21,social,P016,Modern Serum 16,true,false,false,16,,,
V008700,C00349,2025-02-24,paid_search,P027,Urban Bottle 27,true,false,false,51,,,
V008701,C00830,2025-02-09,organic_search,P003,Urban Bottle 03,true,false,false,87,WEEKEND15,,
V008702,C00353,2025-05-16,organic_search,P016,Modern Serum 16,true,false,false,169,,,
V008703,C00011,2025-06-26,organic_search,P006,Active Mat 06,false,false,false,19,LOYALTY10,,
V008704,C00128,2025-10-25,referral,P003,Urban Bottle 03,true,false,false,19,,,
V008705,C00545,2025-08-02,social,P004,Essential Bag 04,true,false,false,62,,,
V008706,C00028,2025-12-08,direct,P003,Urban Bottle 03,true,false,false,156,,,
V008707,C00990,2025-06-24,social,P001,Daily Lamp 01,true,false,false,125,,,
V008708,C00171,2025-08-26,email,P030,Active Mat 30,true,false,false,28,WEEKEND15,,
V008709,C00252,2025-01-11,organic_search,P026,Pure Band 26,true,false,false,55,,,
V008710,C00888,2025-05-14,organic_search,P017,Daily Lamp 17,true,false,false,87,WEEKEND15,,
V008711,C00808,2025-08-13,social,P009,Daily Lamp 09,true,false,false,32,,,
V008712,C00814,2025-06-06,paid_search,P008,Modern Serum 08,true,false,false,150,,,
V008713,C00980,2025-06-12,email,P019,Urban Bottle 19,true,false,false,14,,,
V008714,C00803,2025-03-27,referral,P026,Pure Band 26,true,false,true,50,,T001633,
V008715,C00899,2025-08-24,organic_search,P001,Daily Lamp 01,false,false,false,236,,,
V008716,C00756,2025-12-12,email,P026,Pure Band 26,true,true,true,66,,T006295,
V008717,C00447,2025-01-22,organic_search,P015,Calm Cream 15,true,false,false,95,LOYALTY10,,
V008718,C00121,2025-03-01,paid_search,P006,Active Mat 06,true,false,false,12,,,
V008719,C00141,2025-06-29,social,P011,Urban Bottle 11,true,false,false,133,,,
V008720,C00388,2025-06-19,paid_search,P008,Modern Serum 08,true,false,false,63,,,
V008721,C00122,2025-07-12,paid_search,P009,Daily Lamp 09,true,false,false,41,,,
V008722,C00802,2025-02-25,organic_search,P006,Active Mat 06,true,false,false,21,,,
V008723,C00426,2025-07-04,organic_search,P024,Modern Serum 24,true,true,false,46,,,
V008724,C00879,2025-02-11,paid_search,P001,Daily Lamp 01,true,true,false,221,WEEKEND15,,
V008725,C00193,2025-04-09,direct,P009,Daily Lamp 09,true,false,false,56,,,
V008726,C00628,2025-06-28,email,P013,Bright Organizer 13,true,false,false,85,,,
V008727,C00678,2025-06-26,paid_search,P026,Pure Band 26,true,false,false,104,,,
V008728,C00156,2025-04-10,email,P012,Essential Bag 12,true,false,false,185,WEEKEND15,,
V008729,C00239,2025-02-06,direct,P010,Pure Band 10,true,false,false,111,,,
V008730,C00073,2025-04-16,paid_search,P028,Essential Bag 28,true,false,false,51,,,
V008731,C00837,2025-11-29,direct,P006,Active Mat 06,false,false,false,85,,,
V008732,C00911,2025-05-03,social,P019,Urban Bottle 19,true,false,false,56,,,
V008733,C00729,2025-06-15,email,P009,Daily Lamp 09,true,false,false,44,,,
V008734,C00637,2025-01-25,direct,P022,Active Mat 22,true,false,false,18,,,
V008735,C00045,2025-05-24,social,P017,Daily Lamp 17,true,false,false,133,WELCOME5,,
V008736,C00403,2025-11-10,organic_search,P012,Essential Bag 12,true,false,false,34,,,
V008737,C00909,2025-05-13,social,P028,Essential Bag 28,true,true,false,88,,,
V008738,C00688,2025-07-12,email,P030,Active Mat 30,true,false,false,33,,,
V008739,C00619,2025-09-15,direct,P017,Daily Lamp 17,true,false,false,238,,,
V008740,C00022,2025-03-28,referral,P011,Urban Bottle 11,true,true,false,57,,,
V008741,C00749,2025-07-20,direct,P013,Bright Organizer 13,true,false,false,80,,,
V008742,C00963,2025-12-29,organic_search,P013,Bright Organizer 13,true,false,false,89,WEEKEND15,,
V008743,C00558,2025-10-29,paid_search,P012,Essential Bag 12,false,false,false,56,WELCOME5,,
V008744,C00222,2025-05-29,direct,P025,Daily Lamp 25,true,false,false,43,WELCOME5,,
V008745,C00309,2025-04-05,social,P012,Essential Bag 12,true,false,false,77,WEEKEND15,,
V008746,C00502,2025-08-22,paid_search,P011,Urban Bottle 11,true,true,false,73,,,
V008747,C00987,2025-03-31,social,P001,Daily Lamp 01,true,false,false,78,LOYALTY10,,
V008748,C00464,2025-02-14,paid_search,P030,Active Mat 30,true,false,false,21,,,
V008749,C00207,2025-05-19,social,P011,Urban Bottle 11,true,false,false,89,,,
V008750,C00829,2025-02-13,email,P030,Active Mat 30,true,true,false,29,WEEKEND15,,
V008751,C00842,2025-06-19,paid_search,P026,Pure Band 26,true,false,false,19,,,
V008752,C00873,2025-01-26,organic_search,P004,Essential Bag 04,true,false,false,43,,,
V008753,C00455,2025-03-05,organic_search,P010,Pure Band 10,true,true,false,56,,,
V008754,C00318,2025-05-10,email,P005,Bright Organizer 05,true,false,false,104,,,
V008755,C00914,2025-08-31,social,P012,Essential Bag 12,false,false,false,34,,,
V008756,C00461,2025-11-30,organic_search,P016,Modern Serum 16,false,false,false,121,,,
V008757,C00836,2025-02-09,paid_search,P026,Pure Band 26,true,false,false,5,LOYALTY10,,
V008758,C00964,2025-10-28,organic_search,P023,Calm Cream 23,false,false,false,42,,,
V008759,C00701,2025-08-03,organic_search,P027,Urban Bottle 27,true,true,false,74,,,
V008760,C00714,2025-07-25,paid_search,P009,Daily Lamp 09,true,false,false,20,LOYALTY10,,
V008761,C00041,2025-09-05,organic_search,P018,Pure Band 18,true,false,false,44,WELCOME5,,
V008762,C00539,2025-04-13,paid_search,P010,Pure Band 10,true,false,false,25,,,
V008763,C00301,2025-01-31,paid_search,P026,Pure Band 26,true,false,false,45,,,
V008764,C00628,2025-11-12,social,P025,Daily Lamp 25,true,true,false,131,WELCOME5,,
V008765,C00816,2025-09-22,direct,P016,Modern Serum 16,false,false,false,34,,,
V008766,C00258,2025-07-28,paid_search,P027,Urban Bottle 27,true,true,false,73,WEEKEND15,,
V008767,C00073,2025-08-11,paid_search,P017,Daily Lamp 17,true,true,false,78,,,
V008768,C00574,2025-08-15,organic_search,P023,Calm Cream 23,true,false,false,133,,,
V008769,C00503,2025-08-07,organic_search,P004,Essential Bag 04,true,false,true,93,WEEKEND15,T004124,
V008770,C00162,2025-04-08,organic_search,P028,Essential Bag 28,true,true,false,72,,,
V008771,C00612,2025-04-27,organic_search,P009,Daily Lamp 09,true,false,false,52,,,
V008772,C00556,2025-12-03,organic_search,P029,Bright Organizer 29,true,false,false,36,,,
V008773,C00981,2025-08-04,email,P030,Active Mat 30,true,false,false,27,,,
V008774,C00322,2025-07-13,organic_search,P024,Modern Serum 24,true,false,false,19,,,
V008775,C00572,2025-06-09,organic_search,P025,Daily Lamp 25,true,false,false,61,,,
V008776,C00628,2025-08-15,organic_search,P029,Bright Organizer 29,true,false,false,172,LOYALTY10,,
V008777,C00976,2025-08-21,organic_search,P006,Active Mat 06,true,false,false,12,,,
V008778,C00776,2025-12-06,organic_search,P013,Bright Organizer 13,true,false,false,62,,,
V008779,C00896,2025-07-02,organic_search,P026,Pure Band 26,true,false,false,349,,,
V008780,C00377,2025-01-15,organic_search,P019,Urban Bottle 19,true,false,false,11,LOYALTY10,,
V008781,C00932,2025-12-22,paid_search,P018,Pure Band 18,false,false,false,6,WEEKEND15,,
V008782,C00688,2025-03-21,direct,P018,Pure Band 18,true,false,false,8,,,
V008783,C00240,2025-07-11,organic_search,P023,Calm Cream 23,true,true,false,77,,,
V008784,C00133,2025-05-30,organic_search,P004,Essential Bag 04,false,false,false,82,,,
V008785,C00892,2025-03-30,social,P007,Calm Cream 07,true,false,false,41,,,
V008786,C00005,2025-12-04,social,P026,Pure Band 26,true,false,false,15,,,
V008787,C00630,2025-08-09,direct,P002,Pure Band 02,true,false,false,48,,,
V008788,C00827,2025-01-20,social,P019,Urban Bottle 19,true,false,false,123,WELCOME5,,
V008789,C00612,2025-11-06,organic_search,P014,Active Mat 14,true,false,false,16,,,
V008790,C00727,2025-06-18,referral,P020,Essential Bag 20,true,true,false,67,LOYALTY10,,
V008791,C00481,2025-02-07,social,P007,Calm Cream 07,true,false,false,138,WEEKEND15,,
V008792,C00883,2025-10-01,organic_search,P020,Essential Bag 20,true,false,true,201,LOYALTY10,T005077,
V008793,C00394,2025-11-14,paid_search,P021,Bright Organizer 21,true,false,false,24,,,
V008794,C00809,2025-02-12,paid_search,P019,Urban Bottle 19,true,false,false,22,WEEKEND15,,
V008795,C00506,2025-07-08,paid_search,P007,Calm Cream 07,true,false,false,44,,,
V008796,C00238,2025-04-30,direct,P025,Daily Lamp 25,true,false,false,18,,,
V008797,C00024,2025-09-07,email,P018,Pure Band 18,true,false,false,88,WELCOME5,,
V008798,C00144,2025-07-10,organic_search,P012,Essential Bag 12,true,true,false,27,,,
V008799,C00509,2025-11-05,paid_search,P010,Pure Band 10,true,true,false,168,WEEKEND15,,
V008800,C00822,2025-02-04,email,P006,Active Mat 06,true,false,false,55,,,
V008801,C00410,2025-12-06,organic_search,P005,Bright Organizer 05,true,false,true,150,,T006182,
V008802,C00708,2025-10-16,organic_search,P002,Pure Band 02,true,false,false,45,,,
V008803,C00955,2025-02-20,direct,P028,Essential Bag 28,true,false,false,49,,,
V008804,C00308,2025-04-13,organic_search,P014,Active Mat 14,true,false,false,26,,,
V008805,C00031,2025-05-22,direct,P019,Urban Bottle 19,true,false,false,19,,,
V008806,C00563,2025-07-04,organic_search,P027,Urban Bottle 27,true,false,false,67,,,
V008807,C00514,2025-04-10,email,P013,Bright Organizer 13,true,true,false,79,,,
V008808,C00721,2025-05-16,social,P016,Modern Serum 16,true,false,false,28,WELCOME5,,
V008809,C00507,2025-02-13,social,P024,Modern Serum 24,true,false,false,71,,,
V008810,C00730,2025-01-28,social,P016,Modern Serum 16,true,false,false,83,,,
V008811,C00198,2025-01-03,email,P006,Active Mat 06,true,false,false,16,WELCOME5,,
V008812,C00609,2025-11-30,direct,P024,Modern Serum 24,false,false,false,24,,,
V008813,C00193,2025-06-07,direct,P003,Urban Bottle 03,true,false,false,8,,,
V008814,C00088,2025-09-07,organic_search,P009,Daily Lamp 09,true,true,false,117,,,
V008815,C00828,2025-11-20,organic_search,P015,Calm Cream 15,true,false,false,8,,,
V008816,C00878,2025-02-14,paid_search,P004,Essential Bag 04,true,false,false,73,,,
V008817,C00144,2025-02-28,social,P012,Essential Bag 12,true,false,false,51,LOYALTY10,,
V008818,C00272,2025-04-05,organic_search,P006,Active Mat 06,true,false,false,27,,,
V008819,C00937,2025-06-21,paid_search,P005,Bright Organizer 05,true,true,true,56,,T003256,
V008820,C00498,2025-01-14,social,P018,Pure Band 18,true,false,false,50,,,
V008821,C00040,2025-04-04,direct,P024,Modern Serum 24,true,false,false,14,,,
V008822,C00208,2025-01-26,direct,P021,Bright Organizer 21,true,true,false,106,,,
V008823,C00130,2025-02-24,direct,P025,Daily Lamp 25,true,false,false,151,WELCOME5,,
V008824,C00892,2025-04-27,paid_search,P028,Essential Bag 28,true,false,false,31,,,
V008825,C00178,2025-03-06,organic_search,P008,Modern Serum 08,true,false,false,31,,,
V008826,C00251,2025-11-07,paid_search,P020,Essential Bag 20,true,false,false,10,,,
V008827,C00225,2025-12-22,organic_search,P001,Daily Lamp 01,false,false,false,42,WELCOME5,,
V008828,C00615,2025-03-15,paid_search,P019,Urban Bottle 19,true,false,false,40,,,
V008829,C00082,2025-03-06,email,P028,Essential Bag 28,true,false,false,66,,,
V008830,C00355,2025-10-11,social,P025,Daily Lamp 25,true,false,false,11,,,
V008831,C00407,2025-01-31,direct,P012,Essential Bag 12,true,false,false,202,LOYALTY10,,
V008832,C00625,2025-11-24,paid_search,P019,Urban Bottle 19,false,false,false,43,WEEKEND15,,
V008833,C00224,2025-06-17,paid_search,P005,Bright Organizer 05,true,false,true,57,,T003195,
V008834,C00657,2025-09-21,organic_search,P024,Modern Serum 24,true,false,false,46,,,
V008835,C00595,2025-08-13,organic_search,P028,Essential Bag 28,true,true,false,272,WELCOME5,,
V008836,C00813,2025-01-30,social,P009,Daily Lamp 09,true,false,false,31,,,
V008837,C00923,2025-04-02,social,P013,Bright Organizer 13,true,false,false,122,,,
V008838,C00234,2025-02-27,direct,P024,Modern Serum 24,true,false,false,39,,,
V008839,C00794,2025-03-27,organic_search,P006,Active Mat 06,true,true,false,108,,,
V008840,C00519,2025-03-01,organic_search,P026,Pure Band 26,true,false,false,25,,,
V008841,C00716,2025-09-01,direct,P016,Modern Serum 16,true,false,false,109,,,
V008842,C00094,2025-08-04,paid_search,P025,Daily Lamp 25,true,false,false,39,,,
V008843,C00661,2025-11-29,referral,P006,Active Mat 06,false,false,false,19,LOYALTY10,,
V008844,C00886,2025-01-30,paid_search,P017,Daily Lamp 17,true,true,false,70,,,
V008845,C00905,2025-01-07,social,P018,Pure Band 18,true,true,true,36,,T000128,
V008846,C00259,2025-01-18,organic_search,P001,Daily Lamp 01,true,false,false,42,LOYALTY10,,
V008847,C00653,2025-01-03,email,P007,Calm Cream 07,true,false,false,71,,,
V008848,C00707,2025-01-01,organic_search,P019,Urban Bottle 19,true,false,false,72,,,
V008849,C00043,2025-01-08,direct,P008,Modern Serum 08,true,false,false,17,,,
V008850,C00621,2025-08-13,organic_search,P001,Daily Lamp 01,true,true,false,51,,,
V008851,C00522,2025-06-20,social,P019,Urban Bottle 19,true,false,false,52,,,
V008852,C00734,2025-06-10,referral,P008,Modern Serum 08,true,false,false,33,,,
V008853,C00531,2025-08-03,organic_search,P001,Daily Lamp 01,true,false,false,110,WEEKEND15,,
V008854,C00650,2025-07-08,referral,P021,Bright Organizer 21,true,true,false,192,,,
V008855,C00732,2025-06-21,organic_search,P006,Active Mat 06,true,false,false,25,,,
V008856,C00107,2025-10-25,social,P015,Calm Cream 15,true,false,false,90,,,
V008857,C00392,2025-08-03,organic_search,P025,Daily Lamp 25,true,false,false,36,,,
V008858,C00206,2025-09-25,referral,P004,Essential Bag 04,false,false,false,129,,,
V008859,C00913,2025-09-28,email,P030,Active Mat 30,true,false,true,45,,T005014,
V008860,C00319,2025-10-21,social,P024,Modern Serum 24,true,false,false,24,WEEKEND15,,
V008861,C00541,2025-05-15,direct,P024,Modern Serum 24,true,false,false,68,,,
V008862,C00656,2025-11-13,paid_search,P017,Daily Lamp 17,true,true,false,99,,,
V008863,C00093,2025-06-08,paid_search,P008,Modern Serum 08,true,false,false,38,WEEKEND15,,
V008864,C00609,2025-07-21,social,P010,Pure Band 10,true,false,false,11,,,
V008865,C00011,2025-12-22,direct,P009,Daily Lamp 09,true,false,false,29,,,
V008866,C00099,2025-05-24,organic_search,P004,Essential Bag 04,false,false,false,57,WELCOME5,,
V008867,C00843,2025-01-31,email,P001,Daily Lamp 01,true,false,false,161,LOYALTY10,,
V008868,C00353,2025-12-16,paid_search,P010,Pure Band 10,true,true,false,15,,,
V008869,C00588,2025-04-16,direct,P029,Bright Organizer 29,true,false,false,9,,,
V008870,C00186,2025-06-06,paid_search,P025,Daily Lamp 25,true,false,false,51,,,
V008871,C00012,2025-11-13,paid_search,P029,Bright Organizer 29,true,false,false,66,,,
V008872,C00927,2025-12-10,paid_search,P011,Urban Bottle 11,true,false,false,28,,,
V008873,C00438,2025-12-07,referral,P016,Modern Serum 16,true,false,true,24,,T006204,
V008874,C00312,2025-02-05,email,P006,Active Mat 06,true,false,false,88,,,
V008875,C00614,2025-02-13,direct,P023,Calm Cream 23,true,true,false,31,,,
V008876,C00043,2025-06-23,direct,P028,Essential Bag 28,true,true,false,90,,,
V008877,C00053,2025-06-14,social,P017,Daily Lamp 17,true,false,false,33,LOYALTY10,,
V008878,C00939,2025-02-09,social,P021,Bright Organizer 21,true,false,false,82,,,
V008879,C00995,2025-06-25,email,P006,Active Mat 06,false,false,false,36,,,
V008880,C00198,2025-01-18,referral,P029,Bright Organizer 29,true,false,false,13,,,
V008881,C00757,2025-05-07,paid_search,P019,Urban Bottle 19,true,false,true,23,,T002417,
V008882,C00064,2025-12-15,email,P022,Active Mat 22,true,true,false,159,,,
V008883,C00640,2025-03-15,direct,P009,Daily Lamp 09,true,false,false,15,,,
V008884,C00110,2025-01-05,paid_search,P016,Modern Serum 16,true,true,false,45,,,
V008885,C00854,2025-07-26,paid_search,P026,Pure Band 26,true,false,false,30,,,
V008886,C00417,2025-03-25,social,P017,Daily Lamp 17,true,true,false,101,,,
V008887,C00502,2025-07-07,organic_search,P022,Active Mat 22,true,true,false,14,,,
V008888,C00320,2025-10-22,paid_search,P027,Urban Bottle 27,true,true,true,159,,T005478,
V008889,C00468,2025-07-16,organic_search,P027,Urban Bottle 27,true,false,false,18,,,
V008890,C00730,2025-04-28,email,P011,Urban Bottle 11,true,false,false,41,,,
V008891,C00594,2025-04-24,organic_search,P018,Pure Band 18,true,false,false,43,WELCOME5,,
V008892,C00519,2025-09-01,direct,P014,Active Mat 14,true,false,true,63,,T004571,
V008893,C00001,2025-07-16,paid_search,P030,Active Mat 30,true,false,false,112,,,
V008894,C00924,2025-07-04,organic_search,P030,Active Mat 30,true,false,false,53,,,
V008895,C00647,2025-06-04,social,P015,Calm Cream 15,true,true,false,138,,,
V008896,C00630,2025-11-06,organic_search,P007,Calm Cream 07,true,false,false,34,,,
V008897,C00132,2025-03-21,referral,P025,Daily Lamp 25,true,false,false,190,,,
V008898,C00439,2025-05-13,organic_search,P026,Pure Band 26,true,false,false,104,,,
V008899,C00159,2025-12-03,paid_search,P023,Calm Cream 23,true,true,false,63,,,
V008900,C00330,2025-04-04,email,P024,Modern Serum 24,true,true,false,21,,,
V008901,C00858,2025-05-11,referral,P015,Calm Cream 15,true,false,true,111,WEEKEND15,T002492,
V008902,C00192,2025-02-02,direct,P023,Calm Cream 23,true,false,false,45,,,
V008903,C00336,2025-07-25,referral,P004,Essential Bag 04,true,false,false,79,,,
V008904,C00764,2025-06-01,paid_search,P022,Active Mat 22,true,false,false,48,,,
V008905,C00980,2025-06-30,organic_search,P027,Urban Bottle 27,true,false,false,23,,,
V008906,C00292,2025-08-26,referral,P009,Daily Lamp 09,true,false,false,34,,,
V008907,C00596,2025-09-10,organic_search,P006,Active Mat 06,true,false,false,32,WELCOME5,,
V008908,C00642,2025-04-03,referral,P017,Daily Lamp 17,true,false,true,22,,T001765,
V008909,C00983,2025-01-13,organic_search,P004,Essential Bag 04,true,false,false,115,LOYALTY10,,
V008910,C00494,2025-08-15,organic_search,P001,Daily Lamp 01,false,false,false,65,,,
V008911,C00597,2025-01-22,paid_search,P004,Essential Bag 04,true,false,false,33,,,
V008912,C00004,2025-05-18,organic_search,P018,Pure Band 18,true,false,false,61,,,
V008913,C00690,2025-10-16,referral,P016,Modern Serum 16,false,false,false,39,,,
V008914,C00349,2025-02-27,organic_search,P024,Modern Serum 24,true,false,false,38,,,
V008915,C00004,2025-01-26,direct,P029,Bright Organizer 29,true,false,false,36,,,
V008916,C00595,2025-10-28,organic_search,P008,Modern Serum 08,true,false,false,17,,,
V008917,C00830,2025-11-21,organic_search,P011,Urban Bottle 11,true,false,false,173,WELCOME5,,
V008918,C00006,2025-08-11,email,P012,Essential Bag 12,true,true,true,75,,T004220,
V008919,C00994,2025-06-09,organic_search,P001,Daily Lamp 01,true,true,false,82,,,
V008920,C00978,2025-04-21,paid_search,P012,Essential Bag 12,true,false,true,37,WEEKEND15,T002122,
V008921,C00859,2025-02-25,direct,P021,Bright Organizer 21,true,true,false,48,,,
V008922,C00456,2025-02-02,organic_search,P014,Active Mat 14,true,true,false,25,,,
V008923,C00815,2025-09-26,paid_search,P015,Calm Cream 15,true,true,false,22,,,
V008924,C00517,2025-12-08,social,P028,Essential Bag 28,true,true,false,104,,,
V008925,C00893,2025-05-28,direct,P001,Daily Lamp 01,false,false,false,328,LOYALTY10,,
V008926,C00673,2025-10-04,direct,P011,Urban Bottle 11,true,false,false,72,,,
V008927,C00807,2025-04-09,direct,P018,Pure Band 18,true,false,true,22,,T001904,
V008928,C00472,2025-10-08,referral,P017,Daily Lamp 17,true,false,false,92,,,
V008929,C00220,2025-12-09,paid_search,P002,Pure Band 02,true,false,false,63,,,
V008930,C00894,2025-12-20,paid_search,P010,Pure Band 10,true,true,false,87,,,
V008931,C00576,2025-03-27,social,P029,Bright Organizer 29,true,false,false,53,,,
V008932,C00445,2025-05-16,paid_search,P017,Daily Lamp 17,true,false,false,27,,,
V008933,C00040,2025-03-17,organic_search,P023,Calm Cream 23,true,true,false,244,,,
V008934,C00591,2025-03-27,paid_search,P018,Pure Band 18,true,true,false,250,,,
V008935,C00467,2025-10-12,paid_search,P027,Urban Bottle 27,true,false,false,64,,,
V008936,C00897,2025-10-05,email,P026,Pure Band 26,true,false,false,79,,,
V008937,C00464,2025-12-31,organic_search,P026,Pure Band 26,false,false,false,50,,,
V008938,C00256,2025-10-07,referral,P003,Urban Bottle 03,true,false,false,49,,,
V008939,C00076,2025-01-11,social,P023,Calm Cream 23,true,false,false,46,,,
V008940,C00664,2025-10-07,paid_search,P029,Bright Organizer 29,true,false,false,52,,,
V008941,C00571,2025-03-07,email,P008,Modern Serum 08,true,true,false,125,,,
V008942,C00654,2025-10-27,referral,P029,Bright Organizer 29,true,false,false,73,,,
V008943,C00242,2025-08-04,organic_search,P004,Essential Bag 04,true,false,false,101,,,
V008944,C00150,2025-11-18,organic_search,P023,Calm Cream 23,true,false,false,130,,,
V008945,C00264,2025-05-19,referral,P028,Essential Bag 28,true,true,false,25,WELCOME5,,
V008946,C00928,2025-09-04,email,P007,Calm Cream 07,true,true,false,127,,,
V008947,C00624,2025-03-02,referral,P007,Calm Cream 07,true,true,false,63,,,
V008948,C00392,2025-09-06,direct,P005,Bright Organizer 05,true,false,false,11,,,
V008949,C00212,2025-07-15,social,P026,Pure Band 26,true,false,false,78,,,
V008950,C00335,2025-06-28,paid_search,P028,Essential Bag 28,true,false,false,132,WEEKEND15,,
V008951,C00311,2025-08-04,social,P002,Pure Band 02,true,false,false,9,,,
V008952,C00958,2025-08-04,paid_search,P016,Modern Serum 16,true,false,false,70,WEEKEND15,,
V008953,C00796,2025-08-22,direct,P005,Bright Organizer 05,true,false,false,70,,,
V008954,C00493,2025-06-24,organic_search,P015,Calm Cream 15,true,false,false,36,LOYALTY10,,
V008955,C00344,2025-08-25,email,P023,Calm Cream 23,false,false,false,75,,,
V008956,C00144,2025-08-17,organic_search,P027,Urban Bottle 27,true,false,false,92,,,
V008957,C00213,2025-05-20,email,P020,Essential Bag 20,true,false,false,42,,,
V008958,C00424,2025-05-06,social,P003,Urban Bottle 03,true,false,false,191,LOYALTY10,,
V008959,C00683,2025-03-07,social,P027,Urban Bottle 27,true,false,false,15,LOYALTY10,,
V008960,C00141,2025-04-12,email,P018,Pure Band 18,true,false,false,150,,,
V008961,C00306,2025-09-01,direct,P007,Calm Cream 07,true,false,false,86,WELCOME5,,
V008962,C00796,2025-03-30,social,P028,Essential Bag 28,true,false,true,65,,T001693,
V008963,C00718,2025-05-05,email,P004,Essential Bag 04,true,false,false,28,WELCOME5,,
V008964,C00467,2025-12-23,direct,P025,Daily Lamp 25,true,false,false,80,WEEKEND15,,
V008965,C00456,2025-11-24,organic_search,P017,Daily Lamp 17,true,false,true,94,,T006006,
V008966,C00144,2025-02-21,organic_search,P005,Bright Organizer 05,true,false,false,29,,,
V008967,C00646,2025-07-31,social,P011,Urban Bottle 11,true,true,false,48,,,
V008968,C00212,2025-10-04,paid_search,P004,Essential Bag 04,true,false,false,71,,,
V008969,C00497,2025-04-17,social,P025,Daily Lamp 25,true,false,false,19,,,
V008970,C00888,2025-01-02,paid_search,P028,Essential Bag 28,true,true,false,245,,,
V008971,C00966,2025-10-16,social,P020,Essential Bag 20,true,false,false,114,,,
V008972,C00225,2025-01-16,social,P029,Bright Organizer 29,true,false,false,64,,,
V008973,C00590,2025-04-06,email,P007,Calm Cream 07,true,true,false,89,,,
V008974,C00212,2025-02-18,organic_search,P025,Daily Lamp 25,true,false,false,78,,,
V008975,C00015,2025-01-15,direct,P026,Pure Band 26,true,false,false,99,WEEKEND15,,
V008976,C00888,2025-09-06,email,P019,Urban Bottle 19,true,true,true,254,,T004672,
V008977,C00762,2025-09-28,organic_search,P009,Daily Lamp 09,true,false,false,61,,,
V008978,C00869,2025-03-18,social,P022,Active Mat 22,true,false,false,53,,,
V008979,C00924,2025-03-25,email,P018,Pure Band 18,true,true,false,71,,,
V008980,C00034,2025-06-07,direct,P016,Modern Serum 16,true,false,false,66,LOYALTY10,,
V008981,C00026,2025-10-02,referral,P011,Urban Bottle 11,true,false,false,24,,,
V008982,C00699,2025-09-05,paid_search,P004,Essential Bag 04,true,true,false,124,,,
V008983,C00374,2025-05-02,paid_search,P015,Calm Cream 15,true,false,false,23,,,
V008984,C00885,2025-08-22,organic_search,P021,Bright Organizer 21,true,false,false,47,LOYALTY10,,
V008985,C00463,2025-12-23,social,P014,Active Mat 14,false,false,false,25,,,
V008986,C00009,2025-09-06,social,P008,Modern Serum 08,true,false,false,51,LOYALTY10,,
V008987,C00446,2025-05-08,organic_search,P026,Pure Band 26,true,true,false,80,,,
V008988,C00315,2025-07-11,organic_search,P027,Urban Bottle 27,true,false,false,19,,,
V008989,C00343,2025-03-24,social,P030,Active Mat 30,true,false,true,50,,T001570,
V008990,C00019,2025-07-16,organic_search,P005,Bright Organizer 05,true,false,false,38,,,
V008991,C00234,2025-08-11,organic_search,P001,Daily Lamp 01,true,false,true,27,,T004228,
V008992,C00011,2025-10-09,organic_search,P018,Pure Band 18,true,false,false,67,,,
V008993,C00337,2025-11-28,paid_search,P011,Urban Bottle 11,false,false,false,68,,,
V008994,C00579,2025-04-18,email,P002,Pure Band 02,true,false,false,77,,,
V008995,C00770,2025-09-21,direct,P002,Pure Band 02,true,false,false,10,,,
V008996,C00738,2025-01-01,direct,P012,Essential Bag 12,true,false,false,10,,,
V008997,C00555,2025-04-05,organic_search,P019,Urban Bottle 19,true,false,true,122,,T001812,
V008998,C00777,2025-12-12,organic_search,P012,Essential Bag 12,true,true,false,184,,,
V008999,C00045,2025-04-05,paid_search,P025,Daily Lamp 25,true,false,false,53,,,
V009000,C00062,2025-01-19,social,P002,Pure Band 02,true,false,false,75,LOYALTY10,,
V009001,C00720,2025-07-19,social,P015,Calm Cream 15,true,false,false,64,,,
V009002,C00527,2025-06-27,email,P026,Pure Band 26,true,true,false,40,,,
V009003,C00030,2025-06-03,organic_search,P001,Daily Lamp 01,true,false,false,41,,,
V009004,C00252,2025-02-14,referral,P011,Urban Bottle 11,true,false,false,65,,,
V009005,C00514,2025-07-17,email,P011,Urban Bottle 11,true,false,false,60,,,
V009006,C00204,2025-02-18,paid_search,P026,Pure Band 26,true,false,false,70,LOYALTY10,,
V009007,C00432,2025-10-03,direct,P029,Bright Organizer 29,true,false,false,95,,,
V009008,C00876,2025-08-06,email,P004,Essential Bag 04,true,true,true,331,,T004105,
V009009,C00104,2025-02-19,organic_search,P011,Urban Bottle 11,true,false,false,26,,,
V009010,C00161,2025-05-04,social,P009,Daily Lamp 09,true,false,false,40,WELCOME5,,
V009011,C00392,2025-01-21,email,P020,Essential Bag 20,true,false,true,206,WEEKEND15,T000385,
V009012,C00849,2025-09-06,email,P013,Bright Organizer 13,true,true,false,219,,,
V009013,C00588,2025-04-04,social,P024,Modern Serum 24,true,false,false,210,,,
V009014,C00682,2025-03-23,paid_search,P004,Essential Bag 04,true,false,false,46,,,
V009015,C00262,2025-10-21,direct,P028,Essential Bag 28,true,false,false,77,,,
V009016,C00218,2025-05-27,organic_search,P006,Active Mat 06,false,false,false,78,,,
V009017,C00215,2025-08-25,organic_search,P006,Active Mat 06,false,false,false,83,LOYALTY10,,
V009018,C00978,2025-11-21,organic_search,P010,Pure Band 10,true,false,false,28,,,
V009019,C00976,2025-05-17,social,P026,Pure Band 26,true,false,false,57,,,
V009020,C00132,2025-08-30,paid_search,P013,Bright Organizer 13,true,false,false,38,,,
V009021,C00050,2025-09-12,direct,P027,Urban Bottle 27,true,false,false,35,,,
V009022,C00824,2025-08-29,email,P029,Bright Organizer 29,true,true,true,134,WELCOME5,T004526,
V009023,C00847,2025-08-31,email,P024,Modern Serum 24,true,false,false,110,LOYALTY10,,
V009024,C00452,2025-05-17,social,P004,Essential Bag 04,true,false,false,110,,,
V009025,C00643,2025-01-19,paid_search,P017,Daily Lamp 17,true,false,false,78,,,
V009026,C00379,2025-02-02,paid_search,P030,Active Mat 30,true,false,false,38,,,
V009027,C00661,2025-12-21,social,P012,Essential Bag 12,true,true,false,129,,,
V009028,C00290,2025-03-14,organic_search,P015,Calm Cream 15,true,false,false,45,,,
V009029,C00755,2025-03-16,social,P006,Active Mat 06,true,false,false,24,,,
V009030,C00678,2025-01-05,email,P010,Pure Band 10,true,false,false,31,,,
V009031,C00725,2025-12-25,organic_search,P016,Modern Serum 16,false,false,false,84,,,
V009032,C00650,2025-09-29,organic_search,P020,Essential Bag 20,true,false,false,26,WEEKEND15,,
V009033,C00458,2025-08-11,paid_search,P008,Modern Serum 08,true,false,false,68,LOYALTY10,,
V009034,C00062,2025-10-02,direct,P028,Essential Bag 28,true,true,false,71,,,
V009035,C00543,2025-10-17,paid_search,P025,Daily Lamp 25,true,true,true,154,,T005380,
V009036,C00006,2025-12-16,social,P024,Modern Serum 24,true,false,false,40,WEEKEND15,,
V009037,C00713,2025-12-18,direct,P025,Daily Lamp 25,true,false,false,40,,,
V009038,C00301,2025-04-22,paid_search,P007,Calm Cream 07,true,false,false,6,,,
V009039,C00012,2025-09-27,paid_search,P004,Essential Bag 04,false,false,false,18,,,
V009040,C00729,2025-05-03,paid_search,P014,Active Mat 14,true,true,false,496,,,
V009041,C00953,2025-12-03,social,P011,Urban Bottle 11,true,false,false,27,,,
V009042,C00595,2025-04-02,email,P025,Daily Lamp 25,true,true,false,171,,,
V009043,C00982,2025-09-28,paid_search,P024,Modern Serum 24,false,false,false,126,,,
V009044,C00377,2025-02-10,direct,P025,Daily Lamp 25,true,false,false,20,LOYALTY10,,
V009045,C00397,2025-11-24,paid_search,P025,Daily Lamp 25,true,false,false,84,,,
V009046,C00825,2025-08-23,organic_search,P011,Urban Bottle 11,true,true,false,56,,,
V009047,C00997,2025-07-08,social,P029,Bright Organizer 29,true,false,false,34,,,
V009048,C00841,2025-09-09,organic_search,P002,Pure Band 02,true,false,false,18,,,
V009049,C00758,2025-01-13,paid_search,P019,Urban Bottle 19,true,true,false,208,LOYALTY10,,
V009050,C00847,2025-02-09,organic_search,P027,Urban Bottle 27,true,false,false,93,,,
V009051,C00193,2025-09-05,paid_search,P026,Pure Band 26,true,false,false,64,,,
V009052,C00714,2025-05-05,email,P002,Pure Band 02,true,false,false,31,,,
V009053,C00089,2025-05-05,paid_search,P028,Essential Bag 28,true,false,true,27,LOYALTY10,T002378,
V009054,C00768,2025-05-15,social,P001,Daily Lamp 01,true,false,false,29,,,
V009055,C00368,2025-04-30,organic_search,P020,Essential Bag 20,true,false,false,17,WELCOME5,,
V009056,C00297,2025-01-04,email,P016,Modern Serum 16,true,false,false,169,,,
V009057,C00538,2025-02-17,social,P002,Pure Band 02,true,false,false,26,,,
V009058,C00218,2025-05-15,social,P026,Pure Band 26,true,false,true,122,,T002562,
V009059,C00219,2025-03-17,paid_search,P030,Active Mat 30,true,false,false,18,,,
V009060,C00023,2025-07-27,paid_search,P007,Calm Cream 07,true,false,false,52,,,
V009061,C00332,2025-11-22,paid_search,P021,Bright Organizer 21,true,false,false,38,WELCOME5,,
V009062,C00019,2025-07-20,direct,P023,Calm Cream 23,true,false,false,48,,,
V009063,C00688,2025-01-12,organic_search,P019,Urban Bottle 19,true,false,false,45,,,
V009064,C00778,2025-11-20,referral,P007,Calm Cream 07,true,false,false,28,WELCOME5,,
V009065,C00100,2025-07-01,organic_search,P028,Essential Bag 28,true,true,false,210,,,
V009066,C00131,2025-02-24,direct,P011,Urban Bottle 11,true,false,false,24,,,
V009067,C00498,2025-03-27,social,P017,Daily Lamp 17,true,false,false,238,WEEKEND15,,
V009068,C00340,2025-10-19,direct,P026,Pure Band 26,true,false,false,50,,,
V009069,C00589,2025-07-30,direct,P029,Bright Organizer 29,true,false,false,21,,,
V009070,C00903,2025-12-07,organic_search,P006,Active Mat 06,true,false,false,49,LOYALTY10,,
V009071,C00158,2025-10-18,referral,P027,Urban Bottle 27,true,false,true,193,,T005396,
V009072,C00561,2025-07-30,paid_search,P002,Pure Band 02,true,false,false,70,,,
V009073,C00608,2025-11-10,email,P022,Active Mat 22,true,false,false,23,,,
V009074,C00601,2025-11-16,social,P018,Pure Band 18,false,false,false,91,,,
V009075,C00630,2025-11-16,social,P008,Modern Serum 08,true,false,false,37,,,
V009076,C00628,2025-10-09,organic_search,P013,Bright Organizer 13,true,false,false,60,,,
V009077,C00278,2025-09-10,referral,P013,Bright Organizer 13,true,true,false,69,,,
V009078,C00108,2025-11-26,organic_search,P008,Modern Serum 08,true,false,false,35,,,
V009079,C00543,2025-04-20,paid_search,P024,Modern Serum 24,true,true,true,72,,T002103,
V009080,C00482,2025-06-28,email,P017,Daily Lamp 17,true,false,false,14,,,
V009081,C00438,2025-08-25,paid_search,P004,Essential Bag 04,false,false,false,461,,,
V009082,C00928,2025-08-27,direct,P018,Pure Band 18,true,false,false,164,WELCOME5,,
V009083,C00966,2025-12-09,social,P022,Active Mat 22,true,true,false,185,,,
V009084,C00172,2025-09-15,social,P019,Urban Bottle 19,true,false,false,43,,,
V009085,C00894,2025-07-27,social,P014,Active Mat 14,true,false,false,97,,,
V009086,C00490,2025-11-04,direct,P017,Daily Lamp 17,true,false,false,99,,,
V009087,C00031,2025-04-06,email,P017,Daily Lamp 17,true,false,false,114,,,
V009088,C00604,2025-12-07,social,P030,Active Mat 30,true,false,false,55,,,
V009089,C00562,2025-10-30,paid_search,P015,Calm Cream 15,true,false,false,18,,,
V009090,C00897,2025-07-08,social,P022,Active Mat 22,true,false,true,59,,T003593,
V009091,C00921,2025-05-14,referral,P019,Urban Bottle 19,true,false,false,35,LOYALTY10,,
V009092,C00797,2025-10-20,organic_search,P011,Urban Bottle 11,true,false,false,61,WELCOME5,,
V009093,C00610,2025-09-18,organic_search,P023,Calm Cream 23,true,false,false,437,,,
V009094,C00778,2025-08-26,referral,P003,Urban Bottle 03,true,false,false,71,,,
V009095,C00705,2025-02-03,email,P016,Modern Serum 16,true,false,false,89,,,
V009096,C00966,2025-02-21,social,P019,Urban Bottle 19,true,false,false,103,,,
V009097,C00696,2025-11-04,direct,P008,Modern Serum 08,true,false,false,18,,,
V009098,C00703,2025-03-06,direct,P024,Modern Serum 24,true,false,false,42,,,
V009099,C00049,2025-05-01,referral,P009,Daily Lamp 09,true,false,false,20,,,
V009100,C00396,2025-10-04,social,P011,Urban Bottle 11,true,false,false,62,,,
V009101,C00366,2025-07-31,email,P011,Urban Bottle 11,true,false,false,36,,,
V009102,C00584,2025-11-20,organic_search,P001,Daily Lamp 01,true,false,true,74,,T005944,
V009103,C00546,2025-02-22,organic_search,P012,Essential Bag 12,true,true,true,104,,T000971,
V009104,C00463,2025-10-18,direct,P030,Active Mat 30,true,false,false,32,LOYALTY10,,
V009105,C00409,2025-05-18,direct,P029,Bright Organizer 29,true,false,false,17,,,
V009106,C00071,2025-04-27,direct,P017,Daily Lamp 17,true,false,false,51,,,
V009107,C00813,2025-04-03,email,P017,Daily Lamp 17,true,false,false,40,,,
V009108,C00380,2025-07-07,organic_search,P003,Urban Bottle 03,true,false,false,46,WELCOME5,,
V009109,C00836,2025-08-07,social,P012,Essential Bag 12,true,false,false,13,WELCOME5,,
V009110,C00015,2025-04-21,organic_search,P021,Bright Organizer 21,true,false,false,134,,,
V009111,C00703,2025-05-10,organic_search,P005,Bright Organizer 05,true,false,false,28,,,
V009112,C00138,2025-04-08,social,P004,Essential Bag 04,true,false,false,227,WELCOME5,,
V009113,C00060,2025-03-26,paid_search,P030,Active Mat 30,true,false,false,17,,,
V009114,C00220,2025-08-02,organic_search,P003,Urban Bottle 03,true,false,false,114,,,
V009115,C00662,2025-09-12,social,P014,Active Mat 14,true,false,false,17,WEEKEND15,,
V009116,C00933,2025-03-29,email,P001,Daily Lamp 01,true,false,false,91,,,
V009117,C00671,2025-05-04,organic_search,P021,Bright Organizer 21,true,false,false,16,,,
V009118,C00453,2025-01-02,organic_search,P005,Bright Organizer 05,true,false,false,298,,,
V009119,C00275,2025-10-25,email,P003,Urban Bottle 03,true,true,false,26,LOYALTY10,,
V009120,C00314,2025-07-20,organic_search,P019,Urban Bottle 19,true,false,false,30,,,
V009121,C00154,2025-08-15,paid_search,P011,Urban Bottle 11,true,false,false,23,WEEKEND15,,
V009122,C00742,2025-04-21,organic_search,P024,Modern Serum 24,true,false,false,34,,,
V009123,C00090,2025-11-07,social,P021,Bright Organizer 21,true,false,false,6,LOYALTY10,,
V009124,C00703,2025-09-26,direct,P014,Active Mat 14,false,false,false,17,,,
V009125,C00885,2025-04-28,direct,P016,Modern Serum 16,true,true,true,150,,T002269,
V009126,C00712,2025-12-27,email,P026,Pure Band 26,false,false,false,253,,,
V009127,C00938,2025-12-09,social,P020,Essential Bag 20,true,false,false,32,,,
V009128,C00142,2025-05-02,paid_search,P029,Bright Organizer 29,true,false,false,35,,,
V009129,C00665,2025-03-02,organic_search,P018,Pure Band 18,true,true,false,321,,,
V009130,C00363,2025-08-17,organic_search,P001,Daily Lamp 01,false,false,false,88,,,
V009131,C00212,2025-07-01,direct,P016,Modern Serum 16,true,true,false,60,WEEKEND15,,
V009132,C00755,2025-11-21,paid_search,P016,Modern Serum 16,false,false,false,340,,,
V009133,C00340,2025-03-21,referral,P026,Pure Band 26,true,false,false,31,,,
V009134,C00098,2025-03-01,email,P005,Bright Organizer 05,true,false,false,8,,,
V009135,C00261,2025-02-11,organic_search,P026,Pure Band 26,true,false,false,76,,,
V009136,C00895,2025-01-07,organic_search,P009,Daily Lamp 09,true,false,false,52,,,
V009137,C00559,2025-11-22,social,P022,Active Mat 22,true,false,false,68,,,
V009138,C00935,2025-07-14,paid_search,P028,Essential Bag 28,true,false,false,20,,,
V009139,C00709,2025-07-31,email,P028,Essential Bag 28,true,false,false,94,,,
V009140,C00400,2025-02-26,social,P017,Daily Lamp 17,true,true,true,115,,T001063,
V009141,C00632,2025-11-23,email,P018,Pure Band 18,false,false,false,150,,,
V009142,C00611,2025-07-10,referral,P017,Daily Lamp 17,true,false,false,333,,,
V009143,C00042,2025-06-25,social,P012,Essential Bag 12,true,false,false,126,,,
V009144,C00781,2025-09-17,social,P016,Modern Serum 16,false,false,false,7,,,
V009145,C00240,2025-07-04,social,P023,Calm Cream 23,true,false,false,110,,,
V009146,C00904,2025-07-04,paid_search,P019,Urban Bottle 19,true,false,false,187,,,
V009147,C00001,2025-04-11,email,P022,Active Mat 22,true,false,false,48,LOYALTY10,,
V009148,C00147,2025-01-28,organic_search,P022,Active Mat 22,true,false,false,47,,,
V009149,C00748,2025-04-10,organic_search,P004,Essential Bag 04,true,false,false,55,,,
V009150,C00733,2025-03-11,organic_search,P020,Essential Bag 20,true,false,false,47,,,
V009151,C00890,2025-05-31,organic_search,P030,Active Mat 30,true,false,false,15,WELCOME5,,
V009152,C00890,2025-12-01,email,P001,Daily Lamp 01,true,false,false,54,WELCOME5,,
V009153,C00096,2025-10-16,direct,P004,Essential Bag 04,true,false,false,315,,,
V009154,C00571,2025-12-06,direct,P007,Calm Cream 07,true,false,false,255,LOYALTY10,,
V009155,C00880,2025-10-04,paid_search,P011,Urban Bottle 11,true,false,false,13,,,
V009156,C00323,2025-02-17,organic_search,P013,Bright Organizer 13,true,false,false,39,,,
V009157,C00638,2025-10-01,direct,P029,Bright Organizer 29,true,false,false,54,,,
V009158,C00742,2025-09-27,direct,P017,Daily Lamp 17,true,false,false,82,,,
V009159,C00887,2025-05-28,email,P001,Daily Lamp 01,false,false,false,95,,,
V009160,C00575,2025-06-28,direct,P001,Daily Lamp 01,true,false,false,23,,,
V009161,C00932,2025-01-20,social,P028,Essential Bag 28,true,false,false,23,WEEKEND15,,
V009162,C00195,2025-09-21,social,P016,Modern Serum 16,false,false,false,23,,,
V009163,C00047,2025-11-07,paid_search,P020,Essential Bag 20,true,false,false,188,,,
V009164,C00571,2025-11-21,direct,P018,Pure Band 18,false,false,false,105,,,
V009165,C00515,2025-07-06,paid_search,P025,Daily Lamp 25,true,false,false,34,WEEKEND15,,
V009166,C00979,2025-07-31,organic_search,P016,Modern Serum 16,false,false,false,75,,,
V009167,C00040,2025-04-24,referral,P019,Urban Bottle 19,true,false,false,11,,,
V009168,C00718,2025-12-12,direct,P028,Essential Bag 28,true,false,true,258,,T006307,
V009169,C00532,2025-09-24,social,P001,Daily Lamp 01,true,false,false,34,WELCOME5,,
V009170,C00115,2025-04-16,email,P017,Daily Lamp 17,true,true,false,50,,,
V009171,C00956,2025-08-13,paid_search,P021,Bright Organizer 21,true,false,false,69,,,
V009172,C00199,2025-04-21,organic_search,P022,Active Mat 22,true,false,false,82,,,
V009173,C00459,2025-04-02,email,P023,Calm Cream 23,true,false,false,75,,,
V009174,C00480,2025-01-14,paid_search,P026,Pure Band 26,true,false,false,18,LOYALTY10,,
V009175,C00455,2025-12-26,direct,P007,Calm Cream 07,true,false,false,68,WEEKEND15,,
V009176,C00130,2025-01-09,direct,P029,Bright Organizer 29,true,false,true,47,,T000162,
V009177,C00923,2025-03-01,paid_search,P010,Pure Band 10,true,false,false,48,LOYALTY10,,
V009178,C00539,2025-10-08,paid_search,P007,Calm Cream 07,true,false,false,104,,,
V009179,C00312,2025-03-02,referral,P004,Essential Bag 04,true,false,true,14,,T001136,
V009180,C00848,2025-10-14,social,P005,Bright Organizer 05,true,false,false,75,,,
V009181,C00780,2025-06-04,organic_search,P025,Daily Lamp 25,true,true,false,98,,,
V009182,C00719,2025-08-21,social,P004,Essential Bag 04,false,false,false,121,WEEKEND15,,
V009183,C00247,2025-02-19,paid_search,P029,Bright Organizer 29,true,true,false,71,,,
V009184,C00281,2025-07-13,referral,P018,Pure Band 18,true,false,false,124,,,
V009185,C00694,2025-08-20,organic_search,P001,Daily Lamp 01,false,false,false,48,,,
V009186,C00037,2025-05-28,email,P021,Bright Organizer 21,true,false,false,49,,,
V009187,C00359,2025-03-28,direct,P016,Modern Serum 16,true,false,false,121,,,
V009188,C00442,2025-01-27,organic_search,P002,Pure Band 02,true,false,false,23,LOYALTY10,,
V009189,C00993,2025-10-24,direct,P018,Pure Band 18,true,false,false,61,,,
V009190,C00660,2025-11-16,organic_search,P007,Calm Cream 07,true,false,false,49,,,
V009191,C00678,2025-09-25,email,P020,Essential Bag 20,true,false,false,156,,,
V009192,C00667,2025-10-18,direct,P009,Daily Lamp 09,true,false,false,53,,,
V009193,C00547,2025-09-27,social,P022,Active Mat 22,true,false,false,115,,,
V009194,C00299,2025-01-12,referral,P018,Pure Band 18,true,false,false,64,,,
V009195,C00831,2025-05-03,organic_search,P011,Urban Bottle 11,true,false,false,87,,,
V009196,C00768,2025-10-09,direct,P001,Daily Lamp 01,true,false,false,72,,,
V009197,C00668,2025-07-04,social,P017,Daily Lamp 17,true,false,false,50,,,
V009198,C00254,2025-03-18,direct,P009,Daily Lamp 09,true,false,false,130,,,
V009199,C00265,2025-09-08,organic_search,P007,Calm Cream 07,true,false,false,34,WELCOME5,,
V009200,C00109,2025-02-28,direct,P002,Pure Band 02,true,false,false,44,,,
V009201,C00897,2025-02-12,social,P017,Daily Lamp 17,true,false,false,47,,,
V009202,C00107,2025-02-07,email,P021,Bright Organizer 21,true,false,false,181,,,
V009203,C00922,2025-08-03,paid_search,P005,Bright Organizer 05,true,false,true,162,,T004047,
V009204,C00813,2025-04-03,referral,P006,Active Mat 06,true,false,false,8,,,
V009205,C00197,2025-10-06,email,P018,Pure Band 18,true,false,false,26,,,
V009206,C00778,2025-09-26,paid_search,P005,Bright Organizer 05,true,true,true,154,,T004995,
V009207,C00249,2025-02-18,social,P029,Bright Organizer 29,true,false,false,12,,,
V009208,C00217,2025-08-23,organic_search,P011,Urban Bottle 11,true,false,false,26,,,
V009209,C00152,2025-07-05,direct,P013,Bright Organizer 13,true,false,false,46,,,
V009210,C00759,2025-04-01,direct,P012,Essential Bag 12,true,false,false,35,,,
V009211,C00174,2025-05-02,social,P016,Modern Serum 16,true,false,false,61,WELCOME5,,
V009212,C00960,2025-05-18,organic_search,P012,Essential Bag 12,true,false,true,836,,T002630,
V009213,C00189,2025-12-09,social,P016,Modern Serum 16,true,false,false,98,,,
V009214,C00762,2025-04-18,direct,P006,Active Mat 06,true,false,false,248,WELCOME5,,
V009215,C00463,2025-11-12,organic_search,P009,Daily Lamp 09,true,false,false,359,,,
V009216,C00268,2025-05-11,organic_search,P001,Daily Lamp 01,true,false,false,242,WELCOME5,,
V009217,C00964,2025-06-04,social,P001,Daily Lamp 01,true,false,false,26,,,
V009218,C00651,2025-01-14,social,P012,Essential Bag 12,true,false,false,13,,,
V009219,C00407,2025-03-05,organic_search,P009,Daily Lamp 09,true,false,true,141,,T001186,
V009220,C00960,2025-03-30,email,P005,Bright Organizer 05,true,false,true,246,,T001692,
V009221,C00479,2025-02-08,social,P007,Calm Cream 07,true,true,false,66,,,
V009222,C00900,2025-07-10,email,P026,Pure Band 26,true,false,false,156,WELCOME5,,
V009223,C00670,2025-08-08,paid_search,P030,Active Mat 30,true,false,false,95,,,
V009224,C00324,2025-12-27,paid_search,P002,Pure Band 02,true,false,false,99,,,
V009225,C00647,2025-06-25,direct,P005,Bright Organizer 05,false,false,false,151,,,
V009226,C00832,2025-05-19,direct,P021,Bright Organizer 21,true,false,false,62,,,
V009227,C00799,2025-12-02,referral,P024,Modern Serum 24,true,false,false,53,,,
V009228,C00854,2025-08-15,referral,P005,Bright Organizer 05,true,false,false,10,,,
V009229,C00622,2025-12-08,organic_search,P010,Pure Band 10,true,false,false,48,,,
V009230,C00899,2025-10-05,social,P008,Modern Serum 08,true,false,false,69,,,
V009231,C00092,2025-02-05,direct,P026,Pure Band 26,true,true,false,19,WEEKEND15,,
V009232,C00896,2025-11-23,email,P009,Daily Lamp 09,true,true,true,124,,T005990,
V009233,C00041,2025-09-18,email,P013,Bright Organizer 13,true,false,false,9,,,
V009234,C00617,2025-03-12,paid_search,P019,Urban Bottle 19,true,false,false,59,,,
V009235,C00965,2025-06-28,email,P013,Bright Organizer 13,true,false,false,16,,,
V009236,C00314,2025-07-20,email,P014,Active Mat 14,true,false,false,98,,,
V009237,C00979,2025-01-08,social,P001,Daily Lamp 01,true,true,true,96,,T000133,
V009238,C00846,2025-12-30,organic_search,P012,Essential Bag 12,false,false,false,97,,,
V009239,C00829,2025-08-14,direct,P019,Urban Bottle 19,true,false,false,95,LOYALTY10,,
V009240,C00707,2025-06-25,social,P022,Active Mat 22,true,false,false,223,WELCOME5,,
V009241,C00530,2025-06-14,paid_search,P004,Essential Bag 04,true,false,false,21,,,
V009242,C00011,2025-08-19,direct,P004,Essential Bag 04,false,false,false,37,,,
V009243,C00553,2025-12-04,direct,P013,Bright Organizer 13,true,false,false,81,,,
V009244,C00884,2025-12-18,email,P002,Pure Band 02,true,false,false,88,,,
V009245,C00393,2025-09-21,referral,P001,Daily Lamp 01,true,false,false,35,,,
V009246,C00802,2025-12-15,organic_search,P030,Active Mat 30,true,false,false,74,,,
V009247,C00736,2025-09-01,organic_search,P023,Calm Cream 23,true,false,false,31,,,
V009248,C00662,2025-07-20,referral,P017,Daily Lamp 17,true,false,false,65,,,
V009249,C00723,2025-03-06,social,P027,Urban Bottle 27,true,true,false,172,,,
V009250,C00665,2025-09-04,paid_search,P028,Essential Bag 28,true,false,false,22,,,
V009251,C00913,2025-05-06,direct,P014,Active Mat 14,true,true,false,43,,,
V009252,C00951,2025-04-15,email,P006,Active Mat 06,true,false,false,63,,,
V009253,C00465,2025-09-11,paid_search,P005,Bright Organizer 05,true,false,false,42,,,
V009254,C00006,2025-04-06,organic_search,P019,Urban Bottle 19,true,true,false,250,WELCOME5,,
V009255,C00127,2025-07-10,email,P024,Modern Serum 24,true,false,false,37,,,
V009256,C00274,2025-06-20,organic_search,P012,Essential Bag 12,true,false,false,92,WELCOME5,,
V009257,C00743,2025-08-10,email,P028,Essential Bag 28,true,false,false,138,,,
V009258,C00366,2025-07-12,social,P005,Bright Organizer 05,true,false,false,48,WEEKEND15,,
V009259,C00161,2025-10-11,referral,P009,Daily Lamp 09,true,false,false,61,WEEKEND15,,
V009260,C00658,2025-09-12,paid_search,P017,Daily Lamp 17,true,false,true,29,,T004780,
V009261,C00898,2025-01-27,social,P001,Daily Lamp 01,true,false,false,167,WELCOME5,,
V009262,C00795,2025-02-20,organic_search,P009,Daily Lamp 09,true,false,false,31,WELCOME5,,
V009263,C00708,2025-05-07,social,P004,Essential Bag 04,true,false,false,21,,,
V009264,C00690,2025-07-25,email,P007,Calm Cream 07,true,false,false,101,,,
V009265,C00652,2025-08-31,organic_search,P008,Modern Serum 08,true,false,false,45,,,
V009266,C00347,2025-05-18,direct,P019,Urban Bottle 19,true,false,false,24,,,
V009267,C00390,2025-01-14,social,P017,Daily Lamp 17,true,false,false,27,,,
V009268,C00245,2025-04-02,organic_search,P023,Calm Cream 23,true,false,false,91,,,
V009269,C00107,2025-04-12,paid_search,P030,Active Mat 30,true,false,false,82,,,
V009270,C00160,2025-08-08,email,P024,Modern Serum 24,true,false,false,92,,,
V009271,C00461,2025-07-16,organic_search,P015,Calm Cream 15,true,false,false,52,WELCOME5,,
V009272,C00864,2025-04-22,organic_search,P009,Daily Lamp 09,true,true,false,100,,,
V009273,C00127,2025-06-18,paid_search,P023,Calm Cream 23,false,false,false,45,,,
V009274,C00493,2025-06-04,direct,P020,Essential Bag 20,true,false,false,106,LOYALTY10,,
V009275,C00606,2025-03-20,paid_search,P013,Bright Organizer 13,true,false,false,15,,,
V009276,C00236,2025-10-03,organic_search,P021,Bright Organizer 21,true,true,true,170,,T005112,
V009277,C00096,2025-05-08,organic_search,P014,Active Mat 14,true,false,false,35,,,
V009278,C00799,2025-02-27,organic_search,P025,Daily Lamp 25,true,false,false,202,,,
V009279,C00272,2025-07-02,social,P012,Essential Bag 12,true,false,false,147,,,
V009280,C00430,2025-06-05,social,P021,Bright Organizer 21,true,false,false,62,,,
V009281,C00064,2025-07-13,organic_search,P017,Daily Lamp 17,true,false,false,33,,,
V009282,C00946,2025-06-03,organic_search,P030,Active Mat 30,true,false,false,35,,,
V009283,C00438,2025-07-15,referral,P002,Pure Band 02,true,true,true,128,,T003715,
V009284,C00804,2025-07-19,organic_search,P002,Pure Band 02,true,false,false,14,WEEKEND15,,
V009285,C00061,2025-07-06,social,P006,Active Mat 06,true,false,false,149,,,
V009286,C00220,2025-03-16,direct,P026,Pure Band 26,true,false,false,33,WELCOME5,,
V009287,C00861,2025-07-03,paid_search,P017,Daily Lamp 17,true,false,false,41,,,
V009288,C00999,2025-11-07,social,P022,Active Mat 22,true,false,false,17,,,
V009289,C00792,2025-12-18,direct,P003,Urban Bottle 03,true,false,false,95,,,
V009290,C00155,2025-07-23,referral,P012,Essential Bag 12,false,false,false,48,,,
V009291,C00133,2025-10-21,organic_search,P014,Active Mat 14,false,false,false,51,,,
V009292,C00318,2025-09-03,referral,P007,Calm Cream 07,true,false,false,51,LOYALTY10,,
V009293,C00449,2025-09-14,organic_search,P023,Calm Cream 23,true,false,false,30,,,
V009294,C00403,2025-03-13,paid_search,P005,Bright Organizer 05,true,true,true,51,,T001343,
V009295,C00995,2025-06-04,social,P023,Calm Cream 23,true,true,false,85,WEEKEND15,,
V009296,C00233,2025-05-11,organic_search,P024,Modern Serum 24,true,true,false,220,,,
V009297,C00382,2025-06-06,direct,P028,Essential Bag 28,true,false,false,134,,,
V009298,C00605,2025-12-08,social,P005,Bright Organizer 05,true,false,false,54,WEEKEND15,,
V009299,C00356,2025-02-26,direct,P030,Active Mat 30,true,false,false,21,WEEKEND15,,
V009300,C00071,2025-06-18,organic_search,P030,Active Mat 30,true,false,false,24,,,
V009301,C00866,2025-11-19,organic_search,P007,Calm Cream 07,true,false,false,83,LOYALTY10,,
V009302,C00940,2025-03-07,paid_search,P011,Urban Bottle 11,true,true,false,144,WEEKEND15,,
V009303,C00673,2025-09-09,organic_search,P027,Urban Bottle 27,true,false,false,123,,,
V009304,C00765,2025-06-23,social,P026,Pure Band 26,true,false,false,11,,,
V009305,C00941,2025-08-05,social,P020,Essential Bag 20,true,false,false,96,,,
V009306,C00188,2025-07-23,referral,P017,Daily Lamp 17,true,false,false,82,,,
V009307,C00449,2025-08-10,paid_search,P001,Daily Lamp 01,true,false,false,14,LOYALTY10,,
V009308,C00209,2025-07-24,email,P010,Pure Band 10,true,false,true,73,,T003898,
V009309,C00556,2025-07-23,social,P025,Daily Lamp 25,true,false,false,131,,,
V009310,C00205,2025-10-25,email,P005,Bright Organizer 05,true,true,false,64,WEEKEND15,,
V009311,C00670,2025-10-04,social,P010,Pure Band 10,true,false,false,13,,,
V009312,C00975,2025-11-06,social,P016,Modern Serum 16,true,false,false,71,,,
V009313,C00249,2025-11-20,paid_search,P003,Urban Bottle 03,true,false,false,19,WELCOME5,,
V009314,C00739,2025-08-03,referral,P009,Daily Lamp 09,true,false,false,74,,,
V009315,C00520,2025-12-11,direct,P005,Bright Organizer 05,true,false,false,66,,,
V009316,C00685,2025-10-25,email,P010,Pure Band 10,true,true,false,68,,,
V009317,C00498,2025-06-08,organic_search,P004,Essential Bag 04,true,false,false,85,WELCOME5,,
V009318,C00911,2025-12-03,paid_search,P030,Active Mat 30,true,false,false,20,,,
V009319,C00639,2025-11-24,social,P002,Pure Band 02,true,false,false,53,WELCOME5,,
V009320,C00446,2025-10-26,email,P028,Essential Bag 28,true,false,false,55,,,
V009321,C00040,2025-12-03,organic_search,P021,Bright Organizer 21,true,true,false,97,,,
V009322,C00160,2025-03-08,organic_search,P019,Urban Bottle 19,true,true,false,60,,,
V009323,C00123,2025-01-27,paid_search,P014,Active Mat 14,true,false,false,16,WELCOME5,,
V009324,C00810,2025-03-18,paid_search,P013,Bright Organizer 13,true,false,false,34,,,
V009325,C00975,2025-11-27,referral,P017,Daily Lamp 17,true,false,false,25,LOYALTY10,,
V009326,C00647,2025-12-03,email,P016,Modern Serum 16,true,false,false,30,,,
V009327,C00730,2025-12-07,direct,P026,Pure Band 26,true,false,false,31,,,
V009328,C00607,2025-05-07,paid_search,P012,Essential Bag 12,true,false,true,91,,T002409,
V009329,C00993,2025-02-26,organic_search,P011,Urban Bottle 11,true,false,false,34,,,
V009330,C00906,2025-06-24,organic_search,P002,Pure Band 02,true,false,false,75,WELCOME5,,
V009331,C00306,2025-03-02,referral,P022,Active Mat 22,true,false,false,40,,,
V009332,C00068,2025-09-05,social,P005,Bright Organizer 05,true,false,false,51,,,
V009333,C00791,2025-01-14,email,P009,Daily Lamp 09,true,false,false,77,,,
V009334,C00924,2025-01-11,paid_search,P020,Essential Bag 20,true,false,false,17,,,
V009335,C00010,2025-07-26,paid_search,P006,Active Mat 06,false,false,false,95,WEEKEND15,,
V009336,C00064,2025-01-15,email,P017,Daily Lamp 17,true,true,false,320,,,
V009337,C00973,2025-03-21,referral,P012,Essential Bag 12,true,false,false,80,,,
V009338,C00648,2025-05-07,direct,P009,Daily Lamp 09,true,false,false,14,WELCOME5,,
V009339,C00763,2025-02-08,referral,P027,Urban Bottle 27,true,false,false,60,WEEKEND15,,
V009340,C00130,2025-04-25,organic_search,P018,Pure Band 18,true,false,false,37,,,
V009341,C00641,2025-06-02,social,P014,Active Mat 14,true,true,false,189,,,
V009342,C00961,2025-07-02,organic_search,P005,Bright Organizer 05,true,false,false,52,,,
V009343,C00085,2025-06-21,paid_search,P006,Active Mat 06,true,false,false,47,,,
V009344,C00061,2025-06-15,referral,P001,Daily Lamp 01,true,false,false,179,,,
V009345,C00877,2025-09-29,organic_search,P016,Modern Serum 16,false,false,false,60,WELCOME5,,
V009346,C00450,2025-04-26,paid_search,P027,Urban Bottle 27,true,false,false,17,WEEKEND15,,
V009347,C00668,2025-06-16,paid_search,P023,Calm Cream 23,true,false,false,62,LOYALTY10,,
V009348,C00164,2025-09-14,social,P008,Modern Serum 08,true,false,false,68,,,
V009349,C00209,2025-09-24,organic_search,P010,Pure Band 10,true,true,false,33,,,
V009350,C00265,2025-07-01,direct,P016,Modern Serum 16,true,false,false,69,,,
V009351,C00141,2025-08-11,paid_search,P019,Urban Bottle 19,true,false,false,101,,,
V009352,C00383,2025-12-27,direct,P026,Pure Band 26,false,false,false,23,,,
V009353,C00455,2025-05-28,organic_search,P008,Modern Serum 08,true,false,false,131,,,
V009354,C00783,2025-09-02,direct,P008,Modern Serum 08,true,false,false,127,,,
V009355,C00270,2025-05-27,direct,P017,Daily Lamp 17,true,false,false,24,,,
V009356,C00335,2025-07-07,paid_search,P029,Bright Organizer 29,true,true,false,167,WEEKEND15,,
V009357,C00542,2025-11-12,paid_search,P020,Essential Bag 20,true,false,false,46,,,
V009358,C00437,2025-04-21,social,P024,Modern Serum 24,true,false,false,28,WEEKEND15,,
V009359,C00285,2025-05-03,organic_search,P021,Bright Organizer 21,true,false,false,40,,,
V009360,C00724,2025-03-20,social,P007,Calm Cream 07,true,false,false,140,,,
V009361,C00339,2025-11-07,organic_search,P024,Modern Serum 24,true,true,false,41,,,
V009362,C00501,2025-07-05,organic_search,P004,Essential Bag 04,true,false,false,193,,,
V009363,C00374,2025-02-12,organic_search,P025,Daily Lamp 25,true,false,true,131,,T000791,
V009364,C00634,2025-10-19,email,P030,Active Mat 30,true,true,false,321,,,
V009365,C00462,2025-09-16,paid_search,P007,Calm Cream 07,true,false,false,263,,,
V009366,C00293,2025-06-09,email,P026,Pure Band 26,true,false,false,54,WEEKEND15,,
V009367,C00813,2025-01-28,email,P019,Urban Bottle 19,true,false,false,49,,,
V009368,C00237,2025-08-09,email,P009,Daily Lamp 09,true,false,false,123,,,
V009369,C00273,2025-01-08,paid_search,P006,Active Mat 06,true,false,false,18,,,
V009370,C00295,2025-12-19,email,P013,Bright Organizer 13,true,false,false,236,,,
V009371,C00198,2025-04-27,direct,P024,Modern Serum 24,true,false,false,58,,,
V009372,C00087,2025-04-06,paid_search,P012,Essential Bag 12,true,true,false,146,LOYALTY10,,
V009373,C00243,2025-12-13,organic_search,P027,Urban Bottle 27,true,false,false,39,,,
V009374,C00188,2025-11-02,direct,P027,Urban Bottle 27,true,false,false,83,,,
V009375,C00508,2025-02-11,organic_search,P015,Calm Cream 15,true,false,false,17,,,
V009376,C00244,2025-12-25,organic_search,P030,Active Mat 30,false,false,false,149,,,
V009377,C00598,2025-03-06,organic_search,P015,Calm Cream 15,true,false,false,29,,,
V009378,C00941,2025-06-18,paid_search,P016,Modern Serum 16,true,false,true,122,WELCOME5,T003211,
V009379,C00348,2025-12-12,paid_search,P018,Pure Band 18,true,true,true,54,LOYALTY10,T006305,
V009380,C00727,2025-12-02,organic_search,P021,Bright Organizer 21,true,false,false,41,,,
V009381,C00077,2025-06-07,direct,P025,Daily Lamp 25,true,false,false,65,,,
V009382,C00227,2025-11-02,paid_search,P004,Essential Bag 04,true,false,false,40,,,
V009383,C00221,2025-10-31,direct,P019,Urban Bottle 19,false,false,false,16,LOYALTY10,,
V009384,C00631,2025-01-06,direct,P028,Essential Bag 28,true,false,false,68,,,
V009385,C00027,2025-12-20,direct,P021,Bright Organizer 21,true,false,false,144,,,
V009386,C00740,2025-05-15,social,P024,Modern Serum 24,true,true,true,116,,T002554,
V009387,C00927,2025-07-18,organic_search,P008,Modern Serum 08,true,false,false,48,,,
V009388,C00928,2025-08-06,direct,P006,Active Mat 06,true,false,false,30,,,
V009389,C00871,2025-01-26,social,P029,Bright Organizer 29,true,false,false,51,WEEKEND15,,
V009390,C00063,2025-04-16,organic_search,P001,Daily Lamp 01,true,false,false,136,,,
V009391,C00813,2025-02-21,organic_search,P016,Modern Serum 16,true,false,false,53,,,
V009392,C00561,2025-08-20,email,P014,Active Mat 14,true,false,false,62,,,
V009393,C00260,2025-06-29,direct,P023,Calm Cream 23,false,false,false,40,LOYALTY10,,
V009394,C00182,2025-09-10,referral,P019,Urban Bottle 19,true,false,false,11,,,
V009395,C00838,2025-10-27,direct,P018,Pure Band 18,false,false,false,49,,,
V009396,C00862,2025-04-05,paid_search,P016,Modern Serum 16,true,false,false,29,,,
V009397,C00808,2025-05-29,email,P003,Urban Bottle 03,true,true,true,214,,T002832,
V009398,C00798,2025-06-13,paid_search,P015,Calm Cream 15,true,false,false,43,LOYALTY10,,
V009399,C00745,2025-11-11,social,P006,Active Mat 06,true,false,false,229,WELCOME5,,
V009400,C00999,2025-01-09,referral,P009,Daily Lamp 09,true,false,false,34,,,
V009401,C00469,2025-01-13,direct,P015,Calm Cream 15,true,true,false,108,,,
V009402,C00022,2025-06-30,organic_search,P003,Urban Bottle 03,true,false,false,154,WEEKEND15,,
V009403,C00262,2025-10-08,paid_search,P024,Modern Serum 24,true,false,false,41,,,
V009404,C00411,2025-12-22,social,P029,Bright Organizer 29,true,false,false,116,WELCOME5,,
V009405,C00918,2025-02-19,paid_search,P021,Bright Organizer 21,true,false,false,108,WEEKEND15,,
V009406,C00603,2025-06-27,organic_search,P019,Urban Bottle 19,true,true,false,136,WEEKEND15,,
V009407,C00242,2025-04-18,organic_search,P024,Modern Serum 24,true,false,false,37,,,
V009408,C00314,2025-09-29,paid_search,P016,Modern Serum 16,false,false,false,58,,,
V009409,C00207,2025-11-27,organic_search,P017,Daily Lamp 17,true,false,false,81,WEEKEND15,,
V009410,C00104,2025-12-27,social,P016,Modern Serum 16,false,false,false,37,,,
V009411,C00345,2025-11-01,paid_search,P016,Modern Serum 16,true,true,false,106,WEEKEND15,,
V009412,C00740,2025-11-07,social,P011,Urban Bottle 11,true,false,false,18,,,
V009413,C00981,2025-08-01,organic_search,P029,Bright Organizer 29,true,false,false,11,,,
V009414,C00285,2025-08-08,social,P005,Bright Organizer 05,true,false,false,80,,,
V009415,C00596,2025-04-26,paid_search,P012,Essential Bag 12,true,true,true,80,,T002218,
V009416,C00916,2025-12-31,direct,P007,Calm Cream 07,true,false,true,21,,T006534,
V009417,C00337,2025-06-13,paid_search,P010,Pure Band 10,true,false,true,78,,T003121,
V009418,C00285,2025-01-19,social,P016,Modern Serum 16,true,true,false,111,,,
V009419,C00200,2025-11-29,social,P006,Active Mat 06,false,false,false,9,,,
V009420,C00361,2025-06-03,paid_search,P001,Daily Lamp 01,true,false,false,27,,,
V009421,C00150,2025-03-02,organic_search,P018,Pure Band 18,true,false,true,99,,T001137,
V009422,C00626,2025-11-13,organic_search,P016,Modern Serum 16,true,false,false,12,,,
V009423,C00409,2025-03-07,paid_search,P011,Urban Bottle 11,true,true,false,214,,,
V009424,C00686,2025-02-24,social,P005,Bright Organizer 05,true,false,false,114,,,
V009425,C00394,2025-11-19,email,P012,Essential Bag 12,true,true,false,88,LOYALTY10,,
V009426,C00470,2025-03-13,paid_search,P029,Bright Organizer 29,true,false,false,48,,,
V009427,C00226,2025-04-08,paid_search,P026,Pure Band 26,true,true,false,42,,,
V009428,C00375,2025-09-19,organic_search,P024,Modern Serum 24,true,false,false,113,,,
V009429,C00373,2025-10-10,email,P007,Calm Cream 07,true,false,false,104,,,
V009430,C00022,2025-04-07,paid_search,P024,Modern Serum 24,true,true,false,111,LOYALTY10,,
V009431,C00365,2025-07-12,paid_search,P027,Urban Bottle 27,true,false,false,98,,,
V009432,C00045,2025-11-16,paid_search,P021,Bright Organizer 21,true,true,false,125,,,
V009433,C00618,2025-04-04,direct,P003,Urban Bottle 03,true,false,false,30,,,
V009434,C00434,2025-12-22,social,P025,Daily Lamp 25,true,true,false,36,,,
V009435,C00727,2025-01-31,direct,P005,Bright Organizer 05,true,true,false,60,,,
V009436,C00126,2025-03-18,paid_search,P024,Modern Serum 24,true,true,false,116,LOYALTY10,,
V009437,C00032,2025-02-13,organic_search,P016,Modern Serum 16,true,false,false,30,,,
V009438,C00383,2025-08-20,social,P011,Urban Bottle 11,true,false,false,37,,,
V009439,C00055,2025-04-21,direct,P021,Bright Organizer 21,true,false,false,60,,,
V009440,C00406,2025-07-26,social,P014,Active Mat 14,true,false,false,115,,,
V009441,C00094,2025-04-19,paid_search,P021,Bright Organizer 21,true,false,false,52,,,
V009442,C00290,2025-03-26,paid_search,P010,Pure Band 10,true,false,false,19,,,
V009443,C00790,2025-08-27,email,P030,Active Mat 30,true,false,false,11,WELCOME5,,
V009444,C00010,2025-09-26,email,P002,Pure Band 02,true,true,false,244,,,
V009445,C00312,2025-09-16,direct,P004,Essential Bag 04,true,false,true,30,,T004848,
V009446,C00605,2025-09-05,organic_search,P003,Urban Bottle 03,true,false,false,46,,,
V009447,C00287,2025-03-13,referral,P016,Modern Serum 16,true,false,false,42,,,
V009448,C00888,2025-01-08,referral,P008,Modern Serum 08,true,false,false,39,,,
V009449,C00110,2025-12-18,organic_search,P001,Daily Lamp 01,true,false,false,200,,,
V009450,C00458,2025-04-09,paid_search,P017,Daily Lamp 17,true,false,false,35,,,
V009451,C00120,2025-08-25,organic_search,P007,Calm Cream 07,true,false,false,75,WELCOME5,,
V009452,C00511,2025-12-21,organic_search,P011,Urban Bottle 11,true,true,false,110,,,
V009453,C00679,2025-12-06,social,P005,Bright Organizer 05,true,false,false,29,,,
V009454,C00076,2025-09-08,organic_search,P019,Urban Bottle 19,true,false,false,13,,,
V009455,C00582,2025-12-16,paid_search,P030,Active Mat 30,true,false,false,13,LOYALTY10,,
V009456,C00964,2025-02-08,paid_search,P005,Bright Organizer 05,true,false,false,8,,,
V009457,C00069,2025-08-17,email,P023,Calm Cream 23,true,true,false,13,,,
V009458,C00754,2025-04-07,organic_search,P027,Urban Bottle 27,true,false,false,115,,,
V009459,C00684,2025-04-13,social,P011,Urban Bottle 11,true,false,false,201,,,
V009460,C00833,2025-06-25,email,P021,Bright Organizer 21,true,true,false,113,LOYALTY10,,
V009461,C00567,2025-06-07,organic_search,P030,Active Mat 30,true,false,false,51,WEEKEND15,,
V009462,C00681,2025-11-04,social,P025,Daily Lamp 25,true,false,false,88,,,
V009463,C00127,2025-09-01,social,P019,Urban Bottle 19,true,false,false,40,,,
V009464,C00021,2025-04-17,organic_search,P017,Daily Lamp 17,true,false,false,69,,,
V009465,C00228,2025-07-04,social,P007,Calm Cream 07,true,false,false,58,,,
V009466,C00407,2025-02-18,social,P012,Essential Bag 12,true,false,false,40,,,
V009467,C00743,2025-11-28,organic_search,P014,Active Mat 14,false,false,false,54,,,
V009468,C00441,2025-06-15,paid_search,P016,Modern Serum 16,true,false,false,21,,,
V009469,C00315,2025-01-18,email,P022,Active Mat 22,true,true,false,227,WELCOME5,,
V009470,C00900,2025-02-28,organic_search,P026,Pure Band 26,true,false,false,56,,,
V009471,C00781,2025-10-14,direct,P011,Urban Bottle 11,true,true,true,34,,T005318,
V009472,C00787,2025-06-07,direct,P028,Essential Bag 28,true,false,false,70,LOYALTY10,,
V009473,C00015,2025-08-21,organic_search,P019,Urban Bottle 19,false,false,false,10,,,
V009474,C00629,2025-07-23,organic_search,P017,Daily Lamp 17,true,false,false,39,LOYALTY10,,
V009475,C00891,2025-09-01,organic_search,P007,Calm Cream 07,true,false,false,87,,,
V009476,C00717,2025-05-03,email,P026,Pure Band 26,true,false,false,122,,,
V009477,C00259,2025-08-04,social,P005,Bright Organizer 05,true,false,false,65,,,
V009478,C00660,2025-01-21,organic_search,P029,Bright Organizer 29,true,false,false,48,,,
V009479,C00415,2025-07-22,organic_search,P015,Calm Cream 15,true,false,false,68,,,
V009480,C00171,2025-07-25,direct,P023,Calm Cream 23,false,false,false,62,,,
V009481,C00366,2025-10-17,referral,P020,Essential Bag 20,true,false,true,82,,T005386,
V009482,C00522,2025-09-05,organic_search,P024,Modern Serum 24,true,true,false,156,WELCOME5,,
V009483,C00053,2025-03-08,social,P007,Calm Cream 07,true,false,false,34,,,
V009484,C00589,2025-01-28,organic_search,P023,Calm Cream 23,true,false,false,60,,,
V009485,C00568,2025-09-02,social,P009,Daily Lamp 09,true,true,false,71,,,
V009486,C00844,2025-01-18,paid_search,P028,Essential Bag 28,true,false,false,75,LOYALTY10,,
V009487,C00816,2025-10-28,organic_search,P029,Bright Organizer 29,true,false,false,210,WEEKEND15,,
V009488,C00612,2025-02-19,email,P002,Pure Band 02,true,false,false,32,,,
V009489,C00863,2025-11-21,paid_search,P003,Urban Bottle 03,true,false,false,34,,,
V009490,C00326,2025-09-27,organic_search,P028,Essential Bag 28,true,false,false,114,,,
V009491,C00168,2025-10-16,organic_search,P010,Pure Band 10,true,false,false,58,,,
V009492,C00483,2025-09-21,direct,P001,Daily Lamp 01,true,false,false,38,WELCOME5,,
V009493,C00861,2025-06-01,organic_search,P021,Bright Organizer 21,true,false,false,65,,,
V009494,C00098,2025-11-07,email,P003,Urban Bottle 03,true,false,false,26,,,
V009495,C00080,2025-08-09,direct,P022,Active Mat 22,true,false,false,29,,,
V009496,C00235,2025-12-03,paid_search,P011,Urban Bottle 11,true,false,false,56,,,
V009497,C00259,2025-04-29,paid_search,P009,Daily Lamp 09,true,false,false,26,,,
V009498,C00062,2025-07-27,direct,P028,Essential Bag 28,true,false,false,39,,,
V009499,C00217,2025-04-09,paid_search,P019,Urban Bottle 19,true,false,false,80,,,
V009500,C00309,2025-10-14,paid_search,P010,Pure Band 10,true,false,false,127,WEEKEND15,,
V009501,C00353,2025-01-05,organic_search,P023,Calm Cream 23,true,false,false,89,,,
V009502,C00254,2025-02-15,social,P026,Pure Band 26,true,false,false,50,,,
V009503,C00090,2025-08-25,organic_search,P015,Calm Cream 15,true,false,false,31,,,
V009504,C00165,2025-02-03,email,P004,Essential Bag 04,true,false,false,111,,,
V009505,C00598,2025-10-19,direct,P028,Essential Bag 28,true,false,false,128,,,
V009506,C00248,2025-04-21,direct,P009,Daily Lamp 09,true,false,true,150,LOYALTY10,T002120,
V009507,C00639,2025-04-25,email,P027,Urban Bottle 27,true,false,false,10,WELCOME5,,
V009508,C00361,2025-12-19,email,P002,Pure Band 02,true,false,false,49,,,
V009509,C00081,2025-06-20,organic_search,P016,Modern Serum 16,true,false,false,18,,,
V009510,C00512,2025-01-17,paid_search,P021,Bright Organizer 21,true,false,true,72,,T000314,
V009511,C00927,2025-05-22,social,P001,Daily Lamp 01,false,false,false,37,,,
V009512,C00564,2025-12-12,email,P023,Calm Cream 23,true,false,false,35,WEEKEND15,,
V009513,C00517,2025-10-10,email,P008,Modern Serum 08,true,true,false,49,,,
V009514,C00095,2025-06-06,email,P013,Bright Organizer 13,true,false,false,32,,,
V009515,C00390,2025-03-02,social,P023,Calm Cream 23,true,false,false,26,,,
V009516,C00762,2025-04-05,organic_search,P002,Pure Band 02,true,false,false,20,,,
V009517,C00371,2025-06-25,organic_search,P029,Bright Organizer 29,true,false,false,280,,,
V009518,C00127,2025-06-28,paid_search,P006,Active Mat 06,false,false,false,38,WEEKEND15,,
V009519,C00387,2025-08-18,email,P029,Bright Organizer 29,true,true,false,24,LOYALTY10,,
V009520,C00754,2025-07-26,referral,P019,Urban Bottle 19,true,false,true,15,,T003934,
V009521,C00156,2025-07-04,social,P023,Calm Cream 23,true,false,false,194,,,
V009522,C00409,2025-08-27,paid_search,P026,Pure Band 26,true,false,false,156,,,
V009523,C00194,2025-01-17,direct,P003,Urban Bottle 03,true,false,false,52,,,
V009524,C00063,2025-04-06,organic_search,P030,Active Mat 30,true,false,false,34,LOYALTY10,,
V009525,C00306,2025-12-04,organic_search,P001,Daily Lamp 01,true,false,false,88,,,
V009526,C00125,2025-12-07,organic_search,P025,Daily Lamp 25,true,true,true,82,,T006212,
V009527,C00249,2025-09-14,social,P029,Bright Organizer 29,true,false,false,37,,,
V009528,C00648,2025-03-18,direct,P013,Bright Organizer 13,true,false,false,116,,,
V009529,C00151,2025-09-12,email,P004,Essential Bag 04,true,true,false,14,,,
V009530,C00915,2025-07-10,paid_search,P002,Pure Band 02,true,true,false,53,,,
V009531,C00005,2025-10-10,organic_search,P016,Modern Serum 16,true,false,false,86,LOYALTY10,,
V009532,C00260,2025-12-12,direct,P009,Daily Lamp 09,true,false,false,26,,,
V009533,C00529,2025-08-12,paid_search,P012,Essential Bag 12,true,false,false,5,,,
V009534,C00596,2025-04-21,email,P001,Daily Lamp 01,true,false,false,46,WEEKEND15,,
V009535,C00725,2025-03-01,direct,P003,Urban Bottle 03,true,false,false,64,,,
V009536,C00067,2025-12-14,organic_search,P008,Modern Serum 08,true,false,false,164,,,
V009537,C00053,2025-11-18,direct,P030,Active Mat 30,true,false,false,64,,,
V009538,C00197,2025-02-24,paid_search,P028,Essential Bag 28,true,false,false,92,,,
V009539,C00690,2025-12-10,social,P022,Active Mat 22,true,false,false,54,,,
V009540,C00267,2025-01-25,organic_search,P002,Pure Band 02,true,false,false,36,,,
V009541,C00204,2025-04-03,organic_search,P025,Daily Lamp 25,true,false,false,62,,,
V009542,C00108,2025-02-24,social,P014,Active Mat 14,true,false,false,55,WELCOME5,,
V009543,C00706,2025-03-08,email,P019,Urban Bottle 19,true,false,false,65,,,
V009544,C00709,2025-12-23,organic_search,P026,Pure Band 26,false,false,false,51,,,
V009545,C00161,2025-03-02,organic_search,P013,Bright Organizer 13,true,false,false,13,,,
V009546,C00171,2025-07-03,email,P022,Active Mat 22,true,false,false,39,,,
V009547,C00143,2025-05-12,paid_search,P008,Modern Serum 08,true,false,true,287,,T002506,
V009548,C00182,2025-07-11,social,P022,Active Mat 22,true,false,false,133,WEEKEND15,,
V009549,C00867,2025-03-22,organic_search,P022,Active Mat 22,true,false,false,117,WELCOME5,,
V009550,C00228,2025-10-23,organic_search,P007,Calm Cream 07,true,false,false,43,,,
V009551,C00449,2025-04-22,paid_search,P015,Calm Cream 15,true,false,false,13,,,
V009552,C00880,2025-05-06,organic_search,P027,Urban Bottle 27,true,false,false,66,,,
V009553,C00995,2025-07-19,paid_search,P012,Essential Bag 12,true,false,false,18,,,
V009554,C00981,2025-01-27,email,P006,Active Mat 06,true,false,false,65,WEEKEND15,,
V009555,C00782,2025-02-15,email,P003,Urban Bottle 03,true,false,false,38,,,
V009556,C00943,2025-02-12,direct,P027,Urban Bottle 27,true,false,false,63,,,
V009557,C00886,2025-05-15,paid_search,P004,Essential Bag 04,true,true,false,251,,,
V009558,C00095,2025-04-02,social,P003,Urban Bottle 03,true,false,false,11,,,
V009559,C00392,2025-05-01,organic_search,P028,Essential Bag 28,true,false,false,18,,,
V009560,C00708,2025-12-25,organic_search,P016,Modern Serum 16,false,false,false,26,,,
V009561,C00930,2025-06-17,direct,P004,Essential Bag 04,true,false,false,71,LOYALTY10,,
V009562,C00323,2025-04-12,organic_search,P008,Modern Serum 08,true,false,false,83,,,
V009563,C00251,2025-03-30,paid_search,P015,Calm Cream 15,true,true,true,104,,T001685,
V009564,C00957,2025-01-19,organic_search,P001,Daily Lamp 01,true,false,false,64,,,
V009565,C00092,2025-12-08,organic_search,P020,Essential Bag 20,true,false,false,11,,,
V009566,C00308,2025-06-25,paid_search,P021,Bright Organizer 21,true,false,true,35,,T003351,
V009567,C00198,2025-08-13,referral,P013,Bright Organizer 13,true,false,false,99,,,
V009568,C00926,2025-05-15,paid_search,P001,Daily Lamp 01,true,true,false,67,,,
V009569,C00171,2025-06-09,paid_search,P002,Pure Band 02,true,false,false,72,WEEKEND15,,
V009570,C00761,2025-11-24,paid_search,P019,Urban Bottle 19,false,false,false,83,WEEKEND15,,
V009571,C00327,2025-12-26,paid_search,P004,Essential Bag 04,false,false,false,44,,,
V009572,C00763,2025-01-23,social,P019,Urban Bottle 19,true,false,false,37,LOYALTY10,,
V009573,C00764,2025-05-20,referral,P020,Essential Bag 20,true,false,false,30,,,
V009574,C00411,2025-10-01,direct,P028,Essential Bag 28,true,false,false,132,LOYALTY10,,
V009575,C00484,2025-08-03,organic_search,P019,Urban Bottle 19,true,false,false,18,LOYALTY10,,
V009576,C00900,2025-12-22,direct,P007,Calm Cream 07,true,false,false,120,,,
V009577,C00775,2025-11-25,organic_search,P002,Pure Band 02,true,false,false,89,WELCOME5,,
V009578,C00153,2025-11-21,social,P020,Essential Bag 20,true,false,true,170,,T005963,
V009579,C00096,2025-05-10,social,P022,Active Mat 22,true,false,false,10,,,
V009580,C00347,2025-11-19,organic_search,P016,Modern Serum 16,false,false,false,53,,,
V009581,C00749,2025-10-21,email,P017,Daily Lamp 17,true,false,false,5,,,
V009582,C00977,2025-01-18,social,P011,Urban Bottle 11,true,false,false,78,,,
V009583,C00657,2025-03-05,direct,P002,Pure Band 02,true,false,false,61,,,
V009584,C00959,2025-12-29,organic_search,P001,Daily Lamp 01,false,false,false,80,,,
V009585,C00368,2025-02-13,paid_search,P028,Essential Bag 28,true,false,false,43,WEEKEND15,,
V009586,C00939,2025-06-16,referral,P003,Urban Bottle 03,true,false,false,42,,,
V009587,C00321,2025-05-14,email,P029,Bright Organizer 29,true,false,false,169,,,
V009588,C00940,2025-11-15,direct,P013,Bright Organizer 13,true,false,false,39,,,
V009589,C00550,2025-07-13,paid_search,P016,Modern Serum 16,true,false,false,24,,,
V009590,C00925,2025-06-27,referral,P022,Active Mat 22,true,false,false,133,,,
V009591,C00499,2025-07-04,email,P028,Essential Bag 28,true,false,false,33,,,
V009592,C00284,2025-02-28,paid_search,P021,Bright Organizer 21,true,false,false,37,,,
V009593,C00952,2025-08-18,social,P027,Urban Bottle 27,true,false,false,38,,,
V009594,C00800,2025-12-23,email,P020,Essential Bag 20,true,true,false,72,WEEKEND15,,
V009595,C00333,2025-12-15,organic_search,P010,Pure Band 10,true,true,false,76,,,
V009596,C00247,2025-05-10,social,P009,Daily Lamp 09,true,true,false,53,,,
V009597,C00700,2025-10-26,paid_search,P027,Urban Bottle 27,true,false,false,67,,,
V009598,C00042,2025-05-05,organic_search,P020,Essential Bag 20,true,false,false,34,,,
V009599,C00165,2025-08-08,organic_search,P006,Active Mat 06,true,false,false,117,,,
V009600,C00577,2025-07-25,organic_search,P024,Modern Serum 24,true,true,false,34,,,
V009601,C00528,2025-11-02,direct,P010,Pure Band 10,true,false,false,82,,,
V009602,C00901,2025-03-05,direct,P009,Daily Lamp 09,true,true,true,218,,T001188,
V009603,C00224,2025-08-10,organic_search,P014,Active Mat 14,true,false,true,25,WEEKEND15,T004202,
V009604,C00210,2025-07-26,social,P001,Daily Lamp 01,false,false,false,46,WEEKEND15,,
V009605,C00665,2025-04-02,paid_search,P029,Bright Organizer 29,true,false,false,30,,,
V009606,C00237,2025-10-04,email,P008,Modern Serum 08,true,false,true,47,,T005129,
V009607,C00915,2025-09-14,paid_search,P016,Modern Serum 16,false,false,false,29,WELCOME5,,
V009608,C00741,2025-11-16,email,P020,Essential Bag 20,true,false,false,355,,,
V009609,C00105,2025-12-17,organic_search,P004,Essential Bag 04,true,false,false,51,,,
V009610,C00826,2025-04-02,email,P001,Daily Lamp 01,true,false,false,42,WEEKEND15,,
V009611,C00929,2025-11-20,organic_search,P012,Essential Bag 12,true,true,false,117,,,
V009612,C00572,2025-07-23,direct,P013,Bright Organizer 13,true,false,false,115,WELCOME5,,
V009613,C00348,2025-04-02,paid_search,P011,Urban Bottle 11,true,false,false,50,,,
V009614,C00892,2025-11-05,direct,P023,Calm Cream 23,true,false,false,23,,,
V009615,C00750,2025-03-22,social,P025,Daily Lamp 25,true,false,false,57,WELCOME5,,
V009616,C00189,2025-03-31,social,P030,Active Mat 30,true,false,false,389,,,
V009617,C00183,2025-03-23,organic_search,P007,Calm Cream 07,true,false,false,168,WEEKEND15,,
V009618,C00784,2025-05-24,organic_search,P007,Calm Cream 07,true,false,false,10,,,
V009619,C00155,2025-11-03,direct,P016,Modern Serum 16,true,false,false,40,,,
V009620,C00870,2025-09-09,organic_search,P010,Pure Band 10,true,false,false,321,,,
V009621,C00559,2025-12-12,direct,P005,Bright Organizer 05,true,true,false,28,WEEKEND15,,
V009622,C00316,2025-04-03,email,P024,Modern Serum 24,true,true,false,47,,,
V009623,C00798,2025-11-25,organic_search,P002,Pure Band 02,true,true,false,41,,,
V009624,C00948,2025-12-18,organic_search,P028,Essential Bag 28,true,false,false,19,,,
V009625,C00213,2025-01-01,social,P011,Urban Bottle 11,true,false,false,5,,,
V009626,C00501,2025-04-19,organic_search,P017,Daily Lamp 17,true,false,false,94,,,
V009627,C00799,2025-09-01,email,P022,Active Mat 22,true,false,true,50,,T004564,
V009628,C00368,2025-11-22,organic_search,P015,Calm Cream 15,true,false,false,80,,,
V009629,C00601,2025-03-25,organic_search,P005,Bright Organizer 05,true,true,true,103,,T001596,
V009630,C00097,2025-02-06,paid_search,P028,Essential Bag 28,true,true,false,98,,,
V009631,C00386,2025-07-16,paid_search,P014,Active Mat 14,true,false,false,153,,,
V009632,C00947,2025-05-14,organic_search,P013,Bright Organizer 13,true,false,false,19,,,
V009633,C00937,2025-11-13,direct,P006,Active Mat 06,true,true,false,68,,,
V009634,C00278,2025-05-02,organic_search,P013,Bright Organizer 13,true,false,false,26,WEEKEND15,,
V009635,C00516,2025-03-09,direct,P022,Active Mat 22,true,false,false,92,,,
V009636,C00014,2025-02-12,organic_search,P006,Active Mat 06,true,false,false,54,,,
V009637,C00612,2025-10-07,referral,P028,Essential Bag 28,true,false,false,24,,,
V009638,C00931,2025-06-05,social,P016,Modern Serum 16,true,true,false,66,,,
V009639,C00793,2025-07-14,social,P006,Active Mat 06,true,false,false,27,,,
V009640,C00284,2025-08-06,email,P026,Pure Band 26,true,false,false,20,,,
V009641,C00174,2025-05-17,social,P014,Active Mat 14,true,false,false,32,,,
V009642,C00667,2025-04-06,paid_search,P016,Modern Serum 16,true,false,false,201,,,
V009643,C00388,2025-01-15,referral,P002,Pure Band 02,true,true,false,176,,,
V009644,C00379,2025-12-01,social,P007,Calm Cream 07,true,false,false,16,WELCOME5,,
V009645,C00691,2025-01-26,organic_search,P005,Bright Organizer 05,true,false,false,21,LOYALTY10,,
V009646,C00651,2025-06-01,organic_search,P013,Bright Organizer 13,true,false,false,90,,,
V009647,C00878,2025-08-26,organic_search,P015,Calm Cream 15,true,true,false,28,,,
V009648,C00653,2025-10-27,social,P004,Essential Bag 04,false,false,false,117,WEEKEND15,,
V009649,C00831,2025-04-07,social,P023,Calm Cream 23,true,false,false,64,,,
V009650,C00767,2025-02-21,paid_search,P006,Active Mat 06,true,false,false,5,WELCOME5,,
V009651,C00967,2025-06-29,direct,P007,Calm Cream 07,true,true,false,42,WEEKEND15,,
V009652,C00690,2025-03-06,organic_search,P009,Daily Lamp 09,true,true,false,55,,,
V009653,C00463,2025-02-01,social,P010,Pure Band 10,true,true,false,48,,,
V009654,C00083,2025-05-20,paid_search,P020,Essential Bag 20,true,false,false,52,,,
V009655,C00386,2025-09-08,paid_search,P025,Daily Lamp 25,true,false,false,16,WELCOME5,,
V009656,C00944,2025-04-09,referral,P019,Urban Bottle 19,true,false,false,40,,,
V009657,C00291,2025-05-15,social,P010,Pure Band 10,true,false,false,55,,,
V009658,C00321,2025-01-13,email,P005,Bright Organizer 05,true,true,true,121,,T000235,
V009659,C00160,2025-12-24,paid_search,P030,Active Mat 30,false,false,false,16,,,
V009660,C00888,2025-05-11,organic_search,P024,Modern Serum 24,true,false,true,16,,T002485,
V009661,C00906,2025-07-16,social,P018,Pure Band 18,true,false,false,32,,,
V009662,C00754,2025-02-06,email,P007,Calm Cream 07,true,true,false,257,LOYALTY10,,
V009663,C00952,2025-12-05,organic_search,P028,Essential Bag 28,true,false,false,67,WELCOME5,,
V009664,C00795,2025-12-05,organic_search,P029,Bright Organizer 29,true,false,false,32,,,
V009665,C00639,2025-03-14,organic_search,P009,Daily Lamp 09,true,false,false,27,,,
V009666,C00117,2025-04-11,email,P006,Active Mat 06,true,true,false,30,,,
V009667,C00705,2025-04-23,organic_search,P014,Active Mat 14,true,false,false,25,,,
V009668,C00735,2025-09-23,organic_search,P009,Daily Lamp 09,true,true,false,109,,,
V009669,C00924,2025-02-12,direct,P027,Urban Bottle 27,true,true,false,22,LOYALTY10,,
V009670,C00230,2025-04-24,email,P017,Daily Lamp 17,true,false,false,20,,,
V009671,C00674,2025-02-14,social,P021,Bright Organizer 21,true,false,false,58,,,
V009672,C00610,2025-01-22,organic_search,P026,Pure Band 26,true,false,true,24,,T000416,
V009673,C00154,2025-11-04,organic_search,P011,Urban Bottle 11,true,false,false,92,,,
V009674,C00397,2025-01-23,direct,P002,Pure Band 02,true,false,false,38,,,
V009675,C00345,2025-05-30,organic_search,P008,Modern Serum 08,true,false,true,56,,T002856,
V009676,C00128,2025-04-23,email,P029,Bright Organizer 29,true,false,false,26,,,
V009677,C00027,2025-01-25,organic_search,P030,Active Mat 30,true,false,false,26,,,
V009678,C00859,2025-09-07,referral,P005,Bright Organizer 05,true,false,false,45,,,
V009679,C00598,2025-12-02,social,P009,Daily Lamp 09,true,false,true,103,,T006105,
V009680,C00620,2025-03-25,direct,P012,Essential Bag 12,true,false,false,25,,,
V009681,C00290,2025-10-04,paid_search,P004,Essential Bag 04,true,false,false,147,,,
V009682,C00490,2025-11-17,paid_search,P019,Urban Bottle 19,true,false,false,44,WELCOME5,,
V009683,C00426,2025-01-19,organic_search,P025,Daily Lamp 25,true,false,true,28,,T000360,
V009684,C00477,2025-12-15,direct,P026,Pure Band 26,true,false,false,106,,,
V009685,C00606,2025-01-05,paid_search,P025,Daily Lamp 25,true,false,false,116,,,
V009686,C00095,2025-02-12,paid_search,P001,Daily Lamp 01,true,false,false,162,,,
V009687,C00848,2025-09-20,email,P014,Active Mat 14,false,false,false,44,,,
V009688,C00789,2025-10-27,email,P016,Modern Serum 16,false,false,false,36,WELCOME5,,
V009689,C00448,2025-09-08,social,P003,Urban Bottle 03,true,true,false,45,WELCOME5,,
V009690,C00597,2025-03-01,paid_search,P015,Calm Cream 15,true,false,false,42,,,
V009691,C00593,2025-04-09,organic_search,P008,Modern Serum 08,true,false,false,123,,,
V009692,C00974,2025-01-03,email,P010,Pure Band 10,true,false,false,184,WEEKEND15,,
V009693,C00989,2025-07-04,email,P011,Urban Bottle 11,true,false,false,204,,,
V009694,C00974,2025-02-18,organic_search,P016,Modern Serum 16,true,false,false,14,,,
V009695,C00309,2025-04-09,direct,P030,Active Mat 30,true,false,false,26,,,
V009696,C00836,2025-02-03,social,P021,Bright Organizer 21,true,false,false,41,,,
V009697,C00997,2025-06-19,direct,P007,Calm Cream 07,true,true,false,71,WELCOME5,,
V009698,C00669,2025-12-01,organic_search,P014,Active Mat 14,true,false,false,19,,,
V009699,C00191,2025-01-02,paid_search,P001,Daily Lamp 01,true,false,false,83,,,
V009700,C00619,2025-09-29,email,P013,Bright Organizer 13,true,false,false,75,,,
V009701,C00150,2025-09-25,referral,P024,Modern Serum 24,true,false,false,32,,,
V009702,C00922,2025-08-22,email,P007,Calm Cream 07,true,true,true,318,,T004426,
V009703,C00663,2025-12-15,email,P021,Bright Organizer 21,true,false,false,14,,,
V009704,C00600,2025-01-08,social,P029,Bright Organizer 29,true,true,false,30,,,
V009705,C00773,2025-09-30,paid_search,P003,Urban Bottle 03,true,false,false,188,,,
V009706,C00103,2025-06-10,email,P017,Daily Lamp 17,true,false,false,161,,,
V009707,C00614,2025-11-05,organic_search,P021,Bright Organizer 21,true,false,false,53,,,
V009708,C00258,2025-09-16,social,P026,Pure Band 26,true,false,false,29,,,
V009709,C00749,2025-03-06,organic_search,P008,Modern Serum 08,true,false,false,37,,,
V009710,C00563,2025-02-12,direct,P024,Modern Serum 24,true,false,false,65,,,
V009711,C00874,2025-07-07,direct,P001,Daily Lamp 01,true,false,false,5,,,
V009712,C00186,2025-12-24,paid_search,P005,Bright Organizer 05,false,false,false,23,,,
V009713,C00798,2025-01-20,social,P016,Modern Serum 16,true,false,false,26,WELCOME5,,
V009714,C00139,2025-01-21,direct,P005,Bright Organizer 05,true,false,false,9,,,
V009715,C00431,2025-11-27,organic_search,P017,Daily Lamp 17,true,false,false,12,,,
V009716,C00538,2025-10-04,organic_search,P010,Pure Band 10,true,false,false,26,,,
V009717,C00659,2025-03-12,paid_search,P030,Active Mat 30,true,false,false,9,,,
V009718,C00533,2025-01-11,paid_search,P010,Pure Band 10,true,true,false,121,,,
V009719,C00986,2025-09-18,email,P023,Calm Cream 23,true,true,false,236,,,
V009720,C00037,2025-08-01,paid_search,P018,Pure Band 18,true,false,false,30,,,
V009721,C00912,2025-02-27,social,P008,Modern Serum 08,true,false,false,26,,,
V009722,C00399,2025-06-04,paid_search,P014,Active Mat 14,true,false,false,44,,,
V009723,C00064,2025-06-12,email,P014,Active Mat 14,true,false,false,173,,,
V009724,C00926,2025-10-14,organic_search,P009,Daily Lamp 09,true,false,false,66,,,
V009725,C00046,2025-12-01,email,P010,Pure Band 10,true,true,false,71,,,
V009726,C00349,2025-09-05,email,P015,Calm Cream 15,true,true,true,119,,T004638,
V009727,C00810,2025-06-26,organic_search,P020,Essential Bag 20,true,false,false,17,,,
V009728,C00836,2025-05-11,organic_search,P002,Pure Band 02,true,true,false,152,,,
V009729,C00016,2025-08-05,paid_search,P017,Daily Lamp 17,true,true,true,97,,T004083,
V009730,C00369,2025-08-22,referral,P028,Essential Bag 28,true,false,false,35,,,
V009731,C00282,2025-03-06,referral,P006,Active Mat 06,true,true,false,212,,,
V009732,C00885,2025-05-30,social,P010,Pure Band 10,true,false,false,32,LOYALTY10,,
V009733,C00951,2025-02-08,email,P024,Modern Serum 24,true,true,false,76,,,
V009734,C00818,2025-06-16,email,P003,Urban Bottle 03,true,false,false,40,,,
V009735,C00474,2025-11-01,organic_search,P019,Urban Bottle 19,true,true,false,270,,,
V009736,C00726,2025-05-25,social,P023,Calm Cream 23,true,false,false,64,,,
V009737,C00535,2025-08-12,direct,P002,Pure Band 02,true,true,true,256,LOYALTY10,T004234,
V009738,C00981,2025-05-16,social,P009,Daily Lamp 09,true,true,false,132,,,
V009739,C00702,2025-09-10,organic_search,P005,Bright Organizer 05,true,false,false,41,,,
V009740,C00610,2025-12-11,social,P006,Active Mat 06,true,false,false,92,,,
V009741,C00900,2025-06-14,social,P012,Essential Bag 12,true,false,false,95,LOYALTY10,,
V009742,C00028,2025-05-23,social,P027,Urban Bottle 27,true,false,false,73,,,
V009743,C00318,2025-07-13,direct,P002,Pure Band 02,true,false,false,116,,,
V009744,C00281,2025-07-08,paid_search,P020,Essential Bag 20,true,false,false,91,,,
V009745,C00987,2025-03-09,social,P019,Urban Bottle 19,true,false,false,15,,,
V009746,C00683,2025-04-18,paid_search,P008,Modern Serum 08,true,false,false,79,,,
V009747,C00445,2025-08-07,organic_search,P010,Pure Band 10,true,false,false,79,,,
V009748,C00930,2025-03-18,social,P005,Bright Organizer 05,true,false,false,33,,,
V009749,C00222,2025-11-20,email,P013,Bright Organizer 13,true,false,false,80,,,
V009750,C00540,2025-11-13,social,P027,Urban Bottle 27,true,true,false,143,,,
V009751,C00630,2025-05-05,paid_search,P028,Essential Bag 28,true,false,false,29,,,
V009752,C00571,2025-06-15,referral,P014,Active Mat 14,true,false,false,27,,,
V009753,C00291,2025-09-06,direct,P013,Bright Organizer 13,true,false,false,6,,,
V009754,C00517,2025-08-09,referral,P011,Urban Bottle 11,true,false,false,12,,,
V009755,C00126,2025-01-30,paid_search,P008,Modern Serum 08,true,false,false,31,WELCOME5,,
V009756,C00796,2025-05-10,referral,P012,Essential Bag 12,true,true,true,86,,T002466,
V009757,C00322,2025-05-06,organic_search,P004,Essential Bag 04,true,false,false,45,,,
V009758,C00838,2025-05-10,social,P004,Essential Bag 04,true,false,false,30,,,
V009759,C00944,2025-05-30,direct,P016,Modern Serum 16,true,false,false,31,,,
V009760,C00243,2025-01-11,organic_search,P013,Bright Organizer 13,true,false,false,41,,,
V009761,C00593,2025-06-30,social,P016,Modern Serum 16,true,false,false,92,,,
V009762,C00635,2025-04-11,paid_search,P020,Essential Bag 20,true,true,false,92,LOYALTY10,,
V009763,C00215,2025-01-21,social,P012,Essential Bag 12,true,false,false,16,,,
V009764,C00667,2025-10-29,organic_search,P010,Pure Band 10,true,false,false,113,,,
V009765,C00501,2025-09-23,direct,P007,Calm Cream 07,true,false,false,50,,,
V009766,C00601,2025-08-31,organic_search,P014,Active Mat 14,false,false,false,133,,,
V009767,C00292,2025-10-31,email,P001,Daily Lamp 01,false,false,false,58,,,
V009768,C00724,2025-06-11,paid_search,P025,Daily Lamp 25,true,false,false,50,,,
V009769,C00533,2025-12-04,organic_search,P003,Urban Bottle 03,true,false,false,37,WELCOME5,,
V009770,C00027,2025-06-12,email,P010,Pure Band 10,true,false,false,858,,,
V009771,C00176,2025-01-06,paid_search,P005,Bright Organizer 05,true,false,false,108,,,
V009772,C00667,2025-07-14,organic_search,P019,Urban Bottle 19,true,false,false,32,,,
V009773,C00928,2025-07-22,social,P025,Daily Lamp 25,true,true,false,62,LOYALTY10,,
V009774,C00226,2025-04-13,organic_search,P027,Urban Bottle 27,true,false,false,8,,,
V009775,C00640,2025-08-17,direct,P016,Modern Serum 16,true,false,false,181,,,
V009776,C00847,2025-10-12,email,P030,Active Mat 30,true,true,true,50,,T005298,
V009777,C00694,2025-09-10,organic_search,P006,Active Mat 06,true,false,false,68,,,
V009778,C00799,2025-01-23,email,P002,Pure Band 02,true,false,false,74,WEEKEND15,,
V009779,C00247,2025-09-10,social,P021,Bright Organizer 21,true,false,false,43,WELCOME5,,
V009780,C00057,2025-09-30,referral,P005,Bright Organizer 05,false,false,false,49,,,
V009781,C00571,2025-05-22,email,P014,Active Mat 14,true,true,false,139,,,
V009782,C00782,2025-07-11,direct,P008,Modern Serum 08,true,false,false,21,,,
V009783,C00321,2025-11-09,email,P015,Calm Cream 15,true,false,false,225,LOYALTY10,,
V009784,C00573,2025-08-16,organic_search,P028,Essential Bag 28,true,false,false,68,,,
V009785,C00670,2025-07-28,referral,P005,Bright Organizer 05,false,false,false,159,,,
V009786,C00121,2025-10-29,organic_search,P013,Bright Organizer 13,true,false,false,99,,,
V009787,C00684,2025-02-28,paid_search,P030,Active Mat 30,true,true,false,216,,,
V009788,C00818,2025-03-19,direct,P024,Modern Serum 24,true,false,true,51,,T001467,
V009789,C00839,2025-12-22,email,P026,Pure Band 26,true,false,false,49,,,
V009790,C00072,2025-01-29,email,P028,Essential Bag 28,true,false,false,26,,,
V009791,C00105,2025-08-28,social,P030,Active Mat 30,true,false,false,45,WEEKEND15,,
V009792,C00848,2025-12-02,paid_search,P029,Bright Organizer 29,true,false,false,71,,,
V009793,C00919,2025-05-09,paid_search,P027,Urban Bottle 27,true,false,false,32,,,
V009794,C00195,2025-03-17,referral,P029,Bright Organizer 29,true,true,true,167,,T001410,
V009795,C00463,2025-08-20,paid_search,P001,Daily Lamp 01,false,false,false,55,WEEKEND15,,
V009796,C00680,2025-11-03,email,P017,Daily Lamp 17,true,false,false,68,,,
V009797,C00217,2025-04-07,paid_search,P016,Modern Serum 16,true,false,false,28,WELCOME5,,
V009798,C00538,2025-01-25,social,P023,Calm Cream 23,true,false,false,31,,,
V009799,C00490,2025-04-17,direct,P013,Bright Organizer 13,true,true,false,318,,,
V009800,C00967,2025-09-16,paid_search,P026,Pure Band 26,true,false,true,180,,T004857,
V009801,C00895,2025-11-19,social,P030,Active Mat 30,true,true,false,97,,,
V009802,C00706,2025-09-23,email,P026,Pure Band 26,true,false,false,9,,,
V009803,C00231,2025-03-30,paid_search,P029,Bright Organizer 29,true,true,false,160,,,
V009804,C00526,2025-12-02,paid_search,P025,Daily Lamp 25,true,true,false,53,LOYALTY10,,
V009805,C00685,2025-09-02,social,P001,Daily Lamp 01,true,false,false,22,,,
V009806,C00887,2025-07-29,direct,P016,Modern Serum 16,false,false,false,118,WELCOME5,,
V009807,C00898,2025-07-30,paid_search,P005,Bright Organizer 05,false,false,false,47,,,
V009808,C00618,2025-05-04,organic_search,P028,Essential Bag 28,true,false,false,25,,,
V009809,C00369,2025-03-16,paid_search,P007,Calm Cream 07,true,false,false,173,,,
V009810,C00135,2025-10-12,direct,P003,Urban Bottle 03,true,false,false,32,,,
V009811,C00136,2025-01-03,email,P020,Essential Bag 20,true,false,false,146,,,
V009812,C00508,2025-10-30,organic_search,P020,Essential Bag 20,true,false,false,76,,,
V009813,C00730,2025-07-07,direct,P027,Urban Bottle 27,true,false,false,28,WEEKEND15,,
V009814,C00798,2025-11-02,social,P014,Active Mat 14,true,true,false,21,LOYALTY10,,
V009815,C00448,2025-03-14,organic_search,P010,Pure Band 10,true,true,false,75,,,
V009816,C00823,2025-02-15,organic_search,P016,Modern Serum 16,true,false,false,65,,,
V009817,C00661,2025-02-23,social,P014,Active Mat 14,true,false,false,44,,,
V009818,C00826,2025-02-03,paid_search,P017,Daily Lamp 17,true,true,false,67,,,
V009819,C00684,2025-04-17,social,P012,Essential Bag 12,true,false,false,33,,,
V009820,C00193,2025-10-07,organic_search,P016,Modern Serum 16,true,true,false,180,WEEKEND15,,
V009821,C00380,2025-03-14,email,P008,Modern Serum 08,true,true,true,91,,T001361,
V009822,C00659,2025-10-20,paid_search,P002,Pure Band 02,true,false,false,48,LOYALTY10,,
V009823,C00750,2025-05-15,direct,P026,Pure Band 26,true,false,false,10,,,
V009824,C00788,2025-04-23,social,P020,Essential Bag 20,true,false,false,51,LOYALTY10,,
V009825,C00642,2025-12-16,paid_search,P012,Essential Bag 12,true,false,false,34,WEEKEND15,,
V009826,C00536,2025-05-21,direct,P020,Essential Bag 20,true,true,false,162,,,
V009827,C00122,2025-09-06,social,P026,Pure Band 26,true,false,false,27,,,
V009828,C00985,2025-01-06,direct,P020,Essential Bag 20,true,false,false,64,,,
V009829,C00031,2025-09-20,organic_search,P014,Active Mat 14,false,false,false,31,,,
V009830,C00589,2025-06-02,email,P019,Urban Bottle 19,true,false,false,20,WELCOME5,,
V009831,C00731,2025-10-12,organic_search,P013,Bright Organizer 13,true,false,false,87,,,
V009832,C00293,2025-02-03,email,P009,Daily Lamp 09,true,false,false,9,WEEKEND15,,
V009833,C00158,2025-09-03,social,P025,Daily Lamp 25,true,false,false,10,,,
V009834,C00440,2025-07-26,organic_search,P023,Calm Cream 23,false,false,false,130,,,
V009835,C00699,2025-10-03,paid_search,P020,Essential Bag 20,true,false,false,67,,,
V009836,C00366,2025-11-07,email,P003,Urban Bottle 03,true,true,false,74,,,
V009837,C00266,2025-05-25,email,P029,Bright Organizer 29,true,false,false,489,,,
V009838,C00420,2025-04-28,organic_search,P016,Modern Serum 16,true,false,false,105,,,
V009839,C00680,2025-10-20,direct,P006,Active Mat 06,false,false,false,321,,,
V009840,C00323,2025-03-27,organic_search,P027,Urban Bottle 27,true,false,false,14,,,
V009841,C00059,2025-05-11,paid_search,P017,Daily Lamp 17,true,false,false,80,,,
V009842,C00410,2025-03-08,paid_search,P008,Modern Serum 08,true,true,false,126,WEEKEND15,,
V009843,C00549,2025-09-06,social,P024,Modern Serum 24,true,false,false,42,,,
V009844,C00430,2025-05-15,organic_search,P006,Active Mat 06,true,false,false,14,,,
V009845,C00468,2025-10-08,social,P009,Daily Lamp 09,true,false,false,46,,,
V009846,C00945,2025-04-09,social,P012,Essential Bag 12,true,false,false,82,,,
V009847,C00245,2025-11-07,direct,P019,Urban Bottle 19,true,true,false,72,,,
V009848,C00336,2025-05-13,organic_search,P017,Daily Lamp 17,true,false,false,26,,,
V009849,C00605,2025-04-17,email,P009,Daily Lamp 09,true,false,false,73,,,
V009850,C00468,2025-09-17,referral,P026,Pure Band 26,true,false,true,227,,T004873,
V009851,C00620,2025-06-09,organic_search,P001,Daily Lamp 01,true,true,true,274,,T003045,
V009852,C00396,2025-03-04,organic_search,P010,Pure Band 10,true,true,false,118,,,
V009853,C00589,2025-09-08,email,P015,Calm Cream 15,true,false,false,32,,,
V009854,C00499,2025-09-13,email,P015,Calm Cream 15,true,true,false,151,WEEKEND15,,
V009855,C00838,2025-06-29,direct,P019,Urban Bottle 19,true,false,false,10,,,
V009856,C00504,2025-05-23,social,P026,Pure Band 26,true,false,false,222,,,
V009857,C00705,2025-03-23,organic_search,P021,Bright Organizer 21,true,false,false,152,,,
V009858,C00260,2025-08-26,organic_search,P025,Daily Lamp 25,true,true,false,21,,,
V009859,C00055,2025-10-16,organic_search,P008,Modern Serum 08,true,false,false,26,,,
V009860,C00775,2025-03-14,email,P006,Active Mat 06,true,true,false,46,,,
V009861,C00741,2025-01-29,organic_search,P005,Bright Organizer 05,true,false,false,19,,,
V009862,C00037,2025-03-03,organic_search,P026,Pure Band 26,true,false,false,28,,,
V009863,C00649,2025-01-16,direct,P013,Bright Organizer 13,true,false,false,39,WELCOME5,,
V009864,C00806,2025-02-13,direct,P016,Modern Serum 16,true,true,false,46,,,
V009865,C00819,2025-12-05,social,P024,Modern Serum 24,true,false,false,56,,,
V009866,C00383,2025-11-04,paid_search,P026,Pure Band 26,true,false,false,54,WEEKEND15,,
V009867,C00743,2025-01-31,direct,P023,Calm Cream 23,true,false,false,37,,,
V009868,C00854,2025-11-18,paid_search,P027,Urban Bottle 27,true,false,false,15,,,
V009869,C00152,2025-03-10,email,P016,Modern Serum 16,true,false,false,24,LOYALTY10,,
V009870,C00006,2025-06-29,direct,P018,Pure Band 18,true,false,false,77,,,
V009871,C00354,2025-06-14,email,P020,Essential Bag 20,true,false,false,36,,,
V009872,C00381,2025-04-03,social,P025,Daily Lamp 25,true,false,false,68,,,
V009873,C00899,2025-02-18,organic_search,P003,Urban Bottle 03,true,true,false,268,,,
V009874,C00320,2025-02-12,direct,P028,Essential Bag 28,true,false,false,28,,,
V009875,C00309,2025-02-15,organic_search,P016,Modern Serum 16,true,false,false,34,,,
V009876,C00971,2025-08-07,organic_search,P018,Pure Band 18,true,false,false,58,,,
V009877,C00832,2025-05-01,paid_search,P003,Urban Bottle 03,true,true,false,151,,,
V009878,C00069,2025-03-26,social,P020,Essential Bag 20,true,false,false,140,,,
V009879,C00402,2025-01-18,direct,P014,Active Mat 14,true,false,false,60,,,
V009880,C00053,2025-11-13,paid_search,P008,Modern Serum 08,true,false,true,88,LOYALTY10,T005845,
V009881,C00368,2025-09-19,direct,P011,Urban Bottle 11,true,false,false,94,,,
V009882,C00345,2025-08-08,paid_search,P016,Modern Serum 16,true,false,false,83,,,
V009883,C00694,2025-05-20,organic_search,P003,Urban Bottle 03,true,false,false,61,,,
V009884,C00122,2025-06-05,social,P021,Bright Organizer 21,true,false,false,33,,,
V009885,C00577,2025-03-26,direct,P007,Calm Cream 07,true,false,false,226,,,
V009886,C00001,2025-07-24,direct,P011,Urban Bottle 11,true,false,false,17,,,
V009887,C00400,2025-12-23,social,P023,Calm Cream 23,true,false,true,109,,T006465,
V009888,C00897,2025-10-01,social,P001,Daily Lamp 01,true,true,false,141,,,
V009889,C00622,2025-06-14,direct,P013,Bright Organizer 13,true,false,false,31,WEEKEND15,,
V009890,C00488,2025-06-20,paid_search,P027,Urban Bottle 27,true,false,false,37,,,
V009891,C00965,2025-11-26,organic_search,P004,Essential Bag 04,false,false,false,45,,,
V009892,C00354,2025-12-14,organic_search,P018,Pure Band 18,true,true,false,161,,,
V009893,C00245,2025-02-07,direct,P006,Active Mat 06,true,false,false,109,,,
V009894,C00746,2025-12-21,social,P011,Urban Bottle 11,true,false,false,7,,,
V009895,C00585,2025-04-21,paid_search,P002,Pure Band 02,true,false,false,34,,,
V009896,C00060,2025-02-13,social,P016,Modern Serum 16,true,false,false,43,,,
V009897,C00290,2025-12-26,paid_search,P002,Pure Band 02,true,false,false,99,,,
V009898,C00589,2025-02-21,email,P025,Daily Lamp 25,true,false,false,119,LOYALTY10,,
V009899,C00455,2025-02-19,social,P023,Calm Cream 23,true,false,false,21,,,
V009900,C00946,2025-10-16,organic_search,P006,Active Mat 06,true,false,false,18,LOYALTY10,,
V009901,C00594,2025-12-10,organic_search,P010,Pure Band 10,true,false,false,19,,,
V009902,C00597,2025-03-26,paid_search,P030,Active Mat 30,true,false,false,47,,,
V009903,C00276,2025-08-11,paid_search,P016,Modern Serum 16,true,true,true,157,WELCOME5,T004208,
V009904,C00557,2025-06-06,social,P013,Bright Organizer 13,true,false,false,94,WELCOME5,,
V009905,C00404,2025-02-09,organic_search,P010,Pure Band 10,true,true,true,157,WELCOME5,T000755,
V009906,C00990,2025-02-01,organic_search,P020,Essential Bag 20,true,false,false,20,,,
V009907,C00501,2025-07-05,direct,P010,Pure Band 10,true,true,false,37,,,
V009908,C00459,2025-11-23,social,P017,Daily Lamp 17,true,false,false,32,,,
V009909,C00819,2025-09-27,email,P026,Pure Band 26,true,false,false,66,,,
V009910,C00096,2025-08-29,organic_search,P012,Essential Bag 12,false,false,false,49,,,
V009911,C00843,2025-02-18,organic_search,P030,Active Mat 30,true,true,false,118,LOYALTY10,,
V009912,C00093,2025-01-18,paid_search,P013,Bright Organizer 13,true,true,false,183,,,
V009913,C00842,2025-05-11,paid_search,P002,Pure Band 02,true,false,false,15,WELCOME5,,
V009914,C00879,2025-09-14,paid_search,P026,Pure Band 26,true,false,false,16,WELCOME5,,
V009915,C00494,2025-07-30,social,P029,Bright Organizer 29,true,false,false,11,,,
V009916,C00638,2025-12-15,paid_search,P009,Daily Lamp 09,true,false,false,95,,,
V009917,C00088,2025-07-12,direct,P014,Active Mat 14,true,false,false,32,,,
V009918,C00477,2025-12-09,referral,P018,Pure Band 18,true,false,false,31,WEEKEND15,,
V009919,C00114,2025-10-13,organic_search,P004,Essential Bag 04,true,true,false,170,,,
V009920,C00467,2025-08-05,email,P014,Active Mat 14,true,false,false,391,LOYALTY10,,
V009921,C00790,2025-05-11,social,P017,Daily Lamp 17,true,false,false,83,,,
V009922,C00551,2025-06-21,social,P016,Modern Serum 16,true,false,true,124,WEEKEND15,T003259,
V009923,C00891,2025-01-06,email,P016,Modern Serum 16,true,true,false,78,,,
V009924,C00686,2025-12-25,social,P025,Daily Lamp 25,true,false,false,48,,,
V009925,C00262,2025-08-18,referral,P012,Essential Bag 12,false,false,false,19,,,
V009926,C00845,2025-06-23,referral,P019,Urban Bottle 19,true,true,false,95,,,
V009927,C00196,2025-03-20,organic_search,P007,Calm Cream 07,true,false,false,77,,,
V009928,C00348,2025-06-24,paid_search,P021,Bright Organizer 21,true,false,false,71,,,
V009929,C00787,2025-04-22,social,P017,Daily Lamp 17,true,false,false,38,,,
V009930,C00930,2025-07-03,direct,P025,Daily Lamp 25,true,false,false,63,LOYALTY10,,
V009931,C00465,2025-12-07,direct,P014,Active Mat 14,true,false,false,87,,,
V009932,C00315,2025-08-17,paid_search,P001,Daily Lamp 01,false,false,false,56,,,
V009933,C00411,2025-10-08,organic_search,P022,Active Mat 22,true,false,false,44,,,
V009934,C00733,2025-10-07,paid_search,P004,Essential Bag 04,true,false,false,76,,,
V009935,C00756,2025-01-29,email,P024,Modern Serum 24,true,true,false,75,,,
V009936,C00868,2025-03-27,email,P002,Pure Band 02,true,false,false,106,,,
V009937,C00566,2025-07-16,organic_search,P020,Essential Bag 20,true,false,false,97,,,
V009938,C00555,2025-05-21,organic_search,P008,Modern Serum 08,true,false,false,100,LOYALTY10,,
V009939,C00327,2025-05-12,organic_search,P008,Modern Serum 08,true,false,false,43,,,
V009940,C00789,2025-05-28,social,P021,Bright Organizer 21,true,false,false,334,WEEKEND15,,
V009941,C00917,2025-11-04,email,P013,Bright Organizer 13,true,false,false,27,,,
V009942,C00110,2025-03-05,paid_search,P007,Calm Cream 07,true,false,false,82,,,
V009943,C00018,2025-08-25,organic_search,P029,Bright Organizer 29,true,false,false,45,,,
V009944,C00570,2025-11-24,social,P026,Pure Band 26,true,false,false,48,WELCOME5,,
V009945,C00031,2025-06-26,organic_search,P029,Bright Organizer 29,true,false,false,42,,,
V009946,C00169,2025-11-08,organic_search,P027,Urban Bottle 27,true,false,false,94,WEEKEND15,,
V009947,C00455,2025-09-21,organic_search,P030,Active Mat 30,true,true,false,183,LOYALTY10,,
V009948,C00157,2025-03-18,direct,P010,Pure Band 10,true,false,false,103,WELCOME5,,
V009949,C00681,2025-10-02,organic_search,P002,Pure Band 02,true,false,false,17,,,
V009950,C00566,2025-11-06,paid_search,P018,Pure Band 18,true,false,false,167,,,
V009951,C00958,2025-11-26,organic_search,P016,Modern Serum 16,false,false,false,22,,,
V009952,C00345,2025-05-09,organic_search,P006,Active Mat 06,true,false,true,61,,T002450,
V009953,C00394,2025-10-05,email,P004,Essential Bag 04,true,true,true,92,,T005167,
V009954,C00560,2025-11-10,social,P029,Bright Organizer 29,true,false,true,93,,T005771,
V009955,C00006,2025-10-22,organic_search,P012,Essential Bag 12,false,false,false,37,,,
V009956,C00013,2025-09-19,email,P004,Essential Bag 04,false,false,false,66,,,
V009957,C00438,2025-02-28,paid_search,P015,Calm Cream 15,true,false,false,26,,,
V009958,C00888,2025-07-07,paid_search,P014,Active Mat 14,true,true,false,26,WEEKEND15,,
V009959,C00532,2025-11-17,referral,P028,Essential Bag 28,true,false,false,95,WEEKEND15,,
V009960,C00740,2025-11-26,direct,P023,Calm Cream 23,true,true,false,272,,,
V009961,C00801,2025-12-03,social,P015,Calm Cream 15,true,false,false,84,,,
V009962,C00525,2025-04-05,social,P015,Calm Cream 15,true,false,false,94,,,
V009963,C00444,2025-04-29,social,P015,Calm Cream 15,true,true,true,27,,T002287,
V009964,C00232,2025-12-18,referral,P001,Daily Lamp 01,true,false,false,92,,,
V009965,C00763,2025-02-03,email,P004,Essential Bag 04,true,false,false,11,,,
V009966,C00125,2025-09-19,paid_search,P029,Bright Organizer 29,true,true,true,269,,T004897,
V009967,C00325,2025-06-28,social,P024,Modern Serum 24,true,false,false,60,,,
V009968,C00695,2025-02-12,paid_search,P008,Modern Serum 08,true,false,false,44,LOYALTY10,,
V009969,C00760,2025-10-14,paid_search,P008,Modern Serum 08,true,false,false,28,,,
V009970,C00598,2025-03-19,social,P024,Modern Serum 24,true,false,false,28,,,
V009971,C00078,2025-09-24,paid_search,P028,Essential Bag 28,true,false,false,27,,,
V009972,C00410,2025-05-28,organic_search,P020,Essential Bag 20,true,false,false,51,WELCOME5,,
V009973,C00227,2025-07-03,organic_search,P001,Daily Lamp 01,true,false,false,81,,,
V009974,C00818,2025-08-22,direct,P015,Calm Cream 15,true,false,false,12,,,
V009975,C00207,2025-09-11,social,P023,Calm Cream 23,true,false,false,18,,,
V009976,C00947,2025-08-02,organic_search,P027,Urban Bottle 27,true,false,false,35,,,
V009977,C00282,2025-03-07,paid_search,P028,Essential Bag 28,true,false,false,71,,,
V009978,C00720,2025-05-01,organic_search,P023,Calm Cream 23,true,false,false,59,,,
V009979,C00869,2025-06-10,organic_search,P030,Active Mat 30,true,false,false,45,,,
V009980,C00814,2025-06-11,direct,P023,Calm Cream 23,true,false,false,35,,,
V009981,C00583,2025-11-18,direct,P029,Bright Organizer 29,true,false,false,11,,,
V009982,C00355,2025-04-04,paid_search,P007,Calm Cream 07,true,false,false,39,WEEKEND15,,
V009983,C00163,2025-07-03,paid_search,P004,Essential Bag 04,true,false,false,12,,,
V009984,C00371,2025-03-21,social,P022,Active Mat 22,true,false,false,5,,,
V009985,C00684,2025-02-08,email,P024,Modern Serum 24,true,false,false,112,,,
V009986,C00038,2025-11-22,paid_search,P011,Urban Bottle 11,false,false,false,23,,,
V009987,C00963,2025-03-12,email,P029,Bright Organizer 29,true,false,false,8,,,
V009988,C00308,2025-11-12,social,P023,Calm Cream 23,true,true,true,158,,T005827,
V009989,C00597,2025-07-09,organic_search,P020,Essential Bag 20,true,false,false,168,,,
V009990,C00613,2025-06-26,direct,P012,Essential Bag 12,true,false,false,47,,,
V009991,C00487,2025-12-15,paid_search,P027,Urban Bottle 27,true,true,false,95,LOYALTY10,,
V009992,C00429,2025-08-16,organic_search,P007,Calm Cream 07,true,false,false,41,,,
V009993,C00293,2025-07-06,direct,P019,Urban Bottle 19,true,false,false,128,,,
V009994,C00809,2025-03-03,paid_search,P026,Pure Band 26,true,false,false,152,,,
V009995,C00659,2025-07-15,organic_search,P014,Active Mat 14,true,false,true,173,,T003718,
V009996,C00738,2025-11-05,paid_search,P028,Essential Bag 28,true,false,false,25,,,
V009997,C00984,2025-01-09,direct,P008,Modern Serum 08,true,false,false,94,,,
V009998,C00283,2025-08-28,direct,P018,Pure Band 18,true,true,false,76,LOYALTY10,,
V009999,C00956,2025-07-28,paid_search,P001,Daily Lamp 01,false,false,false,19,WELCOME5,,
V010000,C00937,2025-05-16,referral,P015,Calm Cream 15,true,false,false,198,,,
